****************************************
Report : timing
        -path_type full
        -delay_type min
        -max_paths 10000
        -slack_lesser_than 0.0000
        -report_by design
        -nosplit
        -physical
Design : pde_chip_top_safe
Version: W-2024.09
Date   : Mon Aug  3 20:33:30 2026
****************************************

  Startpoint: u_impl/black_shadow_reg_38__3_ (rising edge-triggered flip-flop clocked by core_clk)
  Endpoint: u_impl/u_core/g_row_3__g_col_8__u_pe/u_r_black/q_reg_3_ (rising edge-triggered flip-flop clocked by core_clk)
  Mode: FUNC
  Corner: BC
  Scenario: FUNC_BC
  Path Group: core_clk
  Path Type: min

  Point                                                                   Incr        Path           Location
  --------------------------------------------------------------------------------------------------------------------
  clock core_clk (rise edge)                                             0.0000      0.0000
  clock network delay (propagated)                                       0.2460      0.2460

  u_impl/black_shadow_reg_38__3_/CP (DFQD4)                              0.0000      0.2460 r    (400.92,471.71)
  u_impl/black_shadow_reg_38__3_/Q (DFQD4)                               0.1672      0.4132 f    (404.71,471.71)
  u_impl/u_core/g_row_3__g_col_8__u_pe/u_r_black/U8/Z (AO222D0)          0.1414      0.5546 f    (583.05,137.00)
  u_impl/u_core/g_row_3__g_col_8__u_pe/u_r_black/q_reg_3_/D (DFCNQD1)    0.0000      0.5546 f    (582.35,135.22)
  data arrival time                                                                  0.5546

  clock core_clk (rise edge)                                             0.0000      0.0000
  clock network delay (propagated)                                       0.3355      0.3355
  u_impl/u_core/g_row_3__g_col_8__u_pe/u_r_black/q_reg_3_/CP (DFCNQD1)   0.0000      0.3355 r    (581.32,135.10)
  clock uncertainty                                                      0.2000      0.5355
  library hold time                                                      0.0405      0.5760
  data required time                                                                 0.5760
  --------------------------------------------------------------------------------------------------------------------
  data required time                                                                 0.5760
  data arrival time                                                                 -0.5546
  --------------------------------------------------------------------------------------------------------------------
  slack (VIOLATED)                                                                  -0.0214



  Startpoint: u_impl/black_shadow_reg_30__10_ (rising edge-triggered flip-flop clocked by core_clk)
  Endpoint: u_impl/u_core/g_row_3__g_col_0__u_pe/u_r_black/q_reg_10_ (rising edge-triggered flip-flop clocked by core_clk)
  Mode: FUNC
  Corner: BC
  Scenario: FUNC_BC
  Path Group: core_clk
  Path Type: min

  Point                                                                    Incr        Path           Location
  ---------------------------------------------------------------------------------------------------------------------
  clock core_clk (rise edge)                                              0.0000      0.0000
  clock network delay (propagated)                                        0.3126      0.3126

  u_impl/black_shadow_reg_30__10_/CP (DFQD1)                              0.0000      0.3126 r    (527.52,199.89)
  u_impl/black_shadow_reg_30__10_/Q (DFQD1)                               0.1643      0.4769 f    (531.07,199.90)
  u_impl/u_core/g_row_3__g_col_0__u_pe/u_r_black/U16/Z (AO222D0)          0.0780      0.5550 f    (478.15,162.21)
  u_impl/u_core/g_row_3__g_col_0__u_pe/u_r_black/q_reg_10_/D (DFCNQD1)    0.0000      0.5550 f    (477.75,160.43)
  data arrival time                                                                   0.5550

  clock core_clk (rise edge)                                              0.0000      0.0000
  clock network delay (propagated)                                        0.3319      0.3319
  u_impl/u_core/g_row_3__g_col_0__u_pe/u_r_black/q_reg_10_/CP (DFCNQD1)   0.0000      0.3319 r    (476.72,160.30)
  clock uncertainty                                                       0.2000      0.5319
  library hold time                                                       0.0406      0.5724
  data required time                                                                  0.5724
  ---------------------------------------------------------------------------------------------------------------------
  data required time                                                                  0.5724
  data arrival time                                                                  -0.5550
  ---------------------------------------------------------------------------------------------------------------------
  slack (VIOLATED)                                                                   -0.0175



  Startpoint: u_impl/red_shadow_reg_44__15_ (rising edge-triggered flip-flop clocked by core_clk)
  Endpoint: u_impl/red_shadow_reg_44__15_ (rising edge-triggered flip-flop clocked by core_clk)
  Mode: FUNC
  Corner: BC
  Scenario: FUNC_BC
  Path Group: core_clk
  Path Type: min

  Point                                                                    Incr        Path           Location
  ---------------------------------------------------------------------------------------------------------------------
  clock core_clk (rise edge)                                              0.0000      0.0000
  clock network delay (propagated)                                        0.3191      0.3191

  u_impl/red_shadow_reg_44__15_/CP (DFQD1)                                0.0000      0.3191 r    (459.92,190.91)
  u_impl/red_shadow_reg_44__15_/Q (DFQD1)                                 0.1295      0.4486 f    (463.47,190.91)
  u_impl/copt_gre_h_inst_48866/Z (CKBD0)                                  0.0358      0.4844 f    (465.49,194.52)
  u_impl/U15261/ZN (MAOI22D0)                                             0.0531      0.5375 f    (463.60,194.61)
  u_impl/red_shadow_reg_44__15_/D (DFQD1)                                 0.0000      0.5375 f    (460.96,190.89)
  data arrival time                                                                   0.5375

  clock core_clk (rise edge)                                              0.0000      0.0000
  clock network delay (propagated)                                        0.3229      0.3229
  u_impl/red_shadow_reg_44__15_/CP (DFQD1)                                0.0000      0.3229 r    (459.92,190.91)
  clock uncertainty                                                       0.2000      0.5229
  library hold time                                                       0.0319      0.5548
  data required time                                                                  0.5548
  ---------------------------------------------------------------------------------------------------------------------
  data required time                                                                  0.5548
  data arrival time                                                                  -0.5375
  ---------------------------------------------------------------------------------------------------------------------
  slack (VIOLATED)                                                                   -0.0173



  Startpoint: u_impl/black_shadow_reg_23__5_ (rising edge-triggered flip-flop clocked by core_clk)
  Endpoint: u_impl/u_core/g_row_2__g_col_3__u_pe/u_r_black/q_reg_5_ (rising edge-triggered flip-flop clocked by core_clk)
  Mode: FUNC
  Corner: BC
  Scenario: FUNC_BC
  Path Group: core_clk
  Path Type: min

  Point                                                                    Incr        Path           Location
  ---------------------------------------------------------------------------------------------------------------------
  clock core_clk (rise edge)                                              0.0000      0.0000
  clock network delay (propagated)                                        0.2802      0.2802

  u_impl/black_shadow_reg_23__5_/CP (DFQD1)                               0.0000      0.2802 r    (383.92,261.09)
  u_impl/black_shadow_reg_23__5_/Q (DFQD1)                                0.1821      0.4623 f    (387.47,261.10)
  u_impl/u_core/g_row_2__g_col_3__u_pe/u_r_black/U14/Z (AO222D0)          0.0837      0.5460 f    (367.75,155.00)
  u_impl/u_core/g_row_2__g_col_3__u_pe/u_r_black/q_reg_5_/D (DFCNQD1)     0.0000      0.5460 f    (367.15,153.22)
  data arrival time                                                                   0.5460

  clock core_clk (rise edge)                                              0.0000      0.0000
  clock network delay (propagated)                                        0.3271      0.3271
  u_impl/u_core/g_row_2__g_col_3__u_pe/u_r_black/q_reg_5_/CP (DFCNQD1)    0.0000      0.3271 r    (366.12,153.10)
  clock uncertainty                                                       0.2000      0.5271
  library hold time                                                       0.0349      0.5620
  data required time                                                                  0.5620
  ---------------------------------------------------------------------------------------------------------------------
  data required time                                                                  0.5620
  data arrival time                                                                  -0.5460
  ---------------------------------------------------------------------------------------------------------------------
  slack (VIOLATED)                                                                   -0.0160



  Startpoint: u_impl/black_shadow_reg_41__3_ (rising edge-triggered flip-flop clocked by core_clk)
  Endpoint: u_impl/u_core/g_row_4__g_col_1__u_pe/u_r_black/q_reg_3_ (rising edge-triggered flip-flop clocked by core_clk)
  Mode: FUNC
  Corner: BC
  Scenario: FUNC_BC
  Path Group: core_clk
  Path Type: min

  Point                                                                    Incr        Path           Location
  ---------------------------------------------------------------------------------------------------------------------
  clock core_clk (rise edge)                                              0.0000      0.0000
  clock network delay (propagated)                                        0.2152      0.2152

  u_impl/black_shadow_reg_41__3_/CP (DFQD2)                               0.0000      0.2152 r    (496.32,450.11)
  u_impl/black_shadow_reg_41__3_/Q (DFQD2)                                0.2085      0.4237 f    (499.86,450.11)
  u_impl/u_core/g_row_4__g_col_1__u_pe/u_r_black/U8/Z (AO222D0)           0.1256      0.5493 f    (512.75,104.61)
  u_impl/u_core/g_row_4__g_col_1__u_pe/u_r_black/q_reg_3_/D (DFCNQD1)     0.0000      0.5493 f    (511.95,102.83)
  data arrival time                                                                   0.5493

  clock core_clk (rise edge)                                              0.0000      0.0000
  clock network delay (propagated)                                        0.3252      0.3252
  u_impl/u_core/g_row_4__g_col_1__u_pe/u_r_black/q_reg_3_/CP (DFCNQD1)    0.0000      0.3252 r    (510.92,102.70)
  clock uncertainty                                                       0.2000      0.5252
  library hold time                                                       0.0396      0.5648
  data required time                                                                  0.5648
  ---------------------------------------------------------------------------------------------------------------------
  data required time                                                                  0.5648
  data arrival time                                                                  -0.5493
  ---------------------------------------------------------------------------------------------------------------------
  slack (VIOLATED)                                                                   -0.0155



  Startpoint: u_impl/red_shadow_reg_46__1_ (rising edge-triggered flip-flop clocked by core_clk)
  Endpoint: u_impl/u_core/g_row_4__g_col_6__u_pe/u_r_red/q_reg_1_ (rising edge-triggered flip-flop clocked by core_clk)
  Mode: FUNC
  Corner: BC
  Scenario: FUNC_BC
  Path Group: core_clk
  Path Type: min

  Point                                                                        Incr        Path           Location
  -------------------------------------------------------------------------------------------------------------------------
  clock core_clk (rise edge)                                                  0.0000      0.0000
  clock network delay (propagated)                                            0.2833      0.2833

  u_impl/red_shadow_reg_46__1_/CP (DFQD1)                                     0.0000      0.2833 r    (405.52,210.69)
  u_impl/red_shadow_reg_46__1_/Q (DFQD1)                                      0.1444      0.4277 f    (409.07,210.70)
  u_impl/u_core/g_row_4__g_col_6__u_pe/u_r_red/U6/Z (AO222D0)                 0.0664      0.4940 f    (408.55,165.81)
  u_impl/u_core/g_row_4__g_col_6__u_pe/u_r_red/copt_h_inst_48258/Z (CKBD0)    0.0351      0.5291 f    (407.29,165.72)
  u_impl/u_core/g_row_4__g_col_6__u_pe/u_r_red/q_reg_1_/D (DFCNQD1)           0.0000      0.5291 f    (407.55,164.03)
  data arrival time                                                                       0.5291

  clock core_clk (rise edge)                                                  0.0000      0.0000
  clock network delay (propagated)                                            0.3010      0.3010
  u_impl/u_core/g_row_4__g_col_6__u_pe/u_r_red/q_reg_1_/CP (DFCNQD1)          0.0000      0.3010 r    (406.52,163.90)
  clock uncertainty                                                           0.2000      0.5010
  library hold time                                                           0.0426      0.5436
  data required time                                                                      0.5436
  -------------------------------------------------------------------------------------------------------------------------
  data required time                                                                      0.5436
  data arrival time                                                                      -0.5291
  -------------------------------------------------------------------------------------------------------------------------
  slack (VIOLATED)                                                                       -0.0145



  Startpoint: u_impl/black_shadow_reg_23__9_ (rising edge-triggered flip-flop clocked by core_clk)
  Endpoint: u_impl/u_core/g_row_2__g_col_3__u_pe/u_r_black/q_reg_9_ (rising edge-triggered flip-flop clocked by core_clk)
  Mode: FUNC
  Corner: BC
  Scenario: FUNC_BC
  Path Group: core_clk
  Path Type: min

  Point                                                                        Incr        Path           Location
  -------------------------------------------------------------------------------------------------------------------------
  clock core_clk (rise edge)                                                  0.0000      0.0000
  clock network delay (propagated)                                            0.2806      0.2806

  u_impl/black_shadow_reg_23__9_/CP (DFQD1)                                   0.0000      0.2806 r    (365.12,266.51)
  u_impl/black_shadow_reg_23__9_/Q (DFQD1)                                    0.1826      0.4632 f    (368.67,266.50)
  u_impl/u_core/g_row_2__g_col_3__u_pe/u_r_black/U12/Z (AO222D0)              0.0842      0.5474 f    (361.15,158.61)
  u_impl/u_core/g_row_2__g_col_3__u_pe/u_r_black/q_reg_9_/D (DFCNQD1)         0.0000      0.5474 f    (360.15,156.83)
  data arrival time                                                                       0.5474

  clock core_clk (rise edge)                                                  0.0000      0.0000
  clock network delay (propagated)                                            0.3271      0.3271
  u_impl/u_core/g_row_2__g_col_3__u_pe/u_r_black/q_reg_9_/CP (DFCNQD1)        0.0000      0.3271 r    (359.12,156.70)
  clock uncertainty                                                           0.2000      0.5271
  library hold time                                                           0.0348      0.5619
  data required time                                                                      0.5619
  -------------------------------------------------------------------------------------------------------------------------
  data required time                                                                      0.5619
  data arrival time                                                                      -0.5474
  -------------------------------------------------------------------------------------------------------------------------
  slack (VIOLATED)                                                                       -0.0145



  Startpoint: u_impl/red_shadow_reg_5__15_ (rising edge-triggered flip-flop clocked by core_clk)
  Endpoint: u_impl/red_shadow_reg_5__15_ (rising edge-triggered flip-flop clocked by core_clk)
  Mode: FUNC
  Corner: BC
  Scenario: FUNC_BC
  Path Group: core_clk
  Path Type: min

  Point                                                                        Incr        Path           Location
  -------------------------------------------------------------------------------------------------------------------------
  clock core_clk (rise edge)                                                  0.0000      0.0000
  clock network delay (propagated)                                            0.3013      0.3013

  u_impl/red_shadow_reg_5__15_/CP (DFQD1)                                     0.0000      0.3013 r    (705.72,246.69)
  u_impl/red_shadow_reg_5__15_/Q (DFQD1)                                      0.1194      0.4207 f    (709.27,246.70)
  u_impl/copt_h_inst_31025/Z (CKBD0)                                          0.0402      0.4609 f    (703.91,246.68)
  u_impl/U15436/ZN (IAO22D0)                                                  0.0549      0.5158 f    (701.85,248.49)
  u_impl/red_shadow_reg_5__15_/D (DFQD1)                                      0.0000      0.5159 f    (706.75,246.72)
  data arrival time                                                                       0.5159

  clock core_clk (rise edge)                                                  0.0000      0.0000
  clock network delay (propagated)                                            0.3055      0.3055
  u_impl/red_shadow_reg_5__15_/CP (DFQD1)                                     0.0000      0.3055 r    (705.72,246.69)
  clock uncertainty                                                           0.2000      0.5055
  library hold time                                                           0.0248      0.5302
  data required time                                                                      0.5302
  -------------------------------------------------------------------------------------------------------------------------
  data required time                                                                      0.5302
  data arrival time                                                                      -0.5159
  -------------------------------------------------------------------------------------------------------------------------
  slack (VIOLATED)                                                                       -0.0144



  Startpoint: u_impl/black_shadow_reg_191__5_ (rising edge-triggered flip-flop clocked by core_clk)
  Endpoint: u_impl/u_core/g_row_19__g_col_1__u_pe/u_r_black/q_reg_5_ (rising edge-triggered flip-flop clocked by core_clk)
  Mode: FUNC
  Corner: BC
  Scenario: FUNC_BC
  Path Group: core_clk
  Path Type: min

  Point                                                                        Incr        Path           Location
  -------------------------------------------------------------------------------------------------------------------------
  clock core_clk (rise edge)                                                  0.0000      0.0000
  clock network delay (propagated)                                            0.3153      0.3153

  u_impl/black_shadow_reg_191__5_/CP (DFQD4)                                  0.0000      0.3153 r    (344.52,432.11)
  u_impl/black_shadow_reg_191__5_/Q (DFQD4)                                   0.1556      0.4709 f    (348.31,432.11)
  u_impl/u_core/g_row_19__g_col_1__u_pe/u_r_black/U13/Z (AO222D0)             0.1002      0.5711 f    (745.15,473.40)
  u_impl/u_core/g_row_19__g_col_1__u_pe/u_r_black/q_reg_5_/D (DFCNQD1)        0.0000      0.5711 f    (745.35,471.58)
  data arrival time                                                                       0.5711

  clock core_clk (rise edge)                                                  0.0000      0.0000
  clock network delay (propagated)                                            0.3510      0.3510
  u_impl/u_core/g_row_19__g_col_1__u_pe/u_r_black/q_reg_5_/CP (DFCNQD1)       0.0000      0.3510 r    (744.32,471.70)
  clock uncertainty                                                           0.2000      0.5510
  library hold time                                                           0.0322      0.5833
  data required time                                                                      0.5833
  -------------------------------------------------------------------------------------------------------------------------
  data required time                                                                      0.5833
  data arrival time                                                                      -0.5711
  -------------------------------------------------------------------------------------------------------------------------
  slack (VIOLATED)                                                                       -0.0121



  Startpoint: u_impl/red_shadow_reg_23__15_ (rising edge-triggered flip-flop clocked by core_clk)
  Endpoint: u_impl/u_core/g_row_2__g_col_3__u_pe/u_r_red/q_reg_15_ (rising edge-triggered flip-flop clocked by core_clk)
  Mode: FUNC
  Corner: BC
  Scenario: FUNC_BC
  Path Group: core_clk
  Path Type: min

  Point                                                                        Incr        Path           Location
  -------------------------------------------------------------------------------------------------------------------------
  clock core_clk (rise edge)                                                  0.0000      0.0000
  clock network delay (propagated)                                            0.2802      0.2802

  u_impl/red_shadow_reg_23__15_/CP (DFQD1)                                    0.0000      0.2802 r    (373.72,239.49)
  u_impl/red_shadow_reg_23__15_/Q (DFQD1)                                     0.1727      0.4528 f    (377.27,239.50)
  u_impl/u_core/g_row_2__g_col_3__u_pe/u_r_red/U29/ZN (AOI22D0)               0.0589      0.5117 r    (370.90,136.99)
  u_impl/u_core/g_row_2__g_col_3__u_pe/u_r_red/U31/ZN (CKND2D0)               0.0353      0.5470 f    (368.85,135.08)
  u_impl/u_core/g_row_2__g_col_3__u_pe/u_r_red/q_reg_15_/D (DFCNQD1)          0.0000      0.5470 f    (366.55,133.18)
  data arrival time                                                                       0.5470

  clock core_clk (rise edge)                                                  0.0000      0.0000
  clock network delay (propagated)                                            0.3259      0.3259
  u_impl/u_core/g_row_2__g_col_3__u_pe/u_r_red/q_reg_15_/CP (DFCNQD1)         0.0000      0.3259 r    (365.52,133.30)
  clock uncertainty                                                           0.2000      0.5259
  library hold time                                                           0.0329      0.5588
  data required time                                                                      0.5588
  -------------------------------------------------------------------------------------------------------------------------
  data required time                                                                      0.5588
  data arrival time                                                                      -0.5470
  -------------------------------------------------------------------------------------------------------------------------
  slack (VIOLATED)                                                                       -0.0119



  Startpoint: u_impl/u_core/g_row_12__g_col_6__u_pe/u_sol/u_red_q_reg_0_ (rising edge-triggered flip-flop clocked by core_clk)
  Endpoint: u_impl/u_core/g_row_12__g_col_6__u_pe/u_sol/u_red_q_reg_0_ (rising edge-triggered flip-flop clocked by core_clk)
  Mode: FUNC
  Corner: BC
  Scenario: FUNC_BC
  Path Group: core_clk
  Path Type: min

  Point                                                                        Incr        Path           Location
  -------------------------------------------------------------------------------------------------------------------------
  clock core_clk (rise edge)                                                  0.0000      0.0000
  clock network delay (propagated)                                            0.3296      0.3296

  u_impl/u_core/g_row_12__g_col_6__u_pe/u_sol/u_red_q_reg_0_/CP (DFCNQD1)     0.0000      0.3296 r    (250.92,765.10)
  u_impl/u_core/g_row_12__g_col_6__u_pe/u_sol/u_red_q_reg_0_/Q (DFCNQD1)      0.1161      0.4458 f    (255.09,765.09)
  u_impl/u_core/g_row_12__g_col_6__u_pe/u_sol/U68/ZN (CKND0)                  0.0512      0.4970 r    (253.35,763.32)
  u_impl/u_core/g_row_12__g_col_6__u_pe/u_sol/U72/ZN (OAI222D0)               0.0543      0.5513 f    (252.91,768.81)
  u_impl/u_core/g_row_12__g_col_6__u_pe/u_sol/u_red_q_reg_0_/D (DFCNQD1)      0.0000      0.5513 f    (251.95,765.23)
  data arrival time                                                                       0.5513

  clock core_clk (rise edge)                                                  0.0000      0.0000
  clock network delay (propagated)                                            0.3333      0.3333
  u_impl/u_core/g_row_12__g_col_6__u_pe/u_sol/u_red_q_reg_0_/CP (DFCNQD1)     0.0000      0.3333 r    (250.92,765.10)
  clock uncertainty                                                           0.2000      0.5333
  library hold time                                                           0.0299      0.5631
  data required time                                                                      0.5631
  -------------------------------------------------------------------------------------------------------------------------
  data required time                                                                      0.5631
  data arrival time                                                                      -0.5513
  -------------------------------------------------------------------------------------------------------------------------
  slack (VIOLATED)                                                                       -0.0119



  Startpoint: u_impl/red_shadow_reg_29__6_ (rising edge-triggered flip-flop clocked by core_clk)
  Endpoint: u_impl/u_core/g_row_2__g_col_9__u_pe/u_r_red/q_reg_6_ (rising edge-triggered flip-flop clocked by core_clk)
  Mode: FUNC
  Corner: BC
  Scenario: FUNC_BC
  Path Group: core_clk
  Path Type: min

  Point                                                                        Incr        Path           Location
  -------------------------------------------------------------------------------------------------------------------------
  clock core_clk (rise edge)                                                  0.0000      0.0000
  clock network delay (propagated)                                            0.2831      0.2831

  u_impl/red_shadow_reg_29__6_/CP (DFQD1)                                     0.0000      0.2831 r    (395.52,221.49)
  u_impl/red_shadow_reg_29__6_/Q (DFQD1)                                      0.1786      0.4617 f    (399.07,221.50)
  u_impl/u_core/g_row_2__g_col_9__u_pe/u_r_red/U13/Z (AO222D0)                0.0811      0.5427 f    (385.15,127.80)
  u_impl/u_core/g_row_2__g_col_9__u_pe/u_r_red/q_reg_6_/D (DFCNQD1)           0.0000      0.5427 f    (385.35,125.98)
  data arrival time                                                                       0.5427

  clock core_clk (rise edge)                                                  0.0000      0.0000
  clock network delay (propagated)                                            0.3203      0.3203
  u_impl/u_core/g_row_2__g_col_9__u_pe/u_r_red/q_reg_6_/CP (DFCNQD1)          0.0000      0.3203 r    (384.32,126.10)
  clock uncertainty                                                           0.2000      0.5203
  library hold time                                                           0.0341      0.5545
  data required time                                                                      0.5545
  -------------------------------------------------------------------------------------------------------------------------
  data required time                                                                      0.5545
  data arrival time                                                                      -0.5427
  -------------------------------------------------------------------------------------------------------------------------
  slack (VIOLATED)                                                                       -0.0118



  Startpoint: u_impl/black_shadow_reg_38__0_ (rising edge-triggered flip-flop clocked by core_clk)
  Endpoint: u_impl/u_core/g_row_3__g_col_8__u_pe/u_r_black/q_reg_0_ (rising edge-triggered flip-flop clocked by core_clk)
  Mode: FUNC
  Corner: BC
  Scenario: FUNC_BC
  Path Group: core_clk
  Path Type: min

  Point                                                                        Incr        Path           Location
  -------------------------------------------------------------------------------------------------------------------------
  clock core_clk (rise edge)                                                  0.0000      0.0000
  clock network delay (propagated)                                            0.3137      0.3137

  u_impl/black_shadow_reg_38__0_/CP (DFQD1)                                   0.0000      0.3137 r    (578.12,189.09)
  u_impl/black_shadow_reg_38__0_/Q (DFQD1)                                    0.1561      0.4698 f    (581.67,189.09)
  u_impl/u_core/g_row_3__g_col_8__u_pe/u_r_black/U7/Z (AO222D0)               0.0940      0.5638 f    (586.05,131.40)
  u_impl/u_core/g_row_3__g_col_8__u_pe/u_r_black/q_reg_0_/D (DFCNQD1)         0.0000      0.5638 f    (584.95,124.43)
  data arrival time                                                                       0.5638

  clock core_clk (rise edge)                                                  0.0000      0.0000
  clock network delay (propagated)                                            0.3360      0.3360
  u_impl/u_core/g_row_3__g_col_8__u_pe/u_r_black/q_reg_0_/CP (DFCNQD1)        0.0000      0.3360 r    (583.92,124.30)
  clock uncertainty                                                           0.2000      0.5360
  library hold time                                                           0.0395      0.5755
  data required time                                                                      0.5755
  -------------------------------------------------------------------------------------------------------------------------
  data required time                                                                      0.5755
  data arrival time                                                                      -0.5638
  -------------------------------------------------------------------------------------------------------------------------
  slack (VIOLATED)                                                                       -0.0117



  Startpoint: u_impl/black_shadow_reg_45__15_ (rising edge-triggered flip-flop clocked by core_clk)
  Endpoint: u_impl/u_core/g_row_4__g_col_5__u_pe/u_r_black/q_reg_15_ (rising edge-triggered flip-flop clocked by core_clk)
  Mode: FUNC
  Corner: BC
  Scenario: FUNC_BC
  Path Group: core_clk
  Path Type: min

  Point                                                                          Incr        Path           Location
  ---------------------------------------------------------------------------------------------------------------------------
  clock core_clk (rise edge)                                                    0.0000      0.0000
  clock network delay (propagated)                                              0.2371      0.2371

  u_impl/black_shadow_reg_45__15_/CP (DFQD1)                                    0.0000      0.2371 r    (385.72,196.29)
  u_impl/black_shadow_reg_45__15_/Q (DFQD1)                                     0.1888      0.4259 f    (389.27,196.30)
  u_impl/u_core/g_row_4__g_col_5__u_pe/u_r_black/U29/ZN (AOI22D0)               0.0611      0.4870 r    (453.10,120.61)
  u_impl/u_core/g_row_4__g_col_5__u_pe/u_r_black/U31/ZN (CKND2D0)               0.0290      0.5160 f    (452.45,115.32)
  u_impl/u_core/g_row_4__g_col_5__u_pe/u_r_black/copt_h_inst_48247/Z (CKBD0)    0.0380      0.5540 f    (450.69,113.48)
  u_impl/u_core/g_row_4__g_col_5__u_pe/u_r_black/q_reg_15_/D (DFCNQD1)          0.0000      0.5540 f    (452.95,113.62)
  data arrival time                                                                         0.5540

  clock core_clk (rise edge)                                                    0.0000      0.0000
  clock network delay (propagated)                                              0.3248      0.3248
  u_impl/u_core/g_row_4__g_col_5__u_pe/u_r_black/q_reg_15_/CP (DFCNQD1)         0.0000      0.3248 r    (451.92,113.50)
  clock uncertainty                                                             0.2000      0.5248
  library hold time                                                             0.0406      0.5654
  data required time                                                                        0.5654
  ---------------------------------------------------------------------------------------------------------------------------
  data required time                                                                        0.5654
  data arrival time                                                                        -0.5540
  ---------------------------------------------------------------------------------------------------------------------------
  slack (VIOLATED)                                                                         -0.0114



  Startpoint: u_impl/black_shadow_reg_85__1_ (rising edge-triggered flip-flop clocked by core_clk)
  Endpoint: u_impl/u_core/g_row_8__g_col_5__u_pe/u_r_black/q_reg_1_ (rising edge-triggered flip-flop clocked by core_clk)
  Mode: FUNC
  Corner: BC
  Scenario: FUNC_BC
  Path Group: core_clk
  Path Type: min

  Point                                                                          Incr        Path           Location
  ---------------------------------------------------------------------------------------------------------------------------
  clock core_clk (rise edge)                                                    0.0000      0.0000
  clock network delay (propagated)                                              0.2460      0.2460

  u_impl/black_shadow_reg_85__1_/CP (DFQD2)                                     0.0000      0.2460 r    (399.72,484.29)
  u_impl/black_shadow_reg_85__1_/Q (DFQD2)                                      0.1828      0.4288 f    (403.26,484.30)
  u_impl/u_core/g_row_8__g_col_5__u_pe/u_r_black/U11/Z (AO222D0)                0.0910      0.5198 f    (231.35,405.00)
  u_impl/u_core/g_row_8__g_col_5__u_pe/u_r_black/q_reg_1_/D (DFCNQD1)           0.0000      0.5198 f    (230.35,408.83)
  data arrival time                                                                         0.5198

  clock core_clk (rise edge)                                                    0.0000      0.0000
  clock network delay (propagated)                                              0.2953      0.2953
  u_impl/u_core/g_row_8__g_col_5__u_pe/u_r_black/q_reg_1_/CP (DFCNQD1)          0.0000      0.2953 r    (229.32,408.70)
  clock uncertainty                                                             0.2000      0.4953
  library hold time                                                             0.0359      0.5312
  data required time                                                                        0.5312
  ---------------------------------------------------------------------------------------------------------------------------
  data required time                                                                        0.5312
  data arrival time                                                                        -0.5198
  ---------------------------------------------------------------------------------------------------------------------------
  slack (VIOLATED)                                                                         -0.0114



  Startpoint: u_impl/red_shadow_reg_22__15_ (rising edge-triggered flip-flop clocked by core_clk)
  Endpoint: u_impl/u_core/g_row_2__g_col_2__u_pe/u_r_red/q_reg_15_ (rising edge-triggered flip-flop clocked by core_clk)
  Mode: FUNC
  Corner: BC
  Scenario: FUNC_BC
  Path Group: core_clk
  Path Type: min

  Point                                                                          Incr        Path           Location
  ---------------------------------------------------------------------------------------------------------------------------
  clock core_clk (rise edge)                                                    0.0000      0.0000
  clock network delay (propagated)                                              0.2838      0.2838

  u_impl/red_shadow_reg_22__15_/CP (DFQD1)                                      0.0000      0.2838 r    (390.92,208.91)
  u_impl/red_shadow_reg_22__15_/Q (DFQD1)                                       0.1770      0.4608 f    (394.47,208.91)
  u_impl/u_core/g_row_2__g_col_2__u_pe/u_r_red/U29/ZN (AOI22D0)                 0.0618      0.5226 r    (450.90,153.01)
  u_impl/u_core/g_row_2__g_col_2__u_pe/u_r_red/U31/ZN (CKND2D0)                 0.0296      0.5522 f    (453.25,147.72)
  u_impl/u_core/g_row_2__g_col_2__u_pe/u_r_red/q_reg_15_/D (DFCNQD1)            0.0000      0.5522 f    (452.75,149.62)
  data arrival time                                                                         0.5522

  clock core_clk (rise edge)                                                    0.0000      0.0000
  clock network delay (propagated)                                              0.3248      0.3248
  u_impl/u_core/g_row_2__g_col_2__u_pe/u_r_red/q_reg_15_/CP (DFCNQD1)           0.0000      0.3248 r    (451.72,149.50)
  clock uncertainty                                                             0.2000      0.5248
  library hold time                                                             0.0385      0.5633
  data required time                                                                        0.5633
  ---------------------------------------------------------------------------------------------------------------------------
  data required time                                                                        0.5633
  data arrival time                                                                        -0.5522
  ---------------------------------------------------------------------------------------------------------------------------
  slack (VIOLATED)                                                                         -0.0112



  Startpoint: u_impl/red_shadow_reg_28__10_ (rising edge-triggered flip-flop clocked by core_clk)
  Endpoint: u_impl/u_core/g_row_2__g_col_8__u_pe/u_r_red/q_reg_10_ (rising edge-triggered flip-flop clocked by core_clk)
  Mode: FUNC
  Corner: BC
  Scenario: FUNC_BC
  Path Group: core_clk
  Path Type: min

  Point                                                                          Incr        Path           Location
  ---------------------------------------------------------------------------------------------------------------------------
  clock core_clk (rise edge)                                                    0.0000      0.0000
  clock network delay (propagated)                                              0.2831      0.2831

  u_impl/red_shadow_reg_28__10_/CP (DFQD1)                                      0.0000      0.2831 r    (396.92,228.69)
  u_impl/red_shadow_reg_28__10_/Q (DFQD1)                                       0.1688      0.4518 f    (400.47,228.70)
  u_impl/u_core/g_row_2__g_col_8__u_pe/u_r_red/U15/Z (AO222D0)                  0.0792      0.5310 f    (399.45,155.00)
  u_impl/u_core/g_row_2__g_col_8__u_pe/u_r_red/q_reg_10_/D (DFCNQD1)            0.0000      0.5310 f    (400.75,153.22)
  data arrival time                                                                         0.5310

  clock core_clk (rise edge)                                                    0.0000      0.0000
  clock network delay (propagated)                                              0.3010      0.3010
  u_impl/u_core/g_row_2__g_col_8__u_pe/u_r_red/q_reg_10_/CP (DFCNQD1)           0.0000      0.3010 r    (399.72,153.10)
  clock uncertainty                                                             0.2000      0.5010
  library hold time                                                             0.0411      0.5421
  data required time                                                                        0.5421
  ---------------------------------------------------------------------------------------------------------------------------
  data required time                                                                        0.5421
  data arrival time                                                                        -0.5310
  ---------------------------------------------------------------------------------------------------------------------------
  slack (VIOLATED)                                                                         -0.0111



  Startpoint: u_impl/black_shadow_reg_115__5_ (rising edge-triggered flip-flop clocked by core_clk)
  Endpoint: u_impl/black_shadow_reg_115__5_ (rising edge-triggered flip-flop clocked by core_clk)
  Mode: FUNC
  Corner: BC
  Scenario: FUNC_BC
  Path Group: core_clk
  Path Type: min

  Point                                                                          Incr        Path           Location
  ---------------------------------------------------------------------------------------------------------------------------
  clock core_clk (rise edge)                                                    0.0000      0.0000
  clock network delay (propagated)                                              0.3122      0.3122

  u_impl/black_shadow_reg_115__5_/CP (DFQD1)                                    0.0000      0.3122 r    (296.12,613.89)
  u_impl/black_shadow_reg_115__5_/Q (DFQD1)                                     0.1308      0.4430 f    (299.67,613.89)
  u_impl/copt_gre_h_inst_49079/Z (CKBD0)                                        0.0385      0.4815 f    (294.89,612.12)
  u_impl/U8238/ZN (MAOI22D0)                                                    0.0490      0.5306 f    (296.20,612.21)
  u_impl/black_shadow_reg_115__5_/D (DFQD1)                                     0.0000      0.5306 f    (297.16,613.92)
  data arrival time                                                                         0.5306

  clock core_clk (rise edge)                                                    0.0000      0.0000
  clock network delay (propagated)                                              0.3154      0.3154
  u_impl/black_shadow_reg_115__5_/CP (DFQD1)                                    0.0000      0.3154 r    (296.12,613.89)
  clock uncertainty                                                             0.2000      0.5154
  library hold time                                                             0.0261      0.5416
  data required time                                                                        0.5416
  ---------------------------------------------------------------------------------------------------------------------------
  data required time                                                                        0.5416
  data arrival time                                                                        -0.5306
  ---------------------------------------------------------------------------------------------------------------------------
  slack (VIOLATED)                                                                         -0.0110



  Startpoint: u_impl/black_shadow_reg_182__1_ (rising edge-triggered flip-flop clocked by core_clk)
  Endpoint: u_impl/u_core/g_row_18__g_col_2__u_pe/u_r_black/q_reg_1_ (rising edge-triggered flip-flop clocked by core_clk)
  Mode: FUNC
  Corner: BC
  Scenario: FUNC_BC
  Path Group: core_clk
  Path Type: min

  Point                                                                          Incr        Path           Location
  ---------------------------------------------------------------------------------------------------------------------------
  clock core_clk (rise edge)                                                    0.0000      0.0000
  clock network delay (propagated)                                              0.2429      0.2429

  u_impl/black_shadow_reg_182__1_/CP (DFQD2)                                    0.0000      0.2429 r    (427.52,550.91)
  u_impl/black_shadow_reg_182__1_/Q (DFQD2)                                     0.2040      0.4469 f    (431.06,550.90)
  u_impl/u_core/g_row_18__g_col_2__u_pe/u_r_black/U12/Z (AO222D0)               0.1014      0.5483 f    (768.45,561.81)
  u_impl/u_core/g_row_18__g_col_2__u_pe/u_r_black/q_reg_1_/D (DFCNQD1)          0.0000      0.5483 f    (770.55,561.58)
  data arrival time                                                                         0.5483

  clock core_clk (rise edge)                                                    0.0000      0.0000
  clock network delay (propagated)                                              0.3289      0.3289
  u_impl/u_core/g_row_18__g_col_2__u_pe/u_r_black/q_reg_1_/CP (DFCNQD1)         0.0000      0.3289 r    (769.52,561.70)
  clock uncertainty                                                             0.2000      0.5289
  library hold time                                                             0.0301      0.5590
  data required time                                                                        0.5590
  ---------------------------------------------------------------------------------------------------------------------------
  data required time                                                                        0.5590
  data arrival time                                                                        -0.5483
  ---------------------------------------------------------------------------------------------------------------------------
  slack (VIOLATED)                                                                         -0.0107



  Startpoint: u_impl/red_shadow_reg_28__7_ (rising edge-triggered flip-flop clocked by core_clk)
  Endpoint: u_impl/u_core/g_row_2__g_col_8__u_pe/u_r_red/q_reg_7_ (rising edge-triggered flip-flop clocked by core_clk)
  Mode: FUNC
  Corner: BC
  Scenario: FUNC_BC
  Path Group: core_clk
  Path Type: min

  Point                                                                          Incr        Path           Location
  ---------------------------------------------------------------------------------------------------------------------------
  clock core_clk (rise edge)                                                    0.0000      0.0000
  clock network delay (propagated)                                              0.2802      0.2802

  u_impl/red_shadow_reg_28__7_/CP (DFQD1)                                       0.0000      0.2802 r    (386.32,244.91)
  u_impl/red_shadow_reg_28__7_/Q (DFQD1)                                        0.1616      0.4418 f    (389.87,244.91)
  u_impl/u_core/g_row_2__g_col_8__u_pe/u_r_red/U7/Z (AO222D0)                   0.1017      0.5435 f    (394.55,156.59)
  u_impl/u_core/g_row_2__g_col_8__u_pe/u_r_red/q_reg_7_/D (DFCNQD1)             0.0000      0.5435 f    (392.95,153.22)
  data arrival time                                                                         0.5435

  clock core_clk (rise edge)                                                    0.0000      0.0000
  clock network delay (propagated)                                              0.3203      0.3203
  u_impl/u_core/g_row_2__g_col_8__u_pe/u_r_red/q_reg_7_/CP (DFCNQD1)            0.0000      0.3203 r    (391.92,153.10)
  clock uncertainty                                                             0.2000      0.5203
  library hold time                                                             0.0333      0.5537
  data required time                                                                        0.5537
  ---------------------------------------------------------------------------------------------------------------------------
  data required time                                                                        0.5537
  data arrival time                                                                        -0.5435
  ---------------------------------------------------------------------------------------------------------------------------
  slack (VIOLATED)                                                                         -0.0102



  Startpoint: u_impl/red_shadow_reg_47__15_ (rising edge-triggered flip-flop clocked by core_clk)
  Endpoint: u_impl/u_core/g_row_4__g_col_7__u_pe/u_r_red/q_reg_15_ (rising edge-triggered flip-flop clocked by core_clk)
  Mode: FUNC
  Corner: BC
  Scenario: FUNC_BC
  Path Group: core_clk
  Path Type: min

  Point                                                                          Incr        Path           Location
  ---------------------------------------------------------------------------------------------------------------------------
  clock core_clk (rise edge)                                                    0.0000      0.0000
  clock network delay (propagated)                                              0.2371      0.2371

  u_impl/red_shadow_reg_47__15_/CP (DFQD1)                                      0.0000      0.2371 r    (376.52,199.89)
  u_impl/red_shadow_reg_47__15_/Q (DFQD1)                                       0.1871      0.4242 f    (380.07,199.90)
  u_impl/u_core/g_row_4__g_col_7__u_pe/u_r_red/U29/ZN (AOI22D0)                 0.0842      0.5084 r    (333.50,104.59)
  u_impl/u_core/g_row_4__g_col_7__u_pe/u_r_red/U31/ZN (CKND2D0)                 0.0331      0.5415 f    (325.95,97.32)
  u_impl/u_core/g_row_4__g_col_7__u_pe/u_r_red/q_reg_15_/D (DFCNQD1)            0.0000      0.5415 f    (326.75,95.62)
  data arrival time                                                                         0.5415

  clock core_clk (rise edge)                                                    0.0000      0.0000
  clock network delay (propagated)                                              0.3201      0.3201
  u_impl/u_core/g_row_4__g_col_7__u_pe/u_r_red/q_reg_15_/CP (DFCNQD1)           0.0000      0.3201 r    (325.72,95.50)
  clock uncertainty                                                             0.2000      0.5201
  library hold time                                                             0.0314      0.5515
  data required time                                                                        0.5515
  ---------------------------------------------------------------------------------------------------------------------------
  data required time                                                                        0.5515
  data arrival time                                                                        -0.5415
  ---------------------------------------------------------------------------------------------------------------------------
  slack (VIOLATED)                                                                         -0.0101



  Startpoint: u_impl/black_shadow_reg_145__8_ (rising edge-triggered flip-flop clocked by core_clk)
  Endpoint: u_impl/black_shadow_reg_145__8_ (rising edge-triggered flip-flop clocked by core_clk)
  Mode: FUNC
  Corner: BC
  Scenario: FUNC_BC
  Path Group: core_clk
  Path Type: min

  Point                                                                          Incr        Path           Location
  ---------------------------------------------------------------------------------------------------------------------------
  clock core_clk (rise edge)                                                    0.0000      0.0000
  clock network delay (propagated)                                              0.2727      0.2727

  u_impl/black_shadow_reg_145__8_/CP (DFQD1)                                    0.0000      0.2727 r    (391.32,649.89)
  u_impl/black_shadow_reg_145__8_/Q (DFQD1)                                     0.1620      0.4348 f    (394.87,649.89)
  u_impl/U13279/ZN (IAO22D0)                                                    0.0663      0.5011 f    (391.45,651.69)
  u_impl/black_shadow_reg_145__8_/D (DFQD1)                                     0.0000      0.5011 f    (392.36,649.92)
  data arrival time                                                                         0.5011

  clock core_clk (rise edge)                                                    0.0000      0.0000
  clock network delay (propagated)                                              0.2773      0.2773
  u_impl/black_shadow_reg_145__8_/CP (DFQD1)                                    0.0000      0.2773 r    (391.32,649.89)
  clock uncertainty                                                             0.2000      0.4773
  library hold time                                                             0.0335      0.5108
  data required time                                                                        0.5108
  ---------------------------------------------------------------------------------------------------------------------------
  data required time                                                                        0.5108
  data arrival time                                                                        -0.5011
  ---------------------------------------------------------------------------------------------------------------------------
  slack (VIOLATED)                                                                         -0.0097



  Startpoint: u_impl/red_shadow_reg_23__2_ (rising edge-triggered flip-flop clocked by core_clk)
  Endpoint: u_impl/u_core/g_row_2__g_col_3__u_pe/u_r_red/q_reg_2_ (rising edge-triggered flip-flop clocked by core_clk)
  Mode: FUNC
  Corner: BC
  Scenario: FUNC_BC
  Path Group: core_clk
  Path Type: min

  Point                                                                          Incr        Path           Location
  ---------------------------------------------------------------------------------------------------------------------------
  clock core_clk (rise edge)                                                    0.0000      0.0000
  clock network delay (propagated)                                              0.2809      0.2809

  u_impl/red_shadow_reg_23__2_/CP (DFQD1)                                       0.0000      0.2809 r    (362.32,246.69)
  u_impl/red_shadow_reg_23__2_/Q (DFQD1)                                        0.1828      0.4636 f    (365.87,246.70)
  u_impl/u_core/g_row_2__g_col_3__u_pe/u_r_red/U7/Z (AO222D0)                   0.0875      0.5511 f    (359.55,137.00)
  u_impl/u_core/g_row_2__g_col_3__u_pe/u_r_red/q_reg_2_/D (DFCNQD1)             0.0000      0.5511 f    (355.35,136.78)
  data arrival time                                                                         0.5511

  clock core_clk (rise edge)                                                    0.0000      0.0000
  clock network delay (propagated)                                              0.3267      0.3267
  u_impl/u_core/g_row_2__g_col_3__u_pe/u_r_red/q_reg_2_/CP (DFCNQD1)            0.0000      0.3267 r    (354.32,136.90)
  clock uncertainty                                                             0.2000      0.5267
  library hold time                                                             0.0341      0.5607
  data required time                                                                        0.5607
  ---------------------------------------------------------------------------------------------------------------------------
  data required time                                                                        0.5607
  data arrival time                                                                        -0.5511
  ---------------------------------------------------------------------------------------------------------------------------
  slack (VIOLATED)                                                                         -0.0096



  Startpoint: u_impl/red_shadow_reg_20__15_ (rising edge-triggered flip-flop clocked by core_clk)
  Endpoint: u_impl/u_core/g_row_2__g_col_0__u_pe/u_r_red/q_reg_15_ (rising edge-triggered flip-flop clocked by core_clk)
  Mode: FUNC
  Corner: BC
  Scenario: FUNC_BC
  Path Group: core_clk
  Path Type: min

  Point                                                                          Incr        Path           Location
  ---------------------------------------------------------------------------------------------------------------------------
  clock core_clk (rise edge)                                                    0.0000      0.0000
  clock network delay (propagated)                                              0.2833      0.2833

  u_impl/red_shadow_reg_20__15_/CP (DFQD1)                                      0.0000      0.2833 r    (377.32,214.29)
  u_impl/red_shadow_reg_20__15_/Q (DFQD1)                                       0.1532      0.4365 f    (380.87,214.30)
  u_impl/u_core/g_row_2__g_col_0__u_pe/u_r_red/U29/ZN (AOI22D0)                 0.0501      0.4866 r    (366.70,169.39)
  u_impl/u_core/g_row_2__g_col_0__u_pe/u_r_red/U31/ZN (CKND2D0)                 0.0281      0.5147 f    (364.95,165.72)
  u_impl/u_core/g_row_2__g_col_0__u_pe/u_r_red/copt_h_inst_48310/Z (CKBD0)      0.0384      0.5531 f    (363.69,165.72)
  u_impl/u_core/g_row_2__g_col_0__u_pe/u_r_red/q_reg_15_/D (DFCNQD1)            0.0000      0.5531 f    (364.55,164.03)
  data arrival time                                                                         0.5531

  clock core_clk (rise edge)                                                    0.0000      0.0000
  clock network delay (propagated)                                              0.3271      0.3271
  u_impl/u_core/g_row_2__g_col_0__u_pe/u_r_red/q_reg_15_/CP (DFCNQD1)           0.0000      0.3271 r    (363.52,163.90)
  clock uncertainty                                                             0.2000      0.5271
  library hold time                                                             0.0356      0.5627
  data required time                                                                        0.5627
  ---------------------------------------------------------------------------------------------------------------------------
  data required time                                                                        0.5627
  data arrival time                                                                        -0.5531
  ---------------------------------------------------------------------------------------------------------------------------
  slack (VIOLATED)                                                                         -0.0096



  Startpoint: u_impl/red_shadow_reg_65__15_ (rising edge-triggered flip-flop clocked by core_clk)
  Endpoint: u_impl/red_shadow_reg_65__15_ (rising edge-triggered flip-flop clocked by core_clk)
  Mode: FUNC
  Corner: BC
  Scenario: FUNC_BC
  Path Group: core_clk
  Path Type: min

  Point                                                                          Incr        Path           Location
  ---------------------------------------------------------------------------------------------------------------------------
  clock core_clk (rise edge)                                                    0.0000      0.0000
  clock network delay (propagated)                                              0.2371      0.2371

  u_impl/red_shadow_reg_65__15_/CP (DFQD1)                                      0.0000      0.2371 r    (372.52,201.71)
  u_impl/red_shadow_reg_65__15_/Q (DFQD1)                                       0.1626      0.3997 f    (376.07,201.71)
  u_impl/U15777/ZN (IAO22D0)                                                    0.0663      0.4660 f    (371.15,203.51)
  u_impl/red_shadow_reg_65__15_/D (DFQD1)                                       0.0000      0.4660 f    (373.56,201.69)
  data arrival time                                                                         0.4660

  clock core_clk (rise edge)                                                    0.0000      0.0000
  clock network delay (propagated)                                              0.2411      0.2411
  u_impl/red_shadow_reg_65__15_/CP (DFQD1)                                      0.0000      0.2411 r    (372.52,201.71)
  clock uncertainty                                                             0.2000      0.4411
  library hold time                                                             0.0342      0.4753
  data required time                                                                        0.4753
  ---------------------------------------------------------------------------------------------------------------------------
  data required time                                                                        0.4753
  data arrival time                                                                        -0.4660
  ---------------------------------------------------------------------------------------------------------------------------
  slack (VIOLATED)                                                                         -0.0093



  Startpoint: u_impl/black_shadow_reg_43__3_ (rising edge-triggered flip-flop clocked by core_clk)
  Endpoint: u_impl/u_core/g_row_4__g_col_3__u_pe/u_r_black/q_reg_3_ (rising edge-triggered flip-flop clocked by core_clk)
  Mode: FUNC
  Corner: BC
  Scenario: FUNC_BC
  Path Group: core_clk
  Path Type: min

  Point                                                                          Incr        Path           Location
  ---------------------------------------------------------------------------------------------------------------------------
  clock core_clk (rise edge)                                                    0.0000      0.0000
  clock network delay (propagated)                                              0.2161      0.2161

  u_impl/black_shadow_reg_43__3_/CP (DFQD2)                                     0.0000      0.2161 r    (485.52,437.49)
  u_impl/black_shadow_reg_43__3_/Q (DFQD2)                                      0.2107      0.4268 f    (489.06,437.50)
  u_impl/u_core/g_row_4__g_col_3__u_pe/u_r_black/U7/Z (AO222D0)                 0.1286      0.5554 f    (487.45,115.41)
  u_impl/u_core/g_row_4__g_col_3__u_pe/u_r_black/q_reg_3_/D (DFCNQD1)           0.0000      0.5554 f    (488.75,111.58)
  data arrival time                                                                         0.5554

  clock core_clk (rise edge)                                                    0.0000      0.0000
  clock network delay (propagated)                                              0.3252      0.3252
  u_impl/u_core/g_row_4__g_col_3__u_pe/u_r_black/q_reg_3_/CP (DFCNQD1)          0.0000      0.3252 r    (487.72,111.70)
  clock uncertainty                                                             0.2000      0.5252
  library hold time                                                             0.0392      0.5644
  data required time                                                                        0.5644
  ---------------------------------------------------------------------------------------------------------------------------
  data required time                                                                        0.5644
  data arrival time                                                                        -0.5554
  ---------------------------------------------------------------------------------------------------------------------------
  slack (VIOLATED)                                                                         -0.0090



  Startpoint: u_impl/west_shadow_reg_14__4_ (rising edge-triggered flip-flop clocked by core_clk)
  Endpoint: u_impl/west_shadow_reg_14__4_ (rising edge-triggered flip-flop clocked by core_clk)
  Mode: FUNC
  Corner: BC
  Scenario: FUNC_BC
  Path Group: core_clk
  Path Type: min

  Point                                                                          Incr        Path           Location
  ---------------------------------------------------------------------------------------------------------------------------
  clock core_clk (rise edge)                                                    0.0000      0.0000
  clock network delay (propagated)                                              0.3488      0.3488

  u_impl/west_shadow_reg_14__4_/CP (DFQD1)                                      0.0000      0.3488 r    (514.92,297.09)
  u_impl/west_shadow_reg_14__4_/Q (DFQD1)                                       0.1602      0.5090 f    (518.47,297.10)
  u_impl/U8824/ZN (MAOI22D0)                                                    0.0666      0.5756 f    (516.20,299.01)
  u_impl/west_shadow_reg_14__4_/D (DFQD1)                                       0.0000      0.5756 f    (515.96,297.12)
  data arrival time                                                                         0.5756

  clock core_clk (rise edge)                                                    0.0000      0.0000
  clock network delay (propagated)                                              0.3533      0.3533
  u_impl/west_shadow_reg_14__4_/CP (DFQD1)                                      0.0000      0.3533 r    (514.92,297.09)
  clock uncertainty                                                             0.2000      0.5533
  library hold time                                                             0.0313      0.5846
  data required time                                                                        0.5846
  ---------------------------------------------------------------------------------------------------------------------------
  data required time                                                                        0.5846
  data arrival time                                                                        -0.5756
  ---------------------------------------------------------------------------------------------------------------------------
  slack (VIOLATED)                                                                         -0.0090



  Startpoint: u_impl/red_shadow_reg_33__15_ (rising edge-triggered flip-flop clocked by core_clk)
  Endpoint: u_impl/u_core/g_row_3__g_col_3__u_pe/u_r_red/q_reg_15_ (rising edge-triggered flip-flop clocked by core_clk)
  Mode: FUNC
  Corner: BC
  Scenario: FUNC_BC
  Path Group: core_clk
  Path Type: min

  Point                                                                          Incr        Path           Location
  ---------------------------------------------------------------------------------------------------------------------------
  clock core_clk (rise edge)                                                    0.0000      0.0000
  clock network delay (propagated)                                              0.3139      0.3139

  u_impl/red_shadow_reg_33__15_/CP (DFQD1)                                      0.0000      0.3139 r    (576.32,167.49)
  u_impl/red_shadow_reg_33__15_/Q (DFQD1)                                       0.1429      0.4568 f    (579.87,167.50)
  u_impl/u_core/g_row_3__g_col_3__u_pe/u_r_red/U29/ZN (AOI22D0)                 0.0452      0.5020 r    (600.10,151.39)
  u_impl/u_core/g_row_3__g_col_3__u_pe/u_r_red/U31/ZN (CKND2D0)                 0.0283      0.5303 f    (599.15,147.72)
  u_impl/u_core/g_row_3__g_col_3__u_pe/u_r_red/copt_h_inst_48143/Z (CKBD0)      0.0386      0.5690 f    (599.71,145.88)
  u_impl/u_core/g_row_3__g_col_3__u_pe/u_r_red/q_reg_15_/D (DFCNQD1)            0.0000      0.5690 f    (599.15,142.43)
  data arrival time                                                                         0.5690

  clock core_clk (rise edge)                                                    0.0000      0.0000
  clock network delay (propagated)                                              0.3364      0.3364
  u_impl/u_core/g_row_3__g_col_3__u_pe/u_r_red/q_reg_15_/CP (DFCNQD1)           0.0000      0.3364 r    (598.12,142.30)
  clock uncertainty                                                             0.2000      0.5364
  library hold time                                                             0.0414      0.5779
  data required time                                                                        0.5779
  ---------------------------------------------------------------------------------------------------------------------------
  data required time                                                                        0.5779
  data arrival time                                                                        -0.5690
  ---------------------------------------------------------------------------------------------------------------------------
  slack (VIOLATED)                                                                         -0.0089



  Startpoint: u_impl/red_shadow_reg_23__8_ (rising edge-triggered flip-flop clocked by core_clk)
  Endpoint: u_impl/u_core/g_row_2__g_col_3__u_pe/u_r_red/q_reg_8_ (rising edge-triggered flip-flop clocked by core_clk)
  Mode: FUNC
  Corner: BC
  Scenario: FUNC_BC
  Path Group: core_clk
  Path Type: min

  Point                                                                          Incr        Path           Location
  ---------------------------------------------------------------------------------------------------------------------------
  clock core_clk (rise edge)                                                    0.0000      0.0000
  clock network delay (propagated)                                              0.2833      0.2833

  u_impl/red_shadow_reg_23__8_/CP (DFQD1)                                       0.0000      0.2833 r    (381.32,208.91)
  u_impl/red_shadow_reg_23__8_/Q (DFQD1)                                        0.1711      0.4544 f    (384.87,208.91)
  u_impl/u_core/g_row_2__g_col_3__u_pe/u_r_red/U18/Z (AO222D0)                  0.0909      0.5454 f    (378.55,138.59)
  u_impl/u_core/g_row_2__g_col_3__u_pe/u_r_red/q_reg_8_/D (DFCNQD1)             0.0000      0.5454 f    (380.55,136.78)
  data arrival time                                                                         0.5454

  clock core_clk (rise edge)                                                    0.0000      0.0000
  clock network delay (propagated)                                              0.3203      0.3203
  u_impl/u_core/g_row_2__g_col_3__u_pe/u_r_red/q_reg_8_/CP (DFCNQD1)            0.0000      0.3203 r    (379.52,136.90)
  clock uncertainty                                                             0.2000      0.5203
  library hold time                                                             0.0339      0.5542
  data required time                                                                        0.5542
  ---------------------------------------------------------------------------------------------------------------------------
  data required time                                                                        0.5542
  data arrival time                                                                        -0.5454
  ---------------------------------------------------------------------------------------------------------------------------
  slack (VIOLATED)                                                                         -0.0088



  Startpoint: u_impl/black_shadow_reg_165__3_ (rising edge-triggered flip-flop clocked by core_clk)
  Endpoint: u_impl/u_core/g_row_16__g_col_5__u_pe/u_r_black/q_reg_3_ (rising edge-triggered flip-flop clocked by core_clk)
  Mode: FUNC
  Corner: BC
  Scenario: FUNC_BC
  Path Group: core_clk
  Path Type: min

  Point                                                                           Incr        Path           Location
  ----------------------------------------------------------------------------------------------------------------------------
  clock core_clk (rise edge)                                                     0.0000      0.0000
  clock network delay (propagated)                                               0.2736      0.2736

  u_impl/black_shadow_reg_165__3_/CP (DFQD1)                                     0.0000      0.2736 r    (413.32,637.31)
  u_impl/black_shadow_reg_165__3_/Q (DFQD1)                                      0.1734      0.4470 f    (416.87,637.31)
  u_impl/u_core/g_row_16__g_col_5__u_pe/u_r_black/U10/Z (AO222D0)                0.0966      0.5436 f    (423.25,749.00)
  u_impl/u_core/g_row_16__g_col_5__u_pe/u_r_black/copt_h_inst_48289/Z (CKBD0)    0.0350      0.5786 f    (424.69,748.92)
  u_impl/u_core/g_row_16__g_col_5__u_pe/u_r_black/q_reg_3_/D (DFCNQD1)           0.0000      0.5786 f    (424.35,750.83)
  data arrival time                                                                          0.5786

  clock core_clk (rise edge)                                                     0.0000      0.0000
  clock network delay (propagated)                                               0.3535      0.3535
  u_impl/u_core/g_row_16__g_col_5__u_pe/u_r_black/q_reg_3_/CP (DFCNQD1)          0.0000      0.3535 r    (423.32,750.70)
  clock uncertainty                                                              0.2000      0.5535
  library hold time                                                              0.0337      0.5873
  data required time                                                                         0.5873
  ----------------------------------------------------------------------------------------------------------------------------
  data required time                                                                         0.5873
  data arrival time                                                                         -0.5786
  ----------------------------------------------------------------------------------------------------------------------------
  slack (VIOLATED)                                                                          -0.0087



  Startpoint: u_impl/u_core/g_row_9__g_col_3__u_pe/u_r_black/q_reg_1_ (rising edge-triggered flip-flop clocked by core_clk)
  Endpoint: u_impl/u_core/g_row_9__g_col_3__u_pe/u_r_black/q_reg_0_ (rising edge-triggered flip-flop clocked by core_clk)
  Mode: FUNC
  Corner: BC
  Scenario: FUNC_BC
  Path Group: core_clk
  Path Type: min

  Point                                                                           Incr        Path           Location
  ----------------------------------------------------------------------------------------------------------------------------
  clock core_clk (rise edge)                                                     0.0000      0.0000
  clock network delay (propagated)                                               0.3175      0.3175

  u_impl/u_core/g_row_9__g_col_3__u_pe/u_r_black/q_reg_1_/CP (DFCNQD1)           0.0000      0.3175 r    (226.72,455.50)
  u_impl/u_core/g_row_9__g_col_3__u_pe/u_r_black/q_reg_1_/Q (DFCNQD1)            0.1109      0.4284 f    (230.89,455.49)
  u_impl/u_core/g_row_9__g_col_3__u_pe/u_r_black/copt_h_inst_45485/Z (CKBD0)     0.0543      0.4827 f    (229.91,453.72)
  u_impl/u_core/g_row_9__g_col_3__u_pe/u_r_black/U18/Z (AO222D0)                 0.0875      0.5702 f    (226.35,446.61)
  u_impl/u_core/g_row_9__g_col_3__u_pe/u_r_black/q_reg_0_/D (DFCNQD1)            0.0000      0.5702 f    (222.75,444.83)
  data arrival time                                                                          0.5702

  clock core_clk (rise edge)                                                     0.0000      0.0000
  clock network delay (propagated)                                               0.3375      0.3375
  u_impl/u_core/g_row_9__g_col_3__u_pe/u_r_black/q_reg_0_/CP (DFCNQD1)           0.0000      0.3375 r    (221.72,444.70)
  clock uncertainty                                                              0.2000      0.5375
  library hold time                                                              0.0412      0.5787
  data required time                                                                         0.5787
  ----------------------------------------------------------------------------------------------------------------------------
  data required time                                                                         0.5787
  data arrival time                                                                         -0.5702
  ----------------------------------------------------------------------------------------------------------------------------
  slack (VIOLATED)                                                                          -0.0085



  Startpoint: u_impl/black_shadow_reg_80__6_ (rising edge-triggered flip-flop clocked by core_clk)
  Endpoint: u_impl/u_core/g_row_8__g_col_0__u_pe/u_r_black/q_reg_6_ (rising edge-triggered flip-flop clocked by core_clk)
  Mode: FUNC
  Corner: BC
  Scenario: FUNC_BC
  Path Group: core_clk
  Path Type: min

  Point                                                                           Incr        Path           Location
  ----------------------------------------------------------------------------------------------------------------------------
  clock core_clk (rise edge)                                                     0.0000      0.0000
  clock network delay (propagated)                                               0.2456      0.2456

  u_impl/black_shadow_reg_80__6_/CP (DFQD2)                                      0.0000      0.2456 r    (412.32,493.31)
  u_impl/black_shadow_reg_80__6_/Q (DFQD2)                                       0.2031      0.4487 f    (415.86,493.31)
  u_impl/u_core/g_row_8__g_col_0__u_pe/u_r_black/U13/Z (AO222D0)                 0.1074      0.5561 f    (240.55,342.21)
  u_impl/u_core/g_row_8__g_col_0__u_pe/u_r_black/q_reg_6_/D (DFCNQD1)            0.0000      0.5561 f    (241.75,336.82)
  data arrival time                                                                          0.5561

  clock core_clk (rise edge)                                                     0.0000      0.0000
  clock network delay (propagated)                                               0.3318      0.3318
  u_impl/u_core/g_row_8__g_col_0__u_pe/u_r_black/q_reg_6_/CP (DFCNQD1)           0.0000      0.3318 r    (240.72,336.70)
  clock uncertainty                                                              0.2000      0.5318
  library hold time                                                              0.0325      0.5643
  data required time                                                                         0.5643
  ----------------------------------------------------------------------------------------------------------------------------
  data required time                                                                         0.5643
  data arrival time                                                                         -0.5561
  ----------------------------------------------------------------------------------------------------------------------------
  slack (VIOLATED)                                                                          -0.0082



  Startpoint: u_impl/black_shadow_reg_19__8_ (rising edge-triggered flip-flop clocked by core_clk)
  Endpoint: u_impl/u_core/g_row_1__g_col_9__u_pe/u_r_black/q_reg_8_ (rising edge-triggered flip-flop clocked by core_clk)
  Mode: FUNC
  Corner: BC
  Scenario: FUNC_BC
  Path Group: core_clk
  Path Type: min

  Point                                                                           Incr        Path           Location
  ----------------------------------------------------------------------------------------------------------------------------
  clock core_clk (rise edge)                                                     0.0000      0.0000
  clock network delay (propagated)                                               0.3141      0.3141

  u_impl/black_shadow_reg_19__8_/CP (DFQD1)                                      0.0000      0.3141 r    (628.72,187.31)
  u_impl/black_shadow_reg_19__8_/Q (DFQD1)                                       0.1447      0.4588 f    (632.27,187.31)
  u_impl/u_core/g_row_1__g_col_9__u_pe/u_r_black/U16/Z (AO222D0)                 0.0937      0.5524 f    (635.85,151.41)
  u_impl/u_core/g_row_1__g_col_9__u_pe/u_r_black/q_reg_8_/D (DFCNQD1)            0.0000      0.5525 f    (636.35,142.43)
  data arrival time                                                                          0.5525

  clock core_clk (rise edge)                                                     0.0000      0.0000
  clock network delay (propagated)                                               0.3230      0.3230
  u_impl/u_core/g_row_1__g_col_9__u_pe/u_r_black/q_reg_8_/CP (DFCNQD1)           0.0000      0.3230 r    (635.32,142.30)
  clock uncertainty                                                              0.2000      0.5230
  library hold time                                                              0.0373      0.5604
  data required time                                                                         0.5604
  ----------------------------------------------------------------------------------------------------------------------------
  data required time                                                                         0.5604
  data arrival time                                                                         -0.5525
  ----------------------------------------------------------------------------------------------------------------------------
  slack (VIOLATED)                                                                          -0.0079



  Startpoint: u_impl/u_core/g_row_2__g_col_1__u_pe/u_sol/u_black_q_reg_13_ (rising edge-triggered flip-flop clocked by core_clk)
  Endpoint: u_impl/u_core/g_row_2__g_col_1__u_pe/u_sol/u_red_q_reg_13_ (rising edge-triggered flip-flop clocked by core_clk)
  Mode: FUNC
  Corner: BC
  Scenario: FUNC_BC
  Path Group: core_clk
  Path Type: min

  Point                                                                           Incr        Path           Location
  ----------------------------------------------------------------------------------------------------------------------------
  clock core_clk (rise edge)                                                     0.0000      0.0000
  clock network delay (propagated)                                               0.2286      0.2286

  u_impl/u_core/g_row_2__g_col_1__u_pe/u_sol/u_black_q_reg_13_/CP (DFCNQD1)      0.0000      0.2286 r    (336.12,50.50)
  u_impl/u_core/g_row_2__g_col_1__u_pe/u_sol/u_black_q_reg_13_/Q (DFCNQD1)       0.1280      0.3566 r    (340.29,50.51)
  u_impl/u_core/g_row_2__g_col_1__u_pe/u_sol/U30/ZN (AOI22D0)                    0.0429      0.3995 f    (341.70,59.41)
  u_impl/u_core/g_row_2__g_col_1__u_pe/u_sol/intadd_190_U3/S (FA1D0)             0.0968      0.4963 r    (342.38,61.44)
  u_impl/u_core/g_row_2__g_col_1__u_pe/u_sol/U45/ZN (OAI222D0)                   0.0460      0.5422 f    (339.91,53.99)
  u_impl/u_core/g_row_2__g_col_1__u_pe/u_sol/u_red_q_reg_13_/D (DFCNQD1)         0.0000      0.5422 f    (339.35,56.03)
  data arrival time                                                                          0.5422

  clock core_clk (rise edge)                                                     0.0000      0.0000
  clock network delay (propagated)                                               0.3197      0.3197
  u_impl/u_core/g_row_2__g_col_1__u_pe/u_sol/u_red_q_reg_13_/CP (DFCNQD1)        0.0000      0.3197 r    (338.32,55.90)
  clock uncertainty                                                              0.2000      0.5197
  library hold time                                                              0.0303      0.5500
  data required time                                                                         0.5500
  ----------------------------------------------------------------------------------------------------------------------------
  data required time                                                                         0.5500
  data arrival time                                                                         -0.5422
  ----------------------------------------------------------------------------------------------------------------------------
  slack (VIOLATED)                                                                          -0.0078



  Startpoint: u_impl/u_core/g_row_11__g_col_3__u_pe/u_sol/u_red_q_reg_0_ (rising edge-triggered flip-flop clocked by core_clk)
  Endpoint: u_impl/u_core/g_row_11__g_col_3__u_pe/u_sol/u_red_q_reg_0_ (rising edge-triggered flip-flop clocked by core_clk)
  Mode: FUNC
  Corner: BC
  Scenario: FUNC_BC
  Path Group: core_clk
  Path Type: min

  Point                                                                           Incr        Path           Location
  ----------------------------------------------------------------------------------------------------------------------------
  clock core_clk (rise edge)                                                     0.0000      0.0000
  clock network delay (propagated)                                               0.3300      0.3300

  u_impl/u_core/g_row_11__g_col_3__u_pe/u_sol/u_red_q_reg_0_/CP (DFCNQD1)        0.0000      0.3300 r    (133.72,678.70)
  u_impl/u_core/g_row_11__g_col_3__u_pe/u_sol/u_red_q_reg_0_/Q (DFCNQD1)         0.1174      0.4475 f    (137.89,678.69)
  u_impl/u_core/g_row_11__g_col_3__u_pe/u_sol/U69/ZN (CKND0)                     0.0526      0.5001 r    (133.15,678.68)
  u_impl/u_core/g_row_11__g_col_3__u_pe/u_sol/U104/ZN (OAI222D0)                 0.0570      0.5571 f    (129.09,680.39)
  u_impl/u_core/g_row_11__g_col_3__u_pe/u_sol/u_red_q_reg_0_/D (DFCNQD1)         0.0000      0.5571 f    (134.75,678.83)
  data arrival time                                                                          0.5571

  clock core_clk (rise edge)                                                     0.0000      0.0000
  clock network delay (propagated)                                               0.3341      0.3341
  u_impl/u_core/g_row_11__g_col_3__u_pe/u_sol/u_red_q_reg_0_/CP (DFCNQD1)        0.0000      0.3341 r    (133.72,678.70)
  clock uncertainty                                                              0.2000      0.5341
  library hold time                                                              0.0306      0.5648
  data required time                                                                         0.5648
  ----------------------------------------------------------------------------------------------------------------------------
  data required time                                                                         0.5648
  data arrival time                                                                         -0.5571
  ----------------------------------------------------------------------------------------------------------------------------
  slack (VIOLATED)                                                                          -0.0077



  Startpoint: u_impl/u_core/g_row_7__g_col_0__u_pe/u_r_black/q_reg_0_ (rising edge-triggered flip-flop clocked by core_clk)
  Endpoint: u_impl/u_core/g_row_7__g_col_0__u_pe/u_r_black/q_reg_15_ (rising edge-triggered flip-flop clocked by core_clk)
  Mode: FUNC
  Corner: BC
  Scenario: FUNC_BC
  Path Group: core_clk
  Path Type: min

  Point                                                                           Incr        Path           Location
  ----------------------------------------------------------------------------------------------------------------------------
  clock core_clk (rise edge)                                                     0.0000      0.0000
  clock network delay (propagated)                                               0.2205      0.2205

  u_impl/u_core/g_row_7__g_col_0__u_pe/u_r_black/q_reg_0_/CP (DFCNQD1)           0.0000      0.2205 r    (253.72,196.30)
  u_impl/u_core/g_row_7__g_col_0__u_pe/u_r_black/q_reg_0_/Q (DFCNQD1)            0.1445      0.3650 f    (257.88,196.29)
  u_impl/u_core/g_row_7__g_col_0__u_pe/u_r_black/U28/Z (MUX4D0)                  0.1007      0.4657 f    (232.71,190.95)
  u_impl/u_core/g_row_7__g_col_0__u_pe/u_r_black/U30/ZN (OAI221D0)               0.0422      0.5079 r    (242.01,192.81)
  u_impl/u_core/g_row_7__g_col_0__u_pe/u_r_black/U31/ZN (CKND2D0)                0.0321      0.5400 f    (243.35,192.68)
  u_impl/u_core/g_row_7__g_col_0__u_pe/u_r_black/q_reg_15_/D (DFCNQD1)           0.0000      0.5400 f    (241.15,190.78)
  data arrival time                                                                          0.5400

  clock core_clk (rise edge)                                                     0.0000      0.0000
  clock network delay (propagated)                                               0.3159      0.3159
  u_impl/u_core/g_row_7__g_col_0__u_pe/u_r_black/q_reg_15_/CP (DFCNQD1)          0.0000      0.3159 r    (240.12,190.90)
  clock uncertainty                                                              0.2000      0.5159
  library hold time                                                              0.0316      0.5475
  data required time                                                                         0.5475
  ----------------------------------------------------------------------------------------------------------------------------
  data required time                                                                         0.5475
  data arrival time                                                                         -0.5400
  ----------------------------------------------------------------------------------------------------------------------------
  slack (VIOLATED)                                                                          -0.0075



  Startpoint: u_impl/black_shadow_reg_45__5_ (rising edge-triggered flip-flop clocked by core_clk)
  Endpoint: u_impl/u_core/g_row_4__g_col_5__u_pe/u_r_black/q_reg_5_ (rising edge-triggered flip-flop clocked by core_clk)
  Mode: FUNC
  Corner: BC
  Scenario: FUNC_BC
  Path Group: core_clk
  Path Type: min

  Point                                                                           Incr        Path           Location
  ----------------------------------------------------------------------------------------------------------------------------
  clock core_clk (rise edge)                                                     0.0000      0.0000
  clock network delay (propagated)                                               0.2375      0.2375

  u_impl/black_shadow_reg_45__5_/CP (DFQD1)                                      0.0000      0.2375 r    (387.92,185.49)
  u_impl/black_shadow_reg_45__5_/Q (DFQD1)                                       0.1546      0.3921 f    (391.47,185.50)
  u_impl/u_core/g_row_4__g_col_5__u_pe/u_r_black/copt_h_inst_32728/Z (CKBD0)     0.0904      0.4825 f    (459.91,181.88)
  u_impl/u_core/g_row_4__g_col_5__u_pe/u_r_black/U13/Z (AO222D0)                 0.0747      0.5572 f    (460.65,137.00)
  u_impl/u_core/g_row_4__g_col_5__u_pe/u_r_black/q_reg_5_/D (DFCNQD1)            0.0000      0.5572 f    (461.95,136.78)
  data arrival time                                                                          0.5572

  clock core_clk (rise edge)                                                     0.0000      0.0000
  clock network delay (propagated)                                               0.3248      0.3248
  u_impl/u_core/g_row_4__g_col_5__u_pe/u_r_black/q_reg_5_/CP (DFCNQD1)           0.0000      0.3248 r    (460.92,136.90)
  clock uncertainty                                                              0.2000      0.5248
  library hold time                                                              0.0399      0.5647
  data required time                                                                         0.5647
  ----------------------------------------------------------------------------------------------------------------------------
  data required time                                                                         0.5647
  data arrival time                                                                         -0.5572
  ----------------------------------------------------------------------------------------------------------------------------
  slack (VIOLATED)                                                                          -0.0075



  Startpoint: u_impl/red_shadow_reg_20__13_ (rising edge-triggered flip-flop clocked by core_clk)
  Endpoint: u_impl/u_core/g_row_2__g_col_0__u_pe/u_r_red/q_reg_13_ (rising edge-triggered flip-flop clocked by core_clk)
  Mode: FUNC
  Corner: BC
  Scenario: FUNC_BC
  Path Group: core_clk
  Path Type: min

  Point                                                                           Incr        Path           Location
  ----------------------------------------------------------------------------------------------------------------------------
  clock core_clk (rise edge)                                                     0.0000      0.0000
  clock network delay (propagated)                                               0.2371      0.2371

  u_impl/red_shadow_reg_20__13_/CP (DFQD1)                                       0.0000      0.2371 r    (373.52,203.49)
  u_impl/red_shadow_reg_20__13_/Q (DFQD1)                                        0.1140      0.3510 f    (377.07,203.50)
  u_impl/copt_h_inst_27573/Z (CKBD0)                                             0.1094      0.4605 f    (377.89,201.72)
  u_impl/u_core/g_row_2__g_col_0__u_pe/u_r_red/U19/ZN (AOI22D0)                  0.0642      0.5247 r    (369.30,171.01)
  u_impl/u_core/g_row_2__g_col_0__u_pe/u_r_red/U22/ZN (CKND2D0)                  0.0290      0.5537 f    (367.95,167.48)
  u_impl/u_core/g_row_2__g_col_0__u_pe/u_r_red/q_reg_13_/D (DFCNQD1)             0.0000      0.5537 f    (368.15,165.58)
  data arrival time                                                                          0.5537

  clock core_clk (rise edge)                                                     0.0000      0.0000
  clock network delay (propagated)                                               0.3272      0.3272
  u_impl/u_core/g_row_2__g_col_0__u_pe/u_r_red/q_reg_13_/CP (DFCNQD1)            0.0000      0.3272 r    (367.12,165.70)
  clock uncertainty                                                              0.2000      0.5272
  library hold time                                                              0.0338      0.5610
  data required time                                                                         0.5610
  ----------------------------------------------------------------------------------------------------------------------------
  data required time                                                                         0.5610
  data arrival time                                                                         -0.5537
  ----------------------------------------------------------------------------------------------------------------------------
  slack (VIOLATED)                                                                          -0.0073



  Startpoint: u_impl/u_core/g_row_19__g_col_3__u_pe/u_sol/u_red_q_reg_0_ (rising edge-triggered flip-flop clocked by core_clk)
  Endpoint: u_impl/u_core/g_row_19__g_col_3__u_pe/u_sol/u_red_q_reg_0_ (rising edge-triggered flip-flop clocked by core_clk)
  Mode: FUNC
  Corner: BC
  Scenario: FUNC_BC
  Path Group: core_clk
  Path Type: min

  Point                                                                           Incr        Path           Location
  ----------------------------------------------------------------------------------------------------------------------------
  clock core_clk (rise edge)                                                     0.0000      0.0000
  clock network delay (propagated)                                               0.2477      0.2477

  u_impl/u_core/g_row_19__g_col_3__u_pe/u_sol/u_red_q_reg_0_/CP (DFCNQD1)        0.0000      0.2477 r    (831.12,423.10)
  u_impl/u_core/g_row_19__g_col_3__u_pe/u_sol/u_red_q_reg_0_/Q (DFCNQD1)         0.1240      0.3717 f    (835.29,423.09)
  u_impl/u_core/g_row_19__g_col_3__u_pe/u_sol/U69/ZN (CKND0)                     0.0503      0.4220 r    (829.95,424.92)
  u_impl/u_core/g_row_19__g_col_3__u_pe/u_sol/U104/ZN (OAI222D0)                 0.0545      0.4765 f    (832.89,430.41)
  u_impl/u_core/g_row_19__g_col_3__u_pe/u_sol/u_red_q_reg_0_/D (DFCNQD1)         0.0000      0.4765 f    (832.15,423.23)
  data arrival time                                                                          0.4765

  clock core_clk (rise edge)                                                     0.0000      0.0000
  clock network delay (propagated)                                               0.2505      0.2505
  u_impl/u_core/g_row_19__g_col_3__u_pe/u_sol/u_red_q_reg_0_/CP (DFCNQD1)        0.0000      0.2505 r    (831.12,423.10)
  clock uncertainty                                                              0.2000      0.4505
  library hold time                                                              0.0332      0.4837
  data required time                                                                         0.4837
  ----------------------------------------------------------------------------------------------------------------------------
  data required time                                                                         0.4837
  data arrival time                                                                         -0.4765
  ----------------------------------------------------------------------------------------------------------------------------
  slack (VIOLATED)                                                                          -0.0073



  Startpoint: u_impl/black_shadow_reg_184__7_ (rising edge-triggered flip-flop clocked by core_clk)
  Endpoint: u_impl/black_shadow_reg_184__7_ (rising edge-triggered flip-flop clocked by core_clk)
  Mode: FUNC
  Corner: BC
  Scenario: FUNC_BC
  Path Group: core_clk
  Path Type: min

  Point                                                                           Incr        Path           Location
  ----------------------------------------------------------------------------------------------------------------------------
  clock core_clk (rise edge)                                                     0.0000      0.0000
  clock network delay (propagated)                                               0.3054      0.3054

  u_impl/black_shadow_reg_184__7_/CP (DFQD1)                                     0.0000      0.3054 r    (698.92,588.69)
  u_impl/black_shadow_reg_184__7_/Q (DFQD1)                                      0.1360      0.4413 f    (702.47,588.70)
  u_impl/copt_h_inst_38209/Z (CKBD0)                                             0.0391      0.4805 f    (695.49,583.32)
  u_impl/U1416/ZN (MAOI22D0)                                                     0.0542      0.5347 f    (697.00,584.99)
  u_impl/black_shadow_reg_184__7_/D (DFQD1)                                      0.0000      0.5347 f    (699.96,588.72)
  data arrival time                                                                          0.5347

  clock core_clk (rise edge)                                                     0.0000      0.0000
  clock network delay (propagated)                                               0.3100      0.3100
  u_impl/black_shadow_reg_184__7_/CP (DFQD1)                                     0.0000      0.3100 r    (698.92,588.69)
  clock uncertainty                                                              0.2000      0.5100
  library hold time                                                              0.0315      0.5415
  data required time                                                                         0.5415
  ----------------------------------------------------------------------------------------------------------------------------
  data required time                                                                         0.5415
  data arrival time                                                                         -0.5347
  ----------------------------------------------------------------------------------------------------------------------------
  slack (VIOLATED)                                                                          -0.0068



  Startpoint: u_impl/u_core/g_row_4__g_col_1__u_pe/u_sol/u_black_q_reg_9_ (rising edge-triggered flip-flop clocked by core_clk)
  Endpoint: u_impl/u_core/g_row_4__g_col_1__u_pe/u_sol/u_black_q_reg_8_ (rising edge-triggered flip-flop clocked by core_clk)
  Mode: FUNC
  Corner: BC
  Scenario: FUNC_BC
  Path Group: core_clk
  Path Type: min

  Point                                                                           Incr        Path           Location
  ----------------------------------------------------------------------------------------------------------------------------
  clock core_clk (rise edge)                                                     0.0000      0.0000
  clock network delay (propagated)                                               0.3065      0.3065

  u_impl/u_core/g_row_4__g_col_1__u_pe/u_sol/u_black_q_reg_9_/CP (DFCNQD1)       0.0000      0.3065 r    (548.32,19.90)
  u_impl/u_core/g_row_4__g_col_1__u_pe/u_sol/u_black_q_reg_9_/Q (DFCNQD1)        0.1264      0.4329 f    (552.49,19.89)
  u_impl/u_core/g_row_4__g_col_1__u_pe/u_sol/U86/ZN (CKND0)                      0.0226      0.4555 r    (549.35,23.48)
  u_impl/u_core/g_row_4__g_col_1__u_pe/u_sol/copt_h_inst_41041/Z (CKBD0)         0.0443      0.4998 r    (545.09,23.48)
  u_impl/u_core/g_row_4__g_col_1__u_pe/u_sol/U89/ZN (OAI222D0)                   0.0323      0.5322 f    (544.89,27.21)
  u_impl/u_core/g_row_4__g_col_1__u_pe/u_sol/u_black_q_reg_8_/D (DFCNQD1)        0.0000      0.5322 f    (546.95,27.23)
  data arrival time                                                                          0.5322

  clock core_clk (rise edge)                                                     0.0000      0.0000
  clock network delay (propagated)                                               0.3036      0.3036
  u_impl/u_core/g_row_4__g_col_1__u_pe/u_sol/u_black_q_reg_8_/CP (DFCNQD1)       0.0000      0.3036 r    (545.92,27.10)
  clock uncertainty                                                              0.2000      0.5036
  library hold time                                                              0.0353      0.5388
  data required time                                                                         0.5388
  ----------------------------------------------------------------------------------------------------------------------------
  data required time                                                                         0.5388
  data arrival time                                                                         -0.5322
  ----------------------------------------------------------------------------------------------------------------------------
  slack (VIOLATED)                                                                          -0.0067



  Startpoint: u_impl/black_shadow_reg_185__0_ (rising edge-triggered flip-flop clocked by core_clk)
  Endpoint: u_impl/u_core/g_row_18__g_col_5__u_pe/u_r_black/q_reg_0_ (rising edge-triggered flip-flop clocked by core_clk)
  Mode: FUNC
  Corner: BC
  Scenario: FUNC_BC
  Path Group: core_clk
  Path Type: min

  Point                                                                           Incr        Path           Location
  ----------------------------------------------------------------------------------------------------------------------------
  clock core_clk (rise edge)                                                     0.0000      0.0000
  clock network delay (propagated)                                               0.2421      0.2421

  u_impl/black_shadow_reg_185__0_/CP (DFQD2)                                     0.0000      0.2421 r    (451.32,567.09)
  u_impl/black_shadow_reg_185__0_/Q (DFQD2)                                      0.1982      0.4403 f    (454.86,567.10)
  u_impl/u_core/g_row_18__g_col_5__u_pe/u_r_black/U16/Z (AO222D0)                0.1134      0.5537 f    (790.65,559.80)
  u_impl/u_core/g_row_18__g_col_5__u_pe/u_r_black/q_reg_0_/D (DFCNQD1)           0.0000      0.5537 f    (792.35,563.62)
  data arrival time                                                                          0.5537

  clock core_clk (rise edge)                                                     0.0000      0.0000
  clock network delay (propagated)                                               0.3303      0.3303
  u_impl/u_core/g_row_18__g_col_5__u_pe/u_r_black/q_reg_0_/CP (DFCNQD1)          0.0000      0.3303 r    (791.32,563.50)
  clock uncertainty                                                              0.2000      0.5303
  library hold time                                                              0.0297      0.5600
  data required time                                                                         0.5600
  ----------------------------------------------------------------------------------------------------------------------------
  data required time                                                                         0.5600
  data arrival time                                                                         -0.5537
  ----------------------------------------------------------------------------------------------------------------------------
  slack (VIOLATED)                                                                          -0.0063



  Startpoint: u_impl/red_shadow_reg_29__15_ (rising edge-triggered flip-flop clocked by core_clk)
  Endpoint: u_impl/u_core/g_row_2__g_col_9__u_pe/u_r_red/q_reg_15_ (rising edge-triggered flip-flop clocked by core_clk)
  Mode: FUNC
  Corner: BC
  Scenario: FUNC_BC
  Path Group: core_clk
  Path Type: min

  Point                                                                           Incr        Path           Location
  ----------------------------------------------------------------------------------------------------------------------------
  clock core_clk (rise edge)                                                     0.0000      0.0000
  clock network delay (propagated)                                               0.2833      0.2833

  u_impl/red_shadow_reg_29__15_/CP (DFQD1)                                       0.0000      0.2833 r    (383.52,212.51)
  u_impl/red_shadow_reg_29__15_/Q (DFQD1)                                        0.1710      0.4543 f    (387.07,212.51)
  u_impl/u_core/g_row_2__g_col_9__u_pe/u_r_red/U29/ZN (AOI22D0)                  0.0562      0.5105 r    (387.30,109.81)
  u_impl/u_core/g_row_2__g_col_9__u_pe/u_r_red/U31/ZN (CKND2D0)                  0.0429      0.5535 f    (390.65,109.88)
  u_impl/u_core/g_row_2__g_col_9__u_pe/u_r_red/q_reg_15_/D (DFCNQD1)             0.0000      0.5535 f    (388.35,100.78)
  data arrival time                                                                          0.5535

  clock core_clk (rise edge)                                                     0.0000      0.0000
  clock network delay (propagated)                                               0.3273      0.3273
  u_impl/u_core/g_row_2__g_col_9__u_pe/u_r_red/q_reg_15_/CP (DFCNQD1)            0.0000      0.3273 r    (387.32,100.90)
  clock uncertainty                                                              0.2000      0.5273
  library hold time                                                              0.0324      0.5597
  data required time                                                                         0.5597
  ----------------------------------------------------------------------------------------------------------------------------
  data required time                                                                         0.5597
  data arrival time                                                                         -0.5535
  ----------------------------------------------------------------------------------------------------------------------------
  slack (VIOLATED)                                                                          -0.0062



  Startpoint: u_impl/east_shadow_reg_1__10_ (rising edge-triggered flip-flop clocked by core_clk)
  Endpoint: u_impl/east_shadow_reg_1__10_ (rising edge-triggered flip-flop clocked by core_clk)
  Mode: FUNC
  Corner: BC
  Scenario: FUNC_BC
  Path Group: core_clk
  Path Type: min

  Point                                                                           Incr        Path           Location
  ----------------------------------------------------------------------------------------------------------------------------
  clock core_clk (rise edge)                                                     0.0000      0.0000
  clock network delay (propagated)                                               0.3694      0.3694

  u_impl/east_shadow_reg_1__10_/CP (DFQD1)                                       0.0000      0.3694 r    (679.32,424.91)
  u_impl/east_shadow_reg_1__10_/Q (DFQD1)                                        0.1577      0.5271 f    (682.87,424.91)
  u_impl/U8940/ZN (IAO22D0)                                                      0.0675      0.5946 f    (677.85,424.89)
  u_impl/east_shadow_reg_1__10_/D (DFQD1)                                        0.0000      0.5946 f    (680.36,424.89)
  data arrival time                                                                          0.5946

  clock core_clk (rise edge)                                                     0.0000      0.0000
  clock network delay (propagated)                                               0.3741      0.3741
  u_impl/east_shadow_reg_1__10_/CP (DFQD1)                                       0.0000      0.3741 r    (679.32,424.91)
  clock uncertainty                                                              0.2000      0.5741
  library hold time                                                              0.0267      0.6008
  data required time                                                                         0.6008
  ----------------------------------------------------------------------------------------------------------------------------
  data required time                                                                         0.6008
  data arrival time                                                                         -0.5946
  ----------------------------------------------------------------------------------------------------------------------------
  slack (VIOLATED)                                                                          -0.0062



  Startpoint: u_impl/u_core/g_row_7__g_col_4__u_pe/u_r_black/q_reg_15_ (rising edge-triggered flip-flop clocked by core_clk)
  Endpoint: u_impl/u_core/g_row_7__g_col_4__u_pe/u_r_black/q_reg_14_ (rising edge-triggered flip-flop clocked by core_clk)
  Mode: FUNC
  Corner: BC
  Scenario: FUNC_BC
  Path Group: core_clk
  Path Type: min

  Point                                                                           Incr        Path           Location
  ----------------------------------------------------------------------------------------------------------------------------
  clock core_clk (rise edge)                                                     0.0000      0.0000
  clock network delay (propagated)                                               0.3236      0.3236

  u_impl/u_core/g_row_7__g_col_4__u_pe/u_r_black/q_reg_15_/CP (DFCNQD1)          0.0000      0.3236 r    (185.12,329.50)
  u_impl/u_core/g_row_7__g_col_4__u_pe/u_r_black/q_reg_15_/Q (DFCNQD1)           0.1282      0.4517 f    (189.28,329.49)
  u_impl/u_core/g_row_7__g_col_4__u_pe/u_r_black/copt_h_inst_45113/Z (CKBD0)     0.0410      0.4927 f    (191.89,329.48)
  u_impl/u_core/g_row_7__g_col_4__u_pe/u_r_black/U24/ZN (OAI221D0)               0.0382      0.5309 r    (194.01,329.61)
  u_impl/u_core/g_row_7__g_col_4__u_pe/u_r_black/U25/ZN (CKND2D0)                0.0307      0.5616 f    (195.35,329.48)
  u_impl/u_core/g_row_7__g_col_4__u_pe/u_r_black/q_reg_14_/D (DFCNQD1)           0.0000      0.5616 f    (193.15,331.18)
  data arrival time                                                                          0.5616

  clock core_clk (rise edge)                                                     0.0000      0.0000
  clock network delay (propagated)                                               0.3280      0.3280
  u_impl/u_core/g_row_7__g_col_4__u_pe/u_r_black/q_reg_14_/CP (DFCNQD1)          0.0000      0.3280 r    (192.12,331.30)
  clock uncertainty                                                              0.2000      0.5280
  library hold time                                                              0.0397      0.5677
  data required time                                                                         0.5677
  ----------------------------------------------------------------------------------------------------------------------------
  data required time                                                                         0.5677
  data arrival time                                                                         -0.5616
  ----------------------------------------------------------------------------------------------------------------------------
  slack (VIOLATED)                                                                          -0.0061



  Startpoint: u_impl/u_core/g_row_4__g_col_2__u_pe/u_sol/u_black_q_reg_0_ (rising edge-triggered flip-flop clocked by core_clk)
  Endpoint: u_impl/u_core/g_row_4__g_col_2__u_pe/u_sol/u_black_q_reg_0_ (rising edge-triggered flip-flop clocked by core_clk)
  Mode: FUNC
  Corner: BC
  Scenario: FUNC_BC
  Path Group: core_clk
  Path Type: min

  Point                                                                           Incr        Path           Location
  ----------------------------------------------------------------------------------------------------------------------------
  clock core_clk (rise edge)                                                     0.0000      0.0000
  clock network delay (propagated)                                               0.2992      0.2992

  u_impl/u_core/g_row_4__g_col_2__u_pe/u_sol/u_black_q_reg_0_/CP (DFCNQD1)       0.0000      0.2992 r    (517.92,43.30)
  u_impl/u_core/g_row_4__g_col_2__u_pe/u_sol/u_black_q_reg_0_/Q (DFCNQD1)        0.1250      0.4242 f    (522.09,43.31)
  u_impl/u_core/g_row_4__g_col_2__u_pe/u_sol/U69/ZN (INVD0)                      0.0463      0.4705 r    (521.02,45.10)
  u_impl/u_core/g_row_4__g_col_2__u_pe/u_sol/U104/ZN (OAI222D0)                  0.0603      0.5309 f    (520.71,53.99)
  u_impl/u_core/g_row_4__g_col_2__u_pe/u_sol/u_black_q_reg_0_/D (DFCNQD1)        0.0000      0.5309 f    (518.95,43.18)
  data arrival time                                                                          0.5309

  clock core_clk (rise edge)                                                     0.0000      0.0000
  clock network delay (propagated)                                               0.3030      0.3030
  u_impl/u_core/g_row_4__g_col_2__u_pe/u_sol/u_black_q_reg_0_/CP (DFCNQD1)       0.0000      0.3030 r    (517.92,43.30)
  clock uncertainty                                                              0.2000      0.5030
  library hold time                                                              0.0340      0.5370
  data required time                                                                         0.5370
  ----------------------------------------------------------------------------------------------------------------------------
  data required time                                                                         0.5370
  data arrival time                                                                         -0.5309
  ----------------------------------------------------------------------------------------------------------------------------
  slack (VIOLATED)                                                                          -0.0061



  Startpoint: u_impl/black_shadow_reg_80__9_ (rising edge-triggered flip-flop clocked by core_clk)
  Endpoint: u_impl/u_core/g_row_8__g_col_0__u_pe/u_r_black/q_reg_9_ (rising edge-triggered flip-flop clocked by core_clk)
  Mode: FUNC
  Corner: BC
  Scenario: FUNC_BC
  Path Group: core_clk
  Path Type: min

  Point                                                                           Incr        Path           Location
  ----------------------------------------------------------------------------------------------------------------------------
  clock core_clk (rise edge)                                                     0.0000      0.0000
  clock network delay (propagated)                                               0.3539      0.3539

  u_impl/black_shadow_reg_80__9_/CP (DFQD1)                                      0.0000      0.3539 r    (259.72,342.11)
  u_impl/black_shadow_reg_80__9_/Q (DFQD1)                                       0.1311      0.4850 f    (263.27,342.11)
  u_impl/u_core/g_row_8__g_col_0__u_pe/u_r_black/U14/Z (AO222D0)                 0.0729      0.5579 f    (253.15,345.81)
  u_impl/u_core/g_row_8__g_col_0__u_pe/u_r_black/q_reg_9_/D (DFCNQD1)            0.0000      0.5579 f    (245.15,347.62)
  data arrival time                                                                          0.5579

  clock core_clk (rise edge)                                                     0.0000      0.0000
  clock network delay (propagated)                                               0.3321      0.3321
  u_impl/u_core/g_row_8__g_col_0__u_pe/u_r_black/q_reg_9_/CP (DFCNQD1)           0.0000      0.3321 r    (244.12,347.50)
  clock uncertainty                                                              0.2000      0.5321
  library hold time                                                              0.0319      0.5640
  data required time                                                                         0.5640
  ----------------------------------------------------------------------------------------------------------------------------
  data required time                                                                         0.5640
  data arrival time                                                                         -0.5579
  ----------------------------------------------------------------------------------------------------------------------------
  slack (VIOLATED)                                                                          -0.0061



  Startpoint: u_impl/u_core/g_row_9__g_col_1__u_pe/u_sol/u_red_q_reg_3_ (rising edge-triggered flip-flop clocked by core_clk)
  Endpoint: u_impl/u_core/g_row_9__g_col_1__u_pe/u_sol/u_red_q_reg_2_ (rising edge-triggered flip-flop clocked by core_clk)
  Mode: FUNC
  Corner: BC
  Scenario: FUNC_BC
  Path Group: core_clk
  Path Type: min

  Point                                                                           Incr        Path           Location
  ----------------------------------------------------------------------------------------------------------------------------
  clock core_clk (rise edge)                                                     0.0000      0.0000
  clock network delay (propagated)                                               0.3262      0.3262

  u_impl/u_core/g_row_9__g_col_1__u_pe/u_sol/u_red_q_reg_3_/CP (DFCNQD1)         0.0000      0.3262 r    (90.92,406.90)
  u_impl/u_core/g_row_9__g_col_1__u_pe/u_sol/u_red_q_reg_3_/Q (DFCNQD1)          0.1178      0.4440 f    (95.09,406.91)
  u_impl/u_core/g_row_9__g_col_1__u_pe/u_sol/copt_h_inst_47137/Z (CKBD0)         0.0403      0.4843 f    (93.91,405.08)
  u_impl/u_core/g_row_9__g_col_1__u_pe/u_sol/U98/ZN (CKND0)                      0.0324      0.5167 r    (92.35,414.12)
  u_impl/u_core/g_row_9__g_col_1__u_pe/u_sol/U101/ZN (OAI222D0)                  0.0385      0.5552 f    (90.09,416.01)
  u_impl/u_core/g_row_9__g_col_1__u_pe/u_sol/u_red_q_reg_2_/D (DFCNQD1)          0.0000      0.5552 f    (91.95,412.43)
  data arrival time                                                                          0.5552

  clock core_clk (rise edge)                                                     0.0000      0.0000
  clock network delay (propagated)                                               0.3306      0.3306
  u_impl/u_core/g_row_9__g_col_1__u_pe/u_sol/u_red_q_reg_2_/CP (DFCNQD1)         0.0000      0.3306 r    (90.92,412.30)
  clock uncertainty                                                              0.2000      0.5306
  library hold time                                                              0.0306      0.5612
  data required time                                                                         0.5612
  ----------------------------------------------------------------------------------------------------------------------------
  data required time                                                                         0.5612
  data arrival time                                                                         -0.5552
  ----------------------------------------------------------------------------------------------------------------------------
  slack (VIOLATED)                                                                          -0.0060



  Startpoint: u_impl/red_shadow_reg_161__13_ (rising edge-triggered flip-flop clocked by core_clk)
  Endpoint: u_impl/u_core/g_row_16__g_col_1__u_pe/u_r_red/q_reg_13_ (rising edge-triggered flip-flop clocked by core_clk)
  Mode: FUNC
  Corner: BC
  Scenario: FUNC_BC
  Path Group: core_clk
  Path Type: min

  Point                                                                           Incr        Path           Location
  ----------------------------------------------------------------------------------------------------------------------------
  clock core_clk (rise edge)                                                     0.0000      0.0000
  clock network delay (propagated)                                               0.2425      0.2425

  u_impl/red_shadow_reg_161__13_/CP (DFQD2)                                      0.0000      0.2425 r    (431.32,556.29)
  u_impl/red_shadow_reg_161__13_/Q (DFQD2)                                       0.2076      0.4501 f    (434.86,556.30)
  u_impl/u_core/g_row_16__g_col_1__u_pe/u_r_red/U19/ZN (AOI22D0)                 0.0712      0.5213 r    (493.70,774.19)
  u_impl/u_core/g_row_16__g_col_1__u_pe/u_r_red/U22/ZN (CKND2D0)                 0.0319      0.5532 f    (491.85,777.72)
  u_impl/u_core/g_row_16__g_col_1__u_pe/u_r_red/q_reg_13_/D (DFCNQD1)            0.0000      0.5532 f    (490.55,776.03)
  data arrival time                                                                          0.5532

  clock core_clk (rise edge)                                                     0.0000      0.0000
  clock network delay (propagated)                                               0.3269      0.3269
  u_impl/u_core/g_row_16__g_col_1__u_pe/u_r_red/q_reg_13_/CP (DFCNQD1)           0.0000      0.3269 r    (489.52,775.90)
  clock uncertainty                                                              0.2000      0.5269
  library hold time                                                              0.0322      0.5591
  data required time                                                                         0.5591
  ----------------------------------------------------------------------------------------------------------------------------
  data required time                                                                         0.5591
  data arrival time                                                                         -0.5532
  ----------------------------------------------------------------------------------------------------------------------------
  slack (VIOLATED)                                                                          -0.0059



  Startpoint: u_impl/red_shadow_reg_62__15_ (rising edge-triggered flip-flop clocked by core_clk)
  Endpoint: u_impl/u_core/g_row_6__g_col_2__u_pe/u_r_red/q_reg_15_ (rising edge-triggered flip-flop clocked by core_clk)
  Mode: FUNC
  Corner: BC
  Scenario: FUNC_BC
  Path Group: core_clk
  Path Type: min

  Point                                                                           Incr        Path           Location
  ----------------------------------------------------------------------------------------------------------------------------
  clock core_clk (rise edge)                                                     0.0000      0.0000
  clock network delay (propagated)                                               0.2362      0.2362

  u_impl/red_shadow_reg_62__15_/CP (DFQD1)                                       0.0000      0.2362 r    (355.32,203.49)
  u_impl/red_shadow_reg_62__15_/Q (DFQD1)                                        0.2097      0.4459 f    (358.87,203.50)
  u_impl/u_core/g_row_6__g_col_2__u_pe/u_r_red/U29/ZN (AOI22D0)                  0.0734      0.5193 r    (170.90,203.41)
  u_impl/u_core/g_row_6__g_col_2__u_pe/u_r_red/U31/ZN (CKND2D0)                  0.0425      0.5618 f    (167.35,203.48)
  u_impl/u_core/g_row_6__g_col_2__u_pe/u_r_red/q_reg_15_/D (DFCNQD1)             0.0000      0.5618 f    (165.35,196.43)
  data arrival time                                                                          0.5618

  clock core_clk (rise edge)                                                     0.0000      0.0000
  clock network delay (propagated)                                               0.3372      0.3372
  u_impl/u_core/g_row_6__g_col_2__u_pe/u_r_red/q_reg_15_/CP (DFCNQD1)            0.0000      0.3372 r    (164.32,196.30)
  clock uncertainty                                                              0.2000      0.5372
  library hold time                                                              0.0305      0.5677
  data required time                                                                         0.5678
  ----------------------------------------------------------------------------------------------------------------------------
  data required time                                                                         0.5678
  data arrival time                                                                         -0.5618
  ----------------------------------------------------------------------------------------------------------------------------
  slack (VIOLATED)                                                                          -0.0059



  Startpoint: u_impl/u_core/g_row_13__g_col_6__u_pe/u_sol/u_red_q_reg_4_ (rising edge-triggered flip-flop clocked by core_clk)
  Endpoint: u_impl/u_core/g_row_13__g_col_6__u_pe/u_sol/u_red_q_reg_3_ (rising edge-triggered flip-flop clocked by core_clk)
  Mode: FUNC
  Corner: BC
  Scenario: FUNC_BC
  Path Group: core_clk
  Path Type: min

  Point                                                                           Incr        Path           Location
  ----------------------------------------------------------------------------------------------------------------------------
  clock core_clk (rise edge)                                                     0.0000      0.0000
  clock network delay (propagated)                                               0.2933      0.2933

  u_impl/u_core/g_row_13__g_col_6__u_pe/u_sol/u_red_q_reg_4_/CP (DFCNQD1)        0.0000      0.2933 r    (684.12,792.10)
  u_impl/u_core/g_row_13__g_col_6__u_pe/u_sol/u_red_q_reg_4_/Q (DFCNQD1)         0.1281      0.4214 f    (688.29,792.11)
  u_impl/u_core/g_row_13__g_col_6__u_pe/u_sol/U96/ZN (CKND0)                     0.0221      0.4436 r    (685.25,790.28)
  u_impl/u_core/g_row_13__g_col_6__u_pe/u_sol/copt_h_inst_33377/Z (CKBD0)        0.0483      0.4918 r    (685.89,793.88)
  u_impl/u_core/g_row_13__g_col_6__u_pe/u_sol/U99/ZN (OAI222D0)                  0.0368      0.5286 f    (688.11,788.39)
  u_impl/u_core/g_row_13__g_col_6__u_pe/u_sol/u_red_q_reg_3_/D (DFCNQD1)         0.0000      0.5286 f    (689.75,791.98)
  data arrival time                                                                          0.5286

  clock core_clk (rise edge)                                                     0.0000      0.0000
  clock network delay (propagated)                                               0.2977      0.2977
  u_impl/u_core/g_row_13__g_col_6__u_pe/u_sol/u_red_q_reg_3_/CP (DFCNQD1)        0.0000      0.2977 r    (688.72,792.10)
  clock uncertainty                                                              0.2000      0.4977
  library hold time                                                              0.0369      0.5345
  data required time                                                                         0.5345
  ----------------------------------------------------------------------------------------------------------------------------
  data required time                                                                         0.5345
  data arrival time                                                                         -0.5286
  ----------------------------------------------------------------------------------------------------------------------------
  slack (VIOLATED)                                                                          -0.0059



  Startpoint: u_impl/u_core/g_row_5__g_col_3__u_pe/u_r_black/q_reg_14_ (rising edge-triggered flip-flop clocked by core_clk)
  Endpoint: u_impl/u_core/g_row_5__g_col_3__u_pe/u_r_black/q_reg_13_ (rising edge-triggered flip-flop clocked by core_clk)
  Mode: FUNC
  Corner: BC
  Scenario: FUNC_BC
  Path Group: core_clk
  Path Type: min

  Point                                                                           Incr        Path           Location
  ----------------------------------------------------------------------------------------------------------------------------
  clock core_clk (rise edge)                                                     0.0000      0.0000
  clock network delay (propagated)                                               0.3400      0.3400

  u_impl/u_core/g_row_5__g_col_3__u_pe/u_r_black/q_reg_14_/CP (DFCNQD1)          0.0000      0.3400 r    (210.32,246.70)
  u_impl/u_core/g_row_5__g_col_3__u_pe/u_r_black/q_reg_14_/Q (DFCNQD1)           0.1347      0.4747 f    (214.49,246.69)
  u_impl/u_core/g_row_5__g_col_3__u_pe/u_r_black/U21/ZN (OAI221D0)               0.0514      0.5260 r    (216.39,248.39)
  u_impl/u_core/g_row_5__g_col_3__u_pe/u_r_black/U22/ZN (CKND2D0)                0.0276      0.5537 f    (220.15,248.52)
  u_impl/u_core/g_row_5__g_col_3__u_pe/u_r_black/q_reg_13_/D (DFCNQD1)           0.0000      0.5537 f    (220.15,246.83)
  data arrival time                                                                          0.5537

  clock core_clk (rise edge)                                                     0.0000      0.0000
  clock network delay (propagated)                                               0.3252      0.3252
  u_impl/u_core/g_row_5__g_col_3__u_pe/u_r_black/q_reg_13_/CP (DFCNQD1)          0.0000      0.3252 r    (219.12,246.70)
  clock uncertainty                                                              0.2000      0.5252
  library hold time                                                              0.0342      0.5594
  data required time                                                                         0.5594
  ----------------------------------------------------------------------------------------------------------------------------
  data required time                                                                         0.5594
  data arrival time                                                                         -0.5537
  ----------------------------------------------------------------------------------------------------------------------------
  slack (VIOLATED)                                                                          -0.0057



  Startpoint: u_impl/u_core/g_row_13__g_col_3__u_pe/u_sol/u_black_q_reg_3_ (rising edge-triggered flip-flop clocked by core_clk)
  Endpoint: u_impl/u_core/g_row_13__g_col_3__u_pe/u_sol/u_black_q_reg_2_ (rising edge-triggered flip-flop clocked by core_clk)
  Mode: FUNC
  Corner: BC
  Scenario: FUNC_BC
  Path Group: core_clk
  Path Type: min

  Point                                                                           Incr        Path           Location
  ----------------------------------------------------------------------------------------------------------------------------
  clock core_clk (rise edge)                                                     0.0000      0.0000
  clock network delay (propagated)                                               0.3150      0.3150

  u_impl/u_core/g_row_13__g_col_3__u_pe/u_sol/u_black_q_reg_3_/CP (DFCNQD1)      0.0000      0.3150 r    (827.32,694.90)
  u_impl/u_core/g_row_13__g_col_3__u_pe/u_sol/u_black_q_reg_3_/Q (DFCNQD1)       0.1305      0.4455 f    (831.49,694.91)
  u_impl/u_core/g_row_13__g_col_3__u_pe/u_sol/copt_h_inst_45830/Z (CKBD0)        0.0337      0.4791 f    (827.11,693.08)
  u_impl/u_core/g_row_13__g_col_3__u_pe/u_sol/U7/ZN (CKND0)                      0.0313      0.5105 r    (826.55,696.68)
  u_impl/u_core/g_row_13__g_col_3__u_pe/u_sol/U65/ZN (OAI222D0)                  0.0440      0.5544 f    (826.29,701.99)
  u_impl/u_core/g_row_13__g_col_3__u_pe/u_sol/u_black_q_reg_2_/D (DFCNQD1)       0.0000      0.5545 f    (821.75,698.38)
  data arrival time                                                                          0.5545

  clock core_clk (rise edge)                                                     0.0000      0.0000
  clock network delay (propagated)                                               0.3204      0.3204
  u_impl/u_core/g_row_13__g_col_3__u_pe/u_sol/u_black_q_reg_2_/CP (DFCNQD1)      0.0000      0.3204 r    (820.72,698.50)
  clock uncertainty                                                              0.2000      0.5204
  library hold time                                                              0.0396      0.5600
  data required time                                                                         0.5600
  ----------------------------------------------------------------------------------------------------------------------------
  data required time                                                                         0.5600
  data arrival time                                                                         -0.5545
  ----------------------------------------------------------------------------------------------------------------------------
  slack (VIOLATED)                                                                          -0.0055



  Startpoint: u_impl/u_core/g_row_5__g_col_2__u_pe/u_sol/u_black_q_reg_1_ (rising edge-triggered flip-flop clocked by core_clk)
  Endpoint: u_impl/u_core/g_row_5__g_col_2__u_pe/u_sol/u_black_q_reg_0_ (rising edge-triggered flip-flop clocked by core_clk)
  Mode: FUNC
  Corner: BC
  Scenario: FUNC_BC
  Path Group: core_clk
  Path Type: min

  Point                                                                           Incr        Path           Location
  ----------------------------------------------------------------------------------------------------------------------------
  clock core_clk (rise edge)                                                     0.0000      0.0000
  clock network delay (propagated)                                               0.2495      0.2495

  u_impl/u_core/g_row_5__g_col_2__u_pe/u_sol/u_black_q_reg_1_/CP (DFCNQD1)       0.0000      0.2495 r    (82.12,257.50)
  u_impl/u_core/g_row_5__g_col_2__u_pe/u_sol/u_black_q_reg_1_/Q (DFCNQD1)        0.1253      0.3747 f    (86.29,257.49)
  u_impl/u_core/g_row_5__g_col_2__u_pe/u_sol/copt_h_inst_44142/Z (CKBD0)         0.0309      0.4056 f    (89.89,257.48)
  u_impl/u_core/g_row_5__g_col_2__u_pe/u_sol/U66/ZN (CKND0)                      0.0337      0.4393 r    (91.25,257.48)
  u_impl/u_core/g_row_5__g_col_2__u_pe/u_sol/U72/ZN (OAI222D0)                   0.0429      0.4822 f    (94.11,257.61)
  u_impl/u_core/g_row_5__g_col_2__u_pe/u_sol/u_black_q_reg_0_/D (DFCNQD1)        0.0000      0.4822 f    (89.15,251.98)
  data arrival time                                                                          0.4822

  clock core_clk (rise edge)                                                     0.0000      0.0000
  clock network delay (propagated)                                               0.2518      0.2518
  u_impl/u_core/g_row_5__g_col_2__u_pe/u_sol/u_black_q_reg_0_/CP (DFCNQD1)       0.0000      0.2518 r    (88.12,252.10)
  clock uncertainty                                                              0.2000      0.4518
  library hold time                                                              0.0359      0.4876
  data required time                                                                         0.4876
  ----------------------------------------------------------------------------------------------------------------------------
  data required time                                                                         0.4876
  data arrival time                                                                         -0.4822
  ----------------------------------------------------------------------------------------------------------------------------
  slack (VIOLATED)                                                                          -0.0054



  Startpoint: u_impl/black_shadow_reg_113__14_ (rising edge-triggered flip-flop clocked by core_clk)
  Endpoint: u_impl/u_core/g_row_11__g_col_3__u_pe/u_r_black/q_reg_14_ (rising edge-triggered flip-flop clocked by core_clk)
  Mode: FUNC
  Corner: BC
  Scenario: FUNC_BC
  Path Group: core_clk
  Path Type: min

  Point                                                                           Incr        Path           Location
  ----------------------------------------------------------------------------------------------------------------------------
  clock core_clk (rise edge)                                                     0.0000      0.0000
  clock network delay (propagated)                                               0.3128      0.3128

  u_impl/black_shadow_reg_113__14_/CP (DFQD1)                                    0.0000      0.3128 r    (270.92,594.11)
  u_impl/black_shadow_reg_113__14_/Q (DFQD1)                                     0.1394      0.4522 f    (274.47,594.11)
  u_impl/u_core/g_row_11__g_col_3__u_pe/u_r_black/U23/ZN (AOI22D0)               0.0497      0.5019 r    (223.30,594.19)
  u_impl/u_core/g_row_11__g_col_3__u_pe/u_r_black/U25/ZN (CKND2D0)               0.0392      0.5411 f    (218.05,595.88)
  u_impl/u_core/g_row_11__g_col_3__u_pe/u_r_black/q_reg_14_/D (DFCNQD1)          0.0000      0.5411 f    (214.75,593.98)
  data arrival time                                                                          0.5411

  clock core_clk (rise edge)                                                     0.0000      0.0000
  clock network delay (propagated)                                               0.3162      0.3162
  u_impl/u_core/g_row_11__g_col_3__u_pe/u_r_black/q_reg_14_/CP (DFCNQD1)         0.0000      0.3162 r    (213.72,594.10)
  clock uncertainty                                                              0.2000      0.5162
  library hold time                                                              0.0302      0.5464
  data required time                                                                         0.5464
  ----------------------------------------------------------------------------------------------------------------------------
  data required time                                                                         0.5464
  data arrival time                                                                         -0.5411
  ----------------------------------------------------------------------------------------------------------------------------
  slack (VIOLATED)                                                                          -0.0053



  Startpoint: u_impl/black_shadow_reg_32__6_ (rising edge-triggered flip-flop clocked by core_clk)
  Endpoint: u_impl/u_core/g_row_3__g_col_2__u_pe/u_r_black/q_reg_6_ (rising edge-triggered flip-flop clocked by core_clk)
  Mode: FUNC
  Corner: BC
  Scenario: FUNC_BC
  Path Group: core_clk
  Path Type: min

  Point                                                                           Incr        Path           Location
  ----------------------------------------------------------------------------------------------------------------------------
  clock core_clk (rise edge)                                                     0.0000      0.0000
  clock network delay (propagated)                                               0.3057      0.3057

  u_impl/black_shadow_reg_32__6_/CP (DFQD4)                                      0.0000      0.3057 r    (609.52,576.11)
  u_impl/black_shadow_reg_32__6_/Q (DFQD4)                                       0.1596      0.4654 f    (613.31,576.11)
  u_impl/u_core/g_row_3__g_col_2__u_pe/u_r_black/U13/Z (AO222D0)                 0.1076      0.5729 f    (589.25,156.59)
  u_impl/u_core/g_row_3__g_col_2__u_pe/u_r_black/q_reg_6_/D (DFCNQD1)            0.0000      0.5729 f    (586.55,154.78)
  data arrival time                                                                          0.5729

  clock core_clk (rise edge)                                                     0.0000      0.0000
  clock network delay (propagated)                                               0.3375      0.3375
  u_impl/u_core/g_row_3__g_col_2__u_pe/u_r_black/q_reg_6_/CP (DFCNQD1)           0.0000      0.3375 r    (585.52,154.90)
  clock uncertainty                                                              0.2000      0.5375
  library hold time                                                              0.0406      0.5782
  data required time                                                                         0.5782
  ----------------------------------------------------------------------------------------------------------------------------
  data required time                                                                         0.5782
  data arrival time                                                                         -0.5729
  ----------------------------------------------------------------------------------------------------------------------------
  slack (VIOLATED)                                                                          -0.0052



  Startpoint: u_impl/red_shadow_reg_109__5_ (rising edge-triggered flip-flop clocked by core_clk)
  Endpoint: u_impl/red_shadow_reg_109__5_ (rising edge-triggered flip-flop clocked by core_clk)
  Mode: FUNC
  Corner: BC
  Scenario: FUNC_BC
  Path Group: core_clk
  Path Type: min

  Point                                                                           Incr        Path           Location
  ----------------------------------------------------------------------------------------------------------------------------
  clock core_clk (rise edge)                                                     0.0000      0.0000
  clock network delay (propagated)                                               0.3237      0.3237

  u_impl/red_shadow_reg_109__5_/CP (DFQD1)                                       0.0000      0.3237 r    (270.12,534.69)
  u_impl/red_shadow_reg_109__5_/Q (DFQD1)                                        0.1337      0.4574 f    (273.67,534.70)
  u_impl/copt_gre_h_inst_49129/Z (CKBD0)                                         0.0407      0.4981 f    (273.89,529.32)
  u_impl/U12392/ZN (IAO22D0)                                                     0.0510      0.5491 f    (272.15,529.29)
  u_impl/red_shadow_reg_109__5_/D (DFQD1)                                        0.0000      0.5491 f    (271.16,534.72)
  data arrival time                                                                          0.5491

  clock core_clk (rise edge)                                                     0.0000      0.0000
  clock network delay (propagated)                                               0.3273      0.3273
  u_impl/red_shadow_reg_109__5_/CP (DFQD1)                                       0.0000      0.3273 r    (270.12,534.69)
  clock uncertainty                                                              0.2000      0.5273
  library hold time                                                              0.0268      0.5541
  data required time                                                                         0.5541
  ----------------------------------------------------------------------------------------------------------------------------
  data required time                                                                         0.5541
  data arrival time                                                                         -0.5491
  ----------------------------------------------------------------------------------------------------------------------------
  slack (VIOLATED)                                                                          -0.0050



  Startpoint: u_impl/u_core/g_row_19__g_col_2__u_pe/u_sol/u_red_q_reg_15_ (rising edge-triggered flip-flop clocked by core_clk)
  Endpoint: u_impl/u_core/g_row_19__g_col_2__u_pe/u_sol/u_red_q_reg_15_ (rising edge-triggered flip-flop clocked by core_clk)
  Mode: FUNC
  Corner: BC
  Scenario: FUNC_BC
  Path Group: core_clk
  Path Type: min

  Point                                                                           Incr        Path           Location
  ----------------------------------------------------------------------------------------------------------------------------
  clock core_clk (rise edge)                                                     0.0000      0.0000
  clock network delay (propagated)                                               0.3134      0.3134

  u_impl/u_core/g_row_19__g_col_2__u_pe/u_sol/u_red_q_reg_15_/CP (DFCNQD1)       0.0000      0.3134 r    (843.52,453.70)
  u_impl/u_core/g_row_19__g_col_2__u_pe/u_sol/u_red_q_reg_15_/Q (DFCNQD1)        0.1145      0.4279 f    (847.69,453.71)
  u_impl/u_core/g_row_19__g_col_2__u_pe/u_sol/U74/ZN (INVD0)                     0.0311      0.4590 r    (846.02,457.30)
  u_impl/u_core/g_row_19__g_col_2__u_pe/u_sol/U76/ZN (OAI222D0)                  0.0445      0.5035 f    (846.51,455.61)
  u_impl/u_core/g_row_19__g_col_2__u_pe/u_sol/copt_gre_h_inst_49175/Z (CKBD0)    0.0401      0.5436 f    (845.09,451.88)
  u_impl/u_core/g_row_19__g_col_2__u_pe/u_sol/u_red_q_reg_15_/D (DFCNQD1)        0.0000      0.5436 f    (844.55,453.58)
  data arrival time                                                                          0.5436

  clock core_clk (rise edge)                                                     0.0000      0.0000
  clock network delay (propagated)                                               0.3172      0.3172
  u_impl/u_core/g_row_19__g_col_2__u_pe/u_sol/u_red_q_reg_15_/CP (DFCNQD1)       0.0000      0.3172 r    (843.52,453.70)
  clock uncertainty                                                              0.2000      0.5172
  library hold time                                                              0.0313      0.5486
  data required time                                                                         0.5486
  ----------------------------------------------------------------------------------------------------------------------------
  data required time                                                                         0.5486
  data arrival time                                                                         -0.5436
  ----------------------------------------------------------------------------------------------------------------------------
  slack (VIOLATED)                                                                          -0.0050



  Startpoint: u_impl/u_core/g_row_5__g_col_0__u_pe/u_alu/carry_q_reg_1_ (rising edge-triggered flip-flop clocked by core_clk)
  Endpoint: u_impl/u_core/g_row_5__g_col_0__u_pe/u_alu/carry_q_reg_2_ (rising edge-triggered flip-flop clocked by core_clk)
  Mode: FUNC
  Corner: BC
  Scenario: FUNC_BC
  Path Group: core_clk
  Path Type: min

  Point                                                                           Incr        Path           Location
  ----------------------------------------------------------------------------------------------------------------------------
  clock core_clk (rise edge)                                                     0.0000      0.0000
  clock network delay (propagated)                                               0.2257      0.2257

  u_impl/u_core/g_row_5__g_col_0__u_pe/u_alu/carry_q_reg_1_/CP (DFCNQD1)         0.0000      0.2257 r    (301.52,99.10)
  u_impl/u_core/g_row_5__g_col_0__u_pe/u_alu/carry_q_reg_1_/Q (DFCNQD1)          0.1295      0.3552 r    (305.69,99.09)
  u_impl/u_core/g_row_5__g_col_0__u_pe/u_alu/ctmTdsLR_1_24138/ZN (MAOI22D0)      0.0825      0.4376 r    (300.20,102.59)
  u_impl/u_core/g_row_5__g_col_0__u_pe/u_alu/U13/ZN (AOI21D0)                    0.0451      0.4827 f    (299.71,108.20)
  u_impl/u_core/g_row_5__g_col_0__u_pe/u_alu/U14/ZN (AOI21D0)                    0.0486      0.5313 r    (300.69,108.20)
  u_impl/u_core/g_row_5__g_col_0__u_pe/u_alu/U4/ZN (NR2D0)                       0.0260      0.5573 f    (301.65,108.19)
  u_impl/u_core/g_row_5__g_col_0__u_pe/u_alu/carry_q_reg_2_/D (DFCNQD1)          0.0000      0.5573 f    (299.15,110.03)
  data arrival time                                                                          0.5573

  clock core_clk (rise edge)                                                     0.0000      0.0000
  clock network delay (propagated)                                               0.3281      0.3281
  u_impl/u_core/g_row_5__g_col_0__u_pe/u_alu/carry_q_reg_2_/CP (DFCNQD1)         0.0000      0.3281 r    (298.12,109.90)
  clock uncertainty                                                              0.2000      0.5281
  library hold time                                                              0.0342      0.5623
  data required time                                                                         0.5623
  ----------------------------------------------------------------------------------------------------------------------------
  data required time                                                                         0.5623
  data arrival time                                                                         -0.5573
  ----------------------------------------------------------------------------------------------------------------------------
  slack (VIOLATED)                                                                          -0.0050



  Startpoint: u_impl/u_core/g_row_10__g_col_3__u_pe/u_sol/u_black_q_reg_13_ (rising edge-triggered flip-flop clocked by core_clk)
  Endpoint: u_impl/u_core/g_row_10__g_col_3__u_pe/u_sol/u_black_q_reg_12_ (rising edge-triggered flip-flop clocked by core_clk)
  Mode: FUNC
  Corner: BC
  Scenario: FUNC_BC
  Path Group: core_clk
  Path Type: min

  Point                                                                           Incr        Path           Location
  ----------------------------------------------------------------------------------------------------------------------------
  clock core_clk (rise edge)                                                     0.0000      0.0000
  clock network delay (propagated)                                               0.3309      0.3309

  u_impl/u_core/g_row_10__g_col_3__u_pe/u_sol/u_black_q_reg_13_/CP (DFCNQD1)     0.0000      0.3309 r    (14.52,597.70)
  u_impl/u_core/g_row_10__g_col_3__u_pe/u_sol/u_black_q_reg_13_/Q (DFCNQD1)      0.1215      0.4524 f    (18.69,597.71)
  u_impl/u_core/g_row_10__g_col_3__u_pe/u_sol/U79/ZN (CKND0)                     0.0225      0.4749 r    (22.85,599.48)
  u_impl/u_core/g_row_10__g_col_3__u_pe/u_sol/copt_h_inst_41358/Z (CKBD0)        0.0462      0.5211 r    (22.91,603.08)
  u_impl/u_core/g_row_10__g_col_3__u_pe/u_sol/U82/ZN (OAI222D0)                  0.0422      0.5632 f    (20.89,606.81)
  u_impl/u_core/g_row_10__g_col_3__u_pe/u_sol/u_black_q_reg_12_/D (DFCNQD1)      0.0000      0.5633 f    (15.55,603.23)
  data arrival time                                                                          0.5633

  clock core_clk (rise edge)                                                     0.0000      0.0000
  clock network delay (propagated)                                               0.3354      0.3354
  u_impl/u_core/g_row_10__g_col_3__u_pe/u_sol/u_black_q_reg_12_/CP (DFCNQD1)     0.0000      0.3354 r    (14.52,603.10)
  clock uncertainty                                                              0.2000      0.5354
  library hold time                                                              0.0327      0.5681
  data required time                                                                         0.5681
  ----------------------------------------------------------------------------------------------------------------------------
  data required time                                                                         0.5681
  data arrival time                                                                         -0.5633
  ----------------------------------------------------------------------------------------------------------------------------
  slack (VIOLATED)                                                                          -0.0048



  Startpoint: u_impl/black_shadow_reg_54__6_ (rising edge-triggered flip-flop clocked by core_clk)
  Endpoint: u_impl/u_core/g_row_5__g_col_4__u_pe/u_r_black/q_reg_6_ (rising edge-triggered flip-flop clocked by core_clk)
  Mode: FUNC
  Corner: BC
  Scenario: FUNC_BC
  Path Group: core_clk
  Path Type: min

  Point                                                                           Incr        Path           Location
  ----------------------------------------------------------------------------------------------------------------------------
  clock core_clk (rise edge)                                                     0.0000      0.0000
  clock network delay (propagated)                                               0.2403      0.2403

  u_impl/black_shadow_reg_54__6_/CP (DFQD4)                                      0.0000      0.2403 r    (662.72,487.89)
  u_impl/black_shadow_reg_54__6_/Q (DFQD4)                                       0.1656      0.4058 f    (666.51,487.90)
  u_impl/u_core/g_row_5__g_col_4__u_pe/u_r_black/U13/Z (AO222D0)                 0.1514      0.5573 f    (262.35,235.80)
  u_impl/u_core/g_row_5__g_col_4__u_pe/u_r_black/q_reg_6_/D (DFCNQD1)            0.0000      0.5573 f    (255.15,237.58)
  data arrival time                                                                          0.5573

  clock core_clk (rise edge)                                                     0.0000      0.0000
  clock network delay (propagated)                                               0.3299      0.3299
  u_impl/u_core/g_row_5__g_col_4__u_pe/u_r_black/q_reg_6_/CP (DFCNQD1)           0.0000      0.3299 r    (254.12,237.70)
  clock uncertainty                                                              0.2000      0.5299
  library hold time                                                              0.0321      0.5620
  data required time                                                                         0.5620
  ----------------------------------------------------------------------------------------------------------------------------
  data required time                                                                         0.5620
  data arrival time                                                                         -0.5573
  ----------------------------------------------------------------------------------------------------------------------------
  slack (VIOLATED)                                                                          -0.0047



  Startpoint: u_impl/u_core/g_row_4__g_col_8__u_pe/u_sol/u_black_q_reg_9_ (rising edge-triggered flip-flop clocked by core_clk)
  Endpoint: u_impl/u_core/g_row_4__g_col_8__u_pe/u_sol/u_black_q_reg_9_ (rising edge-triggered flip-flop clocked by core_clk)
  Mode: FUNC
  Corner: BC
  Scenario: FUNC_BC
  Path Group: core_clk
  Path Type: min

  Point                                                                           Incr        Path           Location
  ----------------------------------------------------------------------------------------------------------------------------
  clock core_clk (rise edge)                                                     0.0000      0.0000
  clock network delay (propagated)                                               0.3119      0.3119

  u_impl/u_core/g_row_4__g_col_8__u_pe/u_sol/u_black_q_reg_9_/CP (DFCNQD1)       0.0000      0.3119 r    (254.72,10.90)
  u_impl/u_core/g_row_4__g_col_8__u_pe/u_sol/u_black_q_reg_9_/Q (DFCNQD1)        0.1167      0.4286 f    (258.88,10.91)
  u_impl/u_core/g_row_4__g_col_8__u_pe/u_sol/copt_h_inst_46966/Z (CKBD0)         0.0307      0.4593 f    (259.71,12.68)
  u_impl/u_core/g_row_4__g_col_8__u_pe/u_sol/U87/ZN (INVD0)                      0.0356      0.4949 r    (258.78,12.70)
  u_impl/u_core/g_row_4__g_col_8__u_pe/u_sol/U88/ZN (OAI222D0)                   0.0482      0.5430 f    (257.89,14.39)
  u_impl/u_core/g_row_4__g_col_8__u_pe/u_sol/u_black_q_reg_9_/D (DFCNQD1)        0.0000      0.5430 f    (255.75,10.78)
  data arrival time                                                                          0.5430

  clock core_clk (rise edge)                                                     0.0000      0.0000
  clock network delay (propagated)                                               0.3165      0.3165
  u_impl/u_core/g_row_4__g_col_8__u_pe/u_sol/u_black_q_reg_9_/CP (DFCNQD1)       0.0000      0.3165 r    (254.72,10.90)
  clock uncertainty                                                              0.2000      0.5165
  library hold time                                                              0.0311      0.5476
  data required time                                                                         0.5476
  ----------------------------------------------------------------------------------------------------------------------------
  data required time                                                                         0.5476
  data arrival time                                                                         -0.5430
  ----------------------------------------------------------------------------------------------------------------------------
  slack (VIOLATED)                                                                          -0.0046



  Startpoint: u_impl/black_shadow_reg_52__9_ (rising edge-triggered flip-flop clocked by core_clk)
  Endpoint: u_impl/u_core/g_row_5__g_col_2__u_pe/u_r_black/q_reg_9_ (rising edge-triggered flip-flop clocked by core_clk)
  Mode: FUNC
  Corner: BC
  Scenario: FUNC_BC
  Path Group: core_clk
  Path Type: min

  Point                                                                           Incr        Path           Location
  ----------------------------------------------------------------------------------------------------------------------------
  clock core_clk (rise edge)                                                     0.0000      0.0000
  clock network delay (propagated)                                               0.2806      0.2806

  u_impl/black_shadow_reg_52__9_/CP (DFQD1)                                      0.0000      0.2806 r    (373.52,259.31)
  u_impl/black_shadow_reg_52__9_/Q (DFQD1)                                       0.1867      0.4673 f    (377.07,259.31)
  u_impl/u_core/g_row_5__g_col_2__u_pe/u_r_black/U11/Z (AO222D0)                 0.0897      0.5571 f    (251.55,263.00)
  u_impl/u_core/g_row_5__g_col_2__u_pe/u_r_black/q_reg_9_/D (DFCNQD1)            0.0000      0.5571 f    (247.95,264.82)
  data arrival time                                                                          0.5571

  clock core_clk (rise edge)                                                     0.0000      0.0000
  clock network delay (propagated)                                               0.3277      0.3277
  u_impl/u_core/g_row_5__g_col_2__u_pe/u_r_black/q_reg_9_/CP (DFCNQD1)           0.0000      0.3277 r    (246.92,264.70)
  clock uncertainty                                                              0.2000      0.5277
  library hold time                                                              0.0337      0.5614
  data required time                                                                         0.5614
  ----------------------------------------------------------------------------------------------------------------------------
  data required time                                                                         0.5614
  data arrival time                                                                         -0.5571
  ----------------------------------------------------------------------------------------------------------------------------
  slack (VIOLATED)                                                                          -0.0044



  Startpoint: u_impl/u_core/g_row_19__g_col_1__u_pe/u_sol/u_red_q_reg_8_ (rising edge-triggered flip-flop clocked by core_clk)
  Endpoint: u_impl/u_core/g_row_19__g_col_1__u_pe/u_sol/u_red_q_reg_7_ (rising edge-triggered flip-flop clocked by core_clk)
  Mode: FUNC
  Corner: BC
  Scenario: FUNC_BC
  Path Group: core_clk
  Path Type: min

  Point                                                                           Incr        Path           Location
  ----------------------------------------------------------------------------------------------------------------------------
  clock core_clk (rise edge)                                                     0.0000      0.0000
  clock network delay (propagated)                                               0.2490      0.2490

  u_impl/u_core/g_row_19__g_col_1__u_pe/u_sol/u_red_q_reg_8_/CP (DFCNQD1)        0.0000      0.2490 r    (828.72,475.30)
  u_impl/u_core/g_row_19__g_col_1__u_pe/u_sol/u_red_q_reg_8_/Q (DFCNQD1)         0.1245      0.3736 f    (832.88,475.31)
  u_impl/u_core/g_row_19__g_col_1__u_pe/u_sol/U89/ZN (CKND0)                     0.0339      0.4074 r    (828.55,471.72)
  u_impl/u_core/g_row_19__g_col_1__u_pe/u_sol/copt_h_inst_29886/Z (DEL005)       0.0441      0.4515 r    (828.36,469.88)
  u_impl/u_core/g_row_19__g_col_1__u_pe/u_sol/U92/ZN (OAI222D0)                  0.0297      0.4812 f    (825.89,470.01)
  u_impl/u_core/g_row_19__g_col_1__u_pe/u_sol/u_red_q_reg_7_/D (DFCNQD1)         0.0000      0.4812 f    (830.55,470.03)
  data arrival time                                                                          0.4812

  clock core_clk (rise edge)                                                     0.0000      0.0000
  clock network delay (propagated)                                               0.2519      0.2519
  u_impl/u_core/g_row_19__g_col_1__u_pe/u_sol/u_red_q_reg_7_/CP (DFCNQD1)        0.0000      0.2519 r    (829.52,469.90)
  clock uncertainty                                                              0.2000      0.4519
  library hold time                                                              0.0336      0.4855
  data required time                                                                         0.4855
  ----------------------------------------------------------------------------------------------------------------------------
  data required time                                                                         0.4855
  data arrival time                                                                         -0.4812
  ----------------------------------------------------------------------------------------------------------------------------
  slack (VIOLATED)                                                                          -0.0043



  Startpoint: u_impl/red_shadow_reg_187__1_ (rising edge-triggered flip-flop clocked by core_clk)
  Endpoint: u_impl/red_shadow_reg_187__1_ (rising edge-triggered flip-flop clocked by core_clk)
  Mode: FUNC
  Corner: BC
  Scenario: FUNC_BC
  Path Group: core_clk
  Path Type: min

  Point                                                                           Incr        Path           Location
  ----------------------------------------------------------------------------------------------------------------------------
  clock core_clk (rise edge)                                                     0.0000      0.0000
  clock network delay (propagated)                                               0.3227      0.3227

  u_impl/red_shadow_reg_187__1_/CP (DFQD1)                                       0.0000      0.3227 r    (677.92,529.31)
  u_impl/red_shadow_reg_187__1_/Q (DFQD1)                                        0.1670      0.4897 f    (681.47,529.31)
  u_impl/U13965/ZN (IAO22D0)                                                     0.0679      0.5577 f    (675.35,527.51)
  u_impl/red_shadow_reg_187__1_/D (DFQD1)                                        0.0000      0.5577 f    (678.96,529.29)
  data arrival time                                                                          0.5577

  clock core_clk (rise edge)                                                     0.0000      0.0000
  clock network delay (propagated)                                               0.3275      0.3275
  u_impl/red_shadow_reg_187__1_/CP (DFQD1)                                       0.0000      0.3275 r    (677.92,529.31)
  clock uncertainty                                                              0.2000      0.5275
  library hold time                                                              0.0343      0.5618
  data required time                                                                         0.5618
  ----------------------------------------------------------------------------------------------------------------------------
  data required time                                                                         0.5618
  data arrival time                                                                         -0.5577
  ----------------------------------------------------------------------------------------------------------------------------
  slack (VIOLATED)                                                                          -0.0041



  Startpoint: u_impl/u_core/g_row_14__g_col_2__u_pe/u_sol/u_black_q_reg_9_ (rising edge-triggered flip-flop clocked by core_clk)
  Endpoint: u_impl/u_core/g_row_14__g_col_2__u_pe/u_sol/u_black_q_reg_8_ (rising edge-triggered flip-flop clocked by core_clk)
  Mode: FUNC
  Corner: BC
  Scenario: FUNC_BC
  Path Group: core_clk
  Path Type: min

  Point                                                                           Incr        Path           Location
  ----------------------------------------------------------------------------------------------------------------------------
  clock core_clk (rise edge)                                                     0.0000      0.0000
  clock network delay (propagated)                                               0.3355      0.3355

  u_impl/u_core/g_row_14__g_col_2__u_pe/u_sol/u_black_q_reg_9_/CP (DFCNQD1)      0.0000      0.3355 r    (625.52,844.30)
  u_impl/u_core/g_row_14__g_col_2__u_pe/u_sol/u_black_q_reg_9_/Q (DFCNQD1)       0.1190      0.4545 f    (629.69,844.29)
  u_impl/u_core/g_row_14__g_col_2__u_pe/u_sol/copt_h_inst_45043/Z (CKBD0)        0.0349      0.4894 f    (628.29,846.12)
  u_impl/u_core/g_row_14__g_col_2__u_pe/u_sol/U86/ZN (CKND0)                     0.0352      0.5247 r    (631.25,846.12)
  u_impl/u_core/g_row_14__g_col_2__u_pe/u_sol/U89/ZN (OAI222D0)                  0.0428      0.5675 f    (626.29,845.99)
  u_impl/u_core/g_row_14__g_col_2__u_pe/u_sol/u_black_q_reg_8_/D (DFCNQD1)       0.0000      0.5675 f    (620.15,842.38)
  data arrival time                                                                          0.5675

  clock core_clk (rise edge)                                                     0.0000      0.0000
  clock network delay (propagated)                                               0.3400      0.3400
  u_impl/u_core/g_row_14__g_col_2__u_pe/u_sol/u_black_q_reg_8_/CP (DFCNQD1)      0.0000      0.3400 r    (619.12,842.50)
  clock uncertainty                                                              0.2000      0.5400
  library hold time                                                              0.0316      0.5716
  data required time                                                                         0.5717
  ----------------------------------------------------------------------------------------------------------------------------
  data required time                                                                         0.5717
  data arrival time                                                                         -0.5675
  ----------------------------------------------------------------------------------------------------------------------------
  slack (VIOLATED)                                                                          -0.0041



  Startpoint: u_impl/black_shadow_reg_57__3_ (rising edge-triggered flip-flop clocked by core_clk)
  Endpoint: u_impl/u_core/g_row_5__g_col_7__u_pe/u_r_black/q_reg_3_ (rising edge-triggered flip-flop clocked by core_clk)
  Mode: FUNC
  Corner: BC
  Scenario: FUNC_BC
  Path Group: core_clk
  Path Type: min

  Point                                                                           Incr        Path           Location
  ----------------------------------------------------------------------------------------------------------------------------
  clock core_clk (rise edge)                                                     0.0000      0.0000
  clock network delay (propagated)                                               0.2472      0.2472

  u_impl/black_shadow_reg_57__3_/CP (DFQD2)                                      0.0000      0.2472 r    (375.32,493.31)
  u_impl/black_shadow_reg_57__3_/Q (DFQD2)                                       0.2117      0.4588 f    (378.86,493.31)
  u_impl/u_core/g_row_5__g_col_7__u_pe/u_r_black/U7/Z (AO222D0)                  0.1181      0.5769 f    (214.85,245.01)
  u_impl/u_core/g_row_5__g_col_7__u_pe/u_r_black/q_reg_3_/D (DFCNQD1)            0.0000      0.5769 f    (215.15,243.23)
  data arrival time                                                                          0.5769

  clock core_clk (rise edge)                                                     0.0000      0.0000
  clock network delay (propagated)                                               0.3461      0.3461
  u_impl/u_core/g_row_5__g_col_7__u_pe/u_r_black/q_reg_3_/CP (DFCNQD1)           0.0000      0.3461 r    (214.12,243.10)
  clock uncertainty                                                              0.2000      0.5461
  library hold time                                                              0.0349      0.5810
  data required time                                                                         0.5810
  ----------------------------------------------------------------------------------------------------------------------------
  data required time                                                                         0.5810
  data arrival time                                                                         -0.5769
  ----------------------------------------------------------------------------------------------------------------------------
  slack (VIOLATED)                                                                          -0.0041



  Startpoint: u_impl/u_core/g_row_1__g_col_4__u_pe/u_sol/u_black_q_reg_2_ (rising edge-triggered flip-flop clocked by core_clk)
  Endpoint: u_impl/u_core/g_row_1__g_col_4__u_pe/u_sol/u_black_q_reg_1_ (rising edge-triggered flip-flop clocked by core_clk)
  Mode: FUNC
  Corner: BC
  Scenario: FUNC_BC
  Path Group: core_clk
  Path Type: min

  Point                                                                           Incr        Path           Location
  ----------------------------------------------------------------------------------------------------------------------------
  clock core_clk (rise edge)                                                     0.0000      0.0000
  clock network delay (propagated)                                               0.3093      0.3093

  u_impl/u_core/g_row_1__g_col_4__u_pe/u_sol/u_black_q_reg_2_/CP (DFCNQD1)       0.0000      0.3093 r    (798.32,73.90)
  u_impl/u_core/g_row_1__g_col_4__u_pe/u_sol/u_black_q_reg_2_/Q (DFCNQD1)        0.1237      0.4330 f    (802.49,73.89)
  u_impl/u_core/g_row_1__g_col_4__u_pe/u_sol/copt_h_inst_41318/Z (CKBD0)         0.0339      0.4670 f    (798.11,72.12)
  u_impl/u_core/g_row_1__g_col_4__u_pe/u_sol/U64/ZN (CKND0)                      0.0311      0.4981 r    (796.15,70.28)
  u_impl/u_core/g_row_1__g_col_4__u_pe/u_sol/U67/ZN (OAI222D0)                   0.0457      0.5438 f    (792.91,71.99)
  u_impl/u_core/g_row_1__g_col_4__u_pe/u_sol/u_black_q_reg_1_/D (DFCNQD1)        0.0000      0.5438 f    (797.15,75.58)
  data arrival time                                                                          0.5438

  clock core_clk (rise edge)                                                     0.0000      0.0000
  clock network delay (propagated)                                               0.3132      0.3132
  u_impl/u_core/g_row_1__g_col_4__u_pe/u_sol/u_black_q_reg_1_/CP (DFCNQD1)       0.0000      0.3132 r    (796.12,75.70)
  clock uncertainty                                                              0.2000      0.5132
  library hold time                                                              0.0346      0.5478
  data required time                                                                         0.5478
  ----------------------------------------------------------------------------------------------------------------------------
  data required time                                                                         0.5478
  data arrival time                                                                         -0.5438
  ----------------------------------------------------------------------------------------------------------------------------
  slack (VIOLATED)                                                                          -0.0040



  Startpoint: u_impl/black_shadow_reg_145__10_ (rising edge-triggered flip-flop clocked by core_clk)
  Endpoint: u_impl/u_core/g_row_14__g_col_5__u_pe/u_r_black/q_reg_10_ (rising edge-triggered flip-flop clocked by core_clk)
  Mode: FUNC
  Corner: BC
  Scenario: FUNC_BC
  Path Group: core_clk
  Path Type: min

  Point                                                                           Incr        Path           Location
  ----------------------------------------------------------------------------------------------------------------------------
  clock core_clk (rise edge)                                                     0.0000      0.0000
  clock network delay (propagated)                                               0.2727      0.2727

  u_impl/black_shadow_reg_145__10_/CP (DFQD1)                                    0.0000      0.2727 r    (390.92,655.31)
  u_impl/black_shadow_reg_145__10_/Q (DFQD1)                                     0.1976      0.4704 f    (394.47,655.31)
  u_impl/u_core/g_row_14__g_col_5__u_pe/u_r_black/U11/Z (AO222D0)                0.1036      0.5740 f    (386.15,786.60)
  u_impl/u_core/g_row_14__g_col_5__u_pe/u_r_black/q_reg_10_/D (DFCNQD1)          0.0000      0.5740 f    (382.15,795.58)
  data arrival time                                                                          0.5740

  clock core_clk (rise edge)                                                     0.0000      0.0000
  clock network delay (propagated)                                               0.3450      0.3450
  u_impl/u_core/g_row_14__g_col_5__u_pe/u_r_black/q_reg_10_/CP (DFCNQD1)         0.0000      0.3450 r    (381.12,795.70)
  clock uncertainty                                                              0.2000      0.5450
  library hold time                                                              0.0330      0.5780
  data required time                                                                         0.5780
  ----------------------------------------------------------------------------------------------------------------------------
  data required time                                                                         0.5780
  data arrival time                                                                         -0.5740
  ----------------------------------------------------------------------------------------------------------------------------
  slack (VIOLATED)                                                                          -0.0040



  Startpoint: u_impl/u_core/g_row_3__g_col_6__u_pe/u_sol/u_red_q_reg_5_ (rising edge-triggered flip-flop clocked by core_clk)
  Endpoint: u_impl/u_core/g_row_3__g_col_6__u_pe/u_sol/u_red_q_reg_4_ (rising edge-triggered flip-flop clocked by core_clk)
  Mode: FUNC
  Corner: BC
  Scenario: FUNC_BC
  Path Group: core_clk
  Path Type: min

  Point                                                                           Incr        Path           Location
  ----------------------------------------------------------------------------------------------------------------------------
  clock core_clk (rise edge)                                                     0.0000      0.0000
  clock network delay (propagated)                                               0.2959      0.2959

  u_impl/u_core/g_row_3__g_col_6__u_pe/u_sol/u_red_q_reg_5_/CP (DFCNQD1)         0.0000      0.2959 r    (664.52,34.30)
  u_impl/u_core/g_row_3__g_col_6__u_pe/u_sol/u_red_q_reg_5_/Q (DFCNQD1)          0.1248      0.4207 f    (668.69,34.29)
  u_impl/u_core/g_row_3__g_col_6__u_pe/u_sol/copt_h_inst_41719/Z (CKBD0)         0.0314      0.4521 f    (663.51,41.48)
  u_impl/u_core/g_row_3__g_col_6__u_pe/u_sol/U95/ZN (CKND0)                      0.0357      0.4879 r    (662.95,41.48)
  u_impl/u_core/g_row_3__g_col_6__u_pe/u_sol/U98/ZN (OAI222D0)                   0.0399      0.5277 f    (661.09,41.61)
  u_impl/u_core/g_row_3__g_col_6__u_pe/u_sol/u_red_q_reg_4_/D (DFCNQD1)          0.0000      0.5277 f    (656.95,41.62)
  data arrival time                                                                          0.5277

  clock core_clk (rise edge)                                                     0.0000      0.0000
  clock network delay (propagated)                                               0.2979      0.2979
  u_impl/u_core/g_row_3__g_col_6__u_pe/u_sol/u_red_q_reg_4_/CP (DFCNQD1)         0.0000      0.2979 r    (655.92,41.50)
  clock uncertainty                                                              0.2000      0.4979
  library hold time                                                              0.0339      0.5317
  data required time                                                                         0.5317
  ----------------------------------------------------------------------------------------------------------------------------
  data required time                                                                         0.5317
  data arrival time                                                                         -0.5277
  ----------------------------------------------------------------------------------------------------------------------------
  slack (VIOLATED)                                                                          -0.0040



  Startpoint: u_impl/black_shadow_reg_53__9_ (rising edge-triggered flip-flop clocked by core_clk)
  Endpoint: u_impl/black_shadow_reg_53__9_ (rising edge-triggered flip-flop clocked by core_clk)
  Mode: FUNC
  Corner: BC
  Scenario: FUNC_BC
  Path Group: core_clk
  Path Type: min

  Point                                                                           Incr        Path           Location
  ----------------------------------------------------------------------------------------------------------------------------
  clock core_clk (rise edge)                                                     0.0000      0.0000
  clock network delay (propagated)                                               0.2806      0.2806

  u_impl/black_shadow_reg_53__9_/CP (DFQD1)                                      0.0000      0.2806 r    (371.32,264.69)
  u_impl/black_shadow_reg_53__9_/Q (DFQD1)                                       0.1674      0.4480 f    (374.87,264.69)
  u_impl/U10185/ZN (IAO22D0)                                                     0.0670      0.5151 f    (372.45,261.11)
  u_impl/black_shadow_reg_53__9_/D (DFQD1)                                       0.0000      0.5151 f    (372.36,264.72)
  data arrival time                                                                          0.5151

  clock core_clk (rise edge)                                                     0.0000      0.0000
  clock network delay (propagated)                                               0.2847      0.2847
  u_impl/black_shadow_reg_53__9_/CP (DFQD1)                                      0.0000      0.2847 r    (371.32,264.69)
  clock uncertainty                                                              0.2000      0.4847
  library hold time                                                              0.0344      0.5191
  data required time                                                                         0.5191
  ----------------------------------------------------------------------------------------------------------------------------
  data required time                                                                         0.5191
  data arrival time                                                                         -0.5151
  ----------------------------------------------------------------------------------------------------------------------------
  slack (VIOLATED)                                                                          -0.0040



  Startpoint: u_impl/u_core/g_row_11__g_col_3__u_pe/u_sol/u_red_q_reg_0_ (rising edge-triggered flip-flop clocked by core_clk)
  Endpoint: u_impl/u_core/g_row_11__g_col_4__u_pe/u_sol/u_black_q_reg_15_ (rising edge-triggered flip-flop clocked by core_clk)
  Mode: FUNC
  Corner: BC
  Scenario: FUNC_BC
  Path Group: core_clk
  Path Type: min

  Point                                                                           Incr        Path           Location
  ----------------------------------------------------------------------------------------------------------------------------
  clock core_clk (rise edge)                                                     0.0000      0.0000
  clock network delay (propagated)                                               0.3300      0.3300

  u_impl/u_core/g_row_11__g_col_3__u_pe/u_sol/u_red_q_reg_0_/CP (DFCNQD1)        0.0000      0.3300 r    (133.72,678.70)
  u_impl/u_core/g_row_11__g_col_3__u_pe/u_sol/u_red_q_reg_0_/Q (DFCNQD1)         0.1174      0.4475 f    (137.89,678.69)
  u_impl/u_core/g_row_11__g_col_3__u_pe/u_sol/U69/ZN (CKND0)                     0.0526      0.5001 r    (133.15,678.68)
  u_impl/u_core/g_row_11__g_col_4__u_pe/u_sol/U41/ZN (OAI222D0)                  0.0576      0.5577 f    (129.11,698.39)
  u_impl/u_core/g_row_11__g_col_4__u_pe/u_sol/u_black_q_reg_15_/D (DFCNQD1)      0.0000      0.5577 f    (126.75,696.83)
  data arrival time                                                                          0.5577

  clock core_clk (rise edge)                                                     0.0000      0.0000
  clock network delay (propagated)                                               0.3326      0.3326
  u_impl/u_core/g_row_11__g_col_4__u_pe/u_sol/u_black_q_reg_15_/CP (DFCNQD1)     0.0000      0.3326 r    (125.72,696.70)
  clock uncertainty                                                              0.2000      0.5326
  library hold time                                                              0.0291      0.5617
  data required time                                                                         0.5617
  ----------------------------------------------------------------------------------------------------------------------------
  data required time                                                                         0.5617
  data arrival time                                                                         -0.5577
  ----------------------------------------------------------------------------------------------------------------------------
  slack (VIOLATED)                                                                          -0.0040



  Startpoint: u_impl/red_shadow_reg_80__13_ (rising edge-triggered flip-flop clocked by core_clk)
  Endpoint: u_impl/u_core/g_row_8__g_col_0__u_pe/u_r_red/q_reg_13_ (rising edge-triggered flip-flop clocked by core_clk)
  Mode: FUNC
  Corner: BC
  Scenario: FUNC_BC
  Path Group: core_clk
  Path Type: min

  Point                                                                           Incr        Path           Location
  ----------------------------------------------------------------------------------------------------------------------------
  clock core_clk (rise edge)                                                     0.0000      0.0000
  clock network delay (propagated)                                               0.3246      0.3246

  u_impl/red_shadow_reg_80__13_/CP (DFQD1)                                       0.0000      0.3246 r    (298.92,349.31)
  u_impl/red_shadow_reg_80__13_/Q (DFQD1)                                        0.1528      0.4774 f    (302.47,349.31)
  u_impl/u_core/g_row_8__g_col_0__u_pe/u_r_red/U19/ZN (AOI22D0)                  0.0514      0.5288 r    (229.70,342.19)
  u_impl/u_core/g_row_8__g_col_0__u_pe/u_r_red/U22/ZN (CKND2D0)                  0.0315      0.5603 f    (225.35,342.12)
  u_impl/u_core/g_row_8__g_col_0__u_pe/u_r_red/q_reg_13_/D (DFCNQD1)             0.0000      0.5603 f    (225.55,340.43)
  data arrival time                                                                          0.5603

  clock core_clk (rise edge)                                                     0.0000      0.0000
  clock network delay (propagated)                                               0.3318      0.3318
  u_impl/u_core/g_row_8__g_col_0__u_pe/u_r_red/q_reg_13_/CP (DFCNQD1)            0.0000      0.3318 r    (224.52,340.30)
  clock uncertainty                                                              0.2000      0.5318
  library hold time                                                              0.0324      0.5643
  data required time                                                                         0.5643
  ----------------------------------------------------------------------------------------------------------------------------
  data required time                                                                         0.5643
  data arrival time                                                                         -0.5603
  ----------------------------------------------------------------------------------------------------------------------------
  slack (VIOLATED)                                                                          -0.0040



  Startpoint: u_impl/red_shadow_reg_81__15_ (rising edge-triggered flip-flop clocked by core_clk)
  Endpoint: u_impl/u_core/g_row_8__g_col_1__u_pe/u_r_red/q_reg_15_ (rising edge-triggered flip-flop clocked by core_clk)
  Mode: FUNC
  Corner: BC
  Scenario: FUNC_BC
  Path Group: core_clk
  Path Type: min

  Point                                                                           Incr        Path           Location
  ----------------------------------------------------------------------------------------------------------------------------
  clock core_clk (rise edge)                                                     0.0000      0.0000
  clock network delay (propagated)                                               0.3268      0.3268

  u_impl/red_shadow_reg_81__15_/CP (DFQD1)                                       0.0000      0.3268 r    (252.52,343.89)
  u_impl/red_shadow_reg_81__15_/Q (DFQD1)                                        0.1473      0.4741 f    (256.07,343.90)
  u_impl/u_core/g_row_8__g_col_1__u_pe/u_r_red/U29/ZN (AOI22D0)                  0.0607      0.5348 r    (189.70,342.19)
  u_impl/u_core/g_row_8__g_col_1__u_pe/u_r_red/U31/ZN (CKND2D0)                  0.0295      0.5644 f    (181.35,342.12)
  u_impl/u_core/g_row_8__g_col_1__u_pe/u_r_red/q_reg_15_/D (DFCNQD1)             0.0000      0.5644 f    (181.75,340.43)
  data arrival time                                                                          0.5644

  clock core_clk (rise edge)                                                     0.0000      0.0000
  clock network delay (propagated)                                               0.3280      0.3280
  u_impl/u_core/g_row_8__g_col_1__u_pe/u_r_red/q_reg_15_/CP (DFCNQD1)            0.0000      0.3280 r    (180.72,340.30)
  clock uncertainty                                                              0.2000      0.5280
  library hold time                                                              0.0403      0.5683
  data required time                                                                         0.5683
  ----------------------------------------------------------------------------------------------------------------------------
  data required time                                                                         0.5683
  data arrival time                                                                         -0.5644
  ----------------------------------------------------------------------------------------------------------------------------
  slack (VIOLATED)                                                                          -0.0039



  Startpoint: u_impl/u_core/g_row_3__g_col_5__u_pe/u_sol/u_black_q_reg_9_ (rising edge-triggered flip-flop clocked by core_clk)
  Endpoint: u_impl/u_core/g_row_3__g_col_5__u_pe/u_sol/u_black_q_reg_8_ (rising edge-triggered flip-flop clocked by core_clk)
  Mode: FUNC
  Corner: BC
  Scenario: FUNC_BC
  Path Group: core_clk
  Path Type: min

  Point                                                                           Incr        Path           Location
  ----------------------------------------------------------------------------------------------------------------------------
  clock core_clk (rise edge)                                                     0.0000      0.0000
  clock network delay (propagated)                                               0.2926      0.2926

  u_impl/u_core/g_row_3__g_col_5__u_pe/u_sol/u_black_q_reg_9_/CP (DFCNQD1)       0.0000      0.2926 r    (716.72,10.90)
  u_impl/u_core/g_row_3__g_col_5__u_pe/u_sol/u_black_q_reg_9_/Q (DFCNQD1)        0.1238      0.4165 f    (720.88,10.91)
  u_impl/u_core/g_row_3__g_col_5__u_pe/u_sol/U51/ZN (CKND0)                      0.0180      0.4345 r    (717.75,12.68)
  u_impl/u_core/g_row_3__g_col_5__u_pe/u_sol/copt_h_inst_40085/Z (CKBD0)         0.0464      0.4809 r    (716.51,12.68)
  u_impl/u_core/g_row_3__g_col_5__u_pe/u_sol/U54/ZN (OAI222D0)                   0.0442      0.5251 f    (714.11,17.99)
  u_impl/u_core/g_row_3__g_col_5__u_pe/u_sol/u_black_q_reg_8_/D (DFCNQD1)        0.0000      0.5251 f    (710.95,14.38)
  data arrival time                                                                          0.5251

  clock core_clk (rise edge)                                                     0.0000      0.0000
  clock network delay (propagated)                                               0.2964      0.2964
  u_impl/u_core/g_row_3__g_col_5__u_pe/u_sol/u_black_q_reg_8_/CP (DFCNQD1)       0.0000      0.2964 r    (709.92,14.50)
  clock uncertainty                                                              0.2000      0.4964
  library hold time                                                              0.0325      0.5289
  data required time                                                                         0.5289
  ----------------------------------------------------------------------------------------------------------------------------
  data required time                                                                         0.5289
  data arrival time                                                                         -0.5251
  ----------------------------------------------------------------------------------------------------------------------------
  slack (VIOLATED)                                                                          -0.0039



  Startpoint: u_impl/u_core/g_row_3__g_col_8__u_pe/u_sol/u_red_q_reg_11_ (rising edge-triggered flip-flop clocked by core_clk)
  Endpoint: u_impl/u_core/g_row_3__g_col_8__u_pe/u_sol/u_red_q_reg_10_ (rising edge-triggered flip-flop clocked by core_clk)
  Mode: FUNC
  Corner: BC
  Scenario: FUNC_BC
  Path Group: core_clk
  Path Type: min

  Point                                                                           Incr        Path           Location
  ----------------------------------------------------------------------------------------------------------------------------
  clock core_clk (rise edge)                                                     0.0000      0.0000
  clock network delay (propagated)                                               0.3065      0.3065

  u_impl/u_core/g_row_3__g_col_8__u_pe/u_sol/u_red_q_reg_11_/CP (DFCNQD1)        0.0000      0.3065 r    (585.52,10.90)
  u_impl/u_core/g_row_3__g_col_8__u_pe/u_sol/u_red_q_reg_11_/Q (DFCNQD1)         0.1263      0.4327 f    (589.69,10.91)
  u_impl/u_core/g_row_3__g_col_8__u_pe/u_sol/copt_h_inst_45089/Z (CKBD0)         0.0336      0.4664 f    (587.71,12.68)
  u_impl/u_core/g_row_3__g_col_8__u_pe/u_sol/U6/ZN (CKND0)                       0.0371      0.5035 r    (585.15,12.68)
  u_impl/u_core/g_row_3__g_col_8__u_pe/u_sol/U85/ZN (OAI222D0)                   0.0402      0.5437 f    (594.51,16.41)
  u_impl/u_core/g_row_3__g_col_8__u_pe/u_sol/u_red_q_reg_10_/D (DFCNQD1)         0.0000      0.5437 f    (595.35,10.78)
  data arrival time                                                                          0.5437

  clock core_clk (rise edge)                                                     0.0000      0.0000
  clock network delay (propagated)                                               0.3119      0.3119
  u_impl/u_core/g_row_3__g_col_8__u_pe/u_sol/u_red_q_reg_10_/CP (DFCNQD1)        0.0000      0.3119 r    (594.32,10.90)
  clock uncertainty                                                              0.2000      0.5119
  library hold time                                                              0.0355      0.5475
  data required time                                                                         0.5475
  ----------------------------------------------------------------------------------------------------------------------------
  data required time                                                                         0.5475
  data arrival time                                                                         -0.5437
  ----------------------------------------------------------------------------------------------------------------------------
  slack (VIOLATED)                                                                          -0.0037



  Startpoint: u_impl/u_core/g_row_1__g_col_1__u_pe/u_sol/u_black_q_reg_1_ (rising edge-triggered flip-flop clocked by core_clk)
  Endpoint: u_impl/u_core/g_row_1__g_col_1__u_pe/u_sol/u_black_q_reg_0_ (rising edge-triggered flip-flop clocked by core_clk)
  Mode: FUNC
  Corner: BC
  Scenario: FUNC_BC
  Path Group: core_clk
  Path Type: min

  Point                                                                           Incr        Path           Location
  ----------------------------------------------------------------------------------------------------------------------------
  clock core_clk (rise edge)                                                     0.0000      0.0000
  clock network delay (propagated)                                               0.3091      0.3091

  u_impl/u_core/g_row_1__g_col_1__u_pe/u_sol/u_black_q_reg_1_/CP (DFCNQD1)       0.0000      0.3091 r    (809.32,117.10)
  u_impl/u_core/g_row_1__g_col_1__u_pe/u_sol/u_black_q_reg_1_/Q (DFCNQD1)        0.1271      0.4362 f    (813.49,117.09)
  u_impl/u_core/g_row_1__g_col_1__u_pe/u_sol/U66/ZN (CKND0)                      0.0212      0.4574 r    (811.95,120.68)
  u_impl/u_core/g_row_1__g_col_1__u_pe/u_sol/copt_h_inst_30321/Z (CKBD0)         0.0446      0.5020 r    (811.69,124.28)
  u_impl/u_core/g_row_1__g_col_1__u_pe/u_sol/U72/ZN (OAI222D0)                   0.0422      0.5442 f    (814.51,120.81)
  u_impl/u_core/g_row_1__g_col_1__u_pe/u_sol/u_black_q_reg_0_/D (DFCNQD1)        0.0000      0.5443 f    (812.55,111.58)
  data arrival time                                                                          0.5443

  clock core_clk (rise edge)                                                     0.0000      0.0000
  clock network delay (propagated)                                               0.3132      0.3132
  u_impl/u_core/g_row_1__g_col_1__u_pe/u_sol/u_black_q_reg_0_/CP (DFCNQD1)       0.0000      0.3132 r    (811.52,111.70)
  clock uncertainty                                                              0.2000      0.5132
  library hold time                                                              0.0346      0.5478
  data required time                                                                         0.5478
  ----------------------------------------------------------------------------------------------------------------------------
  data required time                                                                         0.5478
  data arrival time                                                                         -0.5443
  ----------------------------------------------------------------------------------------------------------------------------
  slack (VIOLATED)                                                                          -0.0036



  Startpoint: u_impl/u_core/g_row_4__g_col_8__u_pe/u_sol/u_red_q_reg_10_ (rising edge-triggered flip-flop clocked by core_clk)
  Endpoint: u_impl/u_core/g_row_4__g_col_8__u_pe/u_sol/u_red_q_reg_9_ (rising edge-triggered flip-flop clocked by core_clk)
  Mode: FUNC
  Corner: BC
  Scenario: FUNC_BC
  Path Group: core_clk
  Path Type: min

  Point                                                                           Incr        Path           Location
  ----------------------------------------------------------------------------------------------------------------------------
  clock core_clk (rise edge)                                                     0.0000      0.0000
  clock network delay (propagated)                                               0.3119      0.3119

  u_impl/u_core/g_row_4__g_col_8__u_pe/u_sol/u_red_q_reg_10_/CP (DFCNQD1)        0.0000      0.3119 r    (259.12,10.90)
  u_impl/u_core/g_row_4__g_col_8__u_pe/u_sol/u_red_q_reg_10_/Q (DFCNQD1)         0.1172      0.4291 f    (263.29,10.91)
  u_impl/u_core/g_row_4__g_col_8__u_pe/u_sol/copt_h_inst_45594/Z (CKBD0)         0.0351      0.4642 f    (265.71,12.68)
  u_impl/u_core/g_row_4__g_col_8__u_pe/u_sol/U49/ZN (CKND0)                      0.0404      0.5046 r    (261.75,12.68)
  u_impl/u_core/g_row_4__g_col_8__u_pe/u_sol/U52/ZN (OAI222D0)                   0.0399      0.5445 f    (251.11,14.39)
  u_impl/u_core/g_row_4__g_col_8__u_pe/u_sol/u_red_q_reg_9_/D (DFCNQD1)          0.0000      0.5445 f    (251.35,10.78)
  data arrival time                                                                          0.5445

  clock core_clk (rise edge)                                                     0.0000      0.0000
  clock network delay (propagated)                                               0.3165      0.3165
  u_impl/u_core/g_row_4__g_col_8__u_pe/u_sol/u_red_q_reg_9_/CP (DFCNQD1)         0.0000      0.3165 r    (250.32,10.90)
  clock uncertainty                                                              0.2000      0.5165
  library hold time                                                              0.0314      0.5480
  data required time                                                                         0.5480
  ----------------------------------------------------------------------------------------------------------------------------
  data required time                                                                         0.5480
  data arrival time                                                                         -0.5445
  ----------------------------------------------------------------------------------------------------------------------------
  slack (VIOLATED)                                                                          -0.0035



  Startpoint: u_impl/u_core/g_row_13__g_col_4__u_pe/u_sol/u_red_q_reg_0_ (rising edge-triggered flip-flop clocked by core_clk)
  Endpoint: u_impl/u_core/g_row_13__g_col_5__u_pe/u_sol/u_black_q_reg_15_ (rising edge-triggered flip-flop clocked by core_clk)
  Mode: FUNC
  Corner: BC
  Scenario: FUNC_BC
  Path Group: core_clk
  Path Type: min

  Point                                                                           Incr        Path           Location
  ----------------------------------------------------------------------------------------------------------------------------
  clock core_clk (rise edge)                                                     0.0000      0.0000
  clock network delay (propagated)                                               0.2649      0.2649

  u_impl/u_core/g_row_13__g_col_4__u_pe/u_sol/u_red_q_reg_0_/CP (DFCNQD1)        0.0000      0.2649 r    (761.92,714.70)
  u_impl/u_core/g_row_13__g_col_4__u_pe/u_sol/u_red_q_reg_0_/Q (DFCNQD1)         0.1233      0.3882 f    (766.09,714.69)
  u_impl/u_core/g_row_13__g_col_4__u_pe/u_sol/copt_h_inst_44650/Z (CKBD0)        0.0321      0.4203 f    (763.91,712.92)
  u_impl/u_core/g_row_13__g_col_4__u_pe/u_sol/U69/ZN (CKND0)                     0.0771      0.4974 r    (763.35,711.08)
  u_impl/u_core/g_row_13__g_col_5__u_pe/u_sol/U41/ZN (OAI222D0)                  0.0599      0.5573 f    (747.91,737.99)
  u_impl/u_core/g_row_13__g_col_5__u_pe/u_sol/u_black_q_reg_15_/D (DFCNQD1)      0.0000      0.5573 f    (750.15,737.98)
  data arrival time                                                                          0.5573

  clock core_clk (rise edge)                                                     0.0000      0.0000
  clock network delay (propagated)                                               0.3322      0.3322
  u_impl/u_core/g_row_13__g_col_5__u_pe/u_sol/u_black_q_reg_15_/CP (DFCNQD1)     0.0000      0.3322 r    (749.12,738.10)
  clock uncertainty                                                              0.2000      0.5322
  library hold time                                                              0.0285      0.5608
  data required time                                                                         0.5608
  ----------------------------------------------------------------------------------------------------------------------------
  data required time                                                                         0.5608
  data arrival time                                                                         -0.5573
  ----------------------------------------------------------------------------------------------------------------------------
  slack (VIOLATED)                                                                          -0.0035



  Startpoint: u_impl/black_shadow_reg_21__3_ (rising edge-triggered flip-flop clocked by core_clk)
  Endpoint: u_impl/u_core/g_row_2__g_col_1__u_pe/u_r_black/q_reg_3_ (rising edge-triggered flip-flop clocked by core_clk)
  Mode: FUNC
  Corner: BC
  Scenario: FUNC_BC
  Path Group: core_clk
  Path Type: min

  Point                                                                           Incr        Path           Location
  ----------------------------------------------------------------------------------------------------------------------------
  clock core_clk (rise edge)                                                     0.0000      0.0000
  clock network delay (propagated)                                               0.2806      0.2806

  u_impl/black_shadow_reg_21__3_/CP (DFQD1)                                      0.0000      0.2806 r    (371.12,250.29)
  u_impl/black_shadow_reg_21__3_/Q (DFQD1)                                       0.1743      0.4549 f    (374.67,250.30)
  u_impl/u_core/g_row_2__g_col_1__u_pe/u_r_black/U10/Z (AO222D0)                 0.1036      0.5585 f    (381.75,169.41)
  u_impl/u_core/g_row_2__g_col_1__u_pe/u_r_black/q_reg_3_/D (DFCNQD1)            0.0000      0.5585 f    (380.55,167.62)
  data arrival time                                                                          0.5585

  clock core_clk (rise edge)                                                     0.0000      0.0000
  clock network delay (propagated)                                               0.3274      0.3274
  u_impl/u_core/g_row_2__g_col_1__u_pe/u_r_black/q_reg_3_/CP (DFCNQD1)           0.0000      0.3274 r    (379.52,167.50)
  clock uncertainty                                                              0.2000      0.5274
  library hold time                                                              0.0345      0.5619
  data required time                                                                         0.5619
  ----------------------------------------------------------------------------------------------------------------------------
  data required time                                                                         0.5619
  data arrival time                                                                         -0.5585
  ----------------------------------------------------------------------------------------------------------------------------
  slack (VIOLATED)                                                                          -0.0034



  Startpoint: u_impl/u_core/g_row_7__g_col_9__u_pe/u_sol/u_red_q_reg_10_ (rising edge-triggered flip-flop clocked by core_clk)
  Endpoint: u_impl/u_core/g_row_7__g_col_9__u_pe/u_sol/u_black_q_reg_10_ (rising edge-triggered flip-flop clocked by core_clk)
  Mode: FUNC
  Corner: BC
  Scenario: FUNC_BC
  Path Group: core_clk
  Path Type: min

  Point                                                                           Incr        Path           Location
  ----------------------------------------------------------------------------------------------------------------------------
  clock core_clk (rise edge)                                                     0.0000      0.0000
  clock network delay (propagated)                                               0.2421      0.2421

  u_impl/u_core/g_row_7__g_col_9__u_pe/u_sol/u_red_q_reg_10_/CP (DFCNQD1)        0.0000      0.2421 r    (88.32,360.10)
  u_impl/u_core/g_row_7__g_col_9__u_pe/u_sol/u_red_q_reg_10_/Q (DFCNQD1)         0.1156      0.3577 r    (92.48,360.11)
  u_impl/u_core/g_row_7__g_col_9__u_pe/u_sol/U5/ZN (AOI22D0)                     0.0428      0.4005 f    (95.10,360.19)
  u_impl/u_core/g_row_7__g_col_9__u_pe/u_sol/intadd_63_U6/S (FA1D0)              0.0957      0.4962 r    (96.38,360.24)
  u_impl/u_core/g_row_7__g_col_9__u_pe/u_sol/U50/ZN (OAI222D0)                   0.0477      0.5439 f    (94.09,358.41)
  u_impl/u_core/g_row_7__g_col_9__u_pe/u_sol/u_black_q_reg_10_/D (DFCNQD1)       0.0000      0.5439 f    (96.15,358.43)
  data arrival time                                                                          0.5439

  clock core_clk (rise edge)                                                     0.0000      0.0000
  clock network delay (propagated)                                               0.3181      0.3181
  u_impl/u_core/g_row_7__g_col_9__u_pe/u_sol/u_black_q_reg_10_/CP (DFCNQD1)      0.0000      0.3181 r    (95.12,358.30)
  clock uncertainty                                                              0.2000      0.5181
  library hold time                                                              0.0291      0.5472
  data required time                                                                         0.5472
  ----------------------------------------------------------------------------------------------------------------------------
  data required time                                                                         0.5472
  data arrival time                                                                         -0.5439
  ----------------------------------------------------------------------------------------------------------------------------
  slack (VIOLATED)                                                                          -0.0033



  Startpoint: u_impl/u_core/g_row_2__g_col_0__u_pe/u_r_black/q_reg_10_ (rising edge-triggered flip-flop clocked by core_clk)
  Endpoint: u_impl/u_core/g_row_2__g_col_0__u_pe/u_r_black/q_reg_9_ (rising edge-triggered flip-flop clocked by core_clk)
  Mode: FUNC
  Corner: BC
  Scenario: FUNC_BC
  Path Group: core_clk
  Path Type: min

  Point                                                                           Incr        Path           Location
  ----------------------------------------------------------------------------------------------------------------------------
  clock core_clk (rise edge)                                                     0.0000      0.0000
  clock network delay (propagated)                                               0.2371      0.2371

  u_impl/u_core/g_row_2__g_col_0__u_pe/u_r_black/q_reg_10_/CP (DFCNQD1)          0.0000      0.2371 r    (373.32,181.90)
  u_impl/u_core/g_row_2__g_col_0__u_pe/u_r_black/q_reg_10_/Q (DFCNQD1)           0.1233      0.3604 f    (377.49,181.89)
  u_impl/u_core/g_row_2__g_col_0__u_pe/u_r_black/copt_h_inst_29294/Z (CKBD0)     0.0995      0.4598 f    (376.31,183.72)
  u_impl/u_core/g_row_2__g_col_0__u_pe/u_r_black/U12/Z (AO222D0)                 0.0983      0.5581 f    (373.35,165.81)
  u_impl/u_core/g_row_2__g_col_0__u_pe/u_r_black/q_reg_9_/D (DFCNQD1)            0.0000      0.5581 f    (373.95,161.97)
  data arrival time                                                                          0.5581

  clock core_clk (rise edge)                                                     0.0000      0.0000
  clock network delay (propagated)                                               0.3271      0.3271
  u_impl/u_core/g_row_2__g_col_0__u_pe/u_r_black/q_reg_9_/CP (DFCNQD1)           0.0000      0.3271 r    (372.92,162.10)
  clock uncertainty                                                              0.2000      0.5271
  library hold time                                                              0.0343      0.5614
  data required time                                                                         0.5614
  ----------------------------------------------------------------------------------------------------------------------------
  data required time                                                                         0.5614
  data arrival time                                                                         -0.5581
  ----------------------------------------------------------------------------------------------------------------------------
  slack (VIOLATED)                                                                          -0.0033



  Startpoint: u_impl/u_core/g_row_11__g_col_8__u_pe/u_sol/u_red_q_reg_4_ (rising edge-triggered flip-flop clocked by core_clk)
  Endpoint: u_impl/u_core/g_row_11__g_col_8__u_pe/u_sol/u_red_q_reg_4_ (rising edge-triggered flip-flop clocked by core_clk)
  Mode: FUNC
  Corner: BC
  Scenario: FUNC_BC
  Path Group: core_clk
  Path Type: min

  Point                                                                           Incr        Path           Location
  ----------------------------------------------------------------------------------------------------------------------------
  clock core_clk (rise edge)                                                     0.0000      0.0000
  clock network delay (propagated)                                               0.3245      0.3245

  u_impl/u_core/g_row_11__g_col_8__u_pe/u_sol/u_red_q_reg_4_/CP (DFCNQD1)        0.0000      0.3245 r    (144.32,748.90)
  u_impl/u_core/g_row_11__g_col_8__u_pe/u_sol/u_red_q_reg_4_/Q (DFCNQD1)         0.1171      0.4416 f    (148.49,748.91)
  u_impl/u_core/g_row_11__g_col_8__u_pe/u_sol/copt_h_inst_40490/Z (CKBD0)        0.0350      0.4766 f    (146.69,750.68)
  u_impl/u_core/g_row_11__g_col_8__u_pe/u_sol/U97/ZN (CKND0)                     0.0289      0.5054 r    (147.65,747.08)
  u_impl/u_core/g_row_11__g_col_8__u_pe/u_sol/U98/ZN (OAI222D0)                  0.0488      0.5542 f    (147.51,743.61)
  u_impl/u_core/g_row_11__g_col_8__u_pe/u_sol/u_red_q_reg_4_/D (DFCNQD1)         0.0000      0.5542 f    (145.35,748.78)
  data arrival time                                                                          0.5542

  clock core_clk (rise edge)                                                     0.0000      0.0000
  clock network delay (propagated)                                               0.3281      0.3281
  u_impl/u_core/g_row_11__g_col_8__u_pe/u_sol/u_red_q_reg_4_/CP (DFCNQD1)        0.0000      0.3281 r    (144.32,748.90)
  clock uncertainty                                                              0.2000      0.5281
  library hold time                                                              0.0293      0.5575
  data required time                                                                         0.5575
  ----------------------------------------------------------------------------------------------------------------------------
  data required time                                                                         0.5575
  data arrival time                                                                         -0.5542
  ----------------------------------------------------------------------------------------------------------------------------
  slack (VIOLATED)                                                                          -0.0032



  Startpoint: u_impl/u_core/g_row_10__g_col_3__u_pe/u_sol/u_red_q_reg_13_ (rising edge-triggered flip-flop clocked by core_clk)
  Endpoint: u_impl/u_core/g_row_10__g_col_3__u_pe/u_sol/u_red_q_reg_12_ (rising edge-triggered flip-flop clocked by core_clk)
  Mode: FUNC
  Corner: BC
  Scenario: FUNC_BC
  Path Group: core_clk
  Path Type: min

  Point                                                                           Incr        Path           Location
  ----------------------------------------------------------------------------------------------------------------------------
  clock core_clk (rise edge)                                                     0.0000      0.0000
  clock network delay (propagated)                                               0.3309      0.3309

  u_impl/u_core/g_row_10__g_col_3__u_pe/u_sol/u_red_q_reg_13_/CP (DFCNQD1)       0.0000      0.3309 r    (10.12,597.70)
  u_impl/u_core/g_row_10__g_col_3__u_pe/u_sol/u_red_q_reg_13_/Q (DFCNQD1)        0.1229      0.4538 f    (14.29,597.71)
  u_impl/u_core/g_row_10__g_col_3__u_pe/u_sol/U44/ZN (CKND0)                     0.0217      0.4755 r    (17.25,601.32)
  u_impl/u_core/g_row_10__g_col_3__u_pe/u_sol/copt_h_inst_36082/Z (CKBD0)        0.0468      0.5223 r    (19.71,601.32)
  u_impl/u_core/g_row_10__g_col_3__u_pe/u_sol/U47/ZN (OAI222D0)                  0.0428      0.5651 f    (18.91,606.81)
  u_impl/u_core/g_row_10__g_col_3__u_pe/u_sol/u_red_q_reg_12_/D (DFCNQD1)        0.0000      0.5651 f    (14.75,606.83)
  data arrival time                                                                          0.5651

  clock core_clk (rise edge)                                                     0.0000      0.0000
  clock network delay (propagated)                                               0.3355      0.3355
  u_impl/u_core/g_row_10__g_col_3__u_pe/u_sol/u_red_q_reg_12_/CP (DFCNQD1)       0.0000      0.3355 r    (13.72,606.70)
  clock uncertainty                                                              0.2000      0.5355
  library hold time                                                              0.0329      0.5684
  data required time                                                                         0.5684
  ----------------------------------------------------------------------------------------------------------------------------
  data required time                                                                         0.5684
  data arrival time                                                                         -0.5651
  ----------------------------------------------------------------------------------------------------------------------------
  slack (VIOLATED)                                                                          -0.0032



  Startpoint: u_impl/u_core/g_row_9__g_col_6__u_pe/u_sol/u_red_q_reg_6_ (rising edge-triggered flip-flop clocked by core_clk)
  Endpoint: u_impl/u_core/g_row_9__g_col_6__u_pe/u_sol/u_red_q_reg_6_ (rising edge-triggered flip-flop clocked by core_clk)
  Mode: FUNC
  Corner: BC
  Scenario: FUNC_BC
  Path Group: core_clk
  Path Type: min

  Point                                                                           Incr        Path           Location
  ----------------------------------------------------------------------------------------------------------------------------
  clock core_clk (rise edge)                                                     0.0000      0.0000
  clock network delay (propagated)                                               0.2997      0.2997

  u_impl/u_core/g_row_9__g_col_6__u_pe/u_sol/u_red_q_reg_6_/CP (DFCNQD1)         0.0000      0.2997 r    (76.52,478.90)
  u_impl/u_core/g_row_9__g_col_6__u_pe/u_sol/u_red_q_reg_6_/Q (DFCNQD1)          0.1277      0.4274 f    (80.69,478.91)
  u_impl/u_core/g_row_9__g_col_6__u_pe/u_sol/U93/ZN (CKND0)                      0.0277      0.4551 r    (80.75,480.68)
  u_impl/u_core/g_row_9__g_col_6__u_pe/u_sol/copt_h_inst_42117/Z (CKBD0)         0.0377      0.4928 r    (81.29,482.52)
  u_impl/u_core/g_row_9__g_col_6__u_pe/u_sol/U94/ZN (OAI222D0)                   0.0477      0.5405 f    (81.69,484.41)
  u_impl/u_core/g_row_9__g_col_6__u_pe/u_sol/u_red_q_reg_6_/D (DFCNQD1)          0.0000      0.5405 f    (77.55,478.78)
  data arrival time                                                                          0.5405

  clock core_clk (rise edge)                                                     0.0000      0.0000
  clock network delay (propagated)                                               0.3046      0.3046
  u_impl/u_core/g_row_9__g_col_6__u_pe/u_sol/u_red_q_reg_6_/CP (DFCNQD1)         0.0000      0.3046 r    (76.52,478.90)
  clock uncertainty                                                              0.2000      0.5046
  library hold time                                                              0.0391      0.5437
  data required time                                                                         0.5437
  ----------------------------------------------------------------------------------------------------------------------------
  data required time                                                                         0.5437
  data arrival time                                                                         -0.5405
  ----------------------------------------------------------------------------------------------------------------------------
  slack (VIOLATED)                                                                          -0.0032



  Startpoint: u_impl/u_core/g_row_8__g_col_0__u_pe/u_sol/u_red_q_reg_6_ (rising edge-triggered flip-flop clocked by core_clk)
  Endpoint: u_impl/u_core/g_row_8__g_col_0__u_pe/u_sol/u_red_q_reg_5_ (rising edge-triggered flip-flop clocked by core_clk)
  Mode: FUNC
  Corner: BC
  Scenario: FUNC_BC
  Path Group: core_clk
  Path Type: min

  Point                                                                           Incr        Path           Location
  ----------------------------------------------------------------------------------------------------------------------------
  clock core_clk (rise edge)                                                     0.0000      0.0000
  clock network delay (propagated)                                               0.3042      0.3042

  u_impl/u_core/g_row_8__g_col_0__u_pe/u_sol/u_red_q_reg_6_/CP (DFCNQD1)         0.0000      0.3042 r    (46.12,363.70)
  u_impl/u_core/g_row_8__g_col_0__u_pe/u_sol/u_red_q_reg_6_/Q (DFCNQD1)          0.1121      0.4163 f    (50.29,363.71)
  u_impl/u_core/g_row_8__g_col_0__u_pe/u_sol/copt_h_inst_45178/Z (CKBD0)         0.0337      0.4499 f    (50.09,361.88)
  u_impl/u_core/g_row_8__g_col_0__u_pe/u_sol/U8/ZN (INVD0)                       0.0374      0.4873 r    (50.38,360.10)
  u_impl/u_core/g_row_8__g_col_0__u_pe/u_sol/U59/ZN (OAI222D0)                   0.0451      0.5325 f    (51.71,354.81)
  u_impl/u_core/g_row_8__g_col_0__u_pe/u_sol/u_red_q_reg_5_/D (DFCNQD1)          0.0000      0.5325 f    (46.55,354.82)
  data arrival time                                                                          0.5325

  clock core_clk (rise edge)                                                     0.0000      0.0000
  clock network delay (propagated)                                               0.3079      0.3079
  u_impl/u_core/g_row_8__g_col_0__u_pe/u_sol/u_red_q_reg_5_/CP (DFCNQD1)         0.0000      0.3079 r    (45.52,354.70)
  clock uncertainty                                                              0.2000      0.5079
  library hold time                                                              0.0278      0.5357
  data required time                                                                         0.5357
  ----------------------------------------------------------------------------------------------------------------------------
  data required time                                                                         0.5357
  data arrival time                                                                         -0.5325
  ----------------------------------------------------------------------------------------------------------------------------
  slack (VIOLATED)                                                                          -0.0032



  Startpoint: u_impl/u_core/g_row_6__g_col_5__u_pe/u_sol/u_black_q_reg_0_ (rising edge-triggered flip-flop clocked by core_clk)
  Endpoint: u_impl/u_core/g_row_6__g_col_6__u_pe/u_sol/u_red_q_reg_15_ (rising edge-triggered flip-flop clocked by core_clk)
  Mode: FUNC
  Corner: BC
  Scenario: FUNC_BC
  Path Group: core_clk
  Path Type: min

  Point                                                                           Incr        Path           Location
  ----------------------------------------------------------------------------------------------------------------------------
  clock core_clk (rise edge)                                                     0.0000      0.0000
  clock network delay (propagated)                                               0.2572      0.2572

  u_impl/u_core/g_row_6__g_col_5__u_pe/u_sol/u_black_q_reg_0_/CP (DFCNQD1)       0.0000      0.2572 r    (196.72,52.30)
  u_impl/u_core/g_row_6__g_col_5__u_pe/u_sol/u_black_q_reg_0_/Q (DFCNQD1)        0.1336      0.3908 f    (200.89,52.29)
  u_impl/u_core/g_row_6__g_col_5__u_pe/u_sol/U69/ZN (CKND0)                      0.0512      0.4419 r    (197.15,54.12)
  u_impl/u_core/g_row_6__g_col_6__u_pe/u_sol/U41/ZN (OAI222D0)                   0.0597      0.5017 f    (199.49,41.61)
  u_impl/u_core/g_row_6__g_col_6__u_pe/u_sol/u_red_q_reg_15_/D (DFCNQD1)         0.0000      0.5017 f    (193.75,43.18)
  data arrival time                                                                          0.5017

  clock core_clk (rise edge)                                                     0.0000      0.0000
  clock network delay (propagated)                                               0.2621      0.2621
  u_impl/u_core/g_row_6__g_col_6__u_pe/u_sol/u_red_q_reg_15_/CP (DFCNQD1)        0.0000      0.2621 r    (192.72,43.30)
  clock uncertainty                                                              0.2000      0.4621
  library hold time                                                              0.0427      0.5048
  data required time                                                                         0.5048
  ----------------------------------------------------------------------------------------------------------------------------
  data required time                                                                         0.5048
  data arrival time                                                                         -0.5017
  ----------------------------------------------------------------------------------------------------------------------------
  slack (VIOLATED)                                                                          -0.0031



  Startpoint: u_impl/black_shadow_reg_54__2_ (rising edge-triggered flip-flop clocked by core_clk)
  Endpoint: u_impl/u_core/g_row_5__g_col_4__u_pe/u_r_black/q_reg_2_ (rising edge-triggered flip-flop clocked by core_clk)
  Mode: FUNC
  Corner: BC
  Scenario: FUNC_BC
  Path Group: core_clk
  Path Type: min

  Point                                                                           Incr        Path           Location
  ----------------------------------------------------------------------------------------------------------------------------
  clock core_clk (rise edge)                                                     0.0000      0.0000
  clock network delay (propagated)                                               0.2809      0.2809

  u_impl/black_shadow_reg_54__2_/CP (DFQD2)                                      0.0000      0.2809 r    (359.72,261.09)
  u_impl/black_shadow_reg_54__2_/Q (DFQD2)                                       0.1785      0.4593 f    (363.26,261.10)
  u_impl/u_core/g_row_5__g_col_4__u_pe/u_r_black/U11/Z (AO222D0)                 0.0911      0.5504 f    (247.55,234.21)
  u_impl/u_core/g_row_5__g_col_4__u_pe/u_r_black/q_reg_2_/D (DFCNQD1)            0.0000      0.5504 f    (248.75,225.23)
  data arrival time                                                                          0.5504

  clock core_clk (rise edge)                                                     0.0000      0.0000
  clock network delay (propagated)                                               0.3208      0.3208
  u_impl/u_core/g_row_5__g_col_4__u_pe/u_r_black/q_reg_2_/CP (DFCNQD1)           0.0000      0.3208 r    (247.72,225.10)
  clock uncertainty                                                              0.2000      0.5208
  library hold time                                                              0.0327      0.5535
  data required time                                                                         0.5535
  ----------------------------------------------------------------------------------------------------------------------------
  data required time                                                                         0.5535
  data arrival time                                                                         -0.5504
  ----------------------------------------------------------------------------------------------------------------------------
  slack (VIOLATED)                                                                          -0.0031



  Startpoint: u_impl/red_shadow_reg_28__15_ (rising edge-triggered flip-flop clocked by core_clk)
  Endpoint: u_impl/u_core/g_row_2__g_col_8__u_pe/u_r_red/q_reg_15_ (rising edge-triggered flip-flop clocked by core_clk)
  Mode: FUNC
  Corner: BC
  Scenario: FUNC_BC
  Path Group: core_clk
  Path Type: min

  Point                                                                           Incr        Path           Location
  ----------------------------------------------------------------------------------------------------------------------------
  clock core_clk (rise edge)                                                     0.0000      0.0000
  clock network delay (propagated)                                               0.2838      0.2838

  u_impl/red_shadow_reg_28__15_/CP (DFQD1)                                       0.0000      0.2838 r    (396.52,201.71)
  u_impl/red_shadow_reg_28__15_/Q (DFQD1)                                        0.1652      0.4490 f    (400.07,201.71)
  u_impl/u_core/g_row_2__g_col_8__u_pe/u_r_red/U29/ZN (AOI22D0)                  0.0629      0.5120 r    (399.70,144.19)
  u_impl/u_core/g_row_2__g_col_8__u_pe/u_r_red/U31/ZN (CKND2D0)                  0.0373      0.5493 f    (403.65,138.68)
  u_impl/u_core/g_row_2__g_col_8__u_pe/u_r_red/q_reg_15_/D (DFCNQD1)             0.0000      0.5493 f    (404.35,135.22)
  data arrival time                                                                          0.5493

  clock core_clk (rise edge)                                                     0.0000      0.0000
  clock network delay (propagated)                                               0.3202      0.3202
  u_impl/u_core/g_row_2__g_col_8__u_pe/u_r_red/q_reg_15_/CP (DFCNQD1)            0.0000      0.3202 r    (403.32,135.10)
  clock uncertainty                                                              0.2000      0.5202
  library hold time                                                              0.0322      0.5524
  data required time                                                                         0.5524
  ----------------------------------------------------------------------------------------------------------------------------
  data required time                                                                         0.5524
  data arrival time                                                                         -0.5493
  ----------------------------------------------------------------------------------------------------------------------------
  slack (VIOLATED)                                                                          -0.0031



  Startpoint: u_impl/u_core/g_row_13__g_col_9__u_pe/u_sol/u_black_q_reg_13_ (rising edge-triggered flip-flop clocked by core_clk)
  Endpoint: u_impl/u_core/g_row_13__g_col_9__u_pe/u_sol/u_black_q_reg_12_ (rising edge-triggered flip-flop clocked by core_clk)
  Mode: FUNC
  Corner: BC
  Scenario: FUNC_BC
  Path Group: core_clk
  Path Type: min

  Point                                                                           Incr        Path           Location
  ----------------------------------------------------------------------------------------------------------------------------
  clock core_clk (rise edge)                                                     0.0000      0.0000
  clock network delay (propagated)                                               0.2992      0.2992

  u_impl/u_core/g_row_13__g_col_9__u_pe/u_sol/u_black_q_reg_13_/CP (DFCNQD1)     0.0000      0.2992 r    (710.12,779.50)
  u_impl/u_core/g_row_13__g_col_9__u_pe/u_sol/u_black_q_reg_13_/Q (DFCNQD1)      0.1257      0.4249 f    (714.29,779.49)
  u_impl/u_core/g_row_13__g_col_9__u_pe/u_sol/copt_h_inst_47835/Z (CKBD0)        0.0310      0.4559 f    (709.31,779.48)
  u_impl/u_core/g_row_13__g_col_9__u_pe/u_sol/U44/ZN (CKND0)                     0.0364      0.4923 r    (708.35,779.48)
  u_impl/u_core/g_row_13__g_col_9__u_pe/u_sol/U47/ZN (OAI222D0)                  0.0441      0.5364 f    (710.29,786.81)
  u_impl/u_core/g_row_13__g_col_9__u_pe/u_sol/u_black_q_reg_12_/D (DFCNQD1)      0.0000      0.5364 f    (704.95,784.78)
  data arrival time                                                                          0.5364

  clock core_clk (rise edge)                                                     0.0000      0.0000
  clock network delay (propagated)                                               0.3040      0.3040
  u_impl/u_core/g_row_13__g_col_9__u_pe/u_sol/u_black_q_reg_12_/CP (DFCNQD1)     0.0000      0.3040 r    (703.92,784.90)
  clock uncertainty                                                              0.2000      0.5040
  library hold time                                                              0.0354      0.5394
  data required time                                                                         0.5394
  ----------------------------------------------------------------------------------------------------------------------------
  data required time                                                                         0.5394
  data arrival time                                                                         -0.5364
  ----------------------------------------------------------------------------------------------------------------------------
  slack (VIOLATED)                                                                          -0.0030



  Startpoint: u_impl/u_core/g_row_19__g_col_7__u_pe/u_sol/u_black_q_reg_3_ (rising edge-triggered flip-flop clocked by core_clk)
  Endpoint: u_impl/u_core/g_row_19__g_col_7__u_pe/u_sol/u_black_q_reg_2_ (rising edge-triggered flip-flop clocked by core_clk)
  Mode: FUNC
  Corner: BC
  Scenario: FUNC_BC
  Path Group: core_clk
  Path Type: min

  Point                                                                           Incr        Path           Location
  ----------------------------------------------------------------------------------------------------------------------------
  clock core_clk (rise edge)                                                     0.0000      0.0000
  clock network delay (propagated)                                               0.3288      0.3288

  u_impl/u_core/g_row_19__g_col_7__u_pe/u_sol/u_black_q_reg_3_/CP (DFCNQD1)      0.0000      0.3288 r    (829.52,354.70)
  u_impl/u_core/g_row_19__g_col_7__u_pe/u_sol/u_black_q_reg_3_/Q (DFCNQD1)       0.1151      0.4440 f    (833.69,354.69)
  u_impl/u_core/g_row_19__g_col_7__u_pe/u_sol/U62/ZN (CKND0)                     0.0200      0.4640 r    (832.05,356.52)
  u_impl/u_core/g_row_19__g_col_7__u_pe/u_sol/copt_h_inst_39948/Z (CKBD0)        0.0464      0.5104 r    (833.71,358.28)
  u_impl/u_core/g_row_19__g_col_7__u_pe/u_sol/U65/ZN (OAI222D0)                  0.0397      0.5502 f    (832.89,362.01)
  u_impl/u_core/g_row_19__g_col_7__u_pe/u_sol/u_black_q_reg_2_/D (DFCNQD1)       0.0000      0.5502 f    (835.55,359.98)
  data arrival time                                                                          0.5502

  clock core_clk (rise edge)                                                     0.0000      0.0000
  clock network delay (propagated)                                               0.3245      0.3245
  u_impl/u_core/g_row_19__g_col_7__u_pe/u_sol/u_black_q_reg_2_/CP (DFCNQD1)      0.0000      0.3245 r    (834.52,360.10)
  clock uncertainty                                                              0.2000      0.5245
  library hold time                                                              0.0286      0.5531
  data required time                                                                         0.5531
  ----------------------------------------------------------------------------------------------------------------------------
  data required time                                                                         0.5531
  data arrival time                                                                         -0.5502
  ----------------------------------------------------------------------------------------------------------------------------
  slack (VIOLATED)                                                                          -0.0030



  Startpoint: u_impl/black_shadow_reg_144__12_ (rising edge-triggered flip-flop clocked by core_clk)
  Endpoint: u_impl/u_core/g_row_14__g_col_4__u_pe/u_r_black/q_reg_12_ (rising edge-triggered flip-flop clocked by core_clk)
  Mode: FUNC
  Corner: BC
  Scenario: FUNC_BC
  Path Group: core_clk
  Path Type: min

  Point                                                                           Incr        Path           Location
  ----------------------------------------------------------------------------------------------------------------------------
  clock core_clk (rise edge)                                                     0.0000      0.0000
  clock network delay (propagated)                                               0.2723      0.2723

  u_impl/black_shadow_reg_144__12_/CP (DFQD1)                                    0.0000      0.2723 r    (401.12,667.89)
  u_impl/black_shadow_reg_144__12_/Q (DFQD1)                                     0.1847      0.4570 f    (404.67,667.89)
  u_impl/u_core/g_row_14__g_col_4__u_pe/u_r_black/U18/Z (AO222D0)                0.1036      0.5605 f    (408.35,788.61)
  u_impl/u_core/g_row_14__g_col_4__u_pe/u_r_black/q_reg_12_/D (DFCNQD1)          0.0000      0.5606 f    (412.75,791.98)
  data arrival time                                                                          0.5606

  clock core_clk (rise edge)                                                     0.0000      0.0000
  clock network delay (propagated)                                               0.3309      0.3309
  u_impl/u_core/g_row_14__g_col_4__u_pe/u_r_black/q_reg_12_/CP (DFCNQD1)         0.0000      0.3309 r    (411.72,792.10)
  clock uncertainty                                                              0.2000      0.5309
  library hold time                                                              0.0326      0.5635
  data required time                                                                         0.5635
  ----------------------------------------------------------------------------------------------------------------------------
  data required time                                                                         0.5635
  data arrival time                                                                         -0.5606
  ----------------------------------------------------------------------------------------------------------------------------
  slack (VIOLATED)                                                                          -0.0030



  Startpoint: u_impl/u_core/g_row_13__g_col_3__u_pe/u_r_red/q_reg_12_ (rising edge-triggered flip-flop clocked by core_clk)
  Endpoint: u_impl/u_core/g_row_13__g_col_3__u_pe/u_r_red/q_reg_12_ (rising edge-triggered flip-flop clocked by core_clk)
  Mode: FUNC
  Corner: BC
  Scenario: FUNC_BC
  Path Group: core_clk
  Path Type: min

  Point                                                                           Incr        Path           Location
  ----------------------------------------------------------------------------------------------------------------------------
  clock core_clk (rise edge)                                                     0.0000      0.0000
  clock network delay (propagated)                                               0.2507      0.2507

  u_impl/u_core/g_row_13__g_col_3__u_pe/u_r_red/q_reg_12_/CP (DFCNQD1)           0.0000      0.2507 r    (717.72,648.10)
  u_impl/u_core/g_row_13__g_col_3__u_pe/u_r_red/q_reg_12_/Q (DFCNQD1)            0.1289      0.3796 f    (721.88,648.11)
  u_impl/u_core/g_row_13__g_col_3__u_pe/u_r_red/copt_h_inst_39061/Z (CKBD0)      0.0497      0.4293 f    (721.31,646.28)
  u_impl/u_core/g_row_13__g_col_3__u_pe/u_r_red/U18/Z (AO222D0)                  0.0590      0.4883 f    (717.65,646.20)
  u_impl/u_core/g_row_13__g_col_3__u_pe/u_r_red/q_reg_12_/D (DFCNQD1)            0.0000      0.4883 f    (718.75,647.98)
  data arrival time                                                                          0.4883

  clock core_clk (rise edge)                                                     0.0000      0.0000
  clock network delay (propagated)                                               0.2541      0.2541
  u_impl/u_core/g_row_13__g_col_3__u_pe/u_r_red/q_reg_12_/CP (DFCNQD1)           0.0000      0.2541 r    (717.72,648.10)
  clock uncertainty                                                              0.2000      0.4541
  library hold time                                                              0.0370      0.4911
  data required time                                                                         0.4911
  ----------------------------------------------------------------------------------------------------------------------------
  data required time                                                                         0.4911
  data arrival time                                                                         -0.4883
  ----------------------------------------------------------------------------------------------------------------------------
  slack (VIOLATED)                                                                          -0.0029



  Startpoint: u_impl/u_core/g_row_4__g_col_7__u_pe/u_sol/u_black_q_reg_14_ (rising edge-triggered flip-flop clocked by core_clk)
  Endpoint: u_impl/u_core/g_row_4__g_col_7__u_pe/u_sol/u_black_q_reg_13_ (rising edge-triggered flip-flop clocked by core_clk)
  Mode: FUNC
  Corner: BC
  Scenario: FUNC_BC
  Path Group: core_clk
  Path Type: min

  Point                                                                           Incr        Path           Location
  ----------------------------------------------------------------------------------------------------------------------------
  clock core_clk (rise edge)                                                     0.0000      0.0000
  clock network delay (propagated)                                               0.3167      0.3167

  u_impl/u_core/g_row_4__g_col_7__u_pe/u_sol/u_black_q_reg_14_/CP (DFCNQD1)      0.0000      0.3167 r    (278.92,25.30)
  u_impl/u_core/g_row_4__g_col_7__u_pe/u_sol/u_black_q_reg_14_/Q (DFCNQD1)       0.1194      0.4362 f    (283.09,25.31)
  u_impl/u_core/g_row_4__g_col_7__u_pe/u_sol/copt_h_inst_46476/Z (CKBD0)         0.0383      0.4745 f    (283.91,28.92)
  u_impl/u_core/g_row_4__g_col_7__u_pe/u_sol/U77/ZN (CKND0)                      0.0408      0.5153 r    (278.55,27.08)
  u_impl/u_core/g_row_4__g_col_7__u_pe/u_sol/U80/ZN (OAI222D0)                   0.0353      0.5506 f    (278.49,35.99)
  u_impl/u_core/g_row_4__g_col_7__u_pe/u_sol/u_black_q_reg_13_/D (DFCNQD1)       0.0000      0.5506 f    (279.95,34.43)
  data arrival time                                                                          0.5506

  clock core_clk (rise edge)                                                     0.0000      0.0000
  clock network delay (propagated)                                               0.3219      0.3219
  u_impl/u_core/g_row_4__g_col_7__u_pe/u_sol/u_black_q_reg_13_/CP (DFCNQD1)      0.0000      0.3219 r    (278.92,34.30)
  clock uncertainty                                                              0.2000      0.5219
  library hold time                                                              0.0315      0.5534
  data required time                                                                         0.5534
  ----------------------------------------------------------------------------------------------------------------------------
  data required time                                                                         0.5534
  data arrival time                                                                         -0.5506
  ----------------------------------------------------------------------------------------------------------------------------
  slack (VIOLATED)                                                                          -0.0028



  Startpoint: u_impl/u_core/g_row_3__g_col_6__u_pe/u_dsm/err_black_q_reg_1_ (rising edge-triggered flip-flop clocked by core_clk)
  Endpoint: u_impl/u_core/g_row_3__g_col_6__u_pe/u_dsm/err_black_q_reg_1_ (rising edge-triggered flip-flop clocked by core_clk)
  Mode: FUNC
  Corner: BC
  Scenario: FUNC_BC
  Path Group: core_clk
  Path Type: min

  Point                                                                           Incr        Path           Location
  ----------------------------------------------------------------------------------------------------------------------------
  clock core_clk (rise edge)                                                     0.0000      0.0000
  clock network delay (propagated)                                               0.2944      0.2944

  u_impl/u_core/g_row_3__g_col_6__u_pe/u_dsm/err_black_q_reg_1_/CP (DFCNQD1)     0.0000      0.2944 r    (649.52,54.10)
  u_impl/u_core/g_row_3__g_col_6__u_pe/u_dsm/err_black_q_reg_1_/Q (DFCNQD1)      0.1227      0.4171 f    (653.69,54.11)
  u_impl/u_core/g_row_3__g_col_6__u_pe/u_dsm/copt_h_inst_38304/Z (CKBD0)         0.0325      0.4495 f    (652.51,57.72)
  u_impl/u_core/g_row_3__g_col_6__u_pe/u_dsm/U9/Z (MUX2D0)                       0.0491      0.4986 f    (651.52,55.80)
  u_impl/u_core/g_row_3__g_col_6__u_pe/u_dsm/copt_h_inst_47014/Z (CKBD0)         0.0337      0.5323 f    (650.71,55.88)
  u_impl/u_core/g_row_3__g_col_6__u_pe/u_dsm/err_black_q_reg_1_/D (DFCNQD1)      0.0000      0.5323 f    (650.55,53.98)
  data arrival time                                                                          0.5323

  clock core_clk (rise edge)                                                     0.0000      0.0000
  clock network delay (propagated)                                               0.2979      0.2979
  u_impl/u_core/g_row_3__g_col_6__u_pe/u_dsm/err_black_q_reg_1_/CP (DFCNQD1)     0.0000      0.2979 r    (649.52,54.10)
  clock uncertainty                                                              0.2000      0.4979
  library hold time                                                              0.0373      0.5351
  data required time                                                                         0.5351
  ----------------------------------------------------------------------------------------------------------------------------
  data required time                                                                         0.5351
  data arrival time                                                                         -0.5323
  ----------------------------------------------------------------------------------------------------------------------------
  slack (VIOLATED)                                                                          -0.0028



  Startpoint: u_impl/u_core/g_row_18__g_col_9__u_pe/u_sol/u_red_q_reg_1_ (rising edge-triggered flip-flop clocked by core_clk)
  Endpoint: u_impl/u_core/g_row_18__g_col_9__u_pe/u_sol/u_red_q_reg_1_ (rising edge-triggered flip-flop clocked by core_clk)
  Mode: FUNC
  Corner: BC
  Scenario: FUNC_BC
  Path Group: core_clk
  Path Type: min

  Point                                                                           Incr        Path           Location
  ----------------------------------------------------------------------------------------------------------------------------
  clock core_clk (rise edge)                                                     0.0000      0.0000
  clock network delay (propagated)                                               0.3315      0.3315

  u_impl/u_core/g_row_18__g_col_9__u_pe/u_sol/u_red_q_reg_1_/CP (DFCNQD1)        0.0000      0.3315 r    (839.32,525.70)
  u_impl/u_core/g_row_18__g_col_9__u_pe/u_sol/u_red_q_reg_1_/Q (DFCNQD1)         0.1178      0.4493 f    (843.49,525.71)
  u_impl/u_core/g_row_18__g_col_9__u_pe/u_sol/U66/ZN (CKND0)                     0.0219      0.4712 r    (842.25,518.52)
  u_impl/u_core/g_row_18__g_col_9__u_pe/u_sol/copt_h_inst_37063/Z (CKBD0)        0.0393      0.5104 r    (844.29,516.68)
  u_impl/u_core/g_row_18__g_col_9__u_pe/u_sol/U67/ZN (OAI222D0)                  0.0516      0.5620 f    (844.29,518.39)
  u_impl/u_core/g_row_18__g_col_9__u_pe/u_sol/u_red_q_reg_1_/D (DFCNQD1)         0.0000      0.5621 f    (840.35,525.58)
  data arrival time                                                                          0.5621

  clock core_clk (rise edge)                                                     0.0000      0.0000
  clock network delay (propagated)                                               0.3358      0.3358
  u_impl/u_core/g_row_18__g_col_9__u_pe/u_sol/u_red_q_reg_1_/CP (DFCNQD1)        0.0000      0.3358 r    (839.32,525.70)
  clock uncertainty                                                              0.2000      0.5358
  library hold time                                                              0.0290      0.5648
  data required time                                                                         0.5648
  ----------------------------------------------------------------------------------------------------------------------------
  data required time                                                                         0.5648
  data arrival time                                                                         -0.5621
  ----------------------------------------------------------------------------------------------------------------------------
  slack (VIOLATED)                                                                          -0.0028



  Startpoint: u_impl/u_core/g_row_18__g_col_7__u_pe/u_sol/u_red_q_reg_0_ (rising edge-triggered flip-flop clocked by core_clk)
  Endpoint: u_impl/u_core/g_row_18__g_col_7__u_pe/u_sol/u_red_q_reg_0_ (rising edge-triggered flip-flop clocked by core_clk)
  Mode: FUNC
  Corner: BC
  Scenario: FUNC_BC
  Path Group: core_clk
  Path Type: min

  Point                                                                           Incr        Path           Location
  ----------------------------------------------------------------------------------------------------------------------------
  clock core_clk (rise edge)                                                     0.0000      0.0000
  clock network delay (propagated)                                               0.3315      0.3315

  u_impl/u_core/g_row_18__g_col_7__u_pe/u_sol/u_red_q_reg_0_/CP (DFCNQD1)        0.0000      0.3315 r    (839.12,531.10)
  u_impl/u_core/g_row_18__g_col_7__u_pe/u_sol/u_red_q_reg_0_/Q (DFCNQD1)         0.1175      0.4490 f    (843.29,531.09)
  u_impl/u_core/g_row_18__g_col_7__u_pe/u_sol/U68/ZN (INVD0)                     0.0574      0.5065 r    (839.38,529.30)
  u_impl/u_core/g_row_18__g_col_7__u_pe/u_sol/U72/ZN (OAI222D0)                  0.0560      0.5625 f    (841.11,536.39)
  u_impl/u_core/g_row_18__g_col_7__u_pe/u_sol/u_red_q_reg_0_/D (DFCNQD1)         0.0000      0.5625 f    (840.15,531.23)
  data arrival time                                                                          0.5625

  clock core_clk (rise edge)                                                     0.0000      0.0000
  clock network delay (propagated)                                               0.3358      0.3358
  u_impl/u_core/g_row_18__g_col_7__u_pe/u_sol/u_red_q_reg_0_/CP (DFCNQD1)        0.0000      0.3358 r    (839.12,531.10)
  clock uncertainty                                                              0.2000      0.5358
  library hold time                                                              0.0293      0.5651
  data required time                                                                         0.5651
  ----------------------------------------------------------------------------------------------------------------------------
  data required time                                                                         0.5651
  data arrival time                                                                         -0.5625
  ----------------------------------------------------------------------------------------------------------------------------
  slack (VIOLATED)                                                                          -0.0027



  Startpoint: u_impl/u_core/g_row_13__g_col_3__u_pe/u_r_red/q_reg_12_ (rising edge-triggered flip-flop clocked by core_clk)
  Endpoint: u_impl/u_core/g_row_13__g_col_3__u_pe/u_r_red/q_reg_11_ (rising edge-triggered flip-flop clocked by core_clk)
  Mode: FUNC
  Corner: BC
  Scenario: FUNC_BC
  Path Group: core_clk
  Path Type: min

  Point                                                                           Incr        Path           Location
  ----------------------------------------------------------------------------------------------------------------------------
  clock core_clk (rise edge)                                                     0.0000      0.0000
  clock network delay (propagated)                                               0.2507      0.2507

  u_impl/u_core/g_row_13__g_col_3__u_pe/u_r_red/q_reg_12_/CP (DFCNQD1)           0.0000      0.2507 r    (717.72,648.10)
  u_impl/u_core/g_row_13__g_col_3__u_pe/u_r_red/q_reg_12_/Q (DFCNQD1)            0.1289      0.3796 f    (721.88,648.11)
  u_impl/u_core/g_row_13__g_col_3__u_pe/u_r_red/copt_h_inst_39061/Z (CKBD0)      0.0497      0.4293 f    (721.31,646.28)
  u_impl/u_core/g_row_13__g_col_3__u_pe/u_r_red/U8/Z (AO222D0)                   0.0591      0.4884 f    (712.75,641.00)
  u_impl/u_core/g_row_13__g_col_3__u_pe/u_r_red/q_reg_11_/D (DFCNQD1)            0.0000      0.4884 f    (712.95,639.23)
  data arrival time                                                                          0.4884

  clock core_clk (rise edge)                                                     0.0000      0.0000
  clock network delay (propagated)                                               0.2541      0.2541
  u_impl/u_core/g_row_13__g_col_3__u_pe/u_r_red/q_reg_11_/CP (DFCNQD1)           0.0000      0.2541 r    (711.92,639.10)
  clock uncertainty                                                              0.2000      0.4541
  library hold time                                                              0.0370      0.4910
  data required time                                                                         0.4910
  ----------------------------------------------------------------------------------------------------------------------------
  data required time                                                                         0.4910
  data arrival time                                                                         -0.4884
  ----------------------------------------------------------------------------------------------------------------------------
  slack (VIOLATED)                                                                          -0.0026



  Startpoint: u_impl/red_valid_q_reg_94_ (rising edge-triggered flip-flop clocked by core_clk)
  Endpoint: u_impl/red_valid_q_reg_94_ (rising edge-triggered flip-flop clocked by core_clk)
  Mode: FUNC
  Corner: BC
  Scenario: FUNC_BC
  Path Group: core_clk
  Path Type: min

  Point                                                                           Incr        Path           Location
  ----------------------------------------------------------------------------------------------------------------------------
  clock core_clk (rise edge)                                                     0.0000      0.0000
  clock network delay (propagated)                                               0.3467      0.3467

  u_impl/red_valid_q_reg_94_/CP (DFCNQD1)                                        0.0000      0.3467 r    (720.12,502.30)
  u_impl/red_valid_q_reg_94_/Q (DFCNQD1)                                         0.1235      0.4702 f    (724.29,502.29)
  u_impl/U6920/ZN (IND2D0)                                                       0.0548      0.5250 f    (712.28,502.31)
  u_impl/copt_h_inst_27582/Z (DEL005)                                            0.0571      0.5822 f    (718.24,505.88)
  u_impl/red_valid_q_reg_94_/D (DFCNQD1)                                         0.0000      0.5822 f    (721.15,502.43)
  data arrival time                                                                          0.5822

  clock core_clk (rise edge)                                                     0.0000      0.0000
  clock network delay (propagated)                                               0.3511      0.3511
  u_impl/red_valid_q_reg_94_/CP (DFCNQD1)                                        0.0000      0.3511 r    (720.12,502.30)
  clock uncertainty                                                              0.2000      0.5511
  library hold time                                                              0.0336      0.5847
  data required time                                                                         0.5848
  ----------------------------------------------------------------------------------------------------------------------------
  data required time                                                                         0.5848
  data arrival time                                                                         -0.5822
  ----------------------------------------------------------------------------------------------------------------------------
  slack (VIOLATED)                                                                          -0.0026



  Startpoint: u_impl/u_core/g_row_1__g_col_0__u_pe/u_sol/u_red_q_reg_15_ (rising edge-triggered flip-flop clocked by core_clk)
  Endpoint: u_impl/u_core/g_row_1__g_col_0__u_pe/u_sol/u_red_q_reg_14_ (rising edge-triggered flip-flop clocked by core_clk)
  Mode: FUNC
  Corner: BC
  Scenario: FUNC_BC
  Path Group: core_clk
  Path Type: min

  Point                                                                           Incr        Path           Location
  ----------------------------------------------------------------------------------------------------------------------------
  clock core_clk (rise edge)                                                     0.0000      0.0000
  clock network delay (propagated)                                               0.2824      0.2824

  u_impl/u_core/g_row_1__g_col_0__u_pe/u_sol/u_red_q_reg_15_/CP (DFCNQD1)        0.0000      0.2824 r    (819.92,183.70)
  u_impl/u_core/g_row_1__g_col_0__u_pe/u_sol/u_red_q_reg_15_/Q (DFCNQD1)         0.1180      0.4004 f    (824.09,183.71)
  u_impl/u_core/g_row_1__g_col_0__u_pe/u_sol/copt_h_inst_45941/Z (CKBD0)         0.0340      0.4344 f    (825.49,183.72)
  u_impl/u_core/g_row_1__g_col_0__u_pe/u_sol/U74/ZN (CKND0)                      0.0355      0.4699 r    (828.85,185.48)
  u_impl/u_core/g_row_1__g_col_0__u_pe/u_sol/U78/ZN (OAI222D0)                   0.0443      0.5142 f    (826.31,192.81)
  u_impl/u_core/g_row_1__g_col_0__u_pe/u_sol/u_red_q_reg_14_/D (DFCNQD1)         0.0000      0.5142 f    (826.75,183.58)
  data arrival time                                                                          0.5142

  clock core_clk (rise edge)                                                     0.0000      0.0000
  clock network delay (propagated)                                               0.2856      0.2856
  u_impl/u_core/g_row_1__g_col_0__u_pe/u_sol/u_red_q_reg_14_/CP (DFCNQD1)        0.0000      0.2856 r    (825.72,183.70)
  clock uncertainty                                                              0.2000      0.4856
  library hold time                                                              0.0311      0.5167
  data required time                                                                         0.5167
  ----------------------------------------------------------------------------------------------------------------------------
  data required time                                                                         0.5167
  data arrival time                                                                         -0.5142
  ----------------------------------------------------------------------------------------------------------------------------
  slack (VIOLATED)                                                                          -0.0025



  Startpoint: u_impl/u_core/g_row_8__g_col_5__u_pe/u_sol/u_red_q_reg_13_ (rising edge-triggered flip-flop clocked by core_clk)
  Endpoint: u_impl/u_core/g_row_8__g_col_5__u_pe/u_sol/u_red_q_reg_13_ (rising edge-triggered flip-flop clocked by core_clk)
  Mode: FUNC
  Corner: BC
  Scenario: FUNC_BC
  Path Group: core_clk
  Path Type: min

  Point                                                                           Incr        Path           Location
  ----------------------------------------------------------------------------------------------------------------------------
  clock core_clk (rise edge)                                                     0.0000      0.0000
  clock network delay (propagated)                                               0.3042      0.3042

  u_impl/u_core/g_row_8__g_col_5__u_pe/u_sol/u_red_q_reg_13_/CP (DFCNQD1)        0.0000      0.3042 r    (53.12,369.10)
  u_impl/u_core/g_row_8__g_col_5__u_pe/u_sol/u_red_q_reg_13_/Q (DFCNQD1)         0.1112      0.4153 f    (57.29,369.09)
  u_impl/u_core/g_row_8__g_col_5__u_pe/u_sol/U44/ZN (CKND0)                      0.0318      0.4472 r    (57.05,372.68)
  u_impl/u_core/g_row_8__g_col_5__u_pe/u_sol/U45/ZN (OAI222D0)                   0.0466      0.4938 f    (54.29,372.81)
  u_impl/u_core/g_row_8__g_col_5__u_pe/u_sol/copt_h_inst_47689/Z (CKBD0)         0.0424      0.5362 f    (51.49,367.32)
  u_impl/u_core/g_row_8__g_col_5__u_pe/u_sol/u_red_q_reg_13_/D (DFCNQD1)         0.0000      0.5362 f    (54.15,369.23)
  data arrival time                                                                          0.5362

  clock core_clk (rise edge)                                                     0.0000      0.0000
  clock network delay (propagated)                                               0.3081      0.3081
  u_impl/u_core/g_row_8__g_col_5__u_pe/u_sol/u_red_q_reg_13_/CP (DFCNQD1)        0.0000      0.3081 r    (53.12,369.10)
  clock uncertainty                                                              0.2000      0.5081
  library hold time                                                              0.0307      0.5387
  data required time                                                                         0.5387
  ----------------------------------------------------------------------------------------------------------------------------
  data required time                                                                         0.5387
  data arrival time                                                                         -0.5362
  ----------------------------------------------------------------------------------------------------------------------------
  slack (VIOLATED)                                                                          -0.0025



  Startpoint: u_impl/u_core/g_row_0__g_col_2__u_pe/u_sol/u_black_q_reg_0_ (rising edge-triggered flip-flop clocked by core_clk)
  Endpoint: u_impl/u_core/g_row_0__g_col_3__u_pe/u_sol/u_red_q_reg_15_ (rising edge-triggered flip-flop clocked by core_clk)
  Mode: FUNC
  Corner: BC
  Scenario: FUNC_BC
  Path Group: core_clk
  Path Type: min

  Point                                                                           Incr        Path           Location
  ----------------------------------------------------------------------------------------------------------------------------
  clock core_clk (rise edge)                                                     0.0000      0.0000
  clock network delay (propagated)                                               0.2699      0.2699

  u_impl/u_core/g_row_0__g_col_2__u_pe/u_sol/u_black_q_reg_0_/CP (DFCNQD1)       0.0000      0.2699 r    (832.52,255.70)
  u_impl/u_core/g_row_0__g_col_2__u_pe/u_sol/u_black_q_reg_0_/Q (DFCNQD1)        0.1316      0.4014 f    (836.69,255.71)
  u_impl/u_core/g_row_0__g_col_2__u_pe/u_sol/U69/ZN (CKND0)                      0.0510      0.4524 r    (831.95,255.72)
  u_impl/u_core/g_row_0__g_col_3__u_pe/u_sol/U41/ZN (OAI222D0)                   0.0613      0.5137 f    (832.11,248.39)
  u_impl/u_core/g_row_0__g_col_3__u_pe/u_sol/u_red_q_reg_15_/D (DFCNQD1)         0.0000      0.5138 f    (840.75,250.43)
  data arrival time                                                                          0.5138

  clock core_clk (rise edge)                                                     0.0000      0.0000
  clock network delay (propagated)                                               0.2853      0.2853
  u_impl/u_core/g_row_0__g_col_3__u_pe/u_sol/u_red_q_reg_15_/CP (DFCNQD1)        0.0000      0.2853 r    (839.72,250.30)
  clock uncertainty                                                              0.2000      0.4853
  library hold time                                                              0.0309      0.5162
  data required time                                                                         0.5163
  ----------------------------------------------------------------------------------------------------------------------------
  data required time                                                                         0.5163
  data arrival time                                                                         -0.5138
  ----------------------------------------------------------------------------------------------------------------------------
  slack (VIOLATED)                                                                          -0.0025



  Startpoint: u_impl/u_core/g_row_7__g_col_0__u_pe/u_sol/u_red_q_reg_0_ (rising edge-triggered flip-flop clocked by core_clk)
  Endpoint: u_impl/u_core/g_row_7__g_col_0__u_pe/u_sol/u_red_q_reg_0_ (rising edge-triggered flip-flop clocked by core_clk)
  Mode: FUNC
  Corner: BC
  Scenario: FUNC_BC
  Path Group: core_clk
  Path Type: min

  Point                                                                           Incr        Path           Location
  ----------------------------------------------------------------------------------------------------------------------------
  clock core_clk (rise edge)                                                     0.0000      0.0000
  clock network delay (propagated)                                               0.2577      0.2577

  u_impl/u_core/g_row_7__g_col_0__u_pe/u_sol/u_red_q_reg_0_/CP (DFCNQD1)         0.0000      0.2577 r    (188.52,95.50)
  u_impl/u_core/g_row_7__g_col_0__u_pe/u_sol/u_red_q_reg_0_/Q (DFCNQD1)          0.1311      0.3888 f    (192.69,95.49)
  u_impl/u_core/g_row_7__g_col_0__u_pe/u_sol/U69/ZN (CKND0)                      0.0596      0.4484 r    (194.05,97.32)
  u_impl/u_core/g_row_7__g_col_0__u_pe/u_sol/U104/ZN (OAI222D0)                  0.0530      0.5014 f    (189.51,93.59)
  u_impl/u_core/g_row_7__g_col_0__u_pe/u_sol/u_red_q_reg_0_/D (DFCNQD1)          0.0000      0.5014 f    (189.55,95.62)
  data arrival time                                                                          0.5014

  clock core_clk (rise edge)                                                     0.0000      0.0000
  clock network delay (propagated)                                               0.2622      0.2622
  u_impl/u_core/g_row_7__g_col_0__u_pe/u_sol/u_red_q_reg_0_/CP (DFCNQD1)         0.0000      0.2622 r    (188.52,95.50)
  clock uncertainty                                                              0.2000      0.4622
  library hold time                                                              0.0417      0.5039
  data required time                                                                         0.5039
  ----------------------------------------------------------------------------------------------------------------------------
  data required time                                                                         0.5039
  data arrival time                                                                         -0.5014
  ----------------------------------------------------------------------------------------------------------------------------
  slack (VIOLATED)                                                                          -0.0025



  Startpoint: u_impl/u_core/g_row_1__g_col_4__u_pe/u_sol/u_black_q_reg_2_ (rising edge-triggered flip-flop clocked by core_clk)
  Endpoint: u_impl/u_core/g_row_1__g_col_4__u_pe/u_sol/u_black_q_reg_2_ (rising edge-triggered flip-flop clocked by core_clk)
  Mode: FUNC
  Corner: BC
  Scenario: FUNC_BC
  Path Group: core_clk
  Path Type: min

  Point                                                                           Incr        Path           Location
  ----------------------------------------------------------------------------------------------------------------------------
  clock core_clk (rise edge)                                                     0.0000      0.0000
  clock network delay (propagated)                                               0.3093      0.3093

  u_impl/u_core/g_row_1__g_col_4__u_pe/u_sol/u_black_q_reg_2_/CP (DFCNQD1)       0.0000      0.3093 r    (798.32,73.90)
  u_impl/u_core/g_row_1__g_col_4__u_pe/u_sol/u_black_q_reg_2_/Q (DFCNQD1)        0.1237      0.4330 f    (802.49,73.89)
  u_impl/u_core/g_row_1__g_col_4__u_pe/u_sol/copt_h_inst_41318/Z (CKBD0)         0.0339      0.4670 f    (798.11,72.12)
  u_impl/u_core/g_row_1__g_col_4__u_pe/u_sol/U64/ZN (CKND0)                      0.0311      0.4981 r    (796.15,70.28)
  u_impl/u_core/g_row_1__g_col_4__u_pe/u_sol/U65/ZN (OAI222D0)                   0.0475      0.5456 f    (794.69,71.99)
  u_impl/u_core/g_row_1__g_col_4__u_pe/u_sol/u_black_q_reg_2_/D (DFCNQD1)        0.0000      0.5456 f    (799.35,74.03)
  data arrival time                                                                          0.5456

  clock core_clk (rise edge)                                                     0.0000      0.0000
  clock network delay (propagated)                                               0.3132      0.3132
  u_impl/u_core/g_row_1__g_col_4__u_pe/u_sol/u_black_q_reg_2_/CP (DFCNQD1)       0.0000      0.3132 r    (798.32,73.90)
  clock uncertainty                                                              0.2000      0.5132
  library hold time                                                              0.0349      0.5481
  data required time                                                                         0.5481
  ----------------------------------------------------------------------------------------------------------------------------
  data required time                                                                         0.5481
  data arrival time                                                                         -0.5456
  ----------------------------------------------------------------------------------------------------------------------------
  slack (VIOLATED)                                                                          -0.0025



  Startpoint: u_impl/u_core/g_row_2__g_col_1__u_pe/u_sol/u_red_q_reg_1_ (rising edge-triggered flip-flop clocked by core_clk)
  Endpoint: u_impl/u_core/g_row_2__g_col_1__u_pe/u_sol/u_red_q_reg_1_ (rising edge-triggered flip-flop clocked by core_clk)
  Mode: FUNC
  Corner: BC
  Scenario: FUNC_BC
  Path Group: core_clk
  Path Type: min

  Point                                                                           Incr        Path           Location
  ----------------------------------------------------------------------------------------------------------------------------
  clock core_clk (rise edge)                                                     0.0000      0.0000
  clock network delay (propagated)                                               0.3009      0.3009

  u_impl/u_core/g_row_2__g_col_1__u_pe/u_sol/u_red_q_reg_1_/CP (DFCNQD1)         0.0000      0.3009 r    (346.52,37.90)
  u_impl/u_core/g_row_2__g_col_1__u_pe/u_sol/u_red_q_reg_1_/Q (DFCNQD1)          0.1104      0.4113 f    (350.69,37.89)
  u_impl/u_core/g_row_2__g_col_1__u_pe/u_sol/U6/ZN (INVD0)                       0.0347      0.4460 r    (345.98,37.90)
  u_impl/u_core/g_row_2__g_col_1__u_pe/u_sol/U67/ZN (OAI222D0)                   0.0464      0.4924 f    (342.91,41.61)
  u_impl/u_core/g_row_2__g_col_1__u_pe/u_sol/copt_gre_h_inst_50314/Z (CKBD0)     0.0415      0.5339 f    (346.29,41.48)
  u_impl/u_core/g_row_2__g_col_1__u_pe/u_sol/u_red_q_reg_1_/D (DFCNQD1)          0.0000      0.5339 f    (347.55,38.02)
  data arrival time                                                                          0.5339

  clock core_clk (rise edge)                                                     0.0000      0.0000
  clock network delay (propagated)                                               0.3055      0.3055
  u_impl/u_core/g_row_2__g_col_1__u_pe/u_sol/u_red_q_reg_1_/CP (DFCNQD1)         0.0000      0.3055 r    (346.52,37.90)
  clock uncertainty                                                              0.2000      0.5055
  library hold time                                                              0.0308      0.5363
  data required time                                                                         0.5363
  ----------------------------------------------------------------------------------------------------------------------------
  data required time                                                                         0.5363
  data arrival time                                                                         -0.5339
  ----------------------------------------------------------------------------------------------------------------------------
  slack (VIOLATED)                                                                          -0.0024



  Startpoint: u_impl/u_core/g_row_4__g_col_0__u_pe/u_r_black/q_reg_6_ (rising edge-triggered flip-flop clocked by core_clk)
  Endpoint: u_impl/u_core/g_row_4__g_col_0__u_pe/u_r_black/q_reg_6_ (rising edge-triggered flip-flop clocked by core_clk)
  Mode: FUNC
  Corner: BC
  Scenario: FUNC_BC
  Path Group: core_clk
  Path Type: min

  Point                                                                           Incr        Path           Location
  ----------------------------------------------------------------------------------------------------------------------------
  clock core_clk (rise edge)                                                     0.0000      0.0000
  clock network delay (propagated)                                               0.3220      0.3220

  u_impl/u_core/g_row_4__g_col_0__u_pe/u_r_black/q_reg_6_/CP (DFCNQD1)           0.0000      0.3220 r    (530.52,120.70)
  u_impl/u_core/g_row_4__g_col_0__u_pe/u_r_black/q_reg_6_/Q (DFCNQD1)            0.1328      0.4548 f    (534.69,120.69)
  u_impl/u_core/g_row_4__g_col_0__u_pe/u_r_black/U15/Z (AO222D0)                 0.0730      0.5279 f    (533.85,124.20)
  u_impl/u_core/g_row_4__g_col_0__u_pe/u_r_black/copt_h_inst_47890/Z (CKBD0)     0.0366      0.5645 f    (532.11,122.52)
  u_impl/u_core/g_row_4__g_col_0__u_pe/u_r_black/q_reg_6_/D (DFCNQD1)            0.0000      0.5645 f    (531.55,120.83)
  data arrival time                                                                          0.5645

  clock core_clk (rise edge)                                                     0.0000      0.0000
  clock network delay (propagated)                                               0.3266      0.3266
  u_impl/u_core/g_row_4__g_col_0__u_pe/u_r_black/q_reg_6_/CP (DFCNQD1)           0.0000      0.3266 r    (530.52,120.70)
  clock uncertainty                                                              0.2000      0.5266
  library hold time                                                              0.0403      0.5669
  data required time                                                                         0.5669
  ----------------------------------------------------------------------------------------------------------------------------
  data required time                                                                         0.5669
  data arrival time                                                                         -0.5645
  ----------------------------------------------------------------------------------------------------------------------------
  slack (VIOLATED)                                                                          -0.0024



  Startpoint: u_impl/u_core/g_row_17__g_col_7__u_pe/u_r_black/q_reg_13_ (rising edge-triggered flip-flop clocked by core_clk)
  Endpoint: u_impl/u_core/g_row_17__g_col_7__u_pe/u_r_black/q_reg_12_ (rising edge-triggered flip-flop clocked by core_clk)
  Mode: FUNC
  Corner: BC
  Scenario: FUNC_BC
  Path Group: core_clk
  Path Type: min

  Point                                                                           Incr        Path           Location
  ----------------------------------------------------------------------------------------------------------------------------
  clock core_clk (rise edge)                                                     0.0000      0.0000
  clock network delay (propagated)                                               0.3275      0.3275

  u_impl/u_core/g_row_17__g_col_7__u_pe/u_r_black/q_reg_13_/CP (DFCNQD1)         0.0000      0.3275 r    (738.92,594.10)
  u_impl/u_core/g_row_17__g_col_7__u_pe/u_r_black/q_reg_13_/Q (DFCNQD1)          0.1198      0.4473 f    (743.09,594.11)
  u_impl/u_core/g_row_17__g_col_7__u_pe/u_r_black/copt_h_inst_39139/Z (CKBD0)    0.0365      0.4838 f    (743.89,594.12)
  u_impl/u_core/g_row_17__g_col_7__u_pe/u_r_black/U17/Z (AO222D0)                0.0755      0.5593 f    (745.85,592.20)
  u_impl/u_core/g_row_17__g_col_7__u_pe/u_r_black/q_reg_12_/D (DFCNQD1)          0.0000      0.5593 f    (745.95,596.02)
  data arrival time                                                                          0.5593

  clock core_clk (rise edge)                                                     0.0000      0.0000
  clock network delay (propagated)                                               0.3316      0.3316
  u_impl/u_core/g_row_17__g_col_7__u_pe/u_r_black/q_reg_12_/CP (DFCNQD1)         0.0000      0.3316 r    (744.92,595.90)
  clock uncertainty                                                              0.2000      0.5316
  library hold time                                                              0.0301      0.5617
  data required time                                                                         0.5618
  ----------------------------------------------------------------------------------------------------------------------------
  data required time                                                                         0.5618
  data arrival time                                                                         -0.5593
  ----------------------------------------------------------------------------------------------------------------------------
  slack (VIOLATED)                                                                          -0.0024



  Startpoint: u_impl/u_core/g_row_16__g_col_6__u_pe/u_sol/u_red_q_reg_3_ (rising edge-triggered flip-flop clocked by core_clk)
  Endpoint: u_impl/u_core/g_row_16__g_col_6__u_pe/u_sol/u_red_q_reg_2_ (rising edge-triggered flip-flop clocked by core_clk)
  Mode: FUNC
  Corner: BC
  Scenario: FUNC_BC
  Path Group: core_clk
  Path Type: min

  Point                                                                           Incr        Path           Location
  ----------------------------------------------------------------------------------------------------------------------------
  clock core_clk (rise edge)                                                     0.0000      0.0000
  clock network delay (propagated)                                               0.3309      0.3309

  u_impl/u_core/g_row_16__g_col_6__u_pe/u_sol/u_red_q_reg_3_/CP (DFCNQD1)        0.0000      0.3309 r    (358.92,840.70)
  u_impl/u_core/g_row_16__g_col_6__u_pe/u_sol/u_red_q_reg_3_/Q (DFCNQD1)         0.1185      0.4494 f    (363.09,840.69)
  u_impl/u_core/g_row_16__g_col_6__u_pe/u_sol/copt_h_inst_46084/Z (CKBD0)        0.0330      0.4824 f    (361.89,842.52)
  u_impl/u_core/g_row_16__g_col_6__u_pe/u_sol/U63/ZN (CKND0)                     0.0356      0.5180 r    (363.65,842.52)
  u_impl/u_core/g_row_16__g_col_6__u_pe/u_sol/U66/ZN (OAI222D0)                  0.0462      0.5643 f    (365.29,835.19)
  u_impl/u_core/g_row_16__g_col_6__u_pe/u_sol/u_red_q_reg_2_/D (DFCNQD1)         0.0000      0.5643 f    (364.55,844.43)
  data arrival time                                                                          0.5643

  clock core_clk (rise edge)                                                     0.0000      0.0000
  clock network delay (propagated)                                               0.3358      0.3358
  u_impl/u_core/g_row_16__g_col_6__u_pe/u_sol/u_red_q_reg_2_/CP (DFCNQD1)        0.0000      0.3358 r    (363.52,844.30)
  clock uncertainty                                                              0.2000      0.5358
  library hold time                                                              0.0308      0.5666
  data required time                                                                         0.5666
  ----------------------------------------------------------------------------------------------------------------------------
  data required time                                                                         0.5666
  data arrival time                                                                         -0.5643
  ----------------------------------------------------------------------------------------------------------------------------
  slack (VIOLATED)                                                                          -0.0024



  Startpoint: u_impl/u_core/g_row_18__g_col_3__u_pe/u_r_red/q_reg_15_ (rising edge-triggered flip-flop clocked by core_clk)
  Endpoint: u_impl/u_core/g_row_18__g_col_3__u_pe/u_r_red/q_reg_14_ (rising edge-triggered flip-flop clocked by core_clk)
  Mode: FUNC
  Corner: BC
  Scenario: FUNC_BC
  Path Group: core_clk
  Path Type: min

  Point                                                                           Incr        Path           Location
  ----------------------------------------------------------------------------------------------------------------------------
  clock core_clk (rise edge)                                                     0.0000      0.0000
  clock network delay (propagated)                                               0.2911      0.2911

  u_impl/u_core/g_row_18__g_col_3__u_pe/u_r_red/q_reg_15_/CP (DFCNQD1)           0.0000      0.2911 r    (774.52,619.30)
  u_impl/u_core/g_row_18__g_col_3__u_pe/u_r_red/q_reg_15_/Q (DFCNQD1)            0.1261      0.4171 f    (778.69,619.31)
  u_impl/u_core/g_row_18__g_col_3__u_pe/u_r_red/copt_h_inst_30640/Z (CKBD0)      0.0544      0.4715 f    (779.51,617.48)
  u_impl/u_core/g_row_18__g_col_3__u_pe/u_r_red/U27/ZN (OAI221D0)                0.0494      0.5209 r    (770.81,615.59)
  u_impl/u_core/g_row_18__g_col_3__u_pe/u_r_red/U28/ZN (CKND2D0)                 0.0368      0.5577 f    (771.15,612.12)
  u_impl/u_core/g_row_18__g_col_3__u_pe/u_r_red/q_reg_14_/D (DFCNQD1)            0.0000      0.5578 f    (772.75,615.58)
  data arrival time                                                                          0.5578

  clock core_clk (rise edge)                                                     0.0000      0.0000
  clock network delay (propagated)                                               0.3319      0.3319
  u_impl/u_core/g_row_18__g_col_3__u_pe/u_r_red/q_reg_14_/CP (DFCNQD1)           0.0000      0.3319 r    (771.72,615.70)
  clock uncertainty                                                              0.2000      0.5319
  library hold time                                                              0.0282      0.5601
  data required time                                                                         0.5601
  ----------------------------------------------------------------------------------------------------------------------------
  data required time                                                                         0.5601
  data arrival time                                                                         -0.5578
  ----------------------------------------------------------------------------------------------------------------------------
  slack (VIOLATED)                                                                          -0.0023



  Startpoint: u_impl/u_core/g_row_17__g_col_4__u_pe/u_r_black/q_reg_14_ (rising edge-triggered flip-flop clocked by core_clk)
  Endpoint: u_impl/u_core/g_row_17__g_col_4__u_pe/u_r_black/q_reg_13_ (rising edge-triggered flip-flop clocked by core_clk)
  Mode: FUNC
  Corner: BC
  Scenario: FUNC_BC
  Path Group: core_clk
  Path Type: min

  Point                                                                           Incr        Path           Location
  ----------------------------------------------------------------------------------------------------------------------------
  clock core_clk (rise edge)                                                     0.0000      0.0000
  clock network delay (propagated)                                               0.3122      0.3122

  u_impl/u_core/g_row_17__g_col_4__u_pe/u_r_black/q_reg_14_/CP (DFCNQD1)         0.0000      0.3122 r    (549.52,790.30)
  u_impl/u_core/g_row_17__g_col_4__u_pe/u_r_black/q_reg_14_/Q (DFCNQD1)          0.1399      0.4521 f    (553.69,790.29)
  u_impl/u_core/g_row_17__g_col_4__u_pe/u_r_black/copt_h_inst_46734/Z (CKBD0)    0.0422      0.4943 f    (550.91,786.68)
  u_impl/u_core/g_row_17__g_col_4__u_pe/u_r_black/U22/ZN (OAI221D0)              0.0410      0.5354 r    (552.01,784.79)
  u_impl/u_core/g_row_17__g_col_4__u_pe/u_r_black/U23/ZN (CKND2D0)               0.0297      0.5650 f    (550.85,783.08)
  u_impl/u_core/g_row_17__g_col_4__u_pe/u_r_black/q_reg_13_/D (DFCNQD1)          0.0000      0.5650 f    (552.55,783.23)
  data arrival time                                                                          0.5650

  clock core_clk (rise edge)                                                     0.0000      0.0000
  clock network delay (propagated)                                               0.3334      0.3334
  u_impl/u_core/g_row_17__g_col_4__u_pe/u_r_black/q_reg_13_/CP (DFCNQD1)         0.0000      0.3334 r    (551.52,783.10)
  clock uncertainty                                                              0.2000      0.5334
  library hold time                                                              0.0339      0.5673
  data required time                                                                         0.5673
  ----------------------------------------------------------------------------------------------------------------------------
  data required time                                                                         0.5673
  data arrival time                                                                         -0.5650
  ----------------------------------------------------------------------------------------------------------------------------
  slack (VIOLATED)                                                                          -0.0023



  Startpoint: u_impl/north_shadow_reg_6__5_ (rising edge-triggered flip-flop clocked by core_clk)
  Endpoint: u_impl/north_shadow_reg_6__5_ (rising edge-triggered flip-flop clocked by core_clk)
  Mode: FUNC
  Corner: BC
  Scenario: FUNC_BC
  Path Group: core_clk
  Path Type: min

  Point                                                                           Incr        Path           Location
  ----------------------------------------------------------------------------------------------------------------------------
  clock core_clk (rise edge)                                                     0.0000      0.0000
  clock network delay (propagated)                                               0.3230      0.3230

  u_impl/north_shadow_reg_6__5_/CP (DFQD1)                                       0.0000      0.3230 r    (551.32,284.51)
  u_impl/north_shadow_reg_6__5_/Q (DFQD1)                                        0.1620      0.4850 f    (554.87,284.50)
  u_impl/U7369/ZN (MAOI22D0)                                                     0.0707      0.5557 f    (553.60,286.19)
  u_impl/north_shadow_reg_6__5_/D (DFQD1)                                        0.0000      0.5557 f    (552.36,284.49)
  data arrival time                                                                          0.5557

  clock core_clk (rise edge)                                                     0.0000      0.0000
  clock network delay (propagated)                                               0.3271      0.3271
  u_impl/north_shadow_reg_6__5_/CP (DFQD1)                                       0.0000      0.3271 r    (551.32,284.51)
  clock uncertainty                                                              0.2000      0.5271
  library hold time                                                              0.0309      0.5580
  data required time                                                                         0.5580
  ----------------------------------------------------------------------------------------------------------------------------
  data required time                                                                         0.5580
  data arrival time                                                                         -0.5557
  ----------------------------------------------------------------------------------------------------------------------------
  slack (VIOLATED)                                                                          -0.0023



  Startpoint: u_impl/black_shadow_reg_144__15_ (rising edge-triggered flip-flop clocked by core_clk)
  Endpoint: u_impl/u_core/g_row_14__g_col_4__u_pe/u_r_black/q_reg_15_ (rising edge-triggered flip-flop clocked by core_clk)
  Mode: FUNC
  Corner: BC
  Scenario: FUNC_BC
  Path Group: core_clk
  Path Type: min

  Point                                                                           Incr        Path           Location
  ----------------------------------------------------------------------------------------------------------------------------
  clock core_clk (rise edge)                                                     0.0000      0.0000
  clock network delay (propagated)                                               0.2710      0.2710

  u_impl/black_shadow_reg_144__15_/CP (DFQD1)                                    0.0000      0.2710 r    (399.32,673.31)
  u_impl/black_shadow_reg_144__15_/Q (DFQD1)                                     0.1846      0.4556 f    (402.87,673.31)
  u_impl/u_core/g_row_14__g_col_4__u_pe/u_r_black/U29/ZN (AOI22D0)               0.0539      0.5095 r    (408.50,792.19)
  u_impl/u_core/g_row_14__g_col_4__u_pe/u_r_black/U31/ZN (CKND2D0)               0.0317      0.5412 f    (407.55,792.12)
  u_impl/u_core/g_row_14__g_col_4__u_pe/u_r_black/copt_h_inst_48218/Z (CKBD0)    0.0377      0.5789 f    (406.71,797.48)
  u_impl/u_core/g_row_14__g_col_4__u_pe/u_r_black/q_reg_15_/D (DFCNQD1)          0.0000      0.5789 f    (406.55,799.18)
  data arrival time                                                                          0.5789

  clock core_clk (rise edge)                                                     0.0000      0.0000
  clock network delay (propagated)                                               0.3449      0.3449
  u_impl/u_core/g_row_14__g_col_4__u_pe/u_r_black/q_reg_15_/CP (DFCNQD1)         0.0000      0.3449 r    (405.52,799.30)
  clock uncertainty                                                              0.2000      0.5449
  library hold time                                                              0.0363      0.5812
  data required time                                                                         0.5812
  ----------------------------------------------------------------------------------------------------------------------------
  data required time                                                                         0.5812
  data arrival time                                                                         -0.5789
  ----------------------------------------------------------------------------------------------------------------------------
  slack (VIOLATED)                                                                          -0.0023



  Startpoint: u_impl/red_shadow_reg_30__15_ (rising edge-triggered flip-flop clocked by core_clk)
  Endpoint: u_impl/u_core/g_row_3__g_col_0__u_pe/u_r_red/q_reg_15_ (rising edge-triggered flip-flop clocked by core_clk)
  Mode: FUNC
  Corner: BC
  Scenario: FUNC_BC
  Path Group: core_clk
  Path Type: min

  Point                                                                           Incr        Path           Location
  ----------------------------------------------------------------------------------------------------------------------------
  clock core_clk (rise edge)                                                     0.0000      0.0000
  clock network delay (propagated)                                               0.2838      0.2838

  u_impl/red_shadow_reg_30__15_/CP (DFQD1)                                       0.0000      0.2838 r    (394.72,208.91)
  u_impl/red_shadow_reg_30__15_/Q (DFQD1)                                        0.1815      0.4653 f    (398.27,208.91)
  u_impl/u_core/g_row_3__g_col_0__u_pe/u_r_red/U29/ZN (AOI22D0)                  0.0582      0.5235 r    (458.70,151.39)
  u_impl/u_core/g_row_3__g_col_0__u_pe/u_r_red/U31/ZN (CKND2D0)                  0.0366      0.5601 f    (458.45,147.72)
  u_impl/u_core/g_row_3__g_col_0__u_pe/u_r_red/q_reg_15_/D (DFCNQD1)             0.0000      0.5601 f    (454.35,146.03)
  data arrival time                                                                          0.5601

  clock core_clk (rise edge)                                                     0.0000      0.0000
  clock network delay (propagated)                                               0.3248      0.3248
  u_impl/u_core/g_row_3__g_col_0__u_pe/u_r_red/q_reg_15_/CP (DFCNQD1)            0.0000      0.3248 r    (453.32,145.90)
  clock uncertainty                                                              0.2000      0.5248
  library hold time                                                              0.0375      0.5623
  data required time                                                                         0.5623
  ----------------------------------------------------------------------------------------------------------------------------
  data required time                                                                         0.5623
  data arrival time                                                                         -0.5601
  ----------------------------------------------------------------------------------------------------------------------------
  slack (VIOLATED)                                                                          -0.0021



  Startpoint: u_impl/u_core/g_row_7__g_col_9__u_pe/u_dsm/rem_q_reg_0_ (rising edge-triggered flip-flop clocked by core_clk)
  Endpoint: u_impl/u_core/g_row_7__g_col_9__u_pe/u_dsm/err_red_q_reg_0_ (rising edge-triggered flip-flop clocked by core_clk)
  Mode: FUNC
  Corner: BC
  Scenario: FUNC_BC
  Path Group: core_clk
  Path Type: min

  Point                                                                           Incr        Path           Location
  ----------------------------------------------------------------------------------------------------------------------------
  clock core_clk (rise edge)                                                     0.0000      0.0000
  clock network delay (propagated)                                               0.3162      0.3162

  u_impl/u_core/g_row_7__g_col_9__u_pe/u_dsm/rem_q_reg_0_/CP (DFCNQD1)           0.0000      0.3162 r    (111.92,336.70)
  u_impl/u_core/g_row_7__g_col_9__u_pe/u_dsm/rem_q_reg_0_/Q (DFCNQD1)            0.1216      0.4378 f    (116.09,336.69)
  u_impl/u_core/g_row_7__g_col_9__u_pe/u_dsm/copt_h_inst_38996/Z (CKBD0)         0.0570      0.4948 f    (116.69,338.52)
  u_impl/u_core/g_row_7__g_col_9__u_pe/u_dsm/U12/Z (MUX2D0)                      0.0637      0.5585 f    (103.32,336.60)
  u_impl/u_core/g_row_7__g_col_9__u_pe/u_dsm/err_red_q_reg_0_/D (DFCNQD1)        0.0000      0.5585 f    (104.35,334.78)
  data arrival time                                                                          0.5585

  clock core_clk (rise edge)                                                     0.0000      0.0000
  clock network delay (propagated)                                               0.3206      0.3206
  u_impl/u_core/g_row_7__g_col_9__u_pe/u_dsm/err_red_q_reg_0_/CP (DFCNQD1)       0.0000      0.3206 r    (103.32,334.90)
  clock uncertainty                                                              0.2000      0.5206
  library hold time                                                              0.0399      0.5606
  data required time                                                                         0.5606
  ----------------------------------------------------------------------------------------------------------------------------
  data required time                                                                         0.5606
  data arrival time                                                                         -0.5585
  ----------------------------------------------------------------------------------------------------------------------------
  slack (VIOLATED)                                                                          -0.0021



  Startpoint: u_impl/u_core/g_row_4__g_col_9__u_pe/u_sol/u_black_q_reg_12_ (rising edge-triggered flip-flop clocked by core_clk)
  Endpoint: u_impl/u_core/g_row_4__g_col_9__u_pe/u_sol/u_black_q_reg_11_ (rising edge-triggered flip-flop clocked by core_clk)
  Mode: FUNC
  Corner: BC
  Scenario: FUNC_BC
  Path Group: core_clk
  Path Type: min

  Point                                                                           Incr        Path           Location
  ----------------------------------------------------------------------------------------------------------------------------
  clock core_clk (rise edge)                                                     0.0000      0.0000
  clock network delay (propagated)                                               0.3130      0.3130

  u_impl/u_core/g_row_4__g_col_9__u_pe/u_sol/u_black_q_reg_12_/CP (DFCNQD1)      0.0000      0.3130 r    (288.32,14.50)
  u_impl/u_core/g_row_4__g_col_9__u_pe/u_sol/u_black_q_reg_12_/Q (DFCNQD1)       0.1189      0.4319 f    (292.49,14.51)
  u_impl/u_core/g_row_4__g_col_9__u_pe/u_sol/copt_h_inst_44745/Z (CKBD0)         0.0318      0.4637 f    (287.11,12.68)
  u_impl/u_core/g_row_4__g_col_9__u_pe/u_sol/U81/ZN (CKND0)                      0.0372      0.5009 r    (285.35,12.68)
  u_impl/u_core/g_row_4__g_col_9__u_pe/u_sol/U84/ZN (OAI222D0)                   0.0452      0.5461 f    (293.11,17.99)
  u_impl/u_core/g_row_4__g_col_9__u_pe/u_sol/u_black_q_reg_11_/D (DFCNQD1)       0.0000      0.5461 f    (290.95,10.78)
  data arrival time                                                                          0.5461

  clock core_clk (rise edge)                                                     0.0000      0.0000
  clock network delay (propagated)                                               0.3182      0.3182
  u_impl/u_core/g_row_4__g_col_9__u_pe/u_sol/u_black_q_reg_11_/CP (DFCNQD1)      0.0000      0.3182 r    (289.92,10.90)
  clock uncertainty                                                              0.2000      0.5182
  library hold time                                                              0.0300      0.5482
  data required time                                                                         0.5482
  ----------------------------------------------------------------------------------------------------------------------------
  data required time                                                                         0.5482
  data arrival time                                                                         -0.5461
  ----------------------------------------------------------------------------------------------------------------------------
  slack (VIOLATED)                                                                          -0.0021



  Startpoint: u_impl/red_shadow_reg_40__15_ (rising edge-triggered flip-flop clocked by core_clk)
  Endpoint: u_impl/red_shadow_reg_40__15_ (rising edge-triggered flip-flop clocked by core_clk)
  Mode: FUNC
  Corner: BC
  Scenario: FUNC_BC
  Path Group: core_clk
  Path Type: min

  Point                                                                           Incr        Path           Location
  ----------------------------------------------------------------------------------------------------------------------------
  clock core_clk (rise edge)                                                     0.0000      0.0000
  clock network delay (propagated)                                               0.3488      0.3488

  u_impl/red_shadow_reg_40__15_/CP (DFQD1)                                       0.0000      0.3488 r    (560.52,201.71)
  u_impl/red_shadow_reg_40__15_/Q (DFQD1)                                        0.1668      0.5156 f    (564.07,201.71)
  u_impl/U15275/ZN (IAO22D0)                                                     0.0692      0.5848 f    (562.35,198.09)
  u_impl/red_shadow_reg_40__15_/D (DFQD1)                                        0.0000      0.5848 f    (561.56,201.69)
  data arrival time                                                                          0.5848

  clock core_clk (rise edge)                                                     0.0000      0.0000
  clock network delay (propagated)                                               0.3532      0.3532
  u_impl/red_shadow_reg_40__15_/CP (DFQD1)                                       0.0000      0.3532 r    (560.52,201.71)
  clock uncertainty                                                              0.2000      0.5532
  library hold time                                                              0.0336      0.5869
  data required time                                                                         0.5869
  ----------------------------------------------------------------------------------------------------------------------------
  data required time                                                                         0.5869
  data arrival time                                                                         -0.5848
  ----------------------------------------------------------------------------------------------------------------------------
  slack (VIOLATED)                                                                          -0.0021



  Startpoint: u_impl/red_shadow_reg_92__9_ (rising edge-triggered flip-flop clocked by core_clk)
  Endpoint: u_impl/u_core/g_row_9__g_col_2__u_pe/u_r_red/q_reg_9_ (rising edge-triggered flip-flop clocked by core_clk)
  Mode: FUNC
  Corner: BC
  Scenario: FUNC_BC
  Path Group: core_clk
  Path Type: min

  Point                                                                           Incr        Path           Location
  ----------------------------------------------------------------------------------------------------------------------------
  clock core_clk (rise edge)                                                     0.0000      0.0000
  clock network delay (propagated)                                               0.3246      0.3246

  u_impl/red_shadow_reg_92__9_/CP (DFQD2)                                        0.0000      0.3246 r    (312.52,360.11)
  u_impl/red_shadow_reg_92__9_/Q (DFQD2)                                         0.1625      0.4871 f    (316.06,360.11)
  u_impl/u_core/g_row_9__g_col_2__u_pe/u_r_red/U11/Z (AO222D0)                   0.0824      0.5695 f    (194.15,453.81)
  u_impl/u_core/g_row_9__g_col_2__u_pe/u_r_red/q_reg_9_/D (DFCNQD1)              0.0000      0.5695 f    (189.75,453.58)
  data arrival time                                                                          0.5695

  clock core_clk (rise edge)                                                     0.0000      0.0000
  clock network delay (propagated)                                               0.3270      0.3270
  u_impl/u_core/g_row_9__g_col_2__u_pe/u_r_red/q_reg_9_/CP (DFCNQD1)             0.0000      0.3270 r    (188.72,453.70)
  clock uncertainty                                                              0.2000      0.5270
  library hold time                                                              0.0446      0.5716
  data required time                                                                         0.5716
  ----------------------------------------------------------------------------------------------------------------------------
  data required time                                                                         0.5716
  data arrival time                                                                         -0.5695
  ----------------------------------------------------------------------------------------------------------------------------
  slack (VIOLATED)                                                                          -0.0021



  Startpoint: u_impl/u_core/g_row_8__g_col_5__u_pe/u_sol/u_red_q_reg_8_ (rising edge-triggered flip-flop clocked by core_clk)
  Endpoint: u_impl/u_core/g_row_8__g_col_5__u_pe/u_sol/u_red_q_reg_8_ (rising edge-triggered flip-flop clocked by core_clk)
  Mode: FUNC
  Corner: BC
  Scenario: FUNC_BC
  Path Group: core_clk
  Path Type: min

  Point                                                                           Incr        Path           Location
  ----------------------------------------------------------------------------------------------------------------------------
  clock core_clk (rise edge)                                                     0.0000      0.0000
  clock network delay (propagated)                                               0.3244      0.3244

  u_impl/u_core/g_row_8__g_col_5__u_pe/u_sol/u_red_q_reg_8_/CP (DFCNQD1)         0.0000      0.3244 r    (52.12,383.50)
  u_impl/u_core/g_row_8__g_col_5__u_pe/u_sol/u_red_q_reg_8_/Q (DFCNQD1)          0.1161      0.4406 f    (56.29,383.49)
  u_impl/u_core/g_row_8__g_col_5__u_pe/u_sol/U53/ZN (CKND0)                      0.0327      0.4733 r    (56.55,387.08)
  u_impl/u_core/g_row_8__g_col_5__u_pe/u_sol/copt_h_inst_39694/Z (CKBD0)         0.0382      0.5115 r    (55.49,381.72)
  u_impl/u_core/g_row_8__g_col_5__u_pe/u_sol/U54/ZN (OAI222D0)                   0.0445      0.5559 f    (58.31,383.61)
  u_impl/u_core/g_row_8__g_col_5__u_pe/u_sol/u_red_q_reg_8_/D (DFCNQD1)          0.0000      0.5559 f    (53.15,383.62)
  data arrival time                                                                          0.5559

  clock core_clk (rise edge)                                                     0.0000      0.0000
  clock network delay (propagated)                                               0.3286      0.3286
  u_impl/u_core/g_row_8__g_col_5__u_pe/u_sol/u_red_q_reg_8_/CP (DFCNQD1)         0.0000      0.3286 r    (52.12,383.50)
  clock uncertainty                                                              0.2000      0.5286
  library hold time                                                              0.0293      0.5579
  data required time                                                                         0.5579
  ----------------------------------------------------------------------------------------------------------------------------
  data required time                                                                         0.5579
  data arrival time                                                                         -0.5559
  ----------------------------------------------------------------------------------------------------------------------------
  slack (VIOLATED)                                                                          -0.0020



  Startpoint: u_impl/u_core/g_row_12__g_col_2__u_pe/u_sol/u_black_q_reg_14_ (rising edge-triggered flip-flop clocked by core_clk)
  Endpoint: u_impl/u_core/g_row_12__g_col_2__u_pe/u_sol/u_black_q_reg_13_ (rising edge-triggered flip-flop clocked by core_clk)
  Mode: FUNC
  Corner: BC
  Scenario: FUNC_BC
  Path Group: core_clk
  Path Type: min

  Point                                                                           Incr        Path           Location
  ----------------------------------------------------------------------------------------------------------------------------
  clock core_clk (rise edge)                                                     0.0000      0.0000
  clock network delay (propagated)                                               0.3433      0.3433

  u_impl/u_core/g_row_12__g_col_2__u_pe/u_sol/u_black_q_reg_14_/CP (DFCNQD1)     0.0000      0.3433 r    (695.72,745.30)
  u_impl/u_core/g_row_12__g_col_2__u_pe/u_sol/u_black_q_reg_14_/Q (DFCNQD1)      0.1189      0.4622 f    (699.88,745.31)
  u_impl/u_core/g_row_12__g_col_2__u_pe/u_sol/U77/ZN (CKND0)                     0.0327      0.4948 r    (694.65,747.08)
  u_impl/u_core/g_row_12__g_col_2__u_pe/u_sol/U80/ZN (OAI222D0)                  0.0424      0.5372 f    (697.89,747.21)
  u_impl/u_core/g_row_12__g_col_2__u_pe/u_sol/u_black_q_reg_13_/D (DFCNQD1)      0.0000      0.5373 f    (698.15,755.98)
  data arrival time                                                                          0.5373

  clock core_clk (rise edge)                                                     0.0000      0.0000
  clock network delay (propagated)                                               0.3040      0.3040
  u_impl/u_core/g_row_12__g_col_2__u_pe/u_sol/u_black_q_reg_13_/CP (DFCNQD1)     0.0000      0.3040 r    (697.12,756.10)
  clock uncertainty                                                              0.2000      0.5040
  library hold time                                                              0.0352      0.5393
  data required time                                                                         0.5393
  ----------------------------------------------------------------------------------------------------------------------------
  data required time                                                                         0.5393
  data arrival time                                                                         -0.5373
  ----------------------------------------------------------------------------------------------------------------------------
  slack (VIOLATED)                                                                          -0.0020



  Startpoint: u_impl/black_shadow_reg_114__2_ (rising edge-triggered flip-flop clocked by core_clk)
  Endpoint: u_impl/black_shadow_reg_114__2_ (rising edge-triggered flip-flop clocked by core_clk)
  Mode: FUNC
  Corner: BC
  Scenario: FUNC_BC
  Path Group: core_clk
  Path Type: min

  Point                                                                           Incr        Path           Location
  ----------------------------------------------------------------------------------------------------------------------------
  clock core_clk (rise edge)                                                     0.0000      0.0000
  clock network delay (propagated)                                               0.3196      0.3196

  u_impl/black_shadow_reg_114__2_/CP (DFQD1)                                     0.0000      0.3196 r    (259.92,581.49)
  u_impl/black_shadow_reg_114__2_/Q (DFQD1)                                      0.1550      0.4745 f    (263.47,581.50)
  u_impl/U13149/ZN (IAO22D0)                                                     0.0720      0.5465 f    (269.15,581.51)
  u_impl/black_shadow_reg_114__2_/D (DFQD1)                                      0.0000      0.5465 f    (260.95,581.51)
  data arrival time                                                                          0.5465

  clock core_clk (rise edge)                                                     0.0000      0.0000
  clock network delay (propagated)                                               0.3232      0.3232
  u_impl/black_shadow_reg_114__2_/CP (DFQD1)                                     0.0000      0.3232 r    (259.92,581.49)
  clock uncertainty                                                              0.2000      0.5232
  library hold time                                                              0.0253      0.5485
  data required time                                                                         0.5485
  ----------------------------------------------------------------------------------------------------------------------------
  data required time                                                                         0.5485
  data arrival time                                                                         -0.5465
  ----------------------------------------------------------------------------------------------------------------------------
  slack (VIOLATED)                                                                          -0.0020



  Startpoint: u_impl/u_core/g_row_4__g_col_0__u_pe/u_r_red/q_reg_4_ (rising edge-triggered flip-flop clocked by core_clk)
  Endpoint: u_impl/u_core/g_row_4__g_col_0__u_pe/u_r_red/q_reg_4_ (rising edge-triggered flip-flop clocked by core_clk)
  Mode: FUNC
  Corner: BC
  Scenario: FUNC_BC
  Path Group: core_clk
  Path Type: min

  Point                                                                           Incr        Path           Location
  ----------------------------------------------------------------------------------------------------------------------------
  clock core_clk (rise edge)                                                     0.0000      0.0000
  clock network delay (propagated)                                               0.3225      0.3225

  u_impl/u_core/g_row_4__g_col_0__u_pe/u_r_red/q_reg_4_/CP (DFCNQD1)             0.0000      0.3225 r    (526.52,133.30)
  u_impl/u_core/g_row_4__g_col_0__u_pe/u_r_red/q_reg_4_/Q (DFCNQD1)              0.1403      0.4628 f    (530.69,133.31)
  u_impl/u_core/g_row_4__g_col_0__u_pe/u_r_red/copt_h_inst_39984/Z (CKBD0)       0.0460      0.5088 f    (527.51,135.08)
  u_impl/u_core/g_row_4__g_col_0__u_pe/u_r_red/U16/Z (AO222D0)                   0.0559      0.5646 f    (526.25,133.41)
  u_impl/u_core/g_row_4__g_col_0__u_pe/u_r_red/q_reg_4_/D (DFCNQD1)              0.0000      0.5646 f    (527.55,133.18)
  data arrival time                                                                          0.5646

  clock core_clk (rise edge)                                                     0.0000      0.0000
  clock network delay (propagated)                                               0.3268      0.3268
  u_impl/u_core/g_row_4__g_col_0__u_pe/u_r_red/q_reg_4_/CP (DFCNQD1)             0.0000      0.3268 r    (526.52,133.30)
  clock uncertainty                                                              0.2000      0.5268
  library hold time                                                              0.0399      0.5666
  data required time                                                                         0.5666
  ----------------------------------------------------------------------------------------------------------------------------
  data required time                                                                         0.5666
  data arrival time                                                                         -0.5646
  ----------------------------------------------------------------------------------------------------------------------------
  slack (VIOLATED)                                                                          -0.0020



  Startpoint: u_impl/u_core/g_row_14__g_col_2__u_pe/u_sol/u_red_q_reg_0_ (rising edge-triggered flip-flop clocked by core_clk)
  Endpoint: u_impl/u_core/g_row_14__g_col_2__u_pe/u_sol/u_red_q_reg_0_ (rising edge-triggered flip-flop clocked by core_clk)
  Mode: FUNC
  Corner: BC
  Scenario: FUNC_BC
  Path Group: core_clk
  Path Type: min

  Point                                                                           Incr        Path           Location
  ----------------------------------------------------------------------------------------------------------------------------
  clock core_clk (rise edge)                                                     0.0000      0.0000
  clock network delay (propagated)                                               0.3355      0.3355

  u_impl/u_core/g_row_14__g_col_2__u_pe/u_sol/u_red_q_reg_0_/CP (DFCNQD1)        0.0000      0.3355 r    (613.32,851.50)
  u_impl/u_core/g_row_14__g_col_2__u_pe/u_sol/u_red_q_reg_0_/Q (DFCNQD1)         0.1232      0.4587 f    (617.49,851.49)
  u_impl/u_core/g_row_14__g_col_2__u_pe/u_sol/U68/ZN (CKND0)                     0.0577      0.5165 r    (615.45,853.32)
  u_impl/u_core/g_row_14__g_col_2__u_pe/u_sol/U72/ZN (OAI222D0)                  0.0535      0.5700 f    (617.29,853.19)
  u_impl/u_core/g_row_14__g_col_2__u_pe/u_sol/u_red_q_reg_0_/D (DFCNQD1)         0.0000      0.5700 f    (614.35,851.62)
  data arrival time                                                                          0.5700

  clock core_clk (rise edge)                                                     0.0000      0.0000
  clock network delay (propagated)                                               0.3400      0.3400
  u_impl/u_core/g_row_14__g_col_2__u_pe/u_sol/u_red_q_reg_0_/CP (DFCNQD1)        0.0000      0.3400 r    (613.32,851.50)
  clock uncertainty                                                              0.2000      0.5400
  library hold time                                                              0.0319      0.5719
  data required time                                                                         0.5719
  ----------------------------------------------------------------------------------------------------------------------------
  data required time                                                                         0.5719
  data arrival time                                                                         -0.5700
  ----------------------------------------------------------------------------------------------------------------------------
  slack (VIOLATED)                                                                          -0.0020



  Startpoint: u_impl/u_core/g_row_11__g_col_8__u_pe/u_r_red/q_reg_7_ (rising edge-triggered flip-flop clocked by core_clk)
  Endpoint: u_impl/u_core/g_row_11__g_col_8__u_pe/u_r_red/q_reg_6_ (rising edge-triggered flip-flop clocked by core_clk)
  Mode: FUNC
  Corner: BC
  Scenario: FUNC_BC
  Path Group: core_clk
  Path Type: min

  Point                                                                           Incr        Path           Location
  ----------------------------------------------------------------------------------------------------------------------------
  clock core_clk (rise edge)                                                     0.0000      0.0000
  clock network delay (propagated)                                               0.3021      0.3021

  u_impl/u_core/g_row_11__g_col_8__u_pe/u_r_red/q_reg_7_/CP (DFCNQD1)            0.0000      0.3021 r    (254.32,646.30)
  u_impl/u_core/g_row_11__g_col_8__u_pe/u_r_red/q_reg_7_/Q (DFCNQD1)             0.1236      0.4257 f    (258.49,646.29)
  u_impl/u_core/g_row_11__g_col_8__u_pe/u_r_red/copt_h_inst_31867/Z (CKBD0)      0.0566      0.4823 f    (257.71,648.12)
  u_impl/u_core/g_row_11__g_col_8__u_pe/u_r_red/U13/Z (AO222D0)                  0.0841      0.5663 f    (250.75,646.20)
  u_impl/u_core/g_row_11__g_col_8__u_pe/u_r_red/q_reg_6_/D (DFCNQD1)             0.0000      0.5664 f    (245.55,644.38)
  data arrival time                                                                          0.5664

  clock core_clk (rise edge)                                                     0.0000      0.0000
  clock network delay (propagated)                                               0.3343      0.3343
  u_impl/u_core/g_row_11__g_col_8__u_pe/u_r_red/q_reg_6_/CP (DFCNQD1)            0.0000      0.3343 r    (244.52,644.50)
  clock uncertainty                                                              0.2000      0.5343
  library hold time                                                              0.0340      0.5684
  data required time                                                                         0.5684
  ----------------------------------------------------------------------------------------------------------------------------
  data required time                                                                         0.5684
  data arrival time                                                                         -0.5664
  ----------------------------------------------------------------------------------------------------------------------------
  slack (VIOLATED)                                                                          -0.0020



  Startpoint: u_impl/red_shadow_reg_86__6_ (rising edge-triggered flip-flop clocked by core_clk)
  Endpoint: u_impl/u_core/g_row_8__g_col_6__u_pe/u_r_red/q_reg_6_ (rising edge-triggered flip-flop clocked by core_clk)
  Mode: FUNC
  Corner: BC
  Scenario: FUNC_BC
  Path Group: core_clk
  Path Type: min

  Point                                                                           Incr        Path           Location
  ----------------------------------------------------------------------------------------------------------------------------
  clock core_clk (rise edge)                                                     0.0000      0.0000
  clock network delay (propagated)                                               0.3169      0.3169

  u_impl/red_shadow_reg_86__6_/CP (DFQD2)                                        0.0000      0.3169 r    (354.52,446.51)
  u_impl/red_shadow_reg_86__6_/Q (DFQD2)                                         0.1516      0.4685 f    (358.06,446.50)
  u_impl/u_core/g_row_8__g_col_6__u_pe/u_r_red/U11/Z (AO222D0)                   0.0761      0.5445 f    (174.15,407.00)
  u_impl/u_core/g_row_8__g_col_6__u_pe/u_r_red/q_reg_6_/D (DFCNQD1)              0.0000      0.5445 f    (174.95,408.83)
  data arrival time                                                                          0.5445

  clock core_clk (rise edge)                                                     0.0000      0.0000
  clock network delay (propagated)                                               0.3084      0.3084
  u_impl/u_core/g_row_8__g_col_6__u_pe/u_r_red/q_reg_6_/CP (DFCNQD1)             0.0000      0.3084 r    (173.92,408.70)
  clock uncertainty                                                              0.2000      0.5084
  library hold time                                                              0.0381      0.5465
  data required time                                                                         0.5465
  ----------------------------------------------------------------------------------------------------------------------------
  data required time                                                                         0.5465
  data arrival time                                                                         -0.5445
  ----------------------------------------------------------------------------------------------------------------------------
  slack (VIOLATED)                                                                          -0.0019



  Startpoint: u_impl/u_core/g_row_11__g_col_5__u_pe/u_sol/u_black_q_reg_6_ (rising edge-triggered flip-flop clocked by core_clk)
  Endpoint: u_impl/u_core/g_row_11__g_col_5__u_pe/u_sol/u_black_q_reg_5_ (rising edge-triggered flip-flop clocked by core_clk)
  Mode: FUNC
  Corner: BC
  Scenario: FUNC_BC
  Path Group: core_clk
  Path Type: min

  Point                                                                           Incr        Path           Location
  ----------------------------------------------------------------------------------------------------------------------------
  clock core_clk (rise edge)                                                     0.0000      0.0000
  clock network delay (propagated)                                               0.3287      0.3287

  u_impl/u_core/g_row_11__g_col_5__u_pe/u_sol/u_black_q_reg_6_/CP (DFCNQD1)      0.0000      0.3287 r    (85.72,700.30)
  u_impl/u_core/g_row_11__g_col_5__u_pe/u_sol/u_black_q_reg_6_/Q (DFCNQD1)       0.1158      0.4444 f    (89.89,700.29)
  u_impl/u_core/g_row_11__g_col_5__u_pe/u_sol/copt_h_inst_47963/Z (CKBD0)        0.0353      0.4797 f    (88.31,698.52)
  u_impl/u_core/g_row_11__g_col_5__u_pe/u_sol/U6/ZN (CKND0)                      0.0363      0.5160 r    (86.35,702.12)
  u_impl/u_core/g_row_11__g_col_5__u_pe/u_sol/U59/ZN (OAI222D0)                  0.0465      0.5625 f    (91.09,707.61)
  u_impl/u_core/g_row_11__g_col_5__u_pe/u_sol/u_black_q_reg_5_/D (DFCNQD1)       0.0000      0.5626 f    (82.95,705.58)
  data arrival time                                                                          0.5626

  clock core_clk (rise edge)                                                     0.0000      0.0000
  clock network delay (propagated)                                               0.3321      0.3321
  u_impl/u_core/g_row_11__g_col_5__u_pe/u_sol/u_black_q_reg_5_/CP (DFCNQD1)      0.0000      0.3321 r    (81.92,705.70)
  clock uncertainty                                                              0.2000      0.5321
  library hold time                                                              0.0324      0.5645
  data required time                                                                         0.5645
  ----------------------------------------------------------------------------------------------------------------------------
  data required time                                                                         0.5645
  data arrival time                                                                         -0.5626
  ----------------------------------------------------------------------------------------------------------------------------
  slack (VIOLATED)                                                                          -0.0019



  Startpoint: u_impl/u_core/g_row_10__g_col_4__u_pe/u_sol/u_red_q_reg_11_ (rising edge-triggered flip-flop clocked by core_clk)
  Endpoint: u_impl/u_core/g_row_10__g_col_4__u_pe/u_sol/u_red_q_reg_10_ (rising edge-triggered flip-flop clocked by core_clk)
  Mode: FUNC
  Corner: BC
  Scenario: FUNC_BC
  Path Group: core_clk
  Path Type: min

  Point                                                                           Incr        Path           Location
  ----------------------------------------------------------------------------------------------------------------------------
  clock core_clk (rise edge)                                                     0.0000      0.0000
  clock network delay (propagated)                                               0.3309      0.3309

  u_impl/u_core/g_row_10__g_col_4__u_pe/u_sol/u_red_q_reg_11_/CP (DFCNQD1)       0.0000      0.3309 r    (27.72,581.50)
  u_impl/u_core/g_row_10__g_col_4__u_pe/u_sol/u_red_q_reg_11_/Q (DFCNQD1)        0.1222      0.4531 f    (31.89,581.49)
  u_impl/u_core/g_row_10__g_col_4__u_pe/u_sol/copt_h_inst_46123/Z (CKBD0)        0.0308      0.4839 f    (30.91,583.32)
  u_impl/u_core/g_row_10__g_col_4__u_pe/u_sol/U7/ZN (CKND0)                      0.0382      0.5220 r    (30.65,583.32)
  u_impl/u_core/g_row_10__g_col_4__u_pe/u_sol/U50/ZN (OAI222D0)                  0.0442      0.5662 f    (35.71,575.99)
  u_impl/u_core/g_row_10__g_col_4__u_pe/u_sol/u_red_q_reg_10_/D (DFCNQD1)        0.0000      0.5662 f    (30.15,575.98)
  data arrival time                                                                          0.5662

  clock core_clk (rise edge)                                                     0.0000      0.0000
  clock network delay (propagated)                                               0.3350      0.3350
  u_impl/u_core/g_row_10__g_col_4__u_pe/u_sol/u_red_q_reg_10_/CP (DFCNQD1)       0.0000      0.3350 r    (29.12,576.10)
  clock uncertainty                                                              0.2000      0.5350
  library hold time                                                              0.0331      0.5681
  data required time                                                                         0.5681
  ----------------------------------------------------------------------------------------------------------------------------
  data required time                                                                         0.5681
  data arrival time                                                                         -0.5662
  ----------------------------------------------------------------------------------------------------------------------------
  slack (VIOLATED)                                                                          -0.0019



  Startpoint: u_impl/u_core/g_row_3__g_col_4__u_pe/u_sol/u_red_q_reg_14_ (rising edge-triggered flip-flop clocked by core_clk)
  Endpoint: u_impl/u_core/g_row_3__g_col_4__u_pe/u_sol/u_red_q_reg_13_ (rising edge-triggered flip-flop clocked by core_clk)
  Mode: FUNC
  Corner: BC
  Scenario: FUNC_BC
  Path Group: core_clk
  Path Type: min

  Point                                                                           Incr        Path           Location
  ----------------------------------------------------------------------------------------------------------------------------
  clock core_clk (rise edge)                                                     0.0000      0.0000
  clock network delay (propagated)                                               0.2956      0.2956

  u_impl/u_core/g_row_3__g_col_4__u_pe/u_sol/u_red_q_reg_14_/CP (DFCNQD1)        0.0000      0.2956 r    (690.92,43.30)
  u_impl/u_core/g_row_3__g_col_4__u_pe/u_sol/u_red_q_reg_14_/Q (DFCNQD1)         0.1251      0.4207 f    (695.09,43.31)
  u_impl/u_core/g_row_3__g_col_4__u_pe/u_sol/copt_h_inst_47245/Z (DEL005)        0.0460      0.4667 f    (693.16,41.48)
  u_impl/u_core/g_row_3__g_col_4__u_pe/u_sol/U77/ZN (CKND0)                      0.0301      0.4968 r    (691.95,41.48)
  u_impl/u_core/g_row_3__g_col_4__u_pe/u_sol/U80/ZN (OAI222D0)                   0.0343      0.5311 f    (698.51,39.59)
  u_impl/u_core/g_row_3__g_col_4__u_pe/u_sol/u_red_q_reg_13_/D (DFCNQD1)         0.0000      0.5311 f    (698.95,41.62)
  data arrival time                                                                          0.5311

  clock core_clk (rise edge)                                                     0.0000      0.0000
  clock network delay (propagated)                                               0.2995      0.2995
  u_impl/u_core/g_row_3__g_col_4__u_pe/u_sol/u_red_q_reg_13_/CP (DFCNQD1)        0.0000      0.2995 r    (697.92,41.50)
  clock uncertainty                                                              0.2000      0.4995
  library hold time                                                              0.0335      0.5330
  data required time                                                                         0.5330
  ----------------------------------------------------------------------------------------------------------------------------
  data required time                                                                         0.5330
  data arrival time                                                                         -0.5311
  ----------------------------------------------------------------------------------------------------------------------------
  slack (VIOLATED)                                                                          -0.0019



  Startpoint: u_impl/u_core/g_row_6__g_col_7__u_pe/u_sol/u_black_q_reg_0_ (rising edge-triggered flip-flop clocked by core_clk)
  Endpoint: u_impl/u_core/g_row_6__g_col_7__u_pe/u_sol/u_black_q_reg_0_ (rising edge-triggered flip-flop clocked by core_clk)
  Mode: FUNC
  Corner: BC
  Scenario: FUNC_BC
  Path Group: core_clk
  Path Type: min

  Point                                                                           Incr        Path           Location
  ----------------------------------------------------------------------------------------------------------------------------
  clock core_clk (rise edge)                                                     0.0000      0.0000
  clock network delay (propagated)                                               0.3112      0.3112

  u_impl/u_core/g_row_6__g_col_7__u_pe/u_sol/u_black_q_reg_0_/CP (DFCNQD1)       0.0000      0.3112 r    (230.52,39.70)
  u_impl/u_core/g_row_6__g_col_7__u_pe/u_sol/u_black_q_reg_0_/Q (DFCNQD1)        0.1208      0.4320 f    (234.69,39.71)
  u_impl/u_core/g_row_6__g_col_7__u_pe/u_sol/U69/ZN (CKND0)                      0.0473      0.4793 r    (233.35,41.48)
  u_impl/u_core/g_row_6__g_col_7__u_pe/u_sol/U104/ZN (OAI222D0)                  0.0648      0.5441 f    (239.31,41.61)
  u_impl/u_core/g_row_6__g_col_7__u_pe/u_sol/u_black_q_reg_0_/D (DFCNQD1)        0.0000      0.5441 f    (231.55,39.58)
  data arrival time                                                                          0.5441

  clock core_clk (rise edge)                                                     0.0000      0.0000
  clock network delay (propagated)                                               0.3158      0.3158
  u_impl/u_core/g_row_6__g_col_7__u_pe/u_sol/u_black_q_reg_0_/CP (DFCNQD1)       0.0000      0.3158 r    (230.52,39.70)
  clock uncertainty                                                              0.2000      0.5158
  library hold time                                                              0.0302      0.5460
  data required time                                                                         0.5460
  ----------------------------------------------------------------------------------------------------------------------------
  data required time                                                                         0.5460
  data arrival time                                                                         -0.5441
  ----------------------------------------------------------------------------------------------------------------------------
  slack (VIOLATED)                                                                          -0.0019



  Startpoint: u_impl/u_core/g_row_4__g_col_1__u_pe/u_sol/u_black_q_reg_9_ (rising edge-triggered flip-flop clocked by core_clk)
  Endpoint: u_impl/u_core/g_row_4__g_col_1__u_pe/u_sol/u_black_q_reg_9_ (rising edge-triggered flip-flop clocked by core_clk)
  Mode: FUNC
  Corner: BC
  Scenario: FUNC_BC
  Path Group: core_clk
  Path Type: min

  Point                                                                           Incr        Path           Location
  ----------------------------------------------------------------------------------------------------------------------------
  clock core_clk (rise edge)                                                     0.0000      0.0000
  clock network delay (propagated)                                               0.3065      0.3065

  u_impl/u_core/g_row_4__g_col_1__u_pe/u_sol/u_black_q_reg_9_/CP (DFCNQD1)       0.0000      0.3065 r    (548.32,19.90)
  u_impl/u_core/g_row_4__g_col_1__u_pe/u_sol/u_black_q_reg_9_/Q (DFCNQD1)        0.1264      0.4329 f    (552.49,19.89)
  u_impl/u_core/g_row_4__g_col_1__u_pe/u_sol/U86/ZN (CKND0)                      0.0226      0.4555 r    (549.35,23.48)
  u_impl/u_core/g_row_4__g_col_1__u_pe/u_sol/copt_h_inst_41041/Z (CKBD0)         0.0443      0.4998 r    (545.09,23.48)
  u_impl/u_core/g_row_4__g_col_1__u_pe/u_sol/U87/ZN (OAI222D0)                   0.0450      0.5448 f    (545.09,20.01)
  u_impl/u_core/g_row_4__g_col_1__u_pe/u_sol/u_black_q_reg_9_/D (DFCNQD1)        0.0000      0.5448 f    (549.35,20.03)
  data arrival time                                                                          0.5448

  clock core_clk (rise edge)                                                     0.0000      0.0000
  clock network delay (propagated)                                               0.3105      0.3105
  u_impl/u_core/g_row_4__g_col_1__u_pe/u_sol/u_black_q_reg_9_/CP (DFCNQD1)       0.0000      0.3105 r    (548.32,19.90)
  clock uncertainty                                                              0.2000      0.5105
  library hold time                                                              0.0362      0.5467
  data required time                                                                         0.5467
  ----------------------------------------------------------------------------------------------------------------------------
  data required time                                                                         0.5467
  data arrival time                                                                         -0.5448
  ----------------------------------------------------------------------------------------------------------------------------
  slack (VIOLATED)                                                                          -0.0018



  Startpoint: u_impl/black_shadow_reg_49__5_ (rising edge-triggered flip-flop clocked by core_clk)
  Endpoint: u_impl/u_core/g_row_4__g_col_9__u_pe/u_r_black/q_reg_5_ (rising edge-triggered flip-flop clocked by core_clk)
  Mode: FUNC
  Corner: BC
  Scenario: FUNC_BC
  Path Group: core_clk
  Path Type: min

  Point                                                                           Incr        Path           Location
  ----------------------------------------------------------------------------------------------------------------------------
  clock core_clk (rise edge)                                                     0.0000      0.0000
  clock network delay (propagated)                                               0.2371      0.2371

  u_impl/black_shadow_reg_49__5_/CP (DFQD1)                                      0.0000      0.2371 r    (372.32,185.49)
  u_impl/black_shadow_reg_49__5_/Q (DFQD1)                                       0.1155      0.3525 f    (375.87,185.50)
  u_impl/copt_h_inst_29095/Z (CKBD0)                                             0.1143      0.4668 f    (374.71,189.08)
  u_impl/u_core/g_row_4__g_col_9__u_pe/u_r_black/U12/Z (AO222D0)                 0.0923      0.5591 f    (348.15,138.59)
  u_impl/u_core/g_row_4__g_col_9__u_pe/u_r_black/q_reg_5_/D (DFCNQD1)            0.0000      0.5591 f    (349.95,140.38)
  data arrival time                                                                          0.5591

  clock core_clk (rise edge)                                                     0.0000      0.0000
  clock network delay (propagated)                                               0.3267      0.3267
  u_impl/u_core/g_row_4__g_col_9__u_pe/u_r_black/q_reg_5_/CP (DFCNQD1)           0.0000      0.3267 r    (348.92,140.50)
  clock uncertainty                                                              0.2000      0.5267
  library hold time                                                              0.0343      0.5609
  data required time                                                                         0.5609
  ----------------------------------------------------------------------------------------------------------------------------
  data required time                                                                         0.5609
  data arrival time                                                                         -0.5591
  ----------------------------------------------------------------------------------------------------------------------------
  slack (VIOLATED)                                                                          -0.0018



  Startpoint: u_impl/u_core/g_row_7__g_col_4__u_pe/u_sol/u_black_q_reg_0_ (rising edge-triggered flip-flop clocked by core_clk)
  Endpoint: u_impl/u_core/g_row_7__g_col_4__u_pe/u_sol/u_black_q_reg_0_ (rising edge-triggered flip-flop clocked by core_clk)
  Mode: FUNC
  Corner: BC
  Scenario: FUNC_BC
  Path Group: core_clk
  Path Type: min

  Point                                                                           Incr        Path           Location
  ----------------------------------------------------------------------------------------------------------------------------
  clock core_clk (rise edge)                                                     0.0000      0.0000
  clock network delay (propagated)                                               0.3320      0.3320

  u_impl/u_core/g_row_7__g_col_4__u_pe/u_sol/u_black_q_reg_0_/CP (DFCNQD1)       0.0000      0.3320 r    (18.52,291.70)
  u_impl/u_core/g_row_7__g_col_4__u_pe/u_sol/u_black_q_reg_0_/Q (DFCNQD1)        0.1135      0.4455 f    (22.69,291.71)
  u_impl/u_core/g_row_7__g_col_4__u_pe/u_sol/U68/ZN (CKND0)                      0.0578      0.5032 r    (23.05,289.88)
  u_impl/u_core/g_row_7__g_col_4__u_pe/u_sol/U72/ZN (OAI222D0)                   0.0602      0.5634 f    (22.89,295.19)
  u_impl/u_core/g_row_7__g_col_4__u_pe/u_sol/u_black_q_reg_0_/D (DFCNQD1)        0.0000      0.5635 f    (19.55,291.57)
  data arrival time                                                                          0.5635

  clock core_clk (rise edge)                                                     0.0000      0.0000
  clock network delay (propagated)                                               0.3360      0.3360
  u_impl/u_core/g_row_7__g_col_4__u_pe/u_sol/u_black_q_reg_0_/CP (DFCNQD1)       0.0000      0.3360 r    (18.52,291.70)
  clock uncertainty                                                              0.2000      0.5360
  library hold time                                                              0.0292      0.5653
  data required time                                                                         0.5653
  ----------------------------------------------------------------------------------------------------------------------------
  data required time                                                                         0.5653
  data arrival time                                                                         -0.5635
  ----------------------------------------------------------------------------------------------------------------------------
  slack (VIOLATED)                                                                          -0.0018



  Startpoint: u_impl/black_shadow_reg_42__5_ (rising edge-triggered flip-flop clocked by core_clk)
  Endpoint: u_impl/u_core/g_row_4__g_col_2__u_pe/u_r_black/q_reg_5_ (rising edge-triggered flip-flop clocked by core_clk)
  Mode: FUNC
  Corner: BC
  Scenario: FUNC_BC
  Path Group: core_clk
  Path Type: min

  Point                                                                           Incr        Path           Location
  ----------------------------------------------------------------------------------------------------------------------------
  clock core_clk (rise edge)                                                     0.0000      0.0000
  clock network delay (propagated)                                               0.2838      0.2838

  u_impl/black_shadow_reg_42__5_/CP (DFQD1)                                      0.0000      0.2838 r    (390.92,203.49)
  u_impl/black_shadow_reg_42__5_/Q (DFQD1)                                       0.1924      0.4762 f    (394.47,203.50)
  u_impl/u_core/g_row_4__g_col_2__u_pe/u_r_black/U12/Z (AO222D0)                 0.0936      0.5698 f    (495.95,153.00)
  u_impl/u_core/g_row_4__g_col_2__u_pe/u_r_black/q_reg_5_/D (DFCNQD1)            0.0000      0.5699 f    (494.15,156.83)
  data arrival time                                                                          0.5699

  clock core_clk (rise edge)                                                     0.0000      0.0000
  clock network delay (propagated)                                               0.3319      0.3319
  u_impl/u_core/g_row_4__g_col_2__u_pe/u_r_black/q_reg_5_/CP (DFCNQD1)           0.0000      0.3319 r    (493.12,156.70)
  clock uncertainty                                                              0.2000      0.5319
  library hold time                                                              0.0398      0.5716
  data required time                                                                         0.5716
  ----------------------------------------------------------------------------------------------------------------------------
  data required time                                                                         0.5716
  data arrival time                                                                         -0.5699
  ----------------------------------------------------------------------------------------------------------------------------
  slack (VIOLATED)                                                                          -0.0018



  Startpoint: u_impl/u_core/g_row_19__g_col_2__u_pe/u_sol/u_black_q_reg_7_ (rising edge-triggered flip-flop clocked by core_clk)
  Endpoint: u_impl/u_core/g_row_19__g_col_2__u_pe/u_sol/u_black_q_reg_6_ (rising edge-triggered flip-flop clocked by core_clk)
  Mode: FUNC
  Corner: BC
  Scenario: FUNC_BC
  Path Group: core_clk
  Path Type: min

  Point                                                                           Incr        Path           Location
  ----------------------------------------------------------------------------------------------------------------------------
  clock core_clk (rise edge)                                                     0.0000      0.0000
  clock network delay (propagated)                                               0.3195      0.3195

  u_impl/u_core/g_row_19__g_col_2__u_pe/u_sol/u_black_q_reg_7_/CP (DFCNQD1)      0.0000      0.3195 r    (860.72,450.10)
  u_impl/u_core/g_row_19__g_col_2__u_pe/u_sol/u_black_q_reg_7_/Q (DFCNQD1)       0.1132      0.4327 f    (864.88,450.11)
  u_impl/u_core/g_row_19__g_col_2__u_pe/u_sol/copt_h_inst_46087/Z (CKBD0)        0.0355      0.4681 f    (859.91,450.12)
  u_impl/u_core/g_row_19__g_col_2__u_pe/u_sol/U55/ZN (INVD0)                     0.0337      0.5018 r    (857.38,448.30)
  u_impl/u_core/g_row_19__g_col_2__u_pe/u_sol/U58/ZN (OAI222D0)                  0.0480      0.5498 f    (854.51,448.41)
  u_impl/u_core/g_row_19__g_col_2__u_pe/u_sol/u_black_q_reg_6_/D (DFCNQD1)       0.0000      0.5498 f    (861.75,444.83)
  data arrival time                                                                          0.5498

  clock core_clk (rise edge)                                                     0.0000      0.0000
  clock network delay (propagated)                                               0.3234      0.3234
  u_impl/u_core/g_row_19__g_col_2__u_pe/u_sol/u_black_q_reg_6_/CP (DFCNQD1)      0.0000      0.3234 r    (860.72,444.70)
  clock uncertainty                                                              0.2000      0.5234
  library hold time                                                              0.0281      0.5516
  data required time                                                                         0.5516
  ----------------------------------------------------------------------------------------------------------------------------
  data required time                                                                         0.5516
  data arrival time                                                                         -0.5498
  ----------------------------------------------------------------------------------------------------------------------------
  slack (VIOLATED)                                                                          -0.0018



  Startpoint: u_impl/u_core/g_row_19__g_col_2__u_pe/u_r_red/q_reg_3_ (rising edge-triggered flip-flop clocked by core_clk)
  Endpoint: u_impl/u_core/g_row_19__g_col_2__u_pe/u_r_red/q_reg_2_ (rising edge-triggered flip-flop clocked by core_clk)
  Mode: FUNC
  Corner: BC
  Scenario: FUNC_BC
  Path Group: core_clk
  Path Type: min

  Point                                                                           Incr        Path           Location
  ----------------------------------------------------------------------------------------------------------------------------
  clock core_clk (rise edge)                                                     0.0000      0.0000
  clock network delay (propagated)                                               0.2463      0.2463

  u_impl/u_core/g_row_19__g_col_2__u_pe/u_r_red/q_reg_3_/CP (DFCNQD1)            0.0000      0.2463 r    (765.32,473.50)
  u_impl/u_core/g_row_19__g_col_2__u_pe/u_r_red/q_reg_3_/Q (DFCNQD1)             0.1320      0.3783 f    (769.49,473.49)
  u_impl/u_core/g_row_19__g_col_2__u_pe/u_r_red/U11/Z (AO222D0)                  0.0682      0.4465 f    (769.45,475.41)
  u_impl/u_core/g_row_19__g_col_2__u_pe/u_r_red/copt_h_inst_48065/Z (CKBD0)      0.0358      0.4823 f    (770.69,475.32)
  u_impl/u_core/g_row_19__g_col_2__u_pe/u_r_red/q_reg_2_/D (DFCNQD1)             0.0000      0.4823 f    (770.75,471.58)
  data arrival time                                                                          0.4823

  clock core_clk (rise edge)                                                     0.0000      0.0000
  clock network delay (propagated)                                               0.2473      0.2473
  u_impl/u_core/g_row_19__g_col_2__u_pe/u_r_red/q_reg_2_/CP (DFCNQD1)            0.0000      0.2473 r    (769.72,471.70)
  clock uncertainty                                                              0.2000      0.4473
  library hold time                                                              0.0367      0.4840
  data required time                                                                         0.4840
  ----------------------------------------------------------------------------------------------------------------------------
  data required time                                                                         0.4840
  data arrival time                                                                         -0.4823
  ----------------------------------------------------------------------------------------------------------------------------
  slack (VIOLATED)                                                                          -0.0017



  Startpoint: u_impl/u_core/g_row_10__g_col_3__u_pe/u_sol/u_black_q_reg_1_ (rising edge-triggered flip-flop clocked by core_clk)
  Endpoint: u_impl/u_core/g_row_10__g_col_3__u_pe/u_sol/u_black_q_reg_0_ (rising edge-triggered flip-flop clocked by core_clk)
  Mode: FUNC
  Corner: BC
  Scenario: FUNC_BC
  Path Group: core_clk
  Path Type: min

  Point                                                                           Incr        Path           Location
  ----------------------------------------------------------------------------------------------------------------------------
  clock core_clk (rise edge)                                                     0.0000      0.0000
  clock network delay (propagated)                                               0.3309      0.3309

  u_impl/u_core/g_row_10__g_col_3__u_pe/u_sol/u_black_q_reg_1_/CP (DFCNQD1)      0.0000      0.3309 r    (11.52,585.10)
  u_impl/u_core/g_row_10__g_col_3__u_pe/u_sol/u_black_q_reg_1_/Q (DFCNQD1)       0.1222      0.4531 f    (15.69,585.09)
  u_impl/u_core/g_row_10__g_col_3__u_pe/u_sol/U102/ZN (CKND0)                    0.0200      0.4731 r    (17.65,590.52)
  u_impl/u_core/g_row_10__g_col_3__u_pe/u_sol/copt_h_inst_31238/Z (CKBD0)        0.0444      0.5175 r    (20.09,590.52)
  u_impl/u_core/g_row_10__g_col_3__u_pe/u_sol/U104/ZN (OAI222D0)                 0.0483      0.5658 f    (23.11,596.01)
  u_impl/u_core/g_row_10__g_col_3__u_pe/u_sol/u_black_q_reg_0_/D (DFCNQD1)       0.0000      0.5658 f    (19.75,583.18)
  data arrival time                                                                          0.5658

  clock core_clk (rise edge)                                                     0.0000      0.0000
  clock network delay (propagated)                                               0.3350      0.3350
  u_impl/u_core/g_row_10__g_col_3__u_pe/u_sol/u_black_q_reg_0_/CP (DFCNQD1)      0.0000      0.3350 r    (18.72,583.30)
  clock uncertainty                                                              0.2000      0.5350
  library hold time                                                              0.0324      0.5674
  data required time                                                                         0.5675
  ----------------------------------------------------------------------------------------------------------------------------
  data required time                                                                         0.5675
  data arrival time                                                                         -0.5658
  ----------------------------------------------------------------------------------------------------------------------------
  slack (VIOLATED)                                                                          -0.0016



  Startpoint: u_impl/u_core/g_row_13__g_col_3__u_pe/u_sol/u_black_q_reg_3_ (rising edge-triggered flip-flop clocked by core_clk)
  Endpoint: u_impl/u_core/g_row_13__g_col_3__u_pe/u_sol/u_black_q_reg_3_ (rising edge-triggered flip-flop clocked by core_clk)
  Mode: FUNC
  Corner: BC
  Scenario: FUNC_BC
  Path Group: core_clk
  Path Type: min

  Point                                                                           Incr        Path           Location
  ----------------------------------------------------------------------------------------------------------------------------
  clock core_clk (rise edge)                                                     0.0000      0.0000
  clock network delay (propagated)                                               0.3150      0.3150

  u_impl/u_core/g_row_13__g_col_3__u_pe/u_sol/u_black_q_reg_3_/CP (DFCNQD1)      0.0000      0.3150 r    (827.32,694.90)
  u_impl/u_core/g_row_13__g_col_3__u_pe/u_sol/u_black_q_reg_3_/Q (DFCNQD1)       0.1305      0.4455 f    (831.49,694.91)
  u_impl/u_core/g_row_13__g_col_3__u_pe/u_sol/copt_h_inst_45830/Z (CKBD0)        0.0337      0.4791 f    (827.11,693.08)
  u_impl/u_core/g_row_13__g_col_3__u_pe/u_sol/U7/ZN (CKND0)                      0.0313      0.5105 r    (826.55,696.68)
  u_impl/u_core/g_row_13__g_col_3__u_pe/u_sol/U63/ZN (OAI222D0)                  0.0482      0.5587 f    (828.89,701.99)
  u_impl/u_core/g_row_13__g_col_3__u_pe/u_sol/u_black_q_reg_3_/D (DFCNQD1)       0.0000      0.5587 f    (828.35,694.77)
  data arrival time                                                                          0.5587

  clock core_clk (rise edge)                                                     0.0000      0.0000
  clock network delay (propagated)                                               0.3204      0.3204
  u_impl/u_core/g_row_13__g_col_3__u_pe/u_sol/u_black_q_reg_3_/CP (DFCNQD1)      0.0000      0.3204 r    (827.32,694.90)
  clock uncertainty                                                              0.2000      0.5204
  library hold time                                                              0.0398      0.5602
  data required time                                                                         0.5602
  ----------------------------------------------------------------------------------------------------------------------------
  data required time                                                                         0.5602
  data arrival time                                                                         -0.5587
  ----------------------------------------------------------------------------------------------------------------------------
  slack (VIOLATED)                                                                          -0.0015



  Startpoint: u_impl/black_shadow_reg_4__0_ (rising edge-triggered flip-flop clocked by core_clk)
  Endpoint: u_impl/u_core/g_row_0__g_col_4__u_pe/u_r_black/q_reg_0_ (rising edge-triggered flip-flop clocked by core_clk)
  Mode: FUNC
  Corner: BC
  Scenario: FUNC_BC
  Path Group: core_clk
  Path Type: min

  Point                                                                           Incr        Path           Location
  ----------------------------------------------------------------------------------------------------------------------------
  clock core_clk (rise edge)                                                     0.0000      0.0000
  clock network delay (propagated)                                               0.3013      0.3013

  u_impl/black_shadow_reg_4__0_/CP (DFQD1)                                       0.0000      0.3013 r    (715.12,235.89)
  u_impl/black_shadow_reg_4__0_/Q (DFQD1)                                        0.1423      0.4435 f    (718.67,235.90)
  u_impl/u_core/g_row_0__g_col_4__u_pe/u_r_black/U15/Z (AO222D0)                 0.0862      0.5297 f    (764.05,245.01)
  u_impl/u_core/g_row_0__g_col_4__u_pe/u_r_black/q_reg_0_/D (DFCNQD1)            0.0000      0.5297 f    (767.35,243.23)
  data arrival time                                                                          0.5297

  clock core_clk (rise edge)                                                     0.0000      0.0000
  clock network delay (propagated)                                               0.2992      0.2992
  u_impl/u_core/g_row_0__g_col_4__u_pe/u_r_black/q_reg_0_/CP (DFCNQD1)           0.0000      0.2992 r    (766.32,243.10)
  clock uncertainty                                                              0.2000      0.4992
  library hold time                                                              0.0320      0.5312
  data required time                                                                         0.5312
  ----------------------------------------------------------------------------------------------------------------------------
  data required time                                                                         0.5312
  data arrival time                                                                         -0.5297
  ----------------------------------------------------------------------------------------------------------------------------
  slack (VIOLATED)                                                                          -0.0015



  Startpoint: u_impl/u_core/g_row_1__g_col_9__u_pe/u_r_black/q_reg_5_ (rising edge-triggered flip-flop clocked by core_clk)
  Endpoint: u_impl/u_core/g_row_1__g_col_9__u_pe/u_r_black/q_reg_5_ (rising edge-triggered flip-flop clocked by core_clk)
  Mode: FUNC
  Corner: BC
  Scenario: FUNC_BC
  Path Group: core_clk
  Path Type: min

  Point                                                                           Incr        Path           Location
  ----------------------------------------------------------------------------------------------------------------------------
  clock core_clk (rise edge)                                                     0.0000      0.0000
  clock network delay (propagated)                                               0.3190      0.3190

  u_impl/u_core/g_row_1__g_col_9__u_pe/u_r_black/q_reg_5_/CP (DFCNQD1)           0.0000      0.3190 r    (621.72,149.50)
  u_impl/u_core/g_row_1__g_col_9__u_pe/u_r_black/q_reg_5_/Q (DFCNQD1)            0.1259      0.4449 f    (625.88,149.49)
  u_impl/u_core/g_row_1__g_col_9__u_pe/u_r_black/copt_h_inst_40861/Z (CKBD0)     0.0411      0.4860 f    (626.11,149.48)
  u_impl/u_core/g_row_1__g_col_9__u_pe/u_r_black/U11/Z (AO222D0)                 0.0750      0.5611 f    (622.75,151.41)
  u_impl/u_core/g_row_1__g_col_9__u_pe/u_r_black/q_reg_5_/D (DFCNQD1)            0.0000      0.5611 f    (622.75,149.62)
  data arrival time                                                                          0.5611

  clock core_clk (rise edge)                                                     0.0000      0.0000
  clock network delay (propagated)                                               0.3230      0.3230
  u_impl/u_core/g_row_1__g_col_9__u_pe/u_r_black/q_reg_5_/CP (DFCNQD1)           0.0000      0.3230 r    (621.72,149.50)
  clock uncertainty                                                              0.2000      0.5230
  library hold time                                                              0.0395      0.5625
  data required time                                                                         0.5625
  ----------------------------------------------------------------------------------------------------------------------------
  data required time                                                                         0.5625
  data arrival time                                                                         -0.5611
  ----------------------------------------------------------------------------------------------------------------------------
  slack (VIOLATED)                                                                          -0.0015



  Startpoint: u_impl/black_shadow_reg_124__10_ (rising edge-triggered flip-flop clocked by core_clk)
  Endpoint: u_impl/u_core/g_row_12__g_col_4__u_pe/u_r_black/q_reg_10_ (rising edge-triggered flip-flop clocked by core_clk)
  Mode: FUNC
  Corner: BC
  Scenario: FUNC_BC
  Path Group: core_clk
  Path Type: min

  Point                                                                           Incr        Path           Location
  ----------------------------------------------------------------------------------------------------------------------------
  clock core_clk (rise edge)                                                     0.0000      0.0000
  clock network delay (propagated)                                               0.3713      0.3713

  u_impl/black_shadow_reg_124__10_/CP (DFQD1)                                    0.0000      0.3713 r    (363.32,642.69)
  u_impl/black_shadow_reg_124__10_/Q (DFQD1)                                     0.1413      0.5126 f    (366.87,642.70)
  u_impl/u_core/g_row_12__g_col_4__u_pe/u_r_black/U10/Z (AO222D0)                0.0694      0.5820 f    (310.95,642.60)
  u_impl/u_core/g_row_12__g_col_4__u_pe/u_r_black/q_reg_10_/D (DFCNQD1)          0.0000      0.5820 f    (311.35,644.38)
  data arrival time                                                                          0.5820

  clock core_clk (rise edge)                                                     0.0000      0.0000
  clock network delay (propagated)                                               0.3369      0.3369
  u_impl/u_core/g_row_12__g_col_4__u_pe/u_r_black/q_reg_10_/CP (DFCNQD1)         0.0000      0.3369 r    (310.32,644.50)
  clock uncertainty                                                              0.2000      0.5369
  library hold time                                                              0.0466      0.5835
  data required time                                                                         0.5835
  ----------------------------------------------------------------------------------------------------------------------------
  data required time                                                                         0.5835
  data arrival time                                                                         -0.5820
  ----------------------------------------------------------------------------------------------------------------------------
  slack (VIOLATED)                                                                          -0.0015



  Startpoint: u_impl/black_shadow_reg_77__5_ (rising edge-triggered flip-flop clocked by core_clk)
  Endpoint: u_impl/u_core/g_row_7__g_col_7__u_pe/u_r_black/q_reg_5_ (rising edge-triggered flip-flop clocked by core_clk)
  Mode: FUNC
  Corner: BC
  Scenario: FUNC_BC
  Path Group: core_clk
  Path Type: min

  Point                                                                           Incr        Path           Location
  ----------------------------------------------------------------------------------------------------------------------------
  clock core_clk (rise edge)                                                     0.0000      0.0000
  clock network delay (propagated)                                               0.3306      0.3306

  u_impl/black_shadow_reg_77__5_/CP (DFQD1)                                      0.0000      0.3306 r    (302.52,318.69)
  u_impl/black_shadow_reg_77__5_/Q (DFQD1)                                       0.1573      0.4879 f    (306.07,318.69)
  u_impl/u_core/g_row_7__g_col_7__u_pe/u_r_black/U12/Z (AO222D0)                 0.0802      0.5681 f    (246.55,311.40)
  u_impl/u_core/g_row_7__g_col_7__u_pe/u_r_black/q_reg_5_/D (DFCNQD1)            0.0000      0.5681 f    (241.75,311.62)
  data arrival time                                                                          0.5681

  clock core_clk (rise edge)                                                     0.0000      0.0000
  clock network delay (propagated)                                               0.3364      0.3364
  u_impl/u_core/g_row_7__g_col_7__u_pe/u_r_black/q_reg_5_/CP (DFCNQD1)           0.0000      0.3364 r    (240.72,311.50)
  clock uncertainty                                                              0.2000      0.5364
  library hold time                                                              0.0332      0.5696
  data required time                                                                         0.5696
  ----------------------------------------------------------------------------------------------------------------------------
  data required time                                                                         0.5696
  data arrival time                                                                         -0.5681
  ----------------------------------------------------------------------------------------------------------------------------
  slack (VIOLATED)                                                                          -0.0015



  Startpoint: u_impl/u_core/g_row_15__g_col_3__u_pe/u_sol/u_black_q_reg_14_ (rising edge-triggered flip-flop clocked by core_clk)
  Endpoint: u_impl/u_core/g_row_15__g_col_3__u_pe/u_sol/u_black_q_reg_13_ (rising edge-triggered flip-flop clocked by core_clk)
  Mode: FUNC
  Corner: BC
  Scenario: FUNC_BC
  Path Group: core_clk
  Path Type: min

  Point                                                                           Incr        Path           Location
  ----------------------------------------------------------------------------------------------------------------------------
  clock core_clk (rise edge)                                                     0.0000      0.0000
  clock network delay (propagated)                                               0.3267      0.3267

  u_impl/u_core/g_row_15__g_col_3__u_pe/u_sol/u_black_q_reg_14_/CP (DFCNQD1)     0.0000      0.3267 r    (225.32,829.90)
  u_impl/u_core/g_row_15__g_col_3__u_pe/u_sol/u_black_q_reg_14_/Q (DFCNQD1)      0.1152      0.4419 f    (229.49,829.89)
  u_impl/u_core/g_row_15__g_col_3__u_pe/u_sol/U42/ZN (CKND0)                     0.0294      0.4713 r    (227.15,828.12)
  u_impl/u_core/g_row_15__g_col_3__u_pe/u_sol/copt_h_inst_32635/Z (DEL005)       0.0500      0.5212 r    (226.36,833.48)
  u_impl/u_core/g_row_15__g_col_3__u_pe/u_sol/U44/ZN (OAI222D0)                  0.0370      0.5583 f    (226.51,826.41)
  u_impl/u_core/g_row_15__g_col_3__u_pe/u_sol/u_black_q_reg_13_/D (DFCNQD1)      0.0000      0.5583 f    (230.75,830.03)
  data arrival time                                                                          0.5583

  clock core_clk (rise edge)                                                     0.0000      0.0000
  clock network delay (propagated)                                               0.3303      0.3303
  u_impl/u_core/g_row_15__g_col_3__u_pe/u_sol/u_black_q_reg_13_/CP (DFCNQD1)     0.0000      0.3303 r    (229.72,829.90)
  clock uncertainty                                                              0.2000      0.5303
  library hold time                                                              0.0295      0.5597
  data required time                                                                         0.5598
  ----------------------------------------------------------------------------------------------------------------------------
  data required time                                                                         0.5598
  data arrival time                                                                         -0.5583
  ----------------------------------------------------------------------------------------------------------------------------
  slack (VIOLATED)                                                                          -0.0015



  Startpoint: u_impl/u_core/g_row_10__g_col_6__u_pe/u_sol/u_black_q_reg_8_ (rising edge-triggered flip-flop clocked by core_clk)
  Endpoint: u_impl/u_core/g_row_10__g_col_6__u_pe/u_sol/u_black_q_reg_7_ (rising edge-triggered flip-flop clocked by core_clk)
  Mode: FUNC
  Corner: BC
  Scenario: FUNC_BC
  Path Group: core_clk
  Path Type: min

  Point                                                                           Incr        Path           Location
  ----------------------------------------------------------------------------------------------------------------------------
  clock core_clk (rise edge)                                                     0.0000      0.0000
  clock network delay (propagated)                                               0.3227      0.3227

  u_impl/u_core/g_row_10__g_col_6__u_pe/u_sol/u_black_q_reg_8_/CP (DFCNQD1)      0.0000      0.3227 r    (40.72,644.50)
  u_impl/u_core/g_row_10__g_col_6__u_pe/u_sol/u_black_q_reg_8_/Q (DFCNQD1)       0.1199      0.4427 f    (44.89,644.51)
  u_impl/u_core/g_row_10__g_col_6__u_pe/u_sol/U89/ZN (CKND0)                     0.0259      0.4685 r    (43.55,646.28)
  u_impl/u_core/g_row_10__g_col_6__u_pe/u_sol/copt_h_inst_35182/Z (CKBD0)        0.0496      0.5181 r    (35.29,644.52)
  u_impl/u_core/g_row_10__g_col_6__u_pe/u_sol/U92/ZN (OAI222D0)                  0.0391      0.5573 f    (36.29,640.79)
  u_impl/u_core/g_row_10__g_col_6__u_pe/u_sol/u_black_q_reg_7_/D (DFCNQD1)       0.0000      0.5573 f    (40.15,642.83)
  data arrival time                                                                          0.5573

  clock core_clk (rise edge)                                                     0.0000      0.0000
  clock network delay (propagated)                                               0.3267      0.3267
  u_impl/u_core/g_row_10__g_col_6__u_pe/u_sol/u_black_q_reg_7_/CP (DFCNQD1)      0.0000      0.3267 r    (39.12,642.70)
  clock uncertainty                                                              0.2000      0.5267
  library hold time                                                              0.0320      0.5587
  data required time                                                                         0.5587
  ----------------------------------------------------------------------------------------------------------------------------
  data required time                                                                         0.5587
  data arrival time                                                                         -0.5573
  ----------------------------------------------------------------------------------------------------------------------------
  slack (VIOLATED)                                                                          -0.0014



  Startpoint: u_impl/u_core/g_row_4__g_col_9__u_pe/u_sol/u_red_q_reg_0_ (rising edge-triggered flip-flop clocked by core_clk)
  Endpoint: u_impl/u_core/g_row_4__g_col_9__u_pe/u_sol/u_red_q_reg_0_ (rising edge-triggered flip-flop clocked by core_clk)
  Mode: FUNC
  Corner: BC
  Scenario: FUNC_BC
  Path Group: core_clk
  Path Type: min

  Point                                                                           Incr        Path           Location
  ----------------------------------------------------------------------------------------------------------------------------
  clock core_clk (rise edge)                                                     0.0000      0.0000
  clock network delay (propagated)                                               0.3129      0.3129

  u_impl/u_core/g_row_4__g_col_9__u_pe/u_sol/u_red_q_reg_0_/CP (DFCNQD1)         0.0000      0.3129 r    (304.32,30.70)
  u_impl/u_core/g_row_4__g_col_9__u_pe/u_sol/u_red_q_reg_0_/Q (DFCNQD1)          0.1197      0.4326 f    (308.49,30.69)
  u_impl/u_core/g_row_4__g_col_9__u_pe/u_sol/U68/ZN (CKND0)                      0.0595      0.4921 r    (306.15,32.52)
  u_impl/u_core/g_row_4__g_col_9__u_pe/u_sol/U72/ZN (OAI222D0)                   0.0547      0.5468 f    (304.91,28.79)
  u_impl/u_core/g_row_4__g_col_9__u_pe/u_sol/u_red_q_reg_0_/D (DFCNQD1)          0.0000      0.5468 f    (305.35,30.83)
  data arrival time                                                                          0.5468

  clock core_clk (rise edge)                                                     0.0000      0.0000
  clock network delay (propagated)                                               0.3179      0.3179
  u_impl/u_core/g_row_4__g_col_9__u_pe/u_sol/u_red_q_reg_0_/CP (DFCNQD1)         0.0000      0.3179 r    (304.32,30.70)
  clock uncertainty                                                              0.2000      0.5179
  library hold time                                                              0.0303      0.5483
  data required time                                                                         0.5483
  ----------------------------------------------------------------------------------------------------------------------------
  data required time                                                                         0.5483
  data arrival time                                                                         -0.5468
  ----------------------------------------------------------------------------------------------------------------------------
  slack (VIOLATED)                                                                          -0.0014



  Startpoint: u_impl/black_shadow_reg_16__5_ (rising edge-triggered flip-flop clocked by core_clk)
  Endpoint: u_impl/black_shadow_reg_16__5_ (rising edge-triggered flip-flop clocked by core_clk)
  Mode: FUNC
  Corner: BC
  Scenario: FUNC_BC
  Path Group: core_clk
  Path Type: min

  Point                                                                           Incr        Path           Location
  ----------------------------------------------------------------------------------------------------------------------------
  clock core_clk (rise edge)                                                     0.0000      0.0000
  clock network delay (propagated)                                               0.3111      0.3111

  u_impl/black_shadow_reg_16__5_/CP (DFQD1)                                      0.0000      0.3111 r    (669.92,189.09)
  u_impl/black_shadow_reg_16__5_/Q (DFQD1)                                       0.1447      0.4558 f    (673.47,189.09)
  u_impl/copt_h_inst_32165/Z (CKBD0)                                             0.0411      0.4969 f    (669.71,190.92)
  u_impl/U1237/ZN (IAO22D0)                                                      0.0482      0.5452 f    (668.55,190.89)
  u_impl/black_shadow_reg_16__5_/D (DFQD1)                                       0.0000      0.5452 f    (670.96,189.12)
  data arrival time                                                                          0.5452

  clock core_clk (rise edge)                                                     0.0000      0.0000
  clock network delay (propagated)                                               0.3151      0.3151
  u_impl/black_shadow_reg_16__5_/CP (DFQD1)                                      0.0000      0.3151 r    (669.92,189.09)
  clock uncertainty                                                              0.2000      0.5151
  library hold time                                                              0.0315      0.5466
  data required time                                                                         0.5466
  ----------------------------------------------------------------------------------------------------------------------------
  data required time                                                                         0.5466
  data arrival time                                                                         -0.5452
  ----------------------------------------------------------------------------------------------------------------------------
  slack (VIOLATED)                                                                          -0.0014



  Startpoint: u_impl/black_shadow_reg_46__10_ (rising edge-triggered flip-flop clocked by core_clk)
  Endpoint: u_impl/u_core/g_row_4__g_col_6__u_pe/u_r_black/q_reg_10_ (rising edge-triggered flip-flop clocked by core_clk)
  Mode: FUNC
  Corner: BC
  Scenario: FUNC_BC
  Path Group: core_clk
  Path Type: min

  Point                                                                           Incr        Path           Location
  ----------------------------------------------------------------------------------------------------------------------------
  clock core_clk (rise edge)                                                     0.0000      0.0000
  clock network delay (propagated)                                               0.2330      0.2330

  u_impl/black_shadow_reg_46__10_/CP (DFQD1)                                     0.0000      0.2330 r    (332.12,180.11)
  u_impl/black_shadow_reg_46__10_/Q (DFQD1)                                      0.1646      0.3977 f    (335.67,180.11)
  u_impl/u_core/g_row_4__g_col_6__u_pe/u_r_black/U16/Z (AO222D0)                 0.0858      0.4835 f    (410.65,178.20)
  u_impl/u_core/g_row_4__g_col_6__u_pe/u_r_black/copt_h_inst_47862/Z (DEL005)    0.0581      0.5416 f    (409.56,183.72)
  u_impl/u_core/g_row_4__g_col_6__u_pe/u_r_black/q_reg_10_/D (DFCNQD1)           0.0000      0.5417 f    (409.15,172.78)
  data arrival time                                                                          0.5417

  clock core_clk (rise edge)                                                     0.0000      0.0000
  clock network delay (propagated)                                               0.3010      0.3010
  u_impl/u_core/g_row_4__g_col_6__u_pe/u_r_black/q_reg_10_/CP (DFCNQD1)          0.0000      0.3010 r    (408.12,172.90)
  clock uncertainty                                                              0.2000      0.5010
  library hold time                                                              0.0420      0.5430
  data required time                                                                         0.5430
  ----------------------------------------------------------------------------------------------------------------------------
  data required time                                                                         0.5430
  data arrival time                                                                         -0.5417
  ----------------------------------------------------------------------------------------------------------------------------
  slack (VIOLATED)                                                                          -0.0014



  Startpoint: u_impl/u_core/g_row_3__g_col_6__u_pe/u_sol/u_black_q_reg_5_ (rising edge-triggered flip-flop clocked by core_clk)
  Endpoint: u_impl/u_core/g_row_3__g_col_6__u_pe/u_sol/u_black_q_reg_4_ (rising edge-triggered flip-flop clocked by core_clk)
  Mode: FUNC
  Corner: BC
  Scenario: FUNC_BC
  Path Group: core_clk
  Path Type: min

  Point                                                                           Incr        Path           Location
  ----------------------------------------------------------------------------------------------------------------------------
  clock core_clk (rise edge)                                                     0.0000      0.0000
  clock network delay (propagated)                                               0.2959      0.2959

  u_impl/u_core/g_row_3__g_col_6__u_pe/u_sol/u_black_q_reg_5_/CP (DFCNQD1)       0.0000      0.2959 r    (663.32,36.10)
  u_impl/u_core/g_row_3__g_col_6__u_pe/u_sol/u_black_q_reg_5_/Q (DFCNQD1)        0.1278      0.4237 f    (667.49,36.11)
  u_impl/u_core/g_row_3__g_col_6__u_pe/u_sol/copt_h_inst_41295/Z (DEL005)        0.0468      0.4705 f    (665.16,43.32)
  u_impl/u_core/g_row_3__g_col_6__u_pe/u_sol/U58/ZN (CKND0)                      0.0278      0.4983 r    (664.55,43.32)
  u_impl/u_core/g_row_3__g_col_6__u_pe/u_sol/U61/ZN (OAI222D0)                   0.0498      0.5481 f    (663.49,43.19)
  u_impl/u_core/g_row_3__g_col_6__u_pe/u_sol/u_black_q_reg_4_/D (DFCNQD1)        0.0000      0.5481 f    (651.55,43.18)
  data arrival time                                                                          0.5481

  clock core_clk (rise edge)                                                     0.0000      0.0000
  clock network delay (propagated)                                               0.3143      0.3143
  u_impl/u_core/g_row_3__g_col_6__u_pe/u_sol/u_black_q_reg_4_/CP (DFCNQD1)       0.0000      0.3143 r    (650.52,43.30)
  clock uncertainty                                                              0.2000      0.5143
  library hold time                                                              0.0352      0.5495
  data required time                                                                         0.5495
  ----------------------------------------------------------------------------------------------------------------------------
  data required time                                                                         0.5495
  data arrival time                                                                         -0.5481
  ----------------------------------------------------------------------------------------------------------------------------
  slack (VIOLATED)                                                                          -0.0014



  Startpoint: u_impl/red_shadow_reg_137__0_ (rising edge-triggered flip-flop clocked by core_clk)
  Endpoint: u_impl/u_core/g_row_13__g_col_7__u_pe/u_r_red/q_reg_0_ (rising edge-triggered flip-flop clocked by core_clk)
  Mode: FUNC
  Corner: BC
  Scenario: FUNC_BC
  Path Group: core_clk
  Path Type: min

  Point                                                                           Incr        Path           Location
  ----------------------------------------------------------------------------------------------------------------------------
  clock core_clk (rise edge)                                                     0.0000      0.0000
  clock network delay (propagated)                                               0.2410      0.2410

  u_impl/red_shadow_reg_137__0_/CP (DFQD2)                                       0.0000      0.2410 r    (459.52,543.71)
  u_impl/red_shadow_reg_137__0_/Q (DFQD2)                                        0.1963      0.4373 f    (463.06,543.71)
  u_impl/u_core/g_row_13__g_col_7__u_pe/u_r_red/U19/Z (AO222D0)                  0.1124      0.5497 f    (550.45,729.00)
  u_impl/u_core/g_row_13__g_col_7__u_pe/u_r_red/q_reg_0_/D (DFCNQD1)             0.0000      0.5497 f    (549.15,732.83)
  data arrival time                                                                          0.5497

  clock core_clk (rise edge)                                                     0.0000      0.0000
  clock network delay (propagated)                                               0.3188      0.3188
  u_impl/u_core/g_row_13__g_col_7__u_pe/u_r_red/q_reg_0_/CP (DFCNQD1)            0.0000      0.3188 r    (548.12,732.70)
  clock uncertainty                                                              0.2000      0.5188
  library hold time                                                              0.0322      0.5511
  data required time                                                                         0.5511
  ----------------------------------------------------------------------------------------------------------------------------
  data required time                                                                         0.5511
  data arrival time                                                                         -0.5497
  ----------------------------------------------------------------------------------------------------------------------------
  slack (VIOLATED)                                                                          -0.0014



  Startpoint: u_impl/u_core/g_row_14__g_col_5__u_pe/u_sol/u_red_q_reg_10_ (rising edge-triggered flip-flop clocked by core_clk)
  Endpoint: u_impl/u_core/g_row_14__g_col_5__u_pe/u_sol/u_red_q_reg_9_ (rising edge-triggered flip-flop clocked by core_clk)
  Mode: FUNC
  Corner: BC
  Scenario: FUNC_BC
  Path Group: core_clk
  Path Type: min

  Point                                                                           Incr        Path           Location
  ----------------------------------------------------------------------------------------------------------------------------
  clock core_clk (rise edge)                                                     0.0000      0.0000
  clock network delay (propagated)                                               0.3309      0.3309

  u_impl/u_core/g_row_14__g_col_5__u_pe/u_sol/u_red_q_reg_10_/CP (DFCNQD1)       0.0000      0.3309 r    (361.92,864.10)
  u_impl/u_core/g_row_14__g_col_5__u_pe/u_sol/u_red_q_reg_10_/Q (DFCNQD1)        0.1166      0.4475 f    (366.09,864.11)
  u_impl/u_core/g_row_14__g_col_5__u_pe/u_sol/copt_h_inst_45436/Z (CKBD0)        0.0334      0.4809 f    (365.51,862.28)
  u_impl/u_core/g_row_14__g_col_5__u_pe/u_sol/U49/ZN (CKND0)                     0.0390      0.5199 r    (362.75,862.28)
  u_impl/u_core/g_row_14__g_col_5__u_pe/u_sol/U52/ZN (OAI222D0)                  0.0455      0.5654 f    (350.91,856.79)
  u_impl/u_core/g_row_14__g_col_5__u_pe/u_sol/u_red_q_reg_9_/D (DFCNQD1)         0.0000      0.5654 f    (353.75,863.98)
  data arrival time                                                                          0.5654

  clock core_clk (rise edge)                                                     0.0000      0.0000
  clock network delay (propagated)                                               0.3358      0.3358
  u_impl/u_core/g_row_14__g_col_5__u_pe/u_sol/u_red_q_reg_9_/CP (DFCNQD1)        0.0000      0.3358 r    (352.72,864.10)
  clock uncertainty                                                              0.2000      0.5358
  library hold time                                                              0.0309      0.5667
  data required time                                                                         0.5667
  ----------------------------------------------------------------------------------------------------------------------------
  data required time                                                                         0.5667
  data arrival time                                                                         -0.5654
  ----------------------------------------------------------------------------------------------------------------------------
  slack (VIOLATED)                                                                          -0.0013



  Startpoint: u_impl/black_shadow_reg_20__3_ (rising edge-triggered flip-flop clocked by core_clk)
  Endpoint: u_impl/u_core/g_row_2__g_col_0__u_pe/u_r_black/q_reg_3_ (rising edge-triggered flip-flop clocked by core_clk)
  Mode: FUNC
  Corner: BC
  Scenario: FUNC_BC
  Path Group: core_clk
  Path Type: min

  Point                                                                           Incr        Path           Location
  ----------------------------------------------------------------------------------------------------------------------------
  clock core_clk (rise edge)                                                     0.0000      0.0000
  clock network delay (propagated)                                               0.2802      0.2802

  u_impl/black_shadow_reg_20__3_/CP (DFQD1)                                      0.0000      0.2802 r    (379.32,241.31)
  u_impl/black_shadow_reg_20__3_/Q (DFQD1)                                       0.1641      0.4443 f    (382.87,241.31)
  u_impl/u_core/g_row_2__g_col_0__u_pe/u_r_black/U10/Z (AO222D0)                 0.1004      0.5446 f    (358.45,181.80)
  u_impl/u_core/g_row_2__g_col_0__u_pe/u_r_black/q_reg_3_/D (DFCNQD1)            0.0000      0.5446 f    (356.75,183.58)
  data arrival time                                                                          0.5446

  clock core_clk (rise edge)                                                     0.0000      0.0000
  clock network delay (propagated)                                               0.3151      0.3151
  u_impl/u_core/g_row_2__g_col_0__u_pe/u_r_black/q_reg_3_/CP (DFCNQD1)           0.0000      0.3151 r    (355.72,183.70)
  clock uncertainty                                                              0.2000      0.5151
  library hold time                                                              0.0309      0.5460
  data required time                                                                         0.5460
  ----------------------------------------------------------------------------------------------------------------------------
  data required time                                                                         0.5460
  data arrival time                                                                         -0.5446
  ----------------------------------------------------------------------------------------------------------------------------
  slack (VIOLATED)                                                                          -0.0013



  Startpoint: u_impl/red_shadow_reg_163__10_ (rising edge-triggered flip-flop clocked by core_clk)
  Endpoint: u_impl/u_core/g_row_16__g_col_3__u_pe/u_r_red/q_reg_10_ (rising edge-triggered flip-flop clocked by core_clk)
  Mode: FUNC
  Corner: BC
  Scenario: FUNC_BC
  Path Group: core_clk
  Path Type: min

  Point                                                                           Incr        Path           Location
  ----------------------------------------------------------------------------------------------------------------------------
  clock core_clk (rise edge)                                                     0.0000      0.0000
  clock network delay (propagated)                                               0.2729      0.2729

  u_impl/red_shadow_reg_163__10_/CP (DFQD1)                                      0.0000      0.2729 r    (412.52,658.91)
  u_impl/red_shadow_reg_163__10_/Q (DFQD1)                                       0.1955      0.4684 f    (416.07,658.91)
  u_impl/u_core/g_row_16__g_col_3__u_pe/u_r_red/U15/Z (AO222D0)                  0.0943      0.5627 f    (431.85,763.41)
  u_impl/u_core/g_row_16__g_col_3__u_pe/u_r_red/q_reg_10_/D (DFCNQD1)            0.0000      0.5627 f    (430.95,768.83)
  data arrival time                                                                          0.5627

  clock core_clk (rise edge)                                                     0.0000      0.0000
  clock network delay (propagated)                                               0.3312      0.3312
  u_impl/u_core/g_row_16__g_col_3__u_pe/u_r_red/q_reg_10_/CP (DFCNQD1)           0.0000      0.3312 r    (429.92,768.70)
  clock uncertainty                                                              0.2000      0.5312
  library hold time                                                              0.0328      0.5640
  data required time                                                                         0.5640
  ----------------------------------------------------------------------------------------------------------------------------
  data required time                                                                         0.5640
  data arrival time                                                                         -0.5627
  ----------------------------------------------------------------------------------------------------------------------------
  slack (VIOLATED)                                                                          -0.0013



  Startpoint: u_impl/red_shadow_reg_125__9_ (rising edge-triggered flip-flop clocked by core_clk)
  Endpoint: u_impl/u_core/g_row_12__g_col_5__u_pe/u_r_red/q_reg_9_ (rising edge-triggered flip-flop clocked by core_clk)
  Mode: FUNC
  Corner: BC
  Scenario: FUNC_BC
  Path Group: core_clk
  Path Type: min

  Point                                                                           Incr        Path           Location
  ----------------------------------------------------------------------------------------------------------------------------
  clock core_clk (rise edge)                                                     0.0000      0.0000
  clock network delay (propagated)                                               0.3378      0.3378

  u_impl/red_shadow_reg_125__9_/CP (DFQD2)                                       0.0000      0.3378 r    (497.92,624.69)
  u_impl/red_shadow_reg_125__9_/Q (DFQD2)                                        0.1590      0.4968 f    (501.46,624.70)
  u_impl/u_core/g_row_12__g_col_5__u_pe/u_r_red/U11/Z (AO222D0)                  0.0846      0.5814 f    (300.15,648.21)
  u_impl/u_core/g_row_12__g_col_5__u_pe/u_r_red/q_reg_9_/D (DFCNQD1)             0.0000      0.5814 f    (295.95,646.43)
  data arrival time                                                                          0.5814

  clock core_clk (rise edge)                                                     0.0000      0.0000
  clock network delay (propagated)                                               0.3369      0.3369
  u_impl/u_core/g_row_12__g_col_5__u_pe/u_r_red/q_reg_9_/CP (DFCNQD1)            0.0000      0.3369 r    (294.92,646.30)
  clock uncertainty                                                              0.2000      0.5369
  library hold time                                                              0.0458      0.5827
  data required time                                                                         0.5827
  ----------------------------------------------------------------------------------------------------------------------------
  data required time                                                                         0.5827
  data arrival time                                                                         -0.5814
  ----------------------------------------------------------------------------------------------------------------------------
  slack (VIOLATED)                                                                          -0.0013



  Startpoint: u_impl/u_core/g_row_11__g_col_6__u_pe/u_r_red/q_reg_15_ (rising edge-triggered flip-flop clocked by core_clk)
  Endpoint: u_impl/u_core/g_row_11__g_col_6__u_pe/u_r_red/q_reg_14_ (rising edge-triggered flip-flop clocked by core_clk)
  Mode: FUNC
  Corner: BC
  Scenario: FUNC_BC
  Path Group: core_clk
  Path Type: min

  Point                                                                           Incr        Path           Location
  ----------------------------------------------------------------------------------------------------------------------------
  clock core_clk (rise edge)                                                     0.0000      0.0000
  clock network delay (propagated)                                               0.3303      0.3303

  u_impl/u_core/g_row_11__g_col_6__u_pe/u_r_red/q_reg_15_/CP (DFCNQD1)           0.0000      0.3303 r    (217.52,655.30)
  u_impl/u_core/g_row_11__g_col_6__u_pe/u_r_red/q_reg_15_/Q (DFCNQD1)            0.1211      0.4514 f    (221.69,655.31)
  u_impl/u_core/g_row_11__g_col_6__u_pe/u_r_red/copt_h_inst_41016/Z (CKBD0)      0.0471      0.4986 f    (219.71,657.08)
  u_impl/u_core/g_row_11__g_col_6__u_pe/u_r_red/U24/ZN (OAI221D0)                0.0410      0.5396 r    (220.79,651.59)
  u_impl/u_core/g_row_11__g_col_6__u_pe/u_r_red/U25/ZN (CKND2D0)                 0.0278      0.5674 f    (218.85,651.72)
  u_impl/u_core/g_row_11__g_col_6__u_pe/u_r_red/q_reg_14_/D (DFCNQD1)            0.0000      0.5674 f    (218.75,653.62)
  data arrival time                                                                          0.5674

  clock core_clk (rise edge)                                                     0.0000      0.0000
  clock network delay (propagated)                                               0.3343      0.3343
  u_impl/u_core/g_row_11__g_col_6__u_pe/u_r_red/q_reg_14_/CP (DFCNQD1)           0.0000      0.3343 r    (217.72,653.50)
  clock uncertainty                                                              0.2000      0.5343
  library hold time                                                              0.0343      0.5687
  data required time                                                                         0.5687
  ----------------------------------------------------------------------------------------------------------------------------
  data required time                                                                         0.5687
  data arrival time                                                                         -0.5674
  ----------------------------------------------------------------------------------------------------------------------------
  slack (VIOLATED)                                                                          -0.0013



  Startpoint: u_impl/u_core/g_row_19__g_col_1__u_pe/u_r_black/q_reg_7_ (rising edge-triggered flip-flop clocked by core_clk)
  Endpoint: u_impl/u_core/g_row_19__g_col_1__u_pe/u_r_black/q_reg_6_ (rising edge-triggered flip-flop clocked by core_clk)
  Mode: FUNC
  Corner: BC
  Scenario: FUNC_BC
  Path Group: core_clk
  Path Type: min

  Point                                                                           Incr        Path           Location
  ----------------------------------------------------------------------------------------------------------------------------
  clock core_clk (rise edge)                                                     0.0000      0.0000
  clock network delay (propagated)                                               0.3465      0.3465

  u_impl/u_core/g_row_19__g_col_1__u_pe/u_r_black/q_reg_7_/CP (DFCNQD1)          0.0000      0.3465 r    (745.32,482.50)
  u_impl/u_core/g_row_19__g_col_1__u_pe/u_r_black/q_reg_7_/Q (DFCNQD1)           0.1205      0.4671 f    (749.49,482.51)
  u_impl/u_core/g_row_19__g_col_1__u_pe/u_r_black/copt_h_inst_40013/Z (CKBD0)    0.0348      0.5019 f    (747.89,480.68)
  u_impl/u_core/g_row_19__g_col_1__u_pe/u_r_black/U12/Z (AO222D0)                0.0783      0.5802 f    (745.55,479.00)
  u_impl/u_core/g_row_19__g_col_1__u_pe/u_r_black/q_reg_6_/D (DFCNQD1)           0.0000      0.5802 f    (744.35,477.23)
  data arrival time                                                                          0.5802

  clock core_clk (rise edge)                                                     0.0000      0.0000
  clock network delay (propagated)                                               0.3510      0.3510
  u_impl/u_core/g_row_19__g_col_1__u_pe/u_r_black/q_reg_6_/CP (DFCNQD1)          0.0000      0.3510 r    (743.32,477.10)
  clock uncertainty                                                              0.2000      0.5510
  library hold time                                                              0.0304      0.5815
  data required time                                                                         0.5815
  ----------------------------------------------------------------------------------------------------------------------------
  data required time                                                                         0.5815
  data arrival time                                                                         -0.5802
  ----------------------------------------------------------------------------------------------------------------------------
  slack (VIOLATED)                                                                          -0.0012



  Startpoint: u_impl/u_core/g_row_3__g_col_3__u_pe/u_r_black/q_reg_8_ (rising edge-triggered flip-flop clocked by core_clk)
  Endpoint: u_impl/u_core/g_row_3__g_col_3__u_pe/u_r_black/q_reg_7_ (rising edge-triggered flip-flop clocked by core_clk)
  Mode: FUNC
  Corner: BC
  Scenario: FUNC_BC
  Path Group: core_clk
  Path Type: min

  Point                                                                           Incr        Path           Location
  ----------------------------------------------------------------------------------------------------------------------------
  clock core_clk (rise edge)                                                     0.0000      0.0000
  clock network delay (propagated)                                               0.3141      0.3141

  u_impl/u_core/g_row_3__g_col_3__u_pe/u_r_black/q_reg_8_/CP (DFCNQD1)           0.0000      0.3141 r    (606.32,171.10)
  u_impl/u_core/g_row_3__g_col_3__u_pe/u_r_black/q_reg_8_/Q (DFCNQD1)            0.1479      0.4620 f    (610.49,171.09)
  u_impl/u_core/g_row_3__g_col_3__u_pe/u_r_black/copt_h_inst_42348/Z (CKBD0)     0.0506      0.5126 f    (609.91,174.68)
  u_impl/u_core/g_row_3__g_col_3__u_pe/u_r_black/U8/Z (AO222D0)                  0.0646      0.5772 f    (603.55,173.00)
  u_impl/u_core/g_row_3__g_col_3__u_pe/u_r_black/q_reg_7_/D (DFCNQD1)            0.0000      0.5772 f    (606.55,167.62)
  data arrival time                                                                          0.5772

  clock core_clk (rise edge)                                                     0.0000      0.0000
  clock network delay (propagated)                                               0.3383      0.3383
  u_impl/u_core/g_row_3__g_col_3__u_pe/u_r_black/q_reg_7_/CP (DFCNQD1)           0.0000      0.3383 r    (605.52,167.50)
  clock uncertainty                                                              0.2000      0.5383
  library hold time                                                              0.0402      0.5784
  data required time                                                                         0.5785
  ----------------------------------------------------------------------------------------------------------------------------
  data required time                                                                         0.5785
  data arrival time                                                                         -0.5772
  ----------------------------------------------------------------------------------------------------------------------------
  slack (VIOLATED)                                                                          -0.0012



  Startpoint: u_impl/u_core/g_row_7__g_col_4__u_pe/u_r_red/q_reg_13_ (rising edge-triggered flip-flop clocked by core_clk)
  Endpoint: u_impl/u_core/g_row_7__g_col_4__u_pe/u_r_red/q_reg_13_ (rising edge-triggered flip-flop clocked by core_clk)
  Mode: FUNC
  Corner: BC
  Scenario: FUNC_BC
  Path Group: core_clk
  Path Type: min

  Point                                                                           Incr        Path           Location
  ----------------------------------------------------------------------------------------------------------------------------
  clock core_clk (rise edge)                                                     0.0000      0.0000
  clock network delay (propagated)                                               0.2367      0.2367

  u_impl/u_core/g_row_7__g_col_4__u_pe/u_r_red/q_reg_13_/CP (DFCNQD1)            0.0000      0.2367 r    (196.12,324.10)
  u_impl/u_core/g_row_7__g_col_4__u_pe/u_r_red/q_reg_13_/Q (DFCNQD1)             0.1273      0.3639 f    (200.28,324.11)
  u_impl/u_core/g_row_7__g_col_4__u_pe/u_r_red/copt_h_inst_44095/Z (CKBD0)       0.0395      0.4035 f    (201.09,324.12)
  u_impl/u_core/g_row_7__g_col_4__u_pe/u_r_red/U5/ZN (AOI22D0)                   0.0479      0.4514 r    (202.10,324.19)
  u_impl/u_core/g_row_7__g_col_4__u_pe/u_r_red/U22/ZN (CKND2D0)                  0.0296      0.4810 f    (197.55,325.88)
  u_impl/u_core/g_row_7__g_col_4__u_pe/u_r_red/q_reg_13_/D (DFCNQD1)             0.0000      0.4810 f    (197.15,323.98)
  data arrival time                                                                          0.4810

  clock core_clk (rise edge)                                                     0.0000      0.0000
  clock network delay (propagated)                                               0.2407      0.2407
  u_impl/u_core/g_row_7__g_col_4__u_pe/u_r_red/q_reg_13_/CP (DFCNQD1)            0.0000      0.2407 r    (196.12,324.10)
  clock uncertainty                                                              0.2000      0.4407
  library hold time                                                              0.0415      0.4822
  data required time                                                                         0.4822
  ----------------------------------------------------------------------------------------------------------------------------
  data required time                                                                         0.4822
  data arrival time                                                                         -0.4810
  ----------------------------------------------------------------------------------------------------------------------------
  slack (VIOLATED)                                                                          -0.0012



  Startpoint: u_impl/u_core/g_row_10__g_col_2__u_pe/u_sol/u_black_q_reg_5_ (rising edge-triggered flip-flop clocked by core_clk)
  Endpoint: u_impl/u_core/g_row_10__g_col_2__u_pe/u_sol/u_black_q_reg_5_ (rising edge-triggered flip-flop clocked by core_clk)
  Mode: FUNC
  Corner: BC
  Scenario: FUNC_BC
  Path Group: core_clk
  Path Type: min

  Point                                                                           Incr        Path           Location
  ----------------------------------------------------------------------------------------------------------------------------
  clock core_clk (rise edge)                                                     0.0000      0.0000
  clock network delay (propagated)                                               0.3359      0.3359

  u_impl/u_core/g_row_10__g_col_2__u_pe/u_sol/u_black_q_reg_5_/CP (DFCNQD1)      0.0000      0.3359 r    (50.12,612.10)
  u_impl/u_core/g_row_10__g_col_2__u_pe/u_sol/u_black_q_reg_5_/Q (DFCNQD1)       0.1256      0.4615 f    (54.29,612.11)
  u_impl/u_core/g_row_10__g_col_2__u_pe/u_sol/U95/ZN (CKND0)                     0.0201      0.4815 r    (53.75,617.48)
  u_impl/u_core/g_row_10__g_col_2__u_pe/u_sol/copt_h_inst_35482/Z (CKBD0)        0.0487      0.5302 r    (52.71,619.32)
  u_impl/u_core/g_row_10__g_col_2__u_pe/u_sol/U96/ZN (OAI222D0)                  0.0429      0.5731 f    (51.49,610.41)
  u_impl/u_core/g_row_10__g_col_2__u_pe/u_sol/u_black_q_reg_5_/D (DFCNQD1)       0.0000      0.5731 f    (51.15,611.98)
  data arrival time                                                                          0.5731

  clock core_clk (rise edge)                                                     0.0000      0.0000
  clock network delay (propagated)                                               0.3399      0.3399
  u_impl/u_core/g_row_10__g_col_2__u_pe/u_sol/u_black_q_reg_5_/CP (DFCNQD1)      0.0000      0.3399 r    (50.12,612.10)
  clock uncertainty                                                              0.2000      0.5399
  library hold time                                                              0.0344      0.5743
  data required time                                                                         0.5743
  ----------------------------------------------------------------------------------------------------------------------------
  data required time                                                                         0.5743
  data arrival time                                                                         -0.5731
  ----------------------------------------------------------------------------------------------------------------------------
  slack (VIOLATED)                                                                          -0.0012



  Startpoint: u_impl/u_core/g_row_7__g_col_3__u_pe/u_sol/u_red_q_reg_0_ (rising edge-triggered flip-flop clocked by core_clk)
  Endpoint: u_impl/u_core/g_row_7__g_col_4__u_pe/u_sol/u_black_q_reg_15_ (rising edge-triggered flip-flop clocked by core_clk)
  Mode: FUNC
  Corner: BC
  Scenario: FUNC_BC
  Path Group: core_clk
  Path Type: min

  Point                                                                           Incr        Path           Location
  ----------------------------------------------------------------------------------------------------------------------------
  clock core_clk (rise edge)                                                     0.0000      0.0000
  clock network delay (propagated)                                               0.3313      0.3313

  u_impl/u_core/g_row_7__g_col_3__u_pe/u_sol/u_red_q_reg_0_/CP (DFCNQD1)         0.0000      0.3313 r    (41.72,289.90)
  u_impl/u_core/g_row_7__g_col_3__u_pe/u_sol/u_red_q_reg_0_/Q (DFCNQD1)          0.1162      0.4476 f    (45.89,289.89)
  u_impl/u_core/g_row_7__g_col_3__u_pe/u_sol/U69/ZN (CKND0)                      0.0536      0.5012 r    (42.15,291.72)
  u_impl/u_core/g_row_7__g_col_4__u_pe/u_sol/U41/ZN (OAI222D0)                   0.0623      0.5634 f    (38.11,295.19)
  u_impl/u_core/g_row_7__g_col_4__u_pe/u_sol/u_black_q_reg_15_/D (DFCNQD1)       0.0000      0.5635 f    (41.95,293.62)
  data arrival time                                                                          0.5635

  clock core_clk (rise edge)                                                     0.0000      0.0000
  clock network delay (propagated)                                               0.3354      0.3354
  u_impl/u_core/g_row_7__g_col_4__u_pe/u_sol/u_black_q_reg_15_/CP (DFCNQD1)      0.0000      0.3354 r    (40.92,293.50)
  clock uncertainty                                                              0.2000      0.5354
  library hold time                                                              0.0293      0.5647
  data required time                                                                         0.5647
  ----------------------------------------------------------------------------------------------------------------------------
  data required time                                                                         0.5647
  data arrival time                                                                         -0.5635
  ----------------------------------------------------------------------------------------------------------------------------
  slack (VIOLATED)                                                                          -0.0012



  Startpoint: u_impl/red_shadow_reg_96__15_ (rising edge-triggered flip-flop clocked by core_clk)
  Endpoint: u_impl/u_core/g_row_9__g_col_6__u_pe/u_r_red/q_reg_15_ (rising edge-triggered flip-flop clocked by core_clk)
  Mode: FUNC
  Corner: BC
  Scenario: FUNC_BC
  Path Group: core_clk
  Path Type: min

  Point                                                                           Incr        Path           Location
  ----------------------------------------------------------------------------------------------------------------------------
  clock core_clk (rise edge)                                                     0.0000      0.0000
  clock network delay (propagated)                                               0.2932      0.2932

  u_impl/red_shadow_reg_96__15_/CP (DFQD4)                                       0.0000      0.2932 r    (651.12,518.51)
  u_impl/red_shadow_reg_96__15_/Q (DFQD4)                                        0.1556      0.4488 f    (654.91,518.50)
  u_impl/u_core/g_row_9__g_col_6__u_pe/u_r_red/U29/ZN (AOI22D0)                  0.0786      0.5274 r    (224.70,495.01)
  u_impl/u_core/g_row_9__g_col_6__u_pe/u_r_red/U31/ZN (CKND2D0)                  0.0319      0.5593 f    (219.25,493.32)
  u_impl/u_core/g_row_9__g_col_6__u_pe/u_r_red/q_reg_15_/D (DFCNQD1)             0.0000      0.5593 f    (217.95,491.62)
  data arrival time                                                                          0.5593

  clock core_clk (rise edge)                                                     0.0000      0.0000
  clock network delay (propagated)                                               0.3180      0.3180
  u_impl/u_core/g_row_9__g_col_6__u_pe/u_r_red/q_reg_15_/CP (DFCNQD1)            0.0000      0.3180 r    (216.92,491.50)
  clock uncertainty                                                              0.2000      0.5180
  library hold time                                                              0.0424      0.5605
  data required time                                                                         0.5605
  ----------------------------------------------------------------------------------------------------------------------------
  data required time                                                                         0.5605
  data arrival time                                                                         -0.5593
  ----------------------------------------------------------------------------------------------------------------------------
  slack (VIOLATED)                                                                          -0.0012



  Startpoint: u_impl/u_core/g_row_10__g_col_8__u_pe/u_sol/u_red_q_reg_13_ (rising edge-triggered flip-flop clocked by core_clk)
  Endpoint: u_impl/u_core/g_row_10__g_col_8__u_pe/u_sol/u_red_q_reg_12_ (rising edge-triggered flip-flop clocked by core_clk)
  Mode: FUNC
  Corner: BC
  Scenario: FUNC_BC
  Path Group: core_clk
  Path Type: min

  Point                                                                           Incr        Path           Location
  ----------------------------------------------------------------------------------------------------------------------------
  clock core_clk (rise edge)                                                     0.0000      0.0000
  clock network delay (propagated)                                               0.3240      0.3240

  u_impl/u_core/g_row_10__g_col_8__u_pe/u_sol/u_red_q_reg_13_/CP (DFCNQD1)       0.0000      0.3240 r    (79.72,648.10)
  u_impl/u_core/g_row_10__g_col_8__u_pe/u_sol/u_red_q_reg_13_/Q (DFCNQD1)        0.1195      0.4436 f    (83.89,648.11)
  u_impl/u_core/g_row_10__g_col_8__u_pe/u_sol/U7/ZN (CKND0)                      0.0251      0.4687 r    (84.15,648.12)
  u_impl/u_core/g_row_10__g_col_8__u_pe/u_sol/copt_h_inst_37440/Z (CKBD0)        0.0444      0.5130 r    (79.11,644.52)
  u_impl/u_core/g_row_10__g_col_8__u_pe/u_sol/U46/ZN (OAI222D0)                  0.0435      0.5565 f    (76.51,640.79)
  u_impl/u_core/g_row_10__g_col_8__u_pe/u_sol/u_red_q_reg_12_/D (DFCNQD1)        0.0000      0.5565 f    (76.35,647.98)
  data arrival time                                                                          0.5565

  clock core_clk (rise edge)                                                     0.0000      0.0000
  clock network delay (propagated)                                               0.3259      0.3259
  u_impl/u_core/g_row_10__g_col_8__u_pe/u_sol/u_red_q_reg_12_/CP (DFCNQD1)       0.0000      0.3259 r    (75.32,648.10)
  clock uncertainty                                                              0.2000      0.5259
  library hold time                                                              0.0317      0.5577
  data required time                                                                         0.5577
  ----------------------------------------------------------------------------------------------------------------------------
  data required time                                                                         0.5577
  data arrival time                                                                         -0.5565
  ----------------------------------------------------------------------------------------------------------------------------
  slack (VIOLATED)                                                                          -0.0012



  Startpoint: u_impl/red_shadow_reg_102__8_ (rising edge-triggered flip-flop clocked by core_clk)
  Endpoint: u_impl/red_shadow_reg_102__8_ (rising edge-triggered flip-flop clocked by core_clk)
  Mode: FUNC
  Corner: BC
  Scenario: FUNC_BC
  Path Group: core_clk
  Path Type: min

  Point                                                                           Incr        Path           Location
  ----------------------------------------------------------------------------------------------------------------------------
  clock core_clk (rise edge)                                                     0.0000      0.0000
  clock network delay (propagated)                                               0.3121      0.3121

  u_impl/red_shadow_reg_102__8_/CP (DFQD1)                                       0.0000      0.3121 r    (239.92,550.91)
  u_impl/red_shadow_reg_102__8_/Q (DFQD1)                                        0.1557      0.4678 f    (243.47,550.90)
  u_impl/U13984/ZN (MAOI22D0)                                                    0.0711      0.5389 f    (245.80,551.01)
  u_impl/red_shadow_reg_102__8_/D (DFQD1)                                        0.0000      0.5389 f    (240.96,550.88)
  data arrival time                                                                          0.5389

  clock core_clk (rise edge)                                                     0.0000      0.0000
  clock network delay (propagated)                                               0.3155      0.3155
  u_impl/red_shadow_reg_102__8_/CP (DFQD1)                                       0.0000      0.3155 r    (239.92,550.91)
  clock uncertainty                                                              0.2000      0.5155
  library hold time                                                              0.0246      0.5401
  data required time                                                                         0.5401
  ----------------------------------------------------------------------------------------------------------------------------
  data required time                                                                         0.5401
  data arrival time                                                                         -0.5389
  ----------------------------------------------------------------------------------------------------------------------------
  slack (VIOLATED)                                                                          -0.0012



  Startpoint: u_impl/u_core/g_row_9__g_col_8__u_pe/u_sol/u_red_q_reg_6_ (rising edge-triggered flip-flop clocked by core_clk)
  Endpoint: u_impl/u_core/g_row_9__g_col_8__u_pe/u_sol/u_red_q_reg_5_ (rising edge-triggered flip-flop clocked by core_clk)
  Mode: FUNC
  Corner: BC
  Scenario: FUNC_BC
  Path Group: core_clk
  Path Type: min

  Point                                                                           Incr        Path           Location
  ----------------------------------------------------------------------------------------------------------------------------
  clock core_clk (rise edge)                                                     0.0000      0.0000
  clock network delay (propagated)                                               0.2886      0.2886

  u_impl/u_core/g_row_9__g_col_8__u_pe/u_sol/u_red_q_reg_6_/CP (DFCNQD1)         0.0000      0.2886 r    (42.72,522.10)
  u_impl/u_core/g_row_9__g_col_8__u_pe/u_sol/u_red_q_reg_6_/Q (DFCNQD1)          0.1278      0.4164 f    (46.89,522.11)
  u_impl/u_core/g_row_9__g_col_8__u_pe/u_sol/copt_h_inst_45086/Z (CKBD0)         0.0339      0.4503 f    (45.31,520.28)
  u_impl/u_core/g_row_9__g_col_8__u_pe/u_sol/U92/ZN (CKND0)                      0.0367      0.4870 r    (46.65,523.88)
  u_impl/u_core/g_row_9__g_col_8__u_pe/u_sol/U95/ZN (OAI222D0)                   0.0416      0.5286 f    (55.91,521.99)
  u_impl/u_core/g_row_9__g_col_8__u_pe/u_sol/u_red_q_reg_5_/D (DFCNQD1)          0.0000      0.5286 f    (52.55,524.02)
  data arrival time                                                                          0.5286

  clock core_clk (rise edge)                                                     0.0000      0.0000
  clock network delay (propagated)                                               0.2923      0.2923
  u_impl/u_core/g_row_9__g_col_8__u_pe/u_sol/u_red_q_reg_5_/CP (DFCNQD1)         0.0000      0.2923 r    (51.52,523.90)
  clock uncertainty                                                              0.2000      0.4923
  library hold time                                                              0.0375      0.5297
  data required time                                                                         0.5297
  ----------------------------------------------------------------------------------------------------------------------------
  data required time                                                                         0.5297
  data arrival time                                                                         -0.5286
  ----------------------------------------------------------------------------------------------------------------------------
  slack (VIOLATED)                                                                          -0.0012



  Startpoint: u_impl/u_core/g_row_5__g_col_5__u_pe/u_sol/u_red_q_reg_0_ (rising edge-triggered flip-flop clocked by core_clk)
  Endpoint: u_impl/u_core/g_row_5__g_col_5__u_pe/u_sol/u_red_q_reg_0_ (rising edge-triggered flip-flop clocked by core_clk)
  Mode: FUNC
  Corner: BC
  Scenario: FUNC_BC
  Path Group: core_clk
  Path Type: min

  Point                                                                           Incr        Path           Location
  ----------------------------------------------------------------------------------------------------------------------------
  clock core_clk (rise edge)                                                     0.0000      0.0000
  clock network delay (propagated)                                               0.3154      0.3154

  u_impl/u_core/g_row_5__g_col_5__u_pe/u_sol/u_red_q_reg_0_/CP (DFCNQD1)         0.0000      0.3154 r    (52.12,207.10)
  u_impl/u_core/g_row_5__g_col_5__u_pe/u_sol/u_red_q_reg_0_/Q (DFCNQD1)          0.1105      0.4259 f    (56.29,207.09)
  u_impl/u_core/g_row_5__g_col_5__u_pe/u_sol/U69/ZN (CKND0)                      0.0408      0.4667 r    (58.05,207.08)
  u_impl/u_core/g_row_5__g_col_5__u_pe/u_sol/copt_h_inst_42539/Z (CKBD0)         0.0395      0.5062 r    (50.91,207.08)
  u_impl/u_core/g_row_5__g_col_5__u_pe/u_sol/U104/ZN (OAI222D0)                  0.0416      0.5478 f    (51.31,203.61)
  u_impl/u_core/g_row_5__g_col_5__u_pe/u_sol/u_red_q_reg_0_/D (DFCNQD1)          0.0000      0.5478 f    (53.15,207.23)
  data arrival time                                                                          0.5478

  clock core_clk (rise edge)                                                     0.0000      0.0000
  clock network delay (propagated)                                               0.3206      0.3206
  u_impl/u_core/g_row_5__g_col_5__u_pe/u_sol/u_red_q_reg_0_/CP (DFCNQD1)         0.0000      0.3206 r    (52.12,207.10)
  clock uncertainty                                                              0.2000      0.5206
  library hold time                                                              0.0284      0.5489
  data required time                                                                         0.5489
  ----------------------------------------------------------------------------------------------------------------------------
  data required time                                                                         0.5489
  data arrival time                                                                         -0.5478
  ----------------------------------------------------------------------------------------------------------------------------
  slack (VIOLATED)                                                                          -0.0012



  Startpoint: u_impl/u_core/g_row_16__g_col_5__u_pe/u_sol/u_red_q_reg_6_ (rising edge-triggered flip-flop clocked by core_clk)
  Endpoint: u_impl/u_core/g_row_16__g_col_5__u_pe/u_sol/u_red_q_reg_6_ (rising edge-triggered flip-flop clocked by core_clk)
  Mode: FUNC
  Corner: BC
  Scenario: FUNC_BC
  Path Group: core_clk
  Path Type: min

  Point                                                                           Incr        Path           Location
  ----------------------------------------------------------------------------------------------------------------------------
  clock core_clk (rise edge)                                                     0.0000      0.0000
  clock network delay (propagated)                                               0.3073      0.3073

  u_impl/u_core/g_row_16__g_col_5__u_pe/u_sol/u_red_q_reg_6_/CP (DFCNQD1)        0.0000      0.3073 r    (400.72,831.70)
  u_impl/u_core/g_row_16__g_col_5__u_pe/u_sol/u_red_q_reg_6_/Q (DFCNQD1)         0.1128      0.4201 f    (404.89,831.71)
  u_impl/u_core/g_row_16__g_col_5__u_pe/u_sol/U7/ZN (CKND0)                      0.0314      0.4515 r    (403.55,833.48)
  u_impl/u_core/g_row_16__g_col_5__u_pe/u_sol/copt_h_inst_41925/Z (CKBD0)        0.0421      0.4936 r    (399.89,831.72)
  u_impl/u_core/g_row_16__g_col_5__u_pe/u_sol/U57/ZN (OAI222D0)                  0.0454      0.5389 f    (402.51,826.41)
  u_impl/u_core/g_row_16__g_col_5__u_pe/u_sol/u_red_q_reg_6_/D (DFCNQD1)         0.0000      0.5389 f    (401.75,831.58)
  data arrival time                                                                          0.5389

  clock core_clk (rise edge)                                                     0.0000      0.0000
  clock network delay (propagated)                                               0.3117      0.3117
  u_impl/u_core/g_row_16__g_col_5__u_pe/u_sol/u_red_q_reg_6_/CP (DFCNQD1)        0.0000      0.3117 r    (400.72,831.70)
  clock uncertainty                                                              0.2000      0.5117
  library hold time                                                              0.0284      0.5401
  data required time                                                                         0.5401
  ----------------------------------------------------------------------------------------------------------------------------
  data required time                                                                         0.5401
  data arrival time                                                                         -0.5389
  ----------------------------------------------------------------------------------------------------------------------------
  slack (VIOLATED)                                                                          -0.0011



  Startpoint: u_impl/u_core/g_row_0__g_col_3__u_pe/u_sol/u_black_q_reg_0_ (rising edge-triggered flip-flop clocked by core_clk)
  Endpoint: u_impl/u_core/g_row_0__g_col_4__u_pe/u_sol/u_red_q_reg_15_ (rising edge-triggered flip-flop clocked by core_clk)
  Mode: FUNC
  Corner: BC
  Scenario: FUNC_BC
  Path Group: core_clk
  Path Type: min

  Point                                                                           Incr        Path           Location
  ----------------------------------------------------------------------------------------------------------------------------
  clock core_clk (rise edge)                                                     0.0000      0.0000
  clock network delay (propagated)                                               0.2816      0.2816

  u_impl/u_core/g_row_0__g_col_3__u_pe/u_sol/u_black_q_reg_0_/CP (DFCNQD1)       0.0000      0.2816 r    (835.92,239.50)
  u_impl/u_core/g_row_0__g_col_3__u_pe/u_sol/u_black_q_reg_0_/Q (DFCNQD1)        0.1221      0.4037 f    (840.09,239.49)
  u_impl/u_core/gre_a_INV_106_inst_49300/ZN (CKND0)                              0.0652      0.4689 r    (835.05,239.48)
  u_impl/u_core/g_row_0__g_col_4__u_pe/u_sol/U41/ZN (OAI222D0)                   0.0631      0.5320 f    (843.49,221.61)
  u_impl/u_core/g_row_0__g_col_4__u_pe/u_sol/u_red_q_reg_15_/D (DFCNQD1)         0.0000      0.5320 f    (836.95,221.62)
  data arrival time                                                                          0.5320

  clock core_clk (rise edge)                                                     0.0000      0.0000
  clock network delay (propagated)                                               0.3003      0.3003
  u_impl/u_core/g_row_0__g_col_4__u_pe/u_sol/u_red_q_reg_15_/CP (DFCNQD1)        0.0000      0.3003 r    (835.92,221.50)
  clock uncertainty                                                              0.2000      0.5003
  library hold time                                                              0.0329      0.5331
  data required time                                                                         0.5331
  ----------------------------------------------------------------------------------------------------------------------------
  data required time                                                                         0.5331
  data arrival time                                                                         -0.5320
  ----------------------------------------------------------------------------------------------------------------------------
  slack (VIOLATED)                                                                          -0.0011



  Startpoint: u_impl/black_shadow_reg_57__10_ (rising edge-triggered flip-flop clocked by core_clk)
  Endpoint: u_impl/u_core/g_row_5__g_col_7__u_pe/u_r_black/q_reg_10_ (rising edge-triggered flip-flop clocked by core_clk)
  Mode: FUNC
  Corner: BC
  Scenario: FUNC_BC
  Path Group: core_clk
  Path Type: min

  Point                                                                           Incr        Path           Location
  ----------------------------------------------------------------------------------------------------------------------------
  clock core_clk (rise edge)                                                     0.0000      0.0000
  clock network delay (propagated)                                               0.3267      0.3267

  u_impl/black_shadow_reg_57__10_/CP (DFQD2)                                     0.0000      0.3267 r    (376.52,334.91)
  u_impl/black_shadow_reg_57__10_/Q (DFQD2)                                      0.1681      0.4948 f    (380.06,334.91)
  u_impl/u_core/g_row_5__g_col_7__u_pe/u_r_black/U15/Z (AO222D0)                 0.0850      0.5798 f    (205.35,246.59)
  u_impl/u_core/g_row_5__g_col_7__u_pe/u_r_black/q_reg_10_/D (DFCNQD1)           0.0000      0.5798 f    (203.95,244.78)
  data arrival time                                                                          0.5798

  clock core_clk (rise edge)                                                     0.0000      0.0000
  clock network delay (propagated)                                               0.3461      0.3461
  u_impl/u_core/g_row_5__g_col_7__u_pe/u_r_black/q_reg_10_/CP (DFCNQD1)          0.0000      0.3461 r    (202.92,244.90)
  clock uncertainty                                                              0.2000      0.5461
  library hold time                                                              0.0349      0.5809
  data required time                                                                         0.5809
  ----------------------------------------------------------------------------------------------------------------------------
  data required time                                                                         0.5809
  data arrival time                                                                         -0.5798
  ----------------------------------------------------------------------------------------------------------------------------
  slack (VIOLATED)                                                                          -0.0011



  Startpoint: u_impl/south_shadow_reg_12__4_ (rising edge-triggered flip-flop clocked by core_clk)
  Endpoint: u_impl/south_shadow_reg_12__4_ (rising edge-triggered flip-flop clocked by core_clk)
  Mode: FUNC
  Corner: BC
  Scenario: FUNC_BC
  Path Group: core_clk
  Path Type: min

  Point                                                                           Incr        Path           Location
  ----------------------------------------------------------------------------------------------------------------------------
  clock core_clk (rise edge)                                                     0.0000      0.0000
  clock network delay (propagated)                                               0.3478      0.3478

  u_impl/south_shadow_reg_12__4_/CP (DFQD1)                                      0.0000      0.3478 r    (475.12,358.29)
  u_impl/south_shadow_reg_12__4_/Q (DFQD1)                                       0.1645      0.5123 f    (478.67,358.30)
  u_impl/U9063/ZN (IAO22D0)                                                      0.0695      0.5819 f    (473.45,360.09)
  u_impl/south_shadow_reg_12__4_/D (DFQD1)                                       0.0000      0.5819 f    (476.16,358.31)
  data arrival time                                                                          0.5819

  clock core_clk (rise edge)                                                     0.0000      0.0000
  clock network delay (propagated)                                               0.3518      0.3518
  u_impl/south_shadow_reg_12__4_/CP (DFQD1)                                      0.0000      0.3518 r    (475.12,358.29)
  clock uncertainty                                                              0.2000      0.5518
  library hold time                                                              0.0311      0.5829
  data required time                                                                         0.5829
  ----------------------------------------------------------------------------------------------------------------------------
  data required time                                                                         0.5829
  data arrival time                                                                         -0.5819
  ----------------------------------------------------------------------------------------------------------------------------
  slack (VIOLATED)                                                                          -0.0011



  Startpoint: u_impl/u_core/g_row_10__g_col_1__u_pe/u_sol/u_red_q_reg_10_ (rising edge-triggered flip-flop clocked by core_clk)
  Endpoint: u_impl/u_core/g_row_10__g_col_1__u_pe/u_sol/u_red_q_reg_9_ (rising edge-triggered flip-flop clocked by core_clk)
  Mode: FUNC
  Corner: BC
  Scenario: FUNC_BC
  Path Group: core_clk
  Path Type: min

  Point                                                                           Incr        Path           Location
  ----------------------------------------------------------------------------------------------------------------------------
  clock core_clk (rise edge)                                                     0.0000      0.0000
  clock network delay (propagated)                                               0.3169      0.3169

  u_impl/u_core/g_row_10__g_col_1__u_pe/u_sol/u_red_q_reg_10_/CP (DFCNQD1)       0.0000      0.3169 r    (10.12,541.90)
  u_impl/u_core/g_row_10__g_col_1__u_pe/u_sol/u_red_q_reg_10_/Q (DFCNQD1)        0.1207      0.4376 f    (14.29,541.89)
  u_impl/u_core/g_row_10__g_col_1__u_pe/u_sol/U49/ZN (CKND0)                     0.0208      0.4585 r    (10.15,543.72)
  u_impl/u_core/g_row_10__g_col_1__u_pe/u_sol/copt_h_inst_39852/Z (CKBD0)        0.0486      0.5071 r    (11.29,549.08)
  u_impl/u_core/g_row_10__g_col_1__u_pe/u_sol/U52/ZN (OAI222D0)                  0.0448      0.5519 f    (15.09,552.81)
  u_impl/u_core/g_row_10__g_col_1__u_pe/u_sol/u_red_q_reg_9_/D (DFCNQD1)         0.0000      0.5519 f    (11.15,547.18)
  data arrival time                                                                          0.5519

  clock core_clk (rise edge)                                                     0.0000      0.0000
  clock network delay (propagated)                                               0.3207      0.3207
  u_impl/u_core/g_row_10__g_col_1__u_pe/u_sol/u_red_q_reg_9_/CP (DFCNQD1)        0.0000      0.3207 r    (10.12,547.30)
  clock uncertainty                                                              0.2000      0.5207
  library hold time                                                              0.0322      0.5530
  data required time                                                                         0.5530
  ----------------------------------------------------------------------------------------------------------------------------
  data required time                                                                         0.5530
  data arrival time                                                                         -0.5519
  ----------------------------------------------------------------------------------------------------------------------------
  slack (VIOLATED)                                                                          -0.0011



  Startpoint: u_impl/black_shadow_reg_126__9_ (rising edge-triggered flip-flop clocked by core_clk)
  Endpoint: u_impl/u_core/g_row_12__g_col_6__u_pe/u_r_black/q_reg_9_ (rising edge-triggered flip-flop clocked by core_clk)
  Mode: FUNC
  Corner: BC
  Scenario: FUNC_BC
  Path Group: core_clk
  Path Type: min

  Point                                                                           Incr        Path           Location
  ----------------------------------------------------------------------------------------------------------------------------
  clock core_clk (rise edge)                                                     0.0000      0.0000
  clock network delay (propagated)                                               0.2727      0.2727

  u_impl/black_shadow_reg_126__9_/CP (DFQD1)                                     0.0000      0.2727 r    (373.52,662.51)
  u_impl/black_shadow_reg_126__9_/Q (DFQD1)                                      0.1581      0.4308 f    (377.07,662.50)
  u_impl/u_core/g_row_12__g_col_6__u_pe/u_r_black/U15/Z (AO222D0)                0.0789      0.5097 f    (347.95,696.60)
  u_impl/u_core/g_row_12__g_col_6__u_pe/u_r_black/q_reg_9_/D (DFCNQD1)           0.0000      0.5097 f    (340.75,696.83)
  data arrival time                                                                          0.5097

  clock core_clk (rise edge)                                                     0.0000      0.0000
  clock network delay (propagated)                                               0.2712      0.2712
  u_impl/u_core/g_row_12__g_col_6__u_pe/u_r_black/q_reg_9_/CP (DFCNQD1)          0.0000      0.2712 r    (339.72,696.70)
  clock uncertainty                                                              0.2000      0.4712
  library hold time                                                              0.0396      0.5108
  data required time                                                                         0.5108
  ----------------------------------------------------------------------------------------------------------------------------
  data required time                                                                         0.5108
  data arrival time                                                                         -0.5097
  ----------------------------------------------------------------------------------------------------------------------------
  slack (VIOLATED)                                                                          -0.0010



  Startpoint: u_impl/u_core/g_row_7__g_col_4__u_pe/u_r_red/q_reg_13_ (rising edge-triggered flip-flop clocked by core_clk)
  Endpoint: u_impl/u_core/g_row_7__g_col_4__u_pe/u_r_red/q_reg_12_ (rising edge-triggered flip-flop clocked by core_clk)
  Mode: FUNC
  Corner: BC
  Scenario: FUNC_BC
  Path Group: core_clk
  Path Type: min

  Point                                                                           Incr        Path           Location
  ----------------------------------------------------------------------------------------------------------------------------
  clock core_clk (rise edge)                                                     0.0000      0.0000
  clock network delay (propagated)                                               0.2367      0.2367

  u_impl/u_core/g_row_7__g_col_4__u_pe/u_r_red/q_reg_13_/CP (DFCNQD1)            0.0000      0.2367 r    (196.12,324.10)
  u_impl/u_core/g_row_7__g_col_4__u_pe/u_r_red/q_reg_13_/Q (DFCNQD1)             0.1273      0.3639 f    (200.28,324.11)
  u_impl/u_core/g_row_7__g_col_4__u_pe/u_r_red/copt_h_inst_44095/Z (CKBD0)       0.0395      0.4035 f    (201.09,324.12)
  u_impl/u_core/g_row_7__g_col_4__u_pe/u_r_red/U18/Z (AO222D0)                   0.0785      0.4820 f    (201.15,322.19)
  u_impl/u_core/g_row_7__g_col_4__u_pe/u_r_red/q_reg_12_/D (DFCNQD1)             0.0000      0.4820 f    (198.15,320.38)
  data arrival time                                                                          0.4820

  clock core_clk (rise edge)                                                     0.0000      0.0000
  clock network delay (propagated)                                               0.2407      0.2407
  u_impl/u_core/g_row_7__g_col_4__u_pe/u_r_red/q_reg_12_/CP (DFCNQD1)            0.0000      0.2407 r    (197.12,320.50)
  clock uncertainty                                                              0.2000      0.4407
  library hold time                                                              0.0424      0.4830
  data required time                                                                         0.4830
  ----------------------------------------------------------------------------------------------------------------------------
  data required time                                                                         0.4830
  data arrival time                                                                         -0.4820
  ----------------------------------------------------------------------------------------------------------------------------
  slack (VIOLATED)                                                                          -0.0010



  Startpoint: u_impl/u_core/g_row_17__g_col_6__u_pe/u_sol/u_red_q_reg_0_ (rising edge-triggered flip-flop clocked by core_clk)
  Endpoint: u_impl/u_core/g_row_17__g_col_6__u_pe/u_sol/u_red_q_reg_0_ (rising edge-triggered flip-flop clocked by core_clk)
  Mode: FUNC
  Corner: BC
  Scenario: FUNC_BC
  Path Group: core_clk
  Path Type: min

  Point                                                                           Incr        Path           Location
  ----------------------------------------------------------------------------------------------------------------------------
  clock core_clk (rise edge)                                                     0.0000      0.0000
  clock network delay (propagated)                                               0.2671      0.2671

  u_impl/u_core/g_row_17__g_col_6__u_pe/u_sol/u_red_q_reg_0_/CP (DFCNQD1)        0.0000      0.2671 r    (788.72,723.70)
  u_impl/u_core/g_row_17__g_col_6__u_pe/u_sol/u_red_q_reg_0_/Q (DFCNQD1)         0.1260      0.3932 f    (792.88,723.71)
  u_impl/u_core/g_row_17__g_col_6__u_pe/u_sol/U69/ZN (CKND0)                     0.0497      0.4428 r    (788.45,721.88)
  u_impl/u_core/g_row_17__g_col_6__u_pe/u_sol/U104/ZN (OAI222D0)                 0.0611      0.5040 f    (794.09,729.21)
  u_impl/u_core/g_row_17__g_col_6__u_pe/u_sol/u_red_q_reg_0_/D (DFCNQD1)         0.0000      0.5040 f    (789.75,723.58)
  data arrival time                                                                          0.5040

  clock core_clk (rise edge)                                                     0.0000      0.0000
  clock network delay (propagated)                                               0.2708      0.2708
  u_impl/u_core/g_row_17__g_col_6__u_pe/u_sol/u_red_q_reg_0_/CP (DFCNQD1)        0.0000      0.2708 r    (788.72,723.70)
  clock uncertainty                                                              0.2000      0.4708
  library hold time                                                              0.0342      0.5050
  data required time                                                                         0.5050
  ----------------------------------------------------------------------------------------------------------------------------
  data required time                                                                         0.5050
  data arrival time                                                                         -0.5040
  ----------------------------------------------------------------------------------------------------------------------------
  slack (VIOLATED)                                                                          -0.0010



  Startpoint: u_impl/u_core/g_row_2__g_col_7__u_pe/u_sol/u_red_q_reg_0_ (rising edge-triggered flip-flop clocked by core_clk)
  Endpoint: u_impl/u_core/g_row_2__g_col_7__u_pe/u_sol/u_black_q_reg_15_ (rising edge-triggered flip-flop clocked by core_clk)
  Mode: FUNC
  Corner: BC
  Scenario: FUNC_BC
  Path Group: core_clk
  Path Type: min

  Point                                                                           Incr        Path           Location
  ----------------------------------------------------------------------------------------------------------------------------
  clock core_clk (rise edge)                                                     0.0000      0.0000
  clock network delay (propagated)                                               0.3105      0.3105

  u_impl/u_core/g_row_2__g_col_7__u_pe/u_sol/u_red_q_reg_0_/CP (DFCNQD1)         0.0000      0.3105 r    (406.72,32.50)
  u_impl/u_core/g_row_2__g_col_7__u_pe/u_sol/u_red_q_reg_0_/Q (DFCNQD1)          0.1336      0.4441 f    (410.89,32.51)
  u_impl/u_core/g_row_2__g_col_7__u_pe/u_sol/U68/ZN (CKND0)                      0.0576      0.5017 r    (409.75,30.68)
  u_impl/u_core/g_row_2__g_col_7__u_pe/u_sol/U76/ZN (OAI222D0)                   0.0562      0.5579 f    (425.89,32.39)
  u_impl/u_core/g_row_2__g_col_7__u_pe/u_sol/u_black_q_reg_15_/D (DFCNQD1)       0.0000      0.5579 f    (426.15,30.83)
  data arrival time                                                                          0.5579

  clock core_clk (rise edge)                                                     0.0000      0.0000
  clock network delay (propagated)                                               0.3149      0.3149
  u_impl/u_core/g_row_2__g_col_7__u_pe/u_sol/u_black_q_reg_15_/CP (DFCNQD1)      0.0000      0.3149 r    (425.12,30.70)
  clock uncertainty                                                              0.2000      0.5149
  library hold time                                                              0.0440      0.5589
  data required time                                                                         0.5589
  ----------------------------------------------------------------------------------------------------------------------------
  data required time                                                                         0.5589
  data arrival time                                                                         -0.5579
  ----------------------------------------------------------------------------------------------------------------------------
  slack (VIOLATED)                                                                          -0.0010



  Startpoint: u_impl/north_shadow_reg_2__3_ (rising edge-triggered flip-flop clocked by core_clk)
  Endpoint: u_impl/north_shadow_reg_2__3_ (rising edge-triggered flip-flop clocked by core_clk)
  Mode: FUNC
  Corner: BC
  Scenario: FUNC_BC
  Path Group: core_clk
  Path Type: min

  Point                                                                           Incr        Path           Location
  ----------------------------------------------------------------------------------------------------------------------------
  clock core_clk (rise edge)                                                     0.0000      0.0000
  clock network delay (propagated)                                               0.2676      0.2676

  u_impl/north_shadow_reg_2__3_/CP (DFQD1)                                       0.0000      0.2676 r    (676.92,376.29)
  u_impl/north_shadow_reg_2__3_/Q (DFQD1)                                        0.1618      0.4294 f    (680.47,376.30)
  u_impl/U7175/ZN (MAOI22D0)                                                     0.0712      0.5005 f    (674.40,376.19)
  u_impl/north_shadow_reg_2__3_/D (DFQD1)                                        0.0000      0.5005 f    (677.96,376.31)
  data arrival time                                                                          0.5005

  clock core_clk (rise edge)                                                     0.0000      0.0000
  clock network delay (propagated)                                               0.2709      0.2709
  u_impl/north_shadow_reg_2__3_/CP (DFQD1)                                       0.0000      0.2709 r    (676.92,376.29)
  clock uncertainty                                                              0.2000      0.4709
  library hold time                                                              0.0305      0.5015
  data required time                                                                         0.5015
  ----------------------------------------------------------------------------------------------------------------------------
  data required time                                                                         0.5015
  data arrival time                                                                         -0.5005
  ----------------------------------------------------------------------------------------------------------------------------
  slack (VIOLATED)                                                                          -0.0009



  Startpoint: u_impl/u_core/g_row_1__g_col_5__u_pe/u_sol/u_red_q_reg_8_ (rising edge-triggered flip-flop clocked by core_clk)
  Endpoint: u_impl/u_core/g_row_1__g_col_5__u_pe/u_sol/u_red_q_reg_7_ (rising edge-triggered flip-flop clocked by core_clk)
  Mode: FUNC
  Corner: BC
  Scenario: FUNC_BC
  Path Group: core_clk
  Path Type: min

  Point                                                                           Incr        Path           Location
  ----------------------------------------------------------------------------------------------------------------------------
  clock core_clk (rise edge)                                                     0.0000      0.0000
  clock network delay (propagated)                                               0.3089      0.3089

  u_impl/u_core/g_row_1__g_col_5__u_pe/u_sol/u_red_q_reg_8_/CP (DFCNQD1)         0.0000      0.3089 r    (819.32,106.30)
  u_impl/u_core/g_row_1__g_col_5__u_pe/u_sol/u_red_q_reg_8_/Q (DFCNQD1)          0.1278      0.4367 f    (823.49,106.29)
  u_impl/u_core/g_row_1__g_col_5__u_pe/u_sol/copt_h_inst_45719/Z (CKBD0)         0.0371      0.4738 f    (820.71,100.92)
  u_impl/u_core/g_row_1__g_col_5__u_pe/u_sol/U89/ZN (CKND0)                      0.0328      0.5066 r    (818.55,97.32)
  u_impl/u_core/g_row_1__g_col_5__u_pe/u_sol/U92/ZN (OAI222D0)                   0.0401      0.5466 f    (821.09,95.61)
  u_impl/u_core/g_row_1__g_col_5__u_pe/u_sol/u_red_q_reg_7_/D (DFCNQD1)          0.0000      0.5467 f    (820.95,99.23)
  data arrival time                                                                          0.5467

  clock core_clk (rise edge)                                                     0.0000      0.0000
  clock network delay (propagated)                                               0.3128      0.3128
  u_impl/u_core/g_row_1__g_col_5__u_pe/u_sol/u_red_q_reg_7_/CP (DFCNQD1)         0.0000      0.3128 r    (819.92,99.10)
  clock uncertainty                                                              0.2000      0.5128
  library hold time                                                              0.0348      0.5476
  data required time                                                                         0.5476
  ----------------------------------------------------------------------------------------------------------------------------
  data required time                                                                         0.5476
  data arrival time                                                                         -0.5467
  ----------------------------------------------------------------------------------------------------------------------------
  slack (VIOLATED)                                                                          -0.0009



  Startpoint: u_impl/u_core/g_row_9__g_col_0__u_pe/u_r_red/q_reg_13_ (rising edge-triggered flip-flop clocked by core_clk)
  Endpoint: u_impl/u_core/g_row_9__g_col_0__u_pe/u_r_red/q_reg_13_ (rising edge-triggered flip-flop clocked by core_clk)
  Mode: FUNC
  Corner: BC
  Scenario: FUNC_BC
  Path Group: core_clk
  Path Type: min

  Point                                                                           Incr        Path           Location
  ----------------------------------------------------------------------------------------------------------------------------
  clock core_clk (rise edge)                                                     0.0000      0.0000
  clock network delay (propagated)                                               0.3323      0.3323

  u_impl/u_core/g_row_9__g_col_0__u_pe/u_r_red/q_reg_13_/CP (DFCNQD1)            0.0000      0.3323 r    (220.92,437.50)
  u_impl/u_core/g_row_9__g_col_0__u_pe/u_r_red/q_reg_13_/Q (DFCNQD1)             0.1377      0.4699 f    (225.09,437.49)
  u_impl/u_core/g_row_9__g_col_0__u_pe/u_r_red/copt_h_inst_41454/Z (CKBD0)       0.0369      0.5068 f    (226.31,437.48)
  u_impl/u_core/g_row_9__g_col_0__u_pe/u_r_red/U20/ZN (AOI22D0)                  0.0390      0.5459 r    (225.30,435.79)
  u_impl/u_core/g_row_9__g_col_0__u_pe/u_r_red/U23/ZN (CKND2D0)                  0.0312      0.5771 f    (223.35,435.72)
  u_impl/u_core/g_row_9__g_col_0__u_pe/u_r_red/q_reg_13_/D (DFCNQD1)             0.0000      0.5771 f    (221.95,437.62)
  data arrival time                                                                          0.5771

  clock core_clk (rise edge)                                                     0.0000      0.0000
  clock network delay (propagated)                                               0.3375      0.3375
  u_impl/u_core/g_row_9__g_col_0__u_pe/u_r_red/q_reg_13_/CP (DFCNQD1)            0.0000      0.3375 r    (220.92,437.50)
  clock uncertainty                                                              0.2000      0.5375
  library hold time                                                              0.0405      0.5780
  data required time                                                                         0.5780
  ----------------------------------------------------------------------------------------------------------------------------
  data required time                                                                         0.5780
  data arrival time                                                                         -0.5771
  ----------------------------------------------------------------------------------------------------------------------------
  slack (VIOLATED)                                                                          -0.0009



  Startpoint: u_impl/black_shadow_reg_115__4_ (rising edge-triggered flip-flop clocked by core_clk)
  Endpoint: u_impl/u_core/g_row_11__g_col_5__u_pe/u_r_black/q_reg_4_ (rising edge-triggered flip-flop clocked by core_clk)
  Mode: FUNC
  Corner: BC
  Scenario: FUNC_BC
  Path Group: core_clk
  Path Type: min

  Point                                                                           Incr        Path           Location
  ----------------------------------------------------------------------------------------------------------------------------
  clock core_clk (rise edge)                                                     0.0000      0.0000
  clock network delay (propagated)                                               0.3122      0.3122

  u_impl/black_shadow_reg_115__4_/CP (DFQD1)                                     0.0000      0.3122 r    (287.72,612.11)
  u_impl/black_shadow_reg_115__4_/Q (DFQD1)                                      0.1527      0.4649 f    (291.27,612.11)
  u_impl/u_core/g_row_11__g_col_5__u_pe/u_r_black/U19/Z (AO222D0)                0.0878      0.5528 f    (205.95,621.00)
  u_impl/u_core/g_row_11__g_col_5__u_pe/u_r_black/q_reg_4_/D (DFCNQD1)           0.0000      0.5528 f    (205.95,622.77)
  data arrival time                                                                          0.5528

  clock core_clk (rise edge)                                                     0.0000      0.0000
  clock network delay (propagated)                                               0.3201      0.3201
  u_impl/u_core/g_row_11__g_col_5__u_pe/u_r_black/q_reg_4_/CP (DFCNQD1)          0.0000      0.3201 r    (204.92,622.90)
  clock uncertainty                                                              0.2000      0.5201
  library hold time                                                              0.0335      0.5537
  data required time                                                                         0.5537
  ----------------------------------------------------------------------------------------------------------------------------
  data required time                                                                         0.5537
  data arrival time                                                                         -0.5528
  ----------------------------------------------------------------------------------------------------------------------------
  slack (VIOLATED)                                                                          -0.0009



  Startpoint: u_impl/u_core/g_row_5__g_col_7__u_pe/u_r_red/q_reg_11_ (rising edge-triggered flip-flop clocked by core_clk)
  Endpoint: u_impl/u_core/g_row_5__g_col_7__u_pe/u_r_red/q_reg_11_ (rising edge-triggered flip-flop clocked by core_clk)
  Mode: FUNC
  Corner: BC
  Scenario: FUNC_BC
  Path Group: core_clk
  Path Type: min

  Point                                                                            Incr        Path           Location
  -----------------------------------------------------------------------------------------------------------------------------
  clock core_clk (rise edge)                                                      0.0000      0.0000
  clock network delay (propagated)                                                0.3400      0.3400

  u_impl/u_core/g_row_5__g_col_7__u_pe/u_r_red/q_reg_11_/CP (DFCNQD1)             0.0000      0.3400 r    (197.52,246.70)
  u_impl/u_core/g_row_5__g_col_7__u_pe/u_r_red/q_reg_11_/Q (DFCNQD1)              0.1315      0.4715 f    (201.69,246.69)
  u_impl/u_core/g_row_5__g_col_7__u_pe/u_r_red/U8/Z (AO222D0)                     0.0742      0.5457 f    (198.55,248.61)
  u_impl/u_core/g_row_5__g_col_7__u_pe/u_r_red/copt_gre_h_inst_50306/Z (CKBD0)    0.0356      0.5814 f    (199.09,244.92)
  u_impl/u_core/g_row_5__g_col_7__u_pe/u_r_red/q_reg_11_/D (DFCNQD1)              0.0000      0.5814 f    (198.55,246.83)
  data arrival time                                                                           0.5814

  clock core_clk (rise edge)                                                      0.0000      0.0000
  clock network delay (propagated)                                                0.3461      0.3461
  u_impl/u_core/g_row_5__g_col_7__u_pe/u_r_red/q_reg_11_/CP (DFCNQD1)             0.0000      0.3461 r    (197.52,246.70)
  clock uncertainty                                                               0.2000      0.5461
  library hold time                                                               0.0362      0.5823
  data required time                                                                          0.5823
  -----------------------------------------------------------------------------------------------------------------------------
  data required time                                                                          0.5823
  data arrival time                                                                          -0.5814
  -----------------------------------------------------------------------------------------------------------------------------
  slack (VIOLATED)                                                                           -0.0009



  Startpoint: u_impl/red_shadow_reg_103__4_ (rising edge-triggered flip-flop clocked by core_clk)
  Endpoint: u_impl/u_core/g_row_10__g_col_3__u_pe/u_r_red/q_reg_4_ (rising edge-triggered flip-flop clocked by core_clk)
  Mode: FUNC
  Corner: BC
  Scenario: FUNC_BC
  Path Group: core_clk
  Path Type: min

  Point                                                                            Incr        Path           Location
  -----------------------------------------------------------------------------------------------------------------------------
  clock core_clk (rise edge)                                                      0.0000      0.0000
  clock network delay (propagated)                                                0.3163      0.3163

  u_impl/red_shadow_reg_103__4_/CP (DFQD1)                                        0.0000      0.3163 r    (239.52,511.31)
  u_impl/red_shadow_reg_103__4_/Q (DFQD1)                                         0.1633      0.4796 f    (243.07,511.31)
  u_impl/u_core/g_row_10__g_col_3__u_pe/u_r_red/U16/Z (AO222D0)                   0.0951      0.5747 f    (108.15,522.21)
  u_impl/u_core/g_row_10__g_col_3__u_pe/u_r_red/q_reg_4_/D (DFCNQD1)              0.0000      0.5747 f    (103.75,521.98)
  data arrival time                                                                           0.5747

  clock core_clk (rise edge)                                                      0.0000      0.0000
  clock network delay (propagated)                                                0.3309      0.3309
  u_impl/u_core/g_row_10__g_col_3__u_pe/u_r_red/q_reg_4_/CP (DFCNQD1)             0.0000      0.3309 r    (102.72,522.10)
  clock uncertainty                                                               0.2000      0.5309
  library hold time                                                               0.0446      0.5756
  data required time                                                                          0.5756
  -----------------------------------------------------------------------------------------------------------------------------
  data required time                                                                          0.5756
  data arrival time                                                                          -0.5747
  -----------------------------------------------------------------------------------------------------------------------------
  slack (VIOLATED)                                                                           -0.0009



  Startpoint: u_impl/u_core/g_row_10__g_col_0__u_pe/u_sol/u_black_q_reg_3_ (rising edge-triggered flip-flop clocked by core_clk)
  Endpoint: u_impl/u_core/g_row_10__g_col_0__u_pe/u_sol/u_black_q_reg_2_ (rising edge-triggered flip-flop clocked by core_clk)
  Mode: FUNC
  Corner: BC
  Scenario: FUNC_BC
  Path Group: core_clk
  Path Type: min

  Point                                                                            Incr        Path           Location
  -----------------------------------------------------------------------------------------------------------------------------
  clock core_clk (rise edge)                                                      0.0000      0.0000
  clock network delay (propagated)                                                0.3180      0.3180

  u_impl/u_core/g_row_10__g_col_0__u_pe/u_sol/u_black_q_reg_3_/CP (DFCNQD1)       0.0000      0.3180 r    (10.12,532.90)
  u_impl/u_core/g_row_10__g_col_0__u_pe/u_sol/u_black_q_reg_3_/Q (DFCNQD1)        0.1180      0.4360 f    (14.29,532.91)
  u_impl/u_core/g_row_10__g_col_0__u_pe/u_sol/U98/ZN (CKND0)                      0.0285      0.4645 r    (14.05,534.68)
  u_impl/u_core/g_row_10__g_col_0__u_pe/u_sol/copt_h_inst_39911/Z (DEL005)        0.0486      0.5130 r    (16.24,536.52)
  u_impl/u_core/g_row_10__g_col_0__u_pe/u_sol/U101/ZN (OAI222D0)                  0.0390      0.5520 f    (18.11,536.39)
  u_impl/u_core/g_row_10__g_col_0__u_pe/u_sol/u_black_q_reg_2_/D (DFCNQD1)        0.0000      0.5520 f    (11.15,539.98)
  data arrival time                                                                           0.5520

  clock core_clk (rise edge)                                                      0.0000      0.0000
  clock network delay (propagated)                                                0.3207      0.3207
  u_impl/u_core/g_row_10__g_col_0__u_pe/u_sol/u_black_q_reg_2_/CP (DFCNQD1)       0.0000      0.3207 r    (10.12,540.10)
  clock uncertainty                                                               0.2000      0.5207
  library hold time                                                               0.0322      0.5529
  data required time                                                                          0.5529
  -----------------------------------------------------------------------------------------------------------------------------
  data required time                                                                          0.5529
  data arrival time                                                                          -0.5520
  -----------------------------------------------------------------------------------------------------------------------------
  slack (VIOLATED)                                                                           -0.0009



  Startpoint: u_impl/u_core/g_row_18__g_col_5__u_pe/u_sol/u_red_q_reg_11_ (rising edge-triggered flip-flop clocked by core_clk)
  Endpoint: u_impl/u_core/g_row_18__g_col_5__u_pe/u_sol/u_red_q_reg_11_ (rising edge-triggered flip-flop clocked by core_clk)
  Mode: FUNC
  Corner: BC
  Scenario: FUNC_BC
  Path Group: core_clk
  Path Type: min

  Point                                                                            Incr        Path           Location
  -----------------------------------------------------------------------------------------------------------------------------
  clock core_clk (rise edge)                                                      0.0000      0.0000
  clock network delay (propagated)                                                0.3303      0.3303

  u_impl/u_core/g_row_18__g_col_5__u_pe/u_sol/u_red_q_reg_11_/CP (DFCNQD1)        0.0000      0.3303 r    (860.72,610.30)
  u_impl/u_core/g_row_18__g_col_5__u_pe/u_sol/u_red_q_reg_11_/Q (DFCNQD1)         0.1184      0.4487 f    (864.88,610.29)
  u_impl/u_core/g_row_18__g_col_5__u_pe/u_sol/U48/ZN (CKND0)                      0.0255      0.4743 r    (862.55,608.52)
  u_impl/u_core/g_row_18__g_col_5__u_pe/u_sol/copt_h_inst_37757/Z (DEL005)        0.0495      0.5237 r    (861.16,608.52)
  u_impl/u_core/g_row_18__g_col_5__u_pe/u_sol/U49/ZN (OAI222D0)                   0.0420      0.5657 f    (858.09,610.41)
  u_impl/u_core/g_row_18__g_col_5__u_pe/u_sol/u_red_q_reg_11_/D (DFCNQD1)         0.0000      0.5657 f    (861.75,610.43)
  data arrival time                                                                           0.5657

  clock core_clk (rise edge)                                                      0.0000      0.0000
  clock network delay (propagated)                                                0.3348      0.3348
  u_impl/u_core/g_row_18__g_col_5__u_pe/u_sol/u_red_q_reg_11_/CP (DFCNQD1)        0.0000      0.3348 r    (860.72,610.30)
  clock uncertainty                                                               0.2000      0.5348
  library hold time                                                               0.0318      0.5666
  data required time                                                                          0.5666
  -----------------------------------------------------------------------------------------------------------------------------
  data required time                                                                          0.5666
  data arrival time                                                                          -0.5657
  -----------------------------------------------------------------------------------------------------------------------------
  slack (VIOLATED)                                                                           -0.0009



  Startpoint: u_impl/u_core/g_row_3__g_col_8__u_pe/u_sol/u_red_q_reg_8_ (rising edge-triggered flip-flop clocked by core_clk)
  Endpoint: u_impl/u_core/g_row_3__g_col_8__u_pe/u_sol/u_red_q_reg_7_ (rising edge-triggered flip-flop clocked by core_clk)
  Mode: FUNC
  Corner: BC
  Scenario: FUNC_BC
  Path Group: core_clk
  Path Type: min

  Point                                                                            Incr        Path           Location
  -----------------------------------------------------------------------------------------------------------------------------
  clock core_clk (rise edge)                                                      0.0000      0.0000
  clock network delay (propagated)                                                0.3077      0.3077

  u_impl/u_core/g_row_3__g_col_8__u_pe/u_sol/u_red_q_reg_8_/CP (DFCNQD1)          0.0000      0.3077 r    (600.52,16.30)
  u_impl/u_core/g_row_3__g_col_8__u_pe/u_sol/u_red_q_reg_8_/Q (DFCNQD1)           0.1271      0.4348 f    (604.69,16.29)
  u_impl/u_core/g_row_3__g_col_8__u_pe/u_sol/U88/ZN (CKND0)                       0.0171      0.4519 r    (600.75,21.72)
  u_impl/u_core/g_row_3__g_col_8__u_pe/u_sol/copt_h_inst_40746/Z (CKBD0)          0.0535      0.5054 r    (599.91,21.72)
  u_impl/u_core/g_row_3__g_col_8__u_pe/u_sol/U91/ZN (OAI222D0)                    0.0403      0.5457 f    (586.09,23.61)
  u_impl/u_core/g_row_3__g_col_8__u_pe/u_sol/u_red_q_reg_7_/D (DFCNQD1)           0.0000      0.5457 f    (582.95,21.57)
  data arrival time                                                                           0.5457

  clock core_clk (rise edge)                                                      0.0000      0.0000
  clock network delay (propagated)                                                0.3105      0.3105
  u_impl/u_core/g_row_3__g_col_8__u_pe/u_sol/u_red_q_reg_7_/CP (DFCNQD1)          0.0000      0.3105 r    (581.92,21.70)
  clock uncertainty                                                               0.2000      0.5105
  library hold time                                                               0.0361      0.5466
  data required time                                                                          0.5466
  -----------------------------------------------------------------------------------------------------------------------------
  data required time                                                                          0.5466
  data arrival time                                                                          -0.5457
  -----------------------------------------------------------------------------------------------------------------------------
  slack (VIOLATED)                                                                           -0.0009



  Startpoint: u_impl/red_shadow_reg_110__8_ (rising edge-triggered flip-flop clocked by core_clk)
  Endpoint: u_impl/u_core/g_row_11__g_col_0__u_pe/u_r_red/q_reg_8_ (rising edge-triggered flip-flop clocked by core_clk)
  Mode: FUNC
  Corner: BC
  Scenario: FUNC_BC
  Path Group: core_clk
  Path Type: min

  Point                                                                            Incr        Path           Location
  -----------------------------------------------------------------------------------------------------------------------------
  clock core_clk (rise edge)                                                      0.0000      0.0000
  clock network delay (propagated)                                                0.3121      0.3121

  u_impl/red_shadow_reg_110__8_/CP (DFQD1)                                        0.0000      0.3121 r    (237.32,547.31)
  u_impl/red_shadow_reg_110__8_/Q (DFQD1)                                         0.1212      0.4333 f    (240.87,547.31)
  u_impl/u_core/g_row_11__g_col_0__u_pe/u_r_red/U5/Z (AO222D0)                    0.0739      0.5072 f    (232.35,551.00)
  u_impl/u_core/g_row_11__g_col_0__u_pe/u_r_red/copt_h_inst_48301/Z (CKBD0)       0.0406      0.5478 f    (229.11,552.68)
  u_impl/u_core/g_row_11__g_col_0__u_pe/u_r_red/q_reg_8_/D (DFCNQD1)              0.0000      0.5478 f    (224.75,554.38)
  data arrival time                                                                           0.5478

  clock core_clk (rise edge)                                                      0.0000      0.0000
  clock network delay (propagated)                                                0.3162      0.3162
  u_impl/u_core/g_row_11__g_col_0__u_pe/u_r_red/q_reg_8_/CP (DFCNQD1)             0.0000      0.3162 r    (223.72,554.50)
  clock uncertainty                                                               0.2000      0.5162
  library hold time                                                               0.0324      0.5487
  data required time                                                                          0.5487
  -----------------------------------------------------------------------------------------------------------------------------
  data required time                                                                          0.5487
  data arrival time                                                                          -0.5478
  -----------------------------------------------------------------------------------------------------------------------------
  slack (VIOLATED)                                                                           -0.0009



  Startpoint: u_impl/u_core/g_row_17__g_col_4__u_pe/u_sol/u_black_q_reg_7_ (rising edge-triggered flip-flop clocked by core_clk)
  Endpoint: u_impl/u_core/g_row_17__g_col_4__u_pe/u_sol/u_black_q_reg_6_ (rising edge-triggered flip-flop clocked by core_clk)
  Mode: FUNC
  Corner: BC
  Scenario: FUNC_BC
  Path Group: core_clk
  Path Type: min

  Point                                                                            Incr        Path           Location
  -----------------------------------------------------------------------------------------------------------------------------
  clock core_clk (rise edge)                                                      0.0000      0.0000
  clock network delay (propagated)                                                0.3144      0.3144

  u_impl/u_core/g_row_17__g_col_4__u_pe/u_sol/u_black_q_reg_7_/CP (DFCNQD1)       0.0000      0.3144 r    (570.12,864.10)
  u_impl/u_core/g_row_17__g_col_4__u_pe/u_sol/u_black_q_reg_7_/Q (DFCNQD1)        0.1313      0.4457 f    (574.29,864.11)
  u_impl/u_core/g_row_17__g_col_4__u_pe/u_sol/copt_h_inst_45543/Z (CKBD0)         0.0339      0.4796 f    (572.69,862.28)
  u_impl/u_core/g_row_17__g_col_4__u_pe/u_sol/U55/ZN (CKND0)                      0.0412      0.5208 r    (576.45,862.28)
  u_impl/u_core/g_row_17__g_col_4__u_pe/u_sol/U58/ZN (OAI222D0)                   0.0452      0.5660 f    (591.69,860.39)
  u_impl/u_core/g_row_17__g_col_4__u_pe/u_sol/u_black_q_reg_6_/D (DFCNQD1)        0.0000      0.5660 f    (587.15,863.98)
  data arrival time                                                                           0.5660

  clock core_clk (rise edge)                                                      0.0000      0.0000
  clock network delay (propagated)                                                0.3356      0.3356
  u_impl/u_core/g_row_17__g_col_4__u_pe/u_sol/u_black_q_reg_6_/CP (DFCNQD1)       0.0000      0.3356 r    (586.12,864.10)
  clock uncertainty                                                               0.2000      0.5356
  library hold time                                                               0.0313      0.5669
  data required time                                                                          0.5669
  -----------------------------------------------------------------------------------------------------------------------------
  data required time                                                                          0.5669
  data arrival time                                                                          -0.5660
  -----------------------------------------------------------------------------------------------------------------------------
  slack (VIOLATED)                                                                           -0.0009



  Startpoint: u_impl/black_shadow_reg_65__1_ (rising edge-triggered flip-flop clocked by core_clk)
  Endpoint: u_impl/u_core/g_row_6__g_col_5__u_pe/u_r_black/q_reg_1_ (rising edge-triggered flip-flop clocked by core_clk)
  Mode: FUNC
  Corner: BC
  Scenario: FUNC_BC
  Path Group: core_clk
  Path Type: min

  Point                                                                            Incr        Path           Location
  -----------------------------------------------------------------------------------------------------------------------------
  clock core_clk (rise edge)                                                      0.0000      0.0000
  clock network delay (propagated)                                                0.3098      0.3098

  u_impl/black_shadow_reg_65__1_/CP (DFQD1)                                       0.0000      0.3098 r    (333.32,189.09)
  u_impl/black_shadow_reg_65__1_/Q (DFQD1)                                        0.1639      0.4737 f    (336.87,189.09)
  u_impl/u_core/g_row_6__g_col_5__u_pe/u_r_black/U15/Z (AO222D0)                  0.0808      0.5545 f    (222.35,144.21)
  u_impl/u_core/g_row_6__g_col_5__u_pe/u_r_black/q_reg_1_/D (DFCNQD1)             0.0000      0.5545 f    (221.95,146.03)
  data arrival time                                                                           0.5545

  clock core_clk (rise edge)                                                      0.0000      0.0000
  clock network delay (propagated)                                                0.3230      0.3230
  u_impl/u_core/g_row_6__g_col_5__u_pe/u_r_black/q_reg_1_/CP (DFCNQD1)            0.0000      0.3230 r    (220.92,145.90)
  clock uncertainty                                                               0.2000      0.5230
  library hold time                                                               0.0324      0.5553
  data required time                                                                          0.5553
  -----------------------------------------------------------------------------------------------------------------------------
  data required time                                                                          0.5553
  data arrival time                                                                          -0.5545
  -----------------------------------------------------------------------------------------------------------------------------
  slack (VIOLATED)                                                                           -0.0009



  Startpoint: u_impl/u_core/g_row_19__g_col_1__u_pe/u_r_black/q_reg_4_ (rising edge-triggered flip-flop clocked by core_clk)
  Endpoint: u_impl/u_core/g_row_19__g_col_1__u_pe/u_r_black/q_reg_3_ (rising edge-triggered flip-flop clocked by core_clk)
  Mode: FUNC
  Corner: BC
  Scenario: FUNC_BC
  Path Group: core_clk
  Path Type: min

  Point                                                                            Incr        Path           Location
  -----------------------------------------------------------------------------------------------------------------------------
  clock core_clk (rise edge)                                                      0.0000      0.0000
  clock network delay (propagated)                                                0.2448      0.2448

  u_impl/u_core/g_row_19__g_col_1__u_pe/u_r_black/q_reg_4_/CP (DFCNQD1)           0.0000      0.2448 r    (752.72,469.90)
  u_impl/u_core/g_row_19__g_col_1__u_pe/u_r_black/q_reg_4_/Q (DFCNQD1)            0.1305      0.3753 f    (756.88,469.89)
  u_impl/u_core/g_row_19__g_col_1__u_pe/u_r_black/copt_h_inst_29355/Z (CKBD0)     0.0467      0.4219 f    (751.91,468.12)
  u_impl/u_core/g_row_19__g_col_1__u_pe/u_r_black/U8/Z (AO222D0)                  0.0605      0.4824 f    (745.15,469.80)
  u_impl/u_core/g_row_19__g_col_1__u_pe/u_r_black/q_reg_3_/D (DFCNQD1)            0.0000      0.4824 f    (748.55,470.03)
  data arrival time                                                                           0.4824

  clock core_clk (rise edge)                                                      0.0000      0.0000
  clock network delay (propagated)                                                0.2477      0.2477
  u_impl/u_core/g_row_19__g_col_1__u_pe/u_r_black/q_reg_3_/CP (DFCNQD1)           0.0000      0.2477 r    (747.52,469.90)
  clock uncertainty                                                               0.2000      0.4477
  library hold time                                                               0.0355      0.4832
  data required time                                                                          0.4832
  -----------------------------------------------------------------------------------------------------------------------------
  data required time                                                                          0.4832
  data arrival time                                                                          -0.4824
  -----------------------------------------------------------------------------------------------------------------------------
  slack (VIOLATED)                                                                           -0.0008



  Startpoint: u_impl/u_core/g_row_19__g_col_1__u_pe/u_r_black/q_reg_4_ (rising edge-triggered flip-flop clocked by core_clk)
  Endpoint: u_impl/u_core/g_row_19__g_col_1__u_pe/u_r_black/q_reg_4_ (rising edge-triggered flip-flop clocked by core_clk)
  Mode: FUNC
  Corner: BC
  Scenario: FUNC_BC
  Path Group: core_clk
  Path Type: min

  Point                                                                            Incr        Path           Location
  -----------------------------------------------------------------------------------------------------------------------------
  clock core_clk (rise edge)                                                      0.0000      0.0000
  clock network delay (propagated)                                                0.2448      0.2448

  u_impl/u_core/g_row_19__g_col_1__u_pe/u_r_black/q_reg_4_/CP (DFCNQD1)           0.0000      0.2448 r    (752.72,469.90)
  u_impl/u_core/g_row_19__g_col_1__u_pe/u_r_black/q_reg_4_/Q (DFCNQD1)            0.1305      0.3753 f    (756.88,469.89)
  u_impl/u_core/g_row_19__g_col_1__u_pe/u_r_black/copt_h_inst_29355/Z (CKBD0)     0.0467      0.4219 f    (751.91,468.12)
  u_impl/u_core/g_row_19__g_col_1__u_pe/u_r_black/U16/Z (AO222D0)                 0.0603      0.4823 f    (750.45,468.21)
  u_impl/u_core/g_row_19__g_col_1__u_pe/u_r_black/q_reg_4_/D (DFCNQD1)            0.0000      0.4823 f    (753.75,470.03)
  data arrival time                                                                           0.4823

  clock core_clk (rise edge)                                                      0.0000      0.0000
  clock network delay (propagated)                                                0.2476      0.2476
  u_impl/u_core/g_row_19__g_col_1__u_pe/u_r_black/q_reg_4_/CP (DFCNQD1)           0.0000      0.2476 r    (752.72,469.90)
  clock uncertainty                                                               0.2000      0.4476
  library hold time                                                               0.0355      0.4831
  data required time                                                                          0.4831
  -----------------------------------------------------------------------------------------------------------------------------
  data required time                                                                          0.4831
  data arrival time                                                                          -0.4823
  -----------------------------------------------------------------------------------------------------------------------------
  slack (VIOLATED)                                                                           -0.0008



  Startpoint: u_impl/u_core/g_row_18__g_col_9__u_pe/u_sol/u_red_q_reg_1_ (rising edge-triggered flip-flop clocked by core_clk)
  Endpoint: u_impl/u_core/g_row_18__g_col_9__u_pe/u_sol/u_red_q_reg_0_ (rising edge-triggered flip-flop clocked by core_clk)
  Mode: FUNC
  Corner: BC
  Scenario: FUNC_BC
  Path Group: core_clk
  Path Type: min

  Point                                                                            Incr        Path           Location
  -----------------------------------------------------------------------------------------------------------------------------
  clock core_clk (rise edge)                                                      0.0000      0.0000
  clock network delay (propagated)                                                0.3315      0.3315

  u_impl/u_core/g_row_18__g_col_9__u_pe/u_sol/u_red_q_reg_1_/CP (DFCNQD1)         0.0000      0.3315 r    (839.32,525.70)
  u_impl/u_core/g_row_18__g_col_9__u_pe/u_sol/u_red_q_reg_1_/Q (DFCNQD1)          0.1178      0.4493 f    (843.49,525.71)
  u_impl/u_core/g_row_18__g_col_9__u_pe/u_sol/U66/ZN (CKND0)                      0.0219      0.4712 r    (842.25,518.52)
  u_impl/u_core/g_row_18__g_col_9__u_pe/u_sol/copt_h_inst_37063/Z (CKBD0)         0.0393      0.5104 r    (844.29,516.68)
  u_impl/u_core/g_row_18__g_col_9__u_pe/u_sol/U72/ZN (OAI222D0)                   0.0360      0.5465 f    (843.89,514.79)
  u_impl/u_core/g_row_18__g_col_9__u_pe/u_sol/u_red_q_reg_0_/D (DFCNQD1)          0.0000      0.5465 f    (841.35,511.18)
  data arrival time                                                                           0.5465

  clock core_clk (rise edge)                                                      0.0000      0.0000
  clock network delay (propagated)                                                0.3192      0.3192
  u_impl/u_core/g_row_18__g_col_9__u_pe/u_sol/u_red_q_reg_0_/CP (DFCNQD1)         0.0000      0.3192 r    (840.32,511.30)
  clock uncertainty                                                               0.2000      0.5192
  library hold time                                                               0.0281      0.5473
  data required time                                                                          0.5473
  -----------------------------------------------------------------------------------------------------------------------------
  data required time                                                                          0.5473
  data arrival time                                                                          -0.5465
  -----------------------------------------------------------------------------------------------------------------------------
  slack (VIOLATED)                                                                           -0.0008



  Startpoint: u_impl/u_core/g_row_16__g_col_3__u_pe/u_sol/u_black_q_reg_8_ (rising edge-triggered flip-flop clocked by core_clk)
  Endpoint: u_impl/u_core/g_row_16__g_col_3__u_pe/u_sol/u_black_q_reg_8_ (rising edge-triggered flip-flop clocked by core_clk)
  Mode: FUNC
  Corner: BC
  Scenario: FUNC_BC
  Path Group: core_clk
  Path Type: min

  Point                                                                            Incr        Path           Location
  -----------------------------------------------------------------------------------------------------------------------------
  clock core_clk (rise edge)                                                      0.0000      0.0000
  clock network delay (propagated)                                                0.2358      0.2358

  u_impl/u_core/g_row_16__g_col_3__u_pe/u_sol/u_black_q_reg_8_/CP (DFCNQD1)       0.0000      0.2358 r    (450.32,864.10)
  u_impl/u_core/g_row_16__g_col_3__u_pe/u_sol/u_black_q_reg_8_/Q (DFCNQD1)        0.1233      0.3591 f    (454.49,864.11)
  u_impl/u_core/g_row_16__g_col_3__u_pe/u_sol/copt_h_inst_47754/Z (CKBD0)         0.0308      0.3899 f    (449.71,858.68)
  u_impl/u_core/g_row_16__g_col_3__u_pe/u_sol/U89/ZN (CKND0)                      0.0292      0.4191 r    (449.15,858.68)
  u_impl/u_core/g_row_16__g_col_3__u_pe/u_sol/U90/ZN (OAI222D0)                   0.0523      0.4713 f    (449.29,856.79)
  u_impl/u_core/g_row_16__g_col_3__u_pe/u_sol/u_black_q_reg_8_/D (DFCNQD1)        0.0000      0.4714 f    (451.35,863.98)
  data arrival time                                                                           0.4714

  clock core_clk (rise edge)                                                      0.0000      0.0000
  clock network delay (propagated)                                                0.2392      0.2392
  u_impl/u_core/g_row_16__g_col_3__u_pe/u_sol/u_black_q_reg_8_/CP (DFCNQD1)       0.0000      0.2392 r    (450.32,864.10)
  clock uncertainty                                                               0.2000      0.4392
  library hold time                                                               0.0330      0.4722
  data required time                                                                          0.4722
  -----------------------------------------------------------------------------------------------------------------------------
  data required time                                                                          0.4722
  data arrival time                                                                          -0.4714
  -----------------------------------------------------------------------------------------------------------------------------
  slack (VIOLATED)                                                                           -0.0008



  Startpoint: u_impl/u_core/g_row_15__g_col_2__u_pe/u_alu/carry_q_reg_3_ (rising edge-triggered flip-flop clocked by core_clk)
  Endpoint: u_impl/u_core/g_row_15__g_col_2__u_pe/u_alu/carry_q_reg_3_ (rising edge-triggered flip-flop clocked by core_clk)
  Mode: FUNC
  Corner: BC
  Scenario: FUNC_BC
  Path Group: core_clk
  Path Type: min

  Point                                                                            Incr        Path           Location
  -----------------------------------------------------------------------------------------------------------------------------
  clock core_clk (rise edge)                                                      0.0000      0.0000
  clock network delay (propagated)                                                0.3226      0.3226

  u_impl/u_core/g_row_15__g_col_2__u_pe/u_alu/carry_q_reg_3_/CP (DFCNQD1)         0.0000      0.3226 r    (301.32,784.90)
  u_impl/u_core/g_row_15__g_col_2__u_pe/u_alu/carry_q_reg_3_/Q (DFCNQD1)          0.1227      0.4453 f    (305.49,784.91)
  u_impl/u_core/g_row_15__g_col_2__u_pe/u_alu/copt_h_inst_30883/Z (CKBD0)         0.0361      0.4814 f    (302.09,786.68)
  u_impl/u_core/g_row_15__g_col_2__u_pe/u_alu/U19/ZN (AOI21D0)                    0.0510      0.5325 r    (303.89,786.60)
  u_impl/u_core/g_row_15__g_col_2__u_pe/u_alu/U20/ZN (NR2D0)                      0.0255      0.5580 f    (304.05,783.01)
  u_impl/u_core/g_row_15__g_col_2__u_pe/u_alu/carry_q_reg_3_/D (DFCNQD1)          0.0000      0.5580 f    (302.35,784.78)
  data arrival time                                                                           0.5580

  clock core_clk (rise edge)                                                      0.0000      0.0000
  clock network delay (propagated)                                                0.3274      0.3274
  u_impl/u_core/g_row_15__g_col_2__u_pe/u_alu/carry_q_reg_3_/CP (DFCNQD1)         0.0000      0.3274 r    (301.32,784.90)
  clock uncertainty                                                               0.2000      0.5274
  library hold time                                                               0.0314      0.5588
  data required time                                                                          0.5588
  -----------------------------------------------------------------------------------------------------------------------------
  data required time                                                                          0.5588
  data arrival time                                                                          -0.5580
  -----------------------------------------------------------------------------------------------------------------------------
  slack (VIOLATED)                                                                           -0.0008



  Startpoint: u_impl/u_core/g_row_3__g_col_7__u_pe/u_sol/u_black_q_reg_6_ (rising edge-triggered flip-flop clocked by core_clk)
  Endpoint: u_impl/u_core/g_row_3__g_col_7__u_pe/u_sol/u_black_q_reg_5_ (rising edge-triggered flip-flop clocked by core_clk)
  Mode: FUNC
  Corner: BC
  Scenario: FUNC_BC
  Path Group: core_clk
  Path Type: min

  Point                                                                            Incr        Path           Location
  -----------------------------------------------------------------------------------------------------------------------------
  clock core_clk (rise edge)                                                      0.0000      0.0000
  clock network delay (propagated)                                                0.2960      0.2960

  u_impl/u_core/g_row_3__g_col_7__u_pe/u_sol/u_black_q_reg_6_/CP (DFCNQD1)        0.0000      0.2960 r    (669.72,10.90)
  u_impl/u_core/g_row_3__g_col_7__u_pe/u_sol/u_black_q_reg_6_/Q (DFCNQD1)         0.1253      0.4213 f    (673.88,10.91)
  u_impl/u_core/g_row_3__g_col_7__u_pe/u_sol/copt_h_inst_46395/Z (DEL005)         0.0504      0.4717 f    (676.16,12.68)
  u_impl/u_core/g_row_3__g_col_7__u_pe/u_sol/U57/ZN (CKND0)                       0.0340      0.5057 r    (670.35,16.28)
  u_impl/u_core/g_row_3__g_col_7__u_pe/u_sol/U60/ZN (OAI222D0)                    0.0437      0.5494 f    (663.71,16.41)
  u_impl/u_core/g_row_3__g_col_7__u_pe/u_sol/u_black_q_reg_5_/D (DFCNQD1)         0.0000      0.5494 f    (661.95,10.78)
  data arrival time                                                                           0.5494

  clock core_clk (rise edge)                                                      0.0000      0.0000
  clock network delay (propagated)                                                0.3145      0.3145
  u_impl/u_core/g_row_3__g_col_7__u_pe/u_sol/u_black_q_reg_5_/CP (DFCNQD1)        0.0000      0.3145 r    (660.92,10.90)
  clock uncertainty                                                               0.2000      0.5145
  library hold time                                                               0.0357      0.5502
  data required time                                                                          0.5502
  -----------------------------------------------------------------------------------------------------------------------------
  data required time                                                                          0.5502
  data arrival time                                                                          -0.5494
  -----------------------------------------------------------------------------------------------------------------------------
  slack (VIOLATED)                                                                           -0.0008



  Startpoint: u_impl/u_core/g_row_19__g_col_2__u_pe/u_sol/u_red_q_reg_6_ (rising edge-triggered flip-flop clocked by core_clk)
  Endpoint: u_impl/u_core/g_row_19__g_col_2__u_pe/u_sol/u_red_q_reg_5_ (rising edge-triggered flip-flop clocked by core_clk)
  Mode: FUNC
  Corner: BC
  Scenario: FUNC_BC
  Path Group: core_clk
  Path Type: min

  Point                                                                            Incr        Path           Location
  -----------------------------------------------------------------------------------------------------------------------------
  clock core_clk (rise edge)                                                      0.0000      0.0000
  clock network delay (propagated)                                                0.3195      0.3195

  u_impl/u_core/g_row_19__g_col_2__u_pe/u_sol/u_red_q_reg_6_/CP (DFCNQD1)         0.0000      0.3195 r    (860.72,441.10)
  u_impl/u_core/g_row_19__g_col_2__u_pe/u_sol/u_red_q_reg_6_/Q (DFCNQD1)          0.1137      0.4332 f    (864.88,441.09)
  u_impl/u_core/g_row_19__g_col_2__u_pe/u_sol/U6/ZN (CKND0)                       0.0175      0.4507 r    (863.35,442.92)
  u_impl/u_core/g_row_19__g_col_2__u_pe/u_sol/copt_h_inst_34006/Z (CKBD0)         0.0480      0.4987 r    (861.71,442.92)
  u_impl/u_core/g_row_19__g_col_2__u_pe/u_sol/U95/ZN (OAI222D0)                   0.0517      0.5504 f    (856.69,446.39)
  u_impl/u_core/g_row_19__g_col_2__u_pe/u_sol/u_red_q_reg_5_/D (DFCNQD1)          0.0000      0.5505 f    (861.75,435.58)
  data arrival time                                                                           0.5505

  clock core_clk (rise edge)                                                      0.0000      0.0000
  clock network delay (propagated)                                                0.3234      0.3234
  u_impl/u_core/g_row_19__g_col_2__u_pe/u_sol/u_red_q_reg_5_/CP (DFCNQD1)         0.0000      0.3234 r    (860.72,435.70)
  clock uncertainty                                                               0.2000      0.5234
  library hold time                                                               0.0278      0.5512
  data required time                                                                          0.5512
  -----------------------------------------------------------------------------------------------------------------------------
  data required time                                                                          0.5512
  data arrival time                                                                          -0.5505
  -----------------------------------------------------------------------------------------------------------------------------
  slack (VIOLATED)                                                                           -0.0008



  Startpoint: u_impl/u_core/g_row_7__g_col_3__u_pe/u_r_black/q_reg_3_ (rising edge-triggered flip-flop clocked by core_clk)
  Endpoint: u_impl/u_core/g_row_7__g_col_3__u_pe/u_r_black/q_reg_3_ (rising edge-triggered flip-flop clocked by core_clk)
  Mode: FUNC
  Corner: BC
  Scenario: FUNC_BC
  Path Group: core_clk
  Path Type: min

  Point                                                                            Incr        Path           Location
  -----------------------------------------------------------------------------------------------------------------------------
  clock core_clk (rise edge)                                                      0.0000      0.0000
  clock network delay (propagated)                                                0.3251      0.3251

  u_impl/u_core/g_row_7__g_col_3__u_pe/u_r_black/q_reg_3_/CP (DFCNQD1)            0.0000      0.3251 r    (194.52,298.90)
  u_impl/u_core/g_row_7__g_col_3__u_pe/u_r_black/q_reg_3_/Q (DFCNQD1)             0.1249      0.4500 f    (198.69,298.91)
  u_impl/u_core/g_row_7__g_col_3__u_pe/u_r_black/copt_h_inst_37658/Z (CKBD0)      0.0389      0.4889 f    (193.91,300.68)
  u_impl/u_core/g_row_7__g_col_3__u_pe/u_r_black/U10/Z (AO222D0)                  0.0733      0.5623 f    (195.85,295.41)
  u_impl/u_core/g_row_7__g_col_3__u_pe/u_r_black/q_reg_3_/D (DFCNQD1)             0.0000      0.5623 f    (195.55,298.78)
  data arrival time                                                                           0.5623

  clock core_clk (rise edge)                                                      0.0000      0.0000
  clock network delay (propagated)                                                0.3307      0.3307
  u_impl/u_core/g_row_7__g_col_3__u_pe/u_r_black/q_reg_3_/CP (DFCNQD1)            0.0000      0.3307 r    (194.52,298.90)
  clock uncertainty                                                               0.2000      0.5307
  library hold time                                                               0.0324      0.5630
  data required time                                                                          0.5630
  -----------------------------------------------------------------------------------------------------------------------------
  data required time                                                                          0.5630
  data arrival time                                                                          -0.5623
  -----------------------------------------------------------------------------------------------------------------------------
  slack (VIOLATED)                                                                           -0.0008



  Startpoint: u_impl/u_core/g_row_12__g_col_3__u_pe/u_r_black/q_reg_10_ (rising edge-triggered flip-flop clocked by core_clk)
  Endpoint: u_impl/u_core/g_row_12__g_col_3__u_pe/u_r_black/q_reg_9_ (rising edge-triggered flip-flop clocked by core_clk)
  Mode: FUNC
  Corner: BC
  Scenario: FUNC_BC
  Path Group: core_clk
  Path Type: min

  Point                                                                            Incr        Path           Location
  -----------------------------------------------------------------------------------------------------------------------------
  clock core_clk (rise edge)                                                      0.0000      0.0000
  clock network delay (propagated)                                                0.2432      0.2432

  u_impl/u_core/g_row_12__g_col_3__u_pe/u_r_black/q_reg_10_/CP (DFCNQD1)          0.0000      0.2432 r    (582.92,685.90)
  u_impl/u_core/g_row_12__g_col_3__u_pe/u_r_black/q_reg_10_/Q (DFCNQD1)           0.1513      0.3945 f    (587.09,685.89)
  u_impl/u_core/g_row_12__g_col_3__u_pe/u_r_black/U13/Z (AO222D0)                 0.0843      0.4788 f    (585.05,677.00)
  u_impl/u_core/g_row_12__g_col_3__u_pe/u_r_black/q_reg_9_/D (DFCNQD1)            0.0000      0.4788 f    (586.75,680.38)
  data arrival time                                                                           0.4788

  clock core_clk (rise edge)                                                      0.0000      0.0000
  clock network delay (propagated)                                                0.2460      0.2460
  u_impl/u_core/g_row_12__g_col_3__u_pe/u_r_black/q_reg_9_/CP (DFCNQD1)           0.0000      0.2460 r    (585.72,680.50)
  clock uncertainty                                                               0.2000      0.4460
  library hold time                                                               0.0334      0.4795
  data required time                                                                          0.4795
  -----------------------------------------------------------------------------------------------------------------------------
  data required time                                                                          0.4795
  data arrival time                                                                          -0.4788
  -----------------------------------------------------------------------------------------------------------------------------
  slack (VIOLATED)                                                                           -0.0007



  Startpoint: u_impl/u_core/g_row_12__g_col_8__u_pe/u_r_black/q_reg_7_ (rising edge-triggered flip-flop clocked by core_clk)
  Endpoint: u_impl/u_core/g_row_12__g_col_8__u_pe/u_r_black/q_reg_6_ (rising edge-triggered flip-flop clocked by core_clk)
  Mode: FUNC
  Corner: BC
  Scenario: FUNC_BC
  Path Group: core_clk
  Path Type: min

  Point                                                                            Incr        Path           Location
  -----------------------------------------------------------------------------------------------------------------------------
  clock core_clk (rise edge)                                                      0.0000      0.0000
  clock network delay (propagated)                                                0.3178      0.3178

  u_impl/u_core/g_row_12__g_col_8__u_pe/u_r_black/q_reg_7_/CP (DFCNQD1)           0.0000      0.3178 r    (626.12,669.70)
  u_impl/u_core/g_row_12__g_col_8__u_pe/u_r_black/q_reg_7_/Q (DFCNQD1)            0.1245      0.4423 f    (630.29,669.71)
  u_impl/u_core/g_row_12__g_col_8__u_pe/u_r_black/copt_h_inst_44407/Z (CKBD0)     0.0482      0.4905 f    (626.31,671.48)
  u_impl/u_core/g_row_12__g_col_8__u_pe/u_r_black/U13/Z (AO222D0)                 0.0821      0.5726 f    (626.05,666.21)
  u_impl/u_core/g_row_12__g_col_8__u_pe/u_r_black/q_reg_6_/D (DFCNQD1)            0.0000      0.5726 f    (633.55,664.43)
  data arrival time                                                                           0.5726

  clock core_clk (rise edge)                                                      0.0000      0.0000
  clock network delay (propagated)                                                0.3293      0.3293
  u_impl/u_core/g_row_12__g_col_8__u_pe/u_r_black/q_reg_6_/CP (DFCNQD1)           0.0000      0.3293 r    (632.52,664.30)
  clock uncertainty                                                               0.2000      0.5293
  library hold time                                                               0.0440      0.5733
  data required time                                                                          0.5733
  -----------------------------------------------------------------------------------------------------------------------------
  data required time                                                                          0.5733
  data arrival time                                                                          -0.5726
  -----------------------------------------------------------------------------------------------------------------------------
  slack (VIOLATED)                                                                           -0.0007



  Startpoint: u_impl/u_core/g_row_3__g_col_6__u_pe/u_sol/u_red_q_reg_11_ (rising edge-triggered flip-flop clocked by core_clk)
  Endpoint: u_impl/u_core/g_row_3__g_col_6__u_pe/u_sol/u_red_q_reg_11_ (rising edge-triggered flip-flop clocked by core_clk)
  Mode: FUNC
  Corner: BC
  Scenario: FUNC_BC
  Path Group: core_clk
  Path Type: min

  Point                                                                            Incr        Path           Location
  -----------------------------------------------------------------------------------------------------------------------------
  clock core_clk (rise edge)                                                      0.0000      0.0000
  clock network delay (propagated)                                                0.2959      0.2959

  u_impl/u_core/g_row_3__g_col_6__u_pe/u_sol/u_red_q_reg_11_/CP (DFCNQD1)         0.0000      0.2959 r    (682.92,46.90)
  u_impl/u_core/g_row_3__g_col_6__u_pe/u_sol/u_red_q_reg_11_/Q (DFCNQD1)          0.1227      0.4186 f    (687.09,46.91)
  u_impl/u_core/g_row_3__g_col_6__u_pe/u_sol/copt_h_inst_47376/Z (CKBD0)          0.0384      0.4569 f    (687.31,45.08)
  u_impl/u_core/g_row_3__g_col_6__u_pe/u_sol/U83/ZN (CKND0)                       0.0319      0.4888 r    (682.75,48.68)
  u_impl/u_core/g_row_3__g_col_6__u_pe/u_sol/U84/ZN (OAI222D0)                    0.0438      0.5325 f    (680.89,46.79)
  u_impl/u_core/g_row_3__g_col_6__u_pe/u_sol/u_red_q_reg_11_/D (DFCNQD1)          0.0000      0.5325 f    (683.95,46.78)
  data arrival time                                                                           0.5325

  clock core_clk (rise edge)                                                      0.0000      0.0000
  clock network delay (propagated)                                                0.2998      0.2998
  u_impl/u_core/g_row_3__g_col_6__u_pe/u_sol/u_red_q_reg_11_/CP (DFCNQD1)         0.0000      0.2998 r    (682.92,46.90)
  clock uncertainty                                                               0.2000      0.4998
  library hold time                                                               0.0335      0.5332
  data required time                                                                          0.5332
  -----------------------------------------------------------------------------------------------------------------------------
  data required time                                                                          0.5332
  data arrival time                                                                          -0.5325
  -----------------------------------------------------------------------------------------------------------------------------
  slack (VIOLATED)                                                                           -0.0007



  Startpoint: u_impl/u_core/g_row_15__g_col_7__u_pe/u_sol/u_black_q_reg_5_ (rising edge-triggered flip-flop clocked by core_clk)
  Endpoint: u_impl/u_core/g_row_15__g_col_7__u_pe/u_sol/u_black_q_reg_4_ (rising edge-triggered flip-flop clocked by core_clk)
  Mode: FUNC
  Corner: BC
  Scenario: FUNC_BC
  Path Group: core_clk
  Path Type: min

  Point                                                                            Incr        Path           Location
  -----------------------------------------------------------------------------------------------------------------------------
  clock core_clk (rise edge)                                                      0.0000      0.0000
  clock network delay (propagated)                                                0.3251      0.3251

  u_impl/u_core/g_row_15__g_col_7__u_pe/u_sol/u_black_q_reg_5_/CP (DFCNQD1)       0.0000      0.3251 r    (148.12,759.70)
  u_impl/u_core/g_row_15__g_col_7__u_pe/u_sol/u_black_q_reg_5_/Q (DFCNQD1)        0.1158      0.4409 f    (152.28,759.71)
  u_impl/u_core/g_row_15__g_col_7__u_pe/u_sol/U59/ZN (CKND0)                      0.0201      0.4611 r    (147.75,757.88)
  u_impl/u_core/g_row_15__g_col_7__u_pe/u_sol/copt_h_inst_34095/Z (CKBD0)         0.0512      0.5123 r    (145.69,756.12)
  u_impl/u_core/g_row_15__g_col_7__u_pe/u_sol/U62/ZN (OAI222D0)                   0.0449      0.5572 f    (155.11,759.59)
  u_impl/u_core/g_row_15__g_col_7__u_pe/u_sol/u_black_q_reg_4_/D (DFCNQD1)        0.0000      0.5572 f    (151.55,754.43)
  data arrival time                                                                           0.5572

  clock core_clk (rise edge)                                                      0.0000      0.0000
  clock network delay (propagated)                                                0.3285      0.3285
  u_impl/u_core/g_row_15__g_col_7__u_pe/u_sol/u_black_q_reg_4_/CP (DFCNQD1)       0.0000      0.3285 r    (150.52,754.30)
  clock uncertainty                                                               0.2000      0.5285
  library hold time                                                               0.0293      0.5579
  data required time                                                                          0.5579
  -----------------------------------------------------------------------------------------------------------------------------
  data required time                                                                          0.5579
  data arrival time                                                                          -0.5572
  -----------------------------------------------------------------------------------------------------------------------------
  slack (VIOLATED)                                                                           -0.0007



  Startpoint: u_impl/black_shadow_reg_6__13_ (rising edge-triggered flip-flop clocked by core_clk)
  Endpoint: u_impl/black_shadow_reg_6__13_ (rising edge-triggered flip-flop clocked by core_clk)
  Mode: FUNC
  Corner: BC
  Scenario: FUNC_BC
  Path Group: core_clk
  Path Type: min

  Point                                                                            Incr        Path           Location
  -----------------------------------------------------------------------------------------------------------------------------
  clock core_clk (rise edge)                                                      0.0000      0.0000
  clock network delay (propagated)                                                0.2217      0.2217

  u_impl/black_shadow_reg_6__13_/CP (DFQD1)                                       0.0000      0.2217 r    (710.72,275.49)
  u_impl/black_shadow_reg_6__13_/Q (DFQD1)                                        0.1569      0.3785 f    (714.27,275.50)
  u_impl/U10261/ZN (IAO22D0)                                                      0.0715      0.4500 f    (706.05,275.51)
  u_impl/black_shadow_reg_6__13_/D (DFQD1)                                        0.0000      0.4501 f    (711.75,275.51)
  data arrival time                                                                           0.4501

  clock core_clk (rise edge)                                                      0.0000      0.0000
  clock network delay (propagated)                                                0.2246      0.2246
  u_impl/black_shadow_reg_6__13_/CP (DFQD1)                                       0.0000      0.2246 r    (710.72,275.49)
  clock uncertainty                                                               0.2000      0.4246
  library hold time                                                               0.0261      0.4507
  data required time                                                                          0.4507
  -----------------------------------------------------------------------------------------------------------------------------
  data required time                                                                          0.4507
  data arrival time                                                                          -0.4501
  -----------------------------------------------------------------------------------------------------------------------------
  slack (VIOLATED)                                                                           -0.0007



  Startpoint: u_impl/u_core/g_row_13__g_col_4__u_pe/u_sol/u_black_q_reg_13_ (rising edge-triggered flip-flop clocked by core_clk)
  Endpoint: u_impl/u_core/g_row_13__g_col_4__u_pe/u_sol/u_black_q_reg_12_ (rising edge-triggered flip-flop clocked by core_clk)
  Mode: FUNC
  Corner: BC
  Scenario: FUNC_BC
  Path Group: core_clk
  Path Type: min

  Point                                                                            Incr        Path           Location
  -----------------------------------------------------------------------------------------------------------------------------
  clock core_clk (rise edge)                                                      0.0000      0.0000
  clock network delay (propagated)                                                0.2631      0.2631

  u_impl/u_core/g_row_13__g_col_4__u_pe/u_sol/u_black_q_reg_13_/CP (DFCNQD1)      0.0000      0.2631 r    (775.92,698.50)
  u_impl/u_core/g_row_13__g_col_4__u_pe/u_sol/u_black_q_reg_13_/Q (DFCNQD1)       0.1294      0.3925 f    (780.09,698.51)
  u_impl/u_core/g_row_13__g_col_4__u_pe/u_sol/U7/ZN (CKND0)                       0.0247      0.4172 r    (778.55,696.68)
  u_impl/u_core/g_row_13__g_col_4__u_pe/u_sol/copt_h_inst_34857/Z (CKBD0)         0.0459      0.4631 r    (773.71,698.52)
  u_impl/u_core/g_row_13__g_col_4__u_pe/u_sol/U46/ZN (OAI222D0)                   0.0378      0.5009 f    (774.09,694.79)
  u_impl/u_core/g_row_13__g_col_4__u_pe/u_sol/u_black_q_reg_12_/D (DFCNQD1)       0.0000      0.5009 f    (774.55,696.83)
  data arrival time                                                                           0.5009

  clock core_clk (rise edge)                                                      0.0000      0.0000
  clock network delay (propagated)                                                0.2668      0.2668
  u_impl/u_core/g_row_13__g_col_4__u_pe/u_sol/u_black_q_reg_12_/CP (DFCNQD1)      0.0000      0.2668 r    (773.52,696.70)
  clock uncertainty                                                               0.2000      0.4668
  library hold time                                                               0.0348      0.5016
  data required time                                                                          0.5016
  -----------------------------------------------------------------------------------------------------------------------------
  data required time                                                                          0.5016
  data arrival time                                                                          -0.5009
  -----------------------------------------------------------------------------------------------------------------------------
  slack (VIOLATED)                                                                           -0.0007



  Startpoint: u_impl/u_core/g_row_1__g_col_9__u_pe/u_r_black/q_reg_5_ (rising edge-triggered flip-flop clocked by core_clk)
  Endpoint: u_impl/u_core/g_row_1__g_col_9__u_pe/u_r_black/q_reg_4_ (rising edge-triggered flip-flop clocked by core_clk)
  Mode: FUNC
  Corner: BC
  Scenario: FUNC_BC
  Path Group: core_clk
  Path Type: min

  Point                                                                            Incr        Path           Location
  -----------------------------------------------------------------------------------------------------------------------------
  clock core_clk (rise edge)                                                      0.0000      0.0000
  clock network delay (propagated)                                                0.3190      0.3190

  u_impl/u_core/g_row_1__g_col_9__u_pe/u_r_black/q_reg_5_/CP (DFCNQD1)            0.0000      0.3190 r    (621.72,149.50)
  u_impl/u_core/g_row_1__g_col_9__u_pe/u_r_black/q_reg_5_/Q (DFCNQD1)             0.1259      0.4449 f    (625.88,149.49)
  u_impl/u_core/g_row_1__g_col_9__u_pe/u_r_black/copt_h_inst_40861/Z (CKBD0)      0.0411      0.4860 f    (626.11,149.48)
  u_impl/u_core/g_row_1__g_col_9__u_pe/u_r_black/U15/Z (AO222D0)                  0.0757      0.5618 f    (625.85,153.00)
  u_impl/u_core/g_row_1__g_col_9__u_pe/u_r_black/q_reg_4_/D (DFCNQD1)             0.0000      0.5618 f    (626.15,151.18)
  data arrival time                                                                           0.5618

  clock core_clk (rise edge)                                                      0.0000      0.0000
  clock network delay (propagated)                                                0.3230      0.3230
  u_impl/u_core/g_row_1__g_col_9__u_pe/u_r_black/q_reg_4_/CP (DFCNQD1)            0.0000      0.3230 r    (625.12,151.30)
  clock uncertainty                                                               0.2000      0.5230
  library hold time                                                               0.0394      0.5624
  data required time                                                                          0.5624
  -----------------------------------------------------------------------------------------------------------------------------
  data required time                                                                          0.5624
  data arrival time                                                                          -0.5618
  -----------------------------------------------------------------------------------------------------------------------------
  slack (VIOLATED)                                                                           -0.0007



  Startpoint: u_impl/u_core/g_row_14__g_col_9__u_pe/u_alu/carry_q_reg_3_ (rising edge-triggered flip-flop clocked by core_clk)
  Endpoint: u_impl/u_core/g_row_14__g_col_9__u_pe/u_alu/carry_q_reg_3_ (rising edge-triggered flip-flop clocked by core_clk)
  Mode: FUNC
  Corner: BC
  Scenario: FUNC_BC
  Path Group: core_clk
  Path Type: min

  Point                                                                            Incr        Path           Location
  -----------------------------------------------------------------------------------------------------------------------------
  clock core_clk (rise edge)                                                      0.0000      0.0000
  clock network delay (propagated)                                                0.2474      0.2474

  u_impl/u_core/g_row_14__g_col_9__u_pe/u_alu/carry_q_reg_3_/CP (DFCNQD1)         0.0000      0.2474 r    (337.32,763.30)
  u_impl/u_core/g_row_14__g_col_9__u_pe/u_alu/carry_q_reg_3_/Q (DFCNQD1)          0.1325      0.3799 f    (341.49,763.31)
  u_impl/u_core/g_row_14__g_col_9__u_pe/u_alu/copt_h_inst_30879/Z (CKBD0)         0.0340      0.4139 f    (341.51,759.72)
  u_impl/u_core/g_row_14__g_col_9__u_pe/u_alu/U21/ZN (AOI21D0)                    0.0492      0.4631 r    (340.69,759.80)
  u_impl/u_core/g_row_14__g_col_9__u_pe/u_alu/U22/ZN (NR2D0)                      0.0248      0.4879 f    (339.15,761.41)
  u_impl/u_core/g_row_14__g_col_9__u_pe/u_alu/carry_q_reg_3_/D (DFCNQD1)          0.0000      0.4879 f    (338.35,763.18)
  data arrival time                                                                           0.4879

  clock core_clk (rise edge)                                                      0.0000      0.0000
  clock network delay (propagated)                                                0.2511      0.2511
  u_impl/u_core/g_row_14__g_col_9__u_pe/u_alu/carry_q_reg_3_/CP (DFCNQD1)         0.0000      0.2511 r    (337.32,763.30)
  clock uncertainty                                                               0.2000      0.4511
  library hold time                                                               0.0375      0.4886
  data required time                                                                          0.4886
  -----------------------------------------------------------------------------------------------------------------------------
  data required time                                                                          0.4886
  data arrival time                                                                          -0.4879
  -----------------------------------------------------------------------------------------------------------------------------
  slack (VIOLATED)                                                                           -0.0007



  Startpoint: u_impl/u_core/g_row_17__g_col_9__u_pe/u_r_red/q_reg_8_ (rising edge-triggered flip-flop clocked by core_clk)
  Endpoint: u_impl/u_core/g_row_17__g_col_9__u_pe/u_r_red/q_reg_7_ (rising edge-triggered flip-flop clocked by core_clk)
  Mode: FUNC
  Corner: BC
  Scenario: FUNC_BC
  Path Group: core_clk
  Path Type: min

  Point                                                                            Incr        Path           Location
  -----------------------------------------------------------------------------------------------------------------------------
  clock core_clk (rise edge)                                                      0.0000      0.0000
  clock network delay (propagated)                                                0.3062      0.3062

  u_impl/u_core/g_row_17__g_col_9__u_pe/u_r_red/q_reg_8_/CP (DFCNQD1)             0.0000      0.3062 r    (716.72,585.10)
  u_impl/u_core/g_row_17__g_col_9__u_pe/u_r_red/q_reg_8_/Q (DFCNQD1)              0.1409      0.4471 f    (720.88,585.09)
  u_impl/u_core/g_row_17__g_col_9__u_pe/u_r_red/copt_h_inst_31383/Z (CKBD0)       0.0651      0.5122 f    (716.91,581.48)
  u_impl/u_core/g_row_17__g_col_9__u_pe/u_r_red/U10/Z (AO222D0)                   0.0706      0.5828 f    (703.95,569.00)
  u_impl/u_core/g_row_17__g_col_9__u_pe/u_r_red/q_reg_7_/D (DFCNQD1)              0.0000      0.5828 f    (709.35,570.83)
  data arrival time                                                                           0.5828

  clock core_clk (rise edge)                                                      0.0000      0.0000
  clock network delay (propagated)                                                0.3412      0.3412
  u_impl/u_core/g_row_17__g_col_9__u_pe/u_r_red/q_reg_7_/CP (DFCNQD1)             0.0000      0.3412 r    (708.32,570.70)
  clock uncertainty                                                               0.2000      0.5412
  library hold time                                                               0.0422      0.5834
  data required time                                                                          0.5835
  -----------------------------------------------------------------------------------------------------------------------------
  data required time                                                                          0.5835
  data arrival time                                                                          -0.5828
  -----------------------------------------------------------------------------------------------------------------------------
  slack (VIOLATED)                                                                           -0.0006



  Startpoint: u_impl/u_core/g_row_14__g_col_5__u_pe/u_r_red/q_reg_15_ (rising edge-triggered flip-flop clocked by core_clk)
  Endpoint: u_impl/u_core/g_row_14__g_col_5__u_pe/u_r_red/q_reg_15_ (rising edge-triggered flip-flop clocked by core_clk)
  Mode: FUNC
  Corner: BC
  Scenario: FUNC_BC
  Path Group: core_clk
  Path Type: min

  Point                                                                            Incr        Path           Location
  -----------------------------------------------------------------------------------------------------------------------------
  clock core_clk (rise edge)                                                      0.0000      0.0000
  clock network delay (propagated)                                                0.3429      0.3429

  u_impl/u_core/g_row_14__g_col_5__u_pe/u_r_red/q_reg_15_/CP (DFCNQD1)            0.0000      0.3429 r    (371.92,779.50)
  u_impl/u_core/g_row_14__g_col_5__u_pe/u_r_red/q_reg_15_/Q (DFCNQD1)             0.1168      0.4597 f    (376.09,779.49)
  u_impl/u_core/g_row_14__g_col_5__u_pe/u_r_red/copt_h_inst_40264/Z (CKBD0)       0.0421      0.5018 f    (375.69,777.72)
  u_impl/u_core/g_row_14__g_col_5__u_pe/u_r_red/U29/ZN (AOI22D0)                  0.0449      0.5468 r    (375.50,774.19)
  u_impl/u_core/g_row_14__g_col_5__u_pe/u_r_red/U31/ZN (CKND2D0)                  0.0314      0.5782 f    (374.45,777.72)
  u_impl/u_core/g_row_14__g_col_5__u_pe/u_r_red/q_reg_15_/D (DFCNQD1)             0.0000      0.5782 f    (372.95,779.62)
  data arrival time                                                                           0.5782

  clock core_clk (rise edge)                                                      0.0000      0.0000
  clock network delay (propagated)                                                0.3483      0.3483
  u_impl/u_core/g_row_14__g_col_5__u_pe/u_r_red/q_reg_15_/CP (DFCNQD1)            0.0000      0.3483 r    (371.92,779.50)
  clock uncertainty                                                               0.2000      0.5483
  library hold time                                                               0.0305      0.5788
  data required time                                                                          0.5788
  -----------------------------------------------------------------------------------------------------------------------------
  data required time                                                                          0.5788
  data arrival time                                                                          -0.5782
  -----------------------------------------------------------------------------------------------------------------------------
  slack (VIOLATED)                                                                           -0.0006



  Startpoint: u_impl/east_shadow_reg_13__0_ (rising edge-triggered flip-flop clocked by core_clk)
  Endpoint: u_impl/east_shadow_reg_13__0_ (rising edge-triggered flip-flop clocked by core_clk)
  Mode: FUNC
  Corner: BC
  Scenario: FUNC_BC
  Path Group: core_clk
  Path Type: min

  Point                                                                            Incr        Path           Location
  -----------------------------------------------------------------------------------------------------------------------------
  clock core_clk (rise edge)                                                      0.0000      0.0000
  clock network delay (propagated)                                                0.2676      0.2676

  u_impl/east_shadow_reg_13__0_/CP (DFQD1)                                        0.0000      0.2676 r    (681.12,374.51)
  u_impl/east_shadow_reg_13__0_/Q (DFQD1)                                         0.1649      0.4325 f    (684.67,374.50)
  u_impl/U12817/ZN (IAO22D0)                                                      0.0691      0.5015 f    (680.95,370.89)
  u_impl/east_shadow_reg_13__0_/D (DFQD1)                                         0.0000      0.5015 f    (682.16,374.49)
  data arrival time                                                                           0.5015

  clock core_clk (rise edge)                                                      0.0000      0.0000
  clock network delay (propagated)                                                0.2709      0.2709
  u_impl/east_shadow_reg_13__0_/CP (DFQD1)                                        0.0000      0.2709 r    (681.12,374.51)
  clock uncertainty                                                               0.2000      0.4709
  library hold time                                                               0.0312      0.5021
  data required time                                                                          0.5021
  -----------------------------------------------------------------------------------------------------------------------------
  data required time                                                                          0.5021
  data arrival time                                                                          -0.5015
  -----------------------------------------------------------------------------------------------------------------------------
  slack (VIOLATED)                                                                           -0.0006



  Startpoint: u_impl/u_core/g_row_11__g_col_2__u_pe/u_r_red/q_reg_10_ (rising edge-triggered flip-flop clocked by core_clk)
  Endpoint: u_impl/u_core/g_row_11__g_col_2__u_pe/u_r_red/q_reg_9_ (rising edge-triggered flip-flop clocked by core_clk)
  Mode: FUNC
  Corner: BC
  Scenario: FUNC_BC
  Path Group: core_clk
  Path Type: min

  Point                                                                            Incr        Path           Location
  -----------------------------------------------------------------------------------------------------------------------------
  clock core_clk (rise edge)                                                      0.0000      0.0000
  clock network delay (propagated)                                                0.3218      0.3218

  u_impl/u_core/g_row_11__g_col_2__u_pe/u_r_red/q_reg_10_/CP (DFCNQD1)            0.0000      0.3218 r    (182.52,608.50)
  u_impl/u_core/g_row_11__g_col_2__u_pe/u_r_red/q_reg_10_/Q (DFCNQD1)             0.1455      0.4673 f    (186.69,608.51)
  u_impl/u_core/g_row_11__g_col_2__u_pe/u_r_red/U14/Z (AO222D0)                   0.0848      0.5521 f    (188.75,605.00)
  u_impl/u_core/g_row_11__g_col_2__u_pe/u_r_red/q_reg_9_/D (DFCNQD1)              0.0000      0.5521 f    (187.15,610.43)
  data arrival time                                                                           0.5521

  clock core_clk (rise edge)                                                      0.0000      0.0000
  clock network delay (propagated)                                                0.3201      0.3201
  u_impl/u_core/g_row_11__g_col_2__u_pe/u_r_red/q_reg_9_/CP (DFCNQD1)             0.0000      0.3201 r    (186.12,610.30)
  clock uncertainty                                                               0.2000      0.5201
  library hold time                                                               0.0325      0.5527
  data required time                                                                          0.5527
  -----------------------------------------------------------------------------------------------------------------------------
  data required time                                                                          0.5527
  data arrival time                                                                          -0.5521
  -----------------------------------------------------------------------------------------------------------------------------
  slack (VIOLATED)                                                                           -0.0006



  Startpoint: u_impl/u_core/g_row_18__g_col_7__u_pe/u_r_red/q_reg_7_ (rising edge-triggered flip-flop clocked by core_clk)
  Endpoint: u_impl/u_core/g_row_18__g_col_7__u_pe/u_r_red/q_reg_6_ (rising edge-triggered flip-flop clocked by core_clk)
  Mode: FUNC
  Corner: BC
  Scenario: FUNC_BC
  Path Group: core_clk
  Path Type: min

  Point                                                                            Incr        Path           Location
  -----------------------------------------------------------------------------------------------------------------------------
  clock core_clk (rise edge)                                                      0.0000      0.0000
  clock network delay (propagated)                                                0.3261      0.3261

  u_impl/u_core/g_row_18__g_col_7__u_pe/u_r_red/q_reg_7_/CP (DFCNQD1)             0.0000      0.3261 r    (783.52,540.10)
  u_impl/u_core/g_row_18__g_col_7__u_pe/u_r_red/q_reg_7_/Q (DFCNQD1)              0.1047      0.4309 f    (787.69,540.11)
  u_impl/u_core/g_row_18__g_col_7__u_pe/u_r_red/copt_h_inst_43144/Z (CKBD0)       0.0522      0.4831 f    (788.49,540.12)
  u_impl/u_core/g_row_18__g_col_7__u_pe/u_r_red/U14/Z (AO222D0)                   0.0768      0.5599 f    (785.25,543.81)
  u_impl/u_core/g_row_18__g_col_7__u_pe/u_r_red/q_reg_6_/D (DFCNQD1)              0.0000      0.5599 f    (785.35,545.62)
  data arrival time                                                                           0.5599

  clock core_clk (rise edge)                                                      0.0000      0.0000
  clock network delay (propagated)                                                0.3301      0.3301
  u_impl/u_core/g_row_18__g_col_7__u_pe/u_r_red/q_reg_6_/CP (DFCNQD1)             0.0000      0.3301 r    (784.32,545.50)
  clock uncertainty                                                               0.2000      0.5301
  library hold time                                                               0.0304      0.5605
  data required time                                                                          0.5605
  -----------------------------------------------------------------------------------------------------------------------------
  data required time                                                                          0.5605
  data arrival time                                                                          -0.5599
  -----------------------------------------------------------------------------------------------------------------------------
  slack (VIOLATED)                                                                           -0.0006



  Startpoint: u_impl/black_shadow_reg_32__4_ (rising edge-triggered flip-flop clocked by core_clk)
  Endpoint: u_impl/u_core/g_row_3__g_col_2__u_pe/u_r_black/q_reg_4_ (rising edge-triggered flip-flop clocked by core_clk)
  Mode: FUNC
  Corner: BC
  Scenario: FUNC_BC
  Path Group: core_clk
  Path Type: min

  Point                                                                            Incr        Path           Location
  -----------------------------------------------------------------------------------------------------------------------------
  clock core_clk (rise edge)                                                      0.0000      0.0000
  clock network delay (propagated)                                                0.3488      0.3488

  u_impl/black_shadow_reg_32__4_/CP (DFQD1)                                       0.0000      0.3488 r    (593.12,196.29)
  u_impl/black_shadow_reg_32__4_/Q (DFQD1)                                        0.1444      0.4932 f    (596.67,196.30)
  u_impl/u_core/g_row_3__g_col_2__u_pe/u_r_black/U19/Z (AO222D0)                  0.0842      0.5774 f    (585.25,163.80)
  u_impl/u_core/g_row_3__g_col_2__u_pe/u_r_black/q_reg_4_/D (DFCNQD1)             0.0000      0.5774 f    (583.15,160.43)
  data arrival time                                                                           0.5774

  clock core_clk (rise edge)                                                      0.0000      0.0000
  clock network delay (propagated)                                                0.3375      0.3375
  u_impl/u_core/g_row_3__g_col_2__u_pe/u_r_black/q_reg_4_/CP (DFCNQD1)            0.0000      0.3375 r    (582.12,160.30)
  clock uncertainty                                                               0.2000      0.5375
  library hold time                                                               0.0404      0.5780
  data required time                                                                          0.5780
  -----------------------------------------------------------------------------------------------------------------------------
  data required time                                                                          0.5780
  data arrival time                                                                          -0.5774
  -----------------------------------------------------------------------------------------------------------------------------
  slack (VIOLATED)                                                                           -0.0006



  Startpoint: u_impl/u_core/g_row_19__g_col_1__u_pe/u_r_red/q_reg_4_ (rising edge-triggered flip-flop clocked by core_clk)
  Endpoint: u_impl/u_core/g_row_19__g_col_1__u_pe/u_r_red/q_reg_3_ (rising edge-triggered flip-flop clocked by core_clk)
  Mode: FUNC
  Corner: BC
  Scenario: FUNC_BC
  Path Group: core_clk
  Path Type: min

  Point                                                                            Incr        Path           Location
  -----------------------------------------------------------------------------------------------------------------------------
  clock core_clk (rise edge)                                                      0.0000      0.0000
  clock network delay (propagated)                                                0.3463      0.3463

  u_impl/u_core/g_row_19__g_col_1__u_pe/u_r_red/q_reg_4_/CP (DFCNQD1)             0.0000      0.3463 r    (734.72,486.10)
  u_impl/u_core/g_row_19__g_col_1__u_pe/u_r_red/q_reg_4_/Q (DFCNQD1)              0.1358      0.4822 f    (738.88,486.11)
  u_impl/u_core/g_row_19__g_col_1__u_pe/u_r_red/copt_h_inst_31807/Z (CKBD0)       0.0414      0.5236 f    (739.49,487.88)
  u_impl/u_core/g_row_19__g_col_1__u_pe/u_r_red/U7/Z (AO222D0)                    0.0583      0.5819 f    (738.75,484.20)
  u_impl/u_core/g_row_19__g_col_1__u_pe/u_r_red/q_reg_3_/D (DFCNQD1)              0.0000      0.5819 f    (736.95,478.78)
  data arrival time                                                                           0.5819

  clock core_clk (rise edge)                                                      0.0000      0.0000
  clock network delay (propagated)                                                0.3509      0.3509
  u_impl/u_core/g_row_19__g_col_1__u_pe/u_r_red/q_reg_3_/CP (DFCNQD1)             0.0000      0.3509 r    (735.92,478.90)
  clock uncertainty                                                               0.2000      0.5509
  library hold time                                                               0.0315      0.5824
  data required time                                                                          0.5824
  -----------------------------------------------------------------------------------------------------------------------------
  data required time                                                                          0.5824
  data arrival time                                                                          -0.5819
  -----------------------------------------------------------------------------------------------------------------------------
  slack (VIOLATED)                                                                           -0.0006



  Startpoint: u_impl/east_shadow_reg_5__13_ (rising edge-triggered flip-flop clocked by core_clk)
  Endpoint: u_impl/east_shadow_reg_5__13_ (rising edge-triggered flip-flop clocked by core_clk)
  Mode: FUNC
  Corner: BC
  Scenario: FUNC_BC
  Path Group: core_clk
  Path Type: min

  Point                                                                            Incr        Path           Location
  -----------------------------------------------------------------------------------------------------------------------------
  clock core_clk (rise edge)                                                      0.0000      0.0000
  clock network delay (propagated)                                                0.3366      0.3366

  u_impl/east_shadow_reg_5__13_/CP (DFQD1)                                        0.0000      0.3366 r    (587.72,289.89)
  u_impl/east_shadow_reg_5__13_/Q (DFQD1)                                         0.1666      0.5032 f    (591.27,289.90)
  u_impl/U13267/ZN (IAO22D0)                                                      0.0700      0.5732 f    (592.15,291.69)
  u_impl/east_shadow_reg_5__13_/D (DFQD1)                                         0.0000      0.5732 f    (588.75,289.92)
  data arrival time                                                                           0.5732

  clock core_clk (rise edge)                                                      0.0000      0.0000
  clock network delay (propagated)                                                0.3409      0.3409
  u_impl/east_shadow_reg_5__13_/CP (DFQD1)                                        0.0000      0.3409 r    (587.72,289.89)
  clock uncertainty                                                               0.2000      0.5409
  library hold time                                                               0.0329      0.5737
  data required time                                                                          0.5737
  -----------------------------------------------------------------------------------------------------------------------------
  data required time                                                                          0.5737
  data arrival time                                                                          -0.5732
  -----------------------------------------------------------------------------------------------------------------------------
  slack (VIOLATED)                                                                           -0.0005



  Startpoint: u_impl/u_core/g_row_0__g_col_6__u_pe/u_sol/u_black_q_reg_5_ (rising edge-triggered flip-flop clocked by core_clk)
  Endpoint: u_impl/u_core/g_row_0__g_col_6__u_pe/u_sol/u_black_q_reg_4_ (rising edge-triggered flip-flop clocked by core_clk)
  Mode: FUNC
  Corner: BC
  Scenario: FUNC_BC
  Path Group: core_clk
  Path Type: min

  Point                                                                            Incr        Path           Location
  -----------------------------------------------------------------------------------------------------------------------------
  clock core_clk (rise edge)                                                      0.0000      0.0000
  clock network delay (propagated)                                                0.2936      0.2936

  u_impl/u_core/g_row_0__g_col_6__u_pe/u_sol/u_black_q_reg_5_/CP (DFCNQD1)        0.0000      0.2936 r    (856.32,151.30)
  u_impl/u_core/g_row_0__g_col_6__u_pe/u_sol/u_black_q_reg_5_/Q (DFCNQD1)         0.1211      0.4146 f    (860.49,151.31)
  u_impl/u_core/g_row_0__g_col_6__u_pe/u_sol/U94/ZN (CKND0)                       0.0217      0.4364 r    (857.15,147.72)
  u_impl/u_core/g_row_0__g_col_6__u_pe/u_sol/copt_h_inst_33699/Z (CKBD0)          0.0528      0.4891 r    (854.91,144.12)
  u_impl/u_core/g_row_0__g_col_6__u_pe/u_sol/U97/ZN (OAI222D0)                    0.0402      0.5293 f    (853.91,153.21)
  u_impl/u_core/g_row_0__g_col_6__u_pe/u_sol/u_black_q_reg_4_/D (DFCNQD1)         0.0000      0.5293 f    (853.75,147.58)
  data arrival time                                                                           0.5293

  clock core_clk (rise edge)                                                      0.0000      0.0000
  clock network delay (propagated)                                                0.2973      0.2973
  u_impl/u_core/g_row_0__g_col_6__u_pe/u_sol/u_black_q_reg_4_/CP (DFCNQD1)        0.0000      0.2973 r    (852.72,147.70)
  clock uncertainty                                                               0.2000      0.4973
  library hold time                                                               0.0326      0.5299
  data required time                                                                          0.5299
  -----------------------------------------------------------------------------------------------------------------------------
  data required time                                                                          0.5299
  data arrival time                                                                          -0.5293
  -----------------------------------------------------------------------------------------------------------------------------
  slack (VIOLATED)                                                                           -0.0005



  Startpoint: u_impl/u_core/g_row_8__g_col_2__u_pe/u_sol/u_red_q_reg_6_ (rising edge-triggered flip-flop clocked by core_clk)
  Endpoint: u_impl/u_core/g_row_8__g_col_2__u_pe/u_sol/u_red_q_reg_5_ (rising edge-triggered flip-flop clocked by core_clk)
  Mode: FUNC
  Corner: BC
  Scenario: FUNC_BC
  Path Group: core_clk
  Path Type: min

  Point                                                                            Incr        Path           Location
  -----------------------------------------------------------------------------------------------------------------------------
  clock core_clk (rise edge)                                                      0.0000      0.0000
  clock network delay (propagated)                                                0.3311      0.3311

  u_impl/u_core/g_row_8__g_col_2__u_pe/u_sol/u_red_q_reg_6_/CP (DFCNQD1)          0.0000      0.3311 r    (30.12,325.90)
  u_impl/u_core/g_row_8__g_col_2__u_pe/u_sol/u_red_q_reg_6_/Q (DFCNQD1)           0.1157      0.4468 f    (34.29,325.89)
  u_impl/u_core/g_row_8__g_col_2__u_pe/u_sol/U57/ZN (CKND0)                       0.0190      0.4658 r    (34.25,327.72)
  u_impl/u_core/g_row_8__g_col_2__u_pe/u_sol/copt_h_inst_32579/Z (CKBD0)          0.0503      0.5161 r    (33.31,331.32)
  u_impl/u_core/g_row_8__g_col_2__u_pe/u_sol/U60/ZN (OAI222D0)                    0.0494      0.5655 f    (29.71,333.21)
  u_impl/u_core/g_row_8__g_col_2__u_pe/u_sol/u_red_q_reg_5_/D (DFCNQD1)           0.0000      0.5656 f    (35.55,327.57)
  data arrival time                                                                           0.5656

  clock core_clk (rise edge)                                                      0.0000      0.0000
  clock network delay (propagated)                                                0.3359      0.3359
  u_impl/u_core/g_row_8__g_col_2__u_pe/u_sol/u_red_q_reg_5_/CP (DFCNQD1)          0.0000      0.3359 r    (34.52,327.70)
  clock uncertainty                                                               0.2000      0.5359
  library hold time                                                               0.0301      0.5661
  data required time                                                                          0.5661
  -----------------------------------------------------------------------------------------------------------------------------
  data required time                                                                          0.5661
  data arrival time                                                                          -0.5656
  -----------------------------------------------------------------------------------------------------------------------------
  slack (VIOLATED)                                                                           -0.0005



  Startpoint: u_impl/u_core/g_row_18__g_col_6__u_pe/u_sol/u_red_q_reg_13_ (rising edge-triggered flip-flop clocked by core_clk)
  Endpoint: u_impl/u_core/g_row_18__g_col_6__u_pe/u_sol/u_red_q_reg_12_ (rising edge-triggered flip-flop clocked by core_clk)
  Mode: FUNC
  Corner: BC
  Scenario: FUNC_BC
  Path Group: core_clk
  Path Type: min

  Point                                                                            Incr        Path           Location
  -----------------------------------------------------------------------------------------------------------------------------
  clock core_clk (rise edge)                                                      0.0000      0.0000
  clock network delay (propagated)                                                0.3346      0.3346

  u_impl/u_core/g_row_18__g_col_6__u_pe/u_sol/u_red_q_reg_13_/CP (DFCNQD1)        0.0000      0.3346 r    (833.12,576.10)
  u_impl/u_core/g_row_18__g_col_6__u_pe/u_sol/u_red_q_reg_13_/Q (DFCNQD1)         0.1153      0.4499 f    (837.29,576.11)
  u_impl/u_core/g_row_18__g_col_6__u_pe/u_sol/copt_h_inst_47230/Z (CKBD0)         0.0345      0.4844 f    (832.31,576.12)
  u_impl/u_core/g_row_18__g_col_6__u_pe/u_sol/U44/ZN (CKND0)                      0.0388      0.5232 r    (833.15,574.28)
  u_impl/u_core/g_row_18__g_col_6__u_pe/u_sol/U47/ZN (OAI222D0)                   0.0438      0.5671 f    (842.69,572.39)
  u_impl/u_core/g_row_18__g_col_6__u_pe/u_sol/u_red_q_reg_12_/D (DFCNQD1)         0.0000      0.5671 f    (843.15,578.02)
  data arrival time                                                                           0.5671

  clock core_clk (rise edge)                                                      0.0000      0.0000
  clock network delay (propagated)                                                0.3387      0.3387
  u_impl/u_core/g_row_18__g_col_6__u_pe/u_sol/u_red_q_reg_12_/CP (DFCNQD1)        0.0000      0.3387 r    (842.12,577.90)
  clock uncertainty                                                               0.2000      0.5387
  library hold time                                                               0.0289      0.5676
  data required time                                                                          0.5676
  -----------------------------------------------------------------------------------------------------------------------------
  data required time                                                                          0.5676
  data arrival time                                                                          -0.5671
  -----------------------------------------------------------------------------------------------------------------------------
  slack (VIOLATED)                                                                           -0.0005



  Startpoint: u_impl/u_core/g_row_15__g_col_0__u_pe/u_r_red/q_reg_13_ (rising edge-triggered flip-flop clocked by core_clk)
  Endpoint: u_impl/u_core/g_row_15__g_col_0__u_pe/u_r_red/q_reg_12_ (rising edge-triggered flip-flop clocked by core_clk)
  Mode: FUNC
  Corner: BC
  Scenario: FUNC_BC
  Path Group: core_clk
  Path Type: min

  Point                                                                            Incr        Path           Location
  -----------------------------------------------------------------------------------------------------------------------------
  clock core_clk (rise edge)                                                      0.0000      0.0000
  clock network delay (propagated)                                                0.3281      0.3281

  u_impl/u_core/g_row_15__g_col_0__u_pe/u_r_red/q_reg_13_/CP (DFCNQD1)            0.0000      0.3281 r    (320.92,721.90)
  u_impl/u_core/g_row_15__g_col_0__u_pe/u_r_red/q_reg_13_/Q (DFCNQD1)             0.1162      0.4444 f    (325.09,721.89)
  u_impl/u_core/g_row_15__g_col_0__u_pe/u_r_red/copt_h_inst_43919/Z (CKBD0)       0.0438      0.4882 f    (327.11,721.88)
  u_impl/u_core/g_row_15__g_col_0__u_pe/u_r_red/U18/Z (AO222D0)                   0.0761      0.5643 f    (323.55,718.20)
  u_impl/u_core/g_row_15__g_col_0__u_pe/u_r_red/q_reg_12_/D (DFCNQD1)             0.0000      0.5643 f    (323.75,719.98)
  data arrival time                                                                           0.5643

  clock core_clk (rise edge)                                                      0.0000      0.0000
  clock network delay (propagated)                                                0.3326      0.3326
  u_impl/u_core/g_row_15__g_col_0__u_pe/u_r_red/q_reg_12_/CP (DFCNQD1)            0.0000      0.3326 r    (322.72,720.10)
  clock uncertainty                                                               0.2000      0.5326
  library hold time                                                               0.0321      0.5647
  data required time                                                                          0.5647
  -----------------------------------------------------------------------------------------------------------------------------
  data required time                                                                          0.5647
  data arrival time                                                                          -0.5643
  -----------------------------------------------------------------------------------------------------------------------------
  slack (VIOLATED)                                                                           -0.0005



  Startpoint: u_impl/u_core/g_row_19__g_col_5__u_pe/u_sol/u_black_q_reg_8_ (rising edge-triggered flip-flop clocked by core_clk)
  Endpoint: u_impl/u_core/g_row_19__g_col_5__u_pe/u_sol/u_black_q_reg_7_ (rising edge-triggered flip-flop clocked by core_clk)
  Mode: FUNC
  Corner: BC
  Scenario: FUNC_BC
  Path Group: core_clk
  Path Type: min

  Point                                                                            Incr        Path           Location
  -----------------------------------------------------------------------------------------------------------------------------
  clock core_clk (rise edge)                                                      0.0000      0.0000
  clock network delay (propagated)                                                0.3193      0.3193

  u_impl/u_core/g_row_19__g_col_5__u_pe/u_sol/u_black_q_reg_8_/CP (DFCNQD1)       0.0000      0.3193 r    (848.32,432.10)
  u_impl/u_core/g_row_19__g_col_5__u_pe/u_sol/u_black_q_reg_8_/Q (DFCNQD1)        0.1128      0.4321 f    (852.49,432.11)
  u_impl/u_core/g_row_19__g_col_5__u_pe/u_sol/U7/ZN (CKND0)                       0.0268      0.4589 r    (847.75,432.12)
  u_impl/u_core/g_row_19__g_col_5__u_pe/u_sol/copt_h_inst_34787/Z (CKBD0)         0.0490      0.5079 r    (853.49,424.92)
  u_impl/u_core/g_row_19__g_col_5__u_pe/u_sol/U56/ZN (OAI222D0)                   0.0434      0.5514 f    (854.49,426.81)
  u_impl/u_core/g_row_19__g_col_5__u_pe/u_sol/u_black_q_reg_7_/D (DFCNQD1)        0.0000      0.5514 f    (857.15,431.98)
  data arrival time                                                                           0.5514

  clock core_clk (rise edge)                                                      0.0000      0.0000
  clock network delay (propagated)                                                0.3234      0.3234
  u_impl/u_core/g_row_19__g_col_5__u_pe/u_sol/u_black_q_reg_7_/CP (DFCNQD1)       0.0000      0.3234 r    (856.12,432.10)
  clock uncertainty                                                               0.2000      0.5234
  library hold time                                                               0.0285      0.5519
  data required time                                                                          0.5519
  -----------------------------------------------------------------------------------------------------------------------------
  data required time                                                                          0.5519
  data arrival time                                                                          -0.5514
  -----------------------------------------------------------------------------------------------------------------------------
  slack (VIOLATED)                                                                           -0.0005



  Startpoint: u_impl/u_core/g_row_16__g_col_1__u_pe/u_sol/u_black_q_reg_4_ (rising edge-triggered flip-flop clocked by core_clk)
  Endpoint: u_impl/u_core/g_row_16__g_col_1__u_pe/u_sol/u_black_q_reg_4_ (rising edge-triggered flip-flop clocked by core_clk)
  Mode: FUNC
  Corner: BC
  Scenario: FUNC_BC
  Path Group: core_clk
  Path Type: min

  Point                                                                              Incr        Path           Location
  -------------------------------------------------------------------------------------------------------------------------------
  clock core_clk (rise edge)                                                        0.0000      0.0000
  clock network delay (propagated)                                                  0.3190      0.3190

  u_impl/u_core/g_row_16__g_col_1__u_pe/u_sol/u_black_q_reg_4_/CP (DFCNQD1)         0.0000      0.3190 r    (515.92,820.90)
  u_impl/u_core/g_row_16__g_col_1__u_pe/u_sol/u_black_q_reg_4_/Q (DFCNQD1)          0.1187      0.4377 f    (520.09,820.91)
  u_impl/u_core/g_row_16__g_col_1__u_pe/u_sol/gre_a_INV_68_inst_49385/ZN (CKND0)    0.0340      0.4716 r    (518.85,819.08)
  u_impl/u_core/g_row_16__g_col_1__u_pe/u_sol/copt_gre_h_inst_50007/Z (CKBD0)       0.0371      0.5087 r    (522.69,824.52)
  u_impl/u_core/g_row_16__g_col_1__u_pe/u_sol/U97/ZN (OAI222D0)                     0.0455      0.5542 f    (523.11,822.81)
  u_impl/u_core/g_row_16__g_col_1__u_pe/u_sol/u_black_q_reg_4_/D (DFCNQD1)          0.0000      0.5542 f    (516.95,820.78)
  data arrival time                                                                             0.5542

  clock core_clk (rise edge)                                                        0.0000      0.0000
  clock network delay (propagated)                                                  0.3239      0.3239
  u_impl/u_core/g_row_16__g_col_1__u_pe/u_sol/u_black_q_reg_4_/CP (DFCNQD1)         0.0000      0.3239 r    (515.92,820.90)
  clock uncertainty                                                                 0.2000      0.5239
  library hold time                                                                 0.0307      0.5546
  data required time                                                                            0.5546
  -------------------------------------------------------------------------------------------------------------------------------
  data required time                                                                            0.5546
  data arrival time                                                                            -0.5542
  -------------------------------------------------------------------------------------------------------------------------------
  slack (VIOLATED)                                                                             -0.0004



  Startpoint: u_impl/u_core/g_row_4__g_col_3__u_pe/u_sol/u_black_q_reg_7_ (rising edge-triggered flip-flop clocked by core_clk)
  Endpoint: u_impl/u_core/g_row_4__g_col_3__u_pe/u_sol/u_black_q_reg_6_ (rising edge-triggered flip-flop clocked by core_clk)
  Mode: FUNC
  Corner: BC
  Scenario: FUNC_BC
  Path Group: core_clk
  Path Type: min

  Point                                                                              Incr        Path           Location
  -------------------------------------------------------------------------------------------------------------------------------
  clock core_clk (rise edge)                                                        0.0000      0.0000
  clock network delay (propagated)                                                  0.2998      0.2998

  u_impl/u_core/g_row_4__g_col_3__u_pe/u_sol/u_black_q_reg_7_/CP (DFCNQD1)          0.0000      0.2998 r    (515.92,12.70)
  u_impl/u_core/g_row_4__g_col_3__u_pe/u_sol/u_black_q_reg_7_/Q (DFCNQD1)           0.1233      0.4231 f    (520.09,12.69)
  u_impl/u_core/g_row_4__g_col_3__u_pe/u_sol/U91/ZN (CKND0)                         0.0175      0.4406 r    (517.75,14.52)
  u_impl/u_core/g_row_4__g_col_3__u_pe/u_sol/copt_h_inst_40234/Z (CKBD0)            0.0494      0.4900 r    (517.31,16.28)
  u_impl/u_core/g_row_4__g_col_3__u_pe/u_sol/U93/ZN (OAI222D0)                      0.0473      0.5374 f    (513.29,21.59)
  u_impl/u_core/g_row_4__g_col_3__u_pe/u_sol/u_black_q_reg_6_/D (DFCNQD1)           0.0000      0.5374 f    (504.75,14.38)
  data arrival time                                                                             0.5374

  clock core_clk (rise edge)                                                        0.0000      0.0000
  clock network delay (propagated)                                                  0.3037      0.3037
  u_impl/u_core/g_row_4__g_col_3__u_pe/u_sol/u_black_q_reg_6_/CP (DFCNQD1)          0.0000      0.3037 r    (503.72,14.50)
  clock uncertainty                                                                 0.2000      0.5037
  library hold time                                                                 0.0341      0.5378
  data required time                                                                            0.5378
  -------------------------------------------------------------------------------------------------------------------------------
  data required time                                                                            0.5378
  data arrival time                                                                            -0.5374
  -------------------------------------------------------------------------------------------------------------------------------
  slack (VIOLATED)                                                                             -0.0004



  Startpoint: u_impl/u_core/g_row_0__g_col_3__u_pe/u_sol/u_red_q_reg_12_ (rising edge-triggered flip-flop clocked by core_clk)
  Endpoint: u_impl/u_core/g_row_0__g_col_3__u_pe/u_sol/u_red_q_reg_11_ (rising edge-triggered flip-flop clocked by core_clk)
  Mode: FUNC
  Corner: BC
  Scenario: FUNC_BC
  Path Group: core_clk
  Path Type: min

  Point                                                                              Incr        Path           Location
  -------------------------------------------------------------------------------------------------------------------------------
  clock core_clk (rise edge)                                                        0.0000      0.0000
  clock network delay (propagated)                                                  0.2699      0.2699

  u_impl/u_core/g_row_0__g_col_3__u_pe/u_sol/u_red_q_reg_12_/CP (DFCNQD1)           0.0000      0.2699 r    (821.72,255.70)
  u_impl/u_core/g_row_0__g_col_3__u_pe/u_sol/u_red_q_reg_12_/Q (DFCNQD1)            0.1292      0.3991 f    (825.88,255.71)
  u_impl/u_core/g_row_0__g_col_3__u_pe/u_sol/U46/ZN (CKND0)                         0.0215      0.4206 r    (827.55,252.12)
  u_impl/u_core/g_row_0__g_col_3__u_pe/u_sol/copt_h_inst_38702/Z (CKBD0)            0.0428      0.4634 r    (824.89,250.28)
  u_impl/u_core/g_row_0__g_col_3__u_pe/u_sol/U48/ZN (OAI222D0)                      0.0441      0.5075 f    (824.11,248.39)
  u_impl/u_core/g_row_0__g_col_3__u_pe/u_sol/u_red_q_reg_11_/D (DFCNQD1)            0.0000      0.5075 f    (817.55,251.98)
  data arrival time                                                                             0.5075

  clock core_clk (rise edge)                                                        0.0000      0.0000
  clock network delay (propagated)                                                  0.2689      0.2689
  u_impl/u_core/g_row_0__g_col_3__u_pe/u_sol/u_red_q_reg_11_/CP (DFCNQD1)           0.0000      0.2689 r    (816.52,252.10)
  clock uncertainty                                                                 0.2000      0.4689
  library hold time                                                                 0.0389      0.5079
  data required time                                                                            0.5079
  -------------------------------------------------------------------------------------------------------------------------------
  data required time                                                                            0.5079
  data arrival time                                                                            -0.5075
  -------------------------------------------------------------------------------------------------------------------------------
  slack (VIOLATED)                                                                             -0.0004



  Startpoint: u_impl/black_shadow_reg_66__6_ (rising edge-triggered flip-flop clocked by core_clk)
  Endpoint: u_impl/u_core/g_row_6__g_col_6__u_pe/u_r_black/q_reg_6_ (rising edge-triggered flip-flop clocked by core_clk)
  Mode: FUNC
  Corner: BC
  Scenario: FUNC_BC
  Path Group: core_clk
  Path Type: min

  Point                                                                              Incr        Path           Location
  -------------------------------------------------------------------------------------------------------------------------------
  clock core_clk (rise edge)                                                        0.0000      0.0000
  clock network delay (propagated)                                                  0.3329      0.3329

  u_impl/black_shadow_reg_66__6_/CP (DFQD1)                                         0.0000      0.3329 r    (302.32,214.29)
  u_impl/black_shadow_reg_66__6_/Q (DFQD1)                                          0.1520      0.4848 f    (305.87,214.30)
  u_impl/u_core/g_row_6__g_col_6__u_pe/u_r_black/U13/Z (AO222D0)                    0.0768      0.5616 f    (272.25,135.00)
  u_impl/u_core/g_row_6__g_col_6__u_pe/u_r_black/q_reg_6_/D (DFCNQD1)               0.0000      0.5616 f    (273.15,133.18)
  data arrival time                                                                             0.5616

  clock core_clk (rise edge)                                                        0.0000      0.0000
  clock network delay (propagated)                                                  0.3275      0.3275
  u_impl/u_core/g_row_6__g_col_6__u_pe/u_r_black/q_reg_6_/CP (DFCNQD1)              0.0000      0.3275 r    (272.12,133.30)
  clock uncertainty                                                                 0.2000      0.5275
  library hold time                                                                 0.0345      0.5620
  data required time                                                                            0.5620
  -------------------------------------------------------------------------------------------------------------------------------
  data required time                                                                            0.5620
  data arrival time                                                                            -0.5616
  -------------------------------------------------------------------------------------------------------------------------------
  slack (VIOLATED)                                                                             -0.0004



  Startpoint: u_impl/red_shadow_reg_156__1_ (rising edge-triggered flip-flop clocked by core_clk)
  Endpoint: u_impl/u_core/g_row_15__g_col_6__u_pe/u_r_red/q_reg_1_ (rising edge-triggered flip-flop clocked by core_clk)
  Mode: FUNC
  Corner: BC
  Scenario: FUNC_BC
  Path Group: core_clk
  Path Type: min

  Point                                                                              Incr        Path           Location
  -------------------------------------------------------------------------------------------------------------------------------
  clock core_clk (rise edge)                                                        0.0000      0.0000
  clock network delay (propagated)                                                  0.3061      0.3061

  u_impl/red_shadow_reg_156__1_/CP (DFQD1)                                          0.0000      0.3061 r    (322.72,622.91)
  u_impl/red_shadow_reg_156__1_/Q (DFQD1)                                           0.1721      0.4782 f    (326.27,622.91)
  u_impl/u_core/g_row_15__g_col_6__u_pe/u_r_red/U14/Z (AO222D0)                     0.0810      0.5592 f    (298.75,682.20)
  u_impl/u_core/g_row_15__g_col_6__u_pe/u_r_red/q_reg_1_/D (DFCNQD1)                0.0000      0.5592 f    (296.95,683.98)
  data arrival time                                                                             0.5592

  clock core_clk (rise edge)                                                        0.0000      0.0000
  clock network delay (propagated)                                                  0.3174      0.3174
  u_impl/u_core/g_row_15__g_col_6__u_pe/u_r_red/q_reg_1_/CP (DFCNQD1)               0.0000      0.3174 r    (295.92,684.10)
  clock uncertainty                                                                 0.2000      0.5174
  library hold time                                                                 0.0422      0.5596
  data required time                                                                            0.5596
  -------------------------------------------------------------------------------------------------------------------------------
  data required time                                                                            0.5596
  data arrival time                                                                            -0.5592
  -------------------------------------------------------------------------------------------------------------------------------
  slack (VIOLATED)                                                                             -0.0004



  Startpoint: u_impl/black_shadow_reg_72__4_ (rising edge-triggered flip-flop clocked by core_clk)
  Endpoint: u_impl/u_core/g_row_7__g_col_2__u_pe/u_r_black/q_reg_4_ (rising edge-triggered flip-flop clocked by core_clk)
  Mode: FUNC
  Corner: BC
  Scenario: FUNC_BC
  Path Group: core_clk
  Path Type: min

  Point                                                                              Incr        Path           Location
  -------------------------------------------------------------------------------------------------------------------------------
  clock core_clk (rise edge)                                                        0.0000      0.0000
  clock network delay (propagated)                                                  0.3226      0.3226

  u_impl/black_shadow_reg_72__4_/CP (DFQD1)                                         0.0000      0.3226 r    (255.32,280.91)
  u_impl/black_shadow_reg_72__4_/Q (DFQD1)                                          0.1488      0.4713 f    (258.87,280.91)
  u_impl/u_core/g_row_7__g_col_2__u_pe/u_r_black/U16/Z (AO222D0)                    0.0902      0.5615 f    (205.95,282.60)
  u_impl/u_core/g_row_7__g_col_2__u_pe/u_r_black/q_reg_4_/D (DFCNQD1)               0.0000      0.5615 f    (210.55,282.82)
  data arrival time                                                                             0.5615

  clock core_clk (rise edge)                                                        0.0000      0.0000
  clock network delay (propagated)                                                  0.3300      0.3300
  u_impl/u_core/g_row_7__g_col_2__u_pe/u_r_black/q_reg_4_/CP (DFCNQD1)              0.0000      0.3300 r    (209.52,282.70)
  clock uncertainty                                                                 0.2000      0.5300
  library hold time                                                                 0.0319      0.5619
  data required time                                                                            0.5619
  -------------------------------------------------------------------------------------------------------------------------------
  data required time                                                                            0.5619
  data arrival time                                                                            -0.5615
  -------------------------------------------------------------------------------------------------------------------------------
  slack (VIOLATED)                                                                             -0.0004



  Startpoint: u_impl/u_core/g_row_5__g_col_3__u_pe/u_sol/u_red_q_reg_0_ (rising edge-triggered flip-flop clocked by core_clk)
  Endpoint: u_impl/u_core/g_row_5__g_col_3__u_pe/u_sol/u_red_q_reg_0_ (rising edge-triggered flip-flop clocked by core_clk)
  Mode: FUNC
  Corner: BC
  Scenario: FUNC_BC
  Path Group: core_clk
  Path Type: min

  Point                                                                              Incr        Path           Location
  -------------------------------------------------------------------------------------------------------------------------------
  clock core_clk (rise edge)                                                        0.0000      0.0000
  clock network delay (propagated)                                                  0.2481      0.2481

  u_impl/u_core/g_row_5__g_col_3__u_pe/u_sol/u_red_q_reg_0_/CP (DFCNQD1)            0.0000      0.2481 r    (80.72,226.90)
  u_impl/u_core/g_row_5__g_col_3__u_pe/u_sol/u_red_q_reg_0_/Q (DFCNQD1)             0.1281      0.3761 f    (84.89,226.91)
  u_impl/u_core/g_row_5__g_col_3__u_pe/u_sol/U69/ZN (CKND0)                         0.0549      0.4310 r    (82.55,228.68)
  u_impl/u_core/g_row_5__g_col_3__u_pe/u_sol/U104/ZN (OAI222D0)                     0.0554      0.4864 f    (82.89,232.41)
  u_impl/u_core/g_row_5__g_col_3__u_pe/u_sol/u_red_q_reg_0_/D (DFCNQD1)             0.0000      0.4864 f    (81.75,226.78)
  data arrival time                                                                             0.4864

  clock core_clk (rise edge)                                                        0.0000      0.0000
  clock network delay (propagated)                                                  0.2509      0.2509
  u_impl/u_core/g_row_5__g_col_3__u_pe/u_sol/u_red_q_reg_0_/CP (DFCNQD1)            0.0000      0.2509 r    (80.72,226.90)
  clock uncertainty                                                                 0.2000      0.4509
  library hold time                                                                 0.0359      0.4868
  data required time                                                                            0.4868
  -------------------------------------------------------------------------------------------------------------------------------
  data required time                                                                            0.4868
  data arrival time                                                                            -0.4864
  -------------------------------------------------------------------------------------------------------------------------------
  slack (VIOLATED)                                                                             -0.0004



  Startpoint: u_impl/u_core/g_row_8__g_col_6__u_pe/u_sol/u_black_q_reg_14_ (rising edge-triggered flip-flop clocked by core_clk)
  Endpoint: u_impl/u_core/g_row_8__g_col_6__u_pe/u_sol/u_black_q_reg_13_ (rising edge-triggered flip-flop clocked by core_clk)
  Mode: FUNC
  Corner: BC
  Scenario: FUNC_BC
  Path Group: core_clk
  Path Type: min

  Point                                                                              Incr        Path           Location
  -------------------------------------------------------------------------------------------------------------------------------
  clock core_clk (rise edge)                                                        0.0000      0.0000
  clock network delay (propagated)                                                  0.2396      0.2396

  u_impl/u_core/g_row_8__g_col_6__u_pe/u_sol/u_black_q_reg_14_/CP (DFCNQD1)         0.0000      0.2396 r    (67.92,383.50)
  u_impl/u_core/g_row_8__g_col_6__u_pe/u_sol/u_black_q_reg_14_/Q (DFCNQD1)          0.1182      0.3578 f    (72.09,383.49)
  u_impl/u_core/g_row_8__g_col_6__u_pe/u_sol/copt_h_inst_45457/Z (CKBD0)            0.0366      0.3945 f    (72.89,383.48)
  u_impl/u_core/g_row_8__g_col_6__u_pe/u_sol/U77/ZN (INVD0)                         0.0327      0.4272 r    (73.82,385.30)
  u_impl/u_core/g_row_8__g_col_6__u_pe/u_sol/U80/ZN (OAI222D0)                      0.0493      0.4765 f    (77.91,383.61)
  u_impl/u_core/g_row_8__g_col_6__u_pe/u_sol/u_black_q_reg_13_/D (DFCNQD1)          0.0000      0.4765 f    (71.55,377.98)
  data arrival time                                                                             0.4765

  clock core_clk (rise edge)                                                        0.0000      0.0000
  clock network delay (propagated)                                                  0.2425      0.2425
  u_impl/u_core/g_row_8__g_col_6__u_pe/u_sol/u_black_q_reg_13_/CP (DFCNQD1)         0.0000      0.2425 r    (70.52,378.10)
  clock uncertainty                                                                 0.2000      0.4425
  library hold time                                                                 0.0343      0.4768
  data required time                                                                            0.4768
  -------------------------------------------------------------------------------------------------------------------------------
  data required time                                                                            0.4768
  data arrival time                                                                            -0.4765
  -------------------------------------------------------------------------------------------------------------------------------
  slack (VIOLATED)                                                                             -0.0004



  Startpoint: u_impl/u_core/g_row_5__g_col_7__u_pe/u_sol/u_red_q_reg_1_ (rising edge-triggered flip-flop clocked by core_clk)
  Endpoint: u_impl/u_core/g_row_5__g_col_7__u_pe/u_sol/u_red_q_reg_0_ (rising edge-triggered flip-flop clocked by core_clk)
  Mode: FUNC
  Corner: BC
  Scenario: FUNC_BC
  Path Group: core_clk
  Path Type: min

  Point                                                                              Incr        Path           Location
  -------------------------------------------------------------------------------------------------------------------------------
  clock core_clk (rise edge)                                                        0.0000      0.0000
  clock network delay (propagated)                                                  0.3282      0.3282

  u_impl/u_core/g_row_5__g_col_7__u_pe/u_sol/u_red_q_reg_1_/CP (DFCNQD1)            0.0000      0.3282 r    (105.52,203.50)
  u_impl/u_core/g_row_5__g_col_7__u_pe/u_sol/u_red_q_reg_1_/Q (DFCNQD1)             0.1166      0.4448 f    (109.69,203.49)
  u_impl/u_core/g_row_5__g_col_7__u_pe/u_sol/U102/ZN (CKND0)                        0.0267      0.4715 r    (106.75,201.72)
  u_impl/u_core/g_row_5__g_col_7__u_pe/u_sol/copt_h_inst_29824/Z (DEL005)           0.0549      0.5264 r    (106.64,199.88)
  u_impl/u_core/g_row_5__g_col_7__u_pe/u_sol/U104/ZN (OAI222D0)                     0.0368      0.5632 f    (106.49,210.81)
  u_impl/u_core/g_row_5__g_col_7__u_pe/u_sol/u_red_q_reg_0_/D (DFCNQD1)             0.0000      0.5632 f    (109.55,208.78)
  data arrival time                                                                             0.5632

  clock core_clk (rise edge)                                                        0.0000      0.0000
  clock network delay (propagated)                                                  0.3339      0.3339
  u_impl/u_core/g_row_5__g_col_7__u_pe/u_sol/u_red_q_reg_0_/CP (DFCNQD1)            0.0000      0.3339 r    (108.52,208.90)
  clock uncertainty                                                                 0.2000      0.5339
  library hold time                                                                 0.0296      0.5635
  data required time                                                                            0.5635
  -------------------------------------------------------------------------------------------------------------------------------
  data required time                                                                            0.5635
  data arrival time                                                                            -0.5632
  -------------------------------------------------------------------------------------------------------------------------------
  slack (VIOLATED)                                                                             -0.0003



  Startpoint: u_impl/black_shadow_reg_183__5_ (rising edge-triggered flip-flop clocked by core_clk)
  Endpoint: u_impl/black_shadow_reg_183__5_ (rising edge-triggered flip-flop clocked by core_clk)
  Mode: FUNC
  Corner: BC
  Scenario: FUNC_BC
  Path Group: core_clk
  Path Type: min

  Point                                                                              Incr        Path           Location
  -------------------------------------------------------------------------------------------------------------------------------
  clock core_clk (rise edge)                                                        0.0000      0.0000
  clock network delay (propagated)                                                  0.2957      0.2957

  u_impl/black_shadow_reg_183__5_/CP (DFQD1)                                        0.0000      0.2957 r    (683.72,586.91)
  u_impl/black_shadow_reg_183__5_/Q (DFQD1)                                         0.1627      0.4584 f    (687.27,586.90)
  u_impl/U11312/ZN (MAOI22D0)                                                       0.0716      0.5300 f    (684.00,581.39)
  u_impl/black_shadow_reg_183__5_/D (DFQD1)                                         0.0000      0.5300 f    (684.75,586.88)
  data arrival time                                                                             0.5300

  clock core_clk (rise edge)                                                        0.0000      0.0000
  clock network delay (propagated)                                                  0.3004      0.3004
  u_impl/black_shadow_reg_183__5_/CP (DFQD1)                                        0.0000      0.3004 r    (683.72,586.91)
  clock uncertainty                                                                 0.2000      0.5004
  library hold time                                                                 0.0299      0.5303
  data required time                                                                            0.5303
  -------------------------------------------------------------------------------------------------------------------------------
  data required time                                                                            0.5303
  data arrival time                                                                            -0.5300
  -------------------------------------------------------------------------------------------------------------------------------
  slack (VIOLATED)                                                                             -0.0003



  Startpoint: u_impl/red_shadow_reg_88__2_ (rising edge-triggered flip-flop clocked by core_clk)
  Endpoint: u_impl/red_shadow_reg_88__2_ (rising edge-triggered flip-flop clocked by core_clk)
  Mode: FUNC
  Corner: BC
  Scenario: FUNC_BC
  Path Group: core_clk
  Path Type: min

  Point                                                                              Incr        Path           Location
  -------------------------------------------------------------------------------------------------------------------------------
  clock core_clk (rise edge)                                                        0.0000      0.0000
  clock network delay (propagated)                                                  0.3431      0.3431

  u_impl/red_shadow_reg_88__2_/CP (DFQD1)                                           0.0000      0.3431 r    (295.52,448.29)
  u_impl/red_shadow_reg_88__2_/Q (DFQD1)                                            0.1745      0.5176 f    (299.07,448.30)
  u_impl/U11608/ZN (IAO22D0)                                                        0.0660      0.5837 f    (296.45,450.09)
  u_impl/red_shadow_reg_88__2_/D (DFQD1)                                            0.0000      0.5837 f    (296.56,448.31)
  data arrival time                                                                             0.5837

  clock core_clk (rise edge)                                                        0.0000      0.0000
  clock network delay (propagated)                                                  0.3472      0.3472
  u_impl/red_shadow_reg_88__2_/CP (DFQD1)                                           0.0000      0.3472 r    (295.52,448.29)
  clock uncertainty                                                                 0.2000      0.5472
  library hold time                                                                 0.0368      0.5840
  data required time                                                                            0.5840
  -------------------------------------------------------------------------------------------------------------------------------
  data required time                                                                            0.5840
  data arrival time                                                                            -0.5837
  -------------------------------------------------------------------------------------------------------------------------------
  slack (VIOLATED)                                                                             -0.0003



  Startpoint: u_impl/u_core/g_row_18__g_col_5__u_pe/u_sol/u_red_q_reg_3_ (rising edge-triggered flip-flop clocked by core_clk)
  Endpoint: u_impl/u_core/g_row_18__g_col_5__u_pe/u_sol/u_red_q_reg_2_ (rising edge-triggered flip-flop clocked by core_clk)
  Mode: FUNC
  Corner: BC
  Scenario: FUNC_BC
  Path Group: core_clk
  Path Type: min

  Point                                                                              Incr        Path           Location
  -------------------------------------------------------------------------------------------------------------------------------
  clock core_clk (rise edge)                                                        0.0000      0.0000
  clock network delay (propagated)                                                  0.3349      0.3349

  u_impl/u_core/g_row_18__g_col_5__u_pe/u_sol/u_red_q_reg_3_/CP (DFCNQD1)           0.0000      0.3349 r    (856.32,574.30)
  u_impl/u_core/g_row_18__g_col_5__u_pe/u_sol/u_red_q_reg_3_/Q (DFCNQD1)            0.1156      0.4505 f    (860.49,574.29)
  u_impl/u_core/g_row_18__g_col_5__u_pe/u_sol/copt_h_inst_41637/Z (CKBD0)           0.0395      0.4900 f    (855.11,576.12)
  u_impl/u_core/g_row_18__g_col_5__u_pe/u_sol/U63/ZN (CKND0)                        0.0350      0.5250 r    (852.45,583.32)
  u_impl/u_core/g_row_18__g_col_5__u_pe/u_sol/U66/ZN (OAI222D0)                     0.0425      0.5675 f    (850.29,588.81)
  u_impl/u_core/g_row_18__g_col_5__u_pe/u_sol/u_red_q_reg_2_/D (DFCNQD1)            0.0000      0.5675 f    (854.75,585.23)
  data arrival time                                                                             0.5675

  clock core_clk (rise edge)                                                        0.0000      0.0000
  clock network delay (propagated)                                                  0.3391      0.3391
  u_impl/u_core/g_row_18__g_col_5__u_pe/u_sol/u_red_q_reg_2_/CP (DFCNQD1)           0.0000      0.3391 r    (853.72,585.10)
  clock uncertainty                                                                 0.2000      0.5391
  library hold time                                                                 0.0288      0.5678
  data required time                                                                            0.5678
  -------------------------------------------------------------------------------------------------------------------------------
  data required time                                                                            0.5678
  data arrival time                                                                            -0.5675
  -------------------------------------------------------------------------------------------------------------------------------
  slack (VIOLATED)                                                                             -0.0003



  Startpoint: u_impl/u_core/g_row_6__g_col_1__u_pe/u_sol/u_black_q_reg_0_ (rising edge-triggered flip-flop clocked by core_clk)
  Endpoint: u_impl/u_core/g_row_6__g_col_2__u_pe/u_sol/u_red_q_reg_15_ (rising edge-triggered flip-flop clocked by core_clk)
  Mode: FUNC
  Corner: BC
  Scenario: FUNC_BC
  Path Group: core_clk
  Path Type: min

  Point                                                                              Incr        Path           Location
  -------------------------------------------------------------------------------------------------------------------------------
  clock core_clk (rise edge)                                                        0.0000      0.0000
  clock network delay (propagated)                                                  0.3089      0.3089

  u_impl/u_core/g_row_6__g_col_1__u_pe/u_sol/u_black_q_reg_0_/CP (DFCNQD1)          0.0000      0.3089 r    (94.72,151.30)
  u_impl/u_core/g_row_6__g_col_1__u_pe/u_sol/u_black_q_reg_0_/Q (DFCNQD1)           0.1176      0.4265 f    (98.89,151.31)
  u_impl/u_core/g_row_6__g_col_1__u_pe/u_sol/U69/ZN (CKND0)                         0.0570      0.4835 r    (100.65,153.08)
  u_impl/u_core/g_row_6__g_col_2__u_pe/u_sol/U41/ZN (OAI222D0)                      0.0598      0.5433 f    (92.51,142.41)
  u_impl/u_core/g_row_6__g_col_2__u_pe/u_sol/u_red_q_reg_15_/D (DFCNQD1)            0.0000      0.5433 f    (91.35,146.03)
  data arrival time                                                                             0.5433

  clock core_clk (rise edge)                                                        0.0000      0.0000
  clock network delay (propagated)                                                  0.3137      0.3137
  u_impl/u_core/g_row_6__g_col_2__u_pe/u_sol/u_red_q_reg_15_/CP (DFCNQD1)           0.0000      0.3137 r    (90.32,145.90)
  clock uncertainty                                                                 0.2000      0.5137
  library hold time                                                                 0.0299      0.5436
  data required time                                                                            0.5436
  -------------------------------------------------------------------------------------------------------------------------------
  data required time                                                                            0.5436
  data arrival time                                                                            -0.5433
  -------------------------------------------------------------------------------------------------------------------------------
  slack (VIOLATED)                                                                             -0.0003



  Startpoint: u_impl/u_core/g_row_17__g_col_9__u_pe/u_r_black/q_reg_12_ (rising edge-triggered flip-flop clocked by core_clk)
  Endpoint: u_impl/u_core/g_row_17__g_col_9__u_pe/u_r_black/q_reg_11_ (rising edge-triggered flip-flop clocked by core_clk)
  Mode: FUNC
  Corner: BC
  Scenario: FUNC_BC
  Path Group: core_clk
  Path Type: min

  Point                                                                              Incr        Path           Location
  -------------------------------------------------------------------------------------------------------------------------------
  clock core_clk (rise edge)                                                        0.0000      0.0000
  clock network delay (propagated)                                                  0.2411      0.2411

  u_impl/u_core/g_row_17__g_col_9__u_pe/u_r_black/q_reg_12_/CP (DFCNQD1)            0.0000      0.2411 r    (723.92,563.50)
  u_impl/u_core/g_row_17__g_col_9__u_pe/u_r_black/q_reg_12_/Q (DFCNQD1)             0.1370      0.3782 f    (728.09,563.49)
  u_impl/u_core/g_row_17__g_col_9__u_pe/u_r_black/copt_h_inst_32238/Z (CKBD0)       0.0421      0.4202 f    (729.69,563.48)
  u_impl/u_core/g_row_17__g_col_9__u_pe/u_r_black/U9/Z (AO222D0)                    0.0575      0.4778 f    (725.55,561.81)
  u_impl/u_core/g_row_17__g_col_9__u_pe/u_r_black/q_reg_11_/D (DFCNQD1)             0.0000      0.4778 f    (730.35,561.58)
  data arrival time                                                                             0.4778

  clock core_clk (rise edge)                                                        0.0000      0.0000
  clock network delay (propagated)                                                  0.2443      0.2443
  u_impl/u_core/g_row_17__g_col_9__u_pe/u_r_black/q_reg_11_/CP (DFCNQD1)            0.0000      0.2443 r    (729.32,561.70)
  clock uncertainty                                                                 0.2000      0.4443
  library hold time                                                                 0.0338      0.4780
  data required time                                                                            0.4780
  -------------------------------------------------------------------------------------------------------------------------------
  data required time                                                                            0.4780
  data arrival time                                                                            -0.4778
  -------------------------------------------------------------------------------------------------------------------------------
  slack (VIOLATED)                                                                             -0.0003



  Startpoint: u_impl/u_core/g_row_2__g_col_1__u_pe/u_r_red/q_reg_8_ (rising edge-triggered flip-flop clocked by core_clk)
  Endpoint: u_impl/u_core/g_row_2__g_col_1__u_pe/u_r_red/q_reg_7_ (rising edge-triggered flip-flop clocked by core_clk)
  Mode: FUNC
  Corner: BC
  Scenario: FUNC_BC
  Path Group: core_clk
  Path Type: min

  Point                                                                              Incr        Path           Location
  -------------------------------------------------------------------------------------------------------------------------------
  clock core_clk (rise edge)                                                        0.0000      0.0000
  clock network delay (propagated)                                                  0.2375      0.2375

  u_impl/u_core/g_row_2__g_col_1__u_pe/u_r_red/q_reg_8_/CP (DFCNQD1)                0.0000      0.2375 r    (385.52,183.70)
  u_impl/u_core/g_row_2__g_col_1__u_pe/u_r_red/q_reg_8_/Q (DFCNQD1)                 0.1250      0.3625 f    (389.69,183.71)
  u_impl/u_core/g_row_2__g_col_1__u_pe/u_r_red/copt_h_inst_38885/Z (CKBD0)          0.0944      0.4569 f    (389.69,187.32)
  u_impl/u_core/g_row_2__g_col_1__u_pe/u_r_red/U9/Z (AO222D0)                       0.0843      0.5413 f    (395.25,185.40)
  u_impl/u_core/g_row_2__g_col_1__u_pe/u_r_red/q_reg_7_/D (DFCNQD1)                 0.0000      0.5413 f    (392.55,179.98)
  data arrival time                                                                             0.5413

  clock core_clk (rise edge)                                                        0.0000      0.0000
  clock network delay (propagated)                                                  0.3013      0.3013
  u_impl/u_core/g_row_2__g_col_1__u_pe/u_r_red/q_reg_7_/CP (DFCNQD1)                0.0000      0.3013 r    (391.52,180.10)
  clock uncertainty                                                                 0.2000      0.5013
  library hold time                                                                 0.0403      0.5416
  data required time                                                                            0.5416
  -------------------------------------------------------------------------------------------------------------------------------
  data required time                                                                            0.5416
  data arrival time                                                                            -0.5413
  -------------------------------------------------------------------------------------------------------------------------------
  slack (VIOLATED)                                                                             -0.0003



  Startpoint: u_impl/u_core/g_row_10__g_col_8__u_pe/u_r_red/q_reg_11_ (rising edge-triggered flip-flop clocked by core_clk)
  Endpoint: u_impl/u_core/g_row_10__g_col_8__u_pe/u_r_red/q_reg_10_ (rising edge-triggered flip-flop clocked by core_clk)
  Mode: FUNC
  Corner: BC
  Scenario: FUNC_BC
  Path Group: core_clk
  Path Type: min

  Point                                                                              Incr        Path           Location
  -------------------------------------------------------------------------------------------------------------------------------
  clock core_clk (rise edge)                                                        0.0000      0.0000
  clock network delay (propagated)                                                  0.3139      0.3139

  u_impl/u_core/g_row_10__g_col_8__u_pe/u_r_red/q_reg_11_/CP (DFCNQD1)              0.0000      0.3139 r    (173.12,556.30)
  u_impl/u_core/g_row_10__g_col_8__u_pe/u_r_red/q_reg_11_/Q (DFCNQD1)               0.1284      0.4422 f    (177.28,556.29)
  u_impl/u_core/g_row_10__g_col_8__u_pe/u_r_red/copt_h_inst_41598/Z (CKBD0)         0.0388      0.4811 f    (183.29,556.28)
  u_impl/u_core/g_row_10__g_col_8__u_pe/u_r_red/U17/Z (AO222D0)                     0.0688      0.5499 f    (186.85,558.21)
  u_impl/u_core/g_row_10__g_col_8__u_pe/u_r_red/q_reg_10_/D (DFCNQD1)               0.0000      0.5499 f    (187.35,560.02)
  data arrival time                                                                             0.5499

  clock core_clk (rise edge)                                                        0.0000      0.0000
  clock network delay (propagated)                                                  0.3175      0.3175
  u_impl/u_core/g_row_10__g_col_8__u_pe/u_r_red/q_reg_10_/CP (DFCNQD1)              0.0000      0.3175 r    (186.32,559.90)
  clock uncertainty                                                                 0.2000      0.5175
  library hold time                                                                 0.0326      0.5501
  data required time                                                                            0.5501
  -------------------------------------------------------------------------------------------------------------------------------
  data required time                                                                            0.5501
  data arrival time                                                                            -0.5499
  -------------------------------------------------------------------------------------------------------------------------------
  slack (VIOLATED)                                                                             -0.0003



  Startpoint: u_impl/u_core/g_row_13__g_col_0__u_pe/u_dsm/rem_q_reg_1_ (rising edge-triggered flip-flop clocked by core_clk)
  Endpoint: u_impl/u_core/g_row_13__g_col_0__u_pe/u_dsm/err_black_q_reg_1_ (rising edge-triggered flip-flop clocked by core_clk)
  Mode: FUNC
  Corner: BC
  Scenario: FUNC_BC
  Path Group: core_clk
  Path Type: min

  Point                                                                              Incr        Path           Location
  -------------------------------------------------------------------------------------------------------------------------------
  clock core_clk (rise edge)                                                        0.0000      0.0000
  clock network delay (propagated)                                                  0.3370      0.3370

  u_impl/u_core/g_row_13__g_col_0__u_pe/u_dsm/rem_q_reg_1_/CP (DFCNQD1)             0.0000      0.3370 r    (773.72,302.50)
  u_impl/u_core/g_row_13__g_col_0__u_pe/u_dsm/rem_q_reg_1_/Q (DFCNQD1)              0.1162      0.4532 f    (777.88,302.51)
  u_impl/u_core/g_row_13__g_col_0__u_pe/u_dsm/copt_h_inst_29074/Z (CKBD0)           0.0573      0.5105 f    (773.11,300.68)
  u_impl/u_core/g_row_13__g_col_0__u_pe/u_dsm/U8/Z (MUX2D0)                         0.0640      0.5745 f    (779.68,304.19)
  u_impl/u_core/g_row_13__g_col_0__u_pe/u_dsm/err_black_q_reg_1_/D (DFCNQD1)        0.0000      0.5745 f    (784.55,304.43)
  data arrival time                                                                             0.5745

  clock core_clk (rise edge)                                                        0.0000      0.0000
  clock network delay (propagated)                                                  0.3411      0.3411
  u_impl/u_core/g_row_13__g_col_0__u_pe/u_dsm/err_black_q_reg_1_/CP (DFCNQD1)       0.0000      0.3411 r    (783.52,304.30)
  clock uncertainty                                                                 0.2000      0.5411
  library hold time                                                                 0.0337      0.5748
  data required time                                                                            0.5748
  -------------------------------------------------------------------------------------------------------------------------------
  data required time                                                                            0.5748
  data arrival time                                                                            -0.5745
  -------------------------------------------------------------------------------------------------------------------------------
  slack (VIOLATED)                                                                             -0.0003



  Startpoint: u_impl/black_shadow_reg_15__0_ (rising edge-triggered flip-flop clocked by core_clk)
  Endpoint: u_impl/black_shadow_reg_15__0_ (rising edge-triggered flip-flop clocked by core_clk)
  Mode: FUNC
  Corner: BC
  Scenario: FUNC_BC
  Path Group: core_clk
  Path Type: min

  Point                                                                              Incr        Path           Location
  -------------------------------------------------------------------------------------------------------------------------------
  clock core_clk (rise edge)                                                        0.0000      0.0000
  clock network delay (propagated)                                                  0.2160      0.2160

  u_impl/black_shadow_reg_15__0_/CP (DFQD1)                                         0.0000      0.2160 r    (693.32,194.51)
  u_impl/black_shadow_reg_15__0_/Q (DFQD1)                                          0.1503      0.3662 f    (696.87,194.50)
  u_impl/U13078/ZN (MAOI22D0)                                                       0.0766      0.4428 f    (684.80,199.79)
  u_impl/black_shadow_reg_15__0_/D (DFQD1)                                          0.0000      0.4429 f    (694.36,194.49)
  data arrival time                                                                             0.4429

  clock core_clk (rise edge)                                                        0.0000      0.0000
  clock network delay (propagated)                                                  0.2188      0.2188
  u_impl/black_shadow_reg_15__0_/CP (DFQD1)                                         0.0000      0.2188 r    (693.32,194.51)
  clock uncertainty                                                                 0.2000      0.4188
  library hold time                                                                 0.0243      0.4431
  data required time                                                                            0.4432
  -------------------------------------------------------------------------------------------------------------------------------
  data required time                                                                            0.4432
  data arrival time                                                                            -0.4429
  -------------------------------------------------------------------------------------------------------------------------------
  slack (VIOLATED)                                                                             -0.0003



  Startpoint: u_impl/u_core/g_row_12__g_col_1__u_pe/u_r_black/q_reg_11_ (rising edge-triggered flip-flop clocked by core_clk)
  Endpoint: u_impl/u_core/g_row_12__g_col_1__u_pe/u_r_black/q_reg_11_ (rising edge-triggered flip-flop clocked by core_clk)
  Mode: FUNC
  Corner: BC
  Scenario: FUNC_BC
  Path Group: core_clk
  Path Type: min

  Point                                                                              Incr        Path           Location
  -------------------------------------------------------------------------------------------------------------------------------
  clock core_clk (rise edge)                                                        0.0000      0.0000
  clock network delay (propagated)                                                  0.3186      0.3186

  u_impl/u_core/g_row_12__g_col_1__u_pe/u_r_black/q_reg_11_/CP (DFCNQD1)            0.0000      0.3186 r    (336.92,675.10)
  u_impl/u_core/g_row_12__g_col_1__u_pe/u_r_black/q_reg_11_/Q (DFCNQD1)             0.1420      0.4606 f    (341.09,675.09)
  u_impl/u_core/g_row_12__g_col_1__u_pe/u_r_black/copt_h_inst_44127/Z (CKBD0)       0.0382      0.4989 f    (336.51,678.68)
  u_impl/u_core/g_row_12__g_col_1__u_pe/u_r_black/U11/Z (AO222D0)                   0.0685      0.5674 f    (337.85,677.00)
  u_impl/u_core/g_row_12__g_col_1__u_pe/u_r_black/q_reg_11_/D (DFCNQD1)             0.0000      0.5674 f    (337.95,675.23)
  data arrival time                                                                             0.5674

  clock core_clk (rise edge)                                                        0.0000      0.0000
  clock network delay (propagated)                                                  0.3229      0.3229
  u_impl/u_core/g_row_12__g_col_1__u_pe/u_r_black/q_reg_11_/CP (DFCNQD1)            0.0000      0.3229 r    (336.92,675.10)
  clock uncertainty                                                                 0.2000      0.5229
  library hold time                                                                 0.0447      0.5676
  data required time                                                                            0.5677
  -------------------------------------------------------------------------------------------------------------------------------
  data required time                                                                            0.5677
  data arrival time                                                                            -0.5674
  -------------------------------------------------------------------------------------------------------------------------------
  slack (VIOLATED)                                                                             -0.0003



  Startpoint: u_impl/u_core/g_row_10__g_col_8__u_pe/u_r_black/q_reg_2_ (rising edge-triggered flip-flop clocked by core_clk)
  Endpoint: u_impl/u_core/g_row_10__g_col_8__u_pe/u_r_black/q_reg_1_ (rising edge-triggered flip-flop clocked by core_clk)
  Mode: FUNC
  Corner: BC
  Scenario: FUNC_BC
  Path Group: core_clk
  Path Type: min

  Point                                                                              Incr        Path           Location
  -------------------------------------------------------------------------------------------------------------------------------
  clock core_clk (rise edge)                                                        0.0000      0.0000
  clock network delay (propagated)                                                  0.3136      0.3136

  u_impl/u_core/g_row_10__g_col_8__u_pe/u_r_black/q_reg_2_/CP (DFCNQD1)             0.0000      0.3136 r    (170.92,572.50)
  u_impl/u_core/g_row_10__g_col_8__u_pe/u_r_black/q_reg_2_/Q (DFCNQD1)              0.1198      0.4334 f    (175.09,572.51)
  u_impl/u_core/g_row_10__g_col_8__u_pe/u_r_black/copt_h_inst_43138/Z (CKBD0)       0.0438      0.4772 f    (174.91,574.28)
  u_impl/u_core/g_row_10__g_col_8__u_pe/u_r_black/U14/Z (AO222D0)                   0.0725      0.5497 f    (171.15,569.00)
  u_impl/u_core/g_row_10__g_col_8__u_pe/u_r_black/q_reg_1_/D (DFCNQD1)              0.0000      0.5497 f    (169.95,570.83)
  data arrival time                                                                             0.5497

  clock core_clk (rise edge)                                                        0.0000      0.0000
  clock network delay (propagated)                                                  0.3173      0.3173
  u_impl/u_core/g_row_10__g_col_8__u_pe/u_r_black/q_reg_1_/CP (DFCNQD1)             0.0000      0.3173 r    (168.92,570.70)
  clock uncertainty                                                                 0.2000      0.5173
  library hold time                                                                 0.0326      0.5499
  data required time                                                                            0.5499
  -------------------------------------------------------------------------------------------------------------------------------
  data required time                                                                            0.5499
  data arrival time                                                                            -0.5497
  -------------------------------------------------------------------------------------------------------------------------------
  slack (VIOLATED)                                                                             -0.0002



  Startpoint: u_impl/u_core/g_row_9__g_col_6__u_pe/u_sol/u_red_q_reg_15_ (rising edge-triggered flip-flop clocked by core_clk)
  Endpoint: u_impl/u_core/g_row_9__g_col_6__u_pe/u_sol/u_red_q_reg_14_ (rising edge-triggered flip-flop clocked by core_clk)
  Mode: FUNC
  Corner: BC
  Scenario: FUNC_BC
  Path Group: core_clk
  Path Type: min

  Point                                                                              Incr        Path           Location
  -------------------------------------------------------------------------------------------------------------------------------
  clock core_clk (rise edge)                                                        0.0000      0.0000
  clock network delay (propagated)                                                  0.3256      0.3256

  u_impl/u_core/g_row_9__g_col_6__u_pe/u_sol/u_red_q_reg_15_/CP (DFCNQD1)           0.0000      0.3256 r    (80.52,504.10)
  u_impl/u_core/g_row_9__g_col_6__u_pe/u_sol/u_red_q_reg_15_/Q (DFCNQD1)            0.1333      0.4589 f    (84.69,504.11)
  u_impl/u_core/g_row_9__g_col_6__u_pe/u_sol/copt_h_inst_46210/Z (CKBD0)            0.0315      0.4905 f    (84.91,505.88)
  u_impl/u_core/g_row_9__g_col_6__u_pe/u_sol/U74/ZN (CKND0)                         0.0346      0.5251 r    (83.55,505.88)
  u_impl/u_core/g_row_9__g_col_6__u_pe/u_sol/U78/ZN (OAI222D0)                      0.0477      0.5727 f    (85.91,500.39)
  u_impl/u_core/g_row_9__g_col_6__u_pe/u_sol/u_red_q_reg_14_/D (DFCNQD1)            0.0000      0.5727 f    (83.15,507.58)
  data arrival time                                                                             0.5727

  clock core_clk (rise edge)                                                        0.0000      0.0000
  clock network delay (propagated)                                                  0.3306      0.3306
  u_impl/u_core/g_row_9__g_col_6__u_pe/u_sol/u_red_q_reg_14_/CP (DFCNQD1)           0.0000      0.3306 r    (82.12,507.70)
  clock uncertainty                                                                 0.2000      0.5306
  library hold time                                                                 0.0423      0.5730
  data required time                                                                            0.5730
  -------------------------------------------------------------------------------------------------------------------------------
  data required time                                                                            0.5730
  data arrival time                                                                            -0.5727
  -------------------------------------------------------------------------------------------------------------------------------
  slack (VIOLATED)                                                                             -0.0002



  Startpoint: u_impl/u_core/g_row_15__g_col_9__u_pe/u_sol/u_black_q_reg_1_ (rising edge-triggered flip-flop clocked by core_clk)
  Endpoint: u_impl/u_core/g_row_15__g_col_9__u_pe/u_sol/u_black_q_reg_0_ (rising edge-triggered flip-flop clocked by core_clk)
  Mode: FUNC
  Corner: BC
  Scenario: FUNC_BC
  Path Group: core_clk
  Path Type: min

  Point                                                                              Incr        Path           Location
  -------------------------------------------------------------------------------------------------------------------------------
  clock core_clk (rise edge)                                                        0.0000      0.0000
  clock network delay (propagated)                                                  0.3366      0.3366

  u_impl/u_core/g_row_15__g_col_9__u_pe/u_sol/u_black_q_reg_1_/CP (DFCNQD1)         0.0000      0.3366 r    (218.72,738.10)
  u_impl/u_core/g_row_15__g_col_9__u_pe/u_sol/u_black_q_reg_1_/Q (DFCNQD1)          0.1203      0.4569 f    (222.89,738.11)
  u_impl/u_core/g_row_15__g_col_9__u_pe/u_sol/U66/ZN (CKND0)                        0.0301      0.4870 r    (221.35,736.28)
  u_impl/u_core/g_row_15__g_col_9__u_pe/u_sol/copt_h_inst_42673/Z (CKBD0)           0.0366      0.5236 r    (218.91,736.28)
  u_impl/u_core/g_row_15__g_col_9__u_pe/u_sol/U72/ZN (OAI222D0)                     0.0317      0.5553 f    (216.49,736.41)
  u_impl/u_core/g_row_15__g_col_9__u_pe/u_sol/u_black_q_reg_0_/D (DFCNQD1)          0.0000      0.5553 f    (216.75,732.83)
  data arrival time                                                                             0.5553

  clock core_clk (rise edge)                                                        0.0000      0.0000
  clock network delay (propagated)                                                  0.3256      0.3256
  u_impl/u_core/g_row_15__g_col_9__u_pe/u_sol/u_black_q_reg_0_/CP (DFCNQD1)         0.0000      0.3256 r    (215.72,732.70)
  clock uncertainty                                                                 0.2000      0.5256
  library hold time                                                                 0.0299      0.5555
  data required time                                                                            0.5555
  -------------------------------------------------------------------------------------------------------------------------------
  data required time                                                                            0.5555
  data arrival time                                                                            -0.5553
  -------------------------------------------------------------------------------------------------------------------------------
  slack (VIOLATED)                                                                             -0.0002



  Startpoint: u_impl/u_core/g_row_19__g_col_8__u_pe/u_r_red/q_reg_4_ (rising edge-triggered flip-flop clocked by core_clk)
  Endpoint: u_impl/u_core/g_row_19__g_col_8__u_pe/u_r_red/q_reg_4_ (rising edge-triggered flip-flop clocked by core_clk)
  Mode: FUNC
  Corner: BC
  Scenario: FUNC_BC
  Path Group: core_clk
  Path Type: min

  Point                                                                              Incr        Path           Location
  -------------------------------------------------------------------------------------------------------------------------------
  clock core_clk (rise edge)                                                        0.0000      0.0000
  clock network delay (propagated)                                                  0.3279      0.3279

  u_impl/u_core/g_row_19__g_col_8__u_pe/u_r_red/q_reg_4_/CP (DFCNQD1)               0.0000      0.3279 r    (771.12,343.90)
  u_impl/u_core/g_row_19__g_col_8__u_pe/u_r_red/q_reg_4_/Q (DFCNQD1)                0.1257      0.4536 f    (775.29,343.89)
  u_impl/u_core/g_row_19__g_col_8__u_pe/u_r_red/copt_h_inst_39626/Z (CKBD0)         0.0449      0.4985 f    (768.11,342.12)
  u_impl/u_core/g_row_19__g_col_8__u_pe/u_r_red/U19/Z (AO222D0)                     0.0643      0.5628 f    (767.65,340.19)
  u_impl/u_core/g_row_19__g_col_8__u_pe/u_r_red/q_reg_4_/D (DFCNQD1)                0.0000      0.5628 f    (772.15,344.03)
  data arrival time                                                                             0.5628

  clock core_clk (rise edge)                                                        0.0000      0.0000
  clock network delay (propagated)                                                  0.3319      0.3319
  u_impl/u_core/g_row_19__g_col_8__u_pe/u_r_red/q_reg_4_/CP (DFCNQD1)               0.0000      0.3319 r    (771.12,343.90)
  clock uncertainty                                                                 0.2000      0.5319
  library hold time                                                                 0.0311      0.5630
  data required time                                                                            0.5630
  -------------------------------------------------------------------------------------------------------------------------------
  data required time                                                                            0.5630
  data arrival time                                                                            -0.5628
  -------------------------------------------------------------------------------------------------------------------------------
  slack (VIOLATED)                                                                             -0.0002



  Startpoint: u_impl/black_shadow_reg_70__13_ (rising edge-triggered flip-flop clocked by core_clk)
  Endpoint: u_impl/u_core/g_row_7__g_col_0__u_pe/u_r_black/q_reg_13_ (rising edge-triggered flip-flop clocked by core_clk)
  Mode: FUNC
  Corner: BC
  Scenario: FUNC_BC
  Path Group: core_clk
  Path Type: min

  Point                                                                              Incr        Path           Location
  -------------------------------------------------------------------------------------------------------------------------------
  clock core_clk (rise edge)                                                        0.0000      0.0000
  clock network delay (propagated)                                                  0.3341      0.3341

  u_impl/black_shadow_reg_70__13_/CP (DFQD1)                                        0.0000      0.3341 r    (267.12,207.09)
  u_impl/black_shadow_reg_70__13_/Q (DFQD1)                                         0.1341      0.4681 f    (270.67,207.09)
  u_impl/u_core/g_row_7__g_col_0__u_pe/u_r_black/U20/ZN (AOI22D0)                   0.0491      0.5172 r    (255.70,199.81)
  u_impl/u_core/g_row_7__g_col_0__u_pe/u_r_black/U23/ZN (CKND2D0)                   0.0306      0.5478 f    (246.75,198.12)
  u_impl/u_core/g_row_7__g_col_0__u_pe/u_r_black/q_reg_13_/D (DFCNQD1)              0.0000      0.5478 f    (249.15,197.98)
  data arrival time                                                                             0.5478

  clock core_clk (rise edge)                                                        0.0000      0.0000
  clock network delay (propagated)                                                  0.3163      0.3163
  u_impl/u_core/g_row_7__g_col_0__u_pe/u_r_black/q_reg_13_/CP (DFCNQD1)             0.0000      0.3163 r    (248.12,198.10)
  clock uncertainty                                                                 0.2000      0.5163
  library hold time                                                                 0.0318      0.5480
  data required time                                                                            0.5480
  -------------------------------------------------------------------------------------------------------------------------------
  data required time                                                                            0.5480
  data arrival time                                                                            -0.5478
  -------------------------------------------------------------------------------------------------------------------------------
  slack (VIOLATED)                                                                             -0.0002



  Startpoint: u_impl/red_shadow_reg_30__6_ (rising edge-triggered flip-flop clocked by core_clk)
  Endpoint: u_impl/u_core/g_row_3__g_col_0__u_pe/u_r_red/q_reg_6_ (rising edge-triggered flip-flop clocked by core_clk)
  Mode: FUNC
  Corner: BC
  Scenario: FUNC_BC
  Path Group: core_clk
  Path Type: min

  Point                                                                              Incr        Path           Location
  -------------------------------------------------------------------------------------------------------------------------------
  clock core_clk (rise edge)                                                        0.0000      0.0000
  clock network delay (propagated)                                                  0.2833      0.2833

  u_impl/red_shadow_reg_30__6_/CP (DFQD1)                                           0.0000      0.2833 r    (407.12,221.49)
  u_impl/red_shadow_reg_30__6_/Q (DFQD1)                                            0.1708      0.4541 f    (410.67,221.50)
  u_impl/u_core/g_row_3__g_col_0__u_pe/u_r_red/U12/Z (AO222D0)                      0.0857      0.5398 f    (449.95,169.41)
  u_impl/u_core/g_row_3__g_col_0__u_pe/u_r_red/q_reg_6_/D (DFCNQD1)                 0.0000      0.5398 f    (445.55,167.62)
  data arrival time                                                                             0.5398

  clock core_clk (rise edge)                                                        0.0000      0.0000
  clock network delay (propagated)                                                  0.2999      0.2999
  u_impl/u_core/g_row_3__g_col_0__u_pe/u_r_red/q_reg_6_/CP (DFCNQD1)                0.0000      0.2999 r    (444.52,167.50)
  clock uncertainty                                                                 0.2000      0.4999
  library hold time                                                                 0.0401      0.5400
  data required time                                                                            0.5400
  -------------------------------------------------------------------------------------------------------------------------------
  data required time                                                                            0.5400
  data arrival time                                                                            -0.5398
  -------------------------------------------------------------------------------------------------------------------------------
  slack (VIOLATED)                                                                             -0.0002



  Startpoint: u_impl/u_core/g_row_5__g_col_0__u_pe/u_sol/u_red_q_reg_0_ (rising edge-triggered flip-flop clocked by core_clk)
  Endpoint: u_impl/u_core/g_row_5__g_col_0__u_pe/u_sol/u_red_q_reg_0_ (rising edge-triggered flip-flop clocked by core_clk)
  Mode: FUNC
  Corner: BC
  Scenario: FUNC_BC
  Path Group: core_clk
  Path Type: min

  Point                                                                              Incr        Path           Location
  -------------------------------------------------------------------------------------------------------------------------------
  clock core_clk (rise edge)                                                        0.0000      0.0000
  clock network delay (propagated)                                                  0.3159      0.3159

  u_impl/u_core/g_row_5__g_col_0__u_pe/u_sol/u_red_q_reg_0_/CP (DFCNQD1)            0.0000      0.3159 r    (282.72,61.30)
  u_impl/u_core/g_row_5__g_col_0__u_pe/u_sol/u_red_q_reg_0_/Q (DFCNQD1)             0.1159      0.4318 f    (286.88,61.31)
  u_impl/u_core/g_row_5__g_col_0__u_pe/u_sol/U69/ZN (CKND0)                         0.0576      0.4894 r    (285.55,64.92)
  u_impl/u_core/g_row_5__g_col_0__u_pe/u_sol/U104/ZN (OAI222D0)                     0.0604      0.5498 f    (289.91,59.61)
  u_impl/u_core/g_row_5__g_col_0__u_pe/u_sol/u_red_q_reg_0_/D (DFCNQD1)             0.0000      0.5498 f    (283.75,61.18)
  data arrival time                                                                             0.5498

  clock core_clk (rise edge)                                                        0.0000      0.0000
  clock network delay (propagated)                                                  0.3208      0.3208
  u_impl/u_core/g_row_5__g_col_0__u_pe/u_sol/u_red_q_reg_0_/CP (DFCNQD1)            0.0000      0.3208 r    (282.72,61.30)
  clock uncertainty                                                                 0.2000      0.5208
  library hold time                                                                 0.0292      0.5500
  data required time                                                                            0.5500
  -------------------------------------------------------------------------------------------------------------------------------
  data required time                                                                            0.5500
  data arrival time                                                                            -0.5498
  -------------------------------------------------------------------------------------------------------------------------------
  slack (VIOLATED)                                                                             -0.0002



  Startpoint: u_impl/u_core/g_row_6__g_col_9__u_pe/u_r_black/q_reg_13_ (rising edge-triggered flip-flop clocked by core_clk)
  Endpoint: u_impl/u_core/g_row_6__g_col_9__u_pe/u_r_black/q_reg_13_ (rising edge-triggered flip-flop clocked by core_clk)
  Mode: FUNC
  Corner: BC
  Scenario: FUNC_BC
  Path Group: core_clk
  Path Type: min

  Point                                                                              Incr        Path           Location
  -------------------------------------------------------------------------------------------------------------------------------
  clock core_clk (rise edge)                                                        0.0000      0.0000
  clock network delay (propagated)                                                  0.3106      0.3106

  u_impl/u_core/g_row_6__g_col_9__u_pe/u_r_black/q_reg_13_/CP (DFCNQD1)             0.0000      0.3106 r    (268.72,162.10)
  u_impl/u_core/g_row_6__g_col_9__u_pe/u_r_black/q_reg_13_/Q (DFCNQD1)              0.1272      0.4378 f    (272.88,162.11)
  u_impl/u_core/g_row_6__g_col_9__u_pe/u_r_black/copt_gre_h_inst_49878/Z (CKBD0)    0.0369      0.4747 f    (273.69,163.88)
  u_impl/u_core/g_row_6__g_col_9__u_pe/u_r_black/U20/ZN (AOI22D0)                   0.0415      0.5162 r    (272.30,163.81)
  u_impl/u_core/g_row_6__g_col_9__u_pe/u_r_black/U23/ZN (CKND2D0)                   0.0316      0.5478 f    (271.65,160.28)
  u_impl/u_core/g_row_6__g_col_9__u_pe/u_r_black/q_reg_13_/D (DFCNQD1)              0.0000      0.5478 f    (269.75,161.97)
  data arrival time                                                                             0.5478

  clock core_clk (rise edge)                                                        0.0000      0.0000
  clock network delay (propagated)                                                  0.3156      0.3156
  u_impl/u_core/g_row_6__g_col_9__u_pe/u_r_black/q_reg_13_/CP (DFCNQD1)             0.0000      0.3156 r    (268.72,162.10)
  clock uncertainty                                                                 0.2000      0.5156
  library hold time                                                                 0.0323      0.5480
  data required time                                                                            0.5480
  -------------------------------------------------------------------------------------------------------------------------------
  data required time                                                                            0.5480
  data arrival time                                                                            -0.5478
  -------------------------------------------------------------------------------------------------------------------------------
  slack (VIOLATED)                                                                             -0.0002



  Startpoint: u_impl/red_shadow_reg_102__8_ (rising edge-triggered flip-flop clocked by core_clk)
  Endpoint: u_impl/u_core/g_row_10__g_col_2__u_pe/u_r_red/q_reg_8_ (rising edge-triggered flip-flop clocked by core_clk)
  Mode: FUNC
  Corner: BC
  Scenario: FUNC_BC
  Path Group: core_clk
  Path Type: min

  Point                                                                              Incr        Path           Location
  -------------------------------------------------------------------------------------------------------------------------------
  clock core_clk (rise edge)                                                        0.0000      0.0000
  clock network delay (propagated)                                                  0.3121      0.3121

  u_impl/red_shadow_reg_102__8_/CP (DFQD1)                                          0.0000      0.3121 r    (239.92,550.91)
  u_impl/red_shadow_reg_102__8_/Q (DFQD1)                                           0.1557      0.4678 f    (243.47,550.90)
  u_impl/u_core/g_row_10__g_col_2__u_pe/u_r_red/U18/Z (AO222D0)                     0.0927      0.5605 f    (149.55,554.61)
  u_impl/u_core/g_row_10__g_col_2__u_pe/u_r_red/q_reg_8_/D (DFCNQD1)                0.0000      0.5605 f    (151.15,556.43)
  data arrival time                                                                             0.5605

  clock core_clk (rise edge)                                                        0.0000      0.0000
  clock network delay (propagated)                                                  0.3265      0.3265
  u_impl/u_core/g_row_10__g_col_2__u_pe/u_r_red/q_reg_8_/CP (DFCNQD1)               0.0000      0.3265 r    (150.12,556.30)
  clock uncertainty                                                                 0.2000      0.5265
  library hold time                                                                 0.0342      0.5607
  data required time                                                                            0.5607
  -------------------------------------------------------------------------------------------------------------------------------
  data required time                                                                            0.5607
  data arrival time                                                                            -0.5605
  -------------------------------------------------------------------------------------------------------------------------------
  slack (VIOLATED)                                                                             -0.0002



  Startpoint: u_impl/black_shadow_reg_7__2_ (rising edge-triggered flip-flop clocked by core_clk)
  Endpoint: u_impl/u_core/g_row_0__g_col_7__u_pe/u_r_black/q_reg_2_ (rising edge-triggered flip-flop clocked by core_clk)
  Mode: FUNC
  Corner: BC
  Scenario: FUNC_BC
  Path Group: core_clk
  Path Type: min

  Point                                                                              Incr        Path           Location
  -------------------------------------------------------------------------------------------------------------------------------
  clock core_clk (rise edge)                                                        0.0000      0.0000
  clock network delay (propagated)                                                  0.2210      0.2210

  u_impl/black_shadow_reg_7__2_/CP (DFQD1)                                          0.0000      0.2210 r    (716.12,271.89)
  u_impl/black_shadow_reg_7__2_/Q (DFQD1)                                           0.1087      0.3297 f    (719.67,271.90)
  u_impl/copt_h_inst_27438/Z (CKBD0)                                                0.1122      0.4419 f    (712.71,271.88)
  u_impl/u_core/g_row_0__g_col_7__u_pe/u_r_black/U13/Z (AO222D0)                    0.0917      0.5336 f    (731.45,217.80)
  u_impl/u_core/g_row_0__g_col_7__u_pe/u_r_black/q_reg_2_/D (DFCNQD1)               0.0000      0.5336 f    (734.95,218.03)
  data arrival time                                                                             0.5336

  clock core_clk (rise edge)                                                        0.0000      0.0000
  clock network delay (propagated)                                                  0.3028      0.3028
  u_impl/u_core/g_row_0__g_col_7__u_pe/u_r_black/q_reg_2_/CP (DFCNQD1)              0.0000      0.3028 r    (733.92,217.90)
  clock uncertainty                                                                 0.2000      0.5028
  library hold time                                                                 0.0311      0.5338
  data required time                                                                            0.5338
  -------------------------------------------------------------------------------------------------------------------------------
  data required time                                                                            0.5338
  data arrival time                                                                            -0.5336
  -------------------------------------------------------------------------------------------------------------------------------
  slack (VIOLATED)                                                                             -0.0002



  Startpoint: u_impl/black_shadow_reg_1__4_ (rising edge-triggered flip-flop clocked by core_clk)
  Endpoint: u_impl/black_shadow_reg_1__4_ (rising edge-triggered flip-flop clocked by core_clk)
  Mode: FUNC
  Corner: BC
  Scenario: FUNC_BC
  Path Group: core_clk
  Path Type: min

  Point                                                                              Incr        Path           Location
  -------------------------------------------------------------------------------------------------------------------------------
  clock core_clk (rise edge)                                                        0.0000      0.0000
  clock network delay (propagated)                                                  0.3115      0.3115

  u_impl/black_shadow_reg_1__4_/CP (DFQD1)                                          0.0000      0.3115 r    (696.32,298.91)
  u_impl/black_shadow_reg_1__4_/Q (DFQD1)                                           0.1374      0.4489 f    (699.87,298.91)
  u_impl/copt_h_inst_31418/Z (CKBD0)                                                0.0427      0.4916 f    (699.51,300.68)
  u_impl/U11791/ZN (IAO22D0)                                                        0.0508      0.5424 f    (697.35,302.49)
  u_impl/black_shadow_reg_1__4_/D (DFQD1)                                           0.0000      0.5424 f    (697.36,298.88)
  data arrival time                                                                             0.5424

  clock core_clk (rise edge)                                                        0.0000      0.0000
  clock network delay (propagated)                                                  0.3159      0.3159
  u_impl/black_shadow_reg_1__4_/CP (DFQD1)                                          0.0000      0.3159 r    (696.32,298.91)
  clock uncertainty                                                                 0.2000      0.5159
  library hold time                                                                 0.0267      0.5426
  data required time                                                                            0.5426
  -------------------------------------------------------------------------------------------------------------------------------
  data required time                                                                            0.5426
  data arrival time                                                                            -0.5424
  -------------------------------------------------------------------------------------------------------------------------------
  slack (VIOLATED)                                                                             -0.0002



  Startpoint: u_impl/u_core/g_row_13__g_col_2__u_pe/u_sol/u_red_q_reg_0_ (rising edge-triggered flip-flop clocked by core_clk)
  Endpoint: u_impl/u_core/g_row_13__g_col_3__u_pe/u_sol/u_black_q_reg_15_ (rising edge-triggered flip-flop clocked by core_clk)
  Mode: FUNC
  Corner: BC
  Scenario: FUNC_BC
  Path Group: core_clk
  Path Type: min

  Point                                                                              Incr        Path           Location
  -------------------------------------------------------------------------------------------------------------------------------
  clock core_clk (rise edge)                                                        0.0000      0.0000
  clock network delay (propagated)                                                  0.2673      0.2673

  u_impl/u_core/g_row_13__g_col_2__u_pe/u_sol/u_red_q_reg_0_/CP (DFCNQD1)           0.0000      0.2673 r    (782.52,730.90)
  u_impl/u_core/g_row_13__g_col_2__u_pe/u_sol/u_red_q_reg_0_/Q (DFCNQD1)            0.1227      0.3900 f    (786.69,730.91)
  u_impl/u_core/g_row_13__g_col_2__u_pe/u_sol/U69/ZN (CKND0)                        0.0636      0.4536 r    (787.25,730.92)
  u_impl/u_core/g_row_13__g_col_3__u_pe/u_sol/copt_h_inst_42457/Z (CKBD0)           0.0513      0.5049 r    (812.09,727.32)
  u_impl/u_core/g_row_13__g_col_3__u_pe/u_sol/U41/ZN (OAI222D0)                     0.0574      0.5622 f    (816.49,718.41)
  u_impl/u_core/g_row_13__g_col_3__u_pe/u_sol/u_black_q_reg_15_/D (DFCNQD1)         0.0000      0.5623 f    (812.75,725.62)
  data arrival time                                                                             0.5623

  clock core_clk (rise edge)                                                        0.0000      0.0000
  clock network delay (propagated)                                                  0.3229      0.3229
  u_impl/u_core/g_row_13__g_col_3__u_pe/u_sol/u_black_q_reg_15_/CP (DFCNQD1)        0.0000      0.3229 r    (811.72,725.50)
  clock uncertainty                                                                 0.2000      0.5229
  library hold time                                                                 0.0395      0.5624
  data required time                                                                            0.5624
  -------------------------------------------------------------------------------------------------------------------------------
  data required time                                                                            0.5624
  data arrival time                                                                            -0.5623
  -------------------------------------------------------------------------------------------------------------------------------
  slack (VIOLATED)                                                                             -0.0002



  Startpoint: u_impl/u_core/g_row_5__g_col_4__u_pe/u_r_black/q_reg_9_ (rising edge-triggered flip-flop clocked by core_clk)
  Endpoint: u_impl/u_core/g_row_5__g_col_4__u_pe/u_r_black/q_reg_9_ (rising edge-triggered flip-flop clocked by core_clk)
  Mode: FUNC
  Corner: BC
  Scenario: FUNC_BC
  Path Group: core_clk
  Path Type: min

  Point                                                                              Incr        Path           Location
  -------------------------------------------------------------------------------------------------------------------------------
  clock core_clk (rise edge)                                                        0.0000      0.0000
  clock network delay (propagated)                                                  0.3155      0.3155

  u_impl/u_core/g_row_5__g_col_4__u_pe/u_r_black/q_reg_9_/CP (DFCNQD1)              0.0000      0.3155 r    (242.52,235.90)
  u_impl/u_core/g_row_5__g_col_4__u_pe/u_r_black/q_reg_9_/Q (DFCNQD1)               0.1452      0.4608 f    (246.69,235.89)
  u_impl/u_core/g_row_5__g_col_4__u_pe/u_r_black/U10/Z (AO222D0)                    0.0924      0.5532 f    (252.55,235.80)
  u_impl/u_core/g_row_5__g_col_4__u_pe/u_r_black/q_reg_9_/D (DFCNQD1)               0.0000      0.5532 f    (243.55,236.03)
  data arrival time                                                                             0.5532

  clock core_clk (rise edge)                                                        0.0000      0.0000
  clock network delay (propagated)                                                  0.3208      0.3208
  u_impl/u_core/g_row_5__g_col_4__u_pe/u_r_black/q_reg_9_/CP (DFCNQD1)              0.0000      0.3208 r    (242.52,235.90)
  clock uncertainty                                                                 0.2000      0.5208
  library hold time                                                                 0.0326      0.5534
  data required time                                                                            0.5534
  -------------------------------------------------------------------------------------------------------------------------------
  data required time                                                                            0.5534
  data arrival time                                                                            -0.5532
  -------------------------------------------------------------------------------------------------------------------------------
  slack (VIOLATED)                                                                             -0.0002



  Startpoint: u_impl/u_core/g_row_2__g_col_8__u_pe/u_sol/u_black_q_reg_11_ (rising edge-triggered flip-flop clocked by core_clk)
  Endpoint: u_impl/u_core/g_row_2__g_col_8__u_pe/u_sol/u_black_q_reg_10_ (rising edge-triggered flip-flop clocked by core_clk)
  Mode: FUNC
  Corner: BC
  Scenario: FUNC_BC
  Path Group: core_clk
  Path Type: min

  Point                                                                              Incr        Path           Location
  -------------------------------------------------------------------------------------------------------------------------------
  clock core_clk (rise edge)                                                        0.0000      0.0000
  clock network delay (propagated)                                                  0.3124      0.3124

  u_impl/u_core/g_row_2__g_col_8__u_pe/u_sol/u_black_q_reg_11_/CP (DFCNQD1)         0.0000      0.3124 r    (391.72,36.10)
  u_impl/u_core/g_row_2__g_col_8__u_pe/u_sol/u_black_q_reg_11_/Q (DFCNQD1)          0.1346      0.4471 f    (395.88,36.11)
  u_impl/u_core/g_row_2__g_col_8__u_pe/u_sol/copt_h_inst_41510/Z (DEL005)           0.0468      0.4938 f    (393.16,37.88)
  u_impl/u_core/g_row_2__g_col_8__u_pe/u_sol/U5/ZN (CKND0)                          0.0323      0.5262 r    (393.85,34.28)
  u_impl/u_core/g_row_2__g_col_8__u_pe/u_sol/U85/ZN (OAI222D0)                      0.0348      0.5610 f    (392.51,32.39)
  u_impl/u_core/g_row_2__g_col_8__u_pe/u_sol/u_black_q_reg_10_/D (DFCNQD1)          0.0000      0.5610 f    (391.35,30.83)
  data arrival time                                                                             0.5610

  clock core_clk (rise edge)                                                        0.0000      0.0000
  clock network delay (propagated)                                                  0.3169      0.3169
  u_impl/u_core/g_row_2__g_col_8__u_pe/u_sol/u_black_q_reg_10_/CP (DFCNQD1)         0.0000      0.3169 r    (390.32,30.70)
  clock uncertainty                                                                 0.2000      0.5169
  library hold time                                                                 0.0442      0.5611
  data required time                                                                            0.5611
  -------------------------------------------------------------------------------------------------------------------------------
  data required time                                                                            0.5611
  data arrival time                                                                            -0.5610
  -------------------------------------------------------------------------------------------------------------------------------
  slack (VIOLATED)                                                                             -0.0001



  Startpoint: u_impl/black_shadow_reg_109__8_ (rising edge-triggered flip-flop clocked by core_clk)
  Endpoint: u_impl/black_shadow_reg_109__8_ (rising edge-triggered flip-flop clocked by core_clk)
  Mode: FUNC
  Corner: BC
  Scenario: FUNC_BC
  Path Group: core_clk
  Path Type: min

  Point                                                                              Incr        Path           Location
  -------------------------------------------------------------------------------------------------------------------------------
  clock core_clk (rise edge)                                                        0.0000      0.0000
  clock network delay (propagated)                                                  0.3196      0.3196

  u_impl/black_shadow_reg_109__8_/CP (DFQD1)                                        0.0000      0.3196 r    (245.32,581.49)
  u_impl/black_shadow_reg_109__8_/Q (DFQD1)                                         0.1221      0.4417 f    (248.87,581.50)
  u_impl/copt_h_inst_35854/Z (CKBD0)                                                0.0397      0.4813 f    (259.51,579.72)
  u_impl/U13422/ZN (MAOI22D0)                                                       0.0652      0.5466 f    (257.00,576.21)
  u_impl/black_shadow_reg_109__8_/D (DFQD1)                                         0.0000      0.5466 f    (246.36,581.51)
  data arrival time                                                                             0.5466

  clock core_clk (rise edge)                                                        0.0000      0.0000
  clock network delay (propagated)                                                  0.3232      0.3232
  u_impl/black_shadow_reg_109__8_/CP (DFQD1)                                        0.0000      0.3232 r    (245.32,581.49)
  clock uncertainty                                                                 0.2000      0.5232
  library hold time                                                                 0.0235      0.5467
  data required time                                                                            0.5467
  -------------------------------------------------------------------------------------------------------------------------------
  data required time                                                                            0.5467
  data arrival time                                                                            -0.5466
  -------------------------------------------------------------------------------------------------------------------------------
  slack (VIOLATED)                                                                             -0.0001



  Startpoint: u_impl/u_core/g_row_9__g_col_2__u_pe/u_r_black/q_reg_11_ (rising edge-triggered flip-flop clocked by core_clk)
  Endpoint: u_impl/u_core/g_row_9__g_col_2__u_pe/u_r_black/q_reg_10_ (rising edge-triggered flip-flop clocked by core_clk)
  Mode: FUNC
  Corner: BC
  Scenario: FUNC_BC
  Path Group: core_clk
  Path Type: min

  Point                                                                              Incr        Path           Location
  -------------------------------------------------------------------------------------------------------------------------------
  clock core_clk (rise edge)                                                        0.0000      0.0000
  clock network delay (propagated)                                                  0.3126      0.3126

  u_impl/u_core/g_row_9__g_col_2__u_pe/u_r_black/q_reg_11_/CP (DFCNQD1)             0.0000      0.3126 r    (206.12,460.90)
  u_impl/u_core/g_row_9__g_col_2__u_pe/u_r_black/q_reg_11_/Q (DFCNQD1)              0.1414      0.4540 f    (210.28,460.91)
  u_impl/u_core/g_row_9__g_col_2__u_pe/u_r_black/copt_h_inst_31172/Z (CKBD0)        0.0387      0.4927 f    (210.09,459.08)
  u_impl/u_core/g_row_9__g_col_2__u_pe/u_r_black/U15/Z (AO222D0)                    0.0690      0.5617 f    (211.05,457.41)
  u_impl/u_core/g_row_9__g_col_2__u_pe/u_r_black/q_reg_10_/D (DFCNQD1)              0.0000      0.5617 f    (211.35,455.62)
  data arrival time                                                                             0.5617

  clock core_clk (rise edge)                                                        0.0000      0.0000
  clock network delay (propagated)                                                  0.3177      0.3177
  u_impl/u_core/g_row_9__g_col_2__u_pe/u_r_black/q_reg_10_/CP (DFCNQD1)             0.0000      0.3177 r    (210.32,455.50)
  clock uncertainty                                                                 0.2000      0.5177
  library hold time                                                                 0.0441      0.5619
  data required time                                                                            0.5619
  -------------------------------------------------------------------------------------------------------------------------------
  data required time                                                                            0.5619
  data arrival time                                                                            -0.5617
  -------------------------------------------------------------------------------------------------------------------------------
  slack (VIOLATED)                                                                             -0.0001



  Startpoint: u_impl/u_core/g_row_15__g_col_2__u_pe/u_r_red/q_reg_4_ (rising edge-triggered flip-flop clocked by core_clk)
  Endpoint: u_impl/u_core/g_row_15__g_col_2__u_pe/u_r_red/q_reg_4_ (rising edge-triggered flip-flop clocked by core_clk)
  Mode: FUNC
  Corner: BC
  Scenario: FUNC_BC
  Path Group: core_clk
  Path Type: min

  Point                                                                              Incr        Path           Location
  -------------------------------------------------------------------------------------------------------------------------------
  clock core_clk (rise edge)                                                        0.0000      0.0000
  clock network delay (propagated)                                                  0.3188      0.3188

  u_impl/u_core/g_row_15__g_col_2__u_pe/u_r_red/q_reg_4_/CP (DFCNQD1)               0.0000      0.3188 r    (317.32,777.70)
  u_impl/u_core/g_row_15__g_col_2__u_pe/u_r_red/q_reg_4_/Q (DFCNQD1)                0.1227      0.4414 f    (321.49,777.71)
  u_impl/u_core/g_row_15__g_col_2__u_pe/u_r_red/copt_h_inst_41471/Z (CKBD0)         0.0461      0.4876 f    (319.09,770.52)
  u_impl/u_core/g_row_15__g_col_2__u_pe/u_r_red/U18/Z (AO222D0)                     0.0659      0.5535 f    (319.35,770.61)
  u_impl/u_core/g_row_15__g_col_2__u_pe/u_r_red/q_reg_4_/D (DFCNQD1)                0.0000      0.5535 f    (318.35,777.58)
  data arrival time                                                                             0.5535

  clock core_clk (rise edge)                                                        0.0000      0.0000
  clock network delay (propagated)                                                  0.3234      0.3234
  u_impl/u_core/g_row_15__g_col_2__u_pe/u_r_red/q_reg_4_/CP (DFCNQD1)               0.0000      0.3234 r    (317.32,777.70)
  clock uncertainty                                                                 0.2000      0.5234
  library hold time                                                                 0.0302      0.5536
  data required time                                                                            0.5536
  -------------------------------------------------------------------------------------------------------------------------------
  data required time                                                                            0.5536
  data arrival time                                                                            -0.5535
  -------------------------------------------------------------------------------------------------------------------------------
  slack (VIOLATED)                                                                             -0.0001



  Startpoint: u_impl/u_core/g_row_14__g_col_1__u_pe/u_sol/u_red_q_reg_4_ (rising edge-triggered flip-flop clocked by core_clk)
  Endpoint: u_impl/u_core/g_row_14__g_col_1__u_pe/u_sol/u_red_q_reg_3_ (rising edge-triggered flip-flop clocked by core_clk)
  Mode: FUNC
  Corner: BC
  Scenario: FUNC_BC
  Path Group: core_clk
  Path Type: min

  Point                                                                              Incr        Path           Location
  -------------------------------------------------------------------------------------------------------------------------------
  clock core_clk (rise edge)                                                        0.0000      0.0000
  clock network delay (propagated)                                                  0.3142      0.3142

  u_impl/u_core/g_row_14__g_col_1__u_pe/u_sol/u_red_q_reg_4_/CP (DFCNQD1)           0.0000      0.3142 r    (746.92,801.10)
  u_impl/u_core/g_row_14__g_col_1__u_pe/u_sol/u_red_q_reg_4_/Q (DFCNQD1)            0.1288      0.4430 f    (751.09,801.09)
  u_impl/u_core/g_row_14__g_col_1__u_pe/u_sol/copt_h_inst_45580/Z (CKBD0)           0.0311      0.4740 f    (749.51,804.68)
  u_impl/u_core/g_row_14__g_col_1__u_pe/u_sol/U61/ZN (CKND0)                        0.0347      0.5087 r    (748.35,804.68)
  u_impl/u_core/g_row_14__g_col_1__u_pe/u_sol/U64/ZN (OAI222D0)                     0.0476      0.5564 f    (748.11,794.01)
  u_impl/u_core/g_row_14__g_col_1__u_pe/u_sol/u_red_q_reg_3_/D (DFCNQD1)            0.0000      0.5564 f    (742.95,801.23)
  data arrival time                                                                             0.5564

  clock core_clk (rise edge)                                                        0.0000      0.0000
  clock network delay (propagated)                                                  0.3194      0.3194
  u_impl/u_core/g_row_14__g_col_1__u_pe/u_sol/u_red_q_reg_3_/CP (DFCNQD1)           0.0000      0.3194 r    (741.92,801.10)
  clock uncertainty                                                                 0.2000      0.5194
  library hold time                                                                 0.0372      0.5565
  data required time                                                                            0.5565
  -------------------------------------------------------------------------------------------------------------------------------
  data required time                                                                            0.5565
  data arrival time                                                                            -0.5564
  -------------------------------------------------------------------------------------------------------------------------------
  slack (VIOLATED)                                                                             -0.0001



  Startpoint: u_impl/south_shadow_reg_6__5_ (rising edge-triggered flip-flop clocked by core_clk)
  Endpoint: u_impl/south_shadow_reg_6__5_ (rising edge-triggered flip-flop clocked by core_clk)
  Mode: FUNC
  Corner: BC
  Scenario: FUNC_BC
  Path Group: core_clk
  Path Type: min

  Point                                                                              Incr        Path           Location
  -------------------------------------------------------------------------------------------------------------------------------
  clock core_clk (rise edge)                                                        0.0000      0.0000
  clock network delay (propagated)                                                  0.3455      0.3455

  u_impl/south_shadow_reg_6__5_/CP (DFQD1)                                          0.0000      0.3455 r    (462.72,372.69)
  u_impl/south_shadow_reg_6__5_/Q (DFQD1)                                           0.1674      0.5129 f    (466.27,372.69)
  u_impl/U8989/ZN (IAO22D0)                                                         0.0680      0.5809 f    (463.35,374.49)
  u_impl/south_shadow_reg_6__5_/D (DFQD1)                                           0.0000      0.5809 f    (463.75,372.72)
  data arrival time                                                                             0.5809

  clock core_clk (rise edge)                                                        0.0000      0.0000
  clock network delay (propagated)                                                  0.3497      0.3497
  u_impl/south_shadow_reg_6__5_/CP (DFQD1)                                          0.0000      0.3497 r    (462.72,372.69)
  clock uncertainty                                                                 0.2000      0.5497
  library hold time                                                                 0.0313      0.5810
  data required time                                                                            0.5810
  -------------------------------------------------------------------------------------------------------------------------------
  data required time                                                                            0.5810
  data arrival time                                                                            -0.5809
  -------------------------------------------------------------------------------------------------------------------------------
  slack (VIOLATED)                                                                             -0.0001



  Startpoint: u_impl/u_core/g_row_1__g_col_8__u_pe/u_sol/u_black_q_reg_0_ (rising edge-triggered flip-flop clocked by core_clk)
  Endpoint: u_impl/u_core/g_row_1__g_col_8__u_pe/u_sol/u_red_q_reg_15_ (rising edge-triggered flip-flop clocked by core_clk)
  Mode: FUNC
  Corner: BC
  Scenario: FUNC_BC
  Path Group: core_clk
  Path Type: min

  Point                                                                              Incr        Path           Location
  -------------------------------------------------------------------------------------------------------------------------------
  clock core_clk (rise edge)                                                        0.0000      0.0000
  clock network delay (propagated)                                                  0.2905      0.2905

  u_impl/u_core/g_row_1__g_col_8__u_pe/u_sol/u_black_q_reg_0_/CP (DFCNQD1)          0.0000      0.2905 r    (714.32,72.10)
  u_impl/u_core/g_row_1__g_col_8__u_pe/u_sol/u_black_q_reg_0_/Q (DFCNQD1)           0.1251      0.4156 f    (718.49,72.11)
  u_impl/u_core/g_row_1__g_col_8__u_pe/u_sol/U68/ZN (CKND0)                         0.0565      0.4721 r    (710.65,73.88)
  u_impl/u_core/g_row_1__g_col_8__u_pe/u_sol/U76/ZN (OAI222D0)                      0.0546      0.5267 f    (721.29,66.81)
  u_impl/u_core/g_row_1__g_col_8__u_pe/u_sol/u_red_q_reg_15_/D (DFCNQD1)            0.0000      0.5267 f    (721.55,68.38)
  data arrival time                                                                             0.5267

  clock core_clk (rise edge)                                                        0.0000      0.0000
  clock network delay (propagated)                                                  0.2939      0.2939
  u_impl/u_core/g_row_1__g_col_8__u_pe/u_sol/u_red_q_reg_15_/CP (DFCNQD1)           0.0000      0.2939 r    (720.52,68.50)
  clock uncertainty                                                                 0.2000      0.4939
  library hold time                                                                 0.0329      0.5268
  data required time                                                                            0.5268
  -------------------------------------------------------------------------------------------------------------------------------
  data required time                                                                            0.5268
  data arrival time                                                                            -0.5267
  -------------------------------------------------------------------------------------------------------------------------------
  slack (VIOLATED)                                                                             -0.0001



  Startpoint: u_impl/u_core/g_row_8__g_col_4__u_pe/u_r_red/q_reg_8_ (rising edge-triggered flip-flop clocked by core_clk)
  Endpoint: u_impl/u_core/g_row_8__g_col_4__u_pe/u_r_red/q_reg_7_ (rising edge-triggered flip-flop clocked by core_clk)
  Mode: FUNC
  Corner: BC
  Scenario: FUNC_BC
  Path Group: core_clk
  Path Type: min

  Point                                                                              Incr        Path           Location
  -------------------------------------------------------------------------------------------------------------------------------
  clock core_clk (rise edge)                                                        0.0000      0.0000
  clock network delay (propagated)                                                  0.2421      0.2421

  u_impl/u_core/g_row_8__g_col_4__u_pe/u_r_red/q_reg_8_/CP (DFCNQD1)                0.0000      0.2421 r    (201.12,378.10)
  u_impl/u_core/g_row_8__g_col_4__u_pe/u_r_red/q_reg_8_/Q (DFCNQD1)                 0.1512      0.3933 f    (205.28,378.11)
  u_impl/u_core/g_row_8__g_col_4__u_pe/u_r_red/copt_h_inst_42636/Z (CKBD0)          0.0400      0.4333 f    (199.89,378.12)
  u_impl/u_core/g_row_8__g_col_4__u_pe/u_r_red/U11/Z (AO222D0)                      0.0555      0.4888 f    (202.25,376.19)
  u_impl/u_core/g_row_8__g_col_4__u_pe/u_r_red/q_reg_7_/D (DFCNQD1)                 0.0000      0.4888 f    (200.55,372.83)
  data arrival time                                                                             0.4888

  clock core_clk (rise edge)                                                        0.0000      0.0000
  clock network delay (propagated)                                                  0.2463      0.2463
  u_impl/u_core/g_row_8__g_col_4__u_pe/u_r_red/q_reg_7_/CP (DFCNQD1)                0.0000      0.2463 r    (199.52,372.70)
  clock uncertainty                                                                 0.2000      0.4463
  library hold time                                                                 0.0426      0.4889
  data required time                                                                            0.4889
  -------------------------------------------------------------------------------------------------------------------------------
  data required time                                                                            0.4889
  data arrival time                                                                            -0.4888
  -------------------------------------------------------------------------------------------------------------------------------
  slack (VIOLATED)                                                                             -0.0001



  Startpoint: u_impl/u_core/g_row_5__g_col_0__u_pe/u_r_black/q_reg_11_ (rising edge-triggered flip-flop clocked by core_clk)
  Endpoint: u_impl/u_core/g_row_5__g_col_0__u_pe/u_r_black/q_reg_10_ (rising edge-triggered flip-flop clocked by core_clk)
  Mode: FUNC
  Corner: BC
  Scenario: FUNC_BC
  Path Group: core_clk
  Path Type: min

  Point                                                                              Incr        Path           Location
  -------------------------------------------------------------------------------------------------------------------------------
  clock core_clk (rise edge)                                                        0.0000      0.0000
  clock network delay (propagated)                                                  0.3099      0.3099

  u_impl/u_core/g_row_5__g_col_0__u_pe/u_r_black/q_reg_11_/CP (DFCNQD1)             0.0000      0.3099 r    (330.92,169.30)
  u_impl/u_core/g_row_5__g_col_0__u_pe/u_r_black/q_reg_11_/Q (DFCNQD1)              0.1197      0.4297 f    (335.09,169.31)
  u_impl/u_core/g_row_5__g_col_0__u_pe/u_r_black/copt_h_inst_42341/Z (CKBD0)        0.0419      0.4716 f    (333.29,172.92)
  u_impl/u_core/g_row_5__g_col_0__u_pe/u_r_black/U16/Z (AO222D0)                    0.0740      0.5456 f    (331.15,174.59)
  u_impl/u_core/g_row_5__g_col_0__u_pe/u_r_black/q_reg_10_/D (DFCNQD1)              0.0000      0.5456 f    (330.15,171.22)
  data arrival time                                                                             0.5456

  clock core_clk (rise edge)                                                        0.0000      0.0000
  clock network delay (propagated)                                                  0.3147      0.3147
  u_impl/u_core/g_row_5__g_col_0__u_pe/u_r_black/q_reg_10_/CP (DFCNQD1)             0.0000      0.3147 r    (329.12,171.10)
  clock uncertainty                                                                 0.2000      0.5147
  library hold time                                                                 0.0310      0.5457
  data required time                                                                            0.5457
  -------------------------------------------------------------------------------------------------------------------------------
  data required time                                                                            0.5457
  data arrival time                                                                            -0.5456
  -------------------------------------------------------------------------------------------------------------------------------
  slack (VIOLATED)                                                                             -0.0001



  Startpoint: u_impl/u_core/g_row_14__g_col_1__u_pe/u_r_black/q_reg_4_ (rising edge-triggered flip-flop clocked by core_clk)
  Endpoint: u_impl/u_core/g_row_14__g_col_1__u_pe/u_r_black/q_reg_3_ (rising edge-triggered flip-flop clocked by core_clk)
  Mode: FUNC
  Corner: BC
  Scenario: FUNC_BC
  Path Group: core_clk
  Path Type: min

  Point                                                                              Incr        Path           Location
  -------------------------------------------------------------------------------------------------------------------------------
  clock core_clk (rise edge)                                                        0.0000      0.0000
  clock network delay (propagated)                                                  0.3113      0.3113

  u_impl/u_core/g_row_14__g_col_1__u_pe/u_r_black/q_reg_4_/CP (DFCNQD1)             0.0000      0.3113 r    (657.92,682.30)
  u_impl/u_core/g_row_14__g_col_1__u_pe/u_r_black/q_reg_4_/Q (DFCNQD1)              0.1411      0.4524 f    (662.09,682.29)
  u_impl/u_core/g_row_14__g_col_1__u_pe/u_r_black/copt_h_inst_35611/Z (CKBD0)       0.0479      0.5003 f    (661.51,680.52)
  u_impl/u_core/g_row_14__g_col_1__u_pe/u_r_black/U8/Z (AO222D0)                    0.0597      0.5600 f    (656.35,678.60)
  u_impl/u_core/g_row_14__g_col_1__u_pe/u_r_black/q_reg_3_/D (DFCNQD1)              0.0000      0.5600 f    (654.75,680.38)
  data arrival time                                                                             0.5600

  clock core_clk (rise edge)                                                        0.0000      0.0000
  clock network delay (propagated)                                                  0.3164      0.3164
  u_impl/u_core/g_row_14__g_col_1__u_pe/u_r_black/q_reg_3_/CP (DFCNQD1)             0.0000      0.3164 r    (653.72,680.50)
  clock uncertainty                                                                 0.2000      0.5164
  library hold time                                                                 0.0436      0.5600
  data required time                                                                            0.5600
  -------------------------------------------------------------------------------------------------------------------------------
  data required time                                                                            0.5600
  data arrival time                                                                            -0.5600
  -------------------------------------------------------------------------------------------------------------------------------
  slack (VIOLATED)                                                                             -0.0001



  Startpoint: u_impl/red_shadow_reg_77__1_ (rising edge-triggered flip-flop clocked by core_clk)
  Endpoint: u_impl/u_core/g_row_7__g_col_7__u_pe/u_r_red/q_reg_1_ (rising edge-triggered flip-flop clocked by core_clk)
  Mode: FUNC
  Corner: BC
  Scenario: FUNC_BC
  Path Group: core_clk
  Path Type: min

  Point                                                                              Incr        Path           Location
  -------------------------------------------------------------------------------------------------------------------------------
  clock core_clk (rise edge)                                                        0.0000      0.0000
  clock network delay (propagated)                                                  0.3302      0.3302

  u_impl/red_shadow_reg_77__1_/CP (DFQD1)                                           0.0000      0.3302 r    (319.72,331.31)
  u_impl/red_shadow_reg_77__1_/Q (DFQD1)                                            0.1547      0.4849 f    (323.27,331.31)
  u_impl/u_core/g_row_7__g_col_7__u_pe/u_r_red/U15/Z (AO222D0)                      0.0794      0.5643 f    (236.95,331.41)
  u_impl/u_core/g_row_7__g_col_7__u_pe/u_r_red/q_reg_1_/D (DFCNQD1)                 0.0000      0.5643 f    (231.75,329.62)
  data arrival time                                                                             0.5643

  clock core_clk (rise edge)                                                        0.0000      0.0000
  clock network delay (propagated)                                                  0.3317      0.3317
  u_impl/u_core/g_row_7__g_col_7__u_pe/u_r_red/q_reg_1_/CP (DFCNQD1)                0.0000      0.3317 r    (230.72,329.50)
  clock uncertainty                                                                 0.2000      0.5317
  library hold time                                                                 0.0327      0.5644
  data required time                                                                            0.5644
  -------------------------------------------------------------------------------------------------------------------------------
  data required time                                                                            0.5644
  data arrival time                                                                            -0.5643
  -------------------------------------------------------------------------------------------------------------------------------
  slack (VIOLATED)                                                                             -0.0001



  Startpoint: u_impl/u_core/g_row_14__g_col_6__u_pe/u_sol/u_black_q_reg_2_ (rising edge-triggered flip-flop clocked by core_clk)
  Endpoint: u_impl/u_core/g_row_14__g_col_6__u_pe/u_sol/u_black_q_reg_1_ (rising edge-triggered flip-flop clocked by core_clk)
  Mode: FUNC
  Corner: BC
  Scenario: FUNC_BC
  Path Group: core_clk
  Path Type: min

  Point                                                                              Incr        Path           Location
  -------------------------------------------------------------------------------------------------------------------------------
  clock core_clk (rise edge)                                                        0.0000      0.0000
  clock network delay (propagated)                                                  0.2582      0.2582

  u_impl/u_core/g_row_14__g_col_6__u_pe/u_sol/u_black_q_reg_2_/CP (DFCNQD1)         0.0000      0.2582 r    (300.72,842.50)
  u_impl/u_core/g_row_14__g_col_6__u_pe/u_sol/u_black_q_reg_2_/Q (DFCNQD1)          0.1256      0.3838 f    (304.88,842.51)
  u_impl/u_core/g_row_14__g_col_6__u_pe/u_sol/U101/ZN (CKND0)                       0.0245      0.4083 r    (305.35,842.52)
  u_impl/u_core/g_row_14__g_col_6__u_pe/u_sol/copt_h_inst_29830/Z (CKBD0)           0.0493      0.4576 r    (300.69,838.92)
  u_impl/u_core/g_row_14__g_col_6__u_pe/u_sol/U103/ZN (OAI222D0)                    0.0400      0.4976 f    (307.91,840.81)
  u_impl/u_core/g_row_14__g_col_6__u_pe/u_sol/u_black_q_reg_1_/D (DFCNQD1)          0.0000      0.4976 f    (303.35,840.83)
  data arrival time                                                                             0.4976

  clock core_clk (rise edge)                                                        0.0000      0.0000
  clock network delay (propagated)                                                  0.2621      0.2621
  u_impl/u_core/g_row_14__g_col_6__u_pe/u_sol/u_black_q_reg_1_/CP (DFCNQD1)         0.0000      0.2621 r    (302.32,840.70)
  clock uncertainty                                                                 0.2000      0.4621
  library hold time                                                                 0.0356      0.4977
  data required time                                                                            0.4977
  -------------------------------------------------------------------------------------------------------------------------------
  data required time                                                                            0.4977
  data arrival time                                                                            -0.4976
  -------------------------------------------------------------------------------------------------------------------------------
  slack (VIOLATED)                                                                             -0.0000



  Startpoint: u_impl/u_core/g_row_8__g_col_9__u_pe/u_sol/u_black_q_reg_0_ (rising edge-triggered flip-flop clocked by core_clk)
  Endpoint: u_impl/u_core/g_row_8__g_col_9__u_pe/u_sol/u_black_q_reg_0_ (rising edge-triggered flip-flop clocked by core_clk)
  Mode: FUNC
  Corner: BC
  Scenario: FUNC_BC
  Path Group: core_clk
  Path Type: min

  Point                                                                              Incr        Path           Location
  -------------------------------------------------------------------------------------------------------------------------------
  clock core_clk (rise edge)                                                        0.0000      0.0000
  clock network delay (propagated)                                                  0.3052      0.3052

  u_impl/u_core/g_row_8__g_col_9__u_pe/u_sol/u_black_q_reg_0_/CP (DFCNQD1)          0.0000      0.3052 r    (44.12,459.10)
  u_impl/u_core/g_row_8__g_col_9__u_pe/u_sol/u_black_q_reg_0_/Q (DFCNQD1)           0.1110      0.4162 f    (48.29,459.09)
  u_impl/u_core/g_row_8__g_col_9__u_pe/u_sol/U69/ZN (CKND0)                         0.0589      0.4751 r    (46.15,460.92)
  u_impl/u_core/g_row_8__g_col_9__u_pe/u_sol/U104/ZN (OAI222D0)                     0.0616      0.5367 f    (40.29,457.19)
  u_impl/u_core/g_row_8__g_col_9__u_pe/u_sol/u_black_q_reg_0_/D (DFCNQD1)           0.0000      0.5367 f    (45.15,459.23)
  data arrival time                                                                             0.5367

  clock core_clk (rise edge)                                                        0.0000      0.0000
  clock network delay (propagated)                                                  0.3090      0.3090
  u_impl/u_core/g_row_8__g_col_9__u_pe/u_sol/u_black_q_reg_0_/CP (DFCNQD1)          0.0000      0.3090 r    (44.12,459.10)
  clock uncertainty                                                                 0.2000      0.5090
  library hold time                                                                 0.0277      0.5367
  data required time                                                                            0.5367
  -------------------------------------------------------------------------------------------------------------------------------
  data required time                                                                            0.5367
  data arrival time                                                                            -0.5367
  -------------------------------------------------------------------------------------------------------------------------------
  slack (VIOLATED)                                                                             -0.0000



  Startpoint: u_impl/black_shadow_reg_64__11_ (rising edge-triggered flip-flop clocked by core_clk)
  Endpoint: u_impl/u_core/g_row_6__g_col_4__u_pe/u_r_black/q_reg_11_ (rising edge-triggered flip-flop clocked by core_clk)
  Mode: FUNC
  Corner: BC
  Scenario: FUNC_BC
  Path Group: core_clk
  Path Type: min

  Point                                                                              Incr        Path           Location
  -------------------------------------------------------------------------------------------------------------------------------
  clock core_clk (rise edge)                                                        0.0000      0.0000
  clock network delay (propagated)                                                  0.2328      0.2328

  u_impl/black_shadow_reg_64__11_/CP (DFQD1)                                        0.0000      0.2328 r    (321.32,192.69)
  u_impl/black_shadow_reg_64__11_/Q (DFQD1)                                         0.1620      0.3948 f    (324.87,192.70)
  u_impl/u_core/g_row_6__g_col_4__u_pe/u_r_black/U7/Z (AO222D0)                     0.1032      0.4981 f    (237.45,169.41)
  u_impl/u_core/g_row_6__g_col_4__u_pe/u_r_black/copt_h_inst_48149/Z (DEL005)       0.0527      0.5508 f    (234.16,169.32)
  u_impl/u_core/g_row_6__g_col_4__u_pe/u_r_black/q_reg_11_/D (DFCNQD1)              0.0000      0.5508 f    (231.35,167.62)
  data arrival time                                                                             0.5508

  clock core_clk (rise edge)                                                        0.0000      0.0000
  clock network delay (propagated)                                                  0.3158      0.3158
  u_impl/u_core/g_row_6__g_col_4__u_pe/u_r_black/q_reg_11_/CP (DFCNQD1)             0.0000      0.3158 r    (230.32,167.50)
  clock uncertainty                                                                 0.2000      0.5158
  library hold time                                                                 0.0350      0.5508
  data required time                                                                            0.5508
  -------------------------------------------------------------------------------------------------------------------------------
  data required time                                                                            0.5508
  data arrival time                                                                            -0.5508
  -------------------------------------------------------------------------------------------------------------------------------
  slack (VIOLATED)                                                                             -0.0000



  Startpoint: u_impl/red_shadow_reg_38__9_ (rising edge-triggered flip-flop clocked by core_clk)
  Endpoint: u_impl/u_core/g_row_3__g_col_8__u_pe/u_r_red/q_reg_9_ (rising edge-triggered flip-flop clocked by core_clk)
  Mode: FUNC
  Corner: BC
  Scenario: FUNC_BC
  Path Group: core_clk
  Path Type: min

  Point                                                                              Incr        Path           Location
  -------------------------------------------------------------------------------------------------------------------------------
  clock core_clk (rise edge)                                                        0.0000      0.0000
  clock network delay (propagated)                                                  0.3073      0.3073

  u_impl/red_shadow_reg_38__9_/CP (DFQD2)                                           0.0000      0.3073 r    (427.32,241.31)
  u_impl/red_shadow_reg_38__9_/Q (DFQD2)                                            0.1810      0.4883 f    (430.86,241.31)
  u_impl/u_core/g_row_3__g_col_8__u_pe/u_r_red/U14/Z (AO222D0)                      0.0878      0.5761 f    (560.25,124.20)
  u_impl/u_core/g_row_3__g_col_8__u_pe/u_r_red/q_reg_9_/D (DFCNQD1)                 0.0000      0.5761 f    (559.15,122.38)
  data arrival time                                                                             0.5761

  clock core_clk (rise edge)                                                        0.0000      0.0000
  clock network delay (propagated)                                                  0.3357      0.3357
  u_impl/u_core/g_row_3__g_col_8__u_pe/u_r_red/q_reg_9_/CP (DFCNQD1)                0.0000      0.3357 r    (558.12,122.50)
  clock uncertainty                                                                 0.2000      0.5357
  library hold time                                                                 0.0404      0.5762
  data required time                                                                            0.5762
  -------------------------------------------------------------------------------------------------------------------------------
  data required time                                                                            0.5762
  data arrival time                                                                            -0.5761
  -------------------------------------------------------------------------------------------------------------------------------
  slack (VIOLATED)                                                                             -0.0000



  Startpoint: u_impl/black_shadow_reg_185__11_ (rising edge-triggered flip-flop clocked by core_clk)
  Endpoint: u_impl/black_shadow_reg_185__11_ (rising edge-triggered flip-flop clocked by core_clk)
  Mode: FUNC
  Corner: BC
  Scenario: FUNC_BC
  Path Group: core_clk
  Path Type: min

  Point                                                                              Incr        Path           Location
  -------------------------------------------------------------------------------------------------------------------------------
  clock core_clk (rise edge)                                                        0.0000      0.0000
  clock network delay (propagated)                                                  0.2421      0.2421

  u_impl/black_shadow_reg_185__11_/CP (DFQD2)                                       0.0000      0.2421 r    (448.32,561.71)
  u_impl/black_shadow_reg_185__11_/Q (DFQD2)                                        0.1752      0.4173 f    (451.86,561.71)
  u_impl/U13507/ZN (IAO22D0)                                                        0.0654      0.4828 f    (449.55,559.91)
  u_impl/black_shadow_reg_185__11_/D (DFQD2)                                        0.0000      0.4828 f    (449.36,561.69)
  data arrival time                                                                             0.4828

  clock core_clk (rise edge)                                                        0.0000      0.0000
  clock network delay (propagated)                                                  0.2450      0.2450
  u_impl/black_shadow_reg_185__11_/CP (DFQD2)                                       0.0000      0.2450 r    (448.32,561.71)
  clock uncertainty                                                                 0.2000      0.4450
  library hold time                                                                 0.0378      0.4828
  data required time                                                                            0.4828
  -------------------------------------------------------------------------------------------------------------------------------
  data required time                                                                            0.4828
  data arrival time                                                                            -0.4828
  -------------------------------------------------------------------------------------------------------------------------------
  slack (VIOLATED)                                                                             -0.0000



  Startpoint: u_impl/black_shadow_reg_60__9_ (rising edge-triggered flip-flop clocked by core_clk)
  Endpoint: u_impl/black_shadow_reg_60__9_ (rising edge-triggered flip-flop clocked by core_clk)
  Mode: FUNC
  Corner: BC
  Scenario: FUNC_BC
  Path Group: core_clk
  Path Type: min

  Point                                                                              Incr        Path           Location
  -------------------------------------------------------------------------------------------------------------------------------
  clock core_clk (rise edge)                                                        0.0000      0.0000
  clock network delay (propagated)                                                  0.3337      0.3337

  u_impl/black_shadow_reg_60__9_/CP (DFQD1)                                         0.0000      0.3337 r    (308.72,217.89)
  u_impl/black_shadow_reg_60__9_/Q (DFQD1)                                          0.1613      0.4950 f    (312.27,217.90)
  u_impl/U10187/ZN (IAO22D0)                                                        0.0697      0.5646 f    (310.85,221.51)
  u_impl/black_shadow_reg_60__9_/D (DFQD1)                                          0.0000      0.5646 f    (309.75,217.92)
  data arrival time                                                                             0.5646

  clock core_clk (rise edge)                                                        0.0000      0.0000
  clock network delay (propagated)                                                  0.3390      0.3390
  u_impl/black_shadow_reg_60__9_/CP (DFQD1)                                         0.0000      0.3390 r    (308.72,217.89)
  clock uncertainty                                                                 0.2000      0.5390
  library hold time                                                                 0.0256      0.5646
  data required time                                                                            0.5646
  -------------------------------------------------------------------------------------------------------------------------------
  data required time                                                                            0.5646
  data arrival time                                                                            -0.5646
  -------------------------------------------------------------------------------------------------------------------------------
  slack (VIOLATED)                                                                             -0.0000



  Startpoint: u_impl/u_core/g_row_4__g_col_9__u_pe/u_sol/u_black_q_reg_6_ (rising edge-triggered flip-flop clocked by core_clk)
  Endpoint: u_impl/u_core/g_row_4__g_col_9__u_pe/u_sol/u_black_q_reg_5_ (rising edge-triggered flip-flop clocked by core_clk)
  Mode: FUNC
  Corner: BC
  Scenario: FUNC_BC
  Path Group: core_clk
  Path Type: min

  Point                                                                              Incr        Path           Location
  -------------------------------------------------------------------------------------------------------------------------------
  clock core_clk (rise edge)                                                        0.0000      0.0000
  clock network delay (propagated)                                                  0.2325      0.2325

  u_impl/u_core/g_row_4__g_col_9__u_pe/u_sol/u_black_q_reg_6_/CP (DFCNQD1)          0.0000      0.2325 r    (316.72,10.90)
  u_impl/u_core/g_row_4__g_col_9__u_pe/u_sol/u_black_q_reg_6_/Q (DFCNQD1)           0.1310      0.3635 f    (320.88,10.91)
  u_impl/u_core/g_row_4__g_col_9__u_pe/u_sol/U5/ZN (CKND0)                          0.0277      0.3912 r    (315.55,12.68)
  u_impl/u_core/g_row_4__g_col_9__u_pe/u_sol/copt_h_inst_30690/Z (DEL005)           0.0496      0.4408 r    (312.96,12.68)
  u_impl/u_core/g_row_4__g_col_9__u_pe/u_sol/U95/ZN (OAI222D0)                      0.0353      0.4761 f    (313.09,20.01)
  u_impl/u_core/g_row_4__g_col_9__u_pe/u_sol/u_black_q_reg_5_/D (DFCNQD1)           0.0000      0.4761 f    (314.75,14.38)
  data arrival time                                                                             0.4761

  clock core_clk (rise edge)                                                        0.0000      0.0000
  clock network delay (propagated)                                                  0.2363      0.2363
  u_impl/u_core/g_row_4__g_col_9__u_pe/u_sol/u_black_q_reg_5_/CP (DFCNQD1)          0.0000      0.2363 r    (313.72,14.50)
  clock uncertainty                                                                 0.2000      0.4363
  library hold time                                                                 0.0398      0.4761
  data required time                                                                            0.4761
  -------------------------------------------------------------------------------------------------------------------------------
  data required time                                                                            0.4761
  data arrival time                                                                            -0.4761
  -------------------------------------------------------------------------------------------------------------------------------
  slack (VIOLATED)                                                                             -0.0000


1
