Checking libraries...
Using tcbn65lpwc_ccs as the base library.
Warning: Library tcbn65lpwc_ccs has 19 duplicate ccsn record(s) (LM-006)
Warning: Library tcbn65lpbc_ccs has 38 duplicate ccsn record(s) (LM-006)
Warning: Direction 'inout' for port VSS on tcbn65lp_6lmT1/AN2D0/design
	does not match expected value 'in' from tcbn65lp_6lmT1/AN2D0/timing (NDM-032w)
Warning: Direction 'inout' for port VDD on tcbn65lp_6lmT1/AN2D0/design
	does not match expected value 'in' from tcbn65lp_6lmT1/AN2D0/timing (NDM-032w)
Information: Fixed direction mismatches for block AN2D0 (LM-054)
Warning: Direction 'inout' for port VSS on tcbn65lp_6lmT1/AN2D1/design
	does not match expected value 'in' from tcbn65lp_6lmT1/AN2D1/timing (NDM-032w)
Warning: Direction 'inout' for port VDD on tcbn65lp_6lmT1/AN2D1/design
	does not match expected value 'in' from tcbn65lp_6lmT1/AN2D1/timing (NDM-032w)
Information: Fixed direction mismatches for block AN2D1 (LM-054)
Warning: Direction 'inout' for port VSS on tcbn65lp_6lmT1/AN2D2/design
	does not match expected value 'in' from tcbn65lp_6lmT1/AN2D2/timing (NDM-032w)
Warning: Direction 'inout' for port VDD on tcbn65lp_6lmT1/AN2D2/design
	does not match expected value 'in' from tcbn65lp_6lmT1/AN2D2/timing (NDM-032w)
Information: Fixed direction mismatches for block AN2D2 (LM-054)
Warning: Direction 'inout' for port VSS on tcbn65lp_6lmT1/AN2D4/design
	does not match expected value 'in' from tcbn65lp_6lmT1/AN2D4/timing (NDM-032w)
Warning: Direction 'inout' for port VDD on tcbn65lp_6lmT1/AN2D4/design
	does not match expected value 'in' from tcbn65lp_6lmT1/AN2D4/timing (NDM-032w)
Information: Fixed direction mismatches for block AN2D4 (LM-054)
Warning: Direction 'inout' for port VSS on tcbn65lp_6lmT1/AN2D8/design
	does not match expected value 'in' from tcbn65lp_6lmT1/AN2D8/timing (NDM-032w)
Warning: Direction 'inout' for port VDD on tcbn65lp_6lmT1/AN2D8/design
	does not match expected value 'in' from tcbn65lp_6lmT1/AN2D8/timing (NDM-032w)
Information: Fixed direction mismatches for block AN2D8 (LM-054)
Warning: Direction 'inout' for port VSS on tcbn65lp_6lmT1/AN2XD1/design
	does not match expected value 'in' from tcbn65lp_6lmT1/AN2XD1/timing (NDM-032w)
Warning: Direction 'inout' for port VDD on tcbn65lp_6lmT1/AN2XD1/design
	does not match expected value 'in' from tcbn65lp_6lmT1/AN2XD1/timing (NDM-032w)
Information: Fixed direction mismatches for block AN2XD1 (LM-054)
Warning: Direction 'inout' for port VSS on tcbn65lp_6lmT1/AN3D0/design
	does not match expected value 'in' from tcbn65lp_6lmT1/AN3D0/timing (NDM-032w)
Warning: Direction 'inout' for port VDD on tcbn65lp_6lmT1/AN3D0/design
	does not match expected value 'in' from tcbn65lp_6lmT1/AN3D0/timing (NDM-032w)
Information: Fixed direction mismatches for block AN3D0 (LM-054)
Warning: Direction 'inout' for port VSS on tcbn65lp_6lmT1/AN3D1/design
	does not match expected value 'in' from tcbn65lp_6lmT1/AN3D1/timing (NDM-032w)
Warning: Direction 'inout' for port VDD on tcbn65lp_6lmT1/AN3D1/design
	does not match expected value 'in' from tcbn65lp_6lmT1/AN3D1/timing (NDM-032w)
Information: Fixed direction mismatches for block AN3D1 (LM-054)
Warning: Direction 'inout' for port VSS on tcbn65lp_6lmT1/AN3D2/design
	does not match expected value 'in' from tcbn65lp_6lmT1/AN3D2/timing (NDM-032w)
Warning: Direction 'inout' for port VDD on tcbn65lp_6lmT1/AN3D2/design
	does not match expected value 'in' from tcbn65lp_6lmT1/AN3D2/timing (NDM-032w)
Information: Fixed direction mismatches for block AN3D2 (LM-054)
Warning: Direction 'inout' for port VSS on tcbn65lp_6lmT1/AN3D4/design
	does not match expected value 'in' from tcbn65lp_6lmT1/AN3D4/timing (NDM-032w)
Warning: Direction 'inout' for port VDD on tcbn65lp_6lmT1/AN3D4/design
	does not match expected value 'in' from tcbn65lp_6lmT1/AN3D4/timing (NDM-032w)
Information: Fixed direction mismatches for block AN3D4 (LM-054)
Warning: Direction 'inout' for port VSS on tcbn65lp_6lmT1/AN3D8/design
	does not match expected value 'in' from tcbn65lp_6lmT1/AN3D8/timing (NDM-032w)
Warning: Direction 'inout' for port VDD on tcbn65lp_6lmT1/AN3D8/design
	does not match expected value 'in' from tcbn65lp_6lmT1/AN3D8/timing (NDM-032w)
Information: Fixed direction mismatches for block AN3D8 (LM-054)
Warning: Direction 'inout' for port VSS on tcbn65lp_6lmT1/AN3XD1/design
	does not match expected value 'in' from tcbn65lp_6lmT1/AN3XD1/timing (NDM-032w)
Warning: Direction 'inout' for port VDD on tcbn65lp_6lmT1/AN3XD1/design
	does not match expected value 'in' from tcbn65lp_6lmT1/AN3XD1/timing (NDM-032w)
Information: Fixed direction mismatches for block AN3XD1 (LM-054)
Warning: Direction 'inout' for port VSS on tcbn65lp_6lmT1/AN4D0/design
	does not match expected value 'in' from tcbn65lp_6lmT1/AN4D0/timing (NDM-032w)
Warning: Direction 'inout' for port VDD on tcbn65lp_6lmT1/AN4D0/design
	does not match expected value 'in' from tcbn65lp_6lmT1/AN4D0/timing (NDM-032w)
Information: Fixed direction mismatches for block AN4D0 (LM-054)
Warning: Direction 'inout' for port VSS on tcbn65lp_6lmT1/AN4D1/design
	does not match expected value 'in' from tcbn65lp_6lmT1/AN4D1/timing (NDM-032w)
Warning: Direction 'inout' for port VDD on tcbn65lp_6lmT1/AN4D1/design
	does not match expected value 'in' from tcbn65lp_6lmT1/AN4D1/timing (NDM-032w)
Information: Fixed direction mismatches for block AN4D1 (LM-054)
Warning: Direction 'inout' for port VSS on tcbn65lp_6lmT1/AN4D2/design
	does not match expected value 'in' from tcbn65lp_6lmT1/AN4D2/timing (NDM-032w)
Warning: Direction 'inout' for port VDD on tcbn65lp_6lmT1/AN4D2/design
	does not match expected value 'in' from tcbn65lp_6lmT1/AN4D2/timing (NDM-032w)
Information: Fixed direction mismatches for block AN4D2 (LM-054)
Warning: Direction 'inout' for port VSS on tcbn65lp_6lmT1/AN4D4/design
	does not match expected value 'in' from tcbn65lp_6lmT1/AN4D4/timing (NDM-032w)
Warning: Direction 'inout' for port VDD on tcbn65lp_6lmT1/AN4D4/design
	does not match expected value 'in' from tcbn65lp_6lmT1/AN4D4/timing (NDM-032w)
Information: Fixed direction mismatches for block AN4D4 (LM-054)
Warning: Direction 'inout' for port VSS on tcbn65lp_6lmT1/AN4D8/design
	does not match expected value 'in' from tcbn65lp_6lmT1/AN4D8/timing (NDM-032w)
Warning: Direction 'inout' for port VDD on tcbn65lp_6lmT1/AN4D8/design
	does not match expected value 'in' from tcbn65lp_6lmT1/AN4D8/timing (NDM-032w)
Information: Fixed direction mismatches for block AN4D8 (LM-054)
Warning: Direction 'inout' for port VSS on tcbn65lp_6lmT1/AN4XD1/design
	does not match expected value 'in' from tcbn65lp_6lmT1/AN4XD1/timing (NDM-032w)
Warning: Direction 'inout' for port VDD on tcbn65lp_6lmT1/AN4XD1/design
	does not match expected value 'in' from tcbn65lp_6lmT1/AN4XD1/timing (NDM-032w)
Information: Fixed direction mismatches for block AN4XD1 (LM-054)
Warning: Direction 'inout' for port VSS on tcbn65lp_6lmT1/ANTENNA/design
	does not match expected value 'in' from tcbn65lp_6lmT1/ANTENNA/timing (NDM-032w)
Warning: Direction 'inout' for port VDD on tcbn65lp_6lmT1/ANTENNA/design
	does not match expected value 'in' from tcbn65lp_6lmT1/ANTENNA/timing (NDM-032w)
Information: Fixed direction mismatches for block ANTENNA (LM-054)
Warning: Direction 'inout' for port VSS on tcbn65lp_6lmT1/AO211D0/design
	does not match expected value 'in' from tcbn65lp_6lmT1/AO211D0/timing (NDM-032w)
Warning: Direction 'inout' for port VDD on tcbn65lp_6lmT1/AO211D0/design
	does not match expected value 'in' from tcbn65lp_6lmT1/AO211D0/timing (NDM-032w)
Information: Fixed direction mismatches for block AO211D0 (LM-054)
Warning: Direction 'inout' for port VSS on tcbn65lp_6lmT1/AO211D1/design
	does not match expected value 'in' from tcbn65lp_6lmT1/AO211D1/timing (NDM-032w)
Warning: Direction 'inout' for port VDD on tcbn65lp_6lmT1/AO211D1/design
	does not match expected value 'in' from tcbn65lp_6lmT1/AO211D1/timing (NDM-032w)
Information: Fixed direction mismatches for block AO211D1 (LM-054)
Warning: Direction 'inout' for port VSS on tcbn65lp_6lmT1/AO211D2/design
	does not match expected value 'in' from tcbn65lp_6lmT1/AO211D2/timing (NDM-032w)
Warning: Direction 'inout' for port VDD on tcbn65lp_6lmT1/AO211D2/design
	does not match expected value 'in' from tcbn65lp_6lmT1/AO211D2/timing (NDM-032w)
Information: Fixed direction mismatches for block AO211D2 (LM-054)
Warning: Direction 'inout' for port VSS on tcbn65lp_6lmT1/AO211D4/design
	does not match expected value 'in' from tcbn65lp_6lmT1/AO211D4/timing (NDM-032w)
Warning: Direction 'inout' for port VDD on tcbn65lp_6lmT1/AO211D4/design
	does not match expected value 'in' from tcbn65lp_6lmT1/AO211D4/timing (NDM-032w)
Information: Fixed direction mismatches for block AO211D4 (LM-054)
Warning: Direction 'inout' for port VSS on tcbn65lp_6lmT1/AO21D0/design
	does not match expected value 'in' from tcbn65lp_6lmT1/AO21D0/timing (NDM-032w)
Warning: Direction 'inout' for port VDD on tcbn65lp_6lmT1/AO21D0/design
	does not match expected value 'in' from tcbn65lp_6lmT1/AO21D0/timing (NDM-032w)
Information: Fixed direction mismatches for block AO21D0 (LM-054)
Warning: Direction 'inout' for port VSS on tcbn65lp_6lmT1/AO21D1/design
	does not match expected value 'in' from tcbn65lp_6lmT1/AO21D1/timing (NDM-032w)
Warning: Direction 'inout' for port VDD on tcbn65lp_6lmT1/AO21D1/design
	does not match expected value 'in' from tcbn65lp_6lmT1/AO21D1/timing (NDM-032w)
Information: Fixed direction mismatches for block AO21D1 (LM-054)
Warning: Direction 'inout' for port VSS on tcbn65lp_6lmT1/AO21D2/design
	does not match expected value 'in' from tcbn65lp_6lmT1/AO21D2/timing (NDM-032w)
Warning: Direction 'inout' for port VDD on tcbn65lp_6lmT1/AO21D2/design
	does not match expected value 'in' from tcbn65lp_6lmT1/AO21D2/timing (NDM-032w)
Information: Fixed direction mismatches for block AO21D2 (LM-054)
Warning: Direction 'inout' for port VSS on tcbn65lp_6lmT1/AO21D4/design
	does not match expected value 'in' from tcbn65lp_6lmT1/AO21D4/timing (NDM-032w)
Warning: Direction 'inout' for port VDD on tcbn65lp_6lmT1/AO21D4/design
	does not match expected value 'in' from tcbn65lp_6lmT1/AO21D4/timing (NDM-032w)
Information: Fixed direction mismatches for block AO21D4 (LM-054)
Warning: Direction 'inout' for port VSS on tcbn65lp_6lmT1/AO221D0/design
	does not match expected value 'in' from tcbn65lp_6lmT1/AO221D0/timing (NDM-032w)
Warning: Direction 'inout' for port VDD on tcbn65lp_6lmT1/AO221D0/design
	does not match expected value 'in' from tcbn65lp_6lmT1/AO221D0/timing (NDM-032w)
Information: Fixed direction mismatches for block AO221D0 (LM-054)
Warning: Direction 'inout' for port VSS on tcbn65lp_6lmT1/AO221D1/design
	does not match expected value 'in' from tcbn65lp_6lmT1/AO221D1/timing (NDM-032w)
Warning: Direction 'inout' for port VDD on tcbn65lp_6lmT1/AO221D1/design
	does not match expected value 'in' from tcbn65lp_6lmT1/AO221D1/timing (NDM-032w)
Information: Fixed direction mismatches for block AO221D1 (LM-054)
Warning: Direction 'inout' for port VSS on tcbn65lp_6lmT1/AO221D2/design
	does not match expected value 'in' from tcbn65lp_6lmT1/AO221D2/timing (NDM-032w)
Warning: Direction 'inout' for port VDD on tcbn65lp_6lmT1/AO221D2/design
	does not match expected value 'in' from tcbn65lp_6lmT1/AO221D2/timing (NDM-032w)
Information: Fixed direction mismatches for block AO221D2 (LM-054)
Warning: Direction 'inout' for port VSS on tcbn65lp_6lmT1/AO221D4/design
	does not match expected value 'in' from tcbn65lp_6lmT1/AO221D4/timing (NDM-032w)
Warning: Direction 'inout' for port VDD on tcbn65lp_6lmT1/AO221D4/design
	does not match expected value 'in' from tcbn65lp_6lmT1/AO221D4/timing (NDM-032w)
Information: Fixed direction mismatches for block AO221D4 (LM-054)
Warning: Direction 'inout' for port VSS on tcbn65lp_6lmT1/AO222D0/design
	does not match expected value 'in' from tcbn65lp_6lmT1/AO222D0/timing (NDM-032w)
Warning: Direction 'inout' for port VDD on tcbn65lp_6lmT1/AO222D0/design
	does not match expected value 'in' from tcbn65lp_6lmT1/AO222D0/timing (NDM-032w)
Information: Fixed direction mismatches for block AO222D0 (LM-054)
Warning: Direction 'inout' for port VSS on tcbn65lp_6lmT1/AO222D1/design
	does not match expected value 'in' from tcbn65lp_6lmT1/AO222D1/timing (NDM-032w)
Warning: Direction 'inout' for port VDD on tcbn65lp_6lmT1/AO222D1/design
	does not match expected value 'in' from tcbn65lp_6lmT1/AO222D1/timing (NDM-032w)
Information: Fixed direction mismatches for block AO222D1 (LM-054)
Warning: Direction 'inout' for port VSS on tcbn65lp_6lmT1/AO222D2/design
	does not match expected value 'in' from tcbn65lp_6lmT1/AO222D2/timing (NDM-032w)
Warning: Direction 'inout' for port VDD on tcbn65lp_6lmT1/AO222D2/design
	does not match expected value 'in' from tcbn65lp_6lmT1/AO222D2/timing (NDM-032w)
Information: Fixed direction mismatches for block AO222D2 (LM-054)
Warning: Direction 'inout' for port VSS on tcbn65lp_6lmT1/AO222D4/design
	does not match expected value 'in' from tcbn65lp_6lmT1/AO222D4/timing (NDM-032w)
Warning: Direction 'inout' for port VDD on tcbn65lp_6lmT1/AO222D4/design
	does not match expected value 'in' from tcbn65lp_6lmT1/AO222D4/timing (NDM-032w)
Information: Fixed direction mismatches for block AO222D4 (LM-054)
Warning: Direction 'inout' for port VSS on tcbn65lp_6lmT1/AO22D0/design
	does not match expected value 'in' from tcbn65lp_6lmT1/AO22D0/timing (NDM-032w)
Warning: Direction 'inout' for port VDD on tcbn65lp_6lmT1/AO22D0/design
	does not match expected value 'in' from tcbn65lp_6lmT1/AO22D0/timing (NDM-032w)
Information: Fixed direction mismatches for block AO22D0 (LM-054)
Warning: Direction 'inout' for port VSS on tcbn65lp_6lmT1/AO22D1/design
	does not match expected value 'in' from tcbn65lp_6lmT1/AO22D1/timing (NDM-032w)
Warning: Direction 'inout' for port VDD on tcbn65lp_6lmT1/AO22D1/design
	does not match expected value 'in' from tcbn65lp_6lmT1/AO22D1/timing (NDM-032w)
Information: Fixed direction mismatches for block AO22D1 (LM-054)
Warning: Direction 'inout' for port VSS on tcbn65lp_6lmT1/AO22D2/design
	does not match expected value 'in' from tcbn65lp_6lmT1/AO22D2/timing (NDM-032w)
Warning: Direction 'inout' for port VDD on tcbn65lp_6lmT1/AO22D2/design
	does not match expected value 'in' from tcbn65lp_6lmT1/AO22D2/timing (NDM-032w)
Information: Fixed direction mismatches for block AO22D2 (LM-054)
Warning: Direction 'inout' for port VSS on tcbn65lp_6lmT1/AO22D4/design
	does not match expected value 'in' from tcbn65lp_6lmT1/AO22D4/timing (NDM-032w)
Warning: Direction 'inout' for port VDD on tcbn65lp_6lmT1/AO22D4/design
	does not match expected value 'in' from tcbn65lp_6lmT1/AO22D4/timing (NDM-032w)
Information: Fixed direction mismatches for block AO22D4 (LM-054)
Warning: Direction 'inout' for port VSS on tcbn65lp_6lmT1/AO31D0/design
	does not match expected value 'in' from tcbn65lp_6lmT1/AO31D0/timing (NDM-032w)
Warning: Direction 'inout' for port VDD on tcbn65lp_6lmT1/AO31D0/design
	does not match expected value 'in' from tcbn65lp_6lmT1/AO31D0/timing (NDM-032w)
Information: Fixed direction mismatches for block AO31D0 (LM-054)
Warning: Direction 'inout' for port VSS on tcbn65lp_6lmT1/AO31D1/design
	does not match expected value 'in' from tcbn65lp_6lmT1/AO31D1/timing (NDM-032w)
Warning: Direction 'inout' for port VDD on tcbn65lp_6lmT1/AO31D1/design
	does not match expected value 'in' from tcbn65lp_6lmT1/AO31D1/timing (NDM-032w)
Information: Fixed direction mismatches for block AO31D1 (LM-054)
Warning: Direction 'inout' for port VSS on tcbn65lp_6lmT1/AO31D2/design
	does not match expected value 'in' from tcbn65lp_6lmT1/AO31D2/timing (NDM-032w)
Warning: Direction 'inout' for port VDD on tcbn65lp_6lmT1/AO31D2/design
	does not match expected value 'in' from tcbn65lp_6lmT1/AO31D2/timing (NDM-032w)
Information: Fixed direction mismatches for block AO31D2 (LM-054)
Warning: Direction 'inout' for port VSS on tcbn65lp_6lmT1/AO31D4/design
	does not match expected value 'in' from tcbn65lp_6lmT1/AO31D4/timing (NDM-032w)
Warning: Direction 'inout' for port VDD on tcbn65lp_6lmT1/AO31D4/design
	does not match expected value 'in' from tcbn65lp_6lmT1/AO31D4/timing (NDM-032w)
Information: Fixed direction mismatches for block AO31D4 (LM-054)
Warning: Direction 'inout' for port VSS on tcbn65lp_6lmT1/AO32D0/design
	does not match expected value 'in' from tcbn65lp_6lmT1/AO32D0/timing (NDM-032w)
Warning: Direction 'inout' for port VDD on tcbn65lp_6lmT1/AO32D0/design
	does not match expected value 'in' from tcbn65lp_6lmT1/AO32D0/timing (NDM-032w)
Information: Fixed direction mismatches for block AO32D0 (LM-054)
Warning: Direction 'inout' for port VSS on tcbn65lp_6lmT1/AO32D1/design
	does not match expected value 'in' from tcbn65lp_6lmT1/AO32D1/timing (NDM-032w)
Warning: Direction 'inout' for port VDD on tcbn65lp_6lmT1/AO32D1/design
	does not match expected value 'in' from tcbn65lp_6lmT1/AO32D1/timing (NDM-032w)
Information: Fixed direction mismatches for block AO32D1 (LM-054)
Warning: Direction 'inout' for port VSS on tcbn65lp_6lmT1/AO32D2/design
	does not match expected value 'in' from tcbn65lp_6lmT1/AO32D2/timing (NDM-032w)
Warning: Direction 'inout' for port VDD on tcbn65lp_6lmT1/AO32D2/design
	does not match expected value 'in' from tcbn65lp_6lmT1/AO32D2/timing (NDM-032w)
Information: Fixed direction mismatches for block AO32D2 (LM-054)
Warning: Direction 'inout' for port VSS on tcbn65lp_6lmT1/AO32D4/design
	does not match expected value 'in' from tcbn65lp_6lmT1/AO32D4/timing (NDM-032w)
Warning: Direction 'inout' for port VDD on tcbn65lp_6lmT1/AO32D4/design
	does not match expected value 'in' from tcbn65lp_6lmT1/AO32D4/timing (NDM-032w)
Information: Fixed direction mismatches for block AO32D4 (LM-054)
Warning: Direction 'inout' for port VSS on tcbn65lp_6lmT1/AO33D0/design
	does not match expected value 'in' from tcbn65lp_6lmT1/AO33D0/timing (NDM-032w)
Warning: Direction 'inout' for port VDD on tcbn65lp_6lmT1/AO33D0/design
	does not match expected value 'in' from tcbn65lp_6lmT1/AO33D0/timing (NDM-032w)
Information: Fixed direction mismatches for block AO33D0 (LM-054)
Warning: Direction 'inout' for port VSS on tcbn65lp_6lmT1/AO33D1/design
	does not match expected value 'in' from tcbn65lp_6lmT1/AO33D1/timing (NDM-032w)
Warning: Direction 'inout' for port VDD on tcbn65lp_6lmT1/AO33D1/design
	does not match expected value 'in' from tcbn65lp_6lmT1/AO33D1/timing (NDM-032w)
Information: Fixed direction mismatches for block AO33D1 (LM-054)
Warning: Direction 'inout' for port VSS on tcbn65lp_6lmT1/AO33D2/design
	does not match expected value 'in' from tcbn65lp_6lmT1/AO33D2/timing (NDM-032w)
Warning: Direction 'inout' for port VDD on tcbn65lp_6lmT1/AO33D2/design
	does not match expected value 'in' from tcbn65lp_6lmT1/AO33D2/timing (NDM-032w)
Information: Fixed direction mismatches for block AO33D2 (LM-054)
Warning: Direction 'inout' for port VSS on tcbn65lp_6lmT1/AO33D4/design
	does not match expected value 'in' from tcbn65lp_6lmT1/AO33D4/timing (NDM-032w)
Warning: Direction 'inout' for port VDD on tcbn65lp_6lmT1/AO33D4/design
	does not match expected value 'in' from tcbn65lp_6lmT1/AO33D4/timing (NDM-032w)
Information: Fixed direction mismatches for block AO33D4 (LM-054)
Warning: Direction 'inout' for port VSS on tcbn65lp_6lmT1/AOI211D0/design
	does not match expected value 'in' from tcbn65lp_6lmT1/AOI211D0/timing (NDM-032w)
Warning: Direction 'inout' for port VDD on tcbn65lp_6lmT1/AOI211D0/design
	does not match expected value 'in' from tcbn65lp_6lmT1/AOI211D0/timing (NDM-032w)
Information: Fixed direction mismatches for block AOI211D0 (LM-054)
Warning: Direction 'inout' for port VSS on tcbn65lp_6lmT1/AOI211D1/design
	does not match expected value 'in' from tcbn65lp_6lmT1/AOI211D1/timing (NDM-032w)
Warning: Direction 'inout' for port VDD on tcbn65lp_6lmT1/AOI211D1/design
	does not match expected value 'in' from tcbn65lp_6lmT1/AOI211D1/timing (NDM-032w)
Information: Fixed direction mismatches for block AOI211D1 (LM-054)
Warning: Direction 'inout' for port VSS on tcbn65lp_6lmT1/AOI211D2/design
	does not match expected value 'in' from tcbn65lp_6lmT1/AOI211D2/timing (NDM-032w)
Warning: Direction 'inout' for port VDD on tcbn65lp_6lmT1/AOI211D2/design
	does not match expected value 'in' from tcbn65lp_6lmT1/AOI211D2/timing (NDM-032w)
Information: Fixed direction mismatches for block AOI211D2 (LM-054)
Warning: Direction 'inout' for port VSS on tcbn65lp_6lmT1/AOI211D4/design
	does not match expected value 'in' from tcbn65lp_6lmT1/AOI211D4/timing (NDM-032w)
Warning: Direction 'inout' for port VDD on tcbn65lp_6lmT1/AOI211D4/design
	does not match expected value 'in' from tcbn65lp_6lmT1/AOI211D4/timing (NDM-032w)
Information: Fixed direction mismatches for block AOI211D4 (LM-054)
Warning: Direction 'inout' for port VSS on tcbn65lp_6lmT1/AOI211XD0/design
	does not match expected value 'in' from tcbn65lp_6lmT1/AOI211XD0/timing (NDM-032w)
Warning: Direction 'inout' for port VDD on tcbn65lp_6lmT1/AOI211XD0/design
	does not match expected value 'in' from tcbn65lp_6lmT1/AOI211XD0/timing (NDM-032w)
Information: Fixed direction mismatches for block AOI211XD0 (LM-054)
Warning: Direction 'inout' for port VSS on tcbn65lp_6lmT1/AOI211XD1/design
	does not match expected value 'in' from tcbn65lp_6lmT1/AOI211XD1/timing (NDM-032w)
Warning: Direction 'inout' for port VDD on tcbn65lp_6lmT1/AOI211XD1/design
	does not match expected value 'in' from tcbn65lp_6lmT1/AOI211XD1/timing (NDM-032w)
Information: Fixed direction mismatches for block AOI211XD1 (LM-054)
Warning: Direction 'inout' for port VSS on tcbn65lp_6lmT1/AOI211XD2/design
	does not match expected value 'in' from tcbn65lp_6lmT1/AOI211XD2/timing (NDM-032w)
Warning: Direction 'inout' for port VDD on tcbn65lp_6lmT1/AOI211XD2/design
	does not match expected value 'in' from tcbn65lp_6lmT1/AOI211XD2/timing (NDM-032w)
Information: Fixed direction mismatches for block AOI211XD2 (LM-054)
Warning: Direction 'inout' for port VSS on tcbn65lp_6lmT1/AOI211XD4/design
	does not match expected value 'in' from tcbn65lp_6lmT1/AOI211XD4/timing (NDM-032w)
Warning: Direction 'inout' for port VDD on tcbn65lp_6lmT1/AOI211XD4/design
	does not match expected value 'in' from tcbn65lp_6lmT1/AOI211XD4/timing (NDM-032w)
Information: Fixed direction mismatches for block AOI211XD4 (LM-054)
Warning: Direction 'inout' for port VSS on tcbn65lp_6lmT1/AOI21D0/design
	does not match expected value 'in' from tcbn65lp_6lmT1/AOI21D0/timing (NDM-032w)
Warning: Direction 'inout' for port VDD on tcbn65lp_6lmT1/AOI21D0/design
	does not match expected value 'in' from tcbn65lp_6lmT1/AOI21D0/timing (NDM-032w)
Information: Fixed direction mismatches for block AOI21D0 (LM-054)
Warning: Direction 'inout' for port VSS on tcbn65lp_6lmT1/AOI21D1/design
	does not match expected value 'in' from tcbn65lp_6lmT1/AOI21D1/timing (NDM-032w)
Warning: Direction 'inout' for port VDD on tcbn65lp_6lmT1/AOI21D1/design
	does not match expected value 'in' from tcbn65lp_6lmT1/AOI21D1/timing (NDM-032w)
Information: Fixed direction mismatches for block AOI21D1 (LM-054)
Warning: Direction 'inout' for port VSS on tcbn65lp_6lmT1/AOI21D2/design
	does not match expected value 'in' from tcbn65lp_6lmT1/AOI21D2/timing (NDM-032w)
Warning: Direction 'inout' for port VDD on tcbn65lp_6lmT1/AOI21D2/design
	does not match expected value 'in' from tcbn65lp_6lmT1/AOI21D2/timing (NDM-032w)
Information: Fixed direction mismatches for block AOI21D2 (LM-054)
Warning: Direction 'inout' for port VSS on tcbn65lp_6lmT1/AOI21D4/design
	does not match expected value 'in' from tcbn65lp_6lmT1/AOI21D4/timing (NDM-032w)
Warning: Direction 'inout' for port VDD on tcbn65lp_6lmT1/AOI21D4/design
	does not match expected value 'in' from tcbn65lp_6lmT1/AOI21D4/timing (NDM-032w)
Information: Fixed direction mismatches for block AOI21D4 (LM-054)
Warning: Direction 'inout' for port VSS on tcbn65lp_6lmT1/AOI221D0/design
	does not match expected value 'in' from tcbn65lp_6lmT1/AOI221D0/timing (NDM-032w)
Warning: Direction 'inout' for port VDD on tcbn65lp_6lmT1/AOI221D0/design
	does not match expected value 'in' from tcbn65lp_6lmT1/AOI221D0/timing (NDM-032w)
Information: Fixed direction mismatches for block AOI221D0 (LM-054)
Warning: Direction 'inout' for port VSS on tcbn65lp_6lmT1/AOI221D1/design
	does not match expected value 'in' from tcbn65lp_6lmT1/AOI221D1/timing (NDM-032w)
Warning: Direction 'inout' for port VDD on tcbn65lp_6lmT1/AOI221D1/design
	does not match expected value 'in' from tcbn65lp_6lmT1/AOI221D1/timing (NDM-032w)
Information: Fixed direction mismatches for block AOI221D1 (LM-054)
Warning: Direction 'inout' for port VSS on tcbn65lp_6lmT1/AOI221D2/design
	does not match expected value 'in' from tcbn65lp_6lmT1/AOI221D2/timing (NDM-032w)
Warning: Direction 'inout' for port VDD on tcbn65lp_6lmT1/AOI221D2/design
	does not match expected value 'in' from tcbn65lp_6lmT1/AOI221D2/timing (NDM-032w)
Information: Fixed direction mismatches for block AOI221D2 (LM-054)
Warning: Direction 'inout' for port VSS on tcbn65lp_6lmT1/AOI221D4/design
	does not match expected value 'in' from tcbn65lp_6lmT1/AOI221D4/timing (NDM-032w)
Warning: Direction 'inout' for port VDD on tcbn65lp_6lmT1/AOI221D4/design
	does not match expected value 'in' from tcbn65lp_6lmT1/AOI221D4/timing (NDM-032w)
Information: Fixed direction mismatches for block AOI221D4 (LM-054)
Warning: Direction 'inout' for port VSS on tcbn65lp_6lmT1/AOI221XD4/design
	does not match expected value 'in' from tcbn65lp_6lmT1/AOI221XD4/timing (NDM-032w)
Warning: Direction 'inout' for port VDD on tcbn65lp_6lmT1/AOI221XD4/design
	does not match expected value 'in' from tcbn65lp_6lmT1/AOI221XD4/timing (NDM-032w)
Information: Fixed direction mismatches for block AOI221XD4 (LM-054)
Warning: Direction 'inout' for port VSS on tcbn65lp_6lmT1/AOI222D0/design
	does not match expected value 'in' from tcbn65lp_6lmT1/AOI222D0/timing (NDM-032w)
Warning: Direction 'inout' for port VDD on tcbn65lp_6lmT1/AOI222D0/design
	does not match expected value 'in' from tcbn65lp_6lmT1/AOI222D0/timing (NDM-032w)
Information: Fixed direction mismatches for block AOI222D0 (LM-054)
Warning: Direction 'inout' for port VSS on tcbn65lp_6lmT1/AOI222D1/design
	does not match expected value 'in' from tcbn65lp_6lmT1/AOI222D1/timing (NDM-032w)
Warning: Direction 'inout' for port VDD on tcbn65lp_6lmT1/AOI222D1/design
	does not match expected value 'in' from tcbn65lp_6lmT1/AOI222D1/timing (NDM-032w)
Information: Fixed direction mismatches for block AOI222D1 (LM-054)
Warning: Direction 'inout' for port VSS on tcbn65lp_6lmT1/AOI222D2/design
	does not match expected value 'in' from tcbn65lp_6lmT1/AOI222D2/timing (NDM-032w)
Warning: Direction 'inout' for port VDD on tcbn65lp_6lmT1/AOI222D2/design
	does not match expected value 'in' from tcbn65lp_6lmT1/AOI222D2/timing (NDM-032w)
Information: Fixed direction mismatches for block AOI222D2 (LM-054)
Warning: Direction 'inout' for port VSS on tcbn65lp_6lmT1/AOI222D4/design
	does not match expected value 'in' from tcbn65lp_6lmT1/AOI222D4/timing (NDM-032w)
Warning: Direction 'inout' for port VDD on tcbn65lp_6lmT1/AOI222D4/design
	does not match expected value 'in' from tcbn65lp_6lmT1/AOI222D4/timing (NDM-032w)
Information: Fixed direction mismatches for block AOI222D4 (LM-054)
Warning: Direction 'inout' for port VSS on tcbn65lp_6lmT1/AOI222XD4/design
	does not match expected value 'in' from tcbn65lp_6lmT1/AOI222XD4/timing (NDM-032w)
Warning: Direction 'inout' for port VDD on tcbn65lp_6lmT1/AOI222XD4/design
	does not match expected value 'in' from tcbn65lp_6lmT1/AOI222XD4/timing (NDM-032w)
Information: Fixed direction mismatches for block AOI222XD4 (LM-054)
Warning: Direction 'inout' for port VSS on tcbn65lp_6lmT1/AOI22D0/design
	does not match expected value 'in' from tcbn65lp_6lmT1/AOI22D0/timing (NDM-032w)
Warning: Direction 'inout' for port VDD on tcbn65lp_6lmT1/AOI22D0/design
	does not match expected value 'in' from tcbn65lp_6lmT1/AOI22D0/timing (NDM-032w)
Information: Fixed direction mismatches for block AOI22D0 (LM-054)
Warning: Direction 'inout' for port VSS on tcbn65lp_6lmT1/AOI22D1/design
	does not match expected value 'in' from tcbn65lp_6lmT1/AOI22D1/timing (NDM-032w)
Warning: Direction 'inout' for port VDD on tcbn65lp_6lmT1/AOI22D1/design
	does not match expected value 'in' from tcbn65lp_6lmT1/AOI22D1/timing (NDM-032w)
Information: Fixed direction mismatches for block AOI22D1 (LM-054)
Warning: Direction 'inout' for port VSS on tcbn65lp_6lmT1/AOI22D2/design
	does not match expected value 'in' from tcbn65lp_6lmT1/AOI22D2/timing (NDM-032w)
Warning: Direction 'inout' for port VDD on tcbn65lp_6lmT1/AOI22D2/design
	does not match expected value 'in' from tcbn65lp_6lmT1/AOI22D2/timing (NDM-032w)
Information: Fixed direction mismatches for block AOI22D2 (LM-054)
Warning: Direction 'inout' for port VSS on tcbn65lp_6lmT1/AOI22D4/design
	does not match expected value 'in' from tcbn65lp_6lmT1/AOI22D4/timing (NDM-032w)
Warning: Direction 'inout' for port VDD on tcbn65lp_6lmT1/AOI22D4/design
	does not match expected value 'in' from tcbn65lp_6lmT1/AOI22D4/timing (NDM-032w)
Information: Fixed direction mismatches for block AOI22D4 (LM-054)
Warning: Direction 'inout' for port VSS on tcbn65lp_6lmT1/AOI31D0/design
	does not match expected value 'in' from tcbn65lp_6lmT1/AOI31D0/timing (NDM-032w)
Warning: Direction 'inout' for port VDD on tcbn65lp_6lmT1/AOI31D0/design
	does not match expected value 'in' from tcbn65lp_6lmT1/AOI31D0/timing (NDM-032w)
Information: Fixed direction mismatches for block AOI31D0 (LM-054)
Warning: Direction 'inout' for port VSS on tcbn65lp_6lmT1/AOI31D1/design
	does not match expected value 'in' from tcbn65lp_6lmT1/AOI31D1/timing (NDM-032w)
Warning: Direction 'inout' for port VDD on tcbn65lp_6lmT1/AOI31D1/design
	does not match expected value 'in' from tcbn65lp_6lmT1/AOI31D1/timing (NDM-032w)
Information: Fixed direction mismatches for block AOI31D1 (LM-054)
Warning: Direction 'inout' for port VSS on tcbn65lp_6lmT1/AOI31D2/design
	does not match expected value 'in' from tcbn65lp_6lmT1/AOI31D2/timing (NDM-032w)
Warning: Direction 'inout' for port VDD on tcbn65lp_6lmT1/AOI31D2/design
	does not match expected value 'in' from tcbn65lp_6lmT1/AOI31D2/timing (NDM-032w)
Information: Fixed direction mismatches for block AOI31D2 (LM-054)
Warning: Direction 'inout' for port VSS on tcbn65lp_6lmT1/AOI31D4/design
	does not match expected value 'in' from tcbn65lp_6lmT1/AOI31D4/timing (NDM-032w)
Warning: Direction 'inout' for port VDD on tcbn65lp_6lmT1/AOI31D4/design
	does not match expected value 'in' from tcbn65lp_6lmT1/AOI31D4/timing (NDM-032w)
Information: Fixed direction mismatches for block AOI31D4 (LM-054)
Warning: Direction 'inout' for port VSS on tcbn65lp_6lmT1/AOI32D0/design
	does not match expected value 'in' from tcbn65lp_6lmT1/AOI32D0/timing (NDM-032w)
Warning: Direction 'inout' for port VDD on tcbn65lp_6lmT1/AOI32D0/design
	does not match expected value 'in' from tcbn65lp_6lmT1/AOI32D0/timing (NDM-032w)
Information: Fixed direction mismatches for block AOI32D0 (LM-054)
Warning: Direction 'inout' for port VSS on tcbn65lp_6lmT1/AOI32D1/design
	does not match expected value 'in' from tcbn65lp_6lmT1/AOI32D1/timing (NDM-032w)
Warning: Direction 'inout' for port VDD on tcbn65lp_6lmT1/AOI32D1/design
	does not match expected value 'in' from tcbn65lp_6lmT1/AOI32D1/timing (NDM-032w)
Information: Fixed direction mismatches for block AOI32D1 (LM-054)
Warning: Direction 'inout' for port VSS on tcbn65lp_6lmT1/AOI32D2/design
	does not match expected value 'in' from tcbn65lp_6lmT1/AOI32D2/timing (NDM-032w)
Warning: Direction 'inout' for port VDD on tcbn65lp_6lmT1/AOI32D2/design
	does not match expected value 'in' from tcbn65lp_6lmT1/AOI32D2/timing (NDM-032w)
Information: Fixed direction mismatches for block AOI32D2 (LM-054)
Warning: Direction 'inout' for port VSS on tcbn65lp_6lmT1/AOI32D4/design
	does not match expected value 'in' from tcbn65lp_6lmT1/AOI32D4/timing (NDM-032w)
Warning: Direction 'inout' for port VDD on tcbn65lp_6lmT1/AOI32D4/design
	does not match expected value 'in' from tcbn65lp_6lmT1/AOI32D4/timing (NDM-032w)
Information: Fixed direction mismatches for block AOI32D4 (LM-054)
Warning: Direction 'inout' for port VSS on tcbn65lp_6lmT1/AOI32XD4/design
	does not match expected value 'in' from tcbn65lp_6lmT1/AOI32XD4/timing (NDM-032w)
Warning: Direction 'inout' for port VDD on tcbn65lp_6lmT1/AOI32XD4/design
	does not match expected value 'in' from tcbn65lp_6lmT1/AOI32XD4/timing (NDM-032w)
Information: Fixed direction mismatches for block AOI32XD4 (LM-054)
Warning: Direction 'inout' for port VSS on tcbn65lp_6lmT1/AOI33D0/design
	does not match expected value 'in' from tcbn65lp_6lmT1/AOI33D0/timing (NDM-032w)
Warning: Direction 'inout' for port VDD on tcbn65lp_6lmT1/AOI33D0/design
	does not match expected value 'in' from tcbn65lp_6lmT1/AOI33D0/timing (NDM-032w)
Information: Fixed direction mismatches for block AOI33D0 (LM-054)
Warning: Direction 'inout' for port VSS on tcbn65lp_6lmT1/AOI33D1/design
	does not match expected value 'in' from tcbn65lp_6lmT1/AOI33D1/timing (NDM-032w)
Warning: Direction 'inout' for port VDD on tcbn65lp_6lmT1/AOI33D1/design
	does not match expected value 'in' from tcbn65lp_6lmT1/AOI33D1/timing (NDM-032w)
Information: Fixed direction mismatches for block AOI33D1 (LM-054)
Warning: Direction 'inout' for port VSS on tcbn65lp_6lmT1/AOI33D2/design
	does not match expected value 'in' from tcbn65lp_6lmT1/AOI33D2/timing (NDM-032w)
Warning: Direction 'inout' for port VDD on tcbn65lp_6lmT1/AOI33D2/design
	does not match expected value 'in' from tcbn65lp_6lmT1/AOI33D2/timing (NDM-032w)
Information: Fixed direction mismatches for block AOI33D2 (LM-054)
Warning: Direction 'inout' for port VSS on tcbn65lp_6lmT1/AOI33D4/design
	does not match expected value 'in' from tcbn65lp_6lmT1/AOI33D4/timing (NDM-032w)
Warning: Direction 'inout' for port VDD on tcbn65lp_6lmT1/AOI33D4/design
	does not match expected value 'in' from tcbn65lp_6lmT1/AOI33D4/timing (NDM-032w)
Information: Fixed direction mismatches for block AOI33D4 (LM-054)
Warning: Direction 'inout' for port VSS on tcbn65lp_6lmT1/AOI33XD4/design
	does not match expected value 'in' from tcbn65lp_6lmT1/AOI33XD4/timing (NDM-032w)
Warning: Direction 'inout' for port VDD on tcbn65lp_6lmT1/AOI33XD4/design
	does not match expected value 'in' from tcbn65lp_6lmT1/AOI33XD4/timing (NDM-032w)
Information: Fixed direction mismatches for block AOI33XD4 (LM-054)
Warning: Direction 'inout' for port VSS on tcbn65lp_6lmT1/BENCD1/design
	does not match expected value 'in' from tcbn65lp_6lmT1/BENCD1/timing (NDM-032w)
Warning: Direction 'inout' for port VDD on tcbn65lp_6lmT1/BENCD1/design
	does not match expected value 'in' from tcbn65lp_6lmT1/BENCD1/timing (NDM-032w)
Information: Fixed direction mismatches for block BENCD1 (LM-054)
Warning: Direction 'inout' for port VSS on tcbn65lp_6lmT1/BENCD2/design
	does not match expected value 'in' from tcbn65lp_6lmT1/BENCD2/timing (NDM-032w)
Warning: Direction 'inout' for port VDD on tcbn65lp_6lmT1/BENCD2/design
	does not match expected value 'in' from tcbn65lp_6lmT1/BENCD2/timing (NDM-032w)
Information: Fixed direction mismatches for block BENCD2 (LM-054)
Warning: Direction 'inout' for port VSS on tcbn65lp_6lmT1/BENCD4/design
	does not match expected value 'in' from tcbn65lp_6lmT1/BENCD4/timing (NDM-032w)
Warning: Direction 'inout' for port VDD on tcbn65lp_6lmT1/BENCD4/design
	does not match expected value 'in' from tcbn65lp_6lmT1/BENCD4/timing (NDM-032w)
Information: Fixed direction mismatches for block BENCD4 (LM-054)
Warning: Direction 'inout' for port VSS on tcbn65lp_6lmT1/BHD/design
	does not match expected value 'in' from tcbn65lp_6lmT1/BHD/timing (NDM-032w)
Warning: Direction 'inout' for port VDD on tcbn65lp_6lmT1/BHD/design
	does not match expected value 'in' from tcbn65lp_6lmT1/BHD/timing (NDM-032w)
Information: Fixed direction mismatches for block BHD (LM-054)
Warning: Direction 'inout' for port VSS on tcbn65lp_6lmT1/BMLD1/design
	does not match expected value 'in' from tcbn65lp_6lmT1/BMLD1/timing (NDM-032w)
Warning: Direction 'inout' for port VDD on tcbn65lp_6lmT1/BMLD1/design
	does not match expected value 'in' from tcbn65lp_6lmT1/BMLD1/timing (NDM-032w)
Information: Fixed direction mismatches for block BMLD1 (LM-054)
Warning: Direction 'inout' for port VSS on tcbn65lp_6lmT1/BMLD2/design
	does not match expected value 'in' from tcbn65lp_6lmT1/BMLD2/timing (NDM-032w)
Warning: Direction 'inout' for port VDD on tcbn65lp_6lmT1/BMLD2/design
	does not match expected value 'in' from tcbn65lp_6lmT1/BMLD2/timing (NDM-032w)
Information: Fixed direction mismatches for block BMLD2 (LM-054)
Warning: Direction 'inout' for port VSS on tcbn65lp_6lmT1/BMLD4/design
	does not match expected value 'in' from tcbn65lp_6lmT1/BMLD4/timing (NDM-032w)
Warning: Direction 'inout' for port VDD on tcbn65lp_6lmT1/BMLD4/design
	does not match expected value 'in' from tcbn65lp_6lmT1/BMLD4/timing (NDM-032w)
Information: Fixed direction mismatches for block BMLD4 (LM-054)
Warning: Direction 'inout' for port VSS on tcbn65lp_6lmT1/BUFFD0/design
	does not match expected value 'in' from tcbn65lp_6lmT1/BUFFD0/timing (NDM-032w)
Warning: Direction 'inout' for port VDD on tcbn65lp_6lmT1/BUFFD0/design
	does not match expected value 'in' from tcbn65lp_6lmT1/BUFFD0/timing (NDM-032w)
Information: Fixed direction mismatches for block BUFFD0 (LM-054)
Warning: Direction 'inout' for port VSS on tcbn65lp_6lmT1/BUFFD1/design
	does not match expected value 'in' from tcbn65lp_6lmT1/BUFFD1/timing (NDM-032w)
Warning: Direction 'inout' for port VDD on tcbn65lp_6lmT1/BUFFD1/design
	does not match expected value 'in' from tcbn65lp_6lmT1/BUFFD1/timing (NDM-032w)
Information: Fixed direction mismatches for block BUFFD1 (LM-054)
Warning: Direction 'inout' for port VSS on tcbn65lp_6lmT1/BUFFD12/design
	does not match expected value 'in' from tcbn65lp_6lmT1/BUFFD12/timing (NDM-032w)
Warning: Direction 'inout' for port VDD on tcbn65lp_6lmT1/BUFFD12/design
	does not match expected value 'in' from tcbn65lp_6lmT1/BUFFD12/timing (NDM-032w)
Information: Fixed direction mismatches for block BUFFD12 (LM-054)
Warning: Direction 'inout' for port VSS on tcbn65lp_6lmT1/BUFFD16/design
	does not match expected value 'in' from tcbn65lp_6lmT1/BUFFD16/timing (NDM-032w)
Warning: Direction 'inout' for port VDD on tcbn65lp_6lmT1/BUFFD16/design
	does not match expected value 'in' from tcbn65lp_6lmT1/BUFFD16/timing (NDM-032w)
Information: Fixed direction mismatches for block BUFFD16 (LM-054)
Warning: Direction 'inout' for port VSS on tcbn65lp_6lmT1/BUFFD2/design
	does not match expected value 'in' from tcbn65lp_6lmT1/BUFFD2/timing (NDM-032w)
Warning: Direction 'inout' for port VDD on tcbn65lp_6lmT1/BUFFD2/design
	does not match expected value 'in' from tcbn65lp_6lmT1/BUFFD2/timing (NDM-032w)
Information: Fixed direction mismatches for block BUFFD2 (LM-054)
Warning: Direction 'inout' for port VSS on tcbn65lp_6lmT1/BUFFD20/design
	does not match expected value 'in' from tcbn65lp_6lmT1/BUFFD20/timing (NDM-032w)
Warning: Direction 'inout' for port VDD on tcbn65lp_6lmT1/BUFFD20/design
	does not match expected value 'in' from tcbn65lp_6lmT1/BUFFD20/timing (NDM-032w)
Information: Fixed direction mismatches for block BUFFD20 (LM-054)
Warning: Direction 'inout' for port VSS on tcbn65lp_6lmT1/BUFFD24/design
	does not match expected value 'in' from tcbn65lp_6lmT1/BUFFD24/timing (NDM-032w)
Warning: Direction 'inout' for port VDD on tcbn65lp_6lmT1/BUFFD24/design
	does not match expected value 'in' from tcbn65lp_6lmT1/BUFFD24/timing (NDM-032w)
Information: Fixed direction mismatches for block BUFFD24 (LM-054)
Warning: Direction 'inout' for port VSS on tcbn65lp_6lmT1/BUFFD3/design
	does not match expected value 'in' from tcbn65lp_6lmT1/BUFFD3/timing (NDM-032w)
Warning: Direction 'inout' for port VDD on tcbn65lp_6lmT1/BUFFD3/design
	does not match expected value 'in' from tcbn65lp_6lmT1/BUFFD3/timing (NDM-032w)
Information: Fixed direction mismatches for block BUFFD3 (LM-054)
Warning: Direction 'inout' for port VSS on tcbn65lp_6lmT1/BUFFD4/design
	does not match expected value 'in' from tcbn65lp_6lmT1/BUFFD4/timing (NDM-032w)
Warning: Direction 'inout' for port VDD on tcbn65lp_6lmT1/BUFFD4/design
	does not match expected value 'in' from tcbn65lp_6lmT1/BUFFD4/timing (NDM-032w)
Information: Fixed direction mismatches for block BUFFD4 (LM-054)
Warning: Direction 'inout' for port VSS on tcbn65lp_6lmT1/BUFFD6/design
	does not match expected value 'in' from tcbn65lp_6lmT1/BUFFD6/timing (NDM-032w)
Warning: Direction 'inout' for port VDD on tcbn65lp_6lmT1/BUFFD6/design
	does not match expected value 'in' from tcbn65lp_6lmT1/BUFFD6/timing (NDM-032w)
Information: Fixed direction mismatches for block BUFFD6 (LM-054)
Warning: Direction 'inout' for port VSS on tcbn65lp_6lmT1/BUFFD8/design
	does not match expected value 'in' from tcbn65lp_6lmT1/BUFFD8/timing (NDM-032w)
Warning: Direction 'inout' for port VDD on tcbn65lp_6lmT1/BUFFD8/design
	does not match expected value 'in' from tcbn65lp_6lmT1/BUFFD8/timing (NDM-032w)
Information: Fixed direction mismatches for block BUFFD8 (LM-054)
Warning: Direction 'inout' for port VSS on tcbn65lp_6lmT1/BUFTD0/design
	does not match expected value 'in' from tcbn65lp_6lmT1/BUFTD0/timing (NDM-032w)
Warning: Direction 'inout' for port VDD on tcbn65lp_6lmT1/BUFTD0/design
	does not match expected value 'in' from tcbn65lp_6lmT1/BUFTD0/timing (NDM-032w)
Information: Fixed direction mismatches for block BUFTD0 (LM-054)
Warning: Direction 'inout' for port VSS on tcbn65lp_6lmT1/BUFTD1/design
	does not match expected value 'in' from tcbn65lp_6lmT1/BUFTD1/timing (NDM-032w)
Warning: Direction 'inout' for port VDD on tcbn65lp_6lmT1/BUFTD1/design
	does not match expected value 'in' from tcbn65lp_6lmT1/BUFTD1/timing (NDM-032w)
Information: Fixed direction mismatches for block BUFTD1 (LM-054)
Warning: Direction 'inout' for port VSS on tcbn65lp_6lmT1/BUFTD12/design
	does not match expected value 'in' from tcbn65lp_6lmT1/BUFTD12/timing (NDM-032w)
Warning: Direction 'inout' for port VDD on tcbn65lp_6lmT1/BUFTD12/design
	does not match expected value 'in' from tcbn65lp_6lmT1/BUFTD12/timing (NDM-032w)
Information: Fixed direction mismatches for block BUFTD12 (LM-054)
Warning: Direction 'inout' for port VSS on tcbn65lp_6lmT1/BUFTD16/design
	does not match expected value 'in' from tcbn65lp_6lmT1/BUFTD16/timing (NDM-032w)
Warning: Direction 'inout' for port VDD on tcbn65lp_6lmT1/BUFTD16/design
	does not match expected value 'in' from tcbn65lp_6lmT1/BUFTD16/timing (NDM-032w)
Information: Fixed direction mismatches for block BUFTD16 (LM-054)
Warning: Direction 'inout' for port VSS on tcbn65lp_6lmT1/BUFTD2/design
	does not match expected value 'in' from tcbn65lp_6lmT1/BUFTD2/timing (NDM-032w)
Warning: Direction 'inout' for port VDD on tcbn65lp_6lmT1/BUFTD2/design
	does not match expected value 'in' from tcbn65lp_6lmT1/BUFTD2/timing (NDM-032w)
Information: Fixed direction mismatches for block BUFTD2 (LM-054)
Warning: Direction 'inout' for port VSS on tcbn65lp_6lmT1/BUFTD20/design
	does not match expected value 'in' from tcbn65lp_6lmT1/BUFTD20/timing (NDM-032w)
Warning: Direction 'inout' for port VDD on tcbn65lp_6lmT1/BUFTD20/design
	does not match expected value 'in' from tcbn65lp_6lmT1/BUFTD20/timing (NDM-032w)
Information: Fixed direction mismatches for block BUFTD20 (LM-054)
Warning: Direction 'inout' for port VSS on tcbn65lp_6lmT1/BUFTD24/design
	does not match expected value 'in' from tcbn65lp_6lmT1/BUFTD24/timing (NDM-032w)
Warning: Direction 'inout' for port VDD on tcbn65lp_6lmT1/BUFTD24/design
	does not match expected value 'in' from tcbn65lp_6lmT1/BUFTD24/timing (NDM-032w)
Information: Fixed direction mismatches for block BUFTD24 (LM-054)
Warning: Direction 'inout' for port VSS on tcbn65lp_6lmT1/BUFTD3/design
	does not match expected value 'in' from tcbn65lp_6lmT1/BUFTD3/timing (NDM-032w)
Warning: Direction 'inout' for port VDD on tcbn65lp_6lmT1/BUFTD3/design
	does not match expected value 'in' from tcbn65lp_6lmT1/BUFTD3/timing (NDM-032w)
Information: Fixed direction mismatches for block BUFTD3 (LM-054)
Warning: Direction 'inout' for port VSS on tcbn65lp_6lmT1/BUFTD4/design
	does not match expected value 'in' from tcbn65lp_6lmT1/BUFTD4/timing (NDM-032w)
Warning: Direction 'inout' for port VDD on tcbn65lp_6lmT1/BUFTD4/design
	does not match expected value 'in' from tcbn65lp_6lmT1/BUFTD4/timing (NDM-032w)
Information: Fixed direction mismatches for block BUFTD4 (LM-054)
Warning: Direction 'inout' for port VSS on tcbn65lp_6lmT1/BUFTD6/design
	does not match expected value 'in' from tcbn65lp_6lmT1/BUFTD6/timing (NDM-032w)
Warning: Direction 'inout' for port VDD on tcbn65lp_6lmT1/BUFTD6/design
	does not match expected value 'in' from tcbn65lp_6lmT1/BUFTD6/timing (NDM-032w)
Information: Fixed direction mismatches for block BUFTD6 (LM-054)
Warning: Direction 'inout' for port VSS on tcbn65lp_6lmT1/BUFTD8/design
	does not match expected value 'in' from tcbn65lp_6lmT1/BUFTD8/timing (NDM-032w)
Warning: Direction 'inout' for port VDD on tcbn65lp_6lmT1/BUFTD8/design
	does not match expected value 'in' from tcbn65lp_6lmT1/BUFTD8/timing (NDM-032w)
Information: Fixed direction mismatches for block BUFTD8 (LM-054)
Warning: Direction 'inout' for port VSS on tcbn65lp_6lmT1/CKAN2D0/design
	does not match expected value 'in' from tcbn65lp_6lmT1/CKAN2D0/timing (NDM-032w)
Warning: Direction 'inout' for port VDD on tcbn65lp_6lmT1/CKAN2D0/design
	does not match expected value 'in' from tcbn65lp_6lmT1/CKAN2D0/timing (NDM-032w)
Information: Fixed direction mismatches for block CKAN2D0 (LM-054)
Warning: Direction 'inout' for port VSS on tcbn65lp_6lmT1/CKAN2D1/design
	does not match expected value 'in' from tcbn65lp_6lmT1/CKAN2D1/timing (NDM-032w)
Warning: Direction 'inout' for port VDD on tcbn65lp_6lmT1/CKAN2D1/design
	does not match expected value 'in' from tcbn65lp_6lmT1/CKAN2D1/timing (NDM-032w)
Information: Fixed direction mismatches for block CKAN2D1 (LM-054)
Warning: Direction 'inout' for port VSS on tcbn65lp_6lmT1/CKAN2D2/design
	does not match expected value 'in' from tcbn65lp_6lmT1/CKAN2D2/timing (NDM-032w)
Warning: Direction 'inout' for port VDD on tcbn65lp_6lmT1/CKAN2D2/design
	does not match expected value 'in' from tcbn65lp_6lmT1/CKAN2D2/timing (NDM-032w)
Information: Fixed direction mismatches for block CKAN2D2 (LM-054)
Warning: Direction 'inout' for port VSS on tcbn65lp_6lmT1/CKAN2D4/design
	does not match expected value 'in' from tcbn65lp_6lmT1/CKAN2D4/timing (NDM-032w)
Warning: Direction 'inout' for port VDD on tcbn65lp_6lmT1/CKAN2D4/design
	does not match expected value 'in' from tcbn65lp_6lmT1/CKAN2D4/timing (NDM-032w)
Information: Fixed direction mismatches for block CKAN2D4 (LM-054)
Warning: Direction 'inout' for port VSS on tcbn65lp_6lmT1/CKAN2D8/design
	does not match expected value 'in' from tcbn65lp_6lmT1/CKAN2D8/timing (NDM-032w)
Warning: Direction 'inout' for port VDD on tcbn65lp_6lmT1/CKAN2D8/design
	does not match expected value 'in' from tcbn65lp_6lmT1/CKAN2D8/timing (NDM-032w)
Information: Fixed direction mismatches for block CKAN2D8 (LM-054)
Warning: Direction 'inout' for port VSS on tcbn65lp_6lmT1/CKBD0/design
	does not match expected value 'in' from tcbn65lp_6lmT1/CKBD0/timing (NDM-032w)
Warning: Direction 'inout' for port VDD on tcbn65lp_6lmT1/CKBD0/design
	does not match expected value 'in' from tcbn65lp_6lmT1/CKBD0/timing (NDM-032w)
Information: Fixed direction mismatches for block CKBD0 (LM-054)
Warning: Direction 'inout' for port VSS on tcbn65lp_6lmT1/CKBD1/design
	does not match expected value 'in' from tcbn65lp_6lmT1/CKBD1/timing (NDM-032w)
Warning: Direction 'inout' for port VDD on tcbn65lp_6lmT1/CKBD1/design
	does not match expected value 'in' from tcbn65lp_6lmT1/CKBD1/timing (NDM-032w)
Information: Fixed direction mismatches for block CKBD1 (LM-054)
Warning: Direction 'inout' for port VSS on tcbn65lp_6lmT1/CKBD12/design
	does not match expected value 'in' from tcbn65lp_6lmT1/CKBD12/timing (NDM-032w)
Warning: Direction 'inout' for port VDD on tcbn65lp_6lmT1/CKBD12/design
	does not match expected value 'in' from tcbn65lp_6lmT1/CKBD12/timing (NDM-032w)
Information: Fixed direction mismatches for block CKBD12 (LM-054)
Warning: Direction 'inout' for port VSS on tcbn65lp_6lmT1/CKBD16/design
	does not match expected value 'in' from tcbn65lp_6lmT1/CKBD16/timing (NDM-032w)
Warning: Direction 'inout' for port VDD on tcbn65lp_6lmT1/CKBD16/design
	does not match expected value 'in' from tcbn65lp_6lmT1/CKBD16/timing (NDM-032w)
Information: Fixed direction mismatches for block CKBD16 (LM-054)
Warning: Direction 'inout' for port VSS on tcbn65lp_6lmT1/CKBD2/design
	does not match expected value 'in' from tcbn65lp_6lmT1/CKBD2/timing (NDM-032w)
Warning: Direction 'inout' for port VDD on tcbn65lp_6lmT1/CKBD2/design
	does not match expected value 'in' from tcbn65lp_6lmT1/CKBD2/timing (NDM-032w)
Information: Fixed direction mismatches for block CKBD2 (LM-054)
Warning: Direction 'inout' for port VSS on tcbn65lp_6lmT1/CKBD20/design
	does not match expected value 'in' from tcbn65lp_6lmT1/CKBD20/timing (NDM-032w)
Warning: Direction 'inout' for port VDD on tcbn65lp_6lmT1/CKBD20/design
	does not match expected value 'in' from tcbn65lp_6lmT1/CKBD20/timing (NDM-032w)
Information: Fixed direction mismatches for block CKBD20 (LM-054)
Warning: Direction 'inout' for port VSS on tcbn65lp_6lmT1/CKBD24/design
	does not match expected value 'in' from tcbn65lp_6lmT1/CKBD24/timing (NDM-032w)
Warning: Direction 'inout' for port VDD on tcbn65lp_6lmT1/CKBD24/design
	does not match expected value 'in' from tcbn65lp_6lmT1/CKBD24/timing (NDM-032w)
Information: Fixed direction mismatches for block CKBD24 (LM-054)
Warning: Direction 'inout' for port VSS on tcbn65lp_6lmT1/CKBD3/design
	does not match expected value 'in' from tcbn65lp_6lmT1/CKBD3/timing (NDM-032w)
Warning: Direction 'inout' for port VDD on tcbn65lp_6lmT1/CKBD3/design
	does not match expected value 'in' from tcbn65lp_6lmT1/CKBD3/timing (NDM-032w)
Information: Fixed direction mismatches for block CKBD3 (LM-054)
Warning: Direction 'inout' for port VSS on tcbn65lp_6lmT1/CKBD4/design
	does not match expected value 'in' from tcbn65lp_6lmT1/CKBD4/timing (NDM-032w)
Warning: Direction 'inout' for port VDD on tcbn65lp_6lmT1/CKBD4/design
	does not match expected value 'in' from tcbn65lp_6lmT1/CKBD4/timing (NDM-032w)
Information: Fixed direction mismatches for block CKBD4 (LM-054)
Warning: Direction 'inout' for port VSS on tcbn65lp_6lmT1/CKBD6/design
	does not match expected value 'in' from tcbn65lp_6lmT1/CKBD6/timing (NDM-032w)
Warning: Direction 'inout' for port VDD on tcbn65lp_6lmT1/CKBD6/design
	does not match expected value 'in' from tcbn65lp_6lmT1/CKBD6/timing (NDM-032w)
Information: Fixed direction mismatches for block CKBD6 (LM-054)
Warning: Direction 'inout' for port VSS on tcbn65lp_6lmT1/CKBD8/design
	does not match expected value 'in' from tcbn65lp_6lmT1/CKBD8/timing (NDM-032w)
Warning: Direction 'inout' for port VDD on tcbn65lp_6lmT1/CKBD8/design
	does not match expected value 'in' from tcbn65lp_6lmT1/CKBD8/timing (NDM-032w)
Information: Fixed direction mismatches for block CKBD8 (LM-054)
Information: Deriving related power/ground pin for cell CKLHQD1. (LM-175)
Warning: Direction 'inout' for port VSS on tcbn65lp_6lmT1/CKLHQD1/design
	does not match expected value 'in' from tcbn65lp_6lmT1/CKLHQD1/timing (NDM-032w)
Warning: Direction 'inout' for port VDD on tcbn65lp_6lmT1/CKLHQD1/design
	does not match expected value 'in' from tcbn65lp_6lmT1/CKLHQD1/timing (NDM-032w)
Information: Fixed direction mismatches for block CKLHQD1 (LM-054)
Information: Deriving related power/ground pin for cell CKLHQD12. (LM-175)
Warning: Direction 'inout' for port VSS on tcbn65lp_6lmT1/CKLHQD12/design
	does not match expected value 'in' from tcbn65lp_6lmT1/CKLHQD12/timing (NDM-032w)
Warning: Direction 'inout' for port VDD on tcbn65lp_6lmT1/CKLHQD12/design
	does not match expected value 'in' from tcbn65lp_6lmT1/CKLHQD12/timing (NDM-032w)
Information: Fixed direction mismatches for block CKLHQD12 (LM-054)
Information: Deriving related power/ground pin for cell CKLHQD16. (LM-175)
Warning: Direction 'inout' for port VSS on tcbn65lp_6lmT1/CKLHQD16/design
	does not match expected value 'in' from tcbn65lp_6lmT1/CKLHQD16/timing (NDM-032w)
Warning: Direction 'inout' for port VDD on tcbn65lp_6lmT1/CKLHQD16/design
	does not match expected value 'in' from tcbn65lp_6lmT1/CKLHQD16/timing (NDM-032w)
Information: Fixed direction mismatches for block CKLHQD16 (LM-054)
Information: Deriving related power/ground pin for cell CKLHQD2. (LM-175)
Warning: Direction 'inout' for port VSS on tcbn65lp_6lmT1/CKLHQD2/design
	does not match expected value 'in' from tcbn65lp_6lmT1/CKLHQD2/timing (NDM-032w)
Warning: Direction 'inout' for port VDD on tcbn65lp_6lmT1/CKLHQD2/design
	does not match expected value 'in' from tcbn65lp_6lmT1/CKLHQD2/timing (NDM-032w)
Information: Fixed direction mismatches for block CKLHQD2 (LM-054)
Information: Deriving related power/ground pin for cell CKLHQD20. (LM-175)
Warning: Direction 'inout' for port VSS on tcbn65lp_6lmT1/CKLHQD20/design
	does not match expected value 'in' from tcbn65lp_6lmT1/CKLHQD20/timing (NDM-032w)
Warning: Direction 'inout' for port VDD on tcbn65lp_6lmT1/CKLHQD20/design
	does not match expected value 'in' from tcbn65lp_6lmT1/CKLHQD20/timing (NDM-032w)
Information: Fixed direction mismatches for block CKLHQD20 (LM-054)
Information: Deriving related power/ground pin for cell CKLHQD24. (LM-175)
Warning: Direction 'inout' for port VSS on tcbn65lp_6lmT1/CKLHQD24/design
	does not match expected value 'in' from tcbn65lp_6lmT1/CKLHQD24/timing (NDM-032w)
Warning: Direction 'inout' for port VDD on tcbn65lp_6lmT1/CKLHQD24/design
	does not match expected value 'in' from tcbn65lp_6lmT1/CKLHQD24/timing (NDM-032w)
Information: Fixed direction mismatches for block CKLHQD24 (LM-054)
Information: Deriving related power/ground pin for cell CKLHQD3. (LM-175)
Warning: Direction 'inout' for port VSS on tcbn65lp_6lmT1/CKLHQD3/design
	does not match expected value 'in' from tcbn65lp_6lmT1/CKLHQD3/timing (NDM-032w)
Warning: Direction 'inout' for port VDD on tcbn65lp_6lmT1/CKLHQD3/design
	does not match expected value 'in' from tcbn65lp_6lmT1/CKLHQD3/timing (NDM-032w)
Information: Fixed direction mismatches for block CKLHQD3 (LM-054)
Information: Deriving related power/ground pin for cell CKLHQD4. (LM-175)
Warning: Direction 'inout' for port VSS on tcbn65lp_6lmT1/CKLHQD4/design
	does not match expected value 'in' from tcbn65lp_6lmT1/CKLHQD4/timing (NDM-032w)
Warning: Direction 'inout' for port VDD on tcbn65lp_6lmT1/CKLHQD4/design
	does not match expected value 'in' from tcbn65lp_6lmT1/CKLHQD4/timing (NDM-032w)
Information: Fixed direction mismatches for block CKLHQD4 (LM-054)
Information: Deriving related power/ground pin for cell CKLHQD6. (LM-175)
Warning: Direction 'inout' for port VSS on tcbn65lp_6lmT1/CKLHQD6/design
	does not match expected value 'in' from tcbn65lp_6lmT1/CKLHQD6/timing (NDM-032w)
Warning: Direction 'inout' for port VDD on tcbn65lp_6lmT1/CKLHQD6/design
	does not match expected value 'in' from tcbn65lp_6lmT1/CKLHQD6/timing (NDM-032w)
Information: Fixed direction mismatches for block CKLHQD6 (LM-054)
Information: Deriving related power/ground pin for cell CKLHQD8. (LM-175)
Warning: Direction 'inout' for port VSS on tcbn65lp_6lmT1/CKLHQD8/design
	does not match expected value 'in' from tcbn65lp_6lmT1/CKLHQD8/timing (NDM-032w)
Warning: Direction 'inout' for port VDD on tcbn65lp_6lmT1/CKLHQD8/design
	does not match expected value 'in' from tcbn65lp_6lmT1/CKLHQD8/timing (NDM-032w)
Information: Fixed direction mismatches for block CKLHQD8 (LM-054)
Information: Deriving related power/ground pin for cell CKLNQD1. (LM-175)
Warning: Direction 'inout' for port VSS on tcbn65lp_6lmT1/CKLNQD1/design
	does not match expected value 'in' from tcbn65lp_6lmT1/CKLNQD1/timing (NDM-032w)
Warning: Direction 'inout' for port VDD on tcbn65lp_6lmT1/CKLNQD1/design
	does not match expected value 'in' from tcbn65lp_6lmT1/CKLNQD1/timing (NDM-032w)
Information: Fixed direction mismatches for block CKLNQD1 (LM-054)
Information: Deriving related power/ground pin for cell CKLNQD12. (LM-175)
Warning: Direction 'inout' for port VSS on tcbn65lp_6lmT1/CKLNQD12/design
	does not match expected value 'in' from tcbn65lp_6lmT1/CKLNQD12/timing (NDM-032w)
Warning: Direction 'inout' for port VDD on tcbn65lp_6lmT1/CKLNQD12/design
	does not match expected value 'in' from tcbn65lp_6lmT1/CKLNQD12/timing (NDM-032w)
Information: Fixed direction mismatches for block CKLNQD12 (LM-054)
Information: Deriving related power/ground pin for cell CKLNQD16. (LM-175)
Warning: Direction 'inout' for port VSS on tcbn65lp_6lmT1/CKLNQD16/design
	does not match expected value 'in' from tcbn65lp_6lmT1/CKLNQD16/timing (NDM-032w)
Warning: Direction 'inout' for port VDD on tcbn65lp_6lmT1/CKLNQD16/design
	does not match expected value 'in' from tcbn65lp_6lmT1/CKLNQD16/timing (NDM-032w)
Information: Fixed direction mismatches for block CKLNQD16 (LM-054)
Information: Deriving related power/ground pin for cell CKLNQD2. (LM-175)
Warning: Direction 'inout' for port VSS on tcbn65lp_6lmT1/CKLNQD2/design
	does not match expected value 'in' from tcbn65lp_6lmT1/CKLNQD2/timing (NDM-032w)
Warning: Direction 'inout' for port VDD on tcbn65lp_6lmT1/CKLNQD2/design
	does not match expected value 'in' from tcbn65lp_6lmT1/CKLNQD2/timing (NDM-032w)
Information: Fixed direction mismatches for block CKLNQD2 (LM-054)
Information: Deriving related power/ground pin for cell CKLNQD20. (LM-175)
Warning: Direction 'inout' for port VSS on tcbn65lp_6lmT1/CKLNQD20/design
	does not match expected value 'in' from tcbn65lp_6lmT1/CKLNQD20/timing (NDM-032w)
Warning: Direction 'inout' for port VDD on tcbn65lp_6lmT1/CKLNQD20/design
	does not match expected value 'in' from tcbn65lp_6lmT1/CKLNQD20/timing (NDM-032w)
Information: Fixed direction mismatches for block CKLNQD20 (LM-054)
Information: Deriving related power/ground pin for cell CKLNQD24. (LM-175)
Warning: Direction 'inout' for port VSS on tcbn65lp_6lmT1/CKLNQD24/design
	does not match expected value 'in' from tcbn65lp_6lmT1/CKLNQD24/timing (NDM-032w)
Warning: Direction 'inout' for port VDD on tcbn65lp_6lmT1/CKLNQD24/design
	does not match expected value 'in' from tcbn65lp_6lmT1/CKLNQD24/timing (NDM-032w)
Information: Fixed direction mismatches for block CKLNQD24 (LM-054)
Information: Deriving related power/ground pin for cell CKLNQD3. (LM-175)
Warning: Direction 'inout' for port VSS on tcbn65lp_6lmT1/CKLNQD3/design
	does not match expected value 'in' from tcbn65lp_6lmT1/CKLNQD3/timing (NDM-032w)
Warning: Direction 'inout' for port VDD on tcbn65lp_6lmT1/CKLNQD3/design
	does not match expected value 'in' from tcbn65lp_6lmT1/CKLNQD3/timing (NDM-032w)
Information: Fixed direction mismatches for block CKLNQD3 (LM-054)
Information: Deriving related power/ground pin for cell CKLNQD4. (LM-175)
Warning: Direction 'inout' for port VSS on tcbn65lp_6lmT1/CKLNQD4/design
	does not match expected value 'in' from tcbn65lp_6lmT1/CKLNQD4/timing (NDM-032w)
Warning: Direction 'inout' for port VDD on tcbn65lp_6lmT1/CKLNQD4/design
	does not match expected value 'in' from tcbn65lp_6lmT1/CKLNQD4/timing (NDM-032w)
Information: Fixed direction mismatches for block CKLNQD4 (LM-054)
Information: Deriving related power/ground pin for cell CKLNQD6. (LM-175)
Warning: Direction 'inout' for port VSS on tcbn65lp_6lmT1/CKLNQD6/design
	does not match expected value 'in' from tcbn65lp_6lmT1/CKLNQD6/timing (NDM-032w)
Warning: Direction 'inout' for port VDD on tcbn65lp_6lmT1/CKLNQD6/design
	does not match expected value 'in' from tcbn65lp_6lmT1/CKLNQD6/timing (NDM-032w)
Information: Fixed direction mismatches for block CKLNQD6 (LM-054)
Information: Deriving related power/ground pin for cell CKLNQD8. (LM-175)
Warning: Direction 'inout' for port VSS on tcbn65lp_6lmT1/CKLNQD8/design
	does not match expected value 'in' from tcbn65lp_6lmT1/CKLNQD8/timing (NDM-032w)
Warning: Direction 'inout' for port VDD on tcbn65lp_6lmT1/CKLNQD8/design
	does not match expected value 'in' from tcbn65lp_6lmT1/CKLNQD8/timing (NDM-032w)
Information: Fixed direction mismatches for block CKLNQD8 (LM-054)
Warning: Direction 'inout' for port VSS on tcbn65lp_6lmT1/CKMUX2D0/design
	does not match expected value 'in' from tcbn65lp_6lmT1/CKMUX2D0/timing (NDM-032w)
Warning: Direction 'inout' for port VDD on tcbn65lp_6lmT1/CKMUX2D0/design
	does not match expected value 'in' from tcbn65lp_6lmT1/CKMUX2D0/timing (NDM-032w)
Information: Fixed direction mismatches for block CKMUX2D0 (LM-054)
Warning: Direction 'inout' for port VSS on tcbn65lp_6lmT1/CKMUX2D1/design
	does not match expected value 'in' from tcbn65lp_6lmT1/CKMUX2D1/timing (NDM-032w)
Warning: Direction 'inout' for port VDD on tcbn65lp_6lmT1/CKMUX2D1/design
	does not match expected value 'in' from tcbn65lp_6lmT1/CKMUX2D1/timing (NDM-032w)
Information: Fixed direction mismatches for block CKMUX2D1 (LM-054)
Warning: Direction 'inout' for port VSS on tcbn65lp_6lmT1/CKMUX2D2/design
	does not match expected value 'in' from tcbn65lp_6lmT1/CKMUX2D2/timing (NDM-032w)
Warning: Direction 'inout' for port VDD on tcbn65lp_6lmT1/CKMUX2D2/design
	does not match expected value 'in' from tcbn65lp_6lmT1/CKMUX2D2/timing (NDM-032w)
Information: Fixed direction mismatches for block CKMUX2D2 (LM-054)
Warning: Direction 'inout' for port VSS on tcbn65lp_6lmT1/CKMUX2D4/design
	does not match expected value 'in' from tcbn65lp_6lmT1/CKMUX2D4/timing (NDM-032w)
Warning: Direction 'inout' for port VDD on tcbn65lp_6lmT1/CKMUX2D4/design
	does not match expected value 'in' from tcbn65lp_6lmT1/CKMUX2D4/timing (NDM-032w)
Information: Fixed direction mismatches for block CKMUX2D4 (LM-054)
Warning: Direction 'inout' for port VSS on tcbn65lp_6lmT1/CKND0/design
	does not match expected value 'in' from tcbn65lp_6lmT1/CKND0/timing (NDM-032w)
Warning: Direction 'inout' for port VDD on tcbn65lp_6lmT1/CKND0/design
	does not match expected value 'in' from tcbn65lp_6lmT1/CKND0/timing (NDM-032w)
Information: Fixed direction mismatches for block CKND0 (LM-054)
Warning: Direction 'inout' for port VSS on tcbn65lp_6lmT1/CKND1/design
	does not match expected value 'in' from tcbn65lp_6lmT1/CKND1/timing (NDM-032w)
Warning: Direction 'inout' for port VDD on tcbn65lp_6lmT1/CKND1/design
	does not match expected value 'in' from tcbn65lp_6lmT1/CKND1/timing (NDM-032w)
Information: Fixed direction mismatches for block CKND1 (LM-054)
Warning: Direction 'inout' for port VSS on tcbn65lp_6lmT1/CKND12/design
	does not match expected value 'in' from tcbn65lp_6lmT1/CKND12/timing (NDM-032w)
Warning: Direction 'inout' for port VDD on tcbn65lp_6lmT1/CKND12/design
	does not match expected value 'in' from tcbn65lp_6lmT1/CKND12/timing (NDM-032w)
Information: Fixed direction mismatches for block CKND12 (LM-054)
Warning: Direction 'inout' for port VSS on tcbn65lp_6lmT1/CKND16/design
	does not match expected value 'in' from tcbn65lp_6lmT1/CKND16/timing (NDM-032w)
Warning: Direction 'inout' for port VDD on tcbn65lp_6lmT1/CKND16/design
	does not match expected value 'in' from tcbn65lp_6lmT1/CKND16/timing (NDM-032w)
Information: Fixed direction mismatches for block CKND16 (LM-054)
Warning: Direction 'inout' for port VSS on tcbn65lp_6lmT1/CKND2/design
	does not match expected value 'in' from tcbn65lp_6lmT1/CKND2/timing (NDM-032w)
Warning: Direction 'inout' for port VDD on tcbn65lp_6lmT1/CKND2/design
	does not match expected value 'in' from tcbn65lp_6lmT1/CKND2/timing (NDM-032w)
Information: Fixed direction mismatches for block CKND2 (LM-054)
Warning: Direction 'inout' for port VSS on tcbn65lp_6lmT1/CKND20/design
	does not match expected value 'in' from tcbn65lp_6lmT1/CKND20/timing (NDM-032w)
Warning: Direction 'inout' for port VDD on tcbn65lp_6lmT1/CKND20/design
	does not match expected value 'in' from tcbn65lp_6lmT1/CKND20/timing (NDM-032w)
Information: Fixed direction mismatches for block CKND20 (LM-054)
Warning: Direction 'inout' for port VSS on tcbn65lp_6lmT1/CKND24/design
	does not match expected value 'in' from tcbn65lp_6lmT1/CKND24/timing (NDM-032w)
Warning: Direction 'inout' for port VDD on tcbn65lp_6lmT1/CKND24/design
	does not match expected value 'in' from tcbn65lp_6lmT1/CKND24/timing (NDM-032w)
Information: Fixed direction mismatches for block CKND24 (LM-054)
Warning: Direction 'inout' for port VSS on tcbn65lp_6lmT1/CKND2D0/design
	does not match expected value 'in' from tcbn65lp_6lmT1/CKND2D0/timing (NDM-032w)
Warning: Direction 'inout' for port VDD on tcbn65lp_6lmT1/CKND2D0/design
	does not match expected value 'in' from tcbn65lp_6lmT1/CKND2D0/timing (NDM-032w)
Information: Fixed direction mismatches for block CKND2D0 (LM-054)
Warning: Direction 'inout' for port VSS on tcbn65lp_6lmT1/CKND2D1/design
	does not match expected value 'in' from tcbn65lp_6lmT1/CKND2D1/timing (NDM-032w)
Warning: Direction 'inout' for port VDD on tcbn65lp_6lmT1/CKND2D1/design
	does not match expected value 'in' from tcbn65lp_6lmT1/CKND2D1/timing (NDM-032w)
Information: Fixed direction mismatches for block CKND2D1 (LM-054)
Warning: Direction 'inout' for port VSS on tcbn65lp_6lmT1/CKND2D2/design
	does not match expected value 'in' from tcbn65lp_6lmT1/CKND2D2/timing (NDM-032w)
Warning: Direction 'inout' for port VDD on tcbn65lp_6lmT1/CKND2D2/design
	does not match expected value 'in' from tcbn65lp_6lmT1/CKND2D2/timing (NDM-032w)
Information: Fixed direction mismatches for block CKND2D2 (LM-054)
Warning: Direction 'inout' for port VSS on tcbn65lp_6lmT1/CKND2D3/design
	does not match expected value 'in' from tcbn65lp_6lmT1/CKND2D3/timing (NDM-032w)
Warning: Direction 'inout' for port VDD on tcbn65lp_6lmT1/CKND2D3/design
	does not match expected value 'in' from tcbn65lp_6lmT1/CKND2D3/timing (NDM-032w)
Information: Fixed direction mismatches for block CKND2D3 (LM-054)
Warning: Direction 'inout' for port VSS on tcbn65lp_6lmT1/CKND2D4/design
	does not match expected value 'in' from tcbn65lp_6lmT1/CKND2D4/timing (NDM-032w)
Warning: Direction 'inout' for port VDD on tcbn65lp_6lmT1/CKND2D4/design
	does not match expected value 'in' from tcbn65lp_6lmT1/CKND2D4/timing (NDM-032w)
Information: Fixed direction mismatches for block CKND2D4 (LM-054)
Warning: Direction 'inout' for port VSS on tcbn65lp_6lmT1/CKND2D8/design
	does not match expected value 'in' from tcbn65lp_6lmT1/CKND2D8/timing (NDM-032w)
Warning: Direction 'inout' for port VDD on tcbn65lp_6lmT1/CKND2D8/design
	does not match expected value 'in' from tcbn65lp_6lmT1/CKND2D8/timing (NDM-032w)
Information: Fixed direction mismatches for block CKND2D8 (LM-054)
Warning: Direction 'inout' for port VSS on tcbn65lp_6lmT1/CKND3/design
	does not match expected value 'in' from tcbn65lp_6lmT1/CKND3/timing (NDM-032w)
Warning: Direction 'inout' for port VDD on tcbn65lp_6lmT1/CKND3/design
	does not match expected value 'in' from tcbn65lp_6lmT1/CKND3/timing (NDM-032w)
Information: Fixed direction mismatches for block CKND3 (LM-054)
Warning: Direction 'inout' for port VSS on tcbn65lp_6lmT1/CKND4/design
	does not match expected value 'in' from tcbn65lp_6lmT1/CKND4/timing (NDM-032w)
Warning: Direction 'inout' for port VDD on tcbn65lp_6lmT1/CKND4/design
	does not match expected value 'in' from tcbn65lp_6lmT1/CKND4/timing (NDM-032w)
Information: Fixed direction mismatches for block CKND4 (LM-054)
Warning: Direction 'inout' for port VSS on tcbn65lp_6lmT1/CKND6/design
	does not match expected value 'in' from tcbn65lp_6lmT1/CKND6/timing (NDM-032w)
Warning: Direction 'inout' for port VDD on tcbn65lp_6lmT1/CKND6/design
	does not match expected value 'in' from tcbn65lp_6lmT1/CKND6/timing (NDM-032w)
Information: Fixed direction mismatches for block CKND6 (LM-054)
Warning: Direction 'inout' for port VSS on tcbn65lp_6lmT1/CKND8/design
	does not match expected value 'in' from tcbn65lp_6lmT1/CKND8/timing (NDM-032w)
Warning: Direction 'inout' for port VDD on tcbn65lp_6lmT1/CKND8/design
	does not match expected value 'in' from tcbn65lp_6lmT1/CKND8/timing (NDM-032w)
Information: Fixed direction mismatches for block CKND8 (LM-054)
Warning: Direction 'inout' for port VSS on tcbn65lp_6lmT1/CKXOR2D0/design
	does not match expected value 'in' from tcbn65lp_6lmT1/CKXOR2D0/timing (NDM-032w)
Warning: Direction 'inout' for port VDD on tcbn65lp_6lmT1/CKXOR2D0/design
	does not match expected value 'in' from tcbn65lp_6lmT1/CKXOR2D0/timing (NDM-032w)
Information: Fixed direction mismatches for block CKXOR2D0 (LM-054)
Warning: Direction 'inout' for port VSS on tcbn65lp_6lmT1/CKXOR2D1/design
	does not match expected value 'in' from tcbn65lp_6lmT1/CKXOR2D1/timing (NDM-032w)
Warning: Direction 'inout' for port VDD on tcbn65lp_6lmT1/CKXOR2D1/design
	does not match expected value 'in' from tcbn65lp_6lmT1/CKXOR2D1/timing (NDM-032w)
Information: Fixed direction mismatches for block CKXOR2D1 (LM-054)
Warning: Direction 'inout' for port VSS on tcbn65lp_6lmT1/CKXOR2D2/design
	does not match expected value 'in' from tcbn65lp_6lmT1/CKXOR2D2/timing (NDM-032w)
Warning: Direction 'inout' for port VDD on tcbn65lp_6lmT1/CKXOR2D2/design
	does not match expected value 'in' from tcbn65lp_6lmT1/CKXOR2D2/timing (NDM-032w)
Information: Fixed direction mismatches for block CKXOR2D2 (LM-054)
Warning: Direction 'inout' for port VSS on tcbn65lp_6lmT1/CKXOR2D4/design
	does not match expected value 'in' from tcbn65lp_6lmT1/CKXOR2D4/timing (NDM-032w)
Warning: Direction 'inout' for port VDD on tcbn65lp_6lmT1/CKXOR2D4/design
	does not match expected value 'in' from tcbn65lp_6lmT1/CKXOR2D4/timing (NDM-032w)
Information: Fixed direction mismatches for block CKXOR2D4 (LM-054)
Warning: Direction 'inout' for port VSS on tcbn65lp_6lmT1/CMPE42D1/design
	does not match expected value 'in' from tcbn65lp_6lmT1/CMPE42D1/timing (NDM-032w)
Warning: Direction 'inout' for port VDD on tcbn65lp_6lmT1/CMPE42D1/design
	does not match expected value 'in' from tcbn65lp_6lmT1/CMPE42D1/timing (NDM-032w)
Information: Fixed direction mismatches for block CMPE42D1 (LM-054)
Warning: Direction 'inout' for port VSS on tcbn65lp_6lmT1/CMPE42D2/design
	does not match expected value 'in' from tcbn65lp_6lmT1/CMPE42D2/timing (NDM-032w)
Warning: Direction 'inout' for port VDD on tcbn65lp_6lmT1/CMPE42D2/design
	does not match expected value 'in' from tcbn65lp_6lmT1/CMPE42D2/timing (NDM-032w)
Information: Fixed direction mismatches for block CMPE42D2 (LM-054)
Warning: Direction 'inout' for port VSS on tcbn65lp_6lmT1/DCAP/design
	does not match expected value 'in' from tcbn65lp_6lmT1/DCAP/timing (NDM-032w)
Warning: Direction 'inout' for port VDD on tcbn65lp_6lmT1/DCAP/design
	does not match expected value 'in' from tcbn65lp_6lmT1/DCAP/timing (NDM-032w)
Information: Fixed direction mismatches for block DCAP (LM-054)
Warning: Direction 'inout' for port VSS on tcbn65lp_6lmT1/DCAP16/design
	does not match expected value 'in' from tcbn65lp_6lmT1/DCAP16/timing (NDM-032w)
Warning: Direction 'inout' for port VDD on tcbn65lp_6lmT1/DCAP16/design
	does not match expected value 'in' from tcbn65lp_6lmT1/DCAP16/timing (NDM-032w)
Information: Fixed direction mismatches for block DCAP16 (LM-054)
Warning: Direction 'inout' for port VSS on tcbn65lp_6lmT1/DCAP32/design
	does not match expected value 'in' from tcbn65lp_6lmT1/DCAP32/timing (NDM-032w)
Warning: Direction 'inout' for port VDD on tcbn65lp_6lmT1/DCAP32/design
	does not match expected value 'in' from tcbn65lp_6lmT1/DCAP32/timing (NDM-032w)
Information: Fixed direction mismatches for block DCAP32 (LM-054)
Warning: Direction 'inout' for port VSS on tcbn65lp_6lmT1/DCAP4/design
	does not match expected value 'in' from tcbn65lp_6lmT1/DCAP4/timing (NDM-032w)
Warning: Direction 'inout' for port VDD on tcbn65lp_6lmT1/DCAP4/design
	does not match expected value 'in' from tcbn65lp_6lmT1/DCAP4/timing (NDM-032w)
Information: Fixed direction mismatches for block DCAP4 (LM-054)
Warning: Direction 'inout' for port VSS on tcbn65lp_6lmT1/DCAP64/design
	does not match expected value 'in' from tcbn65lp_6lmT1/DCAP64/timing (NDM-032w)
Warning: Direction 'inout' for port VDD on tcbn65lp_6lmT1/DCAP64/design
	does not match expected value 'in' from tcbn65lp_6lmT1/DCAP64/timing (NDM-032w)
Information: Fixed direction mismatches for block DCAP64 (LM-054)
Warning: Direction 'inout' for port VSS on tcbn65lp_6lmT1/DCAP8/design
	does not match expected value 'in' from tcbn65lp_6lmT1/DCAP8/timing (NDM-032w)
Warning: Direction 'inout' for port VDD on tcbn65lp_6lmT1/DCAP8/design
	does not match expected value 'in' from tcbn65lp_6lmT1/DCAP8/timing (NDM-032w)
Information: Fixed direction mismatches for block DCAP8 (LM-054)
Warning: Direction 'inout' for port VSS on tcbn65lp_6lmT1/DEL0/design
	does not match expected value 'in' from tcbn65lp_6lmT1/DEL0/timing (NDM-032w)
Warning: Direction 'inout' for port VDD on tcbn65lp_6lmT1/DEL0/design
	does not match expected value 'in' from tcbn65lp_6lmT1/DEL0/timing (NDM-032w)
Information: Fixed direction mismatches for block DEL0 (LM-054)
Warning: Direction 'inout' for port VSS on tcbn65lp_6lmT1/DEL005/design
	does not match expected value 'in' from tcbn65lp_6lmT1/DEL005/timing (NDM-032w)
Warning: Direction 'inout' for port VDD on tcbn65lp_6lmT1/DEL005/design
	does not match expected value 'in' from tcbn65lp_6lmT1/DEL005/timing (NDM-032w)
Information: Fixed direction mismatches for block DEL005 (LM-054)
Warning: Direction 'inout' for port VSS on tcbn65lp_6lmT1/DEL01/design
	does not match expected value 'in' from tcbn65lp_6lmT1/DEL01/timing (NDM-032w)
Warning: Direction 'inout' for port VDD on tcbn65lp_6lmT1/DEL01/design
	does not match expected value 'in' from tcbn65lp_6lmT1/DEL01/timing (NDM-032w)
Information: Fixed direction mismatches for block DEL01 (LM-054)
Warning: Direction 'inout' for port VSS on tcbn65lp_6lmT1/DEL015/design
	does not match expected value 'in' from tcbn65lp_6lmT1/DEL015/timing (NDM-032w)
Warning: Direction 'inout' for port VDD on tcbn65lp_6lmT1/DEL015/design
	does not match expected value 'in' from tcbn65lp_6lmT1/DEL015/timing (NDM-032w)
Information: Fixed direction mismatches for block DEL015 (LM-054)
Warning: Direction 'inout' for port VSS on tcbn65lp_6lmT1/DEL02/design
	does not match expected value 'in' from tcbn65lp_6lmT1/DEL02/timing (NDM-032w)
Warning: Direction 'inout' for port VDD on tcbn65lp_6lmT1/DEL02/design
	does not match expected value 'in' from tcbn65lp_6lmT1/DEL02/timing (NDM-032w)
Information: Fixed direction mismatches for block DEL02 (LM-054)
Warning: Direction 'inout' for port VSS on tcbn65lp_6lmT1/DEL1/design
	does not match expected value 'in' from tcbn65lp_6lmT1/DEL1/timing (NDM-032w)
Warning: Direction 'inout' for port VDD on tcbn65lp_6lmT1/DEL1/design
	does not match expected value 'in' from tcbn65lp_6lmT1/DEL1/timing (NDM-032w)
Information: Fixed direction mismatches for block DEL1 (LM-054)
Warning: Direction 'inout' for port VSS on tcbn65lp_6lmT1/DEL2/design
	does not match expected value 'in' from tcbn65lp_6lmT1/DEL2/timing (NDM-032w)
Warning: Direction 'inout' for port VDD on tcbn65lp_6lmT1/DEL2/design
	does not match expected value 'in' from tcbn65lp_6lmT1/DEL2/timing (NDM-032w)
Information: Fixed direction mismatches for block DEL2 (LM-054)
Warning: Direction 'inout' for port VSS on tcbn65lp_6lmT1/DEL3/design
	does not match expected value 'in' from tcbn65lp_6lmT1/DEL3/timing (NDM-032w)
Warning: Direction 'inout' for port VDD on tcbn65lp_6lmT1/DEL3/design
	does not match expected value 'in' from tcbn65lp_6lmT1/DEL3/timing (NDM-032w)
Information: Fixed direction mismatches for block DEL3 (LM-054)
Warning: Direction 'inout' for port VSS on tcbn65lp_6lmT1/DEL4/design
	does not match expected value 'in' from tcbn65lp_6lmT1/DEL4/timing (NDM-032w)
Warning: Direction 'inout' for port VDD on tcbn65lp_6lmT1/DEL4/design
	does not match expected value 'in' from tcbn65lp_6lmT1/DEL4/timing (NDM-032w)
Information: Fixed direction mismatches for block DEL4 (LM-054)
Warning: Direction 'inout' for port VSS on tcbn65lp_6lmT1/DFCND1/design
	does not match expected value 'in' from tcbn65lp_6lmT1/DFCND1/timing (NDM-032w)
Warning: Direction 'inout' for port VDD on tcbn65lp_6lmT1/DFCND1/design
	does not match expected value 'in' from tcbn65lp_6lmT1/DFCND1/timing (NDM-032w)
Information: Fixed direction mismatches for block DFCND1 (LM-054)
Warning: Direction 'inout' for port VSS on tcbn65lp_6lmT1/DFCND2/design
	does not match expected value 'in' from tcbn65lp_6lmT1/DFCND2/timing (NDM-032w)
Warning: Direction 'inout' for port VDD on tcbn65lp_6lmT1/DFCND2/design
	does not match expected value 'in' from tcbn65lp_6lmT1/DFCND2/timing (NDM-032w)
Information: Fixed direction mismatches for block DFCND2 (LM-054)
Warning: Direction 'inout' for port VSS on tcbn65lp_6lmT1/DFCND4/design
	does not match expected value 'in' from tcbn65lp_6lmT1/DFCND4/timing (NDM-032w)
Warning: Direction 'inout' for port VDD on tcbn65lp_6lmT1/DFCND4/design
	does not match expected value 'in' from tcbn65lp_6lmT1/DFCND4/timing (NDM-032w)
Information: Fixed direction mismatches for block DFCND4 (LM-054)
Warning: Direction 'inout' for port VSS on tcbn65lp_6lmT1/DFCNQD1/design
	does not match expected value 'in' from tcbn65lp_6lmT1/DFCNQD1/timing (NDM-032w)
Warning: Direction 'inout' for port VDD on tcbn65lp_6lmT1/DFCNQD1/design
	does not match expected value 'in' from tcbn65lp_6lmT1/DFCNQD1/timing (NDM-032w)
Information: Fixed direction mismatches for block DFCNQD1 (LM-054)
Warning: Direction 'inout' for port VSS on tcbn65lp_6lmT1/DFCNQD2/design
	does not match expected value 'in' from tcbn65lp_6lmT1/DFCNQD2/timing (NDM-032w)
Warning: Direction 'inout' for port VDD on tcbn65lp_6lmT1/DFCNQD2/design
	does not match expected value 'in' from tcbn65lp_6lmT1/DFCNQD2/timing (NDM-032w)
Information: Fixed direction mismatches for block DFCNQD2 (LM-054)
Warning: Direction 'inout' for port VSS on tcbn65lp_6lmT1/DFCNQD4/design
	does not match expected value 'in' from tcbn65lp_6lmT1/DFCNQD4/timing (NDM-032w)
Warning: Direction 'inout' for port VDD on tcbn65lp_6lmT1/DFCNQD4/design
	does not match expected value 'in' from tcbn65lp_6lmT1/DFCNQD4/timing (NDM-032w)
Information: Fixed direction mismatches for block DFCNQD4 (LM-054)
Warning: Direction 'inout' for port VSS on tcbn65lp_6lmT1/DFCSND1/design
	does not match expected value 'in' from tcbn65lp_6lmT1/DFCSND1/timing (NDM-032w)
Warning: Direction 'inout' for port VDD on tcbn65lp_6lmT1/DFCSND1/design
	does not match expected value 'in' from tcbn65lp_6lmT1/DFCSND1/timing (NDM-032w)
Information: Fixed direction mismatches for block DFCSND1 (LM-054)
Warning: Direction 'inout' for port VSS on tcbn65lp_6lmT1/DFCSND2/design
	does not match expected value 'in' from tcbn65lp_6lmT1/DFCSND2/timing (NDM-032w)
Warning: Direction 'inout' for port VDD on tcbn65lp_6lmT1/DFCSND2/design
	does not match expected value 'in' from tcbn65lp_6lmT1/DFCSND2/timing (NDM-032w)
Information: Fixed direction mismatches for block DFCSND2 (LM-054)
Warning: Direction 'inout' for port VSS on tcbn65lp_6lmT1/DFCSND4/design
	does not match expected value 'in' from tcbn65lp_6lmT1/DFCSND4/timing (NDM-032w)
Warning: Direction 'inout' for port VDD on tcbn65lp_6lmT1/DFCSND4/design
	does not match expected value 'in' from tcbn65lp_6lmT1/DFCSND4/timing (NDM-032w)
Information: Fixed direction mismatches for block DFCSND4 (LM-054)
Warning: Direction 'inout' for port VSS on tcbn65lp_6lmT1/DFCSNQD1/design
	does not match expected value 'in' from tcbn65lp_6lmT1/DFCSNQD1/timing (NDM-032w)
Warning: Direction 'inout' for port VDD on tcbn65lp_6lmT1/DFCSNQD1/design
	does not match expected value 'in' from tcbn65lp_6lmT1/DFCSNQD1/timing (NDM-032w)
Information: Fixed direction mismatches for block DFCSNQD1 (LM-054)
Warning: Direction 'inout' for port VSS on tcbn65lp_6lmT1/DFCSNQD2/design
	does not match expected value 'in' from tcbn65lp_6lmT1/DFCSNQD2/timing (NDM-032w)
Warning: Direction 'inout' for port VDD on tcbn65lp_6lmT1/DFCSNQD2/design
	does not match expected value 'in' from tcbn65lp_6lmT1/DFCSNQD2/timing (NDM-032w)
Information: Fixed direction mismatches for block DFCSNQD2 (LM-054)
Warning: Direction 'inout' for port VSS on tcbn65lp_6lmT1/DFCSNQD4/design
	does not match expected value 'in' from tcbn65lp_6lmT1/DFCSNQD4/timing (NDM-032w)
Warning: Direction 'inout' for port VDD on tcbn65lp_6lmT1/DFCSNQD4/design
	does not match expected value 'in' from tcbn65lp_6lmT1/DFCSNQD4/timing (NDM-032w)
Information: Fixed direction mismatches for block DFCSNQD4 (LM-054)
Warning: Direction 'inout' for port VSS on tcbn65lp_6lmT1/DFD1/design
	does not match expected value 'in' from tcbn65lp_6lmT1/DFD1/timing (NDM-032w)
Warning: Direction 'inout' for port VDD on tcbn65lp_6lmT1/DFD1/design
	does not match expected value 'in' from tcbn65lp_6lmT1/DFD1/timing (NDM-032w)
Information: Fixed direction mismatches for block DFD1 (LM-054)
Warning: Direction 'inout' for port VSS on tcbn65lp_6lmT1/DFD2/design
	does not match expected value 'in' from tcbn65lp_6lmT1/DFD2/timing (NDM-032w)
Warning: Direction 'inout' for port VDD on tcbn65lp_6lmT1/DFD2/design
	does not match expected value 'in' from tcbn65lp_6lmT1/DFD2/timing (NDM-032w)
Information: Fixed direction mismatches for block DFD2 (LM-054)
Warning: Direction 'inout' for port VSS on tcbn65lp_6lmT1/DFD4/design
	does not match expected value 'in' from tcbn65lp_6lmT1/DFD4/timing (NDM-032w)
Warning: Direction 'inout' for port VDD on tcbn65lp_6lmT1/DFD4/design
	does not match expected value 'in' from tcbn65lp_6lmT1/DFD4/timing (NDM-032w)
Information: Fixed direction mismatches for block DFD4 (LM-054)
Warning: Direction 'inout' for port VSS on tcbn65lp_6lmT1/DFKCND1/design
	does not match expected value 'in' from tcbn65lp_6lmT1/DFKCND1/timing (NDM-032w)
Warning: Direction 'inout' for port VDD on tcbn65lp_6lmT1/DFKCND1/design
	does not match expected value 'in' from tcbn65lp_6lmT1/DFKCND1/timing (NDM-032w)
Information: Fixed direction mismatches for block DFKCND1 (LM-054)
Warning: Direction 'inout' for port VSS on tcbn65lp_6lmT1/DFKCND2/design
	does not match expected value 'in' from tcbn65lp_6lmT1/DFKCND2/timing (NDM-032w)
Warning: Direction 'inout' for port VDD on tcbn65lp_6lmT1/DFKCND2/design
	does not match expected value 'in' from tcbn65lp_6lmT1/DFKCND2/timing (NDM-032w)
Information: Fixed direction mismatches for block DFKCND2 (LM-054)
Warning: Direction 'inout' for port VSS on tcbn65lp_6lmT1/DFKCND4/design
	does not match expected value 'in' from tcbn65lp_6lmT1/DFKCND4/timing (NDM-032w)
Warning: Direction 'inout' for port VDD on tcbn65lp_6lmT1/DFKCND4/design
	does not match expected value 'in' from tcbn65lp_6lmT1/DFKCND4/timing (NDM-032w)
Information: Fixed direction mismatches for block DFKCND4 (LM-054)
Warning: Direction 'inout' for port VSS on tcbn65lp_6lmT1/DFKCNQD1/design
	does not match expected value 'in' from tcbn65lp_6lmT1/DFKCNQD1/timing (NDM-032w)
Warning: Direction 'inout' for port VDD on tcbn65lp_6lmT1/DFKCNQD1/design
	does not match expected value 'in' from tcbn65lp_6lmT1/DFKCNQD1/timing (NDM-032w)
Information: Fixed direction mismatches for block DFKCNQD1 (LM-054)
Warning: Direction 'inout' for port VSS on tcbn65lp_6lmT1/DFKCNQD2/design
	does not match expected value 'in' from tcbn65lp_6lmT1/DFKCNQD2/timing (NDM-032w)
Warning: Direction 'inout' for port VDD on tcbn65lp_6lmT1/DFKCNQD2/design
	does not match expected value 'in' from tcbn65lp_6lmT1/DFKCNQD2/timing (NDM-032w)
Information: Fixed direction mismatches for block DFKCNQD2 (LM-054)
Warning: Direction 'inout' for port VSS on tcbn65lp_6lmT1/DFKCNQD4/design
	does not match expected value 'in' from tcbn65lp_6lmT1/DFKCNQD4/timing (NDM-032w)
Warning: Direction 'inout' for port VDD on tcbn65lp_6lmT1/DFKCNQD4/design
	does not match expected value 'in' from tcbn65lp_6lmT1/DFKCNQD4/timing (NDM-032w)
Information: Fixed direction mismatches for block DFKCNQD4 (LM-054)
Warning: Direction 'inout' for port VSS on tcbn65lp_6lmT1/DFKCSND1/design
	does not match expected value 'in' from tcbn65lp_6lmT1/DFKCSND1/timing (NDM-032w)
Warning: Direction 'inout' for port VDD on tcbn65lp_6lmT1/DFKCSND1/design
	does not match expected value 'in' from tcbn65lp_6lmT1/DFKCSND1/timing (NDM-032w)
Information: Fixed direction mismatches for block DFKCSND1 (LM-054)
Warning: Direction 'inout' for port VSS on tcbn65lp_6lmT1/DFKCSND2/design
	does not match expected value 'in' from tcbn65lp_6lmT1/DFKCSND2/timing (NDM-032w)
Warning: Direction 'inout' for port VDD on tcbn65lp_6lmT1/DFKCSND2/design
	does not match expected value 'in' from tcbn65lp_6lmT1/DFKCSND2/timing (NDM-032w)
Information: Fixed direction mismatches for block DFKCSND2 (LM-054)
Warning: Direction 'inout' for port VSS on tcbn65lp_6lmT1/DFKCSND4/design
	does not match expected value 'in' from tcbn65lp_6lmT1/DFKCSND4/timing (NDM-032w)
Warning: Direction 'inout' for port VDD on tcbn65lp_6lmT1/DFKCSND4/design
	does not match expected value 'in' from tcbn65lp_6lmT1/DFKCSND4/timing (NDM-032w)
Information: Fixed direction mismatches for block DFKCSND4 (LM-054)
Warning: Direction 'inout' for port VSS on tcbn65lp_6lmT1/DFKSND1/design
	does not match expected value 'in' from tcbn65lp_6lmT1/DFKSND1/timing (NDM-032w)
Warning: Direction 'inout' for port VDD on tcbn65lp_6lmT1/DFKSND1/design
	does not match expected value 'in' from tcbn65lp_6lmT1/DFKSND1/timing (NDM-032w)
Information: Fixed direction mismatches for block DFKSND1 (LM-054)
Warning: Direction 'inout' for port VSS on tcbn65lp_6lmT1/DFKSND2/design
	does not match expected value 'in' from tcbn65lp_6lmT1/DFKSND2/timing (NDM-032w)
Warning: Direction 'inout' for port VDD on tcbn65lp_6lmT1/DFKSND2/design
	does not match expected value 'in' from tcbn65lp_6lmT1/DFKSND2/timing (NDM-032w)
Information: Fixed direction mismatches for block DFKSND2 (LM-054)
Warning: Direction 'inout' for port VSS on tcbn65lp_6lmT1/DFKSND4/design
	does not match expected value 'in' from tcbn65lp_6lmT1/DFKSND4/timing (NDM-032w)
Warning: Direction 'inout' for port VDD on tcbn65lp_6lmT1/DFKSND4/design
	does not match expected value 'in' from tcbn65lp_6lmT1/DFKSND4/timing (NDM-032w)
Information: Fixed direction mismatches for block DFKSND4 (LM-054)
Warning: Direction 'inout' for port VSS on tcbn65lp_6lmT1/DFNCND1/design
	does not match expected value 'in' from tcbn65lp_6lmT1/DFNCND1/timing (NDM-032w)
Warning: Direction 'inout' for port VDD on tcbn65lp_6lmT1/DFNCND1/design
	does not match expected value 'in' from tcbn65lp_6lmT1/DFNCND1/timing (NDM-032w)
Information: Fixed direction mismatches for block DFNCND1 (LM-054)
Warning: Direction 'inout' for port VSS on tcbn65lp_6lmT1/DFNCND2/design
	does not match expected value 'in' from tcbn65lp_6lmT1/DFNCND2/timing (NDM-032w)
Warning: Direction 'inout' for port VDD on tcbn65lp_6lmT1/DFNCND2/design
	does not match expected value 'in' from tcbn65lp_6lmT1/DFNCND2/timing (NDM-032w)
Information: Fixed direction mismatches for block DFNCND2 (LM-054)
Warning: Direction 'inout' for port VSS on tcbn65lp_6lmT1/DFNCND4/design
	does not match expected value 'in' from tcbn65lp_6lmT1/DFNCND4/timing (NDM-032w)
Warning: Direction 'inout' for port VDD on tcbn65lp_6lmT1/DFNCND4/design
	does not match expected value 'in' from tcbn65lp_6lmT1/DFNCND4/timing (NDM-032w)
Information: Fixed direction mismatches for block DFNCND4 (LM-054)
Warning: Direction 'inout' for port VSS on tcbn65lp_6lmT1/DFNCSND1/design
	does not match expected value 'in' from tcbn65lp_6lmT1/DFNCSND1/timing (NDM-032w)
Warning: Direction 'inout' for port VDD on tcbn65lp_6lmT1/DFNCSND1/design
	does not match expected value 'in' from tcbn65lp_6lmT1/DFNCSND1/timing (NDM-032w)
Information: Fixed direction mismatches for block DFNCSND1 (LM-054)
Warning: Direction 'inout' for port VSS on tcbn65lp_6lmT1/DFNCSND2/design
	does not match expected value 'in' from tcbn65lp_6lmT1/DFNCSND2/timing (NDM-032w)
Warning: Direction 'inout' for port VDD on tcbn65lp_6lmT1/DFNCSND2/design
	does not match expected value 'in' from tcbn65lp_6lmT1/DFNCSND2/timing (NDM-032w)
Information: Fixed direction mismatches for block DFNCSND2 (LM-054)
Warning: Direction 'inout' for port VSS on tcbn65lp_6lmT1/DFNCSND4/design
	does not match expected value 'in' from tcbn65lp_6lmT1/DFNCSND4/timing (NDM-032w)
Warning: Direction 'inout' for port VDD on tcbn65lp_6lmT1/DFNCSND4/design
	does not match expected value 'in' from tcbn65lp_6lmT1/DFNCSND4/timing (NDM-032w)
Information: Fixed direction mismatches for block DFNCSND4 (LM-054)
Warning: Direction 'inout' for port VSS on tcbn65lp_6lmT1/DFND1/design
	does not match expected value 'in' from tcbn65lp_6lmT1/DFND1/timing (NDM-032w)
Warning: Direction 'inout' for port VDD on tcbn65lp_6lmT1/DFND1/design
	does not match expected value 'in' from tcbn65lp_6lmT1/DFND1/timing (NDM-032w)
Information: Fixed direction mismatches for block DFND1 (LM-054)
Warning: Direction 'inout' for port VSS on tcbn65lp_6lmT1/DFND2/design
	does not match expected value 'in' from tcbn65lp_6lmT1/DFND2/timing (NDM-032w)
Warning: Direction 'inout' for port VDD on tcbn65lp_6lmT1/DFND2/design
	does not match expected value 'in' from tcbn65lp_6lmT1/DFND2/timing (NDM-032w)
Information: Fixed direction mismatches for block DFND2 (LM-054)
Warning: Direction 'inout' for port VSS on tcbn65lp_6lmT1/DFND4/design
	does not match expected value 'in' from tcbn65lp_6lmT1/DFND4/timing (NDM-032w)
Warning: Direction 'inout' for port VDD on tcbn65lp_6lmT1/DFND4/design
	does not match expected value 'in' from tcbn65lp_6lmT1/DFND4/timing (NDM-032w)
Information: Fixed direction mismatches for block DFND4 (LM-054)
Warning: Direction 'inout' for port VSS on tcbn65lp_6lmT1/DFNSND1/design
	does not match expected value 'in' from tcbn65lp_6lmT1/DFNSND1/timing (NDM-032w)
Warning: Direction 'inout' for port VDD on tcbn65lp_6lmT1/DFNSND1/design
	does not match expected value 'in' from tcbn65lp_6lmT1/DFNSND1/timing (NDM-032w)
Information: Fixed direction mismatches for block DFNSND1 (LM-054)
Warning: Direction 'inout' for port VSS on tcbn65lp_6lmT1/DFNSND2/design
	does not match expected value 'in' from tcbn65lp_6lmT1/DFNSND2/timing (NDM-032w)
Warning: Direction 'inout' for port VDD on tcbn65lp_6lmT1/DFNSND2/design
	does not match expected value 'in' from tcbn65lp_6lmT1/DFNSND2/timing (NDM-032w)
Information: Fixed direction mismatches for block DFNSND2 (LM-054)
Warning: Direction 'inout' for port VSS on tcbn65lp_6lmT1/DFNSND4/design
	does not match expected value 'in' from tcbn65lp_6lmT1/DFNSND4/timing (NDM-032w)
Warning: Direction 'inout' for port VDD on tcbn65lp_6lmT1/DFNSND4/design
	does not match expected value 'in' from tcbn65lp_6lmT1/DFNSND4/timing (NDM-032w)
Information: Fixed direction mismatches for block DFNSND4 (LM-054)
Warning: Direction 'inout' for port VSS on tcbn65lp_6lmT1/DFQD1/design
	does not match expected value 'in' from tcbn65lp_6lmT1/DFQD1/timing (NDM-032w)
Warning: Direction 'inout' for port VDD on tcbn65lp_6lmT1/DFQD1/design
	does not match expected value 'in' from tcbn65lp_6lmT1/DFQD1/timing (NDM-032w)
Information: Fixed direction mismatches for block DFQD1 (LM-054)
Warning: Direction 'inout' for port VSS on tcbn65lp_6lmT1/DFQD2/design
	does not match expected value 'in' from tcbn65lp_6lmT1/DFQD2/timing (NDM-032w)
Warning: Direction 'inout' for port VDD on tcbn65lp_6lmT1/DFQD2/design
	does not match expected value 'in' from tcbn65lp_6lmT1/DFQD2/timing (NDM-032w)
Information: Fixed direction mismatches for block DFQD2 (LM-054)
Warning: Direction 'inout' for port VSS on tcbn65lp_6lmT1/DFQD4/design
	does not match expected value 'in' from tcbn65lp_6lmT1/DFQD4/timing (NDM-032w)
Warning: Direction 'inout' for port VDD on tcbn65lp_6lmT1/DFQD4/design
	does not match expected value 'in' from tcbn65lp_6lmT1/DFQD4/timing (NDM-032w)
Information: Fixed direction mismatches for block DFQD4 (LM-054)
Warning: Direction 'inout' for port VSS on tcbn65lp_6lmT1/DFSND1/design
	does not match expected value 'in' from tcbn65lp_6lmT1/DFSND1/timing (NDM-032w)
Warning: Direction 'inout' for port VDD on tcbn65lp_6lmT1/DFSND1/design
	does not match expected value 'in' from tcbn65lp_6lmT1/DFSND1/timing (NDM-032w)
Information: Fixed direction mismatches for block DFSND1 (LM-054)
Warning: Direction 'inout' for port VSS on tcbn65lp_6lmT1/DFSND2/design
	does not match expected value 'in' from tcbn65lp_6lmT1/DFSND2/timing (NDM-032w)
Warning: Direction 'inout' for port VDD on tcbn65lp_6lmT1/DFSND2/design
	does not match expected value 'in' from tcbn65lp_6lmT1/DFSND2/timing (NDM-032w)
Information: Fixed direction mismatches for block DFSND2 (LM-054)
Warning: Direction 'inout' for port VSS on tcbn65lp_6lmT1/DFSND4/design
	does not match expected value 'in' from tcbn65lp_6lmT1/DFSND4/timing (NDM-032w)
Warning: Direction 'inout' for port VDD on tcbn65lp_6lmT1/DFSND4/design
	does not match expected value 'in' from tcbn65lp_6lmT1/DFSND4/timing (NDM-032w)
Information: Fixed direction mismatches for block DFSND4 (LM-054)
Warning: Direction 'inout' for port VSS on tcbn65lp_6lmT1/DFSNQD1/design
	does not match expected value 'in' from tcbn65lp_6lmT1/DFSNQD1/timing (NDM-032w)
Warning: Direction 'inout' for port VDD on tcbn65lp_6lmT1/DFSNQD1/design
	does not match expected value 'in' from tcbn65lp_6lmT1/DFSNQD1/timing (NDM-032w)
Information: Fixed direction mismatches for block DFSNQD1 (LM-054)
Warning: Direction 'inout' for port VSS on tcbn65lp_6lmT1/DFSNQD2/design
	does not match expected value 'in' from tcbn65lp_6lmT1/DFSNQD2/timing (NDM-032w)
Warning: Direction 'inout' for port VDD on tcbn65lp_6lmT1/DFSNQD2/design
	does not match expected value 'in' from tcbn65lp_6lmT1/DFSNQD2/timing (NDM-032w)
Information: Fixed direction mismatches for block DFSNQD2 (LM-054)
Warning: Direction 'inout' for port VSS on tcbn65lp_6lmT1/DFSNQD4/design
	does not match expected value 'in' from tcbn65lp_6lmT1/DFSNQD4/timing (NDM-032w)
Warning: Direction 'inout' for port VDD on tcbn65lp_6lmT1/DFSNQD4/design
	does not match expected value 'in' from tcbn65lp_6lmT1/DFSNQD4/timing (NDM-032w)
Information: Fixed direction mismatches for block DFSNQD4 (LM-054)
Warning: Direction 'inout' for port VSS on tcbn65lp_6lmT1/DFXD1/design
	does not match expected value 'in' from tcbn65lp_6lmT1/DFXD1/timing (NDM-032w)
Warning: Direction 'inout' for port VDD on tcbn65lp_6lmT1/DFXD1/design
	does not match expected value 'in' from tcbn65lp_6lmT1/DFXD1/timing (NDM-032w)
Information: Fixed direction mismatches for block DFXD1 (LM-054)
Warning: Direction 'inout' for port VSS on tcbn65lp_6lmT1/DFXD2/design
	does not match expected value 'in' from tcbn65lp_6lmT1/DFXD2/timing (NDM-032w)
Warning: Direction 'inout' for port VDD on tcbn65lp_6lmT1/DFXD2/design
	does not match expected value 'in' from tcbn65lp_6lmT1/DFXD2/timing (NDM-032w)
Information: Fixed direction mismatches for block DFXD2 (LM-054)
Warning: Direction 'inout' for port VSS on tcbn65lp_6lmT1/DFXD4/design
	does not match expected value 'in' from tcbn65lp_6lmT1/DFXD4/timing (NDM-032w)
Warning: Direction 'inout' for port VDD on tcbn65lp_6lmT1/DFXD4/design
	does not match expected value 'in' from tcbn65lp_6lmT1/DFXD4/timing (NDM-032w)
Information: Fixed direction mismatches for block DFXD4 (LM-054)
Warning: Direction 'inout' for port VSS on tcbn65lp_6lmT1/DFXQD1/design
	does not match expected value 'in' from tcbn65lp_6lmT1/DFXQD1/timing (NDM-032w)
Warning: Direction 'inout' for port VDD on tcbn65lp_6lmT1/DFXQD1/design
	does not match expected value 'in' from tcbn65lp_6lmT1/DFXQD1/timing (NDM-032w)
Information: Fixed direction mismatches for block DFXQD1 (LM-054)
Warning: Direction 'inout' for port VSS on tcbn65lp_6lmT1/DFXQD2/design
	does not match expected value 'in' from tcbn65lp_6lmT1/DFXQD2/timing (NDM-032w)
Warning: Direction 'inout' for port VDD on tcbn65lp_6lmT1/DFXQD2/design
	does not match expected value 'in' from tcbn65lp_6lmT1/DFXQD2/timing (NDM-032w)
Information: Fixed direction mismatches for block DFXQD2 (LM-054)
Warning: Direction 'inout' for port VSS on tcbn65lp_6lmT1/DFXQD4/design
	does not match expected value 'in' from tcbn65lp_6lmT1/DFXQD4/timing (NDM-032w)
Warning: Direction 'inout' for port VDD on tcbn65lp_6lmT1/DFXQD4/design
	does not match expected value 'in' from tcbn65lp_6lmT1/DFXQD4/timing (NDM-032w)
Information: Fixed direction mismatches for block DFXQD4 (LM-054)
Warning: Direction 'inout' for port VSS on tcbn65lp_6lmT1/EDFCND1/design
	does not match expected value 'in' from tcbn65lp_6lmT1/EDFCND1/timing (NDM-032w)
Warning: Direction 'inout' for port VDD on tcbn65lp_6lmT1/EDFCND1/design
	does not match expected value 'in' from tcbn65lp_6lmT1/EDFCND1/timing (NDM-032w)
Information: Fixed direction mismatches for block EDFCND1 (LM-054)
Warning: Direction 'inout' for port VSS on tcbn65lp_6lmT1/EDFCND2/design
	does not match expected value 'in' from tcbn65lp_6lmT1/EDFCND2/timing (NDM-032w)
Warning: Direction 'inout' for port VDD on tcbn65lp_6lmT1/EDFCND2/design
	does not match expected value 'in' from tcbn65lp_6lmT1/EDFCND2/timing (NDM-032w)
Information: Fixed direction mismatches for block EDFCND2 (LM-054)
Warning: Direction 'inout' for port VSS on tcbn65lp_6lmT1/EDFCND4/design
	does not match expected value 'in' from tcbn65lp_6lmT1/EDFCND4/timing (NDM-032w)
Warning: Direction 'inout' for port VDD on tcbn65lp_6lmT1/EDFCND4/design
	does not match expected value 'in' from tcbn65lp_6lmT1/EDFCND4/timing (NDM-032w)
Information: Fixed direction mismatches for block EDFCND4 (LM-054)
Warning: Direction 'inout' for port VSS on tcbn65lp_6lmT1/EDFCNQD1/design
	does not match expected value 'in' from tcbn65lp_6lmT1/EDFCNQD1/timing (NDM-032w)
Warning: Direction 'inout' for port VDD on tcbn65lp_6lmT1/EDFCNQD1/design
	does not match expected value 'in' from tcbn65lp_6lmT1/EDFCNQD1/timing (NDM-032w)
Information: Fixed direction mismatches for block EDFCNQD1 (LM-054)
Warning: Direction 'inout' for port VSS on tcbn65lp_6lmT1/EDFCNQD2/design
	does not match expected value 'in' from tcbn65lp_6lmT1/EDFCNQD2/timing (NDM-032w)
Warning: Direction 'inout' for port VDD on tcbn65lp_6lmT1/EDFCNQD2/design
	does not match expected value 'in' from tcbn65lp_6lmT1/EDFCNQD2/timing (NDM-032w)
Information: Fixed direction mismatches for block EDFCNQD2 (LM-054)
Warning: Direction 'inout' for port VSS on tcbn65lp_6lmT1/EDFCNQD4/design
	does not match expected value 'in' from tcbn65lp_6lmT1/EDFCNQD4/timing (NDM-032w)
Warning: Direction 'inout' for port VDD on tcbn65lp_6lmT1/EDFCNQD4/design
	does not match expected value 'in' from tcbn65lp_6lmT1/EDFCNQD4/timing (NDM-032w)
Information: Fixed direction mismatches for block EDFCNQD4 (LM-054)
Warning: Direction 'inout' for port VSS on tcbn65lp_6lmT1/EDFD1/design
	does not match expected value 'in' from tcbn65lp_6lmT1/EDFD1/timing (NDM-032w)
Warning: Direction 'inout' for port VDD on tcbn65lp_6lmT1/EDFD1/design
	does not match expected value 'in' from tcbn65lp_6lmT1/EDFD1/timing (NDM-032w)
Information: Fixed direction mismatches for block EDFD1 (LM-054)
Warning: Direction 'inout' for port VSS on tcbn65lp_6lmT1/EDFD2/design
	does not match expected value 'in' from tcbn65lp_6lmT1/EDFD2/timing (NDM-032w)
Warning: Direction 'inout' for port VDD on tcbn65lp_6lmT1/EDFD2/design
	does not match expected value 'in' from tcbn65lp_6lmT1/EDFD2/timing (NDM-032w)
Information: Fixed direction mismatches for block EDFD2 (LM-054)
Warning: Direction 'inout' for port VSS on tcbn65lp_6lmT1/EDFD4/design
	does not match expected value 'in' from tcbn65lp_6lmT1/EDFD4/timing (NDM-032w)
Warning: Direction 'inout' for port VDD on tcbn65lp_6lmT1/EDFD4/design
	does not match expected value 'in' from tcbn65lp_6lmT1/EDFD4/timing (NDM-032w)
Information: Fixed direction mismatches for block EDFD4 (LM-054)
Warning: Direction 'inout' for port VSS on tcbn65lp_6lmT1/EDFKCND1/design
	does not match expected value 'in' from tcbn65lp_6lmT1/EDFKCND1/timing (NDM-032w)
Warning: Direction 'inout' for port VDD on tcbn65lp_6lmT1/EDFKCND1/design
	does not match expected value 'in' from tcbn65lp_6lmT1/EDFKCND1/timing (NDM-032w)
Information: Fixed direction mismatches for block EDFKCND1 (LM-054)
Warning: Direction 'inout' for port VSS on tcbn65lp_6lmT1/EDFKCND2/design
	does not match expected value 'in' from tcbn65lp_6lmT1/EDFKCND2/timing (NDM-032w)
Warning: Direction 'inout' for port VDD on tcbn65lp_6lmT1/EDFKCND2/design
	does not match expected value 'in' from tcbn65lp_6lmT1/EDFKCND2/timing (NDM-032w)
Information: Fixed direction mismatches for block EDFKCND2 (LM-054)
Warning: Direction 'inout' for port VSS on tcbn65lp_6lmT1/EDFKCND4/design
	does not match expected value 'in' from tcbn65lp_6lmT1/EDFKCND4/timing (NDM-032w)
Warning: Direction 'inout' for port VDD on tcbn65lp_6lmT1/EDFKCND4/design
	does not match expected value 'in' from tcbn65lp_6lmT1/EDFKCND4/timing (NDM-032w)
Information: Fixed direction mismatches for block EDFKCND4 (LM-054)
Warning: Direction 'inout' for port VSS on tcbn65lp_6lmT1/EDFKCNQD1/design
	does not match expected value 'in' from tcbn65lp_6lmT1/EDFKCNQD1/timing (NDM-032w)
Warning: Direction 'inout' for port VDD on tcbn65lp_6lmT1/EDFKCNQD1/design
	does not match expected value 'in' from tcbn65lp_6lmT1/EDFKCNQD1/timing (NDM-032w)
Information: Fixed direction mismatches for block EDFKCNQD1 (LM-054)
Warning: Direction 'inout' for port VSS on tcbn65lp_6lmT1/EDFKCNQD2/design
	does not match expected value 'in' from tcbn65lp_6lmT1/EDFKCNQD2/timing (NDM-032w)
Warning: Direction 'inout' for port VDD on tcbn65lp_6lmT1/EDFKCNQD2/design
	does not match expected value 'in' from tcbn65lp_6lmT1/EDFKCNQD2/timing (NDM-032w)
Information: Fixed direction mismatches for block EDFKCNQD2 (LM-054)
Warning: Direction 'inout' for port VSS on tcbn65lp_6lmT1/EDFKCNQD4/design
	does not match expected value 'in' from tcbn65lp_6lmT1/EDFKCNQD4/timing (NDM-032w)
Warning: Direction 'inout' for port VDD on tcbn65lp_6lmT1/EDFKCNQD4/design
	does not match expected value 'in' from tcbn65lp_6lmT1/EDFKCNQD4/timing (NDM-032w)
Information: Fixed direction mismatches for block EDFKCNQD4 (LM-054)
Warning: Direction 'inout' for port VSS on tcbn65lp_6lmT1/EDFQD1/design
	does not match expected value 'in' from tcbn65lp_6lmT1/EDFQD1/timing (NDM-032w)
Warning: Direction 'inout' for port VDD on tcbn65lp_6lmT1/EDFQD1/design
	does not match expected value 'in' from tcbn65lp_6lmT1/EDFQD1/timing (NDM-032w)
Information: Fixed direction mismatches for block EDFQD1 (LM-054)
Warning: Direction 'inout' for port VSS on tcbn65lp_6lmT1/EDFQD2/design
	does not match expected value 'in' from tcbn65lp_6lmT1/EDFQD2/timing (NDM-032w)
Warning: Direction 'inout' for port VDD on tcbn65lp_6lmT1/EDFQD2/design
	does not match expected value 'in' from tcbn65lp_6lmT1/EDFQD2/timing (NDM-032w)
Information: Fixed direction mismatches for block EDFQD2 (LM-054)
Warning: Direction 'inout' for port VSS on tcbn65lp_6lmT1/EDFQD4/design
	does not match expected value 'in' from tcbn65lp_6lmT1/EDFQD4/timing (NDM-032w)
Warning: Direction 'inout' for port VDD on tcbn65lp_6lmT1/EDFQD4/design
	does not match expected value 'in' from tcbn65lp_6lmT1/EDFQD4/timing (NDM-032w)
Information: Fixed direction mismatches for block EDFQD4 (LM-054)
Warning: Direction 'inout' for port VSS on tcbn65lp_6lmT1/FA1D0/design
	does not match expected value 'in' from tcbn65lp_6lmT1/FA1D0/timing (NDM-032w)
Warning: Direction 'inout' for port VDD on tcbn65lp_6lmT1/FA1D0/design
	does not match expected value 'in' from tcbn65lp_6lmT1/FA1D0/timing (NDM-032w)
Information: Fixed direction mismatches for block FA1D0 (LM-054)
Warning: Direction 'inout' for port VSS on tcbn65lp_6lmT1/FA1D1/design
	does not match expected value 'in' from tcbn65lp_6lmT1/FA1D1/timing (NDM-032w)
Warning: Direction 'inout' for port VDD on tcbn65lp_6lmT1/FA1D1/design
	does not match expected value 'in' from tcbn65lp_6lmT1/FA1D1/timing (NDM-032w)
Information: Fixed direction mismatches for block FA1D1 (LM-054)
Warning: Direction 'inout' for port VSS on tcbn65lp_6lmT1/FA1D2/design
	does not match expected value 'in' from tcbn65lp_6lmT1/FA1D2/timing (NDM-032w)
Warning: Direction 'inout' for port VDD on tcbn65lp_6lmT1/FA1D2/design
	does not match expected value 'in' from tcbn65lp_6lmT1/FA1D2/timing (NDM-032w)
Information: Fixed direction mismatches for block FA1D2 (LM-054)
Warning: Direction 'inout' for port VSS on tcbn65lp_6lmT1/FA1D4/design
	does not match expected value 'in' from tcbn65lp_6lmT1/FA1D4/timing (NDM-032w)
Warning: Direction 'inout' for port VDD on tcbn65lp_6lmT1/FA1D4/design
	does not match expected value 'in' from tcbn65lp_6lmT1/FA1D4/timing (NDM-032w)
Information: Fixed direction mismatches for block FA1D4 (LM-054)
Warning: Direction 'inout' for port VSS on tcbn65lp_6lmT1/FCICIND1/design
	does not match expected value 'in' from tcbn65lp_6lmT1/FCICIND1/timing (NDM-032w)
Warning: Direction 'inout' for port VDD on tcbn65lp_6lmT1/FCICIND1/design
	does not match expected value 'in' from tcbn65lp_6lmT1/FCICIND1/timing (NDM-032w)
Information: Fixed direction mismatches for block FCICIND1 (LM-054)
Warning: Direction 'inout' for port VSS on tcbn65lp_6lmT1/FCICIND2/design
	does not match expected value 'in' from tcbn65lp_6lmT1/FCICIND2/timing (NDM-032w)
Warning: Direction 'inout' for port VDD on tcbn65lp_6lmT1/FCICIND2/design
	does not match expected value 'in' from tcbn65lp_6lmT1/FCICIND2/timing (NDM-032w)
Information: Fixed direction mismatches for block FCICIND2 (LM-054)
Warning: Direction 'inout' for port VSS on tcbn65lp_6lmT1/FCICOND1/design
	does not match expected value 'in' from tcbn65lp_6lmT1/FCICOND1/timing (NDM-032w)
Warning: Direction 'inout' for port VDD on tcbn65lp_6lmT1/FCICOND1/design
	does not match expected value 'in' from tcbn65lp_6lmT1/FCICOND1/timing (NDM-032w)
Information: Fixed direction mismatches for block FCICOND1 (LM-054)
Warning: Direction 'inout' for port VSS on tcbn65lp_6lmT1/FCICOND2/design
	does not match expected value 'in' from tcbn65lp_6lmT1/FCICOND2/timing (NDM-032w)
Warning: Direction 'inout' for port VDD on tcbn65lp_6lmT1/FCICOND2/design
	does not match expected value 'in' from tcbn65lp_6lmT1/FCICOND2/timing (NDM-032w)
Information: Fixed direction mismatches for block FCICOND2 (LM-054)
Warning: Direction 'inout' for port VSS on tcbn65lp_6lmT1/FCSICIND1/design
	does not match expected value 'in' from tcbn65lp_6lmT1/FCSICIND1/timing (NDM-032w)
Warning: Direction 'inout' for port VDD on tcbn65lp_6lmT1/FCSICIND1/design
	does not match expected value 'in' from tcbn65lp_6lmT1/FCSICIND1/timing (NDM-032w)
Information: Fixed direction mismatches for block FCSICIND1 (LM-054)
Warning: Direction 'inout' for port VSS on tcbn65lp_6lmT1/FCSICIND2/design
	does not match expected value 'in' from tcbn65lp_6lmT1/FCSICIND2/timing (NDM-032w)
Warning: Direction 'inout' for port VDD on tcbn65lp_6lmT1/FCSICIND2/design
	does not match expected value 'in' from tcbn65lp_6lmT1/FCSICIND2/timing (NDM-032w)
Information: Fixed direction mismatches for block FCSICIND2 (LM-054)
Warning: Direction 'inout' for port VSS on tcbn65lp_6lmT1/FCSICOND1/design
	does not match expected value 'in' from tcbn65lp_6lmT1/FCSICOND1/timing (NDM-032w)
Warning: Direction 'inout' for port VDD on tcbn65lp_6lmT1/FCSICOND1/design
	does not match expected value 'in' from tcbn65lp_6lmT1/FCSICOND1/timing (NDM-032w)
Information: Fixed direction mismatches for block FCSICOND1 (LM-054)
Warning: Direction 'inout' for port VSS on tcbn65lp_6lmT1/FCSICOND2/design
	does not match expected value 'in' from tcbn65lp_6lmT1/FCSICOND2/timing (NDM-032w)
Warning: Direction 'inout' for port VDD on tcbn65lp_6lmT1/FCSICOND2/design
	does not match expected value 'in' from tcbn65lp_6lmT1/FCSICOND2/timing (NDM-032w)
Information: Fixed direction mismatches for block FCSICOND2 (LM-054)
Warning: Direction 'inout' for port VSS on tcbn65lp_6lmT1/FICIND1/design
	does not match expected value 'in' from tcbn65lp_6lmT1/FICIND1/timing (NDM-032w)
Warning: Direction 'inout' for port VDD on tcbn65lp_6lmT1/FICIND1/design
	does not match expected value 'in' from tcbn65lp_6lmT1/FICIND1/timing (NDM-032w)
Information: Fixed direction mismatches for block FICIND1 (LM-054)
Warning: Direction 'inout' for port VSS on tcbn65lp_6lmT1/FICIND2/design
	does not match expected value 'in' from tcbn65lp_6lmT1/FICIND2/timing (NDM-032w)
Warning: Direction 'inout' for port VDD on tcbn65lp_6lmT1/FICIND2/design
	does not match expected value 'in' from tcbn65lp_6lmT1/FICIND2/timing (NDM-032w)
Information: Fixed direction mismatches for block FICIND2 (LM-054)
Warning: Direction 'inout' for port VSS on tcbn65lp_6lmT1/FICOND1/design
	does not match expected value 'in' from tcbn65lp_6lmT1/FICOND1/timing (NDM-032w)
Warning: Direction 'inout' for port VDD on tcbn65lp_6lmT1/FICOND1/design
	does not match expected value 'in' from tcbn65lp_6lmT1/FICOND1/timing (NDM-032w)
Information: Fixed direction mismatches for block FICOND1 (LM-054)
Warning: Direction 'inout' for port VSS on tcbn65lp_6lmT1/FICOND2/design
	does not match expected value 'in' from tcbn65lp_6lmT1/FICOND2/timing (NDM-032w)
Warning: Direction 'inout' for port VDD on tcbn65lp_6lmT1/FICOND2/design
	does not match expected value 'in' from tcbn65lp_6lmT1/FICOND2/timing (NDM-032w)
Information: Fixed direction mismatches for block FICOND2 (LM-054)
Warning: Direction 'inout' for port VSS on tcbn65lp_6lmT1/FIICOND1/design
	does not match expected value 'in' from tcbn65lp_6lmT1/FIICOND1/timing (NDM-032w)
Warning: Direction 'inout' for port VDD on tcbn65lp_6lmT1/FIICOND1/design
	does not match expected value 'in' from tcbn65lp_6lmT1/FIICOND1/timing (NDM-032w)
Information: Fixed direction mismatches for block FIICOND1 (LM-054)
Warning: Direction 'inout' for port VSS on tcbn65lp_6lmT1/FIICOND2/design
	does not match expected value 'in' from tcbn65lp_6lmT1/FIICOND2/timing (NDM-032w)
Warning: Direction 'inout' for port VDD on tcbn65lp_6lmT1/FIICOND2/design
	does not match expected value 'in' from tcbn65lp_6lmT1/FIICOND2/timing (NDM-032w)
Information: Fixed direction mismatches for block FIICOND2 (LM-054)
Warning: Direction 'inout' for port VSS on tcbn65lp_6lmT1/GAN2D1/design
	does not match expected value 'in' from tcbn65lp_6lmT1/GAN2D1/timing (NDM-032w)
Warning: Direction 'inout' for port VDD on tcbn65lp_6lmT1/GAN2D1/design
	does not match expected value 'in' from tcbn65lp_6lmT1/GAN2D1/timing (NDM-032w)
Information: Fixed direction mismatches for block GAN2D1 (LM-054)
Warning: Direction 'inout' for port VSS on tcbn65lp_6lmT1/GAN2D2/design
	does not match expected value 'in' from tcbn65lp_6lmT1/GAN2D2/timing (NDM-032w)
Warning: Direction 'inout' for port VDD on tcbn65lp_6lmT1/GAN2D2/design
	does not match expected value 'in' from tcbn65lp_6lmT1/GAN2D2/timing (NDM-032w)
Information: Fixed direction mismatches for block GAN2D2 (LM-054)
Warning: Direction 'inout' for port VSS on tcbn65lp_6lmT1/GAOI21D1/design
	does not match expected value 'in' from tcbn65lp_6lmT1/GAOI21D1/timing (NDM-032w)
Warning: Direction 'inout' for port VDD on tcbn65lp_6lmT1/GAOI21D1/design
	does not match expected value 'in' from tcbn65lp_6lmT1/GAOI21D1/timing (NDM-032w)
Information: Fixed direction mismatches for block GAOI21D1 (LM-054)
Warning: Direction 'inout' for port VSS on tcbn65lp_6lmT1/GAOI21D2/design
	does not match expected value 'in' from tcbn65lp_6lmT1/GAOI21D2/timing (NDM-032w)
Warning: Direction 'inout' for port VDD on tcbn65lp_6lmT1/GAOI21D2/design
	does not match expected value 'in' from tcbn65lp_6lmT1/GAOI21D2/timing (NDM-032w)
Information: Fixed direction mismatches for block GAOI21D2 (LM-054)
Warning: Direction 'inout' for port VSS on tcbn65lp_6lmT1/GAOI22D1/design
	does not match expected value 'in' from tcbn65lp_6lmT1/GAOI22D1/timing (NDM-032w)
Warning: Direction 'inout' for port VDD on tcbn65lp_6lmT1/GAOI22D1/design
	does not match expected value 'in' from tcbn65lp_6lmT1/GAOI22D1/timing (NDM-032w)
Information: Fixed direction mismatches for block GAOI22D1 (LM-054)
Warning: Direction 'inout' for port VSS on tcbn65lp_6lmT1/GBUFFD1/design
	does not match expected value 'in' from tcbn65lp_6lmT1/GBUFFD1/timing (NDM-032w)
Warning: Direction 'inout' for port VDD on tcbn65lp_6lmT1/GBUFFD1/design
	does not match expected value 'in' from tcbn65lp_6lmT1/GBUFFD1/timing (NDM-032w)
Information: Fixed direction mismatches for block GBUFFD1 (LM-054)
Warning: Direction 'inout' for port VSS on tcbn65lp_6lmT1/GBUFFD2/design
	does not match expected value 'in' from tcbn65lp_6lmT1/GBUFFD2/timing (NDM-032w)
Warning: Direction 'inout' for port VDD on tcbn65lp_6lmT1/GBUFFD2/design
	does not match expected value 'in' from tcbn65lp_6lmT1/GBUFFD2/timing (NDM-032w)
Information: Fixed direction mismatches for block GBUFFD2 (LM-054)
Warning: Direction 'inout' for port VSS on tcbn65lp_6lmT1/GBUFFD3/design
	does not match expected value 'in' from tcbn65lp_6lmT1/GBUFFD3/timing (NDM-032w)
Warning: Direction 'inout' for port VDD on tcbn65lp_6lmT1/GBUFFD3/design
	does not match expected value 'in' from tcbn65lp_6lmT1/GBUFFD3/timing (NDM-032w)
Information: Fixed direction mismatches for block GBUFFD3 (LM-054)
Warning: Direction 'inout' for port VSS on tcbn65lp_6lmT1/GBUFFD4/design
	does not match expected value 'in' from tcbn65lp_6lmT1/GBUFFD4/timing (NDM-032w)
Warning: Direction 'inout' for port VDD on tcbn65lp_6lmT1/GBUFFD4/design
	does not match expected value 'in' from tcbn65lp_6lmT1/GBUFFD4/timing (NDM-032w)
Information: Fixed direction mismatches for block GBUFFD4 (LM-054)
Warning: Direction 'inout' for port VSS on tcbn65lp_6lmT1/GBUFFD8/design
	does not match expected value 'in' from tcbn65lp_6lmT1/GBUFFD8/timing (NDM-032w)
Warning: Direction 'inout' for port VDD on tcbn65lp_6lmT1/GBUFFD8/design
	does not match expected value 'in' from tcbn65lp_6lmT1/GBUFFD8/timing (NDM-032w)
Information: Fixed direction mismatches for block GBUFFD8 (LM-054)
Warning: Direction 'inout' for port VSS on tcbn65lp_6lmT1/GDCAP/design
	does not match expected value 'in' from tcbn65lp_6lmT1/GDCAP/timing (NDM-032w)
Warning: Direction 'inout' for port VDD on tcbn65lp_6lmT1/GDCAP/design
	does not match expected value 'in' from tcbn65lp_6lmT1/GDCAP/timing (NDM-032w)
Information: Fixed direction mismatches for block GDCAP (LM-054)
Warning: Direction 'inout' for port VSS on tcbn65lp_6lmT1/GDCAP10/design
	does not match expected value 'in' from tcbn65lp_6lmT1/GDCAP10/timing (NDM-032w)
Warning: Direction 'inout' for port VDD on tcbn65lp_6lmT1/GDCAP10/design
	does not match expected value 'in' from tcbn65lp_6lmT1/GDCAP10/timing (NDM-032w)
Information: Fixed direction mismatches for block GDCAP10 (LM-054)
Warning: Direction 'inout' for port VSS on tcbn65lp_6lmT1/GDCAP2/design
	does not match expected value 'in' from tcbn65lp_6lmT1/GDCAP2/timing (NDM-032w)
Warning: Direction 'inout' for port VDD on tcbn65lp_6lmT1/GDCAP2/design
	does not match expected value 'in' from tcbn65lp_6lmT1/GDCAP2/timing (NDM-032w)
Information: Fixed direction mismatches for block GDCAP2 (LM-054)
Warning: Direction 'inout' for port VSS on tcbn65lp_6lmT1/GDCAP3/design
	does not match expected value 'in' from tcbn65lp_6lmT1/GDCAP3/timing (NDM-032w)
Warning: Direction 'inout' for port VDD on tcbn65lp_6lmT1/GDCAP3/design
	does not match expected value 'in' from tcbn65lp_6lmT1/GDCAP3/timing (NDM-032w)
Information: Fixed direction mismatches for block GDCAP3 (LM-054)
Warning: Direction 'inout' for port VSS on tcbn65lp_6lmT1/GDCAP4/design
	does not match expected value 'in' from tcbn65lp_6lmT1/GDCAP4/timing (NDM-032w)
Warning: Direction 'inout' for port VDD on tcbn65lp_6lmT1/GDCAP4/design
	does not match expected value 'in' from tcbn65lp_6lmT1/GDCAP4/timing (NDM-032w)
Information: Fixed direction mismatches for block GDCAP4 (LM-054)
Warning: Direction 'inout' for port VSS on tcbn65lp_6lmT1/GDFCNQD1/design
	does not match expected value 'in' from tcbn65lp_6lmT1/GDFCNQD1/timing (NDM-032w)
Warning: Direction 'inout' for port VDD on tcbn65lp_6lmT1/GDFCNQD1/design
	does not match expected value 'in' from tcbn65lp_6lmT1/GDFCNQD1/timing (NDM-032w)
Information: Fixed direction mismatches for block GDFCNQD1 (LM-054)
Warning: Direction 'inout' for port VSS on tcbn65lp_6lmT1/GDFQD1/design
	does not match expected value 'in' from tcbn65lp_6lmT1/GDFQD1/timing (NDM-032w)
Warning: Direction 'inout' for port VDD on tcbn65lp_6lmT1/GDFQD1/design
	does not match expected value 'in' from tcbn65lp_6lmT1/GDFQD1/timing (NDM-032w)
Information: Fixed direction mismatches for block GDFQD1 (LM-054)
Warning: Direction 'inout' for port VSS on tcbn65lp_6lmT1/GFILL/design
	does not match expected value 'in' from tcbn65lp_6lmT1/GFILL/timing (NDM-032w)
Warning: Direction 'inout' for port VDD on tcbn65lp_6lmT1/GFILL/design
	does not match expected value 'in' from tcbn65lp_6lmT1/GFILL/timing (NDM-032w)
Information: Fixed direction mismatches for block GFILL (LM-054)
Warning: Direction 'inout' for port VSS on tcbn65lp_6lmT1/GFILL10/design
	does not match expected value 'in' from tcbn65lp_6lmT1/GFILL10/timing (NDM-032w)
Warning: Direction 'inout' for port VDD on tcbn65lp_6lmT1/GFILL10/design
	does not match expected value 'in' from tcbn65lp_6lmT1/GFILL10/timing (NDM-032w)
Information: Fixed direction mismatches for block GFILL10 (LM-054)
Warning: Direction 'inout' for port VSS on tcbn65lp_6lmT1/GFILL2/design
	does not match expected value 'in' from tcbn65lp_6lmT1/GFILL2/timing (NDM-032w)
Warning: Direction 'inout' for port VDD on tcbn65lp_6lmT1/GFILL2/design
	does not match expected value 'in' from tcbn65lp_6lmT1/GFILL2/timing (NDM-032w)
Information: Fixed direction mismatches for block GFILL2 (LM-054)
Warning: Direction 'inout' for port VSS on tcbn65lp_6lmT1/GFILL3/design
	does not match expected value 'in' from tcbn65lp_6lmT1/GFILL3/timing (NDM-032w)
Warning: Direction 'inout' for port VDD on tcbn65lp_6lmT1/GFILL3/design
	does not match expected value 'in' from tcbn65lp_6lmT1/GFILL3/timing (NDM-032w)
Information: Fixed direction mismatches for block GFILL3 (LM-054)
Warning: Direction 'inout' for port VSS on tcbn65lp_6lmT1/GFILL4/design
	does not match expected value 'in' from tcbn65lp_6lmT1/GFILL4/timing (NDM-032w)
Warning: Direction 'inout' for port VDD on tcbn65lp_6lmT1/GFILL4/design
	does not match expected value 'in' from tcbn65lp_6lmT1/GFILL4/timing (NDM-032w)
Information: Fixed direction mismatches for block GFILL4 (LM-054)
Warning: Direction 'inout' for port VSS on tcbn65lp_6lmT1/GINVD1/design
	does not match expected value 'in' from tcbn65lp_6lmT1/GINVD1/timing (NDM-032w)
Warning: Direction 'inout' for port VDD on tcbn65lp_6lmT1/GINVD1/design
	does not match expected value 'in' from tcbn65lp_6lmT1/GINVD1/timing (NDM-032w)
Information: Fixed direction mismatches for block GINVD1 (LM-054)
Warning: Direction 'inout' for port VSS on tcbn65lp_6lmT1/GINVD2/design
	does not match expected value 'in' from tcbn65lp_6lmT1/GINVD2/timing (NDM-032w)
Warning: Direction 'inout' for port VDD on tcbn65lp_6lmT1/GINVD2/design
	does not match expected value 'in' from tcbn65lp_6lmT1/GINVD2/timing (NDM-032w)
Information: Fixed direction mismatches for block GINVD2 (LM-054)
Warning: Direction 'inout' for port VSS on tcbn65lp_6lmT1/GINVD3/design
	does not match expected value 'in' from tcbn65lp_6lmT1/GINVD3/timing (NDM-032w)
Warning: Direction 'inout' for port VDD on tcbn65lp_6lmT1/GINVD3/design
	does not match expected value 'in' from tcbn65lp_6lmT1/GINVD3/timing (NDM-032w)
Information: Fixed direction mismatches for block GINVD3 (LM-054)
Warning: Direction 'inout' for port VSS on tcbn65lp_6lmT1/GINVD4/design
	does not match expected value 'in' from tcbn65lp_6lmT1/GINVD4/timing (NDM-032w)
Warning: Direction 'inout' for port VDD on tcbn65lp_6lmT1/GINVD4/design
	does not match expected value 'in' from tcbn65lp_6lmT1/GINVD4/timing (NDM-032w)
Information: Fixed direction mismatches for block GINVD4 (LM-054)
Warning: Direction 'inout' for port VSS on tcbn65lp_6lmT1/GINVD8/design
	does not match expected value 'in' from tcbn65lp_6lmT1/GINVD8/timing (NDM-032w)
Warning: Direction 'inout' for port VDD on tcbn65lp_6lmT1/GINVD8/design
	does not match expected value 'in' from tcbn65lp_6lmT1/GINVD8/timing (NDM-032w)
Information: Fixed direction mismatches for block GINVD8 (LM-054)
Warning: Direction 'inout' for port VSS on tcbn65lp_6lmT1/GMUX2D1/design
	does not match expected value 'in' from tcbn65lp_6lmT1/GMUX2D1/timing (NDM-032w)
Warning: Direction 'inout' for port VDD on tcbn65lp_6lmT1/GMUX2D1/design
	does not match expected value 'in' from tcbn65lp_6lmT1/GMUX2D1/timing (NDM-032w)
Information: Fixed direction mismatches for block GMUX2D1 (LM-054)
Warning: Direction 'inout' for port VSS on tcbn65lp_6lmT1/GMUX2D2/design
	does not match expected value 'in' from tcbn65lp_6lmT1/GMUX2D2/timing (NDM-032w)
Warning: Direction 'inout' for port VDD on tcbn65lp_6lmT1/GMUX2D2/design
	does not match expected value 'in' from tcbn65lp_6lmT1/GMUX2D2/timing (NDM-032w)
Information: Fixed direction mismatches for block GMUX2D2 (LM-054)
Warning: Direction 'inout' for port VSS on tcbn65lp_6lmT1/GMUX2ND1/design
	does not match expected value 'in' from tcbn65lp_6lmT1/GMUX2ND1/timing (NDM-032w)
Warning: Direction 'inout' for port VDD on tcbn65lp_6lmT1/GMUX2ND1/design
	does not match expected value 'in' from tcbn65lp_6lmT1/GMUX2ND1/timing (NDM-032w)
Information: Fixed direction mismatches for block GMUX2ND1 (LM-054)
Warning: Direction 'inout' for port VSS on tcbn65lp_6lmT1/GMUX2ND2/design
	does not match expected value 'in' from tcbn65lp_6lmT1/GMUX2ND2/timing (NDM-032w)
Warning: Direction 'inout' for port VDD on tcbn65lp_6lmT1/GMUX2ND2/design
	does not match expected value 'in' from tcbn65lp_6lmT1/GMUX2ND2/timing (NDM-032w)
Information: Fixed direction mismatches for block GMUX2ND2 (LM-054)
Warning: Direction 'inout' for port VSS on tcbn65lp_6lmT1/GND2D1/design
	does not match expected value 'in' from tcbn65lp_6lmT1/GND2D1/timing (NDM-032w)
Warning: Direction 'inout' for port VDD on tcbn65lp_6lmT1/GND2D1/design
	does not match expected value 'in' from tcbn65lp_6lmT1/GND2D1/timing (NDM-032w)
Information: Fixed direction mismatches for block GND2D1 (LM-054)
Warning: Direction 'inout' for port VSS on tcbn65lp_6lmT1/GND2D2/design
	does not match expected value 'in' from tcbn65lp_6lmT1/GND2D2/timing (NDM-032w)
Warning: Direction 'inout' for port VDD on tcbn65lp_6lmT1/GND2D2/design
	does not match expected value 'in' from tcbn65lp_6lmT1/GND2D2/timing (NDM-032w)
Information: Fixed direction mismatches for block GND2D2 (LM-054)
Warning: Direction 'inout' for port VSS on tcbn65lp_6lmT1/GND2D3/design
	does not match expected value 'in' from tcbn65lp_6lmT1/GND2D3/timing (NDM-032w)
Warning: Direction 'inout' for port VDD on tcbn65lp_6lmT1/GND2D3/design
	does not match expected value 'in' from tcbn65lp_6lmT1/GND2D3/timing (NDM-032w)
Information: Fixed direction mismatches for block GND2D3 (LM-054)
Warning: Direction 'inout' for port VSS on tcbn65lp_6lmT1/GND2D4/design
	does not match expected value 'in' from tcbn65lp_6lmT1/GND2D4/timing (NDM-032w)
Warning: Direction 'inout' for port VDD on tcbn65lp_6lmT1/GND2D4/design
	does not match expected value 'in' from tcbn65lp_6lmT1/GND2D4/timing (NDM-032w)
Information: Fixed direction mismatches for block GND2D4 (LM-054)
Warning: Direction 'inout' for port VSS on tcbn65lp_6lmT1/GND3D1/design
	does not match expected value 'in' from tcbn65lp_6lmT1/GND3D1/timing (NDM-032w)
Warning: Direction 'inout' for port VDD on tcbn65lp_6lmT1/GND3D1/design
	does not match expected value 'in' from tcbn65lp_6lmT1/GND3D1/timing (NDM-032w)
Information: Fixed direction mismatches for block GND3D1 (LM-054)
Warning: Direction 'inout' for port VSS on tcbn65lp_6lmT1/GND3D2/design
	does not match expected value 'in' from tcbn65lp_6lmT1/GND3D2/timing (NDM-032w)
Warning: Direction 'inout' for port VDD on tcbn65lp_6lmT1/GND3D2/design
	does not match expected value 'in' from tcbn65lp_6lmT1/GND3D2/timing (NDM-032w)
Information: Fixed direction mismatches for block GND3D2 (LM-054)
Warning: Direction 'inout' for port VSS on tcbn65lp_6lmT1/GNR2D1/design
	does not match expected value 'in' from tcbn65lp_6lmT1/GNR2D1/timing (NDM-032w)
Warning: Direction 'inout' for port VDD on tcbn65lp_6lmT1/GNR2D1/design
	does not match expected value 'in' from tcbn65lp_6lmT1/GNR2D1/timing (NDM-032w)
Information: Fixed direction mismatches for block GNR2D1 (LM-054)
Warning: Direction 'inout' for port VSS on tcbn65lp_6lmT1/GNR2D2/design
	does not match expected value 'in' from tcbn65lp_6lmT1/GNR2D2/timing (NDM-032w)
Warning: Direction 'inout' for port VDD on tcbn65lp_6lmT1/GNR2D2/design
	does not match expected value 'in' from tcbn65lp_6lmT1/GNR2D2/timing (NDM-032w)
Information: Fixed direction mismatches for block GNR2D2 (LM-054)
Warning: Direction 'inout' for port VSS on tcbn65lp_6lmT1/GNR3D1/design
	does not match expected value 'in' from tcbn65lp_6lmT1/GNR3D1/timing (NDM-032w)
Warning: Direction 'inout' for port VDD on tcbn65lp_6lmT1/GNR3D1/design
	does not match expected value 'in' from tcbn65lp_6lmT1/GNR3D1/timing (NDM-032w)
Information: Fixed direction mismatches for block GNR3D1 (LM-054)
Warning: Direction 'inout' for port VSS on tcbn65lp_6lmT1/GNR3D2/design
	does not match expected value 'in' from tcbn65lp_6lmT1/GNR3D2/timing (NDM-032w)
Warning: Direction 'inout' for port VDD on tcbn65lp_6lmT1/GNR3D2/design
	does not match expected value 'in' from tcbn65lp_6lmT1/GNR3D2/timing (NDM-032w)
Information: Fixed direction mismatches for block GNR3D2 (LM-054)
Warning: Direction 'inout' for port VSS on tcbn65lp_6lmT1/GOAI21D1/design
	does not match expected value 'in' from tcbn65lp_6lmT1/GOAI21D1/timing (NDM-032w)
Warning: Direction 'inout' for port VDD on tcbn65lp_6lmT1/GOAI21D1/design
	does not match expected value 'in' from tcbn65lp_6lmT1/GOAI21D1/timing (NDM-032w)
Information: Fixed direction mismatches for block GOAI21D1 (LM-054)
Warning: Direction 'inout' for port VSS on tcbn65lp_6lmT1/GOAI21D2/design
	does not match expected value 'in' from tcbn65lp_6lmT1/GOAI21D2/timing (NDM-032w)
Warning: Direction 'inout' for port VDD on tcbn65lp_6lmT1/GOAI21D2/design
	does not match expected value 'in' from tcbn65lp_6lmT1/GOAI21D2/timing (NDM-032w)
Information: Fixed direction mismatches for block GOAI21D2 (LM-054)
Warning: Direction 'inout' for port VSS on tcbn65lp_6lmT1/GOR2D1/design
	does not match expected value 'in' from tcbn65lp_6lmT1/GOR2D1/timing (NDM-032w)
Warning: Direction 'inout' for port VDD on tcbn65lp_6lmT1/GOR2D1/design
	does not match expected value 'in' from tcbn65lp_6lmT1/GOR2D1/timing (NDM-032w)
Information: Fixed direction mismatches for block GOR2D1 (LM-054)
Warning: Direction 'inout' for port VSS on tcbn65lp_6lmT1/GOR2D2/design
	does not match expected value 'in' from tcbn65lp_6lmT1/GOR2D2/timing (NDM-032w)
Warning: Direction 'inout' for port VDD on tcbn65lp_6lmT1/GOR2D2/design
	does not match expected value 'in' from tcbn65lp_6lmT1/GOR2D2/timing (NDM-032w)
Information: Fixed direction mismatches for block GOR2D2 (LM-054)
Warning: Direction 'inout' for port VSS on tcbn65lp_6lmT1/GSDFCNQD1/design
	does not match expected value 'in' from tcbn65lp_6lmT1/GSDFCNQD1/timing (NDM-032w)
Warning: Direction 'inout' for port VDD on tcbn65lp_6lmT1/GSDFCNQD1/design
	does not match expected value 'in' from tcbn65lp_6lmT1/GSDFCNQD1/timing (NDM-032w)
Information: Fixed direction mismatches for block GSDFCNQD1 (LM-054)
Warning: Direction 'inout' for port VSS on tcbn65lp_6lmT1/GTIEH/design
	does not match expected value 'in' from tcbn65lp_6lmT1/GTIEH/timing (NDM-032w)
Warning: Direction 'inout' for port VDD on tcbn65lp_6lmT1/GTIEH/design
	does not match expected value 'in' from tcbn65lp_6lmT1/GTIEH/timing (NDM-032w)
Information: Fixed direction mismatches for block GTIEH (LM-054)
Warning: Direction 'inout' for port VSS on tcbn65lp_6lmT1/GTIEL/design
	does not match expected value 'in' from tcbn65lp_6lmT1/GTIEL/timing (NDM-032w)
Warning: Direction 'inout' for port VDD on tcbn65lp_6lmT1/GTIEL/design
	does not match expected value 'in' from tcbn65lp_6lmT1/GTIEL/timing (NDM-032w)
Information: Fixed direction mismatches for block GTIEL (LM-054)
Warning: Direction 'inout' for port VSS on tcbn65lp_6lmT1/GXNR2D1/design
	does not match expected value 'in' from tcbn65lp_6lmT1/GXNR2D1/timing (NDM-032w)
Warning: Direction 'inout' for port VDD on tcbn65lp_6lmT1/GXNR2D1/design
	does not match expected value 'in' from tcbn65lp_6lmT1/GXNR2D1/timing (NDM-032w)
Information: Fixed direction mismatches for block GXNR2D1 (LM-054)
Warning: Direction 'inout' for port VSS on tcbn65lp_6lmT1/GXNR2D2/design
	does not match expected value 'in' from tcbn65lp_6lmT1/GXNR2D2/timing (NDM-032w)
Warning: Direction 'inout' for port VDD on tcbn65lp_6lmT1/GXNR2D2/design
	does not match expected value 'in' from tcbn65lp_6lmT1/GXNR2D2/timing (NDM-032w)
Information: Fixed direction mismatches for block GXNR2D2 (LM-054)
Warning: Direction 'inout' for port VSS on tcbn65lp_6lmT1/GXOR2D1/design
	does not match expected value 'in' from tcbn65lp_6lmT1/GXOR2D1/timing (NDM-032w)
Warning: Direction 'inout' for port VDD on tcbn65lp_6lmT1/GXOR2D1/design
	does not match expected value 'in' from tcbn65lp_6lmT1/GXOR2D1/timing (NDM-032w)
Information: Fixed direction mismatches for block GXOR2D1 (LM-054)
Warning: Direction 'inout' for port VSS on tcbn65lp_6lmT1/GXOR2D2/design
	does not match expected value 'in' from tcbn65lp_6lmT1/GXOR2D2/timing (NDM-032w)
Warning: Direction 'inout' for port VDD on tcbn65lp_6lmT1/GXOR2D2/design
	does not match expected value 'in' from tcbn65lp_6lmT1/GXOR2D2/timing (NDM-032w)
Information: Fixed direction mismatches for block GXOR2D2 (LM-054)
Warning: Direction 'inout' for port VSS on tcbn65lp_6lmT1/HA1D0/design
	does not match expected value 'in' from tcbn65lp_6lmT1/HA1D0/timing (NDM-032w)
Warning: Direction 'inout' for port VDD on tcbn65lp_6lmT1/HA1D0/design
	does not match expected value 'in' from tcbn65lp_6lmT1/HA1D0/timing (NDM-032w)
Information: Fixed direction mismatches for block HA1D0 (LM-054)
Warning: Direction 'inout' for port VSS on tcbn65lp_6lmT1/HA1D1/design
	does not match expected value 'in' from tcbn65lp_6lmT1/HA1D1/timing (NDM-032w)
Warning: Direction 'inout' for port VDD on tcbn65lp_6lmT1/HA1D1/design
	does not match expected value 'in' from tcbn65lp_6lmT1/HA1D1/timing (NDM-032w)
Information: Fixed direction mismatches for block HA1D1 (LM-054)
Warning: Direction 'inout' for port VSS on tcbn65lp_6lmT1/HA1D2/design
	does not match expected value 'in' from tcbn65lp_6lmT1/HA1D2/timing (NDM-032w)
Warning: Direction 'inout' for port VDD on tcbn65lp_6lmT1/HA1D2/design
	does not match expected value 'in' from tcbn65lp_6lmT1/HA1D2/timing (NDM-032w)
Information: Fixed direction mismatches for block HA1D2 (LM-054)
Warning: Direction 'inout' for port VSS on tcbn65lp_6lmT1/HA1D4/design
	does not match expected value 'in' from tcbn65lp_6lmT1/HA1D4/timing (NDM-032w)
Warning: Direction 'inout' for port VDD on tcbn65lp_6lmT1/HA1D4/design
	does not match expected value 'in' from tcbn65lp_6lmT1/HA1D4/timing (NDM-032w)
Information: Fixed direction mismatches for block HA1D4 (LM-054)
Warning: Direction 'inout' for port VSS on tcbn65lp_6lmT1/HCOSCIND1/design
	does not match expected value 'in' from tcbn65lp_6lmT1/HCOSCIND1/timing (NDM-032w)
Warning: Direction 'inout' for port VDD on tcbn65lp_6lmT1/HCOSCIND1/design
	does not match expected value 'in' from tcbn65lp_6lmT1/HCOSCIND1/timing (NDM-032w)
Information: Fixed direction mismatches for block HCOSCIND1 (LM-054)
Warning: Direction 'inout' for port VSS on tcbn65lp_6lmT1/HCOSCIND2/design
	does not match expected value 'in' from tcbn65lp_6lmT1/HCOSCIND2/timing (NDM-032w)
Warning: Direction 'inout' for port VDD on tcbn65lp_6lmT1/HCOSCIND2/design
	does not match expected value 'in' from tcbn65lp_6lmT1/HCOSCIND2/timing (NDM-032w)
Information: Fixed direction mismatches for block HCOSCIND2 (LM-054)
Warning: Direction 'inout' for port VSS on tcbn65lp_6lmT1/HCOSCOND1/design
	does not match expected value 'in' from tcbn65lp_6lmT1/HCOSCOND1/timing (NDM-032w)
Warning: Direction 'inout' for port VDD on tcbn65lp_6lmT1/HCOSCOND1/design
	does not match expected value 'in' from tcbn65lp_6lmT1/HCOSCOND1/timing (NDM-032w)
Information: Fixed direction mismatches for block HCOSCOND1 (LM-054)
Warning: Direction 'inout' for port VSS on tcbn65lp_6lmT1/HCOSCOND2/design
	does not match expected value 'in' from tcbn65lp_6lmT1/HCOSCOND2/timing (NDM-032w)
Warning: Direction 'inout' for port VDD on tcbn65lp_6lmT1/HCOSCOND2/design
	does not match expected value 'in' from tcbn65lp_6lmT1/HCOSCOND2/timing (NDM-032w)
Information: Fixed direction mismatches for block HCOSCOND2 (LM-054)
Warning: Direction 'inout' for port VSS on tcbn65lp_6lmT1/HICIND1/design
	does not match expected value 'in' from tcbn65lp_6lmT1/HICIND1/timing (NDM-032w)
Warning: Direction 'inout' for port VDD on tcbn65lp_6lmT1/HICIND1/design
	does not match expected value 'in' from tcbn65lp_6lmT1/HICIND1/timing (NDM-032w)
Information: Fixed direction mismatches for block HICIND1 (LM-054)
Warning: Direction 'inout' for port VSS on tcbn65lp_6lmT1/HICIND2/design
	does not match expected value 'in' from tcbn65lp_6lmT1/HICIND2/timing (NDM-032w)
Warning: Direction 'inout' for port VDD on tcbn65lp_6lmT1/HICIND2/design
	does not match expected value 'in' from tcbn65lp_6lmT1/HICIND2/timing (NDM-032w)
Information: Fixed direction mismatches for block HICIND2 (LM-054)
Warning: Direction 'inout' for port VSS on tcbn65lp_6lmT1/HICOND1/design
	does not match expected value 'in' from tcbn65lp_6lmT1/HICOND1/timing (NDM-032w)
Warning: Direction 'inout' for port VDD on tcbn65lp_6lmT1/HICOND1/design
	does not match expected value 'in' from tcbn65lp_6lmT1/HICOND1/timing (NDM-032w)
Information: Fixed direction mismatches for block HICOND1 (LM-054)
Warning: Direction 'inout' for port VSS on tcbn65lp_6lmT1/HICOND2/design
	does not match expected value 'in' from tcbn65lp_6lmT1/HICOND2/timing (NDM-032w)
Warning: Direction 'inout' for port VDD on tcbn65lp_6lmT1/HICOND2/design
	does not match expected value 'in' from tcbn65lp_6lmT1/HICOND2/timing (NDM-032w)
Information: Fixed direction mismatches for block HICOND2 (LM-054)
Warning: Direction 'inout' for port VSS on tcbn65lp_6lmT1/IAO21D0/design
	does not match expected value 'in' from tcbn65lp_6lmT1/IAO21D0/timing (NDM-032w)
Warning: Direction 'inout' for port VDD on tcbn65lp_6lmT1/IAO21D0/design
	does not match expected value 'in' from tcbn65lp_6lmT1/IAO21D0/timing (NDM-032w)
Information: Fixed direction mismatches for block IAO21D0 (LM-054)
Warning: Direction 'inout' for port VSS on tcbn65lp_6lmT1/IAO21D1/design
	does not match expected value 'in' from tcbn65lp_6lmT1/IAO21D1/timing (NDM-032w)
Warning: Direction 'inout' for port VDD on tcbn65lp_6lmT1/IAO21D1/design
	does not match expected value 'in' from tcbn65lp_6lmT1/IAO21D1/timing (NDM-032w)
Information: Fixed direction mismatches for block IAO21D1 (LM-054)
Warning: Direction 'inout' for port VSS on tcbn65lp_6lmT1/IAO21D2/design
	does not match expected value 'in' from tcbn65lp_6lmT1/IAO21D2/timing (NDM-032w)
Warning: Direction 'inout' for port VDD on tcbn65lp_6lmT1/IAO21D2/design
	does not match expected value 'in' from tcbn65lp_6lmT1/IAO21D2/timing (NDM-032w)
Information: Fixed direction mismatches for block IAO21D2 (LM-054)
Warning: Direction 'inout' for port VSS on tcbn65lp_6lmT1/IAO21D4/design
	does not match expected value 'in' from tcbn65lp_6lmT1/IAO21D4/timing (NDM-032w)
Warning: Direction 'inout' for port VDD on tcbn65lp_6lmT1/IAO21D4/design
	does not match expected value 'in' from tcbn65lp_6lmT1/IAO21D4/timing (NDM-032w)
Information: Fixed direction mismatches for block IAO21D4 (LM-054)
Warning: Direction 'inout' for port VSS on tcbn65lp_6lmT1/IAO22D0/design
	does not match expected value 'in' from tcbn65lp_6lmT1/IAO22D0/timing (NDM-032w)
Warning: Direction 'inout' for port VDD on tcbn65lp_6lmT1/IAO22D0/design
	does not match expected value 'in' from tcbn65lp_6lmT1/IAO22D0/timing (NDM-032w)
Information: Fixed direction mismatches for block IAO22D0 (LM-054)
Warning: Direction 'inout' for port VSS on tcbn65lp_6lmT1/IAO22D1/design
	does not match expected value 'in' from tcbn65lp_6lmT1/IAO22D1/timing (NDM-032w)
Warning: Direction 'inout' for port VDD on tcbn65lp_6lmT1/IAO22D1/design
	does not match expected value 'in' from tcbn65lp_6lmT1/IAO22D1/timing (NDM-032w)
Information: Fixed direction mismatches for block IAO22D1 (LM-054)
Warning: Direction 'inout' for port VSS on tcbn65lp_6lmT1/IAO22D2/design
	does not match expected value 'in' from tcbn65lp_6lmT1/IAO22D2/timing (NDM-032w)
Warning: Direction 'inout' for port VDD on tcbn65lp_6lmT1/IAO22D2/design
	does not match expected value 'in' from tcbn65lp_6lmT1/IAO22D2/timing (NDM-032w)
Information: Fixed direction mismatches for block IAO22D2 (LM-054)
Warning: Direction 'inout' for port VSS on tcbn65lp_6lmT1/IAO22D4/design
	does not match expected value 'in' from tcbn65lp_6lmT1/IAO22D4/timing (NDM-032w)
Warning: Direction 'inout' for port VDD on tcbn65lp_6lmT1/IAO22D4/design
	does not match expected value 'in' from tcbn65lp_6lmT1/IAO22D4/timing (NDM-032w)
Information: Fixed direction mismatches for block IAO22D4 (LM-054)
Warning: Direction 'inout' for port VSS on tcbn65lp_6lmT1/IIND4D0/design
	does not match expected value 'in' from tcbn65lp_6lmT1/IIND4D0/timing (NDM-032w)
Warning: Direction 'inout' for port VDD on tcbn65lp_6lmT1/IIND4D0/design
	does not match expected value 'in' from tcbn65lp_6lmT1/IIND4D0/timing (NDM-032w)
Information: Fixed direction mismatches for block IIND4D0 (LM-054)
Warning: Direction 'inout' for port VSS on tcbn65lp_6lmT1/IIND4D1/design
	does not match expected value 'in' from tcbn65lp_6lmT1/IIND4D1/timing (NDM-032w)
Warning: Direction 'inout' for port VDD on tcbn65lp_6lmT1/IIND4D1/design
	does not match expected value 'in' from tcbn65lp_6lmT1/IIND4D1/timing (NDM-032w)
Information: Fixed direction mismatches for block IIND4D1 (LM-054)
Warning: Direction 'inout' for port VSS on tcbn65lp_6lmT1/IIND4D2/design
	does not match expected value 'in' from tcbn65lp_6lmT1/IIND4D2/timing (NDM-032w)
Warning: Direction 'inout' for port VDD on tcbn65lp_6lmT1/IIND4D2/design
	does not match expected value 'in' from tcbn65lp_6lmT1/IIND4D2/timing (NDM-032w)
Information: Fixed direction mismatches for block IIND4D2 (LM-054)
Warning: Direction 'inout' for port VSS on tcbn65lp_6lmT1/IIND4D4/design
	does not match expected value 'in' from tcbn65lp_6lmT1/IIND4D4/timing (NDM-032w)
Warning: Direction 'inout' for port VDD on tcbn65lp_6lmT1/IIND4D4/design
	does not match expected value 'in' from tcbn65lp_6lmT1/IIND4D4/timing (NDM-032w)
Information: Fixed direction mismatches for block IIND4D4 (LM-054)
Warning: Direction 'inout' for port VSS on tcbn65lp_6lmT1/IINR4D0/design
	does not match expected value 'in' from tcbn65lp_6lmT1/IINR4D0/timing (NDM-032w)
Warning: Direction 'inout' for port VDD on tcbn65lp_6lmT1/IINR4D0/design
	does not match expected value 'in' from tcbn65lp_6lmT1/IINR4D0/timing (NDM-032w)
Information: Fixed direction mismatches for block IINR4D0 (LM-054)
Warning: Direction 'inout' for port VSS on tcbn65lp_6lmT1/IINR4D1/design
	does not match expected value 'in' from tcbn65lp_6lmT1/IINR4D1/timing (NDM-032w)
Warning: Direction 'inout' for port VDD on tcbn65lp_6lmT1/IINR4D1/design
	does not match expected value 'in' from tcbn65lp_6lmT1/IINR4D1/timing (NDM-032w)
Information: Fixed direction mismatches for block IINR4D1 (LM-054)
Warning: Direction 'inout' for port VSS on tcbn65lp_6lmT1/IINR4D2/design
	does not match expected value 'in' from tcbn65lp_6lmT1/IINR4D2/timing (NDM-032w)
Warning: Direction 'inout' for port VDD on tcbn65lp_6lmT1/IINR4D2/design
	does not match expected value 'in' from tcbn65lp_6lmT1/IINR4D2/timing (NDM-032w)
Information: Fixed direction mismatches for block IINR4D2 (LM-054)
Warning: Direction 'inout' for port VSS on tcbn65lp_6lmT1/IINR4D4/design
	does not match expected value 'in' from tcbn65lp_6lmT1/IINR4D4/timing (NDM-032w)
Warning: Direction 'inout' for port VDD on tcbn65lp_6lmT1/IINR4D4/design
	does not match expected value 'in' from tcbn65lp_6lmT1/IINR4D4/timing (NDM-032w)
Information: Fixed direction mismatches for block IINR4D4 (LM-054)
Warning: Direction 'inout' for port VSS on tcbn65lp_6lmT1/IND2D0/design
	does not match expected value 'in' from tcbn65lp_6lmT1/IND2D0/timing (NDM-032w)
Warning: Direction 'inout' for port VDD on tcbn65lp_6lmT1/IND2D0/design
	does not match expected value 'in' from tcbn65lp_6lmT1/IND2D0/timing (NDM-032w)
Information: Fixed direction mismatches for block IND2D0 (LM-054)
Warning: Direction 'inout' for port VSS on tcbn65lp_6lmT1/IND2D1/design
	does not match expected value 'in' from tcbn65lp_6lmT1/IND2D1/timing (NDM-032w)
Warning: Direction 'inout' for port VDD on tcbn65lp_6lmT1/IND2D1/design
	does not match expected value 'in' from tcbn65lp_6lmT1/IND2D1/timing (NDM-032w)
Information: Fixed direction mismatches for block IND2D1 (LM-054)
Warning: Direction 'inout' for port VSS on tcbn65lp_6lmT1/IND2D2/design
	does not match expected value 'in' from tcbn65lp_6lmT1/IND2D2/timing (NDM-032w)
Warning: Direction 'inout' for port VDD on tcbn65lp_6lmT1/IND2D2/design
	does not match expected value 'in' from tcbn65lp_6lmT1/IND2D2/timing (NDM-032w)
Information: Fixed direction mismatches for block IND2D2 (LM-054)
Warning: Direction 'inout' for port VSS on tcbn65lp_6lmT1/IND2D4/design
	does not match expected value 'in' from tcbn65lp_6lmT1/IND2D4/timing (NDM-032w)
Warning: Direction 'inout' for port VDD on tcbn65lp_6lmT1/IND2D4/design
	does not match expected value 'in' from tcbn65lp_6lmT1/IND2D4/timing (NDM-032w)
Information: Fixed direction mismatches for block IND2D4 (LM-054)
Warning: Direction 'inout' for port VSS on tcbn65lp_6lmT1/IND3D0/design
	does not match expected value 'in' from tcbn65lp_6lmT1/IND3D0/timing (NDM-032w)
Warning: Direction 'inout' for port VDD on tcbn65lp_6lmT1/IND3D0/design
	does not match expected value 'in' from tcbn65lp_6lmT1/IND3D0/timing (NDM-032w)
Information: Fixed direction mismatches for block IND3D0 (LM-054)
Warning: Direction 'inout' for port VSS on tcbn65lp_6lmT1/IND3D1/design
	does not match expected value 'in' from tcbn65lp_6lmT1/IND3D1/timing (NDM-032w)
Warning: Direction 'inout' for port VDD on tcbn65lp_6lmT1/IND3D1/design
	does not match expected value 'in' from tcbn65lp_6lmT1/IND3D1/timing (NDM-032w)
Information: Fixed direction mismatches for block IND3D1 (LM-054)
Warning: Direction 'inout' for port VSS on tcbn65lp_6lmT1/IND3D2/design
	does not match expected value 'in' from tcbn65lp_6lmT1/IND3D2/timing (NDM-032w)
Warning: Direction 'inout' for port VDD on tcbn65lp_6lmT1/IND3D2/design
	does not match expected value 'in' from tcbn65lp_6lmT1/IND3D2/timing (NDM-032w)
Information: Fixed direction mismatches for block IND3D2 (LM-054)
Warning: Direction 'inout' for port VSS on tcbn65lp_6lmT1/IND3D4/design
	does not match expected value 'in' from tcbn65lp_6lmT1/IND3D4/timing (NDM-032w)
Warning: Direction 'inout' for port VDD on tcbn65lp_6lmT1/IND3D4/design
	does not match expected value 'in' from tcbn65lp_6lmT1/IND3D4/timing (NDM-032w)
Information: Fixed direction mismatches for block IND3D4 (LM-054)
Warning: Direction 'inout' for port VSS on tcbn65lp_6lmT1/IND4D0/design
	does not match expected value 'in' from tcbn65lp_6lmT1/IND4D0/timing (NDM-032w)
Warning: Direction 'inout' for port VDD on tcbn65lp_6lmT1/IND4D0/design
	does not match expected value 'in' from tcbn65lp_6lmT1/IND4D0/timing (NDM-032w)
Information: Fixed direction mismatches for block IND4D0 (LM-054)
Warning: Direction 'inout' for port VSS on tcbn65lp_6lmT1/IND4D1/design
	does not match expected value 'in' from tcbn65lp_6lmT1/IND4D1/timing (NDM-032w)
Warning: Direction 'inout' for port VDD on tcbn65lp_6lmT1/IND4D1/design
	does not match expected value 'in' from tcbn65lp_6lmT1/IND4D1/timing (NDM-032w)
Information: Fixed direction mismatches for block IND4D1 (LM-054)
Warning: Direction 'inout' for port VSS on tcbn65lp_6lmT1/IND4D2/design
	does not match expected value 'in' from tcbn65lp_6lmT1/IND4D2/timing (NDM-032w)
Warning: Direction 'inout' for port VDD on tcbn65lp_6lmT1/IND4D2/design
	does not match expected value 'in' from tcbn65lp_6lmT1/IND4D2/timing (NDM-032w)
Information: Fixed direction mismatches for block IND4D2 (LM-054)
Warning: Direction 'inout' for port VSS on tcbn65lp_6lmT1/IND4D4/design
	does not match expected value 'in' from tcbn65lp_6lmT1/IND4D4/timing (NDM-032w)
Warning: Direction 'inout' for port VDD on tcbn65lp_6lmT1/IND4D4/design
	does not match expected value 'in' from tcbn65lp_6lmT1/IND4D4/timing (NDM-032w)
Information: Fixed direction mismatches for block IND4D4 (LM-054)
Warning: Direction 'inout' for port VSS on tcbn65lp_6lmT1/INR2D0/design
	does not match expected value 'in' from tcbn65lp_6lmT1/INR2D0/timing (NDM-032w)
Warning: Direction 'inout' for port VDD on tcbn65lp_6lmT1/INR2D0/design
	does not match expected value 'in' from tcbn65lp_6lmT1/INR2D0/timing (NDM-032w)
Information: Fixed direction mismatches for block INR2D0 (LM-054)
Warning: Direction 'inout' for port VSS on tcbn65lp_6lmT1/INR2D1/design
	does not match expected value 'in' from tcbn65lp_6lmT1/INR2D1/timing (NDM-032w)
Warning: Direction 'inout' for port VDD on tcbn65lp_6lmT1/INR2D1/design
	does not match expected value 'in' from tcbn65lp_6lmT1/INR2D1/timing (NDM-032w)
Information: Fixed direction mismatches for block INR2D1 (LM-054)
Warning: Direction 'inout' for port VSS on tcbn65lp_6lmT1/INR2D2/design
	does not match expected value 'in' from tcbn65lp_6lmT1/INR2D2/timing (NDM-032w)
Warning: Direction 'inout' for port VDD on tcbn65lp_6lmT1/INR2D2/design
	does not match expected value 'in' from tcbn65lp_6lmT1/INR2D2/timing (NDM-032w)
Information: Fixed direction mismatches for block INR2D2 (LM-054)
Warning: Direction 'inout' for port VSS on tcbn65lp_6lmT1/INR2D4/design
	does not match expected value 'in' from tcbn65lp_6lmT1/INR2D4/timing (NDM-032w)
Warning: Direction 'inout' for port VDD on tcbn65lp_6lmT1/INR2D4/design
	does not match expected value 'in' from tcbn65lp_6lmT1/INR2D4/timing (NDM-032w)
Information: Fixed direction mismatches for block INR2D4 (LM-054)
Warning: Direction 'inout' for port VSS on tcbn65lp_6lmT1/INR2XD0/design
	does not match expected value 'in' from tcbn65lp_6lmT1/INR2XD0/timing (NDM-032w)
Warning: Direction 'inout' for port VDD on tcbn65lp_6lmT1/INR2XD0/design
	does not match expected value 'in' from tcbn65lp_6lmT1/INR2XD0/timing (NDM-032w)
Information: Fixed direction mismatches for block INR2XD0 (LM-054)
Warning: Direction 'inout' for port VSS on tcbn65lp_6lmT1/INR2XD1/design
	does not match expected value 'in' from tcbn65lp_6lmT1/INR2XD1/timing (NDM-032w)
Warning: Direction 'inout' for port VDD on tcbn65lp_6lmT1/INR2XD1/design
	does not match expected value 'in' from tcbn65lp_6lmT1/INR2XD1/timing (NDM-032w)
Information: Fixed direction mismatches for block INR2XD1 (LM-054)
Warning: Direction 'inout' for port VSS on tcbn65lp_6lmT1/INR2XD2/design
	does not match expected value 'in' from tcbn65lp_6lmT1/INR2XD2/timing (NDM-032w)
Warning: Direction 'inout' for port VDD on tcbn65lp_6lmT1/INR2XD2/design
	does not match expected value 'in' from tcbn65lp_6lmT1/INR2XD2/timing (NDM-032w)
Information: Fixed direction mismatches for block INR2XD2 (LM-054)
Warning: Direction 'inout' for port VSS on tcbn65lp_6lmT1/INR2XD4/design
	does not match expected value 'in' from tcbn65lp_6lmT1/INR2XD4/timing (NDM-032w)
Warning: Direction 'inout' for port VDD on tcbn65lp_6lmT1/INR2XD4/design
	does not match expected value 'in' from tcbn65lp_6lmT1/INR2XD4/timing (NDM-032w)
Information: Fixed direction mismatches for block INR2XD4 (LM-054)
Warning: Direction 'inout' for port VSS on tcbn65lp_6lmT1/INR3D0/design
	does not match expected value 'in' from tcbn65lp_6lmT1/INR3D0/timing (NDM-032w)
Warning: Direction 'inout' for port VDD on tcbn65lp_6lmT1/INR3D0/design
	does not match expected value 'in' from tcbn65lp_6lmT1/INR3D0/timing (NDM-032w)
Information: Fixed direction mismatches for block INR3D0 (LM-054)
Warning: Direction 'inout' for port VSS on tcbn65lp_6lmT1/INR3D1/design
	does not match expected value 'in' from tcbn65lp_6lmT1/INR3D1/timing (NDM-032w)
Warning: Direction 'inout' for port VDD on tcbn65lp_6lmT1/INR3D1/design
	does not match expected value 'in' from tcbn65lp_6lmT1/INR3D1/timing (NDM-032w)
Information: Fixed direction mismatches for block INR3D1 (LM-054)
Warning: Direction 'inout' for port VSS on tcbn65lp_6lmT1/INR3D2/design
	does not match expected value 'in' from tcbn65lp_6lmT1/INR3D2/timing (NDM-032w)
Warning: Direction 'inout' for port VDD on tcbn65lp_6lmT1/INR3D2/design
	does not match expected value 'in' from tcbn65lp_6lmT1/INR3D2/timing (NDM-032w)
Information: Fixed direction mismatches for block INR3D2 (LM-054)
Warning: Direction 'inout' for port VSS on tcbn65lp_6lmT1/INR3D4/design
	does not match expected value 'in' from tcbn65lp_6lmT1/INR3D4/timing (NDM-032w)
Warning: Direction 'inout' for port VDD on tcbn65lp_6lmT1/INR3D4/design
	does not match expected value 'in' from tcbn65lp_6lmT1/INR3D4/timing (NDM-032w)
Information: Fixed direction mismatches for block INR3D4 (LM-054)
Warning: Direction 'inout' for port VSS on tcbn65lp_6lmT1/INR4D0/design
	does not match expected value 'in' from tcbn65lp_6lmT1/INR4D0/timing (NDM-032w)
Warning: Direction 'inout' for port VDD on tcbn65lp_6lmT1/INR4D0/design
	does not match expected value 'in' from tcbn65lp_6lmT1/INR4D0/timing (NDM-032w)
Information: Fixed direction mismatches for block INR4D0 (LM-054)
Warning: Direction 'inout' for port VSS on tcbn65lp_6lmT1/INR4D1/design
	does not match expected value 'in' from tcbn65lp_6lmT1/INR4D1/timing (NDM-032w)
Warning: Direction 'inout' for port VDD on tcbn65lp_6lmT1/INR4D1/design
	does not match expected value 'in' from tcbn65lp_6lmT1/INR4D1/timing (NDM-032w)
Information: Fixed direction mismatches for block INR4D1 (LM-054)
Warning: Direction 'inout' for port VSS on tcbn65lp_6lmT1/INR4D2/design
	does not match expected value 'in' from tcbn65lp_6lmT1/INR4D2/timing (NDM-032w)
Warning: Direction 'inout' for port VDD on tcbn65lp_6lmT1/INR4D2/design
	does not match expected value 'in' from tcbn65lp_6lmT1/INR4D2/timing (NDM-032w)
Information: Fixed direction mismatches for block INR4D2 (LM-054)
Warning: Direction 'inout' for port VSS on tcbn65lp_6lmT1/INR4D4/design
	does not match expected value 'in' from tcbn65lp_6lmT1/INR4D4/timing (NDM-032w)
Warning: Direction 'inout' for port VDD on tcbn65lp_6lmT1/INR4D4/design
	does not match expected value 'in' from tcbn65lp_6lmT1/INR4D4/timing (NDM-032w)
Information: Fixed direction mismatches for block INR4D4 (LM-054)
Warning: Direction 'inout' for port VSS on tcbn65lp_6lmT1/INVD0/design
	does not match expected value 'in' from tcbn65lp_6lmT1/INVD0/timing (NDM-032w)
Warning: Direction 'inout' for port VDD on tcbn65lp_6lmT1/INVD0/design
	does not match expected value 'in' from tcbn65lp_6lmT1/INVD0/timing (NDM-032w)
Information: Fixed direction mismatches for block INVD0 (LM-054)
Warning: Direction 'inout' for port VSS on tcbn65lp_6lmT1/INVD1/design
	does not match expected value 'in' from tcbn65lp_6lmT1/INVD1/timing (NDM-032w)
Warning: Direction 'inout' for port VDD on tcbn65lp_6lmT1/INVD1/design
	does not match expected value 'in' from tcbn65lp_6lmT1/INVD1/timing (NDM-032w)
Information: Fixed direction mismatches for block INVD1 (LM-054)
Warning: Direction 'inout' for port VSS on tcbn65lp_6lmT1/INVD12/design
	does not match expected value 'in' from tcbn65lp_6lmT1/INVD12/timing (NDM-032w)
Warning: Direction 'inout' for port VDD on tcbn65lp_6lmT1/INVD12/design
	does not match expected value 'in' from tcbn65lp_6lmT1/INVD12/timing (NDM-032w)
Information: Fixed direction mismatches for block INVD12 (LM-054)
Warning: Direction 'inout' for port VSS on tcbn65lp_6lmT1/INVD16/design
	does not match expected value 'in' from tcbn65lp_6lmT1/INVD16/timing (NDM-032w)
Warning: Direction 'inout' for port VDD on tcbn65lp_6lmT1/INVD16/design
	does not match expected value 'in' from tcbn65lp_6lmT1/INVD16/timing (NDM-032w)
Information: Fixed direction mismatches for block INVD16 (LM-054)
Warning: Direction 'inout' for port VSS on tcbn65lp_6lmT1/INVD2/design
	does not match expected value 'in' from tcbn65lp_6lmT1/INVD2/timing (NDM-032w)
Warning: Direction 'inout' for port VDD on tcbn65lp_6lmT1/INVD2/design
	does not match expected value 'in' from tcbn65lp_6lmT1/INVD2/timing (NDM-032w)
Information: Fixed direction mismatches for block INVD2 (LM-054)
Warning: Direction 'inout' for port VSS on tcbn65lp_6lmT1/INVD20/design
	does not match expected value 'in' from tcbn65lp_6lmT1/INVD20/timing (NDM-032w)
Warning: Direction 'inout' for port VDD on tcbn65lp_6lmT1/INVD20/design
	does not match expected value 'in' from tcbn65lp_6lmT1/INVD20/timing (NDM-032w)
Information: Fixed direction mismatches for block INVD20 (LM-054)
Warning: Direction 'inout' for port VSS on tcbn65lp_6lmT1/INVD24/design
	does not match expected value 'in' from tcbn65lp_6lmT1/INVD24/timing (NDM-032w)
Warning: Direction 'inout' for port VDD on tcbn65lp_6lmT1/INVD24/design
	does not match expected value 'in' from tcbn65lp_6lmT1/INVD24/timing (NDM-032w)
Information: Fixed direction mismatches for block INVD24 (LM-054)
Warning: Direction 'inout' for port VSS on tcbn65lp_6lmT1/INVD3/design
	does not match expected value 'in' from tcbn65lp_6lmT1/INVD3/timing (NDM-032w)
Warning: Direction 'inout' for port VDD on tcbn65lp_6lmT1/INVD3/design
	does not match expected value 'in' from tcbn65lp_6lmT1/INVD3/timing (NDM-032w)
Information: Fixed direction mismatches for block INVD3 (LM-054)
Warning: Direction 'inout' for port VSS on tcbn65lp_6lmT1/INVD4/design
	does not match expected value 'in' from tcbn65lp_6lmT1/INVD4/timing (NDM-032w)
Warning: Direction 'inout' for port VDD on tcbn65lp_6lmT1/INVD4/design
	does not match expected value 'in' from tcbn65lp_6lmT1/INVD4/timing (NDM-032w)
Information: Fixed direction mismatches for block INVD4 (LM-054)
Warning: Direction 'inout' for port VSS on tcbn65lp_6lmT1/INVD6/design
	does not match expected value 'in' from tcbn65lp_6lmT1/INVD6/timing (NDM-032w)
Warning: Direction 'inout' for port VDD on tcbn65lp_6lmT1/INVD6/design
	does not match expected value 'in' from tcbn65lp_6lmT1/INVD6/timing (NDM-032w)
Information: Fixed direction mismatches for block INVD6 (LM-054)
Warning: Direction 'inout' for port VSS on tcbn65lp_6lmT1/INVD8/design
	does not match expected value 'in' from tcbn65lp_6lmT1/INVD8/timing (NDM-032w)
Warning: Direction 'inout' for port VDD on tcbn65lp_6lmT1/INVD8/design
	does not match expected value 'in' from tcbn65lp_6lmT1/INVD8/timing (NDM-032w)
Information: Fixed direction mismatches for block INVD8 (LM-054)
Warning: Direction 'inout' for port VSS on tcbn65lp_6lmT1/IOA21D0/design
	does not match expected value 'in' from tcbn65lp_6lmT1/IOA21D0/timing (NDM-032w)
Warning: Direction 'inout' for port VDD on tcbn65lp_6lmT1/IOA21D0/design
	does not match expected value 'in' from tcbn65lp_6lmT1/IOA21D0/timing (NDM-032w)
Information: Fixed direction mismatches for block IOA21D0 (LM-054)
Warning: Direction 'inout' for port VSS on tcbn65lp_6lmT1/IOA21D1/design
	does not match expected value 'in' from tcbn65lp_6lmT1/IOA21D1/timing (NDM-032w)
Warning: Direction 'inout' for port VDD on tcbn65lp_6lmT1/IOA21D1/design
	does not match expected value 'in' from tcbn65lp_6lmT1/IOA21D1/timing (NDM-032w)
Information: Fixed direction mismatches for block IOA21D1 (LM-054)
Warning: Direction 'inout' for port VSS on tcbn65lp_6lmT1/IOA21D2/design
	does not match expected value 'in' from tcbn65lp_6lmT1/IOA21D2/timing (NDM-032w)
Warning: Direction 'inout' for port VDD on tcbn65lp_6lmT1/IOA21D2/design
	does not match expected value 'in' from tcbn65lp_6lmT1/IOA21D2/timing (NDM-032w)
Information: Fixed direction mismatches for block IOA21D2 (LM-054)
Warning: Direction 'inout' for port VSS on tcbn65lp_6lmT1/IOA21D4/design
	does not match expected value 'in' from tcbn65lp_6lmT1/IOA21D4/timing (NDM-032w)
Warning: Direction 'inout' for port VDD on tcbn65lp_6lmT1/IOA21D4/design
	does not match expected value 'in' from tcbn65lp_6lmT1/IOA21D4/timing (NDM-032w)
Information: Fixed direction mismatches for block IOA21D4 (LM-054)
Warning: Direction 'inout' for port VSS on tcbn65lp_6lmT1/IOA22D0/design
	does not match expected value 'in' from tcbn65lp_6lmT1/IOA22D0/timing (NDM-032w)
Warning: Direction 'inout' for port VDD on tcbn65lp_6lmT1/IOA22D0/design
	does not match expected value 'in' from tcbn65lp_6lmT1/IOA22D0/timing (NDM-032w)
Information: Fixed direction mismatches for block IOA22D0 (LM-054)
Warning: Direction 'inout' for port VSS on tcbn65lp_6lmT1/IOA22D1/design
	does not match expected value 'in' from tcbn65lp_6lmT1/IOA22D1/timing (NDM-032w)
Warning: Direction 'inout' for port VDD on tcbn65lp_6lmT1/IOA22D1/design
	does not match expected value 'in' from tcbn65lp_6lmT1/IOA22D1/timing (NDM-032w)
Information: Fixed direction mismatches for block IOA22D1 (LM-054)
Warning: Direction 'inout' for port VSS on tcbn65lp_6lmT1/IOA22D2/design
	does not match expected value 'in' from tcbn65lp_6lmT1/IOA22D2/timing (NDM-032w)
Warning: Direction 'inout' for port VDD on tcbn65lp_6lmT1/IOA22D2/design
	does not match expected value 'in' from tcbn65lp_6lmT1/IOA22D2/timing (NDM-032w)
Information: Fixed direction mismatches for block IOA22D2 (LM-054)
Warning: Direction 'inout' for port VSS on tcbn65lp_6lmT1/IOA22D4/design
	does not match expected value 'in' from tcbn65lp_6lmT1/IOA22D4/timing (NDM-032w)
Warning: Direction 'inout' for port VDD on tcbn65lp_6lmT1/IOA22D4/design
	does not match expected value 'in' from tcbn65lp_6lmT1/IOA22D4/timing (NDM-032w)
Information: Fixed direction mismatches for block IOA22D4 (LM-054)
Warning: Direction 'inout' for port VSS on tcbn65lp_6lmT1/LHCND1/design
	does not match expected value 'in' from tcbn65lp_6lmT1/LHCND1/timing (NDM-032w)
Warning: Direction 'inout' for port VDD on tcbn65lp_6lmT1/LHCND1/design
	does not match expected value 'in' from tcbn65lp_6lmT1/LHCND1/timing (NDM-032w)
Information: Fixed direction mismatches for block LHCND1 (LM-054)
Warning: Direction 'inout' for port VSS on tcbn65lp_6lmT1/LHCND2/design
	does not match expected value 'in' from tcbn65lp_6lmT1/LHCND2/timing (NDM-032w)
Warning: Direction 'inout' for port VDD on tcbn65lp_6lmT1/LHCND2/design
	does not match expected value 'in' from tcbn65lp_6lmT1/LHCND2/timing (NDM-032w)
Information: Fixed direction mismatches for block LHCND2 (LM-054)
Warning: Direction 'inout' for port VSS on tcbn65lp_6lmT1/LHCND4/design
	does not match expected value 'in' from tcbn65lp_6lmT1/LHCND4/timing (NDM-032w)
Warning: Direction 'inout' for port VDD on tcbn65lp_6lmT1/LHCND4/design
	does not match expected value 'in' from tcbn65lp_6lmT1/LHCND4/timing (NDM-032w)
Information: Fixed direction mismatches for block LHCND4 (LM-054)
Warning: Direction 'inout' for port VSS on tcbn65lp_6lmT1/LHCNDD1/design
	does not match expected value 'in' from tcbn65lp_6lmT1/LHCNDD1/timing (NDM-032w)
Warning: Direction 'inout' for port VDD on tcbn65lp_6lmT1/LHCNDD1/design
	does not match expected value 'in' from tcbn65lp_6lmT1/LHCNDD1/timing (NDM-032w)
Information: Fixed direction mismatches for block LHCNDD1 (LM-054)
Warning: Direction 'inout' for port VSS on tcbn65lp_6lmT1/LHCNDD2/design
	does not match expected value 'in' from tcbn65lp_6lmT1/LHCNDD2/timing (NDM-032w)
Warning: Direction 'inout' for port VDD on tcbn65lp_6lmT1/LHCNDD2/design
	does not match expected value 'in' from tcbn65lp_6lmT1/LHCNDD2/timing (NDM-032w)
Information: Fixed direction mismatches for block LHCNDD2 (LM-054)
Warning: Direction 'inout' for port VSS on tcbn65lp_6lmT1/LHCNDD4/design
	does not match expected value 'in' from tcbn65lp_6lmT1/LHCNDD4/timing (NDM-032w)
Warning: Direction 'inout' for port VDD on tcbn65lp_6lmT1/LHCNDD4/design
	does not match expected value 'in' from tcbn65lp_6lmT1/LHCNDD4/timing (NDM-032w)
Information: Fixed direction mismatches for block LHCNDD4 (LM-054)
Warning: Direction 'inout' for port VSS on tcbn65lp_6lmT1/LHCNDQD1/design
	does not match expected value 'in' from tcbn65lp_6lmT1/LHCNDQD1/timing (NDM-032w)
Warning: Direction 'inout' for port VDD on tcbn65lp_6lmT1/LHCNDQD1/design
	does not match expected value 'in' from tcbn65lp_6lmT1/LHCNDQD1/timing (NDM-032w)
Information: Fixed direction mismatches for block LHCNDQD1 (LM-054)
Warning: Direction 'inout' for port VSS on tcbn65lp_6lmT1/LHCNDQD2/design
	does not match expected value 'in' from tcbn65lp_6lmT1/LHCNDQD2/timing (NDM-032w)
Warning: Direction 'inout' for port VDD on tcbn65lp_6lmT1/LHCNDQD2/design
	does not match expected value 'in' from tcbn65lp_6lmT1/LHCNDQD2/timing (NDM-032w)
Information: Fixed direction mismatches for block LHCNDQD2 (LM-054)
Warning: Direction 'inout' for port VSS on tcbn65lp_6lmT1/LHCNDQD4/design
	does not match expected value 'in' from tcbn65lp_6lmT1/LHCNDQD4/timing (NDM-032w)
Warning: Direction 'inout' for port VDD on tcbn65lp_6lmT1/LHCNDQD4/design
	does not match expected value 'in' from tcbn65lp_6lmT1/LHCNDQD4/timing (NDM-032w)
Information: Fixed direction mismatches for block LHCNDQD4 (LM-054)
Warning: Direction 'inout' for port VSS on tcbn65lp_6lmT1/LHCNQD1/design
	does not match expected value 'in' from tcbn65lp_6lmT1/LHCNQD1/timing (NDM-032w)
Warning: Direction 'inout' for port VDD on tcbn65lp_6lmT1/LHCNQD1/design
	does not match expected value 'in' from tcbn65lp_6lmT1/LHCNQD1/timing (NDM-032w)
Information: Fixed direction mismatches for block LHCNQD1 (LM-054)
Warning: Direction 'inout' for port VSS on tcbn65lp_6lmT1/LHCNQD2/design
	does not match expected value 'in' from tcbn65lp_6lmT1/LHCNQD2/timing (NDM-032w)
Warning: Direction 'inout' for port VDD on tcbn65lp_6lmT1/LHCNQD2/design
	does not match expected value 'in' from tcbn65lp_6lmT1/LHCNQD2/timing (NDM-032w)
Information: Fixed direction mismatches for block LHCNQD2 (LM-054)
Warning: Direction 'inout' for port VSS on tcbn65lp_6lmT1/LHCNQD4/design
	does not match expected value 'in' from tcbn65lp_6lmT1/LHCNQD4/timing (NDM-032w)
Warning: Direction 'inout' for port VDD on tcbn65lp_6lmT1/LHCNQD4/design
	does not match expected value 'in' from tcbn65lp_6lmT1/LHCNQD4/timing (NDM-032w)
Information: Fixed direction mismatches for block LHCNQD4 (LM-054)
Warning: Direction 'inout' for port VSS on tcbn65lp_6lmT1/LHCSND1/design
	does not match expected value 'in' from tcbn65lp_6lmT1/LHCSND1/timing (NDM-032w)
Warning: Direction 'inout' for port VDD on tcbn65lp_6lmT1/LHCSND1/design
	does not match expected value 'in' from tcbn65lp_6lmT1/LHCSND1/timing (NDM-032w)
Information: Fixed direction mismatches for block LHCSND1 (LM-054)
Warning: Direction 'inout' for port VSS on tcbn65lp_6lmT1/LHCSND2/design
	does not match expected value 'in' from tcbn65lp_6lmT1/LHCSND2/timing (NDM-032w)
Warning: Direction 'inout' for port VDD on tcbn65lp_6lmT1/LHCSND2/design
	does not match expected value 'in' from tcbn65lp_6lmT1/LHCSND2/timing (NDM-032w)
Information: Fixed direction mismatches for block LHCSND2 (LM-054)
Warning: Direction 'inout' for port VSS on tcbn65lp_6lmT1/LHCSND4/design
	does not match expected value 'in' from tcbn65lp_6lmT1/LHCSND4/timing (NDM-032w)
Warning: Direction 'inout' for port VDD on tcbn65lp_6lmT1/LHCSND4/design
	does not match expected value 'in' from tcbn65lp_6lmT1/LHCSND4/timing (NDM-032w)
Information: Fixed direction mismatches for block LHCSND4 (LM-054)
Warning: Direction 'inout' for port VSS on tcbn65lp_6lmT1/LHCSNDD1/design
	does not match expected value 'in' from tcbn65lp_6lmT1/LHCSNDD1/timing (NDM-032w)
Warning: Direction 'inout' for port VDD on tcbn65lp_6lmT1/LHCSNDD1/design
	does not match expected value 'in' from tcbn65lp_6lmT1/LHCSNDD1/timing (NDM-032w)
Information: Fixed direction mismatches for block LHCSNDD1 (LM-054)
Warning: Direction 'inout' for port VSS on tcbn65lp_6lmT1/LHCSNDD2/design
	does not match expected value 'in' from tcbn65lp_6lmT1/LHCSNDD2/timing (NDM-032w)
Warning: Direction 'inout' for port VDD on tcbn65lp_6lmT1/LHCSNDD2/design
	does not match expected value 'in' from tcbn65lp_6lmT1/LHCSNDD2/timing (NDM-032w)
Information: Fixed direction mismatches for block LHCSNDD2 (LM-054)
Warning: Direction 'inout' for port VSS on tcbn65lp_6lmT1/LHCSNDD4/design
	does not match expected value 'in' from tcbn65lp_6lmT1/LHCSNDD4/timing (NDM-032w)
Warning: Direction 'inout' for port VDD on tcbn65lp_6lmT1/LHCSNDD4/design
	does not match expected value 'in' from tcbn65lp_6lmT1/LHCSNDD4/timing (NDM-032w)
Information: Fixed direction mismatches for block LHCSNDD4 (LM-054)
Warning: Direction 'inout' for port VSS on tcbn65lp_6lmT1/LHCSNDQD1/design
	does not match expected value 'in' from tcbn65lp_6lmT1/LHCSNDQD1/timing (NDM-032w)
Warning: Direction 'inout' for port VDD on tcbn65lp_6lmT1/LHCSNDQD1/design
	does not match expected value 'in' from tcbn65lp_6lmT1/LHCSNDQD1/timing (NDM-032w)
Information: Fixed direction mismatches for block LHCSNDQD1 (LM-054)
Warning: Direction 'inout' for port VSS on tcbn65lp_6lmT1/LHCSNDQD2/design
	does not match expected value 'in' from tcbn65lp_6lmT1/LHCSNDQD2/timing (NDM-032w)
Warning: Direction 'inout' for port VDD on tcbn65lp_6lmT1/LHCSNDQD2/design
	does not match expected value 'in' from tcbn65lp_6lmT1/LHCSNDQD2/timing (NDM-032w)
Information: Fixed direction mismatches for block LHCSNDQD2 (LM-054)
Warning: Direction 'inout' for port VSS on tcbn65lp_6lmT1/LHCSNDQD4/design
	does not match expected value 'in' from tcbn65lp_6lmT1/LHCSNDQD4/timing (NDM-032w)
Warning: Direction 'inout' for port VDD on tcbn65lp_6lmT1/LHCSNDQD4/design
	does not match expected value 'in' from tcbn65lp_6lmT1/LHCSNDQD4/timing (NDM-032w)
Information: Fixed direction mismatches for block LHCSNDQD4 (LM-054)
Warning: Direction 'inout' for port VSS on tcbn65lp_6lmT1/LHCSNQD1/design
	does not match expected value 'in' from tcbn65lp_6lmT1/LHCSNQD1/timing (NDM-032w)
Warning: Direction 'inout' for port VDD on tcbn65lp_6lmT1/LHCSNQD1/design
	does not match expected value 'in' from tcbn65lp_6lmT1/LHCSNQD1/timing (NDM-032w)
Information: Fixed direction mismatches for block LHCSNQD1 (LM-054)
Warning: Direction 'inout' for port VSS on tcbn65lp_6lmT1/LHCSNQD2/design
	does not match expected value 'in' from tcbn65lp_6lmT1/LHCSNQD2/timing (NDM-032w)
Warning: Direction 'inout' for port VDD on tcbn65lp_6lmT1/LHCSNQD2/design
	does not match expected value 'in' from tcbn65lp_6lmT1/LHCSNQD2/timing (NDM-032w)
Information: Fixed direction mismatches for block LHCSNQD2 (LM-054)
Warning: Direction 'inout' for port VSS on tcbn65lp_6lmT1/LHCSNQD4/design
	does not match expected value 'in' from tcbn65lp_6lmT1/LHCSNQD4/timing (NDM-032w)
Warning: Direction 'inout' for port VDD on tcbn65lp_6lmT1/LHCSNQD4/design
	does not match expected value 'in' from tcbn65lp_6lmT1/LHCSNQD4/timing (NDM-032w)
Information: Fixed direction mismatches for block LHCSNQD4 (LM-054)
Warning: Direction 'inout' for port VSS on tcbn65lp_6lmT1/LHD1/design
	does not match expected value 'in' from tcbn65lp_6lmT1/LHD1/timing (NDM-032w)
Warning: Direction 'inout' for port VDD on tcbn65lp_6lmT1/LHD1/design
	does not match expected value 'in' from tcbn65lp_6lmT1/LHD1/timing (NDM-032w)
Information: Fixed direction mismatches for block LHD1 (LM-054)
Warning: Direction 'inout' for port VSS on tcbn65lp_6lmT1/LHD2/design
	does not match expected value 'in' from tcbn65lp_6lmT1/LHD2/timing (NDM-032w)
Warning: Direction 'inout' for port VDD on tcbn65lp_6lmT1/LHD2/design
	does not match expected value 'in' from tcbn65lp_6lmT1/LHD2/timing (NDM-032w)
Information: Fixed direction mismatches for block LHD2 (LM-054)
Warning: Direction 'inout' for port VSS on tcbn65lp_6lmT1/LHD4/design
	does not match expected value 'in' from tcbn65lp_6lmT1/LHD4/timing (NDM-032w)
Warning: Direction 'inout' for port VDD on tcbn65lp_6lmT1/LHD4/design
	does not match expected value 'in' from tcbn65lp_6lmT1/LHD4/timing (NDM-032w)
Information: Fixed direction mismatches for block LHD4 (LM-054)
Warning: Direction 'inout' for port VSS on tcbn65lp_6lmT1/LHQD1/design
	does not match expected value 'in' from tcbn65lp_6lmT1/LHQD1/timing (NDM-032w)
Warning: Direction 'inout' for port VDD on tcbn65lp_6lmT1/LHQD1/design
	does not match expected value 'in' from tcbn65lp_6lmT1/LHQD1/timing (NDM-032w)
Information: Fixed direction mismatches for block LHQD1 (LM-054)
Warning: Direction 'inout' for port VSS on tcbn65lp_6lmT1/LHQD2/design
	does not match expected value 'in' from tcbn65lp_6lmT1/LHQD2/timing (NDM-032w)
Warning: Direction 'inout' for port VDD on tcbn65lp_6lmT1/LHQD2/design
	does not match expected value 'in' from tcbn65lp_6lmT1/LHQD2/timing (NDM-032w)
Information: Fixed direction mismatches for block LHQD2 (LM-054)
Warning: Direction 'inout' for port VSS on tcbn65lp_6lmT1/LHQD4/design
	does not match expected value 'in' from tcbn65lp_6lmT1/LHQD4/timing (NDM-032w)
Warning: Direction 'inout' for port VDD on tcbn65lp_6lmT1/LHQD4/design
	does not match expected value 'in' from tcbn65lp_6lmT1/LHQD4/timing (NDM-032w)
Information: Fixed direction mismatches for block LHQD4 (LM-054)
Warning: Direction 'inout' for port VSS on tcbn65lp_6lmT1/LHSND1/design
	does not match expected value 'in' from tcbn65lp_6lmT1/LHSND1/timing (NDM-032w)
Warning: Direction 'inout' for port VDD on tcbn65lp_6lmT1/LHSND1/design
	does not match expected value 'in' from tcbn65lp_6lmT1/LHSND1/timing (NDM-032w)
Information: Fixed direction mismatches for block LHSND1 (LM-054)
Warning: Direction 'inout' for port VSS on tcbn65lp_6lmT1/LHSND2/design
	does not match expected value 'in' from tcbn65lp_6lmT1/LHSND2/timing (NDM-032w)
Warning: Direction 'inout' for port VDD on tcbn65lp_6lmT1/LHSND2/design
	does not match expected value 'in' from tcbn65lp_6lmT1/LHSND2/timing (NDM-032w)
Information: Fixed direction mismatches for block LHSND2 (LM-054)
Warning: Direction 'inout' for port VSS on tcbn65lp_6lmT1/LHSND4/design
	does not match expected value 'in' from tcbn65lp_6lmT1/LHSND4/timing (NDM-032w)
Warning: Direction 'inout' for port VDD on tcbn65lp_6lmT1/LHSND4/design
	does not match expected value 'in' from tcbn65lp_6lmT1/LHSND4/timing (NDM-032w)
Information: Fixed direction mismatches for block LHSND4 (LM-054)
Warning: Direction 'inout' for port VSS on tcbn65lp_6lmT1/LHSNDD1/design
	does not match expected value 'in' from tcbn65lp_6lmT1/LHSNDD1/timing (NDM-032w)
Warning: Direction 'inout' for port VDD on tcbn65lp_6lmT1/LHSNDD1/design
	does not match expected value 'in' from tcbn65lp_6lmT1/LHSNDD1/timing (NDM-032w)
Information: Fixed direction mismatches for block LHSNDD1 (LM-054)
Warning: Direction 'inout' for port VSS on tcbn65lp_6lmT1/LHSNDD2/design
	does not match expected value 'in' from tcbn65lp_6lmT1/LHSNDD2/timing (NDM-032w)
Warning: Direction 'inout' for port VDD on tcbn65lp_6lmT1/LHSNDD2/design
	does not match expected value 'in' from tcbn65lp_6lmT1/LHSNDD2/timing (NDM-032w)
Information: Fixed direction mismatches for block LHSNDD2 (LM-054)
Warning: Direction 'inout' for port VSS on tcbn65lp_6lmT1/LHSNDD4/design
	does not match expected value 'in' from tcbn65lp_6lmT1/LHSNDD4/timing (NDM-032w)
Warning: Direction 'inout' for port VDD on tcbn65lp_6lmT1/LHSNDD4/design
	does not match expected value 'in' from tcbn65lp_6lmT1/LHSNDD4/timing (NDM-032w)
Information: Fixed direction mismatches for block LHSNDD4 (LM-054)
Warning: Direction 'inout' for port VSS on tcbn65lp_6lmT1/LHSNDQD1/design
	does not match expected value 'in' from tcbn65lp_6lmT1/LHSNDQD1/timing (NDM-032w)
Warning: Direction 'inout' for port VDD on tcbn65lp_6lmT1/LHSNDQD1/design
	does not match expected value 'in' from tcbn65lp_6lmT1/LHSNDQD1/timing (NDM-032w)
Information: Fixed direction mismatches for block LHSNDQD1 (LM-054)
Warning: Direction 'inout' for port VSS on tcbn65lp_6lmT1/LHSNDQD2/design
	does not match expected value 'in' from tcbn65lp_6lmT1/LHSNDQD2/timing (NDM-032w)
Warning: Direction 'inout' for port VDD on tcbn65lp_6lmT1/LHSNDQD2/design
	does not match expected value 'in' from tcbn65lp_6lmT1/LHSNDQD2/timing (NDM-032w)
Information: Fixed direction mismatches for block LHSNDQD2 (LM-054)
Warning: Direction 'inout' for port VSS on tcbn65lp_6lmT1/LHSNDQD4/design
	does not match expected value 'in' from tcbn65lp_6lmT1/LHSNDQD4/timing (NDM-032w)
Warning: Direction 'inout' for port VDD on tcbn65lp_6lmT1/LHSNDQD4/design
	does not match expected value 'in' from tcbn65lp_6lmT1/LHSNDQD4/timing (NDM-032w)
Information: Fixed direction mismatches for block LHSNDQD4 (LM-054)
Warning: Direction 'inout' for port VSS on tcbn65lp_6lmT1/LHSNQD1/design
	does not match expected value 'in' from tcbn65lp_6lmT1/LHSNQD1/timing (NDM-032w)
Warning: Direction 'inout' for port VDD on tcbn65lp_6lmT1/LHSNQD1/design
	does not match expected value 'in' from tcbn65lp_6lmT1/LHSNQD1/timing (NDM-032w)
Information: Fixed direction mismatches for block LHSNQD1 (LM-054)
Warning: Direction 'inout' for port VSS on tcbn65lp_6lmT1/LHSNQD2/design
	does not match expected value 'in' from tcbn65lp_6lmT1/LHSNQD2/timing (NDM-032w)
Warning: Direction 'inout' for port VDD on tcbn65lp_6lmT1/LHSNQD2/design
	does not match expected value 'in' from tcbn65lp_6lmT1/LHSNQD2/timing (NDM-032w)
Information: Fixed direction mismatches for block LHSNQD2 (LM-054)
Warning: Direction 'inout' for port VSS on tcbn65lp_6lmT1/LHSNQD4/design
	does not match expected value 'in' from tcbn65lp_6lmT1/LHSNQD4/timing (NDM-032w)
Warning: Direction 'inout' for port VDD on tcbn65lp_6lmT1/LHSNQD4/design
	does not match expected value 'in' from tcbn65lp_6lmT1/LHSNQD4/timing (NDM-032w)
Information: Fixed direction mismatches for block LHSNQD4 (LM-054)
Warning: Direction 'inout' for port VSS on tcbn65lp_6lmT1/LNCND1/design
	does not match expected value 'in' from tcbn65lp_6lmT1/LNCND1/timing (NDM-032w)
Warning: Direction 'inout' for port VDD on tcbn65lp_6lmT1/LNCND1/design
	does not match expected value 'in' from tcbn65lp_6lmT1/LNCND1/timing (NDM-032w)
Information: Fixed direction mismatches for block LNCND1 (LM-054)
Warning: Direction 'inout' for port VSS on tcbn65lp_6lmT1/LNCND2/design
	does not match expected value 'in' from tcbn65lp_6lmT1/LNCND2/timing (NDM-032w)
Warning: Direction 'inout' for port VDD on tcbn65lp_6lmT1/LNCND2/design
	does not match expected value 'in' from tcbn65lp_6lmT1/LNCND2/timing (NDM-032w)
Information: Fixed direction mismatches for block LNCND2 (LM-054)
Warning: Direction 'inout' for port VSS on tcbn65lp_6lmT1/LNCND4/design
	does not match expected value 'in' from tcbn65lp_6lmT1/LNCND4/timing (NDM-032w)
Warning: Direction 'inout' for port VDD on tcbn65lp_6lmT1/LNCND4/design
	does not match expected value 'in' from tcbn65lp_6lmT1/LNCND4/timing (NDM-032w)
Information: Fixed direction mismatches for block LNCND4 (LM-054)
Warning: Direction 'inout' for port VSS on tcbn65lp_6lmT1/LNCNDD1/design
	does not match expected value 'in' from tcbn65lp_6lmT1/LNCNDD1/timing (NDM-032w)
Warning: Direction 'inout' for port VDD on tcbn65lp_6lmT1/LNCNDD1/design
	does not match expected value 'in' from tcbn65lp_6lmT1/LNCNDD1/timing (NDM-032w)
Information: Fixed direction mismatches for block LNCNDD1 (LM-054)
Warning: Direction 'inout' for port VSS on tcbn65lp_6lmT1/LNCNDD2/design
	does not match expected value 'in' from tcbn65lp_6lmT1/LNCNDD2/timing (NDM-032w)
Warning: Direction 'inout' for port VDD on tcbn65lp_6lmT1/LNCNDD2/design
	does not match expected value 'in' from tcbn65lp_6lmT1/LNCNDD2/timing (NDM-032w)
Information: Fixed direction mismatches for block LNCNDD2 (LM-054)
Warning: Direction 'inout' for port VSS on tcbn65lp_6lmT1/LNCNDD4/design
	does not match expected value 'in' from tcbn65lp_6lmT1/LNCNDD4/timing (NDM-032w)
Warning: Direction 'inout' for port VDD on tcbn65lp_6lmT1/LNCNDD4/design
	does not match expected value 'in' from tcbn65lp_6lmT1/LNCNDD4/timing (NDM-032w)
Information: Fixed direction mismatches for block LNCNDD4 (LM-054)
Warning: Direction 'inout' for port VSS on tcbn65lp_6lmT1/LNCNDQD1/design
	does not match expected value 'in' from tcbn65lp_6lmT1/LNCNDQD1/timing (NDM-032w)
Warning: Direction 'inout' for port VDD on tcbn65lp_6lmT1/LNCNDQD1/design
	does not match expected value 'in' from tcbn65lp_6lmT1/LNCNDQD1/timing (NDM-032w)
Information: Fixed direction mismatches for block LNCNDQD1 (LM-054)
Warning: Direction 'inout' for port VSS on tcbn65lp_6lmT1/LNCNDQD2/design
	does not match expected value 'in' from tcbn65lp_6lmT1/LNCNDQD2/timing (NDM-032w)
Warning: Direction 'inout' for port VDD on tcbn65lp_6lmT1/LNCNDQD2/design
	does not match expected value 'in' from tcbn65lp_6lmT1/LNCNDQD2/timing (NDM-032w)
Information: Fixed direction mismatches for block LNCNDQD2 (LM-054)
Warning: Direction 'inout' for port VSS on tcbn65lp_6lmT1/LNCNDQD4/design
	does not match expected value 'in' from tcbn65lp_6lmT1/LNCNDQD4/timing (NDM-032w)
Warning: Direction 'inout' for port VDD on tcbn65lp_6lmT1/LNCNDQD4/design
	does not match expected value 'in' from tcbn65lp_6lmT1/LNCNDQD4/timing (NDM-032w)
Information: Fixed direction mismatches for block LNCNDQD4 (LM-054)
Warning: Direction 'inout' for port VSS on tcbn65lp_6lmT1/LNCNQD1/design
	does not match expected value 'in' from tcbn65lp_6lmT1/LNCNQD1/timing (NDM-032w)
Warning: Direction 'inout' for port VDD on tcbn65lp_6lmT1/LNCNQD1/design
	does not match expected value 'in' from tcbn65lp_6lmT1/LNCNQD1/timing (NDM-032w)
Information: Fixed direction mismatches for block LNCNQD1 (LM-054)
Warning: Direction 'inout' for port VSS on tcbn65lp_6lmT1/LNCNQD2/design
	does not match expected value 'in' from tcbn65lp_6lmT1/LNCNQD2/timing (NDM-032w)
Warning: Direction 'inout' for port VDD on tcbn65lp_6lmT1/LNCNQD2/design
	does not match expected value 'in' from tcbn65lp_6lmT1/LNCNQD2/timing (NDM-032w)
Information: Fixed direction mismatches for block LNCNQD2 (LM-054)
Warning: Direction 'inout' for port VSS on tcbn65lp_6lmT1/LNCNQD4/design
	does not match expected value 'in' from tcbn65lp_6lmT1/LNCNQD4/timing (NDM-032w)
Warning: Direction 'inout' for port VDD on tcbn65lp_6lmT1/LNCNQD4/design
	does not match expected value 'in' from tcbn65lp_6lmT1/LNCNQD4/timing (NDM-032w)
Information: Fixed direction mismatches for block LNCNQD4 (LM-054)
Warning: Direction 'inout' for port VSS on tcbn65lp_6lmT1/LNCSND1/design
	does not match expected value 'in' from tcbn65lp_6lmT1/LNCSND1/timing (NDM-032w)
Warning: Direction 'inout' for port VDD on tcbn65lp_6lmT1/LNCSND1/design
	does not match expected value 'in' from tcbn65lp_6lmT1/LNCSND1/timing (NDM-032w)
Information: Fixed direction mismatches for block LNCSND1 (LM-054)
Warning: Direction 'inout' for port VSS on tcbn65lp_6lmT1/LNCSND2/design
	does not match expected value 'in' from tcbn65lp_6lmT1/LNCSND2/timing (NDM-032w)
Warning: Direction 'inout' for port VDD on tcbn65lp_6lmT1/LNCSND2/design
	does not match expected value 'in' from tcbn65lp_6lmT1/LNCSND2/timing (NDM-032w)
Information: Fixed direction mismatches for block LNCSND2 (LM-054)
Warning: Direction 'inout' for port VSS on tcbn65lp_6lmT1/LNCSND4/design
	does not match expected value 'in' from tcbn65lp_6lmT1/LNCSND4/timing (NDM-032w)
Warning: Direction 'inout' for port VDD on tcbn65lp_6lmT1/LNCSND4/design
	does not match expected value 'in' from tcbn65lp_6lmT1/LNCSND4/timing (NDM-032w)
Information: Fixed direction mismatches for block LNCSND4 (LM-054)
Warning: Direction 'inout' for port VSS on tcbn65lp_6lmT1/LNCSNDD1/design
	does not match expected value 'in' from tcbn65lp_6lmT1/LNCSNDD1/timing (NDM-032w)
Warning: Direction 'inout' for port VDD on tcbn65lp_6lmT1/LNCSNDD1/design
	does not match expected value 'in' from tcbn65lp_6lmT1/LNCSNDD1/timing (NDM-032w)
Information: Fixed direction mismatches for block LNCSNDD1 (LM-054)
Warning: Direction 'inout' for port VSS on tcbn65lp_6lmT1/LNCSNDD2/design
	does not match expected value 'in' from tcbn65lp_6lmT1/LNCSNDD2/timing (NDM-032w)
Warning: Direction 'inout' for port VDD on tcbn65lp_6lmT1/LNCSNDD2/design
	does not match expected value 'in' from tcbn65lp_6lmT1/LNCSNDD2/timing (NDM-032w)
Information: Fixed direction mismatches for block LNCSNDD2 (LM-054)
Warning: Direction 'inout' for port VSS on tcbn65lp_6lmT1/LNCSNDD4/design
	does not match expected value 'in' from tcbn65lp_6lmT1/LNCSNDD4/timing (NDM-032w)
Warning: Direction 'inout' for port VDD on tcbn65lp_6lmT1/LNCSNDD4/design
	does not match expected value 'in' from tcbn65lp_6lmT1/LNCSNDD4/timing (NDM-032w)
Information: Fixed direction mismatches for block LNCSNDD4 (LM-054)
Warning: Direction 'inout' for port VSS on tcbn65lp_6lmT1/LNCSNDQD1/design
	does not match expected value 'in' from tcbn65lp_6lmT1/LNCSNDQD1/timing (NDM-032w)
Warning: Direction 'inout' for port VDD on tcbn65lp_6lmT1/LNCSNDQD1/design
	does not match expected value 'in' from tcbn65lp_6lmT1/LNCSNDQD1/timing (NDM-032w)
Information: Fixed direction mismatches for block LNCSNDQD1 (LM-054)
Warning: Direction 'inout' for port VSS on tcbn65lp_6lmT1/LNCSNDQD2/design
	does not match expected value 'in' from tcbn65lp_6lmT1/LNCSNDQD2/timing (NDM-032w)
Warning: Direction 'inout' for port VDD on tcbn65lp_6lmT1/LNCSNDQD2/design
	does not match expected value 'in' from tcbn65lp_6lmT1/LNCSNDQD2/timing (NDM-032w)
Information: Fixed direction mismatches for block LNCSNDQD2 (LM-054)
Warning: Direction 'inout' for port VSS on tcbn65lp_6lmT1/LNCSNDQD4/design
	does not match expected value 'in' from tcbn65lp_6lmT1/LNCSNDQD4/timing (NDM-032w)
Warning: Direction 'inout' for port VDD on tcbn65lp_6lmT1/LNCSNDQD4/design
	does not match expected value 'in' from tcbn65lp_6lmT1/LNCSNDQD4/timing (NDM-032w)
Information: Fixed direction mismatches for block LNCSNDQD4 (LM-054)
Warning: Direction 'inout' for port VSS on tcbn65lp_6lmT1/LNCSNQD1/design
	does not match expected value 'in' from tcbn65lp_6lmT1/LNCSNQD1/timing (NDM-032w)
Warning: Direction 'inout' for port VDD on tcbn65lp_6lmT1/LNCSNQD1/design
	does not match expected value 'in' from tcbn65lp_6lmT1/LNCSNQD1/timing (NDM-032w)
Information: Fixed direction mismatches for block LNCSNQD1 (LM-054)
Warning: Direction 'inout' for port VSS on tcbn65lp_6lmT1/LNCSNQD2/design
	does not match expected value 'in' from tcbn65lp_6lmT1/LNCSNQD2/timing (NDM-032w)
Warning: Direction 'inout' for port VDD on tcbn65lp_6lmT1/LNCSNQD2/design
	does not match expected value 'in' from tcbn65lp_6lmT1/LNCSNQD2/timing (NDM-032w)
Information: Fixed direction mismatches for block LNCSNQD2 (LM-054)
Warning: Direction 'inout' for port VSS on tcbn65lp_6lmT1/LNCSNQD4/design
	does not match expected value 'in' from tcbn65lp_6lmT1/LNCSNQD4/timing (NDM-032w)
Warning: Direction 'inout' for port VDD on tcbn65lp_6lmT1/LNCSNQD4/design
	does not match expected value 'in' from tcbn65lp_6lmT1/LNCSNQD4/timing (NDM-032w)
Information: Fixed direction mismatches for block LNCSNQD4 (LM-054)
Warning: Direction 'inout' for port VSS on tcbn65lp_6lmT1/LND1/design
	does not match expected value 'in' from tcbn65lp_6lmT1/LND1/timing (NDM-032w)
Warning: Direction 'inout' for port VDD on tcbn65lp_6lmT1/LND1/design
	does not match expected value 'in' from tcbn65lp_6lmT1/LND1/timing (NDM-032w)
Information: Fixed direction mismatches for block LND1 (LM-054)
Warning: Direction 'inout' for port VSS on tcbn65lp_6lmT1/LND2/design
	does not match expected value 'in' from tcbn65lp_6lmT1/LND2/timing (NDM-032w)
Warning: Direction 'inout' for port VDD on tcbn65lp_6lmT1/LND2/design
	does not match expected value 'in' from tcbn65lp_6lmT1/LND2/timing (NDM-032w)
Information: Fixed direction mismatches for block LND2 (LM-054)
Warning: Direction 'inout' for port VSS on tcbn65lp_6lmT1/LND4/design
	does not match expected value 'in' from tcbn65lp_6lmT1/LND4/timing (NDM-032w)
Warning: Direction 'inout' for port VDD on tcbn65lp_6lmT1/LND4/design
	does not match expected value 'in' from tcbn65lp_6lmT1/LND4/timing (NDM-032w)
Information: Fixed direction mismatches for block LND4 (LM-054)
Warning: Direction 'inout' for port VSS on tcbn65lp_6lmT1/LNQD1/design
	does not match expected value 'in' from tcbn65lp_6lmT1/LNQD1/timing (NDM-032w)
Warning: Direction 'inout' for port VDD on tcbn65lp_6lmT1/LNQD1/design
	does not match expected value 'in' from tcbn65lp_6lmT1/LNQD1/timing (NDM-032w)
Information: Fixed direction mismatches for block LNQD1 (LM-054)
Warning: Direction 'inout' for port VSS on tcbn65lp_6lmT1/LNQD2/design
	does not match expected value 'in' from tcbn65lp_6lmT1/LNQD2/timing (NDM-032w)
Warning: Direction 'inout' for port VDD on tcbn65lp_6lmT1/LNQD2/design
	does not match expected value 'in' from tcbn65lp_6lmT1/LNQD2/timing (NDM-032w)
Information: Fixed direction mismatches for block LNQD2 (LM-054)
Warning: Direction 'inout' for port VSS on tcbn65lp_6lmT1/LNQD4/design
	does not match expected value 'in' from tcbn65lp_6lmT1/LNQD4/timing (NDM-032w)
Warning: Direction 'inout' for port VDD on tcbn65lp_6lmT1/LNQD4/design
	does not match expected value 'in' from tcbn65lp_6lmT1/LNQD4/timing (NDM-032w)
Information: Fixed direction mismatches for block LNQD4 (LM-054)
Warning: Direction 'inout' for port VSS on tcbn65lp_6lmT1/LNSND1/design
	does not match expected value 'in' from tcbn65lp_6lmT1/LNSND1/timing (NDM-032w)
Warning: Direction 'inout' for port VDD on tcbn65lp_6lmT1/LNSND1/design
	does not match expected value 'in' from tcbn65lp_6lmT1/LNSND1/timing (NDM-032w)
Information: Fixed direction mismatches for block LNSND1 (LM-054)
Warning: Direction 'inout' for port VSS on tcbn65lp_6lmT1/LNSND2/design
	does not match expected value 'in' from tcbn65lp_6lmT1/LNSND2/timing (NDM-032w)
Warning: Direction 'inout' for port VDD on tcbn65lp_6lmT1/LNSND2/design
	does not match expected value 'in' from tcbn65lp_6lmT1/LNSND2/timing (NDM-032w)
Information: Fixed direction mismatches for block LNSND2 (LM-054)
Warning: Direction 'inout' for port VSS on tcbn65lp_6lmT1/LNSND4/design
	does not match expected value 'in' from tcbn65lp_6lmT1/LNSND4/timing (NDM-032w)
Warning: Direction 'inout' for port VDD on tcbn65lp_6lmT1/LNSND4/design
	does not match expected value 'in' from tcbn65lp_6lmT1/LNSND4/timing (NDM-032w)
Information: Fixed direction mismatches for block LNSND4 (LM-054)
Warning: Direction 'inout' for port VSS on tcbn65lp_6lmT1/LNSNDD1/design
	does not match expected value 'in' from tcbn65lp_6lmT1/LNSNDD1/timing (NDM-032w)
Warning: Direction 'inout' for port VDD on tcbn65lp_6lmT1/LNSNDD1/design
	does not match expected value 'in' from tcbn65lp_6lmT1/LNSNDD1/timing (NDM-032w)
Information: Fixed direction mismatches for block LNSNDD1 (LM-054)
Warning: Direction 'inout' for port VSS on tcbn65lp_6lmT1/LNSNDD2/design
	does not match expected value 'in' from tcbn65lp_6lmT1/LNSNDD2/timing (NDM-032w)
Warning: Direction 'inout' for port VDD on tcbn65lp_6lmT1/LNSNDD2/design
	does not match expected value 'in' from tcbn65lp_6lmT1/LNSNDD2/timing (NDM-032w)
Information: Fixed direction mismatches for block LNSNDD2 (LM-054)
Warning: Direction 'inout' for port VSS on tcbn65lp_6lmT1/LNSNDD4/design
	does not match expected value 'in' from tcbn65lp_6lmT1/LNSNDD4/timing (NDM-032w)
Warning: Direction 'inout' for port VDD on tcbn65lp_6lmT1/LNSNDD4/design
	does not match expected value 'in' from tcbn65lp_6lmT1/LNSNDD4/timing (NDM-032w)
Information: Fixed direction mismatches for block LNSNDD4 (LM-054)
Warning: Direction 'inout' for port VSS on tcbn65lp_6lmT1/LNSNDQD1/design
	does not match expected value 'in' from tcbn65lp_6lmT1/LNSNDQD1/timing (NDM-032w)
Warning: Direction 'inout' for port VDD on tcbn65lp_6lmT1/LNSNDQD1/design
	does not match expected value 'in' from tcbn65lp_6lmT1/LNSNDQD1/timing (NDM-032w)
Information: Fixed direction mismatches for block LNSNDQD1 (LM-054)
Warning: Direction 'inout' for port VSS on tcbn65lp_6lmT1/LNSNDQD2/design
	does not match expected value 'in' from tcbn65lp_6lmT1/LNSNDQD2/timing (NDM-032w)
Warning: Direction 'inout' for port VDD on tcbn65lp_6lmT1/LNSNDQD2/design
	does not match expected value 'in' from tcbn65lp_6lmT1/LNSNDQD2/timing (NDM-032w)
Information: Fixed direction mismatches for block LNSNDQD2 (LM-054)
Warning: Direction 'inout' for port VSS on tcbn65lp_6lmT1/LNSNDQD4/design
	does not match expected value 'in' from tcbn65lp_6lmT1/LNSNDQD4/timing (NDM-032w)
Warning: Direction 'inout' for port VDD on tcbn65lp_6lmT1/LNSNDQD4/design
	does not match expected value 'in' from tcbn65lp_6lmT1/LNSNDQD4/timing (NDM-032w)
Information: Fixed direction mismatches for block LNSNDQD4 (LM-054)
Warning: Direction 'inout' for port VSS on tcbn65lp_6lmT1/LNSNQD1/design
	does not match expected value 'in' from tcbn65lp_6lmT1/LNSNQD1/timing (NDM-032w)
Warning: Direction 'inout' for port VDD on tcbn65lp_6lmT1/LNSNQD1/design
	does not match expected value 'in' from tcbn65lp_6lmT1/LNSNQD1/timing (NDM-032w)
Information: Fixed direction mismatches for block LNSNQD1 (LM-054)
Warning: Direction 'inout' for port VSS on tcbn65lp_6lmT1/LNSNQD2/design
	does not match expected value 'in' from tcbn65lp_6lmT1/LNSNQD2/timing (NDM-032w)
Warning: Direction 'inout' for port VDD on tcbn65lp_6lmT1/LNSNQD2/design
	does not match expected value 'in' from tcbn65lp_6lmT1/LNSNQD2/timing (NDM-032w)
Information: Fixed direction mismatches for block LNSNQD2 (LM-054)
Warning: Direction 'inout' for port VSS on tcbn65lp_6lmT1/LNSNQD4/design
	does not match expected value 'in' from tcbn65lp_6lmT1/LNSNQD4/timing (NDM-032w)
Warning: Direction 'inout' for port VDD on tcbn65lp_6lmT1/LNSNQD4/design
	does not match expected value 'in' from tcbn65lp_6lmT1/LNSNQD4/timing (NDM-032w)
Information: Fixed direction mismatches for block LNSNQD4 (LM-054)
Warning: Direction 'inout' for port VSS on tcbn65lp_6lmT1/MAOI222D0/design
	does not match expected value 'in' from tcbn65lp_6lmT1/MAOI222D0/timing (NDM-032w)
Warning: Direction 'inout' for port VDD on tcbn65lp_6lmT1/MAOI222D0/design
	does not match expected value 'in' from tcbn65lp_6lmT1/MAOI222D0/timing (NDM-032w)
Information: Fixed direction mismatches for block MAOI222D0 (LM-054)
Warning: Direction 'inout' for port VSS on tcbn65lp_6lmT1/MAOI222D1/design
	does not match expected value 'in' from tcbn65lp_6lmT1/MAOI222D1/timing (NDM-032w)
Warning: Direction 'inout' for port VDD on tcbn65lp_6lmT1/MAOI222D1/design
	does not match expected value 'in' from tcbn65lp_6lmT1/MAOI222D1/timing (NDM-032w)
Information: Fixed direction mismatches for block MAOI222D1 (LM-054)
Warning: Direction 'inout' for port VSS on tcbn65lp_6lmT1/MAOI222D2/design
	does not match expected value 'in' from tcbn65lp_6lmT1/MAOI222D2/timing (NDM-032w)
Warning: Direction 'inout' for port VDD on tcbn65lp_6lmT1/MAOI222D2/design
	does not match expected value 'in' from tcbn65lp_6lmT1/MAOI222D2/timing (NDM-032w)
Information: Fixed direction mismatches for block MAOI222D2 (LM-054)
Warning: Direction 'inout' for port VSS on tcbn65lp_6lmT1/MAOI222D4/design
	does not match expected value 'in' from tcbn65lp_6lmT1/MAOI222D4/timing (NDM-032w)
Warning: Direction 'inout' for port VDD on tcbn65lp_6lmT1/MAOI222D4/design
	does not match expected value 'in' from tcbn65lp_6lmT1/MAOI222D4/timing (NDM-032w)
Information: Fixed direction mismatches for block MAOI222D4 (LM-054)
Warning: Direction 'inout' for port VSS on tcbn65lp_6lmT1/MAOI22D0/design
	does not match expected value 'in' from tcbn65lp_6lmT1/MAOI22D0/timing (NDM-032w)
Warning: Direction 'inout' for port VDD on tcbn65lp_6lmT1/MAOI22D0/design
	does not match expected value 'in' from tcbn65lp_6lmT1/MAOI22D0/timing (NDM-032w)
Information: Fixed direction mismatches for block MAOI22D0 (LM-054)
Warning: Direction 'inout' for port VSS on tcbn65lp_6lmT1/MAOI22D1/design
	does not match expected value 'in' from tcbn65lp_6lmT1/MAOI22D1/timing (NDM-032w)
Warning: Direction 'inout' for port VDD on tcbn65lp_6lmT1/MAOI22D1/design
	does not match expected value 'in' from tcbn65lp_6lmT1/MAOI22D1/timing (NDM-032w)
Information: Fixed direction mismatches for block MAOI22D1 (LM-054)
Warning: Direction 'inout' for port VSS on tcbn65lp_6lmT1/MAOI22D2/design
	does not match expected value 'in' from tcbn65lp_6lmT1/MAOI22D2/timing (NDM-032w)
Warning: Direction 'inout' for port VDD on tcbn65lp_6lmT1/MAOI22D2/design
	does not match expected value 'in' from tcbn65lp_6lmT1/MAOI22D2/timing (NDM-032w)
Information: Fixed direction mismatches for block MAOI22D2 (LM-054)
Warning: Direction 'inout' for port VSS on tcbn65lp_6lmT1/MAOI22D4/design
	does not match expected value 'in' from tcbn65lp_6lmT1/MAOI22D4/timing (NDM-032w)
Warning: Direction 'inout' for port VDD on tcbn65lp_6lmT1/MAOI22D4/design
	does not match expected value 'in' from tcbn65lp_6lmT1/MAOI22D4/timing (NDM-032w)
Information: Fixed direction mismatches for block MAOI22D4 (LM-054)
Warning: Direction 'inout' for port VSS on tcbn65lp_6lmT1/MOAI22D0/design
	does not match expected value 'in' from tcbn65lp_6lmT1/MOAI22D0/timing (NDM-032w)
Warning: Direction 'inout' for port VDD on tcbn65lp_6lmT1/MOAI22D0/design
	does not match expected value 'in' from tcbn65lp_6lmT1/MOAI22D0/timing (NDM-032w)
Information: Fixed direction mismatches for block MOAI22D0 (LM-054)
Warning: Direction 'inout' for port VSS on tcbn65lp_6lmT1/MOAI22D1/design
	does not match expected value 'in' from tcbn65lp_6lmT1/MOAI22D1/timing (NDM-032w)
Warning: Direction 'inout' for port VDD on tcbn65lp_6lmT1/MOAI22D1/design
	does not match expected value 'in' from tcbn65lp_6lmT1/MOAI22D1/timing (NDM-032w)
Information: Fixed direction mismatches for block MOAI22D1 (LM-054)
Warning: Direction 'inout' for port VSS on tcbn65lp_6lmT1/MOAI22D2/design
	does not match expected value 'in' from tcbn65lp_6lmT1/MOAI22D2/timing (NDM-032w)
Warning: Direction 'inout' for port VDD on tcbn65lp_6lmT1/MOAI22D2/design
	does not match expected value 'in' from tcbn65lp_6lmT1/MOAI22D2/timing (NDM-032w)
Information: Fixed direction mismatches for block MOAI22D2 (LM-054)
Warning: Direction 'inout' for port VSS on tcbn65lp_6lmT1/MOAI22D4/design
	does not match expected value 'in' from tcbn65lp_6lmT1/MOAI22D4/timing (NDM-032w)
Warning: Direction 'inout' for port VDD on tcbn65lp_6lmT1/MOAI22D4/design
	does not match expected value 'in' from tcbn65lp_6lmT1/MOAI22D4/timing (NDM-032w)
Information: Fixed direction mismatches for block MOAI22D4 (LM-054)
Warning: Direction 'inout' for port VSS on tcbn65lp_6lmT1/MUX2D0/design
	does not match expected value 'in' from tcbn65lp_6lmT1/MUX2D0/timing (NDM-032w)
Warning: Direction 'inout' for port VDD on tcbn65lp_6lmT1/MUX2D0/design
	does not match expected value 'in' from tcbn65lp_6lmT1/MUX2D0/timing (NDM-032w)
Information: Fixed direction mismatches for block MUX2D0 (LM-054)
Warning: Direction 'inout' for port VSS on tcbn65lp_6lmT1/MUX2D1/design
	does not match expected value 'in' from tcbn65lp_6lmT1/MUX2D1/timing (NDM-032w)
Warning: Direction 'inout' for port VDD on tcbn65lp_6lmT1/MUX2D1/design
	does not match expected value 'in' from tcbn65lp_6lmT1/MUX2D1/timing (NDM-032w)
Information: Fixed direction mismatches for block MUX2D1 (LM-054)
Warning: Direction 'inout' for port VSS on tcbn65lp_6lmT1/MUX2D2/design
	does not match expected value 'in' from tcbn65lp_6lmT1/MUX2D2/timing (NDM-032w)
Warning: Direction 'inout' for port VDD on tcbn65lp_6lmT1/MUX2D2/design
	does not match expected value 'in' from tcbn65lp_6lmT1/MUX2D2/timing (NDM-032w)
Information: Fixed direction mismatches for block MUX2D2 (LM-054)
Warning: Direction 'inout' for port VSS on tcbn65lp_6lmT1/MUX2D4/design
	does not match expected value 'in' from tcbn65lp_6lmT1/MUX2D4/timing (NDM-032w)
Warning: Direction 'inout' for port VDD on tcbn65lp_6lmT1/MUX2D4/design
	does not match expected value 'in' from tcbn65lp_6lmT1/MUX2D4/timing (NDM-032w)
Information: Fixed direction mismatches for block MUX2D4 (LM-054)
Warning: Direction 'inout' for port VSS on tcbn65lp_6lmT1/MUX2ND0/design
	does not match expected value 'in' from tcbn65lp_6lmT1/MUX2ND0/timing (NDM-032w)
Warning: Direction 'inout' for port VDD on tcbn65lp_6lmT1/MUX2ND0/design
	does not match expected value 'in' from tcbn65lp_6lmT1/MUX2ND0/timing (NDM-032w)
Information: Fixed direction mismatches for block MUX2ND0 (LM-054)
Warning: Direction 'inout' for port VSS on tcbn65lp_6lmT1/MUX2ND1/design
	does not match expected value 'in' from tcbn65lp_6lmT1/MUX2ND1/timing (NDM-032w)
Warning: Direction 'inout' for port VDD on tcbn65lp_6lmT1/MUX2ND1/design
	does not match expected value 'in' from tcbn65lp_6lmT1/MUX2ND1/timing (NDM-032w)
Information: Fixed direction mismatches for block MUX2ND1 (LM-054)
Warning: Direction 'inout' for port VSS on tcbn65lp_6lmT1/MUX2ND2/design
	does not match expected value 'in' from tcbn65lp_6lmT1/MUX2ND2/timing (NDM-032w)
Warning: Direction 'inout' for port VDD on tcbn65lp_6lmT1/MUX2ND2/design
	does not match expected value 'in' from tcbn65lp_6lmT1/MUX2ND2/timing (NDM-032w)
Information: Fixed direction mismatches for block MUX2ND2 (LM-054)
Warning: Direction 'inout' for port VSS on tcbn65lp_6lmT1/MUX2ND4/design
	does not match expected value 'in' from tcbn65lp_6lmT1/MUX2ND4/timing (NDM-032w)
Warning: Direction 'inout' for port VDD on tcbn65lp_6lmT1/MUX2ND4/design
	does not match expected value 'in' from tcbn65lp_6lmT1/MUX2ND4/timing (NDM-032w)
Information: Fixed direction mismatches for block MUX2ND4 (LM-054)
Warning: Direction 'inout' for port VSS on tcbn65lp_6lmT1/MUX3D0/design
	does not match expected value 'in' from tcbn65lp_6lmT1/MUX3D0/timing (NDM-032w)
Warning: Direction 'inout' for port VDD on tcbn65lp_6lmT1/MUX3D0/design
	does not match expected value 'in' from tcbn65lp_6lmT1/MUX3D0/timing (NDM-032w)
Information: Fixed direction mismatches for block MUX3D0 (LM-054)
Warning: Direction 'inout' for port VSS on tcbn65lp_6lmT1/MUX3D1/design
	does not match expected value 'in' from tcbn65lp_6lmT1/MUX3D1/timing (NDM-032w)
Warning: Direction 'inout' for port VDD on tcbn65lp_6lmT1/MUX3D1/design
	does not match expected value 'in' from tcbn65lp_6lmT1/MUX3D1/timing (NDM-032w)
Information: Fixed direction mismatches for block MUX3D1 (LM-054)
Warning: Direction 'inout' for port VSS on tcbn65lp_6lmT1/MUX3D2/design
	does not match expected value 'in' from tcbn65lp_6lmT1/MUX3D2/timing (NDM-032w)
Warning: Direction 'inout' for port VDD on tcbn65lp_6lmT1/MUX3D2/design
	does not match expected value 'in' from tcbn65lp_6lmT1/MUX3D2/timing (NDM-032w)
Information: Fixed direction mismatches for block MUX3D2 (LM-054)
Warning: Direction 'inout' for port VSS on tcbn65lp_6lmT1/MUX3D4/design
	does not match expected value 'in' from tcbn65lp_6lmT1/MUX3D4/timing (NDM-032w)
Warning: Direction 'inout' for port VDD on tcbn65lp_6lmT1/MUX3D4/design
	does not match expected value 'in' from tcbn65lp_6lmT1/MUX3D4/timing (NDM-032w)
Information: Fixed direction mismatches for block MUX3D4 (LM-054)
Warning: Direction 'inout' for port VSS on tcbn65lp_6lmT1/MUX3ND0/design
	does not match expected value 'in' from tcbn65lp_6lmT1/MUX3ND0/timing (NDM-032w)
Warning: Direction 'inout' for port VDD on tcbn65lp_6lmT1/MUX3ND0/design
	does not match expected value 'in' from tcbn65lp_6lmT1/MUX3ND0/timing (NDM-032w)
Information: Fixed direction mismatches for block MUX3ND0 (LM-054)
Warning: Direction 'inout' for port VSS on tcbn65lp_6lmT1/MUX3ND1/design
	does not match expected value 'in' from tcbn65lp_6lmT1/MUX3ND1/timing (NDM-032w)
Warning: Direction 'inout' for port VDD on tcbn65lp_6lmT1/MUX3ND1/design
	does not match expected value 'in' from tcbn65lp_6lmT1/MUX3ND1/timing (NDM-032w)
Information: Fixed direction mismatches for block MUX3ND1 (LM-054)
Warning: Direction 'inout' for port VSS on tcbn65lp_6lmT1/MUX3ND2/design
	does not match expected value 'in' from tcbn65lp_6lmT1/MUX3ND2/timing (NDM-032w)
Warning: Direction 'inout' for port VDD on tcbn65lp_6lmT1/MUX3ND2/design
	does not match expected value 'in' from tcbn65lp_6lmT1/MUX3ND2/timing (NDM-032w)
Information: Fixed direction mismatches for block MUX3ND2 (LM-054)
Warning: Direction 'inout' for port VSS on tcbn65lp_6lmT1/MUX3ND4/design
	does not match expected value 'in' from tcbn65lp_6lmT1/MUX3ND4/timing (NDM-032w)
Warning: Direction 'inout' for port VDD on tcbn65lp_6lmT1/MUX3ND4/design
	does not match expected value 'in' from tcbn65lp_6lmT1/MUX3ND4/timing (NDM-032w)
Information: Fixed direction mismatches for block MUX3ND4 (LM-054)
Warning: Direction 'inout' for port VSS on tcbn65lp_6lmT1/MUX4D0/design
	does not match expected value 'in' from tcbn65lp_6lmT1/MUX4D0/timing (NDM-032w)
Warning: Direction 'inout' for port VDD on tcbn65lp_6lmT1/MUX4D0/design
	does not match expected value 'in' from tcbn65lp_6lmT1/MUX4D0/timing (NDM-032w)
Information: Fixed direction mismatches for block MUX4D0 (LM-054)
Warning: Direction 'inout' for port VSS on tcbn65lp_6lmT1/MUX4D1/design
	does not match expected value 'in' from tcbn65lp_6lmT1/MUX4D1/timing (NDM-032w)
Warning: Direction 'inout' for port VDD on tcbn65lp_6lmT1/MUX4D1/design
	does not match expected value 'in' from tcbn65lp_6lmT1/MUX4D1/timing (NDM-032w)
Information: Fixed direction mismatches for block MUX4D1 (LM-054)
Warning: Direction 'inout' for port VSS on tcbn65lp_6lmT1/MUX4D2/design
	does not match expected value 'in' from tcbn65lp_6lmT1/MUX4D2/timing (NDM-032w)
Warning: Direction 'inout' for port VDD on tcbn65lp_6lmT1/MUX4D2/design
	does not match expected value 'in' from tcbn65lp_6lmT1/MUX4D2/timing (NDM-032w)
Information: Fixed direction mismatches for block MUX4D2 (LM-054)
Warning: Direction 'inout' for port VSS on tcbn65lp_6lmT1/MUX4D4/design
	does not match expected value 'in' from tcbn65lp_6lmT1/MUX4D4/timing (NDM-032w)
Warning: Direction 'inout' for port VDD on tcbn65lp_6lmT1/MUX4D4/design
	does not match expected value 'in' from tcbn65lp_6lmT1/MUX4D4/timing (NDM-032w)
Information: Fixed direction mismatches for block MUX4D4 (LM-054)
Warning: Direction 'inout' for port VSS on tcbn65lp_6lmT1/MUX4ND0/design
	does not match expected value 'in' from tcbn65lp_6lmT1/MUX4ND0/timing (NDM-032w)
Warning: Direction 'inout' for port VDD on tcbn65lp_6lmT1/MUX4ND0/design
	does not match expected value 'in' from tcbn65lp_6lmT1/MUX4ND0/timing (NDM-032w)
Information: Fixed direction mismatches for block MUX4ND0 (LM-054)
Warning: Direction 'inout' for port VSS on tcbn65lp_6lmT1/MUX4ND1/design
	does not match expected value 'in' from tcbn65lp_6lmT1/MUX4ND1/timing (NDM-032w)
Warning: Direction 'inout' for port VDD on tcbn65lp_6lmT1/MUX4ND1/design
	does not match expected value 'in' from tcbn65lp_6lmT1/MUX4ND1/timing (NDM-032w)
Information: Fixed direction mismatches for block MUX4ND1 (LM-054)
Warning: Direction 'inout' for port VSS on tcbn65lp_6lmT1/MUX4ND2/design
	does not match expected value 'in' from tcbn65lp_6lmT1/MUX4ND2/timing (NDM-032w)
Warning: Direction 'inout' for port VDD on tcbn65lp_6lmT1/MUX4ND2/design
	does not match expected value 'in' from tcbn65lp_6lmT1/MUX4ND2/timing (NDM-032w)
Information: Fixed direction mismatches for block MUX4ND2 (LM-054)
Warning: Direction 'inout' for port VSS on tcbn65lp_6lmT1/MUX4ND4/design
	does not match expected value 'in' from tcbn65lp_6lmT1/MUX4ND4/timing (NDM-032w)
Warning: Direction 'inout' for port VDD on tcbn65lp_6lmT1/MUX4ND4/design
	does not match expected value 'in' from tcbn65lp_6lmT1/MUX4ND4/timing (NDM-032w)
Information: Fixed direction mismatches for block MUX4ND4 (LM-054)
Warning: Direction 'inout' for port VSS on tcbn65lp_6lmT1/ND2D0/design
	does not match expected value 'in' from tcbn65lp_6lmT1/ND2D0/timing (NDM-032w)
Warning: Direction 'inout' for port VDD on tcbn65lp_6lmT1/ND2D0/design
	does not match expected value 'in' from tcbn65lp_6lmT1/ND2D0/timing (NDM-032w)
Information: Fixed direction mismatches for block ND2D0 (LM-054)
Warning: Direction 'inout' for port VSS on tcbn65lp_6lmT1/ND2D1/design
	does not match expected value 'in' from tcbn65lp_6lmT1/ND2D1/timing (NDM-032w)
Warning: Direction 'inout' for port VDD on tcbn65lp_6lmT1/ND2D1/design
	does not match expected value 'in' from tcbn65lp_6lmT1/ND2D1/timing (NDM-032w)
Information: Fixed direction mismatches for block ND2D1 (LM-054)
Warning: Direction 'inout' for port VSS on tcbn65lp_6lmT1/ND2D2/design
	does not match expected value 'in' from tcbn65lp_6lmT1/ND2D2/timing (NDM-032w)
Warning: Direction 'inout' for port VDD on tcbn65lp_6lmT1/ND2D2/design
	does not match expected value 'in' from tcbn65lp_6lmT1/ND2D2/timing (NDM-032w)
Information: Fixed direction mismatches for block ND2D2 (LM-054)
Warning: Direction 'inout' for port VSS on tcbn65lp_6lmT1/ND2D3/design
	does not match expected value 'in' from tcbn65lp_6lmT1/ND2D3/timing (NDM-032w)
Warning: Direction 'inout' for port VDD on tcbn65lp_6lmT1/ND2D3/design
	does not match expected value 'in' from tcbn65lp_6lmT1/ND2D3/timing (NDM-032w)
Information: Fixed direction mismatches for block ND2D3 (LM-054)
Warning: Direction 'inout' for port VSS on tcbn65lp_6lmT1/ND2D4/design
	does not match expected value 'in' from tcbn65lp_6lmT1/ND2D4/timing (NDM-032w)
Warning: Direction 'inout' for port VDD on tcbn65lp_6lmT1/ND2D4/design
	does not match expected value 'in' from tcbn65lp_6lmT1/ND2D4/timing (NDM-032w)
Information: Fixed direction mismatches for block ND2D4 (LM-054)
Warning: Direction 'inout' for port VSS on tcbn65lp_6lmT1/ND2D8/design
	does not match expected value 'in' from tcbn65lp_6lmT1/ND2D8/timing (NDM-032w)
Warning: Direction 'inout' for port VDD on tcbn65lp_6lmT1/ND2D8/design
	does not match expected value 'in' from tcbn65lp_6lmT1/ND2D8/timing (NDM-032w)
Information: Fixed direction mismatches for block ND2D8 (LM-054)
Warning: Direction 'inout' for port VSS on tcbn65lp_6lmT1/ND3D0/design
	does not match expected value 'in' from tcbn65lp_6lmT1/ND3D0/timing (NDM-032w)
Warning: Direction 'inout' for port VDD on tcbn65lp_6lmT1/ND3D0/design
	does not match expected value 'in' from tcbn65lp_6lmT1/ND3D0/timing (NDM-032w)
Information: Fixed direction mismatches for block ND3D0 (LM-054)
Warning: Direction 'inout' for port VSS on tcbn65lp_6lmT1/ND3D1/design
	does not match expected value 'in' from tcbn65lp_6lmT1/ND3D1/timing (NDM-032w)
Warning: Direction 'inout' for port VDD on tcbn65lp_6lmT1/ND3D1/design
	does not match expected value 'in' from tcbn65lp_6lmT1/ND3D1/timing (NDM-032w)
Information: Fixed direction mismatches for block ND3D1 (LM-054)
Warning: Direction 'inout' for port VSS on tcbn65lp_6lmT1/ND3D2/design
	does not match expected value 'in' from tcbn65lp_6lmT1/ND3D2/timing (NDM-032w)
Warning: Direction 'inout' for port VDD on tcbn65lp_6lmT1/ND3D2/design
	does not match expected value 'in' from tcbn65lp_6lmT1/ND3D2/timing (NDM-032w)
Information: Fixed direction mismatches for block ND3D2 (LM-054)
Warning: Direction 'inout' for port VSS on tcbn65lp_6lmT1/ND3D3/design
	does not match expected value 'in' from tcbn65lp_6lmT1/ND3D3/timing (NDM-032w)
Warning: Direction 'inout' for port VDD on tcbn65lp_6lmT1/ND3D3/design
	does not match expected value 'in' from tcbn65lp_6lmT1/ND3D3/timing (NDM-032w)
Information: Fixed direction mismatches for block ND3D3 (LM-054)
Warning: Direction 'inout' for port VSS on tcbn65lp_6lmT1/ND3D4/design
	does not match expected value 'in' from tcbn65lp_6lmT1/ND3D4/timing (NDM-032w)
Warning: Direction 'inout' for port VDD on tcbn65lp_6lmT1/ND3D4/design
	does not match expected value 'in' from tcbn65lp_6lmT1/ND3D4/timing (NDM-032w)
Information: Fixed direction mismatches for block ND3D4 (LM-054)
Warning: Direction 'inout' for port VSS on tcbn65lp_6lmT1/ND3D8/design
	does not match expected value 'in' from tcbn65lp_6lmT1/ND3D8/timing (NDM-032w)
Warning: Direction 'inout' for port VDD on tcbn65lp_6lmT1/ND3D8/design
	does not match expected value 'in' from tcbn65lp_6lmT1/ND3D8/timing (NDM-032w)
Information: Fixed direction mismatches for block ND3D8 (LM-054)
Warning: Direction 'inout' for port VSS on tcbn65lp_6lmT1/ND4D0/design
	does not match expected value 'in' from tcbn65lp_6lmT1/ND4D0/timing (NDM-032w)
Warning: Direction 'inout' for port VDD on tcbn65lp_6lmT1/ND4D0/design
	does not match expected value 'in' from tcbn65lp_6lmT1/ND4D0/timing (NDM-032w)
Information: Fixed direction mismatches for block ND4D0 (LM-054)
Warning: Direction 'inout' for port VSS on tcbn65lp_6lmT1/ND4D1/design
	does not match expected value 'in' from tcbn65lp_6lmT1/ND4D1/timing (NDM-032w)
Warning: Direction 'inout' for port VDD on tcbn65lp_6lmT1/ND4D1/design
	does not match expected value 'in' from tcbn65lp_6lmT1/ND4D1/timing (NDM-032w)
Information: Fixed direction mismatches for block ND4D1 (LM-054)
Warning: Direction 'inout' for port VSS on tcbn65lp_6lmT1/ND4D2/design
	does not match expected value 'in' from tcbn65lp_6lmT1/ND4D2/timing (NDM-032w)
Warning: Direction 'inout' for port VDD on tcbn65lp_6lmT1/ND4D2/design
	does not match expected value 'in' from tcbn65lp_6lmT1/ND4D2/timing (NDM-032w)
Information: Fixed direction mismatches for block ND4D2 (LM-054)
Warning: Direction 'inout' for port VSS on tcbn65lp_6lmT1/ND4D3/design
	does not match expected value 'in' from tcbn65lp_6lmT1/ND4D3/timing (NDM-032w)
Warning: Direction 'inout' for port VDD on tcbn65lp_6lmT1/ND4D3/design
	does not match expected value 'in' from tcbn65lp_6lmT1/ND4D3/timing (NDM-032w)
Information: Fixed direction mismatches for block ND4D3 (LM-054)
Warning: Direction 'inout' for port VSS on tcbn65lp_6lmT1/ND4D4/design
	does not match expected value 'in' from tcbn65lp_6lmT1/ND4D4/timing (NDM-032w)
Warning: Direction 'inout' for port VDD on tcbn65lp_6lmT1/ND4D4/design
	does not match expected value 'in' from tcbn65lp_6lmT1/ND4D4/timing (NDM-032w)
Information: Fixed direction mismatches for block ND4D4 (LM-054)
Warning: Direction 'inout' for port VSS on tcbn65lp_6lmT1/ND4D8/design
	does not match expected value 'in' from tcbn65lp_6lmT1/ND4D8/timing (NDM-032w)
Warning: Direction 'inout' for port VDD on tcbn65lp_6lmT1/ND4D8/design
	does not match expected value 'in' from tcbn65lp_6lmT1/ND4D8/timing (NDM-032w)
Information: Fixed direction mismatches for block ND4D8 (LM-054)
Warning: Direction 'inout' for port VSS on tcbn65lp_6lmT1/NR2D0/design
	does not match expected value 'in' from tcbn65lp_6lmT1/NR2D0/timing (NDM-032w)
Warning: Direction 'inout' for port VDD on tcbn65lp_6lmT1/NR2D0/design
	does not match expected value 'in' from tcbn65lp_6lmT1/NR2D0/timing (NDM-032w)
Information: Fixed direction mismatches for block NR2D0 (LM-054)
Warning: Direction 'inout' for port VSS on tcbn65lp_6lmT1/NR2D1/design
	does not match expected value 'in' from tcbn65lp_6lmT1/NR2D1/timing (NDM-032w)
Warning: Direction 'inout' for port VDD on tcbn65lp_6lmT1/NR2D1/design
	does not match expected value 'in' from tcbn65lp_6lmT1/NR2D1/timing (NDM-032w)
Information: Fixed direction mismatches for block NR2D1 (LM-054)
Warning: Direction 'inout' for port VSS on tcbn65lp_6lmT1/NR2D2/design
	does not match expected value 'in' from tcbn65lp_6lmT1/NR2D2/timing (NDM-032w)
Warning: Direction 'inout' for port VDD on tcbn65lp_6lmT1/NR2D2/design
	does not match expected value 'in' from tcbn65lp_6lmT1/NR2D2/timing (NDM-032w)
Information: Fixed direction mismatches for block NR2D2 (LM-054)
Warning: Direction 'inout' for port VSS on tcbn65lp_6lmT1/NR2D3/design
	does not match expected value 'in' from tcbn65lp_6lmT1/NR2D3/timing (NDM-032w)
Warning: Direction 'inout' for port VDD on tcbn65lp_6lmT1/NR2D3/design
	does not match expected value 'in' from tcbn65lp_6lmT1/NR2D3/timing (NDM-032w)
Information: Fixed direction mismatches for block NR2D3 (LM-054)
Warning: Direction 'inout' for port VSS on tcbn65lp_6lmT1/NR2D4/design
	does not match expected value 'in' from tcbn65lp_6lmT1/NR2D4/timing (NDM-032w)
Warning: Direction 'inout' for port VDD on tcbn65lp_6lmT1/NR2D4/design
	does not match expected value 'in' from tcbn65lp_6lmT1/NR2D4/timing (NDM-032w)
Information: Fixed direction mismatches for block NR2D4 (LM-054)
Warning: Direction 'inout' for port VSS on tcbn65lp_6lmT1/NR2D8/design
	does not match expected value 'in' from tcbn65lp_6lmT1/NR2D8/timing (NDM-032w)
Warning: Direction 'inout' for port VDD on tcbn65lp_6lmT1/NR2D8/design
	does not match expected value 'in' from tcbn65lp_6lmT1/NR2D8/timing (NDM-032w)
Information: Fixed direction mismatches for block NR2D8 (LM-054)
Warning: Direction 'inout' for port VSS on tcbn65lp_6lmT1/NR2XD0/design
	does not match expected value 'in' from tcbn65lp_6lmT1/NR2XD0/timing (NDM-032w)
Warning: Direction 'inout' for port VDD on tcbn65lp_6lmT1/NR2XD0/design
	does not match expected value 'in' from tcbn65lp_6lmT1/NR2XD0/timing (NDM-032w)
Information: Fixed direction mismatches for block NR2XD0 (LM-054)
Warning: Direction 'inout' for port VSS on tcbn65lp_6lmT1/NR2XD1/design
	does not match expected value 'in' from tcbn65lp_6lmT1/NR2XD1/timing (NDM-032w)
Warning: Direction 'inout' for port VDD on tcbn65lp_6lmT1/NR2XD1/design
	does not match expected value 'in' from tcbn65lp_6lmT1/NR2XD1/timing (NDM-032w)
Information: Fixed direction mismatches for block NR2XD1 (LM-054)
Warning: Direction 'inout' for port VSS on tcbn65lp_6lmT1/NR2XD2/design
	does not match expected value 'in' from tcbn65lp_6lmT1/NR2XD2/timing (NDM-032w)
Warning: Direction 'inout' for port VDD on tcbn65lp_6lmT1/NR2XD2/design
	does not match expected value 'in' from tcbn65lp_6lmT1/NR2XD2/timing (NDM-032w)
Information: Fixed direction mismatches for block NR2XD2 (LM-054)
Warning: Direction 'inout' for port VSS on tcbn65lp_6lmT1/NR2XD3/design
	does not match expected value 'in' from tcbn65lp_6lmT1/NR2XD3/timing (NDM-032w)
Warning: Direction 'inout' for port VDD on tcbn65lp_6lmT1/NR2XD3/design
	does not match expected value 'in' from tcbn65lp_6lmT1/NR2XD3/timing (NDM-032w)
Information: Fixed direction mismatches for block NR2XD3 (LM-054)
Warning: Direction 'inout' for port VSS on tcbn65lp_6lmT1/NR2XD4/design
	does not match expected value 'in' from tcbn65lp_6lmT1/NR2XD4/timing (NDM-032w)
Warning: Direction 'inout' for port VDD on tcbn65lp_6lmT1/NR2XD4/design
	does not match expected value 'in' from tcbn65lp_6lmT1/NR2XD4/timing (NDM-032w)
Information: Fixed direction mismatches for block NR2XD4 (LM-054)
Warning: Direction 'inout' for port VSS on tcbn65lp_6lmT1/NR2XD8/design
	does not match expected value 'in' from tcbn65lp_6lmT1/NR2XD8/timing (NDM-032w)
Warning: Direction 'inout' for port VDD on tcbn65lp_6lmT1/NR2XD8/design
	does not match expected value 'in' from tcbn65lp_6lmT1/NR2XD8/timing (NDM-032w)
Information: Fixed direction mismatches for block NR2XD8 (LM-054)
Warning: Direction 'inout' for port VSS on tcbn65lp_6lmT1/NR3D0/design
	does not match expected value 'in' from tcbn65lp_6lmT1/NR3D0/timing (NDM-032w)
Warning: Direction 'inout' for port VDD on tcbn65lp_6lmT1/NR3D0/design
	does not match expected value 'in' from tcbn65lp_6lmT1/NR3D0/timing (NDM-032w)
Information: Fixed direction mismatches for block NR3D0 (LM-054)
Warning: Direction 'inout' for port VSS on tcbn65lp_6lmT1/NR3D1/design
	does not match expected value 'in' from tcbn65lp_6lmT1/NR3D1/timing (NDM-032w)
Warning: Direction 'inout' for port VDD on tcbn65lp_6lmT1/NR3D1/design
	does not match expected value 'in' from tcbn65lp_6lmT1/NR3D1/timing (NDM-032w)
Information: Fixed direction mismatches for block NR3D1 (LM-054)
Warning: Direction 'inout' for port VSS on tcbn65lp_6lmT1/NR3D2/design
	does not match expected value 'in' from tcbn65lp_6lmT1/NR3D2/timing (NDM-032w)
Warning: Direction 'inout' for port VDD on tcbn65lp_6lmT1/NR3D2/design
	does not match expected value 'in' from tcbn65lp_6lmT1/NR3D2/timing (NDM-032w)
Information: Fixed direction mismatches for block NR3D2 (LM-054)
Warning: Direction 'inout' for port VSS on tcbn65lp_6lmT1/NR3D3/design
	does not match expected value 'in' from tcbn65lp_6lmT1/NR3D3/timing (NDM-032w)
Warning: Direction 'inout' for port VDD on tcbn65lp_6lmT1/NR3D3/design
	does not match expected value 'in' from tcbn65lp_6lmT1/NR3D3/timing (NDM-032w)
Information: Fixed direction mismatches for block NR3D3 (LM-054)
Warning: Direction 'inout' for port VSS on tcbn65lp_6lmT1/NR3D4/design
	does not match expected value 'in' from tcbn65lp_6lmT1/NR3D4/timing (NDM-032w)
Warning: Direction 'inout' for port VDD on tcbn65lp_6lmT1/NR3D4/design
	does not match expected value 'in' from tcbn65lp_6lmT1/NR3D4/timing (NDM-032w)
Information: Fixed direction mismatches for block NR3D4 (LM-054)
Warning: Direction 'inout' for port VSS on tcbn65lp_6lmT1/NR3D8/design
	does not match expected value 'in' from tcbn65lp_6lmT1/NR3D8/timing (NDM-032w)
Warning: Direction 'inout' for port VDD on tcbn65lp_6lmT1/NR3D8/design
	does not match expected value 'in' from tcbn65lp_6lmT1/NR3D8/timing (NDM-032w)
Information: Fixed direction mismatches for block NR3D8 (LM-054)
Warning: Direction 'inout' for port VSS on tcbn65lp_6lmT1/NR4D0/design
	does not match expected value 'in' from tcbn65lp_6lmT1/NR4D0/timing (NDM-032w)
Warning: Direction 'inout' for port VDD on tcbn65lp_6lmT1/NR4D0/design
	does not match expected value 'in' from tcbn65lp_6lmT1/NR4D0/timing (NDM-032w)
Information: Fixed direction mismatches for block NR4D0 (LM-054)
Warning: Direction 'inout' for port VSS on tcbn65lp_6lmT1/NR4D1/design
	does not match expected value 'in' from tcbn65lp_6lmT1/NR4D1/timing (NDM-032w)
Warning: Direction 'inout' for port VDD on tcbn65lp_6lmT1/NR4D1/design
	does not match expected value 'in' from tcbn65lp_6lmT1/NR4D1/timing (NDM-032w)
Information: Fixed direction mismatches for block NR4D1 (LM-054)
Warning: Direction 'inout' for port VSS on tcbn65lp_6lmT1/NR4D2/design
	does not match expected value 'in' from tcbn65lp_6lmT1/NR4D2/timing (NDM-032w)
Warning: Direction 'inout' for port VDD on tcbn65lp_6lmT1/NR4D2/design
	does not match expected value 'in' from tcbn65lp_6lmT1/NR4D2/timing (NDM-032w)
Information: Fixed direction mismatches for block NR4D2 (LM-054)
Warning: Direction 'inout' for port VSS on tcbn65lp_6lmT1/NR4D3/design
	does not match expected value 'in' from tcbn65lp_6lmT1/NR4D3/timing (NDM-032w)
Warning: Direction 'inout' for port VDD on tcbn65lp_6lmT1/NR4D3/design
	does not match expected value 'in' from tcbn65lp_6lmT1/NR4D3/timing (NDM-032w)
Information: Fixed direction mismatches for block NR4D3 (LM-054)
Warning: Direction 'inout' for port VSS on tcbn65lp_6lmT1/NR4D4/design
	does not match expected value 'in' from tcbn65lp_6lmT1/NR4D4/timing (NDM-032w)
Warning: Direction 'inout' for port VDD on tcbn65lp_6lmT1/NR4D4/design
	does not match expected value 'in' from tcbn65lp_6lmT1/NR4D4/timing (NDM-032w)
Information: Fixed direction mismatches for block NR4D4 (LM-054)
Warning: Direction 'inout' for port VSS on tcbn65lp_6lmT1/NR4D8/design
	does not match expected value 'in' from tcbn65lp_6lmT1/NR4D8/timing (NDM-032w)
Warning: Direction 'inout' for port VDD on tcbn65lp_6lmT1/NR4D8/design
	does not match expected value 'in' from tcbn65lp_6lmT1/NR4D8/timing (NDM-032w)
Information: Fixed direction mismatches for block NR4D8 (LM-054)
Warning: Direction 'inout' for port VSS on tcbn65lp_6lmT1/OA211D0/design
	does not match expected value 'in' from tcbn65lp_6lmT1/OA211D0/timing (NDM-032w)
Warning: Direction 'inout' for port VDD on tcbn65lp_6lmT1/OA211D0/design
	does not match expected value 'in' from tcbn65lp_6lmT1/OA211D0/timing (NDM-032w)
Information: Fixed direction mismatches for block OA211D0 (LM-054)
Warning: Direction 'inout' for port VSS on tcbn65lp_6lmT1/OA211D1/design
	does not match expected value 'in' from tcbn65lp_6lmT1/OA211D1/timing (NDM-032w)
Warning: Direction 'inout' for port VDD on tcbn65lp_6lmT1/OA211D1/design
	does not match expected value 'in' from tcbn65lp_6lmT1/OA211D1/timing (NDM-032w)
Information: Fixed direction mismatches for block OA211D1 (LM-054)
Warning: Direction 'inout' for port VSS on tcbn65lp_6lmT1/OA211D2/design
	does not match expected value 'in' from tcbn65lp_6lmT1/OA211D2/timing (NDM-032w)
Warning: Direction 'inout' for port VDD on tcbn65lp_6lmT1/OA211D2/design
	does not match expected value 'in' from tcbn65lp_6lmT1/OA211D2/timing (NDM-032w)
Information: Fixed direction mismatches for block OA211D2 (LM-054)
Warning: Direction 'inout' for port VSS on tcbn65lp_6lmT1/OA211D4/design
	does not match expected value 'in' from tcbn65lp_6lmT1/OA211D4/timing (NDM-032w)
Warning: Direction 'inout' for port VDD on tcbn65lp_6lmT1/OA211D4/design
	does not match expected value 'in' from tcbn65lp_6lmT1/OA211D4/timing (NDM-032w)
Information: Fixed direction mismatches for block OA211D4 (LM-054)
Warning: Direction 'inout' for port VSS on tcbn65lp_6lmT1/OA21D0/design
	does not match expected value 'in' from tcbn65lp_6lmT1/OA21D0/timing (NDM-032w)
Warning: Direction 'inout' for port VDD on tcbn65lp_6lmT1/OA21D0/design
	does not match expected value 'in' from tcbn65lp_6lmT1/OA21D0/timing (NDM-032w)
Information: Fixed direction mismatches for block OA21D0 (LM-054)
Warning: Direction 'inout' for port VSS on tcbn65lp_6lmT1/OA21D1/design
	does not match expected value 'in' from tcbn65lp_6lmT1/OA21D1/timing (NDM-032w)
Warning: Direction 'inout' for port VDD on tcbn65lp_6lmT1/OA21D1/design
	does not match expected value 'in' from tcbn65lp_6lmT1/OA21D1/timing (NDM-032w)
Information: Fixed direction mismatches for block OA21D1 (LM-054)
Warning: Direction 'inout' for port VSS on tcbn65lp_6lmT1/OA21D2/design
	does not match expected value 'in' from tcbn65lp_6lmT1/OA21D2/timing (NDM-032w)
Warning: Direction 'inout' for port VDD on tcbn65lp_6lmT1/OA21D2/design
	does not match expected value 'in' from tcbn65lp_6lmT1/OA21D2/timing (NDM-032w)
Information: Fixed direction mismatches for block OA21D2 (LM-054)
Warning: Direction 'inout' for port VSS on tcbn65lp_6lmT1/OA21D4/design
	does not match expected value 'in' from tcbn65lp_6lmT1/OA21D4/timing (NDM-032w)
Warning: Direction 'inout' for port VDD on tcbn65lp_6lmT1/OA21D4/design
	does not match expected value 'in' from tcbn65lp_6lmT1/OA21D4/timing (NDM-032w)
Information: Fixed direction mismatches for block OA21D4 (LM-054)
Warning: Direction 'inout' for port VSS on tcbn65lp_6lmT1/OA221D0/design
	does not match expected value 'in' from tcbn65lp_6lmT1/OA221D0/timing (NDM-032w)
Warning: Direction 'inout' for port VDD on tcbn65lp_6lmT1/OA221D0/design
	does not match expected value 'in' from tcbn65lp_6lmT1/OA221D0/timing (NDM-032w)
Information: Fixed direction mismatches for block OA221D0 (LM-054)
Warning: Direction 'inout' for port VSS on tcbn65lp_6lmT1/OA221D1/design
	does not match expected value 'in' from tcbn65lp_6lmT1/OA221D1/timing (NDM-032w)
Warning: Direction 'inout' for port VDD on tcbn65lp_6lmT1/OA221D1/design
	does not match expected value 'in' from tcbn65lp_6lmT1/OA221D1/timing (NDM-032w)
Information: Fixed direction mismatches for block OA221D1 (LM-054)
Warning: Direction 'inout' for port VSS on tcbn65lp_6lmT1/OA221D2/design
	does not match expected value 'in' from tcbn65lp_6lmT1/OA221D2/timing (NDM-032w)
Warning: Direction 'inout' for port VDD on tcbn65lp_6lmT1/OA221D2/design
	does not match expected value 'in' from tcbn65lp_6lmT1/OA221D2/timing (NDM-032w)
Information: Fixed direction mismatches for block OA221D2 (LM-054)
Warning: Direction 'inout' for port VSS on tcbn65lp_6lmT1/OA221D4/design
	does not match expected value 'in' from tcbn65lp_6lmT1/OA221D4/timing (NDM-032w)
Warning: Direction 'inout' for port VDD on tcbn65lp_6lmT1/OA221D4/design
	does not match expected value 'in' from tcbn65lp_6lmT1/OA221D4/timing (NDM-032w)
Information: Fixed direction mismatches for block OA221D4 (LM-054)
Warning: Direction 'inout' for port VSS on tcbn65lp_6lmT1/OA222D0/design
	does not match expected value 'in' from tcbn65lp_6lmT1/OA222D0/timing (NDM-032w)
Warning: Direction 'inout' for port VDD on tcbn65lp_6lmT1/OA222D0/design
	does not match expected value 'in' from tcbn65lp_6lmT1/OA222D0/timing (NDM-032w)
Information: Fixed direction mismatches for block OA222D0 (LM-054)
Warning: Direction 'inout' for port VSS on tcbn65lp_6lmT1/OA222D1/design
	does not match expected value 'in' from tcbn65lp_6lmT1/OA222D1/timing (NDM-032w)
Warning: Direction 'inout' for port VDD on tcbn65lp_6lmT1/OA222D1/design
	does not match expected value 'in' from tcbn65lp_6lmT1/OA222D1/timing (NDM-032w)
Information: Fixed direction mismatches for block OA222D1 (LM-054)
Warning: Direction 'inout' for port VSS on tcbn65lp_6lmT1/OA222D2/design
	does not match expected value 'in' from tcbn65lp_6lmT1/OA222D2/timing (NDM-032w)
Warning: Direction 'inout' for port VDD on tcbn65lp_6lmT1/OA222D2/design
	does not match expected value 'in' from tcbn65lp_6lmT1/OA222D2/timing (NDM-032w)
Information: Fixed direction mismatches for block OA222D2 (LM-054)
Warning: Direction 'inout' for port VSS on tcbn65lp_6lmT1/OA222D4/design
	does not match expected value 'in' from tcbn65lp_6lmT1/OA222D4/timing (NDM-032w)
Warning: Direction 'inout' for port VDD on tcbn65lp_6lmT1/OA222D4/design
	does not match expected value 'in' from tcbn65lp_6lmT1/OA222D4/timing (NDM-032w)
Information: Fixed direction mismatches for block OA222D4 (LM-054)
Warning: Direction 'inout' for port VSS on tcbn65lp_6lmT1/OA22D0/design
	does not match expected value 'in' from tcbn65lp_6lmT1/OA22D0/timing (NDM-032w)
Warning: Direction 'inout' for port VDD on tcbn65lp_6lmT1/OA22D0/design
	does not match expected value 'in' from tcbn65lp_6lmT1/OA22D0/timing (NDM-032w)
Information: Fixed direction mismatches for block OA22D0 (LM-054)
Warning: Direction 'inout' for port VSS on tcbn65lp_6lmT1/OA22D1/design
	does not match expected value 'in' from tcbn65lp_6lmT1/OA22D1/timing (NDM-032w)
Warning: Direction 'inout' for port VDD on tcbn65lp_6lmT1/OA22D1/design
	does not match expected value 'in' from tcbn65lp_6lmT1/OA22D1/timing (NDM-032w)
Information: Fixed direction mismatches for block OA22D1 (LM-054)
Warning: Direction 'inout' for port VSS on tcbn65lp_6lmT1/OA22D2/design
	does not match expected value 'in' from tcbn65lp_6lmT1/OA22D2/timing (NDM-032w)
Warning: Direction 'inout' for port VDD on tcbn65lp_6lmT1/OA22D2/design
	does not match expected value 'in' from tcbn65lp_6lmT1/OA22D2/timing (NDM-032w)
Information: Fixed direction mismatches for block OA22D2 (LM-054)
Warning: Direction 'inout' for port VSS on tcbn65lp_6lmT1/OA22D4/design
	does not match expected value 'in' from tcbn65lp_6lmT1/OA22D4/timing (NDM-032w)
Warning: Direction 'inout' for port VDD on tcbn65lp_6lmT1/OA22D4/design
	does not match expected value 'in' from tcbn65lp_6lmT1/OA22D4/timing (NDM-032w)
Information: Fixed direction mismatches for block OA22D4 (LM-054)
Warning: Direction 'inout' for port VSS on tcbn65lp_6lmT1/OA31D0/design
	does not match expected value 'in' from tcbn65lp_6lmT1/OA31D0/timing (NDM-032w)
Warning: Direction 'inout' for port VDD on tcbn65lp_6lmT1/OA31D0/design
	does not match expected value 'in' from tcbn65lp_6lmT1/OA31D0/timing (NDM-032w)
Information: Fixed direction mismatches for block OA31D0 (LM-054)
Warning: Direction 'inout' for port VSS on tcbn65lp_6lmT1/OA31D1/design
	does not match expected value 'in' from tcbn65lp_6lmT1/OA31D1/timing (NDM-032w)
Warning: Direction 'inout' for port VDD on tcbn65lp_6lmT1/OA31D1/design
	does not match expected value 'in' from tcbn65lp_6lmT1/OA31D1/timing (NDM-032w)
Information: Fixed direction mismatches for block OA31D1 (LM-054)
Warning: Direction 'inout' for port VSS on tcbn65lp_6lmT1/OA31D2/design
	does not match expected value 'in' from tcbn65lp_6lmT1/OA31D2/timing (NDM-032w)
Warning: Direction 'inout' for port VDD on tcbn65lp_6lmT1/OA31D2/design
	does not match expected value 'in' from tcbn65lp_6lmT1/OA31D2/timing (NDM-032w)
Information: Fixed direction mismatches for block OA31D2 (LM-054)
Warning: Direction 'inout' for port VSS on tcbn65lp_6lmT1/OA31D4/design
	does not match expected value 'in' from tcbn65lp_6lmT1/OA31D4/timing (NDM-032w)
Warning: Direction 'inout' for port VDD on tcbn65lp_6lmT1/OA31D4/design
	does not match expected value 'in' from tcbn65lp_6lmT1/OA31D4/timing (NDM-032w)
Information: Fixed direction mismatches for block OA31D4 (LM-054)
Warning: Direction 'inout' for port VSS on tcbn65lp_6lmT1/OA32D0/design
	does not match expected value 'in' from tcbn65lp_6lmT1/OA32D0/timing (NDM-032w)
Warning: Direction 'inout' for port VDD on tcbn65lp_6lmT1/OA32D0/design
	does not match expected value 'in' from tcbn65lp_6lmT1/OA32D0/timing (NDM-032w)
Information: Fixed direction mismatches for block OA32D0 (LM-054)
Warning: Direction 'inout' for port VSS on tcbn65lp_6lmT1/OA32D1/design
	does not match expected value 'in' from tcbn65lp_6lmT1/OA32D1/timing (NDM-032w)
Warning: Direction 'inout' for port VDD on tcbn65lp_6lmT1/OA32D1/design
	does not match expected value 'in' from tcbn65lp_6lmT1/OA32D1/timing (NDM-032w)
Information: Fixed direction mismatches for block OA32D1 (LM-054)
Warning: Direction 'inout' for port VSS on tcbn65lp_6lmT1/OA32D2/design
	does not match expected value 'in' from tcbn65lp_6lmT1/OA32D2/timing (NDM-032w)
Warning: Direction 'inout' for port VDD on tcbn65lp_6lmT1/OA32D2/design
	does not match expected value 'in' from tcbn65lp_6lmT1/OA32D2/timing (NDM-032w)
Information: Fixed direction mismatches for block OA32D2 (LM-054)
Warning: Direction 'inout' for port VSS on tcbn65lp_6lmT1/OA32D4/design
	does not match expected value 'in' from tcbn65lp_6lmT1/OA32D4/timing (NDM-032w)
Warning: Direction 'inout' for port VDD on tcbn65lp_6lmT1/OA32D4/design
	does not match expected value 'in' from tcbn65lp_6lmT1/OA32D4/timing (NDM-032w)
Information: Fixed direction mismatches for block OA32D4 (LM-054)
Warning: Direction 'inout' for port VSS on tcbn65lp_6lmT1/OA33D0/design
	does not match expected value 'in' from tcbn65lp_6lmT1/OA33D0/timing (NDM-032w)
Warning: Direction 'inout' for port VDD on tcbn65lp_6lmT1/OA33D0/design
	does not match expected value 'in' from tcbn65lp_6lmT1/OA33D0/timing (NDM-032w)
Information: Fixed direction mismatches for block OA33D0 (LM-054)
Warning: Direction 'inout' for port VSS on tcbn65lp_6lmT1/OA33D1/design
	does not match expected value 'in' from tcbn65lp_6lmT1/OA33D1/timing (NDM-032w)
Warning: Direction 'inout' for port VDD on tcbn65lp_6lmT1/OA33D1/design
	does not match expected value 'in' from tcbn65lp_6lmT1/OA33D1/timing (NDM-032w)
Information: Fixed direction mismatches for block OA33D1 (LM-054)
Warning: Direction 'inout' for port VSS on tcbn65lp_6lmT1/OA33D2/design
	does not match expected value 'in' from tcbn65lp_6lmT1/OA33D2/timing (NDM-032w)
Warning: Direction 'inout' for port VDD on tcbn65lp_6lmT1/OA33D2/design
	does not match expected value 'in' from tcbn65lp_6lmT1/OA33D2/timing (NDM-032w)
Information: Fixed direction mismatches for block OA33D2 (LM-054)
Warning: Direction 'inout' for port VSS on tcbn65lp_6lmT1/OA33D4/design
	does not match expected value 'in' from tcbn65lp_6lmT1/OA33D4/timing (NDM-032w)
Warning: Direction 'inout' for port VDD on tcbn65lp_6lmT1/OA33D4/design
	does not match expected value 'in' from tcbn65lp_6lmT1/OA33D4/timing (NDM-032w)
Information: Fixed direction mismatches for block OA33D4 (LM-054)
Warning: Direction 'inout' for port VSS on tcbn65lp_6lmT1/OAI211D0/design
	does not match expected value 'in' from tcbn65lp_6lmT1/OAI211D0/timing (NDM-032w)
Warning: Direction 'inout' for port VDD on tcbn65lp_6lmT1/OAI211D0/design
	does not match expected value 'in' from tcbn65lp_6lmT1/OAI211D0/timing (NDM-032w)
Information: Fixed direction mismatches for block OAI211D0 (LM-054)
Warning: Direction 'inout' for port VSS on tcbn65lp_6lmT1/OAI211D1/design
	does not match expected value 'in' from tcbn65lp_6lmT1/OAI211D1/timing (NDM-032w)
Warning: Direction 'inout' for port VDD on tcbn65lp_6lmT1/OAI211D1/design
	does not match expected value 'in' from tcbn65lp_6lmT1/OAI211D1/timing (NDM-032w)
Information: Fixed direction mismatches for block OAI211D1 (LM-054)
Warning: Direction 'inout' for port VSS on tcbn65lp_6lmT1/OAI211D2/design
	does not match expected value 'in' from tcbn65lp_6lmT1/OAI211D2/timing (NDM-032w)
Warning: Direction 'inout' for port VDD on tcbn65lp_6lmT1/OAI211D2/design
	does not match expected value 'in' from tcbn65lp_6lmT1/OAI211D2/timing (NDM-032w)
Information: Fixed direction mismatches for block OAI211D2 (LM-054)
Warning: Direction 'inout' for port VSS on tcbn65lp_6lmT1/OAI211D4/design
	does not match expected value 'in' from tcbn65lp_6lmT1/OAI211D4/timing (NDM-032w)
Warning: Direction 'inout' for port VDD on tcbn65lp_6lmT1/OAI211D4/design
	does not match expected value 'in' from tcbn65lp_6lmT1/OAI211D4/timing (NDM-032w)
Information: Fixed direction mismatches for block OAI211D4 (LM-054)
Warning: Direction 'inout' for port VSS on tcbn65lp_6lmT1/OAI21D0/design
	does not match expected value 'in' from tcbn65lp_6lmT1/OAI21D0/timing (NDM-032w)
Warning: Direction 'inout' for port VDD on tcbn65lp_6lmT1/OAI21D0/design
	does not match expected value 'in' from tcbn65lp_6lmT1/OAI21D0/timing (NDM-032w)
Information: Fixed direction mismatches for block OAI21D0 (LM-054)
Warning: Direction 'inout' for port VSS on tcbn65lp_6lmT1/OAI21D1/design
	does not match expected value 'in' from tcbn65lp_6lmT1/OAI21D1/timing (NDM-032w)
Warning: Direction 'inout' for port VDD on tcbn65lp_6lmT1/OAI21D1/design
	does not match expected value 'in' from tcbn65lp_6lmT1/OAI21D1/timing (NDM-032w)
Information: Fixed direction mismatches for block OAI21D1 (LM-054)
Warning: Direction 'inout' for port VSS on tcbn65lp_6lmT1/OAI21D2/design
	does not match expected value 'in' from tcbn65lp_6lmT1/OAI21D2/timing (NDM-032w)
Warning: Direction 'inout' for port VDD on tcbn65lp_6lmT1/OAI21D2/design
	does not match expected value 'in' from tcbn65lp_6lmT1/OAI21D2/timing (NDM-032w)
Information: Fixed direction mismatches for block OAI21D2 (LM-054)
Warning: Direction 'inout' for port VSS on tcbn65lp_6lmT1/OAI21D4/design
	does not match expected value 'in' from tcbn65lp_6lmT1/OAI21D4/timing (NDM-032w)
Warning: Direction 'inout' for port VDD on tcbn65lp_6lmT1/OAI21D4/design
	does not match expected value 'in' from tcbn65lp_6lmT1/OAI21D4/timing (NDM-032w)
Information: Fixed direction mismatches for block OAI21D4 (LM-054)
Warning: Direction 'inout' for port VSS on tcbn65lp_6lmT1/OAI221D0/design
	does not match expected value 'in' from tcbn65lp_6lmT1/OAI221D0/timing (NDM-032w)
Warning: Direction 'inout' for port VDD on tcbn65lp_6lmT1/OAI221D0/design
	does not match expected value 'in' from tcbn65lp_6lmT1/OAI221D0/timing (NDM-032w)
Information: Fixed direction mismatches for block OAI221D0 (LM-054)
Warning: Direction 'inout' for port VSS on tcbn65lp_6lmT1/OAI221D1/design
	does not match expected value 'in' from tcbn65lp_6lmT1/OAI221D1/timing (NDM-032w)
Warning: Direction 'inout' for port VDD on tcbn65lp_6lmT1/OAI221D1/design
	does not match expected value 'in' from tcbn65lp_6lmT1/OAI221D1/timing (NDM-032w)
Information: Fixed direction mismatches for block OAI221D1 (LM-054)
Warning: Direction 'inout' for port VSS on tcbn65lp_6lmT1/OAI221D2/design
	does not match expected value 'in' from tcbn65lp_6lmT1/OAI221D2/timing (NDM-032w)
Warning: Direction 'inout' for port VDD on tcbn65lp_6lmT1/OAI221D2/design
	does not match expected value 'in' from tcbn65lp_6lmT1/OAI221D2/timing (NDM-032w)
Information: Fixed direction mismatches for block OAI221D2 (LM-054)
Warning: Direction 'inout' for port VSS on tcbn65lp_6lmT1/OAI221D4/design
	does not match expected value 'in' from tcbn65lp_6lmT1/OAI221D4/timing (NDM-032w)
Warning: Direction 'inout' for port VDD on tcbn65lp_6lmT1/OAI221D4/design
	does not match expected value 'in' from tcbn65lp_6lmT1/OAI221D4/timing (NDM-032w)
Information: Fixed direction mismatches for block OAI221D4 (LM-054)
Warning: Direction 'inout' for port VSS on tcbn65lp_6lmT1/OAI221XD4/design
	does not match expected value 'in' from tcbn65lp_6lmT1/OAI221XD4/timing (NDM-032w)
Warning: Direction 'inout' for port VDD on tcbn65lp_6lmT1/OAI221XD4/design
	does not match expected value 'in' from tcbn65lp_6lmT1/OAI221XD4/timing (NDM-032w)
Information: Fixed direction mismatches for block OAI221XD4 (LM-054)
Warning: Direction 'inout' for port VSS on tcbn65lp_6lmT1/OAI222D0/design
	does not match expected value 'in' from tcbn65lp_6lmT1/OAI222D0/timing (NDM-032w)
Warning: Direction 'inout' for port VDD on tcbn65lp_6lmT1/OAI222D0/design
	does not match expected value 'in' from tcbn65lp_6lmT1/OAI222D0/timing (NDM-032w)
Information: Fixed direction mismatches for block OAI222D0 (LM-054)
Warning: Direction 'inout' for port VSS on tcbn65lp_6lmT1/OAI222D1/design
	does not match expected value 'in' from tcbn65lp_6lmT1/OAI222D1/timing (NDM-032w)
Warning: Direction 'inout' for port VDD on tcbn65lp_6lmT1/OAI222D1/design
	does not match expected value 'in' from tcbn65lp_6lmT1/OAI222D1/timing (NDM-032w)
Information: Fixed direction mismatches for block OAI222D1 (LM-054)
Warning: Direction 'inout' for port VSS on tcbn65lp_6lmT1/OAI222D2/design
	does not match expected value 'in' from tcbn65lp_6lmT1/OAI222D2/timing (NDM-032w)
Warning: Direction 'inout' for port VDD on tcbn65lp_6lmT1/OAI222D2/design
	does not match expected value 'in' from tcbn65lp_6lmT1/OAI222D2/timing (NDM-032w)
Information: Fixed direction mismatches for block OAI222D2 (LM-054)
Warning: Direction 'inout' for port VSS on tcbn65lp_6lmT1/OAI222D4/design
	does not match expected value 'in' from tcbn65lp_6lmT1/OAI222D4/timing (NDM-032w)
Warning: Direction 'inout' for port VDD on tcbn65lp_6lmT1/OAI222D4/design
	does not match expected value 'in' from tcbn65lp_6lmT1/OAI222D4/timing (NDM-032w)
Information: Fixed direction mismatches for block OAI222D4 (LM-054)
Warning: Direction 'inout' for port VSS on tcbn65lp_6lmT1/OAI222XD4/design
	does not match expected value 'in' from tcbn65lp_6lmT1/OAI222XD4/timing (NDM-032w)
Warning: Direction 'inout' for port VDD on tcbn65lp_6lmT1/OAI222XD4/design
	does not match expected value 'in' from tcbn65lp_6lmT1/OAI222XD4/timing (NDM-032w)
Information: Fixed direction mismatches for block OAI222XD4 (LM-054)
Warning: Direction 'inout' for port VSS on tcbn65lp_6lmT1/OAI22D0/design
	does not match expected value 'in' from tcbn65lp_6lmT1/OAI22D0/timing (NDM-032w)
Warning: Direction 'inout' for port VDD on tcbn65lp_6lmT1/OAI22D0/design
	does not match expected value 'in' from tcbn65lp_6lmT1/OAI22D0/timing (NDM-032w)
Information: Fixed direction mismatches for block OAI22D0 (LM-054)
Warning: Direction 'inout' for port VSS on tcbn65lp_6lmT1/OAI22D1/design
	does not match expected value 'in' from tcbn65lp_6lmT1/OAI22D1/timing (NDM-032w)
Warning: Direction 'inout' for port VDD on tcbn65lp_6lmT1/OAI22D1/design
	does not match expected value 'in' from tcbn65lp_6lmT1/OAI22D1/timing (NDM-032w)
Information: Fixed direction mismatches for block OAI22D1 (LM-054)
Warning: Direction 'inout' for port VSS on tcbn65lp_6lmT1/OAI22D2/design
	does not match expected value 'in' from tcbn65lp_6lmT1/OAI22D2/timing (NDM-032w)
Warning: Direction 'inout' for port VDD on tcbn65lp_6lmT1/OAI22D2/design
	does not match expected value 'in' from tcbn65lp_6lmT1/OAI22D2/timing (NDM-032w)
Information: Fixed direction mismatches for block OAI22D2 (LM-054)
Warning: Direction 'inout' for port VSS on tcbn65lp_6lmT1/OAI22D4/design
	does not match expected value 'in' from tcbn65lp_6lmT1/OAI22D4/timing (NDM-032w)
Warning: Direction 'inout' for port VDD on tcbn65lp_6lmT1/OAI22D4/design
	does not match expected value 'in' from tcbn65lp_6lmT1/OAI22D4/timing (NDM-032w)
Information: Fixed direction mismatches for block OAI22D4 (LM-054)
Warning: Direction 'inout' for port VSS on tcbn65lp_6lmT1/OAI31D0/design
	does not match expected value 'in' from tcbn65lp_6lmT1/OAI31D0/timing (NDM-032w)
Warning: Direction 'inout' for port VDD on tcbn65lp_6lmT1/OAI31D0/design
	does not match expected value 'in' from tcbn65lp_6lmT1/OAI31D0/timing (NDM-032w)
Information: Fixed direction mismatches for block OAI31D0 (LM-054)
Warning: Direction 'inout' for port VSS on tcbn65lp_6lmT1/OAI31D1/design
	does not match expected value 'in' from tcbn65lp_6lmT1/OAI31D1/timing (NDM-032w)
Warning: Direction 'inout' for port VDD on tcbn65lp_6lmT1/OAI31D1/design
	does not match expected value 'in' from tcbn65lp_6lmT1/OAI31D1/timing (NDM-032w)
Information: Fixed direction mismatches for block OAI31D1 (LM-054)
Warning: Direction 'inout' for port VSS on tcbn65lp_6lmT1/OAI31D2/design
	does not match expected value 'in' from tcbn65lp_6lmT1/OAI31D2/timing (NDM-032w)
Warning: Direction 'inout' for port VDD on tcbn65lp_6lmT1/OAI31D2/design
	does not match expected value 'in' from tcbn65lp_6lmT1/OAI31D2/timing (NDM-032w)
Information: Fixed direction mismatches for block OAI31D2 (LM-054)
Warning: Direction 'inout' for port VSS on tcbn65lp_6lmT1/OAI31D4/design
	does not match expected value 'in' from tcbn65lp_6lmT1/OAI31D4/timing (NDM-032w)
Warning: Direction 'inout' for port VDD on tcbn65lp_6lmT1/OAI31D4/design
	does not match expected value 'in' from tcbn65lp_6lmT1/OAI31D4/timing (NDM-032w)
Information: Fixed direction mismatches for block OAI31D4 (LM-054)
Warning: Direction 'inout' for port VSS on tcbn65lp_6lmT1/OAI32D0/design
	does not match expected value 'in' from tcbn65lp_6lmT1/OAI32D0/timing (NDM-032w)
Warning: Direction 'inout' for port VDD on tcbn65lp_6lmT1/OAI32D0/design
	does not match expected value 'in' from tcbn65lp_6lmT1/OAI32D0/timing (NDM-032w)
Information: Fixed direction mismatches for block OAI32D0 (LM-054)
Warning: Direction 'inout' for port VSS on tcbn65lp_6lmT1/OAI32D1/design
	does not match expected value 'in' from tcbn65lp_6lmT1/OAI32D1/timing (NDM-032w)
Warning: Direction 'inout' for port VDD on tcbn65lp_6lmT1/OAI32D1/design
	does not match expected value 'in' from tcbn65lp_6lmT1/OAI32D1/timing (NDM-032w)
Information: Fixed direction mismatches for block OAI32D1 (LM-054)
Warning: Direction 'inout' for port VSS on tcbn65lp_6lmT1/OAI32D2/design
	does not match expected value 'in' from tcbn65lp_6lmT1/OAI32D2/timing (NDM-032w)
Warning: Direction 'inout' for port VDD on tcbn65lp_6lmT1/OAI32D2/design
	does not match expected value 'in' from tcbn65lp_6lmT1/OAI32D2/timing (NDM-032w)
Information: Fixed direction mismatches for block OAI32D2 (LM-054)
Warning: Direction 'inout' for port VSS on tcbn65lp_6lmT1/OAI32D4/design
	does not match expected value 'in' from tcbn65lp_6lmT1/OAI32D4/timing (NDM-032w)
Warning: Direction 'inout' for port VDD on tcbn65lp_6lmT1/OAI32D4/design
	does not match expected value 'in' from tcbn65lp_6lmT1/OAI32D4/timing (NDM-032w)
Information: Fixed direction mismatches for block OAI32D4 (LM-054)
Warning: Direction 'inout' for port VSS on tcbn65lp_6lmT1/OAI32XD4/design
	does not match expected value 'in' from tcbn65lp_6lmT1/OAI32XD4/timing (NDM-032w)
Warning: Direction 'inout' for port VDD on tcbn65lp_6lmT1/OAI32XD4/design
	does not match expected value 'in' from tcbn65lp_6lmT1/OAI32XD4/timing (NDM-032w)
Information: Fixed direction mismatches for block OAI32XD4 (LM-054)
Warning: Direction 'inout' for port VSS on tcbn65lp_6lmT1/OAI33D0/design
	does not match expected value 'in' from tcbn65lp_6lmT1/OAI33D0/timing (NDM-032w)
Warning: Direction 'inout' for port VDD on tcbn65lp_6lmT1/OAI33D0/design
	does not match expected value 'in' from tcbn65lp_6lmT1/OAI33D0/timing (NDM-032w)
Information: Fixed direction mismatches for block OAI33D0 (LM-054)
Warning: Direction 'inout' for port VSS on tcbn65lp_6lmT1/OAI33D1/design
	does not match expected value 'in' from tcbn65lp_6lmT1/OAI33D1/timing (NDM-032w)
Warning: Direction 'inout' for port VDD on tcbn65lp_6lmT1/OAI33D1/design
	does not match expected value 'in' from tcbn65lp_6lmT1/OAI33D1/timing (NDM-032w)
Information: Fixed direction mismatches for block OAI33D1 (LM-054)
Warning: Direction 'inout' for port VSS on tcbn65lp_6lmT1/OAI33D2/design
	does not match expected value 'in' from tcbn65lp_6lmT1/OAI33D2/timing (NDM-032w)
Warning: Direction 'inout' for port VDD on tcbn65lp_6lmT1/OAI33D2/design
	does not match expected value 'in' from tcbn65lp_6lmT1/OAI33D2/timing (NDM-032w)
Information: Fixed direction mismatches for block OAI33D2 (LM-054)
Warning: Direction 'inout' for port VSS on tcbn65lp_6lmT1/OAI33D4/design
	does not match expected value 'in' from tcbn65lp_6lmT1/OAI33D4/timing (NDM-032w)
Warning: Direction 'inout' for port VDD on tcbn65lp_6lmT1/OAI33D4/design
	does not match expected value 'in' from tcbn65lp_6lmT1/OAI33D4/timing (NDM-032w)
Information: Fixed direction mismatches for block OAI33D4 (LM-054)
Warning: Direction 'inout' for port VSS on tcbn65lp_6lmT1/OAI33XD4/design
	does not match expected value 'in' from tcbn65lp_6lmT1/OAI33XD4/timing (NDM-032w)
Warning: Direction 'inout' for port VDD on tcbn65lp_6lmT1/OAI33XD4/design
	does not match expected value 'in' from tcbn65lp_6lmT1/OAI33XD4/timing (NDM-032w)
Information: Fixed direction mismatches for block OAI33XD4 (LM-054)
Warning: Direction 'inout' for port VSS on tcbn65lp_6lmT1/OD25DCAP16/design
	does not match expected value 'in' from tcbn65lp_6lmT1/OD25DCAP16/timing (NDM-032w)
Warning: Direction 'inout' for port VDD on tcbn65lp_6lmT1/OD25DCAP16/design
	does not match expected value 'in' from tcbn65lp_6lmT1/OD25DCAP16/timing (NDM-032w)
Information: Fixed direction mismatches for block OD25DCAP16 (LM-054)
Warning: Direction 'inout' for port VSS on tcbn65lp_6lmT1/OD25DCAP32/design
	does not match expected value 'in' from tcbn65lp_6lmT1/OD25DCAP32/timing (NDM-032w)
Warning: Direction 'inout' for port VDD on tcbn65lp_6lmT1/OD25DCAP32/design
	does not match expected value 'in' from tcbn65lp_6lmT1/OD25DCAP32/timing (NDM-032w)
Information: Fixed direction mismatches for block OD25DCAP32 (LM-054)
Warning: Direction 'inout' for port VSS on tcbn65lp_6lmT1/OD25DCAP64/design
	does not match expected value 'in' from tcbn65lp_6lmT1/OD25DCAP64/timing (NDM-032w)
Warning: Direction 'inout' for port VDD on tcbn65lp_6lmT1/OD25DCAP64/design
	does not match expected value 'in' from tcbn65lp_6lmT1/OD25DCAP64/timing (NDM-032w)
Information: Fixed direction mismatches for block OD25DCAP64 (LM-054)
Warning: Direction 'inout' for port VSS on tcbn65lp_6lmT1/OR2D0/design
	does not match expected value 'in' from tcbn65lp_6lmT1/OR2D0/timing (NDM-032w)
Warning: Direction 'inout' for port VDD on tcbn65lp_6lmT1/OR2D0/design
	does not match expected value 'in' from tcbn65lp_6lmT1/OR2D0/timing (NDM-032w)
Information: Fixed direction mismatches for block OR2D0 (LM-054)
Warning: Direction 'inout' for port VSS on tcbn65lp_6lmT1/OR2D1/design
	does not match expected value 'in' from tcbn65lp_6lmT1/OR2D1/timing (NDM-032w)
Warning: Direction 'inout' for port VDD on tcbn65lp_6lmT1/OR2D1/design
	does not match expected value 'in' from tcbn65lp_6lmT1/OR2D1/timing (NDM-032w)
Information: Fixed direction mismatches for block OR2D1 (LM-054)
Warning: Direction 'inout' for port VSS on tcbn65lp_6lmT1/OR2D2/design
	does not match expected value 'in' from tcbn65lp_6lmT1/OR2D2/timing (NDM-032w)
Warning: Direction 'inout' for port VDD on tcbn65lp_6lmT1/OR2D2/design
	does not match expected value 'in' from tcbn65lp_6lmT1/OR2D2/timing (NDM-032w)
Information: Fixed direction mismatches for block OR2D2 (LM-054)
Warning: Direction 'inout' for port VSS on tcbn65lp_6lmT1/OR2D4/design
	does not match expected value 'in' from tcbn65lp_6lmT1/OR2D4/timing (NDM-032w)
Warning: Direction 'inout' for port VDD on tcbn65lp_6lmT1/OR2D4/design
	does not match expected value 'in' from tcbn65lp_6lmT1/OR2D4/timing (NDM-032w)
Information: Fixed direction mismatches for block OR2D4 (LM-054)
Warning: Direction 'inout' for port VSS on tcbn65lp_6lmT1/OR2D8/design
	does not match expected value 'in' from tcbn65lp_6lmT1/OR2D8/timing (NDM-032w)
Warning: Direction 'inout' for port VDD on tcbn65lp_6lmT1/OR2D8/design
	does not match expected value 'in' from tcbn65lp_6lmT1/OR2D8/timing (NDM-032w)
Information: Fixed direction mismatches for block OR2D8 (LM-054)
Warning: Direction 'inout' for port VSS on tcbn65lp_6lmT1/OR2XD1/design
	does not match expected value 'in' from tcbn65lp_6lmT1/OR2XD1/timing (NDM-032w)
Warning: Direction 'inout' for port VDD on tcbn65lp_6lmT1/OR2XD1/design
	does not match expected value 'in' from tcbn65lp_6lmT1/OR2XD1/timing (NDM-032w)
Information: Fixed direction mismatches for block OR2XD1 (LM-054)
Warning: Direction 'inout' for port VSS on tcbn65lp_6lmT1/OR3D0/design
	does not match expected value 'in' from tcbn65lp_6lmT1/OR3D0/timing (NDM-032w)
Warning: Direction 'inout' for port VDD on tcbn65lp_6lmT1/OR3D0/design
	does not match expected value 'in' from tcbn65lp_6lmT1/OR3D0/timing (NDM-032w)
Information: Fixed direction mismatches for block OR3D0 (LM-054)
Warning: Direction 'inout' for port VSS on tcbn65lp_6lmT1/OR3D1/design
	does not match expected value 'in' from tcbn65lp_6lmT1/OR3D1/timing (NDM-032w)
Warning: Direction 'inout' for port VDD on tcbn65lp_6lmT1/OR3D1/design
	does not match expected value 'in' from tcbn65lp_6lmT1/OR3D1/timing (NDM-032w)
Information: Fixed direction mismatches for block OR3D1 (LM-054)
Warning: Direction 'inout' for port VSS on tcbn65lp_6lmT1/OR3D2/design
	does not match expected value 'in' from tcbn65lp_6lmT1/OR3D2/timing (NDM-032w)
Warning: Direction 'inout' for port VDD on tcbn65lp_6lmT1/OR3D2/design
	does not match expected value 'in' from tcbn65lp_6lmT1/OR3D2/timing (NDM-032w)
Information: Fixed direction mismatches for block OR3D2 (LM-054)
Warning: Direction 'inout' for port VSS on tcbn65lp_6lmT1/OR3D4/design
	does not match expected value 'in' from tcbn65lp_6lmT1/OR3D4/timing (NDM-032w)
Warning: Direction 'inout' for port VDD on tcbn65lp_6lmT1/OR3D4/design
	does not match expected value 'in' from tcbn65lp_6lmT1/OR3D4/timing (NDM-032w)
Information: Fixed direction mismatches for block OR3D4 (LM-054)
Warning: Direction 'inout' for port VSS on tcbn65lp_6lmT1/OR3D8/design
	does not match expected value 'in' from tcbn65lp_6lmT1/OR3D8/timing (NDM-032w)
Warning: Direction 'inout' for port VDD on tcbn65lp_6lmT1/OR3D8/design
	does not match expected value 'in' from tcbn65lp_6lmT1/OR3D8/timing (NDM-032w)
Information: Fixed direction mismatches for block OR3D8 (LM-054)
Warning: Direction 'inout' for port VSS on tcbn65lp_6lmT1/OR3XD1/design
	does not match expected value 'in' from tcbn65lp_6lmT1/OR3XD1/timing (NDM-032w)
Warning: Direction 'inout' for port VDD on tcbn65lp_6lmT1/OR3XD1/design
	does not match expected value 'in' from tcbn65lp_6lmT1/OR3XD1/timing (NDM-032w)
Information: Fixed direction mismatches for block OR3XD1 (LM-054)
Warning: Direction 'inout' for port VSS on tcbn65lp_6lmT1/OR4D0/design
	does not match expected value 'in' from tcbn65lp_6lmT1/OR4D0/timing (NDM-032w)
Warning: Direction 'inout' for port VDD on tcbn65lp_6lmT1/OR4D0/design
	does not match expected value 'in' from tcbn65lp_6lmT1/OR4D0/timing (NDM-032w)
Information: Fixed direction mismatches for block OR4D0 (LM-054)
Warning: Direction 'inout' for port VSS on tcbn65lp_6lmT1/OR4D1/design
	does not match expected value 'in' from tcbn65lp_6lmT1/OR4D1/timing (NDM-032w)
Warning: Direction 'inout' for port VDD on tcbn65lp_6lmT1/OR4D1/design
	does not match expected value 'in' from tcbn65lp_6lmT1/OR4D1/timing (NDM-032w)
Information: Fixed direction mismatches for block OR4D1 (LM-054)
Warning: Direction 'inout' for port VSS on tcbn65lp_6lmT1/OR4D2/design
	does not match expected value 'in' from tcbn65lp_6lmT1/OR4D2/timing (NDM-032w)
Warning: Direction 'inout' for port VDD on tcbn65lp_6lmT1/OR4D2/design
	does not match expected value 'in' from tcbn65lp_6lmT1/OR4D2/timing (NDM-032w)
Information: Fixed direction mismatches for block OR4D2 (LM-054)
Warning: Direction 'inout' for port VSS on tcbn65lp_6lmT1/OR4D4/design
	does not match expected value 'in' from tcbn65lp_6lmT1/OR4D4/timing (NDM-032w)
Warning: Direction 'inout' for port VDD on tcbn65lp_6lmT1/OR4D4/design
	does not match expected value 'in' from tcbn65lp_6lmT1/OR4D4/timing (NDM-032w)
Information: Fixed direction mismatches for block OR4D4 (LM-054)
Warning: Direction 'inout' for port VSS on tcbn65lp_6lmT1/OR4D8/design
	does not match expected value 'in' from tcbn65lp_6lmT1/OR4D8/timing (NDM-032w)
Warning: Direction 'inout' for port VDD on tcbn65lp_6lmT1/OR4D8/design
	does not match expected value 'in' from tcbn65lp_6lmT1/OR4D8/timing (NDM-032w)
Information: Fixed direction mismatches for block OR4D8 (LM-054)
Warning: Direction 'inout' for port VSS on tcbn65lp_6lmT1/OR4XD1/design
	does not match expected value 'in' from tcbn65lp_6lmT1/OR4XD1/timing (NDM-032w)
Warning: Direction 'inout' for port VDD on tcbn65lp_6lmT1/OR4XD1/design
	does not match expected value 'in' from tcbn65lp_6lmT1/OR4XD1/timing (NDM-032w)
Information: Fixed direction mismatches for block OR4XD1 (LM-054)
Warning: Direction 'inout' for port VSS on tcbn65lp_6lmT1/SDFCND0/design
	does not match expected value 'in' from tcbn65lp_6lmT1/SDFCND0/timing (NDM-032w)
Warning: Direction 'inout' for port VDD on tcbn65lp_6lmT1/SDFCND0/design
	does not match expected value 'in' from tcbn65lp_6lmT1/SDFCND0/timing (NDM-032w)
Information: Fixed direction mismatches for block SDFCND0 (LM-054)
Warning: Direction 'inout' for port VSS on tcbn65lp_6lmT1/SDFCND1/design
	does not match expected value 'in' from tcbn65lp_6lmT1/SDFCND1/timing (NDM-032w)
Warning: Direction 'inout' for port VDD on tcbn65lp_6lmT1/SDFCND1/design
	does not match expected value 'in' from tcbn65lp_6lmT1/SDFCND1/timing (NDM-032w)
Information: Fixed direction mismatches for block SDFCND1 (LM-054)
Warning: Direction 'inout' for port VSS on tcbn65lp_6lmT1/SDFCND2/design
	does not match expected value 'in' from tcbn65lp_6lmT1/SDFCND2/timing (NDM-032w)
Warning: Direction 'inout' for port VDD on tcbn65lp_6lmT1/SDFCND2/design
	does not match expected value 'in' from tcbn65lp_6lmT1/SDFCND2/timing (NDM-032w)
Information: Fixed direction mismatches for block SDFCND2 (LM-054)
Warning: Direction 'inout' for port VSS on tcbn65lp_6lmT1/SDFCND4/design
	does not match expected value 'in' from tcbn65lp_6lmT1/SDFCND4/timing (NDM-032w)
Warning: Direction 'inout' for port VDD on tcbn65lp_6lmT1/SDFCND4/design
	does not match expected value 'in' from tcbn65lp_6lmT1/SDFCND4/timing (NDM-032w)
Information: Fixed direction mismatches for block SDFCND4 (LM-054)
Warning: Direction 'inout' for port VSS on tcbn65lp_6lmT1/SDFCNQD0/design
	does not match expected value 'in' from tcbn65lp_6lmT1/SDFCNQD0/timing (NDM-032w)
Warning: Direction 'inout' for port VDD on tcbn65lp_6lmT1/SDFCNQD0/design
	does not match expected value 'in' from tcbn65lp_6lmT1/SDFCNQD0/timing (NDM-032w)
Information: Fixed direction mismatches for block SDFCNQD0 (LM-054)
Warning: Direction 'inout' for port VSS on tcbn65lp_6lmT1/SDFCNQD1/design
	does not match expected value 'in' from tcbn65lp_6lmT1/SDFCNQD1/timing (NDM-032w)
Warning: Direction 'inout' for port VDD on tcbn65lp_6lmT1/SDFCNQD1/design
	does not match expected value 'in' from tcbn65lp_6lmT1/SDFCNQD1/timing (NDM-032w)
Information: Fixed direction mismatches for block SDFCNQD1 (LM-054)
Warning: Direction 'inout' for port VSS on tcbn65lp_6lmT1/SDFCNQD2/design
	does not match expected value 'in' from tcbn65lp_6lmT1/SDFCNQD2/timing (NDM-032w)
Warning: Direction 'inout' for port VDD on tcbn65lp_6lmT1/SDFCNQD2/design
	does not match expected value 'in' from tcbn65lp_6lmT1/SDFCNQD2/timing (NDM-032w)
Information: Fixed direction mismatches for block SDFCNQD2 (LM-054)
Warning: Direction 'inout' for port VSS on tcbn65lp_6lmT1/SDFCNQD4/design
	does not match expected value 'in' from tcbn65lp_6lmT1/SDFCNQD4/timing (NDM-032w)
Warning: Direction 'inout' for port VDD on tcbn65lp_6lmT1/SDFCNQD4/design
	does not match expected value 'in' from tcbn65lp_6lmT1/SDFCNQD4/timing (NDM-032w)
Information: Fixed direction mismatches for block SDFCNQD4 (LM-054)
Warning: Direction 'inout' for port VSS on tcbn65lp_6lmT1/SDFCSND0/design
	does not match expected value 'in' from tcbn65lp_6lmT1/SDFCSND0/timing (NDM-032w)
Warning: Direction 'inout' for port VDD on tcbn65lp_6lmT1/SDFCSND0/design
	does not match expected value 'in' from tcbn65lp_6lmT1/SDFCSND0/timing (NDM-032w)
Information: Fixed direction mismatches for block SDFCSND0 (LM-054)
Warning: Direction 'inout' for port VSS on tcbn65lp_6lmT1/SDFCSND1/design
	does not match expected value 'in' from tcbn65lp_6lmT1/SDFCSND1/timing (NDM-032w)
Warning: Direction 'inout' for port VDD on tcbn65lp_6lmT1/SDFCSND1/design
	does not match expected value 'in' from tcbn65lp_6lmT1/SDFCSND1/timing (NDM-032w)
Information: Fixed direction mismatches for block SDFCSND1 (LM-054)
Warning: Direction 'inout' for port VSS on tcbn65lp_6lmT1/SDFCSND2/design
	does not match expected value 'in' from tcbn65lp_6lmT1/SDFCSND2/timing (NDM-032w)
Warning: Direction 'inout' for port VDD on tcbn65lp_6lmT1/SDFCSND2/design
	does not match expected value 'in' from tcbn65lp_6lmT1/SDFCSND2/timing (NDM-032w)
Information: Fixed direction mismatches for block SDFCSND2 (LM-054)
Warning: Direction 'inout' for port VSS on tcbn65lp_6lmT1/SDFCSND4/design
	does not match expected value 'in' from tcbn65lp_6lmT1/SDFCSND4/timing (NDM-032w)
Warning: Direction 'inout' for port VDD on tcbn65lp_6lmT1/SDFCSND4/design
	does not match expected value 'in' from tcbn65lp_6lmT1/SDFCSND4/timing (NDM-032w)
Information: Fixed direction mismatches for block SDFCSND4 (LM-054)
Warning: Direction 'inout' for port VSS on tcbn65lp_6lmT1/SDFCSNQD0/design
	does not match expected value 'in' from tcbn65lp_6lmT1/SDFCSNQD0/timing (NDM-032w)
Warning: Direction 'inout' for port VDD on tcbn65lp_6lmT1/SDFCSNQD0/design
	does not match expected value 'in' from tcbn65lp_6lmT1/SDFCSNQD0/timing (NDM-032w)
Information: Fixed direction mismatches for block SDFCSNQD0 (LM-054)
Warning: Direction 'inout' for port VSS on tcbn65lp_6lmT1/SDFCSNQD1/design
	does not match expected value 'in' from tcbn65lp_6lmT1/SDFCSNQD1/timing (NDM-032w)
Warning: Direction 'inout' for port VDD on tcbn65lp_6lmT1/SDFCSNQD1/design
	does not match expected value 'in' from tcbn65lp_6lmT1/SDFCSNQD1/timing (NDM-032w)
Information: Fixed direction mismatches for block SDFCSNQD1 (LM-054)
Warning: Direction 'inout' for port VSS on tcbn65lp_6lmT1/SDFCSNQD2/design
	does not match expected value 'in' from tcbn65lp_6lmT1/SDFCSNQD2/timing (NDM-032w)
Warning: Direction 'inout' for port VDD on tcbn65lp_6lmT1/SDFCSNQD2/design
	does not match expected value 'in' from tcbn65lp_6lmT1/SDFCSNQD2/timing (NDM-032w)
Information: Fixed direction mismatches for block SDFCSNQD2 (LM-054)
Warning: Direction 'inout' for port VSS on tcbn65lp_6lmT1/SDFCSNQD4/design
	does not match expected value 'in' from tcbn65lp_6lmT1/SDFCSNQD4/timing (NDM-032w)
Warning: Direction 'inout' for port VDD on tcbn65lp_6lmT1/SDFCSNQD4/design
	does not match expected value 'in' from tcbn65lp_6lmT1/SDFCSNQD4/timing (NDM-032w)
Information: Fixed direction mismatches for block SDFCSNQD4 (LM-054)
Warning: Direction 'inout' for port VSS on tcbn65lp_6lmT1/SDFD0/design
	does not match expected value 'in' from tcbn65lp_6lmT1/SDFD0/timing (NDM-032w)
Warning: Direction 'inout' for port VDD on tcbn65lp_6lmT1/SDFD0/design
	does not match expected value 'in' from tcbn65lp_6lmT1/SDFD0/timing (NDM-032w)
Information: Fixed direction mismatches for block SDFD0 (LM-054)
Warning: Direction 'inout' for port VSS on tcbn65lp_6lmT1/SDFD1/design
	does not match expected value 'in' from tcbn65lp_6lmT1/SDFD1/timing (NDM-032w)
Warning: Direction 'inout' for port VDD on tcbn65lp_6lmT1/SDFD1/design
	does not match expected value 'in' from tcbn65lp_6lmT1/SDFD1/timing (NDM-032w)
Information: Fixed direction mismatches for block SDFD1 (LM-054)
Warning: Direction 'inout' for port VSS on tcbn65lp_6lmT1/SDFD2/design
	does not match expected value 'in' from tcbn65lp_6lmT1/SDFD2/timing (NDM-032w)
Warning: Direction 'inout' for port VDD on tcbn65lp_6lmT1/SDFD2/design
	does not match expected value 'in' from tcbn65lp_6lmT1/SDFD2/timing (NDM-032w)
Information: Fixed direction mismatches for block SDFD2 (LM-054)
Warning: Direction 'inout' for port VSS on tcbn65lp_6lmT1/SDFD4/design
	does not match expected value 'in' from tcbn65lp_6lmT1/SDFD4/timing (NDM-032w)
Warning: Direction 'inout' for port VDD on tcbn65lp_6lmT1/SDFD4/design
	does not match expected value 'in' from tcbn65lp_6lmT1/SDFD4/timing (NDM-032w)
Information: Fixed direction mismatches for block SDFD4 (LM-054)
Warning: Direction 'inout' for port VSS on tcbn65lp_6lmT1/SDFKCND0/design
	does not match expected value 'in' from tcbn65lp_6lmT1/SDFKCND0/timing (NDM-032w)
Warning: Direction 'inout' for port VDD on tcbn65lp_6lmT1/SDFKCND0/design
	does not match expected value 'in' from tcbn65lp_6lmT1/SDFKCND0/timing (NDM-032w)
Information: Fixed direction mismatches for block SDFKCND0 (LM-054)
Warning: Direction 'inout' for port VSS on tcbn65lp_6lmT1/SDFKCND1/design
	does not match expected value 'in' from tcbn65lp_6lmT1/SDFKCND1/timing (NDM-032w)
Warning: Direction 'inout' for port VDD on tcbn65lp_6lmT1/SDFKCND1/design
	does not match expected value 'in' from tcbn65lp_6lmT1/SDFKCND1/timing (NDM-032w)
Information: Fixed direction mismatches for block SDFKCND1 (LM-054)
Warning: Direction 'inout' for port VSS on tcbn65lp_6lmT1/SDFKCND2/design
	does not match expected value 'in' from tcbn65lp_6lmT1/SDFKCND2/timing (NDM-032w)
Warning: Direction 'inout' for port VDD on tcbn65lp_6lmT1/SDFKCND2/design
	does not match expected value 'in' from tcbn65lp_6lmT1/SDFKCND2/timing (NDM-032w)
Information: Fixed direction mismatches for block SDFKCND2 (LM-054)
Warning: Direction 'inout' for port VSS on tcbn65lp_6lmT1/SDFKCND4/design
	does not match expected value 'in' from tcbn65lp_6lmT1/SDFKCND4/timing (NDM-032w)
Warning: Direction 'inout' for port VDD on tcbn65lp_6lmT1/SDFKCND4/design
	does not match expected value 'in' from tcbn65lp_6lmT1/SDFKCND4/timing (NDM-032w)
Information: Fixed direction mismatches for block SDFKCND4 (LM-054)
Warning: Direction 'inout' for port VSS on tcbn65lp_6lmT1/SDFKCNQD0/design
	does not match expected value 'in' from tcbn65lp_6lmT1/SDFKCNQD0/timing (NDM-032w)
Warning: Direction 'inout' for port VDD on tcbn65lp_6lmT1/SDFKCNQD0/design
	does not match expected value 'in' from tcbn65lp_6lmT1/SDFKCNQD0/timing (NDM-032w)
Information: Fixed direction mismatches for block SDFKCNQD0 (LM-054)
Warning: Direction 'inout' for port VSS on tcbn65lp_6lmT1/SDFKCNQD1/design
	does not match expected value 'in' from tcbn65lp_6lmT1/SDFKCNQD1/timing (NDM-032w)
Warning: Direction 'inout' for port VDD on tcbn65lp_6lmT1/SDFKCNQD1/design
	does not match expected value 'in' from tcbn65lp_6lmT1/SDFKCNQD1/timing (NDM-032w)
Information: Fixed direction mismatches for block SDFKCNQD1 (LM-054)
Warning: Direction 'inout' for port VSS on tcbn65lp_6lmT1/SDFKCNQD2/design
	does not match expected value 'in' from tcbn65lp_6lmT1/SDFKCNQD2/timing (NDM-032w)
Warning: Direction 'inout' for port VDD on tcbn65lp_6lmT1/SDFKCNQD2/design
	does not match expected value 'in' from tcbn65lp_6lmT1/SDFKCNQD2/timing (NDM-032w)
Information: Fixed direction mismatches for block SDFKCNQD2 (LM-054)
Warning: Direction 'inout' for port VSS on tcbn65lp_6lmT1/SDFKCNQD4/design
	does not match expected value 'in' from tcbn65lp_6lmT1/SDFKCNQD4/timing (NDM-032w)
Warning: Direction 'inout' for port VDD on tcbn65lp_6lmT1/SDFKCNQD4/design
	does not match expected value 'in' from tcbn65lp_6lmT1/SDFKCNQD4/timing (NDM-032w)
Information: Fixed direction mismatches for block SDFKCNQD4 (LM-054)
Warning: Direction 'inout' for port VSS on tcbn65lp_6lmT1/SDFKCSND0/design
	does not match expected value 'in' from tcbn65lp_6lmT1/SDFKCSND0/timing (NDM-032w)
Warning: Direction 'inout' for port VDD on tcbn65lp_6lmT1/SDFKCSND0/design
	does not match expected value 'in' from tcbn65lp_6lmT1/SDFKCSND0/timing (NDM-032w)
Information: Fixed direction mismatches for block SDFKCSND0 (LM-054)
Warning: Direction 'inout' for port VSS on tcbn65lp_6lmT1/SDFKCSND1/design
	does not match expected value 'in' from tcbn65lp_6lmT1/SDFKCSND1/timing (NDM-032w)
Warning: Direction 'inout' for port VDD on tcbn65lp_6lmT1/SDFKCSND1/design
	does not match expected value 'in' from tcbn65lp_6lmT1/SDFKCSND1/timing (NDM-032w)
Information: Fixed direction mismatches for block SDFKCSND1 (LM-054)
Warning: Direction 'inout' for port VSS on tcbn65lp_6lmT1/SDFKCSND2/design
	does not match expected value 'in' from tcbn65lp_6lmT1/SDFKCSND2/timing (NDM-032w)
Warning: Direction 'inout' for port VDD on tcbn65lp_6lmT1/SDFKCSND2/design
	does not match expected value 'in' from tcbn65lp_6lmT1/SDFKCSND2/timing (NDM-032w)
Information: Fixed direction mismatches for block SDFKCSND2 (LM-054)
Warning: Direction 'inout' for port VSS on tcbn65lp_6lmT1/SDFKCSND4/design
	does not match expected value 'in' from tcbn65lp_6lmT1/SDFKCSND4/timing (NDM-032w)
Warning: Direction 'inout' for port VDD on tcbn65lp_6lmT1/SDFKCSND4/design
	does not match expected value 'in' from tcbn65lp_6lmT1/SDFKCSND4/timing (NDM-032w)
Information: Fixed direction mismatches for block SDFKCSND4 (LM-054)
Warning: Direction 'inout' for port VSS on tcbn65lp_6lmT1/SDFKCSNQD0/design
	does not match expected value 'in' from tcbn65lp_6lmT1/SDFKCSNQD0/timing (NDM-032w)
Warning: Direction 'inout' for port VDD on tcbn65lp_6lmT1/SDFKCSNQD0/design
	does not match expected value 'in' from tcbn65lp_6lmT1/SDFKCSNQD0/timing (NDM-032w)
Information: Fixed direction mismatches for block SDFKCSNQD0 (LM-054)
Warning: Direction 'inout' for port VSS on tcbn65lp_6lmT1/SDFKCSNQD1/design
	does not match expected value 'in' from tcbn65lp_6lmT1/SDFKCSNQD1/timing (NDM-032w)
Warning: Direction 'inout' for port VDD on tcbn65lp_6lmT1/SDFKCSNQD1/design
	does not match expected value 'in' from tcbn65lp_6lmT1/SDFKCSNQD1/timing (NDM-032w)
Information: Fixed direction mismatches for block SDFKCSNQD1 (LM-054)
Warning: Direction 'inout' for port VSS on tcbn65lp_6lmT1/SDFKCSNQD2/design
	does not match expected value 'in' from tcbn65lp_6lmT1/SDFKCSNQD2/timing (NDM-032w)
Warning: Direction 'inout' for port VDD on tcbn65lp_6lmT1/SDFKCSNQD2/design
	does not match expected value 'in' from tcbn65lp_6lmT1/SDFKCSNQD2/timing (NDM-032w)
Information: Fixed direction mismatches for block SDFKCSNQD2 (LM-054)
Warning: Direction 'inout' for port VSS on tcbn65lp_6lmT1/SDFKCSNQD4/design
	does not match expected value 'in' from tcbn65lp_6lmT1/SDFKCSNQD4/timing (NDM-032w)
Warning: Direction 'inout' for port VDD on tcbn65lp_6lmT1/SDFKCSNQD4/design
	does not match expected value 'in' from tcbn65lp_6lmT1/SDFKCSNQD4/timing (NDM-032w)
Information: Fixed direction mismatches for block SDFKCSNQD4 (LM-054)
Warning: Direction 'inout' for port VSS on tcbn65lp_6lmT1/SDFKSND0/design
	does not match expected value 'in' from tcbn65lp_6lmT1/SDFKSND0/timing (NDM-032w)
Warning: Direction 'inout' for port VDD on tcbn65lp_6lmT1/SDFKSND0/design
	does not match expected value 'in' from tcbn65lp_6lmT1/SDFKSND0/timing (NDM-032w)
Information: Fixed direction mismatches for block SDFKSND0 (LM-054)
Warning: Direction 'inout' for port VSS on tcbn65lp_6lmT1/SDFKSND1/design
	does not match expected value 'in' from tcbn65lp_6lmT1/SDFKSND1/timing (NDM-032w)
Warning: Direction 'inout' for port VDD on tcbn65lp_6lmT1/SDFKSND1/design
	does not match expected value 'in' from tcbn65lp_6lmT1/SDFKSND1/timing (NDM-032w)
Information: Fixed direction mismatches for block SDFKSND1 (LM-054)
Warning: Direction 'inout' for port VSS on tcbn65lp_6lmT1/SDFKSND2/design
	does not match expected value 'in' from tcbn65lp_6lmT1/SDFKSND2/timing (NDM-032w)
Warning: Direction 'inout' for port VDD on tcbn65lp_6lmT1/SDFKSND2/design
	does not match expected value 'in' from tcbn65lp_6lmT1/SDFKSND2/timing (NDM-032w)
Information: Fixed direction mismatches for block SDFKSND2 (LM-054)
Warning: Direction 'inout' for port VSS on tcbn65lp_6lmT1/SDFKSND4/design
	does not match expected value 'in' from tcbn65lp_6lmT1/SDFKSND4/timing (NDM-032w)
Warning: Direction 'inout' for port VDD on tcbn65lp_6lmT1/SDFKSND4/design
	does not match expected value 'in' from tcbn65lp_6lmT1/SDFKSND4/timing (NDM-032w)
Information: Fixed direction mismatches for block SDFKSND4 (LM-054)
Warning: Direction 'inout' for port VSS on tcbn65lp_6lmT1/SDFKSNQD0/design
	does not match expected value 'in' from tcbn65lp_6lmT1/SDFKSNQD0/timing (NDM-032w)
Warning: Direction 'inout' for port VDD on tcbn65lp_6lmT1/SDFKSNQD0/design
	does not match expected value 'in' from tcbn65lp_6lmT1/SDFKSNQD0/timing (NDM-032w)
Information: Fixed direction mismatches for block SDFKSNQD0 (LM-054)
Warning: Direction 'inout' for port VSS on tcbn65lp_6lmT1/SDFKSNQD1/design
	does not match expected value 'in' from tcbn65lp_6lmT1/SDFKSNQD1/timing (NDM-032w)
Warning: Direction 'inout' for port VDD on tcbn65lp_6lmT1/SDFKSNQD1/design
	does not match expected value 'in' from tcbn65lp_6lmT1/SDFKSNQD1/timing (NDM-032w)
Information: Fixed direction mismatches for block SDFKSNQD1 (LM-054)
Warning: Direction 'inout' for port VSS on tcbn65lp_6lmT1/SDFKSNQD2/design
	does not match expected value 'in' from tcbn65lp_6lmT1/SDFKSNQD2/timing (NDM-032w)
Warning: Direction 'inout' for port VDD on tcbn65lp_6lmT1/SDFKSNQD2/design
	does not match expected value 'in' from tcbn65lp_6lmT1/SDFKSNQD2/timing (NDM-032w)
Information: Fixed direction mismatches for block SDFKSNQD2 (LM-054)
Warning: Direction 'inout' for port VSS on tcbn65lp_6lmT1/SDFKSNQD4/design
	does not match expected value 'in' from tcbn65lp_6lmT1/SDFKSNQD4/timing (NDM-032w)
Warning: Direction 'inout' for port VDD on tcbn65lp_6lmT1/SDFKSNQD4/design
	does not match expected value 'in' from tcbn65lp_6lmT1/SDFKSNQD4/timing (NDM-032w)
Information: Fixed direction mismatches for block SDFKSNQD4 (LM-054)
Warning: Direction 'inout' for port VSS on tcbn65lp_6lmT1/SDFNCND0/design
	does not match expected value 'in' from tcbn65lp_6lmT1/SDFNCND0/timing (NDM-032w)
Warning: Direction 'inout' for port VDD on tcbn65lp_6lmT1/SDFNCND0/design
	does not match expected value 'in' from tcbn65lp_6lmT1/SDFNCND0/timing (NDM-032w)
Information: Fixed direction mismatches for block SDFNCND0 (LM-054)
Warning: Direction 'inout' for port VSS on tcbn65lp_6lmT1/SDFNCND1/design
	does not match expected value 'in' from tcbn65lp_6lmT1/SDFNCND1/timing (NDM-032w)
Warning: Direction 'inout' for port VDD on tcbn65lp_6lmT1/SDFNCND1/design
	does not match expected value 'in' from tcbn65lp_6lmT1/SDFNCND1/timing (NDM-032w)
Information: Fixed direction mismatches for block SDFNCND1 (LM-054)
Warning: Direction 'inout' for port VSS on tcbn65lp_6lmT1/SDFNCND2/design
	does not match expected value 'in' from tcbn65lp_6lmT1/SDFNCND2/timing (NDM-032w)
Warning: Direction 'inout' for port VDD on tcbn65lp_6lmT1/SDFNCND2/design
	does not match expected value 'in' from tcbn65lp_6lmT1/SDFNCND2/timing (NDM-032w)
Information: Fixed direction mismatches for block SDFNCND2 (LM-054)
Warning: Direction 'inout' for port VSS on tcbn65lp_6lmT1/SDFNCND4/design
	does not match expected value 'in' from tcbn65lp_6lmT1/SDFNCND4/timing (NDM-032w)
Warning: Direction 'inout' for port VDD on tcbn65lp_6lmT1/SDFNCND4/design
	does not match expected value 'in' from tcbn65lp_6lmT1/SDFNCND4/timing (NDM-032w)
Information: Fixed direction mismatches for block SDFNCND4 (LM-054)
Warning: Direction 'inout' for port VSS on tcbn65lp_6lmT1/SDFNCSND0/design
	does not match expected value 'in' from tcbn65lp_6lmT1/SDFNCSND0/timing (NDM-032w)
Warning: Direction 'inout' for port VDD on tcbn65lp_6lmT1/SDFNCSND0/design
	does not match expected value 'in' from tcbn65lp_6lmT1/SDFNCSND0/timing (NDM-032w)
Information: Fixed direction mismatches for block SDFNCSND0 (LM-054)
Warning: Direction 'inout' for port VSS on tcbn65lp_6lmT1/SDFNCSND1/design
	does not match expected value 'in' from tcbn65lp_6lmT1/SDFNCSND1/timing (NDM-032w)
Warning: Direction 'inout' for port VDD on tcbn65lp_6lmT1/SDFNCSND1/design
	does not match expected value 'in' from tcbn65lp_6lmT1/SDFNCSND1/timing (NDM-032w)
Information: Fixed direction mismatches for block SDFNCSND1 (LM-054)
Warning: Direction 'inout' for port VSS on tcbn65lp_6lmT1/SDFNCSND2/design
	does not match expected value 'in' from tcbn65lp_6lmT1/SDFNCSND2/timing (NDM-032w)
Warning: Direction 'inout' for port VDD on tcbn65lp_6lmT1/SDFNCSND2/design
	does not match expected value 'in' from tcbn65lp_6lmT1/SDFNCSND2/timing (NDM-032w)
Information: Fixed direction mismatches for block SDFNCSND2 (LM-054)
Warning: Direction 'inout' for port VSS on tcbn65lp_6lmT1/SDFNCSND4/design
	does not match expected value 'in' from tcbn65lp_6lmT1/SDFNCSND4/timing (NDM-032w)
Warning: Direction 'inout' for port VDD on tcbn65lp_6lmT1/SDFNCSND4/design
	does not match expected value 'in' from tcbn65lp_6lmT1/SDFNCSND4/timing (NDM-032w)
Information: Fixed direction mismatches for block SDFNCSND4 (LM-054)
Warning: Direction 'inout' for port VSS on tcbn65lp_6lmT1/SDFND0/design
	does not match expected value 'in' from tcbn65lp_6lmT1/SDFND0/timing (NDM-032w)
Warning: Direction 'inout' for port VDD on tcbn65lp_6lmT1/SDFND0/design
	does not match expected value 'in' from tcbn65lp_6lmT1/SDFND0/timing (NDM-032w)
Information: Fixed direction mismatches for block SDFND0 (LM-054)
Warning: Direction 'inout' for port VSS on tcbn65lp_6lmT1/SDFND1/design
	does not match expected value 'in' from tcbn65lp_6lmT1/SDFND1/timing (NDM-032w)
Warning: Direction 'inout' for port VDD on tcbn65lp_6lmT1/SDFND1/design
	does not match expected value 'in' from tcbn65lp_6lmT1/SDFND1/timing (NDM-032w)
Information: Fixed direction mismatches for block SDFND1 (LM-054)
Warning: Direction 'inout' for port VSS on tcbn65lp_6lmT1/SDFND2/design
	does not match expected value 'in' from tcbn65lp_6lmT1/SDFND2/timing (NDM-032w)
Warning: Direction 'inout' for port VDD on tcbn65lp_6lmT1/SDFND2/design
	does not match expected value 'in' from tcbn65lp_6lmT1/SDFND2/timing (NDM-032w)
Information: Fixed direction mismatches for block SDFND2 (LM-054)
Warning: Direction 'inout' for port VSS on tcbn65lp_6lmT1/SDFND4/design
	does not match expected value 'in' from tcbn65lp_6lmT1/SDFND4/timing (NDM-032w)
Warning: Direction 'inout' for port VDD on tcbn65lp_6lmT1/SDFND4/design
	does not match expected value 'in' from tcbn65lp_6lmT1/SDFND4/timing (NDM-032w)
Information: Fixed direction mismatches for block SDFND4 (LM-054)
Warning: Direction 'inout' for port VSS on tcbn65lp_6lmT1/SDFNSND0/design
	does not match expected value 'in' from tcbn65lp_6lmT1/SDFNSND0/timing (NDM-032w)
Warning: Direction 'inout' for port VDD on tcbn65lp_6lmT1/SDFNSND0/design
	does not match expected value 'in' from tcbn65lp_6lmT1/SDFNSND0/timing (NDM-032w)
Information: Fixed direction mismatches for block SDFNSND0 (LM-054)
Warning: Direction 'inout' for port VSS on tcbn65lp_6lmT1/SDFNSND1/design
	does not match expected value 'in' from tcbn65lp_6lmT1/SDFNSND1/timing (NDM-032w)
Warning: Direction 'inout' for port VDD on tcbn65lp_6lmT1/SDFNSND1/design
	does not match expected value 'in' from tcbn65lp_6lmT1/SDFNSND1/timing (NDM-032w)
Information: Fixed direction mismatches for block SDFNSND1 (LM-054)
Warning: Direction 'inout' for port VSS on tcbn65lp_6lmT1/SDFNSND2/design
	does not match expected value 'in' from tcbn65lp_6lmT1/SDFNSND2/timing (NDM-032w)
Warning: Direction 'inout' for port VDD on tcbn65lp_6lmT1/SDFNSND2/design
	does not match expected value 'in' from tcbn65lp_6lmT1/SDFNSND2/timing (NDM-032w)
Information: Fixed direction mismatches for block SDFNSND2 (LM-054)
Warning: Direction 'inout' for port VSS on tcbn65lp_6lmT1/SDFNSND4/design
	does not match expected value 'in' from tcbn65lp_6lmT1/SDFNSND4/timing (NDM-032w)
Warning: Direction 'inout' for port VDD on tcbn65lp_6lmT1/SDFNSND4/design
	does not match expected value 'in' from tcbn65lp_6lmT1/SDFNSND4/timing (NDM-032w)
Information: Fixed direction mismatches for block SDFNSND4 (LM-054)
Warning: Direction 'inout' for port VSS on tcbn65lp_6lmT1/SDFQD0/design
	does not match expected value 'in' from tcbn65lp_6lmT1/SDFQD0/timing (NDM-032w)
Warning: Direction 'inout' for port VDD on tcbn65lp_6lmT1/SDFQD0/design
	does not match expected value 'in' from tcbn65lp_6lmT1/SDFQD0/timing (NDM-032w)
Information: Fixed direction mismatches for block SDFQD0 (LM-054)
Warning: Direction 'inout' for port VSS on tcbn65lp_6lmT1/SDFQD1/design
	does not match expected value 'in' from tcbn65lp_6lmT1/SDFQD1/timing (NDM-032w)
Warning: Direction 'inout' for port VDD on tcbn65lp_6lmT1/SDFQD1/design
	does not match expected value 'in' from tcbn65lp_6lmT1/SDFQD1/timing (NDM-032w)
Information: Fixed direction mismatches for block SDFQD1 (LM-054)
Warning: Direction 'inout' for port VSS on tcbn65lp_6lmT1/SDFQD2/design
	does not match expected value 'in' from tcbn65lp_6lmT1/SDFQD2/timing (NDM-032w)
Warning: Direction 'inout' for port VDD on tcbn65lp_6lmT1/SDFQD2/design
	does not match expected value 'in' from tcbn65lp_6lmT1/SDFQD2/timing (NDM-032w)
Information: Fixed direction mismatches for block SDFQD2 (LM-054)
Warning: Direction 'inout' for port VSS on tcbn65lp_6lmT1/SDFQD4/design
	does not match expected value 'in' from tcbn65lp_6lmT1/SDFQD4/timing (NDM-032w)
Warning: Direction 'inout' for port VDD on tcbn65lp_6lmT1/SDFQD4/design
	does not match expected value 'in' from tcbn65lp_6lmT1/SDFQD4/timing (NDM-032w)
Information: Fixed direction mismatches for block SDFQD4 (LM-054)
Warning: Direction 'inout' for port VSS on tcbn65lp_6lmT1/SDFQND0/design
	does not match expected value 'in' from tcbn65lp_6lmT1/SDFQND0/timing (NDM-032w)
Warning: Direction 'inout' for port VDD on tcbn65lp_6lmT1/SDFQND0/design
	does not match expected value 'in' from tcbn65lp_6lmT1/SDFQND0/timing (NDM-032w)
Information: Fixed direction mismatches for block SDFQND0 (LM-054)
Warning: Direction 'inout' for port VSS on tcbn65lp_6lmT1/SDFQND1/design
	does not match expected value 'in' from tcbn65lp_6lmT1/SDFQND1/timing (NDM-032w)
Warning: Direction 'inout' for port VDD on tcbn65lp_6lmT1/SDFQND1/design
	does not match expected value 'in' from tcbn65lp_6lmT1/SDFQND1/timing (NDM-032w)
Information: Fixed direction mismatches for block SDFQND1 (LM-054)
Warning: Direction 'inout' for port VSS on tcbn65lp_6lmT1/SDFQND2/design
	does not match expected value 'in' from tcbn65lp_6lmT1/SDFQND2/timing (NDM-032w)
Warning: Direction 'inout' for port VDD on tcbn65lp_6lmT1/SDFQND2/design
	does not match expected value 'in' from tcbn65lp_6lmT1/SDFQND2/timing (NDM-032w)
Information: Fixed direction mismatches for block SDFQND2 (LM-054)
Warning: Direction 'inout' for port VSS on tcbn65lp_6lmT1/SDFQND4/design
	does not match expected value 'in' from tcbn65lp_6lmT1/SDFQND4/timing (NDM-032w)
Warning: Direction 'inout' for port VDD on tcbn65lp_6lmT1/SDFQND4/design
	does not match expected value 'in' from tcbn65lp_6lmT1/SDFQND4/timing (NDM-032w)
Information: Fixed direction mismatches for block SDFQND4 (LM-054)
Warning: Direction 'inout' for port VSS on tcbn65lp_6lmT1/SDFSND0/design
	does not match expected value 'in' from tcbn65lp_6lmT1/SDFSND0/timing (NDM-032w)
Warning: Direction 'inout' for port VDD on tcbn65lp_6lmT1/SDFSND0/design
	does not match expected value 'in' from tcbn65lp_6lmT1/SDFSND0/timing (NDM-032w)
Information: Fixed direction mismatches for block SDFSND0 (LM-054)
Warning: Direction 'inout' for port VSS on tcbn65lp_6lmT1/SDFSND1/design
	does not match expected value 'in' from tcbn65lp_6lmT1/SDFSND1/timing (NDM-032w)
Warning: Direction 'inout' for port VDD on tcbn65lp_6lmT1/SDFSND1/design
	does not match expected value 'in' from tcbn65lp_6lmT1/SDFSND1/timing (NDM-032w)
Information: Fixed direction mismatches for block SDFSND1 (LM-054)
Warning: Direction 'inout' for port VSS on tcbn65lp_6lmT1/SDFSND2/design
	does not match expected value 'in' from tcbn65lp_6lmT1/SDFSND2/timing (NDM-032w)
Warning: Direction 'inout' for port VDD on tcbn65lp_6lmT1/SDFSND2/design
	does not match expected value 'in' from tcbn65lp_6lmT1/SDFSND2/timing (NDM-032w)
Information: Fixed direction mismatches for block SDFSND2 (LM-054)
Warning: Direction 'inout' for port VSS on tcbn65lp_6lmT1/SDFSND4/design
	does not match expected value 'in' from tcbn65lp_6lmT1/SDFSND4/timing (NDM-032w)
Warning: Direction 'inout' for port VDD on tcbn65lp_6lmT1/SDFSND4/design
	does not match expected value 'in' from tcbn65lp_6lmT1/SDFSND4/timing (NDM-032w)
Information: Fixed direction mismatches for block SDFSND4 (LM-054)
Warning: Direction 'inout' for port VSS on tcbn65lp_6lmT1/SDFSNQD0/design
	does not match expected value 'in' from tcbn65lp_6lmT1/SDFSNQD0/timing (NDM-032w)
Warning: Direction 'inout' for port VDD on tcbn65lp_6lmT1/SDFSNQD0/design
	does not match expected value 'in' from tcbn65lp_6lmT1/SDFSNQD0/timing (NDM-032w)
Information: Fixed direction mismatches for block SDFSNQD0 (LM-054)
Warning: Direction 'inout' for port VSS on tcbn65lp_6lmT1/SDFSNQD1/design
	does not match expected value 'in' from tcbn65lp_6lmT1/SDFSNQD1/timing (NDM-032w)
Warning: Direction 'inout' for port VDD on tcbn65lp_6lmT1/SDFSNQD1/design
	does not match expected value 'in' from tcbn65lp_6lmT1/SDFSNQD1/timing (NDM-032w)
Information: Fixed direction mismatches for block SDFSNQD1 (LM-054)
Warning: Direction 'inout' for port VSS on tcbn65lp_6lmT1/SDFSNQD2/design
	does not match expected value 'in' from tcbn65lp_6lmT1/SDFSNQD2/timing (NDM-032w)
Warning: Direction 'inout' for port VDD on tcbn65lp_6lmT1/SDFSNQD2/design
	does not match expected value 'in' from tcbn65lp_6lmT1/SDFSNQD2/timing (NDM-032w)
Information: Fixed direction mismatches for block SDFSNQD2 (LM-054)
Warning: Direction 'inout' for port VSS on tcbn65lp_6lmT1/SDFSNQD4/design
	does not match expected value 'in' from tcbn65lp_6lmT1/SDFSNQD4/timing (NDM-032w)
Warning: Direction 'inout' for port VDD on tcbn65lp_6lmT1/SDFSNQD4/design
	does not match expected value 'in' from tcbn65lp_6lmT1/SDFSNQD4/timing (NDM-032w)
Information: Fixed direction mismatches for block SDFSNQD4 (LM-054)
Warning: Direction 'inout' for port VSS on tcbn65lp_6lmT1/SDFXD0/design
	does not match expected value 'in' from tcbn65lp_6lmT1/SDFXD0/timing (NDM-032w)
Warning: Direction 'inout' for port VDD on tcbn65lp_6lmT1/SDFXD0/design
	does not match expected value 'in' from tcbn65lp_6lmT1/SDFXD0/timing (NDM-032w)
Information: Fixed direction mismatches for block SDFXD0 (LM-054)
Warning: Direction 'inout' for port VSS on tcbn65lp_6lmT1/SDFXD1/design
	does not match expected value 'in' from tcbn65lp_6lmT1/SDFXD1/timing (NDM-032w)
Warning: Direction 'inout' for port VDD on tcbn65lp_6lmT1/SDFXD1/design
	does not match expected value 'in' from tcbn65lp_6lmT1/SDFXD1/timing (NDM-032w)
Information: Fixed direction mismatches for block SDFXD1 (LM-054)
Warning: Direction 'inout' for port VSS on tcbn65lp_6lmT1/SDFXD2/design
	does not match expected value 'in' from tcbn65lp_6lmT1/SDFXD2/timing (NDM-032w)
Warning: Direction 'inout' for port VDD on tcbn65lp_6lmT1/SDFXD2/design
	does not match expected value 'in' from tcbn65lp_6lmT1/SDFXD2/timing (NDM-032w)
Information: Fixed direction mismatches for block SDFXD2 (LM-054)
Warning: Direction 'inout' for port VSS on tcbn65lp_6lmT1/SDFXD4/design
	does not match expected value 'in' from tcbn65lp_6lmT1/SDFXD4/timing (NDM-032w)
Warning: Direction 'inout' for port VDD on tcbn65lp_6lmT1/SDFXD4/design
	does not match expected value 'in' from tcbn65lp_6lmT1/SDFXD4/timing (NDM-032w)
Information: Fixed direction mismatches for block SDFXD4 (LM-054)
Warning: Direction 'inout' for port VSS on tcbn65lp_6lmT1/SDFXQD0/design
	does not match expected value 'in' from tcbn65lp_6lmT1/SDFXQD0/timing (NDM-032w)
Warning: Direction 'inout' for port VDD on tcbn65lp_6lmT1/SDFXQD0/design
	does not match expected value 'in' from tcbn65lp_6lmT1/SDFXQD0/timing (NDM-032w)
Information: Fixed direction mismatches for block SDFXQD0 (LM-054)
Warning: Direction 'inout' for port VSS on tcbn65lp_6lmT1/SDFXQD1/design
	does not match expected value 'in' from tcbn65lp_6lmT1/SDFXQD1/timing (NDM-032w)
Warning: Direction 'inout' for port VDD on tcbn65lp_6lmT1/SDFXQD1/design
	does not match expected value 'in' from tcbn65lp_6lmT1/SDFXQD1/timing (NDM-032w)
Information: Fixed direction mismatches for block SDFXQD1 (LM-054)
Warning: Direction 'inout' for port VSS on tcbn65lp_6lmT1/SDFXQD2/design
	does not match expected value 'in' from tcbn65lp_6lmT1/SDFXQD2/timing (NDM-032w)
Warning: Direction 'inout' for port VDD on tcbn65lp_6lmT1/SDFXQD2/design
	does not match expected value 'in' from tcbn65lp_6lmT1/SDFXQD2/timing (NDM-032w)
Information: Fixed direction mismatches for block SDFXQD2 (LM-054)
Warning: Direction 'inout' for port VSS on tcbn65lp_6lmT1/SDFXQD4/design
	does not match expected value 'in' from tcbn65lp_6lmT1/SDFXQD4/timing (NDM-032w)
Warning: Direction 'inout' for port VDD on tcbn65lp_6lmT1/SDFXQD4/design
	does not match expected value 'in' from tcbn65lp_6lmT1/SDFXQD4/timing (NDM-032w)
Information: Fixed direction mismatches for block SDFXQD4 (LM-054)
Warning: Direction 'inout' for port VSS on tcbn65lp_6lmT1/SEDFCND0/design
	does not match expected value 'in' from tcbn65lp_6lmT1/SEDFCND0/timing (NDM-032w)
Warning: Direction 'inout' for port VDD on tcbn65lp_6lmT1/SEDFCND0/design
	does not match expected value 'in' from tcbn65lp_6lmT1/SEDFCND0/timing (NDM-032w)
Information: Fixed direction mismatches for block SEDFCND0 (LM-054)
Warning: Direction 'inout' for port VSS on tcbn65lp_6lmT1/SEDFCND1/design
	does not match expected value 'in' from tcbn65lp_6lmT1/SEDFCND1/timing (NDM-032w)
Warning: Direction 'inout' for port VDD on tcbn65lp_6lmT1/SEDFCND1/design
	does not match expected value 'in' from tcbn65lp_6lmT1/SEDFCND1/timing (NDM-032w)
Information: Fixed direction mismatches for block SEDFCND1 (LM-054)
Warning: Direction 'inout' for port VSS on tcbn65lp_6lmT1/SEDFCND2/design
	does not match expected value 'in' from tcbn65lp_6lmT1/SEDFCND2/timing (NDM-032w)
Warning: Direction 'inout' for port VDD on tcbn65lp_6lmT1/SEDFCND2/design
	does not match expected value 'in' from tcbn65lp_6lmT1/SEDFCND2/timing (NDM-032w)
Information: Fixed direction mismatches for block SEDFCND2 (LM-054)
Warning: Direction 'inout' for port VSS on tcbn65lp_6lmT1/SEDFCND4/design
	does not match expected value 'in' from tcbn65lp_6lmT1/SEDFCND4/timing (NDM-032w)
Warning: Direction 'inout' for port VDD on tcbn65lp_6lmT1/SEDFCND4/design
	does not match expected value 'in' from tcbn65lp_6lmT1/SEDFCND4/timing (NDM-032w)
Information: Fixed direction mismatches for block SEDFCND4 (LM-054)
Warning: Direction 'inout' for port VSS on tcbn65lp_6lmT1/SEDFCNQD0/design
	does not match expected value 'in' from tcbn65lp_6lmT1/SEDFCNQD0/timing (NDM-032w)
Warning: Direction 'inout' for port VDD on tcbn65lp_6lmT1/SEDFCNQD0/design
	does not match expected value 'in' from tcbn65lp_6lmT1/SEDFCNQD0/timing (NDM-032w)
Information: Fixed direction mismatches for block SEDFCNQD0 (LM-054)
Warning: Direction 'inout' for port VSS on tcbn65lp_6lmT1/SEDFCNQD1/design
	does not match expected value 'in' from tcbn65lp_6lmT1/SEDFCNQD1/timing (NDM-032w)
Warning: Direction 'inout' for port VDD on tcbn65lp_6lmT1/SEDFCNQD1/design
	does not match expected value 'in' from tcbn65lp_6lmT1/SEDFCNQD1/timing (NDM-032w)
Information: Fixed direction mismatches for block SEDFCNQD1 (LM-054)
Warning: Direction 'inout' for port VSS on tcbn65lp_6lmT1/SEDFCNQD2/design
	does not match expected value 'in' from tcbn65lp_6lmT1/SEDFCNQD2/timing (NDM-032w)
Warning: Direction 'inout' for port VDD on tcbn65lp_6lmT1/SEDFCNQD2/design
	does not match expected value 'in' from tcbn65lp_6lmT1/SEDFCNQD2/timing (NDM-032w)
Information: Fixed direction mismatches for block SEDFCNQD2 (LM-054)
Warning: Direction 'inout' for port VSS on tcbn65lp_6lmT1/SEDFCNQD4/design
	does not match expected value 'in' from tcbn65lp_6lmT1/SEDFCNQD4/timing (NDM-032w)
Warning: Direction 'inout' for port VDD on tcbn65lp_6lmT1/SEDFCNQD4/design
	does not match expected value 'in' from tcbn65lp_6lmT1/SEDFCNQD4/timing (NDM-032w)
Information: Fixed direction mismatches for block SEDFCNQD4 (LM-054)
Warning: Direction 'inout' for port VSS on tcbn65lp_6lmT1/SEDFD0/design
	does not match expected value 'in' from tcbn65lp_6lmT1/SEDFD0/timing (NDM-032w)
Warning: Direction 'inout' for port VDD on tcbn65lp_6lmT1/SEDFD0/design
	does not match expected value 'in' from tcbn65lp_6lmT1/SEDFD0/timing (NDM-032w)
Information: Fixed direction mismatches for block SEDFD0 (LM-054)
Warning: Direction 'inout' for port VSS on tcbn65lp_6lmT1/SEDFD1/design
	does not match expected value 'in' from tcbn65lp_6lmT1/SEDFD1/timing (NDM-032w)
Warning: Direction 'inout' for port VDD on tcbn65lp_6lmT1/SEDFD1/design
	does not match expected value 'in' from tcbn65lp_6lmT1/SEDFD1/timing (NDM-032w)
Information: Fixed direction mismatches for block SEDFD1 (LM-054)
Warning: Direction 'inout' for port VSS on tcbn65lp_6lmT1/SEDFD2/design
	does not match expected value 'in' from tcbn65lp_6lmT1/SEDFD2/timing (NDM-032w)
Warning: Direction 'inout' for port VDD on tcbn65lp_6lmT1/SEDFD2/design
	does not match expected value 'in' from tcbn65lp_6lmT1/SEDFD2/timing (NDM-032w)
Information: Fixed direction mismatches for block SEDFD2 (LM-054)
Warning: Direction 'inout' for port VSS on tcbn65lp_6lmT1/SEDFD4/design
	does not match expected value 'in' from tcbn65lp_6lmT1/SEDFD4/timing (NDM-032w)
Warning: Direction 'inout' for port VDD on tcbn65lp_6lmT1/SEDFD4/design
	does not match expected value 'in' from tcbn65lp_6lmT1/SEDFD4/timing (NDM-032w)
Information: Fixed direction mismatches for block SEDFD4 (LM-054)
Warning: Direction 'inout' for port VSS on tcbn65lp_6lmT1/SEDFKCND0/design
	does not match expected value 'in' from tcbn65lp_6lmT1/SEDFKCND0/timing (NDM-032w)
Warning: Direction 'inout' for port VDD on tcbn65lp_6lmT1/SEDFKCND0/design
	does not match expected value 'in' from tcbn65lp_6lmT1/SEDFKCND0/timing (NDM-032w)
Information: Fixed direction mismatches for block SEDFKCND0 (LM-054)
Warning: Direction 'inout' for port VSS on tcbn65lp_6lmT1/SEDFKCND1/design
	does not match expected value 'in' from tcbn65lp_6lmT1/SEDFKCND1/timing (NDM-032w)
Warning: Direction 'inout' for port VDD on tcbn65lp_6lmT1/SEDFKCND1/design
	does not match expected value 'in' from tcbn65lp_6lmT1/SEDFKCND1/timing (NDM-032w)
Information: Fixed direction mismatches for block SEDFKCND1 (LM-054)
Warning: Direction 'inout' for port VSS on tcbn65lp_6lmT1/SEDFKCND2/design
	does not match expected value 'in' from tcbn65lp_6lmT1/SEDFKCND2/timing (NDM-032w)
Warning: Direction 'inout' for port VDD on tcbn65lp_6lmT1/SEDFKCND2/design
	does not match expected value 'in' from tcbn65lp_6lmT1/SEDFKCND2/timing (NDM-032w)
Information: Fixed direction mismatches for block SEDFKCND2 (LM-054)
Warning: Direction 'inout' for port VSS on tcbn65lp_6lmT1/SEDFKCND4/design
	does not match expected value 'in' from tcbn65lp_6lmT1/SEDFKCND4/timing (NDM-032w)
Warning: Direction 'inout' for port VDD on tcbn65lp_6lmT1/SEDFKCND4/design
	does not match expected value 'in' from tcbn65lp_6lmT1/SEDFKCND4/timing (NDM-032w)
Information: Fixed direction mismatches for block SEDFKCND4 (LM-054)
Warning: Direction 'inout' for port VSS on tcbn65lp_6lmT1/SEDFKCNQD0/design
	does not match expected value 'in' from tcbn65lp_6lmT1/SEDFKCNQD0/timing (NDM-032w)
Warning: Direction 'inout' for port VDD on tcbn65lp_6lmT1/SEDFKCNQD0/design
	does not match expected value 'in' from tcbn65lp_6lmT1/SEDFKCNQD0/timing (NDM-032w)
Information: Fixed direction mismatches for block SEDFKCNQD0 (LM-054)
Warning: Direction 'inout' for port VSS on tcbn65lp_6lmT1/SEDFKCNQD1/design
	does not match expected value 'in' from tcbn65lp_6lmT1/SEDFKCNQD1/timing (NDM-032w)
Warning: Direction 'inout' for port VDD on tcbn65lp_6lmT1/SEDFKCNQD1/design
	does not match expected value 'in' from tcbn65lp_6lmT1/SEDFKCNQD1/timing (NDM-032w)
Information: Fixed direction mismatches for block SEDFKCNQD1 (LM-054)
Warning: Direction 'inout' for port VSS on tcbn65lp_6lmT1/SEDFKCNQD2/design
	does not match expected value 'in' from tcbn65lp_6lmT1/SEDFKCNQD2/timing (NDM-032w)
Warning: Direction 'inout' for port VDD on tcbn65lp_6lmT1/SEDFKCNQD2/design
	does not match expected value 'in' from tcbn65lp_6lmT1/SEDFKCNQD2/timing (NDM-032w)
Information: Fixed direction mismatches for block SEDFKCNQD2 (LM-054)
Warning: Direction 'inout' for port VSS on tcbn65lp_6lmT1/SEDFKCNQD4/design
	does not match expected value 'in' from tcbn65lp_6lmT1/SEDFKCNQD4/timing (NDM-032w)
Warning: Direction 'inout' for port VDD on tcbn65lp_6lmT1/SEDFKCNQD4/design
	does not match expected value 'in' from tcbn65lp_6lmT1/SEDFKCNQD4/timing (NDM-032w)
Information: Fixed direction mismatches for block SEDFKCNQD4 (LM-054)
Warning: Direction 'inout' for port VSS on tcbn65lp_6lmT1/SEDFQD0/design
	does not match expected value 'in' from tcbn65lp_6lmT1/SEDFQD0/timing (NDM-032w)
Warning: Direction 'inout' for port VDD on tcbn65lp_6lmT1/SEDFQD0/design
	does not match expected value 'in' from tcbn65lp_6lmT1/SEDFQD0/timing (NDM-032w)
Information: Fixed direction mismatches for block SEDFQD0 (LM-054)
Warning: Direction 'inout' for port VSS on tcbn65lp_6lmT1/SEDFQD1/design
	does not match expected value 'in' from tcbn65lp_6lmT1/SEDFQD1/timing (NDM-032w)
Warning: Direction 'inout' for port VDD on tcbn65lp_6lmT1/SEDFQD1/design
	does not match expected value 'in' from tcbn65lp_6lmT1/SEDFQD1/timing (NDM-032w)
Information: Fixed direction mismatches for block SEDFQD1 (LM-054)
Warning: Direction 'inout' for port VSS on tcbn65lp_6lmT1/SEDFQD2/design
	does not match expected value 'in' from tcbn65lp_6lmT1/SEDFQD2/timing (NDM-032w)
Warning: Direction 'inout' for port VDD on tcbn65lp_6lmT1/SEDFQD2/design
	does not match expected value 'in' from tcbn65lp_6lmT1/SEDFQD2/timing (NDM-032w)
Information: Fixed direction mismatches for block SEDFQD2 (LM-054)
Warning: Direction 'inout' for port VSS on tcbn65lp_6lmT1/SEDFQD4/design
	does not match expected value 'in' from tcbn65lp_6lmT1/SEDFQD4/timing (NDM-032w)
Warning: Direction 'inout' for port VDD on tcbn65lp_6lmT1/SEDFQD4/design
	does not match expected value 'in' from tcbn65lp_6lmT1/SEDFQD4/timing (NDM-032w)
Information: Fixed direction mismatches for block SEDFQD4 (LM-054)
Warning: Direction 'inout' for port VSS on tcbn65lp_6lmT1/SEDFQND0/design
	does not match expected value 'in' from tcbn65lp_6lmT1/SEDFQND0/timing (NDM-032w)
Warning: Direction 'inout' for port VDD on tcbn65lp_6lmT1/SEDFQND0/design
	does not match expected value 'in' from tcbn65lp_6lmT1/SEDFQND0/timing (NDM-032w)
Information: Fixed direction mismatches for block SEDFQND0 (LM-054)
Warning: Direction 'inout' for port VSS on tcbn65lp_6lmT1/SEDFQND1/design
	does not match expected value 'in' from tcbn65lp_6lmT1/SEDFQND1/timing (NDM-032w)
Warning: Direction 'inout' for port VDD on tcbn65lp_6lmT1/SEDFQND1/design
	does not match expected value 'in' from tcbn65lp_6lmT1/SEDFQND1/timing (NDM-032w)
Information: Fixed direction mismatches for block SEDFQND1 (LM-054)
Warning: Direction 'inout' for port VSS on tcbn65lp_6lmT1/SEDFQND2/design
	does not match expected value 'in' from tcbn65lp_6lmT1/SEDFQND2/timing (NDM-032w)
Warning: Direction 'inout' for port VDD on tcbn65lp_6lmT1/SEDFQND2/design
	does not match expected value 'in' from tcbn65lp_6lmT1/SEDFQND2/timing (NDM-032w)
Information: Fixed direction mismatches for block SEDFQND2 (LM-054)
Warning: Direction 'inout' for port VSS on tcbn65lp_6lmT1/SEDFQND4/design
	does not match expected value 'in' from tcbn65lp_6lmT1/SEDFQND4/timing (NDM-032w)
Warning: Direction 'inout' for port VDD on tcbn65lp_6lmT1/SEDFQND4/design
	does not match expected value 'in' from tcbn65lp_6lmT1/SEDFQND4/timing (NDM-032w)
Information: Fixed direction mismatches for block SEDFQND4 (LM-054)
Warning: Direction 'inout' for port VSS on tcbn65lp_6lmT1/SEDFQNXD0/design
	does not match expected value 'in' from tcbn65lp_6lmT1/SEDFQNXD0/timing (NDM-032w)
Warning: Direction 'inout' for port VDD on tcbn65lp_6lmT1/SEDFQNXD0/design
	does not match expected value 'in' from tcbn65lp_6lmT1/SEDFQNXD0/timing (NDM-032w)
Information: Fixed direction mismatches for block SEDFQNXD0 (LM-054)
Warning: Direction 'inout' for port VSS on tcbn65lp_6lmT1/SEDFQNXD1/design
	does not match expected value 'in' from tcbn65lp_6lmT1/SEDFQNXD1/timing (NDM-032w)
Warning: Direction 'inout' for port VDD on tcbn65lp_6lmT1/SEDFQNXD1/design
	does not match expected value 'in' from tcbn65lp_6lmT1/SEDFQNXD1/timing (NDM-032w)
Information: Fixed direction mismatches for block SEDFQNXD1 (LM-054)
Warning: Direction 'inout' for port VSS on tcbn65lp_6lmT1/SEDFQNXD2/design
	does not match expected value 'in' from tcbn65lp_6lmT1/SEDFQNXD2/timing (NDM-032w)
Warning: Direction 'inout' for port VDD on tcbn65lp_6lmT1/SEDFQNXD2/design
	does not match expected value 'in' from tcbn65lp_6lmT1/SEDFQNXD2/timing (NDM-032w)
Information: Fixed direction mismatches for block SEDFQNXD2 (LM-054)
Warning: Direction 'inout' for port VSS on tcbn65lp_6lmT1/SEDFQNXD4/design
	does not match expected value 'in' from tcbn65lp_6lmT1/SEDFQNXD4/timing (NDM-032w)
Warning: Direction 'inout' for port VDD on tcbn65lp_6lmT1/SEDFQNXD4/design
	does not match expected value 'in' from tcbn65lp_6lmT1/SEDFQNXD4/timing (NDM-032w)
Information: Fixed direction mismatches for block SEDFQNXD4 (LM-054)
Warning: Direction 'inout' for port VSS on tcbn65lp_6lmT1/SEDFQXD0/design
	does not match expected value 'in' from tcbn65lp_6lmT1/SEDFQXD0/timing (NDM-032w)
Warning: Direction 'inout' for port VDD on tcbn65lp_6lmT1/SEDFQXD0/design
	does not match expected value 'in' from tcbn65lp_6lmT1/SEDFQXD0/timing (NDM-032w)
Information: Fixed direction mismatches for block SEDFQXD0 (LM-054)
Warning: Direction 'inout' for port VSS on tcbn65lp_6lmT1/SEDFQXD1/design
	does not match expected value 'in' from tcbn65lp_6lmT1/SEDFQXD1/timing (NDM-032w)
Warning: Direction 'inout' for port VDD on tcbn65lp_6lmT1/SEDFQXD1/design
	does not match expected value 'in' from tcbn65lp_6lmT1/SEDFQXD1/timing (NDM-032w)
Information: Fixed direction mismatches for block SEDFQXD1 (LM-054)
Warning: Direction 'inout' for port VSS on tcbn65lp_6lmT1/SEDFQXD2/design
	does not match expected value 'in' from tcbn65lp_6lmT1/SEDFQXD2/timing (NDM-032w)
Warning: Direction 'inout' for port VDD on tcbn65lp_6lmT1/SEDFQXD2/design
	does not match expected value 'in' from tcbn65lp_6lmT1/SEDFQXD2/timing (NDM-032w)
Information: Fixed direction mismatches for block SEDFQXD2 (LM-054)
Warning: Direction 'inout' for port VSS on tcbn65lp_6lmT1/SEDFQXD4/design
	does not match expected value 'in' from tcbn65lp_6lmT1/SEDFQXD4/timing (NDM-032w)
Warning: Direction 'inout' for port VDD on tcbn65lp_6lmT1/SEDFQXD4/design
	does not match expected value 'in' from tcbn65lp_6lmT1/SEDFQXD4/timing (NDM-032w)
Information: Fixed direction mismatches for block SEDFQXD4 (LM-054)
Warning: Direction 'inout' for port VSS on tcbn65lp_6lmT1/SEDFXD0/design
	does not match expected value 'in' from tcbn65lp_6lmT1/SEDFXD0/timing (NDM-032w)
Warning: Direction 'inout' for port VDD on tcbn65lp_6lmT1/SEDFXD0/design
	does not match expected value 'in' from tcbn65lp_6lmT1/SEDFXD0/timing (NDM-032w)
Information: Fixed direction mismatches for block SEDFXD0 (LM-054)
Warning: Direction 'inout' for port VSS on tcbn65lp_6lmT1/SEDFXD1/design
	does not match expected value 'in' from tcbn65lp_6lmT1/SEDFXD1/timing (NDM-032w)
Warning: Direction 'inout' for port VDD on tcbn65lp_6lmT1/SEDFXD1/design
	does not match expected value 'in' from tcbn65lp_6lmT1/SEDFXD1/timing (NDM-032w)
Information: Fixed direction mismatches for block SEDFXD1 (LM-054)
Warning: Direction 'inout' for port VSS on tcbn65lp_6lmT1/SEDFXD2/design
	does not match expected value 'in' from tcbn65lp_6lmT1/SEDFXD2/timing (NDM-032w)
Warning: Direction 'inout' for port VDD on tcbn65lp_6lmT1/SEDFXD2/design
	does not match expected value 'in' from tcbn65lp_6lmT1/SEDFXD2/timing (NDM-032w)
Information: Fixed direction mismatches for block SEDFXD2 (LM-054)
Warning: Direction 'inout' for port VSS on tcbn65lp_6lmT1/SEDFXD4/design
	does not match expected value 'in' from tcbn65lp_6lmT1/SEDFXD4/timing (NDM-032w)
Warning: Direction 'inout' for port VDD on tcbn65lp_6lmT1/SEDFXD4/design
	does not match expected value 'in' from tcbn65lp_6lmT1/SEDFXD4/timing (NDM-032w)
Information: Fixed direction mismatches for block SEDFXD4 (LM-054)
Warning: Direction 'inout' for port VSS on tcbn65lp_6lmT1/TIEH/design
	does not match expected value 'in' from tcbn65lp_6lmT1/TIEH/timing (NDM-032w)
Warning: Direction 'inout' for port VDD on tcbn65lp_6lmT1/TIEH/design
	does not match expected value 'in' from tcbn65lp_6lmT1/TIEH/timing (NDM-032w)
Information: Fixed direction mismatches for block TIEH (LM-054)
Warning: Direction 'inout' for port VSS on tcbn65lp_6lmT1/TIEL/design
	does not match expected value 'in' from tcbn65lp_6lmT1/TIEL/timing (NDM-032w)
Warning: Direction 'inout' for port VDD on tcbn65lp_6lmT1/TIEL/design
	does not match expected value 'in' from tcbn65lp_6lmT1/TIEL/timing (NDM-032w)
Information: Fixed direction mismatches for block TIEL (LM-054)
Warning: Direction 'inout' for port VSS on tcbn65lp_6lmT1/XNR2D0/design
	does not match expected value 'in' from tcbn65lp_6lmT1/XNR2D0/timing (NDM-032w)
Warning: Direction 'inout' for port VDD on tcbn65lp_6lmT1/XNR2D0/design
	does not match expected value 'in' from tcbn65lp_6lmT1/XNR2D0/timing (NDM-032w)
Information: Fixed direction mismatches for block XNR2D0 (LM-054)
Warning: Direction 'inout' for port VSS on tcbn65lp_6lmT1/XNR2D1/design
	does not match expected value 'in' from tcbn65lp_6lmT1/XNR2D1/timing (NDM-032w)
Warning: Direction 'inout' for port VDD on tcbn65lp_6lmT1/XNR2D1/design
	does not match expected value 'in' from tcbn65lp_6lmT1/XNR2D1/timing (NDM-032w)
Information: Fixed direction mismatches for block XNR2D1 (LM-054)
Warning: Direction 'inout' for port VSS on tcbn65lp_6lmT1/XNR2D2/design
	does not match expected value 'in' from tcbn65lp_6lmT1/XNR2D2/timing (NDM-032w)
Warning: Direction 'inout' for port VDD on tcbn65lp_6lmT1/XNR2D2/design
	does not match expected value 'in' from tcbn65lp_6lmT1/XNR2D2/timing (NDM-032w)
Information: Fixed direction mismatches for block XNR2D2 (LM-054)
Warning: Direction 'inout' for port VSS on tcbn65lp_6lmT1/XNR2D4/design
	does not match expected value 'in' from tcbn65lp_6lmT1/XNR2D4/timing (NDM-032w)
Warning: Direction 'inout' for port VDD on tcbn65lp_6lmT1/XNR2D4/design
	does not match expected value 'in' from tcbn65lp_6lmT1/XNR2D4/timing (NDM-032w)
Information: Fixed direction mismatches for block XNR2D4 (LM-054)
Warning: Direction 'inout' for port VSS on tcbn65lp_6lmT1/XNR3D0/design
	does not match expected value 'in' from tcbn65lp_6lmT1/XNR3D0/timing (NDM-032w)
Warning: Direction 'inout' for port VDD on tcbn65lp_6lmT1/XNR3D0/design
	does not match expected value 'in' from tcbn65lp_6lmT1/XNR3D0/timing (NDM-032w)
Information: Fixed direction mismatches for block XNR3D0 (LM-054)
Warning: Direction 'inout' for port VSS on tcbn65lp_6lmT1/XNR3D1/design
	does not match expected value 'in' from tcbn65lp_6lmT1/XNR3D1/timing (NDM-032w)
Warning: Direction 'inout' for port VDD on tcbn65lp_6lmT1/XNR3D1/design
	does not match expected value 'in' from tcbn65lp_6lmT1/XNR3D1/timing (NDM-032w)
Information: Fixed direction mismatches for block XNR3D1 (LM-054)
Warning: Direction 'inout' for port VSS on tcbn65lp_6lmT1/XNR3D2/design
	does not match expected value 'in' from tcbn65lp_6lmT1/XNR3D2/timing (NDM-032w)
Warning: Direction 'inout' for port VDD on tcbn65lp_6lmT1/XNR3D2/design
	does not match expected value 'in' from tcbn65lp_6lmT1/XNR3D2/timing (NDM-032w)
Information: Fixed direction mismatches for block XNR3D2 (LM-054)
Warning: Direction 'inout' for port VSS on tcbn65lp_6lmT1/XNR3D4/design
	does not match expected value 'in' from tcbn65lp_6lmT1/XNR3D4/timing (NDM-032w)
Warning: Direction 'inout' for port VDD on tcbn65lp_6lmT1/XNR3D4/design
	does not match expected value 'in' from tcbn65lp_6lmT1/XNR3D4/timing (NDM-032w)
Information: Fixed direction mismatches for block XNR3D4 (LM-054)
Warning: Direction 'inout' for port VSS on tcbn65lp_6lmT1/XNR4D0/design
	does not match expected value 'in' from tcbn65lp_6lmT1/XNR4D0/timing (NDM-032w)
Warning: Direction 'inout' for port VDD on tcbn65lp_6lmT1/XNR4D0/design
	does not match expected value 'in' from tcbn65lp_6lmT1/XNR4D0/timing (NDM-032w)
Information: Fixed direction mismatches for block XNR4D0 (LM-054)
Warning: Direction 'inout' for port VSS on tcbn65lp_6lmT1/XNR4D1/design
	does not match expected value 'in' from tcbn65lp_6lmT1/XNR4D1/timing (NDM-032w)
Warning: Direction 'inout' for port VDD on tcbn65lp_6lmT1/XNR4D1/design
	does not match expected value 'in' from tcbn65lp_6lmT1/XNR4D1/timing (NDM-032w)
Information: Fixed direction mismatches for block XNR4D1 (LM-054)
Warning: Direction 'inout' for port VSS on tcbn65lp_6lmT1/XNR4D2/design
	does not match expected value 'in' from tcbn65lp_6lmT1/XNR4D2/timing (NDM-032w)
Warning: Direction 'inout' for port VDD on tcbn65lp_6lmT1/XNR4D2/design
	does not match expected value 'in' from tcbn65lp_6lmT1/XNR4D2/timing (NDM-032w)
Information: Fixed direction mismatches for block XNR4D2 (LM-054)
Warning: Direction 'inout' for port VSS on tcbn65lp_6lmT1/XNR4D4/design
	does not match expected value 'in' from tcbn65lp_6lmT1/XNR4D4/timing (NDM-032w)
Warning: Direction 'inout' for port VDD on tcbn65lp_6lmT1/XNR4D4/design
	does not match expected value 'in' from tcbn65lp_6lmT1/XNR4D4/timing (NDM-032w)
Information: Fixed direction mismatches for block XNR4D4 (LM-054)
Warning: Direction 'inout' for port VSS on tcbn65lp_6lmT1/XOR2D0/design
	does not match expected value 'in' from tcbn65lp_6lmT1/XOR2D0/timing (NDM-032w)
Warning: Direction 'inout' for port VDD on tcbn65lp_6lmT1/XOR2D0/design
	does not match expected value 'in' from tcbn65lp_6lmT1/XOR2D0/timing (NDM-032w)
Information: Fixed direction mismatches for block XOR2D0 (LM-054)
Warning: Direction 'inout' for port VSS on tcbn65lp_6lmT1/XOR2D1/design
	does not match expected value 'in' from tcbn65lp_6lmT1/XOR2D1/timing (NDM-032w)
Warning: Direction 'inout' for port VDD on tcbn65lp_6lmT1/XOR2D1/design
	does not match expected value 'in' from tcbn65lp_6lmT1/XOR2D1/timing (NDM-032w)
Information: Fixed direction mismatches for block XOR2D1 (LM-054)
Warning: Direction 'inout' for port VSS on tcbn65lp_6lmT1/XOR2D2/design
	does not match expected value 'in' from tcbn65lp_6lmT1/XOR2D2/timing (NDM-032w)
Warning: Direction 'inout' for port VDD on tcbn65lp_6lmT1/XOR2D2/design
	does not match expected value 'in' from tcbn65lp_6lmT1/XOR2D2/timing (NDM-032w)
Information: Fixed direction mismatches for block XOR2D2 (LM-054)
Warning: Direction 'inout' for port VSS on tcbn65lp_6lmT1/XOR2D4/design
	does not match expected value 'in' from tcbn65lp_6lmT1/XOR2D4/timing (NDM-032w)
Warning: Direction 'inout' for port VDD on tcbn65lp_6lmT1/XOR2D4/design
	does not match expected value 'in' from tcbn65lp_6lmT1/XOR2D4/timing (NDM-032w)
Information: Fixed direction mismatches for block XOR2D4 (LM-054)
Warning: Direction 'inout' for port VSS on tcbn65lp_6lmT1/XOR3D0/design
	does not match expected value 'in' from tcbn65lp_6lmT1/XOR3D0/timing (NDM-032w)
Warning: Direction 'inout' for port VDD on tcbn65lp_6lmT1/XOR3D0/design
	does not match expected value 'in' from tcbn65lp_6lmT1/XOR3D0/timing (NDM-032w)
Information: Fixed direction mismatches for block XOR3D0 (LM-054)
Warning: Direction 'inout' for port VSS on tcbn65lp_6lmT1/XOR3D1/design
	does not match expected value 'in' from tcbn65lp_6lmT1/XOR3D1/timing (NDM-032w)
Warning: Direction 'inout' for port VDD on tcbn65lp_6lmT1/XOR3D1/design
	does not match expected value 'in' from tcbn65lp_6lmT1/XOR3D1/timing (NDM-032w)
Information: Fixed direction mismatches for block XOR3D1 (LM-054)
Warning: Direction 'inout' for port VSS on tcbn65lp_6lmT1/XOR3D2/design
	does not match expected value 'in' from tcbn65lp_6lmT1/XOR3D2/timing (NDM-032w)
Warning: Direction 'inout' for port VDD on tcbn65lp_6lmT1/XOR3D2/design
	does not match expected value 'in' from tcbn65lp_6lmT1/XOR3D2/timing (NDM-032w)
Information: Fixed direction mismatches for block XOR3D2 (LM-054)
Warning: Direction 'inout' for port VSS on tcbn65lp_6lmT1/XOR3D4/design
	does not match expected value 'in' from tcbn65lp_6lmT1/XOR3D4/timing (NDM-032w)
Warning: Direction 'inout' for port VDD on tcbn65lp_6lmT1/XOR3D4/design
	does not match expected value 'in' from tcbn65lp_6lmT1/XOR3D4/timing (NDM-032w)
Information: Fixed direction mismatches for block XOR3D4 (LM-054)
Warning: Direction 'inout' for port VSS on tcbn65lp_6lmT1/XOR4D0/design
	does not match expected value 'in' from tcbn65lp_6lmT1/XOR4D0/timing (NDM-032w)
Warning: Direction 'inout' for port VDD on tcbn65lp_6lmT1/XOR4D0/design
	does not match expected value 'in' from tcbn65lp_6lmT1/XOR4D0/timing (NDM-032w)
Information: Fixed direction mismatches for block XOR4D0 (LM-054)
Warning: Direction 'inout' for port VSS on tcbn65lp_6lmT1/XOR4D1/design
	does not match expected value 'in' from tcbn65lp_6lmT1/XOR4D1/timing (NDM-032w)
Warning: Direction 'inout' for port VDD on tcbn65lp_6lmT1/XOR4D1/design
	does not match expected value 'in' from tcbn65lp_6lmT1/XOR4D1/timing (NDM-032w)
Information: Fixed direction mismatches for block XOR4D1 (LM-054)
Warning: Direction 'inout' for port VSS on tcbn65lp_6lmT1/XOR4D2/design
	does not match expected value 'in' from tcbn65lp_6lmT1/XOR4D2/timing (NDM-032w)
Warning: Direction 'inout' for port VDD on tcbn65lp_6lmT1/XOR4D2/design
	does not match expected value 'in' from tcbn65lp_6lmT1/XOR4D2/timing (NDM-032w)
Information: Fixed direction mismatches for block XOR4D2 (LM-054)
Warning: Direction 'inout' for port VSS on tcbn65lp_6lmT1/XOR4D4/design
	does not match expected value 'in' from tcbn65lp_6lmT1/XOR4D4/timing (NDM-032w)
Warning: Direction 'inout' for port VDD on tcbn65lp_6lmT1/XOR4D4/design
	does not match expected value 'in' from tcbn65lp_6lmT1/XOR4D4/timing (NDM-032w)
Information: Fixed direction mismatches for block XOR4D4 (LM-054)
Information: Combined 816 physical designs:816 with a design view (815 had ports reordered);816 with a layout view; (LM-034)
Information: Copied 78 physical-only designs (LM-051)
... creating frames for tcbn65lp_6lmT1
Warning: Block AN2D0.frame has a very large regular routing blockage RB_0 on the M1 metal layer; this might prevent the router from connecting to nearby terminals. (FRAM-066)
Warning: Block AN2D1.frame has a very large regular routing blockage RB_0 on the M1 metal layer; this might prevent the router from connecting to nearby terminals. (FRAM-066)
Warning: Regular routing blockage RB_2 on metal layer M1 touches terminal AN2D4/Z/Z. For blockage purpose, please use zero-spacing routing blockage instead. (FRAM-065)
Warning: Regular routing blockage RB_3 on metal layer M1 touches terminal AN2D4/Z/Z. For blockage purpose, please use zero-spacing routing blockage instead. (FRAM-065)
Warning: Regular routing blockage RB_4 on metal layer M1 touches terminal AN2D4/Z/Z. For blockage purpose, please use zero-spacing routing blockage instead. (FRAM-065)
Warning: Regular routing blockage RB_5 on metal layer M1 touches terminal AN2D4/Z/Z. For blockage purpose, please use zero-spacing routing blockage instead. (FRAM-065)
Warning: Regular routing blockage RB_0 on metal layer M1 touches terminal AN2D8/Z/Z. For blockage purpose, please use zero-spacing routing blockage instead. (FRAM-065)
Warning: Regular routing blockage RB_1 on metal layer M1 touches terminal AN2D8/Z/Z. For blockage purpose, please use zero-spacing routing blockage instead. (FRAM-065)
Warning: Block AN2D8.frame has a very large regular routing blockage RB_2 on the M1 metal layer; this might prevent the router from connecting to nearby terminals. (FRAM-066)
Warning: Regular routing blockage RB_3 on metal layer M1 touches terminal AN2D8/Z/Z. For blockage purpose, please use zero-spacing routing blockage instead. (FRAM-065)
Warning: Regular routing blockage RB_4 on metal layer M1 touches terminal AN2D8/Z/Z. For blockage purpose, please use zero-spacing routing blockage instead. (FRAM-065)
Warning: Block AN3D0.frame has a very large regular routing blockage RB_0 on the M1 metal layer; this might prevent the router from connecting to nearby terminals. (FRAM-066)
Warning: Block AN3D1.frame has a very large regular routing blockage RB_0 on the M1 metal layer; this might prevent the router from connecting to nearby terminals. (FRAM-066)
Warning: Block AN3D2.frame has a very large regular routing blockage RB_0 on the M1 metal layer; this might prevent the router from connecting to nearby terminals. (FRAM-066)
Warning: Regular routing blockage RB_0 on metal layer M1 touches terminal AN3D4/Z/Z. For blockage purpose, please use zero-spacing routing blockage instead. (FRAM-065)
Warning: Block AN3D4.frame has a very large regular routing blockage RB_1 on the M1 metal layer; this might prevent the router from connecting to nearby terminals. (FRAM-066)
Warning: Regular routing blockage RB_2 on metal layer M1 touches terminal AN3D4/Z/Z. For blockage purpose, please use zero-spacing routing blockage instead. (FRAM-065)
Warning: Regular routing blockage RB_0 on metal layer M1 touches terminal AN3D8/Z/Z. For blockage purpose, please use zero-spacing routing blockage instead. (FRAM-065)
Warning: Regular routing blockage RB_1 on metal layer M1 touches terminal AN3D8/Z/Z. For blockage purpose, please use zero-spacing routing blockage instead. (FRAM-065)
Warning: Block AN3D8.frame has a very large regular routing blockage RB_2 on the M1 metal layer; this might prevent the router from connecting to nearby terminals. (FRAM-066)
Warning: Regular routing blockage RB_3 on metal layer M1 touches terminal AN3D8/Z/Z. For blockage purpose, please use zero-spacing routing blockage instead. (FRAM-065)
Warning: Regular routing blockage RB_4 on metal layer M1 touches terminal AN3D8/Z/Z. For blockage purpose, please use zero-spacing routing blockage instead. (FRAM-065)
Warning: Block AN3XD1.frame has a very large regular routing blockage RB_0 on the M1 metal layer; this might prevent the router from connecting to nearby terminals. (FRAM-066)
Warning: Block AN4D0.frame has a very large regular routing blockage RB_0 on the M1 metal layer; this might prevent the router from connecting to nearby terminals. (FRAM-066)
Warning: Block AN4D1.frame has a very large regular routing blockage RB_0 on the M1 metal layer; this might prevent the router from connecting to nearby terminals. (FRAM-066)
Warning: Block AN4D2.frame has a very large regular routing blockage RB_0 on the M1 metal layer; this might prevent the router from connecting to nearby terminals. (FRAM-066)
Warning: Regular routing blockage RB_0 on metal layer M1 touches terminal AN4D4/Z/Z. For blockage purpose, please use zero-spacing routing blockage instead. (FRAM-065)
Warning: Block AN4D4.frame has a very large regular routing blockage RB_1 on the M1 metal layer; this might prevent the router from connecting to nearby terminals. (FRAM-066)
Warning: Regular routing blockage RB_2 on metal layer M1 touches terminal AN4D4/Z/Z. For blockage purpose, please use zero-spacing routing blockage instead. (FRAM-065)
Warning: Regular routing blockage RB_0 on metal layer M1 touches terminal AN4D8/Z/Z. For blockage purpose, please use zero-spacing routing blockage instead. (FRAM-065)
Warning: Regular routing blockage RB_1 on metal layer M1 touches terminal AN4D8/Z/Z. For blockage purpose, please use zero-spacing routing blockage instead. (FRAM-065)
Warning: Block AN4D8.frame has a very large regular routing blockage RB_2 on the M1 metal layer; this might prevent the router from connecting to nearby terminals. (FRAM-066)
Warning: Regular routing blockage RB_3 on metal layer M1 touches terminal AN4D8/Z/Z. For blockage purpose, please use zero-spacing routing blockage instead. (FRAM-065)
Warning: Regular routing blockage RB_4 on metal layer M1 touches terminal AN4D8/Z/Z. For blockage purpose, please use zero-spacing routing blockage instead. (FRAM-065)
Warning: Block AO211D0.frame has a very large regular routing blockage RB_1 on the M1 metal layer; this might prevent the router from connecting to nearby terminals. (FRAM-066)
Warning: Block AO211D1.frame has a very large regular routing blockage RB_1 on the M1 metal layer; this might prevent the router from connecting to nearby terminals. (FRAM-066)
Warning: Block AO211D2.frame has a very large regular routing blockage RB_1 on the M1 metal layer; this might prevent the router from connecting to nearby terminals. (FRAM-066)
Warning: Regular routing blockage RB_0 on metal layer M1 touches terminal AO211D4/Z/Z. For blockage purpose, please use zero-spacing routing blockage instead. (FRAM-065)
Warning: Regular routing blockage RB_3 on metal layer M1 touches terminal AO211D4/Z/Z. For blockage purpose, please use zero-spacing routing blockage instead. (FRAM-065)
Warning: Block AO21D0.frame has a very large regular routing blockage RB_1 on the M1 metal layer; this might prevent the router from connecting to nearby terminals. (FRAM-066)
Warning: Regular routing blockage RB_0 on metal layer M1 touches terminal AO21D4/Z/Z. For blockage purpose, please use zero-spacing routing blockage instead. (FRAM-065)
Warning: Block AO21D4.frame has a very large regular routing blockage RB_2 on the M1 metal layer; this might prevent the router from connecting to nearby terminals. (FRAM-066)
Warning: Regular routing blockage RB_3 on metal layer M1 touches terminal AO21D4/Z/Z. For blockage purpose, please use zero-spacing routing blockage instead. (FRAM-065)
Warning: Block AO221D0.frame has a very large regular routing blockage RB_1 on the M1 metal layer; this might prevent the router from connecting to nearby terminals. (FRAM-066)
Warning: Regular routing blockage RB_0 on metal layer M1 touches terminal AO221D4/Z/Z. For blockage purpose, please use zero-spacing routing blockage instead. (FRAM-065)
Warning: Block AO221D4.frame has a very large regular routing blockage RB_3 on the M1 metal layer; this might prevent the router from connecting to nearby terminals. (FRAM-066)
Warning: Regular routing blockage RB_4 on metal layer M1 touches terminal AO221D4/Z/Z. For blockage purpose, please use zero-spacing routing blockage instead. (FRAM-065)
Warning: Block AO222D0.frame has a very large regular routing blockage RB_1 on the M1 metal layer; this might prevent the router from connecting to nearby terminals. (FRAM-066)
Warning: Regular routing blockage RB_3 on metal layer M1 touches terminal AO222D4/Z/Z. For blockage purpose, please use zero-spacing routing blockage instead. (FRAM-065)
Warning: Regular routing blockage RB_4 on metal layer M1 touches terminal AO222D4/Z/Z. For blockage purpose, please use zero-spacing routing blockage instead. (FRAM-065)
Warning: Regular routing blockage RB_5 on metal layer M1 touches terminal AO222D4/Z/Z. For blockage purpose, please use zero-spacing routing blockage instead. (FRAM-065)
Warning: Regular routing blockage RB_6 on metal layer M1 touches terminal AO222D4/Z/Z. For blockage purpose, please use zero-spacing routing blockage instead. (FRAM-065)
Warning: Block AO22D0.frame has a very large regular routing blockage RB_1 on the M1 metal layer; this might prevent the router from connecting to nearby terminals. (FRAM-066)
Warning: Regular routing blockage RB_0 on metal layer M1 touches terminal AO22D4/Z/Z. For blockage purpose, please use zero-spacing routing blockage instead. (FRAM-065)
Warning: Regular routing blockage RB_3 on metal layer M1 touches terminal AO22D4/Z/Z. For blockage purpose, please use zero-spacing routing blockage instead. (FRAM-065)
Warning: Block AO31D0.frame has a very large regular routing blockage RB_0 on the M1 metal layer; this might prevent the router from connecting to nearby terminals. (FRAM-066)
Warning: Block AO31D1.frame has a very large regular routing blockage RB_1 on the M1 metal layer; this might prevent the router from connecting to nearby terminals. (FRAM-066)
Warning: Block AO31D2.frame has a very large regular routing blockage RB_1 on the M1 metal layer; this might prevent the router from connecting to nearby terminals. (FRAM-066)
Warning: Regular routing blockage RB_0 on metal layer M1 touches terminal AO31D4/Z/Z. For blockage purpose, please use zero-spacing routing blockage instead. (FRAM-065)
Warning: Block AO31D4.frame has a very large regular routing blockage RB_2 on the M1 metal layer; this might prevent the router from connecting to nearby terminals. (FRAM-066)
Warning: Regular routing blockage RB_3 on metal layer M1 touches terminal AO31D4/Z/Z. For blockage purpose, please use zero-spacing routing blockage instead. (FRAM-065)
Warning: Block AO32D0.frame has a very large regular routing blockage RB_1 on the M1 metal layer; this might prevent the router from connecting to nearby terminals. (FRAM-066)
Warning: Block AO32D1.frame has a very large regular routing blockage RB_1 on the M1 metal layer; this might prevent the router from connecting to nearby terminals. (FRAM-066)
Warning: Block AO32D2.frame has a very large regular routing blockage RB_1 on the M1 metal layer; this might prevent the router from connecting to nearby terminals. (FRAM-066)
Warning: Block AO32D4.frame has a very large regular routing blockage RB_1 on the M1 metal layer; this might prevent the router from connecting to nearby terminals. (FRAM-066)
Warning: Regular routing blockage RB_2 on metal layer M1 touches terminal AO32D4/Z/Z. For blockage purpose, please use zero-spacing routing blockage instead. (FRAM-065)
Warning: Regular routing blockage RB_3 on metal layer M1 touches terminal AO32D4/Z/Z. For blockage purpose, please use zero-spacing routing blockage instead. (FRAM-065)
Warning: Regular routing blockage RB_4 on metal layer M1 touches terminal AO32D4/Z/Z. For blockage purpose, please use zero-spacing routing blockage instead. (FRAM-065)
Warning: Regular routing blockage RB_5 on metal layer M1 touches terminal AO32D4/Z/Z. For blockage purpose, please use zero-spacing routing blockage instead. (FRAM-065)
Warning: Block AO33D0.frame has a very large regular routing blockage RB_1 on the M1 metal layer; this might prevent the router from connecting to nearby terminals. (FRAM-066)
Warning: Block AO33D1.frame has a very large regular routing blockage RB_1 on the M1 metal layer; this might prevent the router from connecting to nearby terminals. (FRAM-066)
Warning: Block AO33D2.frame has a very large regular routing blockage RB_1 on the M1 metal layer; this might prevent the router from connecting to nearby terminals. (FRAM-066)
Warning: Regular routing blockage RB_0 on metal layer M1 touches terminal AO33D4/Z/Z. For blockage purpose, please use zero-spacing routing blockage instead. (FRAM-065)
Warning: Block AO33D4.frame has a very large regular routing blockage RB_2 on the M1 metal layer; this might prevent the router from connecting to nearby terminals. (FRAM-066)
Warning: Regular routing blockage RB_3 on metal layer M1 touches terminal AO33D4/Z/Z. For blockage purpose, please use zero-spacing routing blockage instead. (FRAM-065)
Warning: Regular routing blockage RB_2 on metal layer M1 touches terminal AOI211D4/ZN/ZN. For blockage purpose, please use zero-spacing routing blockage instead. (FRAM-065)
Warning: Regular routing blockage RB_3 on metal layer M1 touches terminal AOI211D4/ZN/ZN. For blockage purpose, please use zero-spacing routing blockage instead. (FRAM-065)
Warning: Regular routing blockage RB_4 on metal layer M1 touches terminal AOI211D4/ZN/ZN. For blockage purpose, please use zero-spacing routing blockage instead. (FRAM-065)
Warning: Regular routing blockage RB_5 on metal layer M1 touches terminal AOI211D4/ZN/ZN. For blockage purpose, please use zero-spacing routing blockage instead. (FRAM-065)
Warning: Regular routing blockage RB_2 on metal layer M1 touches terminal AOI211XD4/ZN/ZN. For blockage purpose, please use zero-spacing routing blockage instead. (FRAM-065)
Warning: Regular routing blockage RB_3 on metal layer M1 touches terminal AOI211XD4/ZN/ZN. For blockage purpose, please use zero-spacing routing blockage instead. (FRAM-065)
Warning: Regular routing blockage RB_4 on metal layer M1 touches terminal AOI211XD4/ZN/ZN. For blockage purpose, please use zero-spacing routing blockage instead. (FRAM-065)
Warning: Regular routing blockage RB_5 on metal layer M1 touches terminal AOI211XD4/ZN/ZN. For blockage purpose, please use zero-spacing routing blockage instead. (FRAM-065)
Warning: Regular routing blockage RB_1 on metal layer M1 touches terminal AOI21D4/ZN/ZN. For blockage purpose, please use zero-spacing routing blockage instead. (FRAM-065)
Warning: Regular routing blockage RB_2 on metal layer M1 touches terminal AOI21D4/ZN/ZN. For blockage purpose, please use zero-spacing routing blockage instead. (FRAM-065)
Warning: Regular routing blockage RB_4 on metal layer M1 touches terminal AOI21D4/ZN/ZN. For blockage purpose, please use zero-spacing routing blockage instead. (FRAM-065)
Warning: Regular routing blockage RB_5 on metal layer M1 touches terminal AOI21D4/ZN/ZN. For blockage purpose, please use zero-spacing routing blockage instead. (FRAM-065)
Warning: Regular routing blockage RB_2 on metal layer M1 touches terminal AOI221D4/ZN/ZN. For blockage purpose, please use zero-spacing routing blockage instead. (FRAM-065)
Warning: Block AOI221D4.frame has a very large regular routing blockage RB_4 on the M1 metal layer; this might prevent the router from connecting to nearby terminals. (FRAM-066)
Warning: Regular routing blockage RB_5 on metal layer M1 touches terminal AOI221D4/ZN/ZN. For blockage purpose, please use zero-spacing routing blockage instead. (FRAM-065)
Warning: Regular routing blockage RB_0 on metal layer M1 touches terminal AOI221XD4/ZN/ZN. For blockage purpose, please use zero-spacing routing blockage instead. (FRAM-065)
Warning: Regular routing blockage RB_4 on metal layer M1 touches terminal AOI221XD4/ZN/ZN. For blockage purpose, please use zero-spacing routing blockage instead. (FRAM-065)
Warning: Regular routing blockage RB_1 on metal layer M1 touches terminal AOI222D4/ZN/ZN. For blockage purpose, please use zero-spacing routing blockage instead. (FRAM-065)
Warning: Block AOI222D4.frame has a very large regular routing blockage RB_4 on the M1 metal layer; this might prevent the router from connecting to nearby terminals. (FRAM-066)
Warning: Regular routing blockage RB_5 on metal layer M1 touches terminal AOI222D4/ZN/ZN. For blockage purpose, please use zero-spacing routing blockage instead. (FRAM-065)
Warning: Regular routing blockage RB_0 on metal layer M1 touches terminal AOI222XD4/ZN/ZN. For blockage purpose, please use zero-spacing routing blockage instead. (FRAM-065)
Warning: Regular routing blockage RB_5 on metal layer M1 touches terminal AOI222XD4/ZN/ZN. For blockage purpose, please use zero-spacing routing blockage instead. (FRAM-065)
Warning: Regular routing blockage RB_6 on metal layer M1 touches terminal AOI222XD4/ZN/ZN. For blockage purpose, please use zero-spacing routing blockage instead. (FRAM-065)
Warning: Regular routing blockage RB_1 on metal layer M1 touches terminal AOI22D4/ZN/ZN. For blockage purpose, please use zero-spacing routing blockage instead. (FRAM-065)
Warning: Regular routing blockage RB_2 on metal layer M1 touches terminal AOI22D4/ZN/ZN. For blockage purpose, please use zero-spacing routing blockage instead. (FRAM-065)
Warning: Regular routing blockage RB_5 on metal layer M1 touches terminal AOI22D4/ZN/ZN. For blockage purpose, please use zero-spacing routing blockage instead. (FRAM-065)
Warning: Regular routing blockage RB_6 on metal layer M1 touches terminal AOI22D4/ZN/ZN. For blockage purpose, please use zero-spacing routing blockage instead. (FRAM-065)
Warning: Regular routing blockage RB_1 on metal layer M1 touches terminal AOI31D4/ZN/ZN. For blockage purpose, please use zero-spacing routing blockage instead. (FRAM-065)
Warning: Regular routing blockage RB_2 on metal layer M1 touches terminal AOI31D4/ZN/ZN. For blockage purpose, please use zero-spacing routing blockage instead. (FRAM-065)
Warning: Regular routing blockage RB_4 on metal layer M1 touches terminal AOI31D4/ZN/ZN. For blockage purpose, please use zero-spacing routing blockage instead. (FRAM-065)
Warning: Block AOI32D4.frame has a very large regular routing blockage RB_2 on the M1 metal layer; this might prevent the router from connecting to nearby terminals. (FRAM-066)
Warning: Regular routing blockage RB_3 on metal layer M1 touches terminal AOI32D4/ZN/ZN. For blockage purpose, please use zero-spacing routing blockage instead. (FRAM-065)
Warning: Regular routing blockage RB_4 on metal layer M1 touches terminal AOI32D4/ZN/ZN. For blockage purpose, please use zero-spacing routing blockage instead. (FRAM-065)
Warning: Regular routing blockage RB_5 on metal layer M1 touches terminal AOI32D4/ZN/ZN. For blockage purpose, please use zero-spacing routing blockage instead. (FRAM-065)
Warning: Regular routing blockage RB_6 on metal layer M1 touches terminal AOI32D4/ZN/ZN. For blockage purpose, please use zero-spacing routing blockage instead. (FRAM-065)
Warning: Regular routing blockage RB_0 on metal layer M1 touches terminal AOI32XD4/ZN/ZN. For blockage purpose, please use zero-spacing routing blockage instead. (FRAM-065)
Warning: Regular routing blockage RB_4 on metal layer M1 touches terminal AOI32XD4/ZN/ZN. For blockage purpose, please use zero-spacing routing blockage instead. (FRAM-065)
Warning: Regular routing blockage RB_5 on metal layer M1 touches terminal AOI32XD4/ZN/ZN. For blockage purpose, please use zero-spacing routing blockage instead. (FRAM-065)
Warning: Regular routing blockage RB_1 on metal layer M1 touches terminal AOI33D4/ZN/ZN. For blockage purpose, please use zero-spacing routing blockage instead. (FRAM-065)
Warning: Block AOI33D4.frame has a very large regular routing blockage RB_3 on the M1 metal layer; this might prevent the router from connecting to nearby terminals. (FRAM-066)
Warning: Regular routing blockage RB_4 on metal layer M1 touches terminal AOI33D4/ZN/ZN. For blockage purpose, please use zero-spacing routing blockage instead. (FRAM-065)
Warning: Regular routing blockage RB_0 on metal layer M1 touches terminal AOI33XD4/ZN/ZN. For blockage purpose, please use zero-spacing routing blockage instead. (FRAM-065)
Warning: Regular routing blockage RB_6 on metal layer M1 touches terminal AOI33XD4/ZN/ZN. For blockage purpose, please use zero-spacing routing blockage instead. (FRAM-065)
Warning: Regular routing blockage RB_7 on metal layer M1 touches terminal AOI33XD4/ZN/ZN. For blockage purpose, please use zero-spacing routing blockage instead. (FRAM-065)
Warning: Block BENCD1.frame has a very large regular routing blockage RB_1 on the M1 metal layer; this might prevent the router from connecting to nearby terminals. (FRAM-066)
Warning: Block BENCD1.frame has a very large regular routing blockage RB_2 on the M1 metal layer; this might prevent the router from connecting to nearby terminals. (FRAM-066)
Warning: Block BENCD2.frame has a very large regular routing blockage RB_0 on the M1 metal layer; this might prevent the router from connecting to nearby terminals. (FRAM-066)
Warning: Block BENCD2.frame has a very large regular routing blockage RB_3 on the M1 metal layer; this might prevent the router from connecting to nearby terminals. (FRAM-066)
Warning: Block BENCD4.frame has a very large regular routing blockage RB_0 on the M1 metal layer; this might prevent the router from connecting to nearby terminals. (FRAM-066)
Warning: Regular routing blockage RB_2 on metal layer M1 touches terminal BENCD4/X2/X2. For blockage purpose, please use zero-spacing routing blockage instead. (FRAM-065)
Warning: Block BENCD4.frame has a very large regular routing blockage RB_4 on the M1 metal layer; this might prevent the router from connecting to nearby terminals. (FRAM-066)
Warning: Regular routing blockage RB_8 on metal layer M1 touches terminal BENCD4/X2/X2. For blockage purpose, please use zero-spacing routing blockage instead. (FRAM-065)
Warning: Block BHD.frame has a very large regular routing blockage RB_0 on the M1 metal layer; this might prevent the router from connecting to nearby terminals. (FRAM-066)
Warning: Block BMLD1.frame has a very large regular routing blockage RB_0 on the M1 metal layer; this might prevent the router from connecting to nearby terminals. (FRAM-066)
Warning: Block BMLD2.frame has a very large regular routing blockage RB_0 on the M1 metal layer; this might prevent the router from connecting to nearby terminals. (FRAM-066)
Warning: Block BMLD4.frame has a very large regular routing blockage RB_1 on the M1 metal layer; this might prevent the router from connecting to nearby terminals. (FRAM-066)
Warning: Regular routing blockage RB_2 on metal layer M1 touches terminal BMLD4/PP/PP. For blockage purpose, please use zero-spacing routing blockage instead. (FRAM-065)
Warning: Regular routing blockage RB_12 on metal layer M1 touches terminal BMLD4/PP/PP. For blockage purpose, please use zero-spacing routing blockage instead. (FRAM-065)
Warning: Block BUFFD0.frame has a very large regular routing blockage RB_0 on the M1 metal layer; this might prevent the router from connecting to nearby terminals. (FRAM-066)
Warning: Block BUFFD1.frame has a very large regular routing blockage RB_0 on the M1 metal layer; this might prevent the router from connecting to nearby terminals. (FRAM-066)
Warning: Regular routing blockage RB_1 on metal layer M1 touches terminal BUFFD12/Z/Z. For blockage purpose, please use zero-spacing routing blockage instead. (FRAM-065)
Warning: Regular routing blockage RB_2 on metal layer M1 touches terminal BUFFD12/Z/Z. For blockage purpose, please use zero-spacing routing blockage instead. (FRAM-065)
Warning: Regular routing blockage RB_4 on metal layer M1 touches terminal BUFFD12/Z/Z. For blockage purpose, please use zero-spacing routing blockage instead. (FRAM-065)
Warning: Regular routing blockage RB_5 on metal layer M1 touches terminal BUFFD12/Z/Z. For blockage purpose, please use zero-spacing routing blockage instead. (FRAM-065)
Warning: Regular routing blockage RB_0 on metal layer M1 touches terminal BUFFD16/Z/Z. For blockage purpose, please use zero-spacing routing blockage instead. (FRAM-065)
Warning: Regular routing blockage RB_1 on metal layer M1 touches terminal BUFFD16/Z/Z. For blockage purpose, please use zero-spacing routing blockage instead. (FRAM-065)
Warning: Regular routing blockage RB_4 on metal layer M1 touches terminal BUFFD16/Z/Z. For blockage purpose, please use zero-spacing routing blockage instead. (FRAM-065)
Warning: Regular routing blockage RB_5 on metal layer M1 touches terminal BUFFD16/Z/Z. For blockage purpose, please use zero-spacing routing blockage instead. (FRAM-065)
Warning: Regular routing blockage RB_4 on metal layer M1 touches terminal BUFFD20/Z/Z. For blockage purpose, please use zero-spacing routing blockage instead. (FRAM-065)
Warning: Regular routing blockage RB_5 on metal layer M1 touches terminal BUFFD20/Z/Z. For blockage purpose, please use zero-spacing routing blockage instead. (FRAM-065)
Warning: Regular routing blockage RB_7 on metal layer M1 touches terminal BUFFD20/Z/Z. For blockage purpose, please use zero-spacing routing blockage instead. (FRAM-065)
Warning: Regular routing blockage RB_8 on metal layer M1 touches terminal BUFFD20/Z/Z. For blockage purpose, please use zero-spacing routing blockage instead. (FRAM-065)
Warning: Block BUFFD24.frame has a very large regular routing blockage RB_3 on the M1 metal layer; this might prevent the router from connecting to nearby terminals. (FRAM-066)
Warning: Regular routing blockage RB_4 on metal layer M1 touches terminal BUFFD24/Z/Z. For blockage purpose, please use zero-spacing routing blockage instead. (FRAM-065)
Warning: Regular routing blockage RB_5 on metal layer M1 touches terminal BUFFD24/Z/Z. For blockage purpose, please use zero-spacing routing blockage instead. (FRAM-065)
Warning: Regular routing blockage RB_7 on metal layer M1 touches terminal BUFFD24/Z/Z. For blockage purpose, please use zero-spacing routing blockage instead. (FRAM-065)
Warning: Regular routing blockage RB_8 on metal layer M1 touches terminal BUFFD24/Z/Z. For blockage purpose, please use zero-spacing routing blockage instead. (FRAM-065)
Warning: Regular routing blockage RB_0 on metal layer M1 touches terminal BUFFD4/Z/Z. For blockage purpose, please use zero-spacing routing blockage instead. (FRAM-065)
Warning: Regular routing blockage RB_2 on metal layer M1 touches terminal BUFFD4/Z/Z. For blockage purpose, please use zero-spacing routing blockage instead. (FRAM-065)
Warning: Regular routing blockage RB_0 on metal layer M1 touches terminal BUFFD6/Z/Z. For blockage purpose, please use zero-spacing routing blockage instead. (FRAM-065)
Warning: Regular routing blockage RB_1 on metal layer M1 touches terminal BUFFD6/Z/Z. For blockage purpose, please use zero-spacing routing blockage instead. (FRAM-065)
Warning: Regular routing blockage RB_3 on metal layer M1 touches terminal BUFFD6/Z/Z. For blockage purpose, please use zero-spacing routing blockage instead. (FRAM-065)
Warning: Regular routing blockage RB_4 on metal layer M1 touches terminal BUFFD6/Z/Z. For blockage purpose, please use zero-spacing routing blockage instead. (FRAM-065)
Warning: Regular routing blockage RB_0 on metal layer M1 touches terminal BUFFD8/Z/Z. For blockage purpose, please use zero-spacing routing blockage instead. (FRAM-065)
Warning: Regular routing blockage RB_1 on metal layer M1 touches terminal BUFFD8/Z/Z. For blockage purpose, please use zero-spacing routing blockage instead. (FRAM-065)
Warning: Regular routing blockage RB_4 on metal layer M1 touches terminal BUFFD8/Z/Z. For blockage purpose, please use zero-spacing routing blockage instead. (FRAM-065)
Warning: Regular routing blockage RB_5 on metal layer M1 touches terminal BUFFD8/Z/Z. For blockage purpose, please use zero-spacing routing blockage instead. (FRAM-065)
Warning: Block BUFTD0.frame has a very large regular routing blockage RB_2 on the M1 metal layer; this might prevent the router from connecting to nearby terminals. (FRAM-066)
Warning: Block BUFTD1.frame has a very large regular routing blockage RB_2 on the M1 metal layer; this might prevent the router from connecting to nearby terminals. (FRAM-066)
Warning: Regular routing blockage RB_1 on metal layer M1 touches terminal BUFTD12/Z/Z. For blockage purpose, please use zero-spacing routing blockage instead. (FRAM-065)
Warning: Regular routing blockage RB_2 on metal layer M1 touches terminal BUFTD12/Z/Z. For blockage purpose, please use zero-spacing routing blockage instead. (FRAM-065)
Warning: Regular routing blockage RB_5 on metal layer M1 touches terminal BUFTD12/Z/Z. For blockage purpose, please use zero-spacing routing blockage instead. (FRAM-065)
Warning: Regular routing blockage RB_6 on metal layer M1 touches terminal BUFTD12/Z/Z. For blockage purpose, please use zero-spacing routing blockage instead. (FRAM-065)
Warning: Regular routing blockage RB_7 on metal layer M1 touches terminal BUFTD12/Z/Z. For blockage purpose, please use zero-spacing routing blockage instead. (FRAM-065)
Warning: Regular routing blockage RB_1 on metal layer M1 touches terminal BUFTD16/Z/Z. For blockage purpose, please use zero-spacing routing blockage instead. (FRAM-065)
Warning: Regular routing blockage RB_2 on metal layer M1 touches terminal BUFTD16/Z/Z. For blockage purpose, please use zero-spacing routing blockage instead. (FRAM-065)
Warning: Regular routing blockage RB_5 on metal layer M1 touches terminal BUFTD16/Z/Z. For blockage purpose, please use zero-spacing routing blockage instead. (FRAM-065)
Warning: Regular routing blockage RB_6 on metal layer M1 touches terminal BUFTD16/Z/Z. For blockage purpose, please use zero-spacing routing blockage instead. (FRAM-065)
Warning: Regular routing blockage RB_7 on metal layer M1 touches terminal BUFTD16/Z/Z. For blockage purpose, please use zero-spacing routing blockage instead. (FRAM-065)
Warning: Block BUFTD2.frame has a very large regular routing blockage RB_2 on the M1 metal layer; this might prevent the router from connecting to nearby terminals. (FRAM-066)
Warning: Regular routing blockage RB_1 on metal layer M1 touches terminal BUFTD20/Z/Z. For blockage purpose, please use zero-spacing routing blockage instead. (FRAM-065)
Warning: Regular routing blockage RB_2 on metal layer M1 touches terminal BUFTD20/Z/Z. For blockage purpose, please use zero-spacing routing blockage instead. (FRAM-065)
Warning: Regular routing blockage RB_3 on metal layer M1 touches terminal BUFTD20/Z/Z. For blockage purpose, please use zero-spacing routing blockage instead. (FRAM-065)
Warning: Regular routing blockage RB_6 on metal layer M1 touches terminal BUFTD20/Z/Z. For blockage purpose, please use zero-spacing routing blockage instead. (FRAM-065)
Warning: Regular routing blockage RB_7 on metal layer M1 touches terminal BUFTD20/Z/Z. For blockage purpose, please use zero-spacing routing blockage instead. (FRAM-065)
Warning: Regular routing blockage RB_8 on metal layer M1 touches terminal BUFTD20/Z/Z. For blockage purpose, please use zero-spacing routing blockage instead. (FRAM-065)
Warning: Regular routing blockage RB_1 on metal layer M1 touches terminal BUFTD24/Z/Z. For blockage purpose, please use zero-spacing routing blockage instead. (FRAM-065)
Warning: Regular routing blockage RB_2 on metal layer M1 touches terminal BUFTD24/Z/Z. For blockage purpose, please use zero-spacing routing blockage instead. (FRAM-065)
Warning: Regular routing blockage RB_5 on metal layer M1 touches terminal BUFTD24/Z/Z. For blockage purpose, please use zero-spacing routing blockage instead. (FRAM-065)
Warning: Regular routing blockage RB_6 on metal layer M1 touches terminal BUFTD24/Z/Z. For blockage purpose, please use zero-spacing routing blockage instead. (FRAM-065)
Warning: Regular routing blockage RB_7 on metal layer M1 touches terminal BUFTD24/Z/Z. For blockage purpose, please use zero-spacing routing blockage instead. (FRAM-065)
Warning: Regular routing blockage RB_0 on metal layer M1 touches terminal BUFTD3/Z/Z. For blockage purpose, please use zero-spacing routing blockage instead. (FRAM-065)
Warning: Regular routing blockage RB_1 on metal layer M1 touches terminal BUFTD3/Z/Z. For blockage purpose, please use zero-spacing routing blockage instead. (FRAM-065)
Warning: Regular routing blockage RB_5 on metal layer M1 touches terminal BUFTD3/Z/Z. For blockage purpose, please use zero-spacing routing blockage instead. (FRAM-065)
Warning: Regular routing blockage RB_6 on metal layer M1 touches terminal BUFTD3/Z/Z. For blockage purpose, please use zero-spacing routing blockage instead. (FRAM-065)
Warning: Regular routing blockage RB_0 on metal layer M1 touches terminal BUFTD4/Z/Z. For blockage purpose, please use zero-spacing routing blockage instead. (FRAM-065)
Warning: Regular routing blockage RB_1 on metal layer M1 touches terminal BUFTD4/Z/Z. For blockage purpose, please use zero-spacing routing blockage instead. (FRAM-065)
Warning: Regular routing blockage RB_5 on metal layer M1 touches terminal BUFTD4/Z/Z. For blockage purpose, please use zero-spacing routing blockage instead. (FRAM-065)
Warning: Regular routing blockage RB_6 on metal layer M1 touches terminal BUFTD4/Z/Z. For blockage purpose, please use zero-spacing routing blockage instead. (FRAM-065)
Warning: Regular routing blockage RB_0 on metal layer M1 touches terminal BUFTD6/Z/Z. For blockage purpose, please use zero-spacing routing blockage instead. (FRAM-065)
Warning: Regular routing blockage RB_1 on metal layer M1 touches terminal BUFTD6/Z/Z. For blockage purpose, please use zero-spacing routing blockage instead. (FRAM-065)
Warning: Block BUFTD6.frame has a very large regular routing blockage RB_4 on the M1 metal layer; this might prevent the router from connecting to nearby terminals. (FRAM-066)
Warning: Regular routing blockage RB_5 on metal layer M1 touches terminal BUFTD6/Z/Z. For blockage purpose, please use zero-spacing routing blockage instead. (FRAM-065)
Warning: Regular routing blockage RB_6 on metal layer M1 touches terminal BUFTD6/Z/Z. For blockage purpose, please use zero-spacing routing blockage instead. (FRAM-065)
Warning: Regular routing blockage RB_1 on metal layer M1 touches terminal BUFTD8/Z/Z. For blockage purpose, please use zero-spacing routing blockage instead. (FRAM-065)
Warning: Regular routing blockage RB_2 on metal layer M1 touches terminal BUFTD8/Z/Z. For blockage purpose, please use zero-spacing routing blockage instead. (FRAM-065)
Warning: Regular routing blockage RB_5 on metal layer M1 touches terminal BUFTD8/Z/Z. For blockage purpose, please use zero-spacing routing blockage instead. (FRAM-065)
Warning: Regular routing blockage RB_6 on metal layer M1 touches terminal BUFTD8/Z/Z. For blockage purpose, please use zero-spacing routing blockage instead. (FRAM-065)
Warning: Regular routing blockage RB_7 on metal layer M1 touches terminal BUFTD8/Z/Z. For blockage purpose, please use zero-spacing routing blockage instead. (FRAM-065)
Warning: Block CKAN2D2.frame has a very large regular routing blockage RB_0 on the M1 metal layer; this might prevent the router from connecting to nearby terminals. (FRAM-066)
Warning: Regular routing blockage RB_0 on metal layer M1 touches terminal CKAN2D4/Z/Z. For blockage purpose, please use zero-spacing routing blockage instead. (FRAM-065)
Warning: Regular routing blockage RB_2 on metal layer M1 touches terminal CKAN2D4/Z/Z. For blockage purpose, please use zero-spacing routing blockage instead. (FRAM-065)
Warning: Regular routing blockage RB_0 on metal layer M1 touches terminal CKAN2D8/Z/Z. For blockage purpose, please use zero-spacing routing blockage instead. (FRAM-065)
Warning: Regular routing blockage RB_1 on metal layer M1 touches terminal CKAN2D8/Z/Z. For blockage purpose, please use zero-spacing routing blockage instead. (FRAM-065)
Warning: Regular routing blockage RB_4 on metal layer M1 touches terminal CKAN2D8/Z/Z. For blockage purpose, please use zero-spacing routing blockage instead. (FRAM-065)
Warning: Regular routing blockage RB_5 on metal layer M1 touches terminal CKAN2D8/Z/Z. For blockage purpose, please use zero-spacing routing blockage instead. (FRAM-065)
Warning: Block CKBD0.frame has a very large regular routing blockage RB_0 on the M1 metal layer; this might prevent the router from connecting to nearby terminals. (FRAM-066)
Warning: Block CKBD1.frame has a very large regular routing blockage RB_0 on the M1 metal layer; this might prevent the router from connecting to nearby terminals. (FRAM-066)
Warning: Regular routing blockage RB_1 on metal layer M1 touches terminal CKBD12/Z/Z. For blockage purpose, please use zero-spacing routing blockage instead. (FRAM-065)
Warning: Regular routing blockage RB_2 on metal layer M1 touches terminal CKBD12/Z/Z. For blockage purpose, please use zero-spacing routing blockage instead. (FRAM-065)
Warning: Regular routing blockage RB_4 on metal layer M1 touches terminal CKBD12/Z/Z. For blockage purpose, please use zero-spacing routing blockage instead. (FRAM-065)
Warning: Regular routing blockage RB_5 on metal layer M1 touches terminal CKBD12/Z/Z. For blockage purpose, please use zero-spacing routing blockage instead. (FRAM-065)
Warning: Regular routing blockage RB_2 on metal layer M1 touches terminal CKBD16/Z/Z. For blockage purpose, please use zero-spacing routing blockage instead. (FRAM-065)
Warning: Regular routing blockage RB_3 on metal layer M1 touches terminal CKBD16/Z/Z. For blockage purpose, please use zero-spacing routing blockage instead. (FRAM-065)
Warning: Regular routing blockage RB_5 on metal layer M1 touches terminal CKBD16/Z/Z. For blockage purpose, please use zero-spacing routing blockage instead. (FRAM-065)
Warning: Regular routing blockage RB_6 on metal layer M1 touches terminal CKBD16/Z/Z. For blockage purpose, please use zero-spacing routing blockage instead. (FRAM-065)
Warning: Block CKBD2.frame has a very large regular routing blockage RB_0 on the M1 metal layer; this might prevent the router from connecting to nearby terminals. (FRAM-066)
Warning: Regular routing blockage RB_2 on metal layer M1 touches terminal CKBD20/Z/Z. For blockage purpose, please use zero-spacing routing blockage instead. (FRAM-065)
Warning: Regular routing blockage RB_3 on metal layer M1 touches terminal CKBD20/Z/Z. For blockage purpose, please use zero-spacing routing blockage instead. (FRAM-065)
Warning: Regular routing blockage RB_5 on metal layer M1 touches terminal CKBD20/Z/Z. For blockage purpose, please use zero-spacing routing blockage instead. (FRAM-065)
Warning: Regular routing blockage RB_6 on metal layer M1 touches terminal CKBD20/Z/Z. For blockage purpose, please use zero-spacing routing blockage instead. (FRAM-065)
Warning: Block CKBD24.frame has a very large regular routing blockage RB_3 on the M1 metal layer; this might prevent the router from connecting to nearby terminals. (FRAM-066)
Warning: Regular routing blockage RB_4 on metal layer M1 touches terminal CKBD24/Z/Z. For blockage purpose, please use zero-spacing routing blockage instead. (FRAM-065)
Warning: Regular routing blockage RB_5 on metal layer M1 touches terminal CKBD24/Z/Z. For blockage purpose, please use zero-spacing routing blockage instead. (FRAM-065)
Warning: Regular routing blockage RB_7 on metal layer M1 touches terminal CKBD24/Z/Z. For blockage purpose, please use zero-spacing routing blockage instead. (FRAM-065)
Warning: Regular routing blockage RB_8 on metal layer M1 touches terminal CKBD24/Z/Z. For blockage purpose, please use zero-spacing routing blockage instead. (FRAM-065)
Warning: Regular routing blockage RB_0 on metal layer M1 touches terminal CKBD3/Z/Z. For blockage purpose, please use zero-spacing routing blockage instead. (FRAM-065)
Warning: Regular routing blockage RB_2 on metal layer M1 touches terminal CKBD3/Z/Z. For blockage purpose, please use zero-spacing routing blockage instead. (FRAM-065)
Warning: Regular routing blockage RB_0 on metal layer M1 touches terminal CKBD4/Z/Z. For blockage purpose, please use zero-spacing routing blockage instead. (FRAM-065)
Warning: Regular routing blockage RB_2 on metal layer M1 touches terminal CKBD4/Z/Z. For blockage purpose, please use zero-spacing routing blockage instead. (FRAM-065)
Warning: Regular routing blockage RB_1 on metal layer M1 touches terminal CKBD6/Z/Z. For blockage purpose, please use zero-spacing routing blockage instead. (FRAM-065)
Warning: Regular routing blockage RB_2 on metal layer M1 touches terminal CKBD6/Z/Z. For blockage purpose, please use zero-spacing routing blockage instead. (FRAM-065)
Warning: Regular routing blockage RB_3 on metal layer M1 touches terminal CKBD6/Z/Z. For blockage purpose, please use zero-spacing routing blockage instead. (FRAM-065)
Warning: Regular routing blockage RB_4 on metal layer M1 touches terminal CKBD6/Z/Z. For blockage purpose, please use zero-spacing routing blockage instead. (FRAM-065)
Warning: Regular routing blockage RB_1 on metal layer M1 touches terminal CKBD8/Z/Z. For blockage purpose, please use zero-spacing routing blockage instead. (FRAM-065)
Warning: Regular routing blockage RB_2 on metal layer M1 touches terminal CKBD8/Z/Z. For blockage purpose, please use zero-spacing routing blockage instead. (FRAM-065)
Warning: Regular routing blockage RB_4 on metal layer M1 touches terminal CKBD8/Z/Z. For blockage purpose, please use zero-spacing routing blockage instead. (FRAM-065)
Warning: Regular routing blockage RB_5 on metal layer M1 touches terminal CKBD8/Z/Z. For blockage purpose, please use zero-spacing routing blockage instead. (FRAM-065)
Warning: Regular routing blockage RB_3 on metal layer M1 touches terminal CKLHQD12/Q/Q. For blockage purpose, please use zero-spacing routing blockage instead. (FRAM-065)
Warning: Regular routing blockage RB_4 on metal layer M1 touches terminal CKLHQD12/Q/Q. For blockage purpose, please use zero-spacing routing blockage instead. (FRAM-065)
Warning: Regular routing blockage RB_9 on metal layer M1 touches terminal CKLHQD12/Q/Q. For blockage purpose, please use zero-spacing routing blockage instead. (FRAM-065)
Warning: Regular routing blockage RB_10 on metal layer M1 touches terminal CKLHQD12/Q/Q. For blockage purpose, please use zero-spacing routing blockage instead. (FRAM-065)
Warning: Regular routing blockage RB_3 on metal layer M1 touches terminal CKLHQD16/Q/Q. For blockage purpose, please use zero-spacing routing blockage instead. (FRAM-065)
Warning: Regular routing blockage RB_4 on metal layer M1 touches terminal CKLHQD16/Q/Q. For blockage purpose, please use zero-spacing routing blockage instead. (FRAM-065)
Warning: Regular routing blockage RB_9 on metal layer M1 touches terminal CKLHQD16/Q/Q. For blockage purpose, please use zero-spacing routing blockage instead. (FRAM-065)
Warning: Regular routing blockage RB_10 on metal layer M1 touches terminal CKLHQD16/Q/Q. For blockage purpose, please use zero-spacing routing blockage instead. (FRAM-065)
Warning: Regular routing blockage RB_3 on metal layer M1 touches terminal CKLHQD20/Q/Q. For blockage purpose, please use zero-spacing routing blockage instead. (FRAM-065)
Warning: Regular routing blockage RB_4 on metal layer M1 touches terminal CKLHQD20/Q/Q. For blockage purpose, please use zero-spacing routing blockage instead. (FRAM-065)
Warning: Regular routing blockage RB_9 on metal layer M1 touches terminal CKLHQD20/Q/Q. For blockage purpose, please use zero-spacing routing blockage instead. (FRAM-065)
Warning: Regular routing blockage RB_10 on metal layer M1 touches terminal CKLHQD20/Q/Q. For blockage purpose, please use zero-spacing routing blockage instead. (FRAM-065)
Warning: Regular routing blockage RB_3 on metal layer M1 touches terminal CKLHQD24/Q/Q. For blockage purpose, please use zero-spacing routing blockage instead. (FRAM-065)
Warning: Regular routing blockage RB_4 on metal layer M1 touches terminal CKLHQD24/Q/Q. For blockage purpose, please use zero-spacing routing blockage instead. (FRAM-065)
Warning: Regular routing blockage RB_9 on metal layer M1 touches terminal CKLHQD24/Q/Q. For blockage purpose, please use zero-spacing routing blockage instead. (FRAM-065)
Warning: Regular routing blockage RB_10 on metal layer M1 touches terminal CKLHQD24/Q/Q. For blockage purpose, please use zero-spacing routing blockage instead. (FRAM-065)
Warning: Regular routing blockage RB_1 on metal layer M1 touches terminal CKLHQD3/Q/Q. For blockage purpose, please use zero-spacing routing blockage instead. (FRAM-065)
Warning: Regular routing blockage RB_7 on metal layer M1 touches terminal CKLHQD3/Q/Q. For blockage purpose, please use zero-spacing routing blockage instead. (FRAM-065)
Warning: Regular routing blockage RB_1 on metal layer M1 touches terminal CKLHQD4/Q/Q. For blockage purpose, please use zero-spacing routing blockage instead. (FRAM-065)
Warning: Regular routing blockage RB_7 on metal layer M1 touches terminal CKLHQD4/Q/Q. For blockage purpose, please use zero-spacing routing blockage instead. (FRAM-065)
Warning: Regular routing blockage RB_1 on metal layer M1 touches terminal CKLHQD6/Q/Q. For blockage purpose, please use zero-spacing routing blockage instead. (FRAM-065)
Warning: Regular routing blockage RB_2 on metal layer M1 touches terminal CKLHQD6/Q/Q. For blockage purpose, please use zero-spacing routing blockage instead. (FRAM-065)
Warning: Regular routing blockage RB_8 on metal layer M1 touches terminal CKLHQD6/Q/Q. For blockage purpose, please use zero-spacing routing blockage instead. (FRAM-065)
Warning: Regular routing blockage RB_9 on metal layer M1 touches terminal CKLHQD6/Q/Q. For blockage purpose, please use zero-spacing routing blockage instead. (FRAM-065)
Warning: Regular routing blockage RB_3 on metal layer M1 touches terminal CKLHQD8/Q/Q. For blockage purpose, please use zero-spacing routing blockage instead. (FRAM-065)
Warning: Regular routing blockage RB_4 on metal layer M1 touches terminal CKLHQD8/Q/Q. For blockage purpose, please use zero-spacing routing blockage instead. (FRAM-065)
Warning: Regular routing blockage RB_9 on metal layer M1 touches terminal CKLHQD8/Q/Q. For blockage purpose, please use zero-spacing routing blockage instead. (FRAM-065)
Warning: Regular routing blockage RB_10 on metal layer M1 touches terminal CKLHQD8/Q/Q. For blockage purpose, please use zero-spacing routing blockage instead. (FRAM-065)
Warning: Regular routing blockage RB_1 on metal layer M1 touches terminal CKLNQD12/Q/Q. For blockage purpose, please use zero-spacing routing blockage instead. (FRAM-065)
Warning: Regular routing blockage RB_2 on metal layer M1 touches terminal CKLNQD12/Q/Q. For blockage purpose, please use zero-spacing routing blockage instead. (FRAM-065)
Warning: Regular routing blockage RB_8 on metal layer M1 touches terminal CKLNQD12/Q/Q. For blockage purpose, please use zero-spacing routing blockage instead. (FRAM-065)
Warning: Regular routing blockage RB_9 on metal layer M1 touches terminal CKLNQD12/Q/Q. For blockage purpose, please use zero-spacing routing blockage instead. (FRAM-065)
Warning: Regular routing blockage RB_2 on metal layer M1 touches terminal CKLNQD16/Q/Q. For blockage purpose, please use zero-spacing routing blockage instead. (FRAM-065)
Warning: Regular routing blockage RB_3 on metal layer M1 touches terminal CKLNQD16/Q/Q. For blockage purpose, please use zero-spacing routing blockage instead. (FRAM-065)
Warning: Regular routing blockage RB_8 on metal layer M1 touches terminal CKLNQD16/Q/Q. For blockage purpose, please use zero-spacing routing blockage instead. (FRAM-065)
Warning: Regular routing blockage RB_9 on metal layer M1 touches terminal CKLNQD16/Q/Q. For blockage purpose, please use zero-spacing routing blockage instead. (FRAM-065)
Warning: Regular routing blockage RB_2 on metal layer M1 touches terminal CKLNQD20/Q/Q. For blockage purpose, please use zero-spacing routing blockage instead. (FRAM-065)
Warning: Regular routing blockage RB_3 on metal layer M1 touches terminal CKLNQD20/Q/Q. For blockage purpose, please use zero-spacing routing blockage instead. (FRAM-065)
Warning: Regular routing blockage RB_8 on metal layer M1 touches terminal CKLNQD20/Q/Q. For blockage purpose, please use zero-spacing routing blockage instead. (FRAM-065)
Warning: Regular routing blockage RB_9 on metal layer M1 touches terminal CKLNQD20/Q/Q. For blockage purpose, please use zero-spacing routing blockage instead. (FRAM-065)
Warning: Regular routing blockage RB_2 on metal layer M1 touches terminal CKLNQD24/Q/Q. For blockage purpose, please use zero-spacing routing blockage instead. (FRAM-065)
Warning: Regular routing blockage RB_3 on metal layer M1 touches terminal CKLNQD24/Q/Q. For blockage purpose, please use zero-spacing routing blockage instead. (FRAM-065)
Warning: Regular routing blockage RB_8 on metal layer M1 touches terminal CKLNQD24/Q/Q. For blockage purpose, please use zero-spacing routing blockage instead. (FRAM-065)
Warning: Regular routing blockage RB_9 on metal layer M1 touches terminal CKLNQD24/Q/Q. For blockage purpose, please use zero-spacing routing blockage instead. (FRAM-065)
Warning: Regular routing blockage RB_1 on metal layer M1 touches terminal CKLNQD3/Q/Q. For blockage purpose, please use zero-spacing routing blockage instead. (FRAM-065)
Warning: Regular routing blockage RB_6 on metal layer M1 touches terminal CKLNQD3/Q/Q. For blockage purpose, please use zero-spacing routing blockage instead. (FRAM-065)
Warning: Regular routing blockage RB_7 on metal layer M1 touches terminal CKLNQD3/Q/Q. For blockage purpose, please use zero-spacing routing blockage instead. (FRAM-065)
Warning: Regular routing blockage RB_1 on metal layer M1 touches terminal CKLNQD4/Q/Q. For blockage purpose, please use zero-spacing routing blockage instead. (FRAM-065)
Warning: Regular routing blockage RB_2 on metal layer M1 touches terminal CKLNQD4/Q/Q. For blockage purpose, please use zero-spacing routing blockage instead. (FRAM-065)
Warning: Regular routing blockage RB_7 on metal layer M1 touches terminal CKLNQD4/Q/Q. For blockage purpose, please use zero-spacing routing blockage instead. (FRAM-065)
Warning: Regular routing blockage RB_8 on metal layer M1 touches terminal CKLNQD4/Q/Q. For blockage purpose, please use zero-spacing routing blockage instead. (FRAM-065)
Warning: Regular routing blockage RB_1 on metal layer M1 touches terminal CKLNQD6/Q/Q. For blockage purpose, please use zero-spacing routing blockage instead. (FRAM-065)
Warning: Regular routing blockage RB_2 on metal layer M1 touches terminal CKLNQD6/Q/Q. For blockage purpose, please use zero-spacing routing blockage instead. (FRAM-065)
Warning: Regular routing blockage RB_7 on metal layer M1 touches terminal CKLNQD6/Q/Q. For blockage purpose, please use zero-spacing routing blockage instead. (FRAM-065)
Warning: Regular routing blockage RB_8 on metal layer M1 touches terminal CKLNQD6/Q/Q. For blockage purpose, please use zero-spacing routing blockage instead. (FRAM-065)
Warning: Regular routing blockage RB_1 on metal layer M1 touches terminal CKLNQD8/Q/Q. For blockage purpose, please use zero-spacing routing blockage instead. (FRAM-065)
Warning: Regular routing blockage RB_2 on metal layer M1 touches terminal CKLNQD8/Q/Q. For blockage purpose, please use zero-spacing routing blockage instead. (FRAM-065)
Warning: Regular routing blockage RB_8 on metal layer M1 touches terminal CKLNQD8/Q/Q. For blockage purpose, please use zero-spacing routing blockage instead. (FRAM-065)
Warning: Regular routing blockage RB_9 on metal layer M1 touches terminal CKLNQD8/Q/Q. For blockage purpose, please use zero-spacing routing blockage instead. (FRAM-065)
Warning: Block CKMUX2D0.frame has a very large regular routing blockage RB_0 on the M1 metal layer; this might prevent the router from connecting to nearby terminals. (FRAM-066)
Warning: Block CKMUX2D1.frame has a very large regular routing blockage RB_0 on the M1 metal layer; this might prevent the router from connecting to nearby terminals. (FRAM-066)
Warning: Block CKMUX2D2.frame has a very large regular routing blockage RB_0 on the M1 metal layer; this might prevent the router from connecting to nearby terminals. (FRAM-066)
Warning: Regular routing blockage RB_1 on metal layer M1 touches terminal CKMUX2D4/Z/Z. For blockage purpose, please use zero-spacing routing blockage instead. (FRAM-065)
Warning: Regular routing blockage RB_5 on metal layer M1 touches terminal CKMUX2D4/Z/Z. For blockage purpose, please use zero-spacing routing blockage instead. (FRAM-065)
Warning: Regular routing blockage RB_0 on metal layer M1 touches terminal CKND12/ZN/ZN. For blockage purpose, please use zero-spacing routing blockage instead. (FRAM-065)
Warning: Regular routing blockage RB_1 on metal layer M1 touches terminal CKND12/ZN/ZN. For blockage purpose, please use zero-spacing routing blockage instead. (FRAM-065)
Warning: Regular routing blockage RB_3 on metal layer M1 touches terminal CKND12/ZN/ZN. For blockage purpose, please use zero-spacing routing blockage instead. (FRAM-065)
Warning: Regular routing blockage RB_4 on metal layer M1 touches terminal CKND12/ZN/ZN. For blockage purpose, please use zero-spacing routing blockage instead. (FRAM-065)
Warning: Regular routing blockage RB_0 on metal layer M1 touches terminal CKND16/ZN/ZN. For blockage purpose, please use zero-spacing routing blockage instead. (FRAM-065)
Warning: Regular routing blockage RB_1 on metal layer M1 touches terminal CKND16/ZN/ZN. For blockage purpose, please use zero-spacing routing blockage instead. (FRAM-065)
Warning: Regular routing blockage RB_3 on metal layer M1 touches terminal CKND16/ZN/ZN. For blockage purpose, please use zero-spacing routing blockage instead. (FRAM-065)
Warning: Regular routing blockage RB_4 on metal layer M1 touches terminal CKND16/ZN/ZN. For blockage purpose, please use zero-spacing routing blockage instead. (FRAM-065)
Warning: Regular routing blockage RB_0 on metal layer M1 touches terminal CKND20/ZN/ZN. For blockage purpose, please use zero-spacing routing blockage instead. (FRAM-065)
Warning: Regular routing blockage RB_1 on metal layer M1 touches terminal CKND20/ZN/ZN. For blockage purpose, please use zero-spacing routing blockage instead. (FRAM-065)
Warning: Regular routing blockage RB_3 on metal layer M1 touches terminal CKND20/ZN/ZN. For blockage purpose, please use zero-spacing routing blockage instead. (FRAM-065)
Warning: Regular routing blockage RB_4 on metal layer M1 touches terminal CKND20/ZN/ZN. For blockage purpose, please use zero-spacing routing blockage instead. (FRAM-065)
Warning: Regular routing blockage RB_0 on metal layer M1 touches terminal CKND24/ZN/ZN. For blockage purpose, please use zero-spacing routing blockage instead. (FRAM-065)
Warning: Regular routing blockage RB_1 on metal layer M1 touches terminal CKND24/ZN/ZN. For blockage purpose, please use zero-spacing routing blockage instead. (FRAM-065)
Warning: Regular routing blockage RB_3 on metal layer M1 touches terminal CKND24/ZN/ZN. For blockage purpose, please use zero-spacing routing blockage instead. (FRAM-065)
Warning: Regular routing blockage RB_4 on metal layer M1 touches terminal CKND24/ZN/ZN. For blockage purpose, please use zero-spacing routing blockage instead. (FRAM-065)
Warning: Regular routing blockage RB_0 on metal layer M1 touches terminal CKND2D4/ZN/ZN. For blockage purpose, please use zero-spacing routing blockage instead. (FRAM-065)
Warning: Regular routing blockage RB_0 on metal layer M1 touches terminal CKND2D8/ZN/ZN. For blockage purpose, please use zero-spacing routing blockage instead. (FRAM-065)
Warning: Regular routing blockage RB_1 on metal layer M1 touches terminal CKND2D8/ZN/ZN. For blockage purpose, please use zero-spacing routing blockage instead. (FRAM-065)
Warning: Regular routing blockage RB_2 on metal layer M1 touches terminal CKND2D8/ZN/ZN. For blockage purpose, please use zero-spacing routing blockage instead. (FRAM-065)
Warning: Regular routing blockage RB_3 on metal layer M1 touches terminal CKND2D8/ZN/ZN. For blockage purpose, please use zero-spacing routing blockage instead. (FRAM-065)
Warning: Regular routing blockage RB_0 on metal layer M1 touches terminal CKND3/ZN/ZN. For blockage purpose, please use zero-spacing routing blockage instead. (FRAM-065)
Warning: Regular routing blockage RB_1 on metal layer M1 touches terminal CKND3/ZN/ZN. For blockage purpose, please use zero-spacing routing blockage instead. (FRAM-065)
Warning: Regular routing blockage RB_2 on metal layer M1 touches terminal CKND3/ZN/ZN. For blockage purpose, please use zero-spacing routing blockage instead. (FRAM-065)
Warning: Regular routing blockage RB_3 on metal layer M1 touches terminal CKND3/ZN/ZN. For blockage purpose, please use zero-spacing routing blockage instead. (FRAM-065)
Warning: Regular routing blockage RB_0 on metal layer M1 touches terminal CKND4/ZN/ZN. For blockage purpose, please use zero-spacing routing blockage instead. (FRAM-065)
Warning: Regular routing blockage RB_1 on metal layer M1 touches terminal CKND4/ZN/ZN. For blockage purpose, please use zero-spacing routing blockage instead. (FRAM-065)
Warning: Regular routing blockage RB_2 on metal layer M1 touches terminal CKND4/ZN/ZN. For blockage purpose, please use zero-spacing routing blockage instead. (FRAM-065)
Warning: Regular routing blockage RB_3 on metal layer M1 touches terminal CKND4/ZN/ZN. For blockage purpose, please use zero-spacing routing blockage instead. (FRAM-065)
Warning: Regular routing blockage RB_0 on metal layer M1 touches terminal CKND6/ZN/ZN. For blockage purpose, please use zero-spacing routing blockage instead. (FRAM-065)
Warning: Regular routing blockage RB_1 on metal layer M1 touches terminal CKND6/ZN/ZN. For blockage purpose, please use zero-spacing routing blockage instead. (FRAM-065)
Warning: Regular routing blockage RB_2 on metal layer M1 touches terminal CKND6/ZN/ZN. For blockage purpose, please use zero-spacing routing blockage instead. (FRAM-065)
Warning: Regular routing blockage RB_3 on metal layer M1 touches terminal CKND6/ZN/ZN. For blockage purpose, please use zero-spacing routing blockage instead. (FRAM-065)
Warning: Regular routing blockage RB_0 on metal layer M1 touches terminal CKND8/ZN/ZN. For blockage purpose, please use zero-spacing routing blockage instead. (FRAM-065)
Warning: Regular routing blockage RB_1 on metal layer M1 touches terminal CKND8/ZN/ZN. For blockage purpose, please use zero-spacing routing blockage instead. (FRAM-065)
Warning: Regular routing blockage RB_3 on metal layer M1 touches terminal CKND8/ZN/ZN. For blockage purpose, please use zero-spacing routing blockage instead. (FRAM-065)
Warning: Regular routing blockage RB_4 on metal layer M1 touches terminal CKND8/ZN/ZN. For blockage purpose, please use zero-spacing routing blockage instead. (FRAM-065)
Warning: Block CKXOR2D4.frame has a very large regular routing blockage RB_0 on the M1 metal layer; this might prevent the router from connecting to nearby terminals. (FRAM-066)
Warning: Regular routing blockage RB_2 on metal layer M1 touches terminal CKXOR2D4/Z/Z. For blockage purpose, please use zero-spacing routing blockage instead. (FRAM-065)
Warning: Regular routing blockage RB_6 on metal layer M1 touches terminal CKXOR2D4/Z/Z. For blockage purpose, please use zero-spacing routing blockage instead. (FRAM-065)
Warning: Regular routing blockage RB_7 on metal layer M1 touches terminal CKXOR2D4/Z/Z. For blockage purpose, please use zero-spacing routing blockage instead. (FRAM-065)
Warning: Block DCAP.frame has a very large regular routing blockage RB_0 on the M1 metal layer; this might prevent the router from connecting to nearby terminals. (FRAM-066)
Warning: Block DEL005.frame has a very large regular routing blockage RB_1 on the M1 metal layer; this might prevent the router from connecting to nearby terminals. (FRAM-066)
Warning: Block DFCND1.frame has a very large regular routing blockage RB_1 on the M1 metal layer; this might prevent the router from connecting to nearby terminals. (FRAM-066)
Warning: Regular routing blockage RB_2 on metal layer M1 touches terminal DFCND4/QN/QN. For blockage purpose, please use zero-spacing routing blockage instead. (FRAM-065)
Warning: Regular routing blockage RB_8 on metal layer M1 touches terminal DFCND4/Q/Q. For blockage purpose, please use zero-spacing routing blockage instead. (FRAM-065)
Warning: Regular routing blockage RB_9 on metal layer M1 touches terminal DFCND4/Q/Q. For blockage purpose, please use zero-spacing routing blockage instead. (FRAM-065)
Warning: Regular routing blockage RB_11 on metal layer M1 touches terminal DFCND4/QN/QN. For blockage purpose, please use zero-spacing routing blockage instead. (FRAM-065)
Warning: Regular routing blockage RB_12 on metal layer M1 touches terminal DFCND4/Q/Q. For blockage purpose, please use zero-spacing routing blockage instead. (FRAM-065)
Warning: Block DFCNQD1.frame has a very large regular routing blockage RB_0 on the M1 metal layer; this might prevent the router from connecting to nearby terminals. (FRAM-066)
Warning: Block DFCNQD1.frame has a very large regular routing blockage RB_4 on the M1 metal layer; this might prevent the router from connecting to nearby terminals. (FRAM-066)
Warning: Block DFCNQD2.frame has a very large regular routing blockage RB_0 on the M1 metal layer; this might prevent the router from connecting to nearby terminals. (FRAM-066)
Warning: Regular routing blockage RB_2 on metal layer M1 touches terminal DFCNQD4/Q/Q. For blockage purpose, please use zero-spacing routing blockage instead. (FRAM-065)
Warning: Regular routing blockage RB_9 on metal layer M1 touches terminal DFCNQD4/Q/Q. For blockage purpose, please use zero-spacing routing blockage instead. (FRAM-065)
Warning: Block DFCSND1.frame has a very large regular routing blockage RB_2 on the M1 metal layer; this might prevent the router from connecting to nearby terminals. (FRAM-066)
Warning: Block DFCSND1.frame has a very large regular routing blockage RB_6 on the M1 metal layer; this might prevent the router from connecting to nearby terminals. (FRAM-066)
Warning: Regular routing blockage RB_2 on metal layer M1 touches terminal DFCSND4/Q/Q. For blockage purpose, please use zero-spacing routing blockage instead. (FRAM-065)
Warning: Regular routing blockage RB_3 on metal layer M1 touches terminal DFCSND4/QN/QN. For blockage purpose, please use zero-spacing routing blockage instead. (FRAM-065)
Warning: Regular routing blockage RB_10 on metal layer M1 touches terminal DFCSND4/Q/Q. For blockage purpose, please use zero-spacing routing blockage instead. (FRAM-065)
Warning: Regular routing blockage RB_11 on metal layer M1 touches terminal DFCSND4/QN/QN. For blockage purpose, please use zero-spacing routing blockage instead. (FRAM-065)
Warning: Block DFCSNQD1.frame has a very large regular routing blockage RB_1 on the M1 metal layer; this might prevent the router from connecting to nearby terminals. (FRAM-066)
Warning: Block DFCSNQD1.frame has a very large regular routing blockage RB_5 on the M1 metal layer; this might prevent the router from connecting to nearby terminals. (FRAM-066)
Warning: Regular routing blockage RB_6 on metal layer M1 touches terminal DFCSNQD4/Q/Q. For blockage purpose, please use zero-spacing routing blockage instead. (FRAM-065)
Warning: Regular routing blockage RB_7 on metal layer M1 touches terminal DFCSNQD4/Q/Q. For blockage purpose, please use zero-spacing routing blockage instead. (FRAM-065)
Warning: Regular routing blockage RB_10 on metal layer M1 touches terminal DFCSNQD4/Q/Q. For blockage purpose, please use zero-spacing routing blockage instead. (FRAM-065)
Warning: Regular routing blockage RB_11 on metal layer M1 touches terminal DFCSNQD4/Q/Q. For blockage purpose, please use zero-spacing routing blockage instead. (FRAM-065)
Warning: Block DFD1.frame has a very large regular routing blockage RB_0 on the M1 metal layer; this might prevent the router from connecting to nearby terminals. (FRAM-066)
Warning: Block DFD1.frame has a very large regular routing blockage RB_5 on the M1 metal layer; this might prevent the router from connecting to nearby terminals. (FRAM-066)
Warning: Regular routing blockage RB_1 on metal layer M1 touches terminal DFD4/Q/Q. For blockage purpose, please use zero-spacing routing blockage instead. (FRAM-065)
Warning: Regular routing blockage RB_7 on metal layer M1 touches terminal DFD4/QN/QN. For blockage purpose, please use zero-spacing routing blockage instead. (FRAM-065)
Warning: Regular routing blockage RB_8 on metal layer M1 touches terminal DFD4/QN/QN. For blockage purpose, please use zero-spacing routing blockage instead. (FRAM-065)
Warning: Regular routing blockage RB_10 on metal layer M1 touches terminal DFD4/Q/Q. For blockage purpose, please use zero-spacing routing blockage instead. (FRAM-065)
Warning: Regular routing blockage RB_11 on metal layer M1 touches terminal DFD4/QN/QN. For blockage purpose, please use zero-spacing routing blockage instead. (FRAM-065)
Warning: Regular routing blockage RB_12 on metal layer M1 touches terminal DFD4/QN/QN. For blockage purpose, please use zero-spacing routing blockage instead. (FRAM-065)
Warning: Block DFKCND1.frame has a very large regular routing blockage RB_3 on the M1 metal layer; this might prevent the router from connecting to nearby terminals. (FRAM-066)
Warning: Regular routing blockage RB_2 on metal layer M1 touches terminal DFKCND4/Q/Q. For blockage purpose, please use zero-spacing routing blockage instead. (FRAM-065)
Warning: Regular routing blockage RB_3 on metal layer M1 touches terminal DFKCND4/Q/Q. For blockage purpose, please use zero-spacing routing blockage instead. (FRAM-065)
Warning: Regular routing blockage RB_7 on metal layer M1 touches terminal DFKCND4/QN/QN. For blockage purpose, please use zero-spacing routing blockage instead. (FRAM-065)
Warning: Regular routing blockage RB_8 on metal layer M1 touches terminal DFKCND4/QN/QN. For blockage purpose, please use zero-spacing routing blockage instead. (FRAM-065)
Warning: Regular routing blockage RB_12 on metal layer M1 touches terminal DFKCND4/Q/Q. For blockage purpose, please use zero-spacing routing blockage instead. (FRAM-065)
Warning: Regular routing blockage RB_13 on metal layer M1 touches terminal DFKCND4/Q/Q. For blockage purpose, please use zero-spacing routing blockage instead. (FRAM-065)
Warning: Regular routing blockage RB_14 on metal layer M1 touches terminal DFKCND4/QN/QN. For blockage purpose, please use zero-spacing routing blockage instead. (FRAM-065)
Warning: Regular routing blockage RB_15 on metal layer M1 touches terminal DFKCND4/QN/QN. For blockage purpose, please use zero-spacing routing blockage instead. (FRAM-065)
Warning: Block DFKCNQD1.frame has a very large regular routing blockage RB_5 on the M1 metal layer; this might prevent the router from connecting to nearby terminals. (FRAM-066)
Warning: Block DFKCNQD2.frame has a very large regular routing blockage RB_5 on the M1 metal layer; this might prevent the router from connecting to nearby terminals. (FRAM-066)
Warning: Regular routing blockage RB_3 on metal layer M1 touches terminal DFKCNQD4/Q/Q. For blockage purpose, please use zero-spacing routing blockage instead. (FRAM-065)
Warning: Regular routing blockage RB_8 on metal layer M1 touches terminal DFKCNQD4/Q/Q. For blockage purpose, please use zero-spacing routing blockage instead. (FRAM-065)
Warning: Regular routing blockage RB_4 on metal layer M1 touches terminal DFKCSND4/Q/Q. For blockage purpose, please use zero-spacing routing blockage instead. (FRAM-065)
Warning: Regular routing blockage RB_5 on metal layer M1 touches terminal DFKCSND4/Q/Q. For blockage purpose, please use zero-spacing routing blockage instead. (FRAM-065)
Warning: Regular routing blockage RB_11 on metal layer M1 touches terminal DFKCSND4/QN/QN. For blockage purpose, please use zero-spacing routing blockage instead. (FRAM-065)
Warning: Regular routing blockage RB_12 on metal layer M1 touches terminal DFKCSND4/QN/QN. For blockage purpose, please use zero-spacing routing blockage instead. (FRAM-065)
Warning: Regular routing blockage RB_14 on metal layer M1 touches terminal DFKCSND4/Q/Q. For blockage purpose, please use zero-spacing routing blockage instead. (FRAM-065)
Warning: Regular routing blockage RB_15 on metal layer M1 touches terminal DFKCSND4/Q/Q. For blockage purpose, please use zero-spacing routing blockage instead. (FRAM-065)
Warning: Regular routing blockage RB_16 on metal layer M1 touches terminal DFKCSND4/QN/QN. For blockage purpose, please use zero-spacing routing blockage instead. (FRAM-065)
Warning: Regular routing blockage RB_17 on metal layer M1 touches terminal DFKCSND4/QN/QN. For blockage purpose, please use zero-spacing routing blockage instead. (FRAM-065)
Warning: Block DFKSND1.frame has a very large regular routing blockage RB_7 on the M1 metal layer; this might prevent the router from connecting to nearby terminals. (FRAM-066)
Warning: Block DFKSND2.frame has a very large regular routing blockage RB_7 on the M1 metal layer; this might prevent the router from connecting to nearby terminals. (FRAM-066)
Warning: Regular routing blockage RB_2 on metal layer M1 touches terminal DFKSND4/Q/Q. For blockage purpose, please use zero-spacing routing blockage instead. (FRAM-065)
Warning: Regular routing blockage RB_3 on metal layer M1 touches terminal DFKSND4/Q/Q. For blockage purpose, please use zero-spacing routing blockage instead. (FRAM-065)
Warning: Regular routing blockage RB_11 on metal layer M1 touches terminal DFKSND4/QN/QN. For blockage purpose, please use zero-spacing routing blockage instead. (FRAM-065)
Warning: Regular routing blockage RB_12 on metal layer M1 touches terminal DFKSND4/QN/QN. For blockage purpose, please use zero-spacing routing blockage instead. (FRAM-065)
Warning: Regular routing blockage RB_13 on metal layer M1 touches terminal DFKSND4/Q/Q. For blockage purpose, please use zero-spacing routing blockage instead. (FRAM-065)
Warning: Regular routing blockage RB_14 on metal layer M1 touches terminal DFKSND4/Q/Q. For blockage purpose, please use zero-spacing routing blockage instead. (FRAM-065)
Warning: Regular routing blockage RB_15 on metal layer M1 touches terminal DFKSND4/QN/QN. For blockage purpose, please use zero-spacing routing blockage instead. (FRAM-065)
Warning: Regular routing blockage RB_16 on metal layer M1 touches terminal DFKSND4/QN/QN. For blockage purpose, please use zero-spacing routing blockage instead. (FRAM-065)
Warning: Regular routing blockage RB_2 on metal layer M1 touches terminal DFNCND4/QN/QN. For blockage purpose, please use zero-spacing routing blockage instead. (FRAM-065)
Warning: Regular routing blockage RB_8 on metal layer M1 touches terminal DFNCND4/Q/Q. For blockage purpose, please use zero-spacing routing blockage instead. (FRAM-065)
Warning: Regular routing blockage RB_10 on metal layer M1 touches terminal DFNCND4/QN/QN. For blockage purpose, please use zero-spacing routing blockage instead. (FRAM-065)
Warning: Regular routing blockage RB_11 on metal layer M1 touches terminal DFNCND4/Q/Q. For blockage purpose, please use zero-spacing routing blockage instead. (FRAM-065)
Warning: Block DFNCSND1.frame has a very large regular routing blockage RB_2 on the M1 metal layer; this might prevent the router from connecting to nearby terminals. (FRAM-066)
Warning: Block DFNCSND2.frame has a very large regular routing blockage RB_1 on the M1 metal layer; this might prevent the router from connecting to nearby terminals. (FRAM-066)
Warning: Regular routing blockage RB_3 on metal layer M1 touches terminal DFNCSND4/QN/QN. For blockage purpose, please use zero-spacing routing blockage instead. (FRAM-065)
Warning: Regular routing blockage RB_4 on metal layer M1 touches terminal DFNCSND4/Q/Q. For blockage purpose, please use zero-spacing routing blockage instead. (FRAM-065)
Warning: Regular routing blockage RB_10 on metal layer M1 touches terminal DFNCSND4/QN/QN. For blockage purpose, please use zero-spacing routing blockage instead. (FRAM-065)
Warning: Regular routing blockage RB_11 on metal layer M1 touches terminal DFNCSND4/Q/Q. For blockage purpose, please use zero-spacing routing blockage instead. (FRAM-065)
Warning: Regular routing blockage RB_3 on metal layer M1 touches terminal DFND4/QN/QN. For blockage purpose, please use zero-spacing routing blockage instead. (FRAM-065)
Warning: Regular routing blockage RB_4 on metal layer M1 touches terminal DFND4/Q/Q. For blockage purpose, please use zero-spacing routing blockage instead. (FRAM-065)
Warning: Regular routing blockage RB_5 on metal layer M1 touches terminal DFND4/Q/Q. For blockage purpose, please use zero-spacing routing blockage instead. (FRAM-065)
Warning: Regular routing blockage RB_11 on metal layer M1 touches terminal DFND4/QN/QN. For blockage purpose, please use zero-spacing routing blockage instead. (FRAM-065)
Warning: Regular routing blockage RB_12 on metal layer M1 touches terminal DFND4/Q/Q. For blockage purpose, please use zero-spacing routing blockage instead. (FRAM-065)
Warning: Regular routing blockage RB_13 on metal layer M1 touches terminal DFND4/Q/Q. For blockage purpose, please use zero-spacing routing blockage instead. (FRAM-065)
Warning: Block DFNSND1.frame has a very large regular routing blockage RB_2 on the M1 metal layer; this might prevent the router from connecting to nearby terminals. (FRAM-066)
Warning: Regular routing blockage RB_4 on metal layer M1 touches terminal DFNSND4/Q/Q. For blockage purpose, please use zero-spacing routing blockage instead. (FRAM-065)
Warning: Regular routing blockage RB_5 on metal layer M1 touches terminal DFNSND4/QN/QN. For blockage purpose, please use zero-spacing routing blockage instead. (FRAM-065)
Warning: Regular routing blockage RB_6 on metal layer M1 touches terminal DFNSND4/QN/QN. For blockage purpose, please use zero-spacing routing blockage instead. (FRAM-065)
Warning: Regular routing blockage RB_10 on metal layer M1 touches terminal DFNSND4/QN/QN. For blockage purpose, please use zero-spacing routing blockage instead. (FRAM-065)
Warning: Regular routing blockage RB_11 on metal layer M1 touches terminal DFNSND4/QN/QN. For blockage purpose, please use zero-spacing routing blockage instead. (FRAM-065)
Warning: Regular routing blockage RB_12 on metal layer M1 touches terminal DFNSND4/Q/Q. For blockage purpose, please use zero-spacing routing blockage instead. (FRAM-065)
Warning: Block DFQD1.frame has a very large regular routing blockage RB_0 on the M1 metal layer; this might prevent the router from connecting to nearby terminals. (FRAM-066)
Warning: Block DFQD1.frame has a very large regular routing blockage RB_5 on the M1 metal layer; this might prevent the router from connecting to nearby terminals. (FRAM-066)
Warning: Block DFQD2.frame has a very large regular routing blockage RB_0 on the M1 metal layer; this might prevent the router from connecting to nearby terminals. (FRAM-066)
Warning: Block DFQD2.frame has a very large regular routing blockage RB_5 on the M1 metal layer; this might prevent the router from connecting to nearby terminals. (FRAM-066)
Warning: Block DFQD4.frame has a very large regular routing blockage RB_0 on the M1 metal layer; this might prevent the router from connecting to nearby terminals. (FRAM-066)
Warning: Regular routing blockage RB_1 on metal layer M1 touches terminal DFQD4/Q/Q. For blockage purpose, please use zero-spacing routing blockage instead. (FRAM-065)
Warning: Regular routing blockage RB_2 on metal layer M1 touches terminal DFQD4/Q/Q. For blockage purpose, please use zero-spacing routing blockage instead. (FRAM-065)
Warning: Regular routing blockage RB_8 on metal layer M1 touches terminal DFQD4/Q/Q. For blockage purpose, please use zero-spacing routing blockage instead. (FRAM-065)
Warning: Regular routing blockage RB_9 on metal layer M1 touches terminal DFQD4/Q/Q. For blockage purpose, please use zero-spacing routing blockage instead. (FRAM-065)
Warning: Block DFSND1.frame has a very large regular routing blockage RB_0 on the M1 metal layer; this might prevent the router from connecting to nearby terminals. (FRAM-066)
Warning: Regular routing blockage RB_3 on metal layer M1 touches terminal DFSND4/Q/Q. For blockage purpose, please use zero-spacing routing blockage instead. (FRAM-065)
Warning: Regular routing blockage RB_6 on metal layer M1 touches terminal DFSND4/QN/QN. For blockage purpose, please use zero-spacing routing blockage instead. (FRAM-065)
Warning: Regular routing blockage RB_7 on metal layer M1 touches terminal DFSND4/QN/QN. For blockage purpose, please use zero-spacing routing blockage instead. (FRAM-065)
Warning: Regular routing blockage RB_10 on metal layer M1 touches terminal DFSND4/Q/Q. For blockage purpose, please use zero-spacing routing blockage instead. (FRAM-065)
Warning: Regular routing blockage RB_11 on metal layer M1 touches terminal DFSND4/QN/QN. For blockage purpose, please use zero-spacing routing blockage instead. (FRAM-065)
Warning: Regular routing blockage RB_12 on metal layer M1 touches terminal DFSND4/QN/QN. For blockage purpose, please use zero-spacing routing blockage instead. (FRAM-065)
Warning: Block DFSNQD1.frame has a very large regular routing blockage RB_0 on the M1 metal layer; this might prevent the router from connecting to nearby terminals. (FRAM-066)
Warning: Block DFSNQD1.frame has a very large regular routing blockage RB_3 on the M1 metal layer; this might prevent the router from connecting to nearby terminals. (FRAM-066)
Warning: Block DFSNQD2.frame has a very large regular routing blockage RB_0 on the M1 metal layer; this might prevent the router from connecting to nearby terminals. (FRAM-066)
Warning: Regular routing blockage RB_2 on metal layer M1 touches terminal DFSNQD4/Q/Q. For blockage purpose, please use zero-spacing routing blockage instead. (FRAM-065)
Warning: Regular routing blockage RB_8 on metal layer M1 touches terminal DFSNQD4/Q/Q. For blockage purpose, please use zero-spacing routing blockage instead. (FRAM-065)
Warning: Regular routing blockage RB_3 on metal layer M1 touches terminal DFXD4/QN/QN. For blockage purpose, please use zero-spacing routing blockage instead. (FRAM-065)
Warning: Regular routing blockage RB_4 on metal layer M1 touches terminal DFXD4/Q/Q. For blockage purpose, please use zero-spacing routing blockage instead. (FRAM-065)
Warning: Regular routing blockage RB_5 on metal layer M1 touches terminal DFXD4/Q/Q. For blockage purpose, please use zero-spacing routing blockage instead. (FRAM-065)
Warning: Regular routing blockage RB_14 on metal layer M1 touches terminal DFXD4/QN/QN. For blockage purpose, please use zero-spacing routing blockage instead. (FRAM-065)
Warning: Regular routing blockage RB_15 on metal layer M1 touches terminal DFXD4/Q/Q. For blockage purpose, please use zero-spacing routing blockage instead. (FRAM-065)
Warning: Regular routing blockage RB_16 on metal layer M1 touches terminal DFXD4/Q/Q. For blockage purpose, please use zero-spacing routing blockage instead. (FRAM-065)
Warning: Regular routing blockage RB_3 on metal layer M1 touches terminal DFXQD4/Q/Q. For blockage purpose, please use zero-spacing routing blockage instead. (FRAM-065)
Warning: Regular routing blockage RB_11 on metal layer M1 touches terminal DFXQD4/Q/Q. For blockage purpose, please use zero-spacing routing blockage instead. (FRAM-065)
Warning: Block EDFCND4.frame has a very large regular routing blockage RB_0 on the M1 metal layer; this might prevent the router from connecting to nearby terminals. (FRAM-066)
Warning: Regular routing blockage RB_3 on metal layer M1 touches terminal EDFCND4/QN/QN. For blockage purpose, please use zero-spacing routing blockage instead. (FRAM-065)
Warning: Regular routing blockage RB_4 on metal layer M1 touches terminal EDFCND4/QN/QN. For blockage purpose, please use zero-spacing routing blockage instead. (FRAM-065)
Warning: Regular routing blockage RB_9 on metal layer M1 touches terminal EDFCND4/Q/Q. For blockage purpose, please use zero-spacing routing blockage instead. (FRAM-065)
Warning: Regular routing blockage RB_10 on metal layer M1 touches terminal EDFCND4/Q/Q. For blockage purpose, please use zero-spacing routing blockage instead. (FRAM-065)
Warning: Regular routing blockage RB_15 on metal layer M1 touches terminal EDFCND4/Q/Q. For blockage purpose, please use zero-spacing routing blockage instead. (FRAM-065)
Warning: Regular routing blockage RB_16 on metal layer M1 touches terminal EDFCND4/Q/Q. For blockage purpose, please use zero-spacing routing blockage instead. (FRAM-065)
Warning: Regular routing blockage RB_17 on metal layer M1 touches terminal EDFCND4/QN/QN. For blockage purpose, please use zero-spacing routing blockage instead. (FRAM-065)
Warning: Regular routing blockage RB_18 on metal layer M1 touches terminal EDFCND4/QN/QN. For blockage purpose, please use zero-spacing routing blockage instead. (FRAM-065)
Warning: Regular routing blockage RB_7 on metal layer M1 touches terminal EDFCNQD4/Q/Q. For blockage purpose, please use zero-spacing routing blockage instead. (FRAM-065)
Warning: Regular routing blockage RB_8 on metal layer M1 touches terminal EDFCNQD4/Q/Q. For blockage purpose, please use zero-spacing routing blockage instead. (FRAM-065)
Warning: Regular routing blockage RB_13 on metal layer M1 touches terminal EDFCNQD4/Q/Q. For blockage purpose, please use zero-spacing routing blockage instead. (FRAM-065)
Warning: Regular routing blockage RB_14 on metal layer M1 touches terminal EDFCNQD4/Q/Q. For blockage purpose, please use zero-spacing routing blockage instead. (FRAM-065)
Warning: Block EDFD1.frame has a very large regular routing blockage RB_2 on the M1 metal layer; this might prevent the router from connecting to nearby terminals. (FRAM-066)
Warning: Block EDFD2.frame has a very large regular routing blockage RB_2 on the M1 metal layer; this might prevent the router from connecting to nearby terminals. (FRAM-066)
Warning: Block EDFD4.frame has a very large regular routing blockage RB_2 on the M1 metal layer; this might prevent the router from connecting to nearby terminals. (FRAM-066)
Warning: Regular routing blockage RB_3 on metal layer M1 touches terminal EDFD4/QN/QN. For blockage purpose, please use zero-spacing routing blockage instead. (FRAM-065)
Warning: Regular routing blockage RB_4 on metal layer M1 touches terminal EDFD4/QN/QN. For blockage purpose, please use zero-spacing routing blockage instead. (FRAM-065)
Warning: Regular routing blockage RB_7 on metal layer M1 touches terminal EDFD4/Q/Q. For blockage purpose, please use zero-spacing routing blockage instead. (FRAM-065)
Warning: Regular routing blockage RB_14 on metal layer M1 touches terminal EDFD4/QN/QN. For blockage purpose, please use zero-spacing routing blockage instead. (FRAM-065)
Warning: Regular routing blockage RB_15 on metal layer M1 touches terminal EDFD4/QN/QN. For blockage purpose, please use zero-spacing routing blockage instead. (FRAM-065)
Warning: Regular routing blockage RB_16 on metal layer M1 touches terminal EDFD4/Q/Q. For blockage purpose, please use zero-spacing routing blockage instead. (FRAM-065)
Warning: Block EDFKCND1.frame has a very large regular routing blockage RB_0 on the M1 metal layer; this might prevent the router from connecting to nearby terminals. (FRAM-066)
Warning: Block EDFKCND2.frame has a very large regular routing blockage RB_0 on the M1 metal layer; this might prevent the router from connecting to nearby terminals. (FRAM-066)
Warning: Block EDFKCND4.frame has a very large regular routing blockage RB_0 on the M1 metal layer; this might prevent the router from connecting to nearby terminals. (FRAM-066)
Warning: Regular routing blockage RB_3 on metal layer M1 touches terminal EDFKCND4/QN/QN. For blockage purpose, please use zero-spacing routing blockage instead. (FRAM-065)
Warning: Regular routing blockage RB_4 on metal layer M1 touches terminal EDFKCND4/QN/QN. For blockage purpose, please use zero-spacing routing blockage instead. (FRAM-065)
Warning: Regular routing blockage RB_7 on metal layer M1 touches terminal EDFKCND4/Q/Q. For blockage purpose, please use zero-spacing routing blockage instead. (FRAM-065)
Warning: Regular routing blockage RB_13 on metal layer M1 touches terminal EDFKCND4/QN/QN. For blockage purpose, please use zero-spacing routing blockage instead. (FRAM-065)
Warning: Regular routing blockage RB_14 on metal layer M1 touches terminal EDFKCND4/QN/QN. For blockage purpose, please use zero-spacing routing blockage instead. (FRAM-065)
Warning: Regular routing blockage RB_16 on metal layer M1 touches terminal EDFKCND4/Q/Q. For blockage purpose, please use zero-spacing routing blockage instead. (FRAM-065)
Warning: Block EDFKCNQD1.frame has a very large regular routing blockage RB_1 on the M1 metal layer; this might prevent the router from connecting to nearby terminals. (FRAM-066)
Warning: Block EDFKCNQD2.frame has a very large regular routing blockage RB_1 on the M1 metal layer; this might prevent the router from connecting to nearby terminals. (FRAM-066)
Warning: Block EDFKCNQD4.frame has a very large regular routing blockage RB_0 on the M1 metal layer; this might prevent the router from connecting to nearby terminals. (FRAM-066)
Warning: Regular routing blockage RB_5 on metal layer M1 touches terminal EDFKCNQD4/Q/Q. For blockage purpose, please use zero-spacing routing blockage instead. (FRAM-065)
Warning: Regular routing blockage RB_12 on metal layer M1 touches terminal EDFKCNQD4/Q/Q. For blockage purpose, please use zero-spacing routing blockage instead. (FRAM-065)
Warning: Block EDFQD1.frame has a very large regular routing blockage RB_2 on the M1 metal layer; this might prevent the router from connecting to nearby terminals. (FRAM-066)
Warning: Block EDFQD2.frame has a very large regular routing blockage RB_2 on the M1 metal layer; this might prevent the router from connecting to nearby terminals. (FRAM-066)
Warning: Block EDFQD4.frame has a very large regular routing blockage RB_2 on the M1 metal layer; this might prevent the router from connecting to nearby terminals. (FRAM-066)
Warning: Regular routing blockage RB_5 on metal layer M1 touches terminal EDFQD4/Q/Q. For blockage purpose, please use zero-spacing routing blockage instead. (FRAM-065)
Warning: Regular routing blockage RB_6 on metal layer M1 touches terminal EDFQD4/Q/Q. For blockage purpose, please use zero-spacing routing blockage instead. (FRAM-065)
Warning: Regular routing blockage RB_13 on metal layer M1 touches terminal EDFQD4/Q/Q. For blockage purpose, please use zero-spacing routing blockage instead. (FRAM-065)
Warning: Regular routing blockage RB_14 on metal layer M1 touches terminal EDFQD4/Q/Q. For blockage purpose, please use zero-spacing routing blockage instead. (FRAM-065)
Warning: Regular routing blockage RB_3 on metal layer M1 touches terminal FA1D4/CO/CO. For blockage purpose, please use zero-spacing routing blockage instead. (FRAM-065)
Warning: Regular routing blockage RB_4 on metal layer M1 touches terminal FA1D4/CO/CO. For blockage purpose, please use zero-spacing routing blockage instead. (FRAM-065)
Warning: Regular routing blockage RB_9 on metal layer M1 touches terminal FA1D4/S/S. For blockage purpose, please use zero-spacing routing blockage instead. (FRAM-065)
Warning: Regular routing blockage RB_10 on metal layer M1 touches terminal FA1D4/S/S. For blockage purpose, please use zero-spacing routing blockage instead. (FRAM-065)
Warning: Regular routing blockage RB_14 on metal layer M1 touches terminal FA1D4/CO/CO. For blockage purpose, please use zero-spacing routing blockage instead. (FRAM-065)
Warning: Regular routing blockage RB_15 on metal layer M1 touches terminal FA1D4/CO/CO. For blockage purpose, please use zero-spacing routing blockage instead. (FRAM-065)
Warning: Regular routing blockage RB_16 on metal layer M1 touches terminal FA1D4/S/S. For blockage purpose, please use zero-spacing routing blockage instead. (FRAM-065)
Warning: Regular routing blockage RB_17 on metal layer M1 touches terminal FA1D4/S/S. For blockage purpose, please use zero-spacing routing blockage instead. (FRAM-065)
Warning: Block FCICIND1.frame has a very large regular routing blockage RB_0 on the M1 metal layer; this might prevent the router from connecting to nearby terminals. (FRAM-066)
Warning: Block FCICIND1.frame has a very large regular routing blockage RB_1 on the M1 metal layer; this might prevent the router from connecting to nearby terminals. (FRAM-066)
Warning: Block FCICIND2.frame has a very large regular routing blockage RB_0 on the M1 metal layer; this might prevent the router from connecting to nearby terminals. (FRAM-066)
Warning: Block FCICIND2.frame has a very large regular routing blockage RB_1 on the M1 metal layer; this might prevent the router from connecting to nearby terminals. (FRAM-066)
Warning: Block FCICOND2.frame has a very large regular routing blockage RB_2 on the M1 metal layer; this might prevent the router from connecting to nearby terminals. (FRAM-066)
Warning: Block FCSICIND1.frame has a very large regular routing blockage RB_4 on the M1 metal layer; this might prevent the router from connecting to nearby terminals. (FRAM-066)
Warning: Block FCSICIND2.frame has a very large regular routing blockage RB_4 on the M1 metal layer; this might prevent the router from connecting to nearby terminals. (FRAM-066)
Warning: Block FCSICOND1.frame has a very large regular routing blockage RB_5 on the M1 metal layer; this might prevent the router from connecting to nearby terminals. (FRAM-066)
Warning: Block FCSICOND2.frame has a very large regular routing blockage RB_2 on the M1 metal layer; this might prevent the router from connecting to nearby terminals. (FRAM-066)
Warning: Block FCSICOND2.frame has a very large regular routing blockage RB_5 on the M1 metal layer; this might prevent the router from connecting to nearby terminals. (FRAM-066)
Warning: Block GAN2D1.frame has a very large regular routing blockage RB_0 on the M1 metal layer; this might prevent the router from connecting to nearby terminals. (FRAM-066)
Warning: Block GAN2D2.frame has a very large regular routing blockage RB_0 on the M1 metal layer; this might prevent the router from connecting to nearby terminals. (FRAM-066)
Warning: Block GBUFFD1.frame has a very large regular routing blockage RB_0 on the M1 metal layer; this might prevent the router from connecting to nearby terminals. (FRAM-066)
Warning: Block GBUFFD2.frame has a very large regular routing blockage RB_0 on the M1 metal layer; this might prevent the router from connecting to nearby terminals. (FRAM-066)
Warning: Block GBUFFD3.frame has a very large regular routing blockage RB_0 on the M1 metal layer; this might prevent the router from connecting to nearby terminals. (FRAM-066)
Warning: Block GBUFFD4.frame has a very large regular routing blockage RB_0 on the M1 metal layer; this might prevent the router from connecting to nearby terminals. (FRAM-066)
Warning: Block GBUFFD8.frame has a very large regular routing blockage RB_0 on the M1 metal layer; this might prevent the router from connecting to nearby terminals. (FRAM-066)
Warning: Block GMUX2D2.frame has a very large regular routing blockage RB_6 on the M1 metal layer; this might prevent the router from connecting to nearby terminals. (FRAM-066)
Warning: Block GMUX2ND1.frame has a very large regular routing blockage RB_7 on the M1 metal layer; this might prevent the router from connecting to nearby terminals. (FRAM-066)
Warning: Block GOR2D1.frame has a very large regular routing blockage RB_0 on the M1 metal layer; this might prevent the router from connecting to nearby terminals. (FRAM-066)
Warning: Block GOR2D2.frame has a very large regular routing blockage RB_0 on the M1 metal layer; this might prevent the router from connecting to nearby terminals. (FRAM-066)
Warning: Block GXNR2D2.frame has a very large regular routing blockage RB_6 on the M1 metal layer; this might prevent the router from connecting to nearby terminals. (FRAM-066)
Warning: Block GXOR2D1.frame has a very large regular routing blockage RB_4 on the M1 metal layer; this might prevent the router from connecting to nearby terminals. (FRAM-066)
Warning: Block GXOR2D2.frame has a very large regular routing blockage RB_6 on the M1 metal layer; this might prevent the router from connecting to nearby terminals. (FRAM-066)
Warning: Regular routing blockage RB_0 on metal layer M1 touches terminal HA1D4/S/S. For blockage purpose, please use zero-spacing routing blockage instead. (FRAM-065)
Warning: Regular routing blockage RB_1 on metal layer M1 touches terminal HA1D4/CO/CO. For blockage purpose, please use zero-spacing routing blockage instead. (FRAM-065)
Warning: Regular routing blockage RB_7 on metal layer M1 touches terminal HA1D4/S/S. For blockage purpose, please use zero-spacing routing blockage instead. (FRAM-065)
Warning: Regular routing blockage RB_8 on metal layer M1 touches terminal HA1D4/CO/CO. For blockage purpose, please use zero-spacing routing blockage instead. (FRAM-065)
Warning: Block HCOSCIND1.frame has a very large regular routing blockage RB_0 on the M1 metal layer; this might prevent the router from connecting to nearby terminals. (FRAM-066)
Warning: Block IAO21D0.frame has a very large regular routing blockage RB_0 on the M1 metal layer; this might prevent the router from connecting to nearby terminals. (FRAM-066)
Warning: Block IAO21D1.frame has a very large regular routing blockage RB_0 on the M1 metal layer; this might prevent the router from connecting to nearby terminals. (FRAM-066)
Warning: Block IAO21D2.frame has a very large regular routing blockage RB_0 on the M1 metal layer; this might prevent the router from connecting to nearby terminals. (FRAM-066)
Warning: Block IAO21D4.frame has a very large regular routing blockage RB_1 on the M1 metal layer; this might prevent the router from connecting to nearby terminals. (FRAM-066)
Warning: Regular routing blockage RB_2 on metal layer M1 touches terminal IAO21D4/ZN/ZN. For blockage purpose, please use zero-spacing routing blockage instead. (FRAM-065)
Warning: Regular routing blockage RB_3 on metal layer M1 touches terminal IAO21D4/ZN/ZN. For blockage purpose, please use zero-spacing routing blockage instead. (FRAM-065)
Warning: Block IAO22D4.frame has a very large regular routing blockage RB_1 on the M1 metal layer; this might prevent the router from connecting to nearby terminals. (FRAM-066)
Warning: Regular routing blockage RB_3 on metal layer M1 touches terminal IAO22D4/ZN/ZN. For blockage purpose, please use zero-spacing routing blockage instead. (FRAM-065)
Warning: Regular routing blockage RB_4 on metal layer M1 touches terminal IAO22D4/ZN/ZN. For blockage purpose, please use zero-spacing routing blockage instead. (FRAM-065)
Warning: Regular routing blockage RB_5 on metal layer M1 touches terminal IAO22D4/ZN/ZN. For blockage purpose, please use zero-spacing routing blockage instead. (FRAM-065)
Warning: Regular routing blockage RB_6 on metal layer M1 touches terminal IAO22D4/ZN/ZN. For blockage purpose, please use zero-spacing routing blockage instead. (FRAM-065)
Warning: Block IIND4D2.frame has a very large regular routing blockage RB_0 on the M1 metal layer; this might prevent the router from connecting to nearby terminals. (FRAM-066)
Warning: Block IIND4D4.frame has a very large regular routing blockage RB_0 on the M1 metal layer; this might prevent the router from connecting to nearby terminals. (FRAM-066)
Warning: Regular routing blockage RB_1 on metal layer M1 touches terminal IIND4D4/ZN/ZN. For blockage purpose, please use zero-spacing routing blockage instead. (FRAM-065)
Warning: Regular routing blockage RB_3 on metal layer M1 touches terminal IIND4D4/ZN/ZN. For blockage purpose, please use zero-spacing routing blockage instead. (FRAM-065)
Warning: Block IINR4D0.frame has a very large regular routing blockage RB_1 on the M1 metal layer; this might prevent the router from connecting to nearby terminals. (FRAM-066)
Warning: Block IINR4D2.frame has a very large regular routing blockage RB_4 on the M1 metal layer; this might prevent the router from connecting to nearby terminals. (FRAM-066)
Warning: Block IINR4D4.frame has a very large regular routing blockage RB_1 on the M1 metal layer; this might prevent the router from connecting to nearby terminals. (FRAM-066)
Warning: Regular routing blockage RB_5 on metal layer M1 touches terminal IINR4D4/ZN/ZN. For blockage purpose, please use zero-spacing routing blockage instead. (FRAM-065)
Warning: Regular routing blockage RB_6 on metal layer M1 touches terminal IINR4D4/ZN/ZN. For blockage purpose, please use zero-spacing routing blockage instead. (FRAM-065)
Warning: Regular routing blockage RB_7 on metal layer M1 touches terminal IINR4D4/ZN/ZN. For blockage purpose, please use zero-spacing routing blockage instead. (FRAM-065)
Warning: Regular routing blockage RB_0 on metal layer M1 touches terminal IND2D4/ZN/ZN. For blockage purpose, please use zero-spacing routing blockage instead. (FRAM-065)
Warning: Regular routing blockage RB_1 on metal layer M1 touches terminal IND2D4/ZN/ZN. For blockage purpose, please use zero-spacing routing blockage instead. (FRAM-065)
Warning: Regular routing blockage RB_4 on metal layer M1 touches terminal IND2D4/ZN/ZN. For blockage purpose, please use zero-spacing routing blockage instead. (FRAM-065)
Warning: Regular routing blockage RB_5 on metal layer M1 touches terminal IND2D4/ZN/ZN. For blockage purpose, please use zero-spacing routing blockage instead. (FRAM-065)
Warning: Regular routing blockage RB_0 on metal layer M1 touches terminal IND3D4/ZN/ZN. For blockage purpose, please use zero-spacing routing blockage instead. (FRAM-065)
Warning: Regular routing blockage RB_1 on metal layer M1 touches terminal IND3D4/ZN/ZN. For blockage purpose, please use zero-spacing routing blockage instead. (FRAM-065)
Warning: Regular routing blockage RB_3 on metal layer M1 touches terminal IND3D4/ZN/ZN. For blockage purpose, please use zero-spacing routing blockage instead. (FRAM-065)
Warning: Block IND4D1.frame has a very large regular routing blockage RB_0 on the M1 metal layer; this might prevent the router from connecting to nearby terminals. (FRAM-066)
Warning: Block IND4D4.frame has a very large regular routing blockage RB_0 on the M1 metal layer; this might prevent the router from connecting to nearby terminals. (FRAM-066)
Warning: Regular routing blockage RB_1 on metal layer M1 touches terminal IND4D4/ZN/ZN. For blockage purpose, please use zero-spacing routing blockage instead. (FRAM-065)
Warning: Regular routing blockage RB_2 on metal layer M1 touches terminal IND4D4/ZN/ZN. For blockage purpose, please use zero-spacing routing blockage instead. (FRAM-065)
Warning: Regular routing blockage RB_4 on metal layer M1 touches terminal IND4D4/ZN/ZN. For blockage purpose, please use zero-spacing routing blockage instead. (FRAM-065)
Warning: Block INR2D2.frame has a very large regular routing blockage RB_0 on the M1 metal layer; this might prevent the router from connecting to nearby terminals. (FRAM-066)
Warning: Block INR2D4.frame has a very large regular routing blockage RB_0 on the M1 metal layer; this might prevent the router from connecting to nearby terminals. (FRAM-066)
Warning: Block INR2XD1.frame has a very large regular routing blockage RB_0 on the M1 metal layer; this might prevent the router from connecting to nearby terminals. (FRAM-066)
Warning: Block INR2XD2.frame has a very large regular routing blockage RB_1 on the M1 metal layer; this might prevent the router from connecting to nearby terminals. (FRAM-066)
Warning: Regular routing blockage RB_2 on metal layer M1 touches terminal INR2XD4/ZN/ZN. For blockage purpose, please use zero-spacing routing blockage instead. (FRAM-065)
Warning: Regular routing blockage RB_3 on metal layer M1 touches terminal INR2XD4/ZN/ZN. For blockage purpose, please use zero-spacing routing blockage instead. (FRAM-065)
Warning: Regular routing blockage RB_4 on metal layer M1 touches terminal INR2XD4/ZN/ZN. For blockage purpose, please use zero-spacing routing blockage instead. (FRAM-065)
Warning: Regular routing blockage RB_5 on metal layer M1 touches terminal INR2XD4/ZN/ZN. For blockage purpose, please use zero-spacing routing blockage instead. (FRAM-065)
Warning: Block INR3D1.frame has a very large regular routing blockage RB_0 on the M1 metal layer; this might prevent the router from connecting to nearby terminals. (FRAM-066)
Warning: Block INR3D2.frame has a very large regular routing blockage RB_0 on the M1 metal layer; this might prevent the router from connecting to nearby terminals. (FRAM-066)
Warning: Block INR3D4.frame has a very large regular routing blockage RB_0 on the M1 metal layer; this might prevent the router from connecting to nearby terminals. (FRAM-066)
Warning: Regular routing blockage RB_3 on metal layer M1 touches terminal INR4D4/ZN/ZN. For blockage purpose, please use zero-spacing routing blockage instead. (FRAM-065)
Warning: Regular routing blockage RB_4 on metal layer M1 touches terminal INR4D4/ZN/ZN. For blockage purpose, please use zero-spacing routing blockage instead. (FRAM-065)
Warning: Regular routing blockage RB_6 on metal layer M1 touches terminal INR4D4/ZN/ZN. For blockage purpose, please use zero-spacing routing blockage instead. (FRAM-065)
Warning: Regular routing blockage RB_7 on metal layer M1 touches terminal INR4D4/ZN/ZN. For blockage purpose, please use zero-spacing routing blockage instead. (FRAM-065)
Warning: Regular routing blockage RB_0 on metal layer M1 touches terminal INVD12/ZN/ZN. For blockage purpose, please use zero-spacing routing blockage instead. (FRAM-065)
Warning: Regular routing blockage RB_1 on metal layer M1 touches terminal INVD12/ZN/ZN. For blockage purpose, please use zero-spacing routing blockage instead. (FRAM-065)
Warning: Regular routing blockage RB_3 on metal layer M1 touches terminal INVD12/ZN/ZN. For blockage purpose, please use zero-spacing routing blockage instead. (FRAM-065)
Warning: Regular routing blockage RB_4 on metal layer M1 touches terminal INVD12/ZN/ZN. For blockage purpose, please use zero-spacing routing blockage instead. (FRAM-065)
Warning: Regular routing blockage RB_0 on metal layer M1 touches terminal INVD16/ZN/ZN. For blockage purpose, please use zero-spacing routing blockage instead. (FRAM-065)
Warning: Regular routing blockage RB_1 on metal layer M1 touches terminal INVD16/ZN/ZN. For blockage purpose, please use zero-spacing routing blockage instead. (FRAM-065)
Warning: Regular routing blockage RB_3 on metal layer M1 touches terminal INVD16/ZN/ZN. For blockage purpose, please use zero-spacing routing blockage instead. (FRAM-065)
Warning: Regular routing blockage RB_4 on metal layer M1 touches terminal INVD16/ZN/ZN. For blockage purpose, please use zero-spacing routing blockage instead. (FRAM-065)
Warning: Regular routing blockage RB_0 on metal layer M1 touches terminal INVD20/ZN/ZN. For blockage purpose, please use zero-spacing routing blockage instead. (FRAM-065)
Warning: Regular routing blockage RB_1 on metal layer M1 touches terminal INVD20/ZN/ZN. For blockage purpose, please use zero-spacing routing blockage instead. (FRAM-065)
Warning: Regular routing blockage RB_3 on metal layer M1 touches terminal INVD20/ZN/ZN. For blockage purpose, please use zero-spacing routing blockage instead. (FRAM-065)
Warning: Regular routing blockage RB_4 on metal layer M1 touches terminal INVD20/ZN/ZN. For blockage purpose, please use zero-spacing routing blockage instead. (FRAM-065)
Warning: Regular routing blockage RB_0 on metal layer M1 touches terminal INVD24/ZN/ZN. For blockage purpose, please use zero-spacing routing blockage instead. (FRAM-065)
Warning: Regular routing blockage RB_1 on metal layer M1 touches terminal INVD24/ZN/ZN. For blockage purpose, please use zero-spacing routing blockage instead. (FRAM-065)
Warning: Regular routing blockage RB_3 on metal layer M1 touches terminal INVD24/ZN/ZN. For blockage purpose, please use zero-spacing routing blockage instead. (FRAM-065)
Warning: Regular routing blockage RB_4 on metal layer M1 touches terminal INVD24/ZN/ZN. For blockage purpose, please use zero-spacing routing blockage instead. (FRAM-065)
Warning: Regular routing blockage RB_0 on metal layer M1 touches terminal INVD4/ZN/ZN. For blockage purpose, please use zero-spacing routing blockage instead. (FRAM-065)
Warning: Regular routing blockage RB_1 on metal layer M1 touches terminal INVD4/ZN/ZN. For blockage purpose, please use zero-spacing routing blockage instead. (FRAM-065)
Warning: Regular routing blockage RB_2 on metal layer M1 touches terminal INVD4/ZN/ZN. For blockage purpose, please use zero-spacing routing blockage instead. (FRAM-065)
Warning: Regular routing blockage RB_3 on metal layer M1 touches terminal INVD4/ZN/ZN. For blockage purpose, please use zero-spacing routing blockage instead. (FRAM-065)
Warning: Regular routing blockage RB_0 on metal layer M1 touches terminal INVD6/ZN/ZN. For blockage purpose, please use zero-spacing routing blockage instead. (FRAM-065)
Warning: Regular routing blockage RB_1 on metal layer M1 touches terminal INVD6/ZN/ZN. For blockage purpose, please use zero-spacing routing blockage instead. (FRAM-065)
Warning: Regular routing blockage RB_2 on metal layer M1 touches terminal INVD6/ZN/ZN. For blockage purpose, please use zero-spacing routing blockage instead. (FRAM-065)
Warning: Regular routing blockage RB_3 on metal layer M1 touches terminal INVD6/ZN/ZN. For blockage purpose, please use zero-spacing routing blockage instead. (FRAM-065)
Warning: Regular routing blockage RB_0 on metal layer M1 touches terminal INVD8/ZN/ZN. For blockage purpose, please use zero-spacing routing blockage instead. (FRAM-065)
Warning: Regular routing blockage RB_1 on metal layer M1 touches terminal INVD8/ZN/ZN. For blockage purpose, please use zero-spacing routing blockage instead. (FRAM-065)
Warning: Regular routing blockage RB_3 on metal layer M1 touches terminal INVD8/ZN/ZN. For blockage purpose, please use zero-spacing routing blockage instead. (FRAM-065)
Warning: Regular routing blockage RB_4 on metal layer M1 touches terminal INVD8/ZN/ZN. For blockage purpose, please use zero-spacing routing blockage instead. (FRAM-065)
Warning: Block IOA21D0.frame has a very large regular routing blockage RB_0 on the M1 metal layer; this might prevent the router from connecting to nearby terminals. (FRAM-066)
Warning: Block IOA21D1.frame has a very large regular routing blockage RB_0 on the M1 metal layer; this might prevent the router from connecting to nearby terminals. (FRAM-066)
Warning: Block IOA21D2.frame has a very large regular routing blockage RB_0 on the M1 metal layer; this might prevent the router from connecting to nearby terminals. (FRAM-066)
Warning: Block IOA21D4.frame has a very large regular routing blockage RB_0 on the M1 metal layer; this might prevent the router from connecting to nearby terminals. (FRAM-066)
Warning: Regular routing blockage RB_1 on metal layer M1 touches terminal IOA21D4/ZN/ZN. For blockage purpose, please use zero-spacing routing blockage instead. (FRAM-065)
Warning: Regular routing blockage RB_2 on metal layer M1 touches terminal IOA21D4/ZN/ZN. For blockage purpose, please use zero-spacing routing blockage instead. (FRAM-065)
Warning: Block IOA22D2.frame has a very large regular routing blockage RB_2 on the M1 metal layer; this might prevent the router from connecting to nearby terminals. (FRAM-066)
Warning: Block IOA22D4.frame has a very large regular routing blockage RB_1 on the M1 metal layer; this might prevent the router from connecting to nearby terminals. (FRAM-066)
Warning: Regular routing blockage RB_3 on metal layer M1 touches terminal IOA22D4/ZN/ZN. For blockage purpose, please use zero-spacing routing blockage instead. (FRAM-065)
Warning: Regular routing blockage RB_4 on metal layer M1 touches terminal IOA22D4/ZN/ZN. For blockage purpose, please use zero-spacing routing blockage instead. (FRAM-065)
Warning: Regular routing blockage RB_5 on metal layer M1 touches terminal IOA22D4/ZN/ZN. For blockage purpose, please use zero-spacing routing blockage instead. (FRAM-065)
Warning: Regular routing blockage RB_4 on metal layer M1 touches terminal LHCND4/Q/Q. For blockage purpose, please use zero-spacing routing blockage instead. (FRAM-065)
Warning: Regular routing blockage RB_5 on metal layer M1 touches terminal LHCND4/QN/QN. For blockage purpose, please use zero-spacing routing blockage instead. (FRAM-065)
Warning: Regular routing blockage RB_6 on metal layer M1 touches terminal LHCND4/QN/QN. For blockage purpose, please use zero-spacing routing blockage instead. (FRAM-065)
Warning: Regular routing blockage RB_8 on metal layer M1 touches terminal LHCND4/Q/Q. For blockage purpose, please use zero-spacing routing blockage instead. (FRAM-065)
Warning: Regular routing blockage RB_9 on metal layer M1 touches terminal LHCND4/QN/QN. For blockage purpose, please use zero-spacing routing blockage instead. (FRAM-065)
Warning: Regular routing blockage RB_10 on metal layer M1 touches terminal LHCND4/QN/QN. For blockage purpose, please use zero-spacing routing blockage instead. (FRAM-065)
Warning: Regular routing blockage RB_3 on metal layer M1 touches terminal LHCNDD4/Q/Q. For blockage purpose, please use zero-spacing routing blockage instead. (FRAM-065)
Warning: Regular routing blockage RB_6 on metal layer M1 touches terminal LHCNDD4/QN/QN. For blockage purpose, please use zero-spacing routing blockage instead. (FRAM-065)
Warning: Regular routing blockage RB_7 on metal layer M1 touches terminal LHCNDD4/Q/Q. For blockage purpose, please use zero-spacing routing blockage instead. (FRAM-065)
Warning: Regular routing blockage RB_8 on metal layer M1 touches terminal LHCNDD4/QN/QN. For blockage purpose, please use zero-spacing routing blockage instead. (FRAM-065)
Warning: Regular routing blockage RB_9 on metal layer M1 touches terminal LHCNDD4/QN/QN. For blockage purpose, please use zero-spacing routing blockage instead. (FRAM-065)
Warning: Block LHCNDQD1.frame has a very large regular routing blockage RB_0 on the M1 metal layer; this might prevent the router from connecting to nearby terminals. (FRAM-066)
Warning: Regular routing blockage RB_3 on metal layer M1 touches terminal LHCNDQD4/Q/Q. For blockage purpose, please use zero-spacing routing blockage instead. (FRAM-065)
Warning: Regular routing blockage RB_6 on metal layer M1 touches terminal LHCNDQD4/Q/Q. For blockage purpose, please use zero-spacing routing blockage instead. (FRAM-065)
Warning: Block LHCNQD1.frame has a very large regular routing blockage RB_2 on the M1 metal layer; this might prevent the router from connecting to nearby terminals. (FRAM-066)
Warning: Regular routing blockage RB_2 on metal layer M1 touches terminal LHCNQD4/Q/Q. For blockage purpose, please use zero-spacing routing blockage instead. (FRAM-065)
Warning: Regular routing blockage RB_3 on metal layer M1 touches terminal LHCNQD4/Q/Q. For blockage purpose, please use zero-spacing routing blockage instead. (FRAM-065)
Warning: Regular routing blockage RB_6 on metal layer M1 touches terminal LHCNQD4/Q/Q. For blockage purpose, please use zero-spacing routing blockage instead. (FRAM-065)
Warning: Regular routing blockage RB_7 on metal layer M1 touches terminal LHCNQD4/Q/Q. For blockage purpose, please use zero-spacing routing blockage instead. (FRAM-065)
Warning: Regular routing blockage RB_3 on metal layer M1 touches terminal LHCSND4/Q/Q. For blockage purpose, please use zero-spacing routing blockage instead. (FRAM-065)
Warning: Regular routing blockage RB_4 on metal layer M1 touches terminal LHCSND4/QN/QN. For blockage purpose, please use zero-spacing routing blockage instead. (FRAM-065)
Warning: Regular routing blockage RB_5 on metal layer M1 touches terminal LHCSND4/QN/QN. For blockage purpose, please use zero-spacing routing blockage instead. (FRAM-065)
Warning: Regular routing blockage RB_7 on metal layer M1 touches terminal LHCSND4/QN/QN. For blockage purpose, please use zero-spacing routing blockage instead. (FRAM-065)
Warning: Regular routing blockage RB_8 on metal layer M1 touches terminal LHCSND4/QN/QN. For blockage purpose, please use zero-spacing routing blockage instead. (FRAM-065)
Warning: Regular routing blockage RB_9 on metal layer M1 touches terminal LHCSND4/Q/Q. For blockage purpose, please use zero-spacing routing blockage instead. (FRAM-065)
Warning: Regular routing blockage RB_3 on metal layer M1 touches terminal LHCSNDD4/Q/Q. For blockage purpose, please use zero-spacing routing blockage instead. (FRAM-065)
Warning: Regular routing blockage RB_6 on metal layer M1 touches terminal LHCSNDD4/QN/QN. For blockage purpose, please use zero-spacing routing blockage instead. (FRAM-065)
Warning: Regular routing blockage RB_7 on metal layer M1 touches terminal LHCSNDD4/QN/QN. For blockage purpose, please use zero-spacing routing blockage instead. (FRAM-065)
Warning: Regular routing blockage RB_8 on metal layer M1 touches terminal LHCSNDD4/Q/Q. For blockage purpose, please use zero-spacing routing blockage instead. (FRAM-065)
Warning: Regular routing blockage RB_9 on metal layer M1 touches terminal LHCSNDD4/QN/QN. For blockage purpose, please use zero-spacing routing blockage instead. (FRAM-065)
Warning: Regular routing blockage RB_10 on metal layer M1 touches terminal LHCSNDD4/QN/QN. For blockage purpose, please use zero-spacing routing blockage instead. (FRAM-065)
Warning: Regular routing blockage RB_3 on metal layer M1 touches terminal LHCSNDQD4/Q/Q. For blockage purpose, please use zero-spacing routing blockage instead. (FRAM-065)
Warning: Regular routing blockage RB_6 on metal layer M1 touches terminal LHCSNDQD4/Q/Q. For blockage purpose, please use zero-spacing routing blockage instead. (FRAM-065)
Warning: Regular routing blockage RB_2 on metal layer M1 touches terminal LHCSNQD4/Q/Q. For blockage purpose, please use zero-spacing routing blockage instead. (FRAM-065)
Warning: Regular routing blockage RB_5 on metal layer M1 touches terminal LHCSNQD4/Q/Q. For blockage purpose, please use zero-spacing routing blockage instead. (FRAM-065)
Warning: Regular routing blockage RB_1 on metal layer M1 touches terminal LHD4/QN/QN. For blockage purpose, please use zero-spacing routing blockage instead. (FRAM-065)
Warning: Regular routing blockage RB_5 on metal layer M1 touches terminal LHD4/Q/Q. For blockage purpose, please use zero-spacing routing blockage instead. (FRAM-065)
Warning: Regular routing blockage RB_6 on metal layer M1 touches terminal LHD4/QN/QN. For blockage purpose, please use zero-spacing routing blockage instead. (FRAM-065)
Warning: Regular routing blockage RB_7 on metal layer M1 touches terminal LHD4/Q/Q. For blockage purpose, please use zero-spacing routing blockage instead. (FRAM-065)
Warning: Regular routing blockage RB_1 on metal layer M1 touches terminal LHQD4/Q/Q. For blockage purpose, please use zero-spacing routing blockage instead. (FRAM-065)
Warning: Regular routing blockage RB_5 on metal layer M1 touches terminal LHQD4/Q/Q. For blockage purpose, please use zero-spacing routing blockage instead. (FRAM-065)
Warning: Regular routing blockage RB_3 on metal layer M1 touches terminal LHSND4/Q/Q. For blockage purpose, please use zero-spacing routing blockage instead. (FRAM-065)
Warning: Regular routing blockage RB_5 on metal layer M1 touches terminal LHSND4/QN/QN. For blockage purpose, please use zero-spacing routing blockage instead. (FRAM-065)
Warning: Regular routing blockage RB_6 on metal layer M1 touches terminal LHSND4/QN/QN. For blockage purpose, please use zero-spacing routing blockage instead. (FRAM-065)
Warning: Regular routing blockage RB_7 on metal layer M1 touches terminal LHSND4/QN/QN. For blockage purpose, please use zero-spacing routing blockage instead. (FRAM-065)
Warning: Regular routing blockage RB_8 on metal layer M1 touches terminal LHSND4/QN/QN. For blockage purpose, please use zero-spacing routing blockage instead. (FRAM-065)
Warning: Regular routing blockage RB_9 on metal layer M1 touches terminal LHSND4/Q/Q. For blockage purpose, please use zero-spacing routing blockage instead. (FRAM-065)
Warning: Regular routing blockage RB_3 on metal layer M1 touches terminal LHSNDD4/Q/Q. For blockage purpose, please use zero-spacing routing blockage instead. (FRAM-065)
Warning: Regular routing blockage RB_5 on metal layer M1 touches terminal LHSNDD4/QN/QN. For blockage purpose, please use zero-spacing routing blockage instead. (FRAM-065)
Warning: Regular routing blockage RB_6 on metal layer M1 touches terminal LHSNDD4/QN/QN. For blockage purpose, please use zero-spacing routing blockage instead. (FRAM-065)
Warning: Regular routing blockage RB_8 on metal layer M1 touches terminal LHSNDD4/Q/Q. For blockage purpose, please use zero-spacing routing blockage instead. (FRAM-065)
Warning: Regular routing blockage RB_9 on metal layer M1 touches terminal LHSNDD4/QN/QN. For blockage purpose, please use zero-spacing routing blockage instead. (FRAM-065)
Warning: Regular routing blockage RB_10 on metal layer M1 touches terminal LHSNDD4/QN/QN. For blockage purpose, please use zero-spacing routing blockage instead. (FRAM-065)
Warning: Regular routing blockage RB_3 on metal layer M1 touches terminal LHSNDQD4/Q/Q. For blockage purpose, please use zero-spacing routing blockage instead. (FRAM-065)
Warning: Regular routing blockage RB_6 on metal layer M1 touches terminal LHSNDQD4/Q/Q. For blockage purpose, please use zero-spacing routing blockage instead. (FRAM-065)
Warning: Regular routing blockage RB_2 on metal layer M1 touches terminal LHSNQD4/Q/Q. For blockage purpose, please use zero-spacing routing blockage instead. (FRAM-065)
Warning: Regular routing blockage RB_3 on metal layer M1 touches terminal LHSNQD4/Q/Q. For blockage purpose, please use zero-spacing routing blockage instead. (FRAM-065)
Warning: Regular routing blockage RB_6 on metal layer M1 touches terminal LHSNQD4/Q/Q. For blockage purpose, please use zero-spacing routing blockage instead. (FRAM-065)
Warning: Regular routing blockage RB_7 on metal layer M1 touches terminal LHSNQD4/Q/Q. For blockage purpose, please use zero-spacing routing blockage instead. (FRAM-065)
Warning: Regular routing blockage RB_4 on metal layer M1 touches terminal LNCND4/Q/Q. For blockage purpose, please use zero-spacing routing blockage instead. (FRAM-065)
Warning: Regular routing blockage RB_6 on metal layer M1 touches terminal LNCND4/QN/QN. For blockage purpose, please use zero-spacing routing blockage instead. (FRAM-065)
Warning: Regular routing blockage RB_7 on metal layer M1 touches terminal LNCND4/QN/QN. For blockage purpose, please use zero-spacing routing blockage instead. (FRAM-065)
Warning: Regular routing blockage RB_8 on metal layer M1 touches terminal LNCND4/Q/Q. For blockage purpose, please use zero-spacing routing blockage instead. (FRAM-065)
Warning: Regular routing blockage RB_9 on metal layer M1 touches terminal LNCND4/QN/QN. For blockage purpose, please use zero-spacing routing blockage instead. (FRAM-065)
Warning: Regular routing blockage RB_10 on metal layer M1 touches terminal LNCND4/QN/QN. For blockage purpose, please use zero-spacing routing blockage instead. (FRAM-065)
Warning: Regular routing blockage RB_3 on metal layer M1 touches terminal LNCNDD4/Q/Q. For blockage purpose, please use zero-spacing routing blockage instead. (FRAM-065)
Warning: Regular routing blockage RB_6 on metal layer M1 touches terminal LNCNDD4/QN/QN. For blockage purpose, please use zero-spacing routing blockage instead. (FRAM-065)
Warning: Regular routing blockage RB_7 on metal layer M1 touches terminal LNCNDD4/Q/Q. For blockage purpose, please use zero-spacing routing blockage instead. (FRAM-065)
Warning: Regular routing blockage RB_8 on metal layer M1 touches terminal LNCNDD4/QN/QN. For blockage purpose, please use zero-spacing routing blockage instead. (FRAM-065)
Warning: Regular routing blockage RB_9 on metal layer M1 touches terminal LNCNDD4/QN/QN. For blockage purpose, please use zero-spacing routing blockage instead. (FRAM-065)
Warning: Regular routing blockage RB_3 on metal layer M1 touches terminal LNCNDQD4/Q/Q. For blockage purpose, please use zero-spacing routing blockage instead. (FRAM-065)
Warning: Regular routing blockage RB_6 on metal layer M1 touches terminal LNCNDQD4/Q/Q. For blockage purpose, please use zero-spacing routing blockage instead. (FRAM-065)
Warning: Block LNCNQD1.frame has a very large regular routing blockage RB_0 on the M1 metal layer; this might prevent the router from connecting to nearby terminals. (FRAM-066)
Warning: Regular routing blockage RB_2 on metal layer M1 touches terminal LNCNQD4/Q/Q. For blockage purpose, please use zero-spacing routing blockage instead. (FRAM-065)
Warning: Regular routing blockage RB_3 on metal layer M1 touches terminal LNCNQD4/Q/Q. For blockage purpose, please use zero-spacing routing blockage instead. (FRAM-065)
Warning: Regular routing blockage RB_6 on metal layer M1 touches terminal LNCNQD4/Q/Q. For blockage purpose, please use zero-spacing routing blockage instead. (FRAM-065)
Warning: Regular routing blockage RB_7 on metal layer M1 touches terminal LNCNQD4/Q/Q. For blockage purpose, please use zero-spacing routing blockage instead. (FRAM-065)
Warning: Regular routing blockage RB_3 on metal layer M1 touches terminal LNCSND4/Q/Q. For blockage purpose, please use zero-spacing routing blockage instead. (FRAM-065)
Warning: Regular routing blockage RB_4 on metal layer M1 touches terminal LNCSND4/QN/QN. For blockage purpose, please use zero-spacing routing blockage instead. (FRAM-065)
Warning: Regular routing blockage RB_5 on metal layer M1 touches terminal LNCSND4/QN/QN. For blockage purpose, please use zero-spacing routing blockage instead. (FRAM-065)
Warning: Regular routing blockage RB_7 on metal layer M1 touches terminal LNCSND4/QN/QN. For blockage purpose, please use zero-spacing routing blockage instead. (FRAM-065)
Warning: Regular routing blockage RB_8 on metal layer M1 touches terminal LNCSND4/QN/QN. For blockage purpose, please use zero-spacing routing blockage instead. (FRAM-065)
Warning: Regular routing blockage RB_9 on metal layer M1 touches terminal LNCSND4/Q/Q. For blockage purpose, please use zero-spacing routing blockage instead. (FRAM-065)
Warning: Regular routing blockage RB_3 on metal layer M1 touches terminal LNCSNDD4/Q/Q. For blockage purpose, please use zero-spacing routing blockage instead. (FRAM-065)
Warning: Regular routing blockage RB_6 on metal layer M1 touches terminal LNCSNDD4/QN/QN. For blockage purpose, please use zero-spacing routing blockage instead. (FRAM-065)
Warning: Regular routing blockage RB_7 on metal layer M1 touches terminal LNCSNDD4/QN/QN. For blockage purpose, please use zero-spacing routing blockage instead. (FRAM-065)
Warning: Regular routing blockage RB_8 on metal layer M1 touches terminal LNCSNDD4/Q/Q. For blockage purpose, please use zero-spacing routing blockage instead. (FRAM-065)
Warning: Regular routing blockage RB_9 on metal layer M1 touches terminal LNCSNDD4/QN/QN. For blockage purpose, please use zero-spacing routing blockage instead. (FRAM-065)
Warning: Regular routing blockage RB_10 on metal layer M1 touches terminal LNCSNDD4/QN/QN. For blockage purpose, please use zero-spacing routing blockage instead. (FRAM-065)
Warning: Regular routing blockage RB_3 on metal layer M1 touches terminal LNCSNDQD4/Q/Q. For blockage purpose, please use zero-spacing routing blockage instead. (FRAM-065)
Warning: Regular routing blockage RB_6 on metal layer M1 touches terminal LNCSNDQD4/Q/Q. For blockage purpose, please use zero-spacing routing blockage instead. (FRAM-065)
Warning: Regular routing blockage RB_1 on metal layer M1 touches terminal LNCSNQD4/Q/Q. For blockage purpose, please use zero-spacing routing blockage instead. (FRAM-065)
Warning: Regular routing blockage RB_2 on metal layer M1 touches terminal LNCSNQD4/Q/Q. For blockage purpose, please use zero-spacing routing blockage instead. (FRAM-065)
Warning: Regular routing blockage RB_6 on metal layer M1 touches terminal LNCSNQD4/Q/Q. For blockage purpose, please use zero-spacing routing blockage instead. (FRAM-065)
Warning: Regular routing blockage RB_7 on metal layer M1 touches terminal LNCSNQD4/Q/Q. For blockage purpose, please use zero-spacing routing blockage instead. (FRAM-065)
Warning: Regular routing blockage RB_2 on metal layer M1 touches terminal LND4/QN/QN. For blockage purpose, please use zero-spacing routing blockage instead. (FRAM-065)
Warning: Regular routing blockage RB_5 on metal layer M1 touches terminal LND4/Q/Q. For blockage purpose, please use zero-spacing routing blockage instead. (FRAM-065)
Warning: Regular routing blockage RB_6 on metal layer M1 touches terminal LND4/QN/QN. For blockage purpose, please use zero-spacing routing blockage instead. (FRAM-065)
Warning: Regular routing blockage RB_7 on metal layer M1 touches terminal LND4/Q/Q. For blockage purpose, please use zero-spacing routing blockage instead. (FRAM-065)
Warning: Block LNQD1.frame has a very large regular routing blockage RB_0 on the M1 metal layer; this might prevent the router from connecting to nearby terminals. (FRAM-066)
Warning: Regular routing blockage RB_3 on metal layer M1 touches terminal LNQD4/Q/Q. For blockage purpose, please use zero-spacing routing blockage instead. (FRAM-065)
Warning: Regular routing blockage RB_4 on metal layer M1 touches terminal LNQD4/Q/Q. For blockage purpose, please use zero-spacing routing blockage instead. (FRAM-065)
Warning: Regular routing blockage RB_6 on metal layer M1 touches terminal LNQD4/Q/Q. For blockage purpose, please use zero-spacing routing blockage instead. (FRAM-065)
Warning: Regular routing blockage RB_7 on metal layer M1 touches terminal LNQD4/Q/Q. For blockage purpose, please use zero-spacing routing blockage instead. (FRAM-065)
Warning: Regular routing blockage RB_3 on metal layer M1 touches terminal LNSND4/Q/Q. For blockage purpose, please use zero-spacing routing blockage instead. (FRAM-065)
Warning: Regular routing blockage RB_5 on metal layer M1 touches terminal LNSND4/QN/QN. For blockage purpose, please use zero-spacing routing blockage instead. (FRAM-065)
Warning: Regular routing blockage RB_6 on metal layer M1 touches terminal LNSND4/QN/QN. For blockage purpose, please use zero-spacing routing blockage instead. (FRAM-065)
Warning: Regular routing blockage RB_7 on metal layer M1 touches terminal LNSND4/QN/QN. For blockage purpose, please use zero-spacing routing blockage instead. (FRAM-065)
Warning: Regular routing blockage RB_8 on metal layer M1 touches terminal LNSND4/QN/QN. For blockage purpose, please use zero-spacing routing blockage instead. (FRAM-065)
Warning: Regular routing blockage RB_9 on metal layer M1 touches terminal LNSND4/Q/Q. For blockage purpose, please use zero-spacing routing blockage instead. (FRAM-065)
Warning: Regular routing blockage RB_3 on metal layer M1 touches terminal LNSNDD4/Q/Q. For blockage purpose, please use zero-spacing routing blockage instead. (FRAM-065)
Warning: Regular routing blockage RB_6 on metal layer M1 touches terminal LNSNDD4/QN/QN. For blockage purpose, please use zero-spacing routing blockage instead. (FRAM-065)
Warning: Regular routing blockage RB_7 on metal layer M1 touches terminal LNSNDD4/QN/QN. For blockage purpose, please use zero-spacing routing blockage instead. (FRAM-065)
Warning: Regular routing blockage RB_8 on metal layer M1 touches terminal LNSNDD4/Q/Q. For blockage purpose, please use zero-spacing routing blockage instead. (FRAM-065)
Warning: Regular routing blockage RB_9 on metal layer M1 touches terminal LNSNDD4/QN/QN. For blockage purpose, please use zero-spacing routing blockage instead. (FRAM-065)
Warning: Regular routing blockage RB_10 on metal layer M1 touches terminal LNSNDD4/QN/QN. For blockage purpose, please use zero-spacing routing blockage instead. (FRAM-065)
Warning: Regular routing blockage RB_3 on metal layer M1 touches terminal LNSNDQD4/Q/Q. For blockage purpose, please use zero-spacing routing blockage instead. (FRAM-065)
Warning: Regular routing blockage RB_6 on metal layer M1 touches terminal LNSNDQD4/Q/Q. For blockage purpose, please use zero-spacing routing blockage instead. (FRAM-065)
Warning: Regular routing blockage RB_3 on metal layer M1 touches terminal LNSNQD4/Q/Q. For blockage purpose, please use zero-spacing routing blockage instead. (FRAM-065)
Warning: Regular routing blockage RB_5 on metal layer M1 touches terminal LNSNQD4/Q/Q. For blockage purpose, please use zero-spacing routing blockage instead. (FRAM-065)
Warning: Block MAOI222D2.frame has a very large regular routing blockage RB_1 on the M1 metal layer; this might prevent the router from connecting to nearby terminals. (FRAM-066)
Warning: Block MAOI222D4.frame has a very large regular routing blockage RB_1 on the M1 metal layer; this might prevent the router from connecting to nearby terminals. (FRAM-066)
Warning: Regular routing blockage RB_2 on metal layer M1 touches terminal MAOI222D4/ZN/ZN. For blockage purpose, please use zero-spacing routing blockage instead. (FRAM-065)
Warning: Regular routing blockage RB_3 on metal layer M1 touches terminal MAOI222D4/ZN/ZN. For blockage purpose, please use zero-spacing routing blockage instead. (FRAM-065)
Warning: Regular routing blockage RB_5 on metal layer M1 touches terminal MAOI222D4/ZN/ZN. For blockage purpose, please use zero-spacing routing blockage instead. (FRAM-065)
Warning: Regular routing blockage RB_6 on metal layer M1 touches terminal MAOI222D4/ZN/ZN. For blockage purpose, please use zero-spacing routing blockage instead. (FRAM-065)
Warning: Regular routing blockage RB_0 on metal layer M1 touches terminal MAOI22D4/ZN/ZN. For blockage purpose, please use zero-spacing routing blockage instead. (FRAM-065)
Warning: Regular routing blockage RB_1 on metal layer M1 touches terminal MAOI22D4/ZN/ZN. For blockage purpose, please use zero-spacing routing blockage instead. (FRAM-065)
Warning: Regular routing blockage RB_4 on metal layer M1 touches terminal MAOI22D4/ZN/ZN. For blockage purpose, please use zero-spacing routing blockage instead. (FRAM-065)
Warning: Regular routing blockage RB_5 on metal layer M1 touches terminal MAOI22D4/ZN/ZN. For blockage purpose, please use zero-spacing routing blockage instead. (FRAM-065)
Warning: Regular routing blockage RB_3 on metal layer M1 touches terminal MOAI22D4/ZN/ZN. For blockage purpose, please use zero-spacing routing blockage instead. (FRAM-065)
Warning: Regular routing blockage RB_4 on metal layer M1 touches terminal MOAI22D4/ZN/ZN. For blockage purpose, please use zero-spacing routing blockage instead. (FRAM-065)
Warning: Block MUX2D0.frame has a very large regular routing blockage RB_1 on the M1 metal layer; this might prevent the router from connecting to nearby terminals. (FRAM-066)
Warning: Block MUX2D1.frame has a very large regular routing blockage RB_0 on the M1 metal layer; this might prevent the router from connecting to nearby terminals. (FRAM-066)
Warning: Block MUX2D2.frame has a very large regular routing blockage RB_0 on the M1 metal layer; this might prevent the router from connecting to nearby terminals. (FRAM-066)
Warning: Regular routing blockage RB_1 on metal layer M1 touches terminal MUX2D4/Z/Z. For blockage purpose, please use zero-spacing routing blockage instead. (FRAM-065)
Warning: Regular routing blockage RB_5 on metal layer M1 touches terminal MUX2D4/Z/Z. For blockage purpose, please use zero-spacing routing blockage instead. (FRAM-065)
Warning: Block MUX2ND0.frame has a very large regular routing blockage RB_0 on the M1 metal layer; this might prevent the router from connecting to nearby terminals. (FRAM-066)
Warning: Regular routing blockage RB_2 on metal layer M1 touches terminal MUX2ND4/ZN/ZN. For blockage purpose, please use zero-spacing routing blockage instead. (FRAM-065)
Warning: Regular routing blockage RB_6 on metal layer M1 touches terminal MUX2ND4/ZN/ZN. For blockage purpose, please use zero-spacing routing blockage instead. (FRAM-065)
Warning: Regular routing blockage RB_2 on metal layer M1 touches terminal MUX3D4/Z/Z. For blockage purpose, please use zero-spacing routing blockage instead. (FRAM-065)
Warning: Regular routing blockage RB_8 on metal layer M1 touches terminal MUX3D4/Z/Z. For blockage purpose, please use zero-spacing routing blockage instead. (FRAM-065)
Warning: Regular routing blockage RB_2 on metal layer M1 touches terminal MUX3ND4/ZN/ZN. For blockage purpose, please use zero-spacing routing blockage instead. (FRAM-065)
Warning: Regular routing blockage RB_9 on metal layer M1 touches terminal MUX3ND4/ZN/ZN. For blockage purpose, please use zero-spacing routing blockage instead. (FRAM-065)
Warning: Block MUX4D0.frame has a very large regular routing blockage RB_1 on the M1 metal layer; this might prevent the router from connecting to nearby terminals. (FRAM-066)
Warning: Block MUX4D1.frame has a very large regular routing blockage RB_1 on the M1 metal layer; this might prevent the router from connecting to nearby terminals. (FRAM-066)
Warning: Block MUX4D2.frame has a very large regular routing blockage RB_0 on the M1 metal layer; this might prevent the router from connecting to nearby terminals. (FRAM-066)
Warning: Block MUX4D2.frame has a very large regular routing blockage RB_1 on the M1 metal layer; this might prevent the router from connecting to nearby terminals. (FRAM-066)
Warning: Block MUX4D4.frame has a very large regular routing blockage RB_0 on the M1 metal layer; this might prevent the router from connecting to nearby terminals. (FRAM-066)
Warning: Regular routing blockage RB_2 on metal layer M1 touches terminal MUX4D4/Z/Z. For blockage purpose, please use zero-spacing routing blockage instead. (FRAM-065)
Warning: Regular routing blockage RB_3 on metal layer M1 touches terminal MUX4D4/Z/Z. For blockage purpose, please use zero-spacing routing blockage instead. (FRAM-065)
Warning: Regular routing blockage RB_11 on metal layer M1 touches terminal MUX4D4/Z/Z. For blockage purpose, please use zero-spacing routing blockage instead. (FRAM-065)
Warning: Regular routing blockage RB_12 on metal layer M1 touches terminal MUX4D4/Z/Z. For blockage purpose, please use zero-spacing routing blockage instead. (FRAM-065)
Warning: Block MUX4ND0.frame has a very large regular routing blockage RB_0 on the M1 metal layer; this might prevent the router from connecting to nearby terminals. (FRAM-066)
Warning: Block MUX4ND1.frame has a very large regular routing blockage RB_0 on the M1 metal layer; this might prevent the router from connecting to nearby terminals. (FRAM-066)
Warning: Block MUX4ND2.frame has a very large regular routing blockage RB_0 on the M1 metal layer; this might prevent the router from connecting to nearby terminals. (FRAM-066)
Warning: Block MUX4ND4.frame has a very large regular routing blockage RB_0 on the M1 metal layer; this might prevent the router from connecting to nearby terminals. (FRAM-066)
Warning: Regular routing blockage RB_2 on metal layer M1 touches terminal MUX4ND4/ZN/ZN. For blockage purpose, please use zero-spacing routing blockage instead. (FRAM-065)
Warning: Regular routing blockage RB_12 on metal layer M1 touches terminal MUX4ND4/ZN/ZN. For blockage purpose, please use zero-spacing routing blockage instead. (FRAM-065)
Warning: Regular routing blockage RB_0 on metal layer M1 touches terminal ND2D3/ZN/ZN. For blockage purpose, please use zero-spacing routing blockage instead. (FRAM-065)
Warning: Regular routing blockage RB_1 on metal layer M1 touches terminal ND2D3/ZN/ZN. For blockage purpose, please use zero-spacing routing blockage instead. (FRAM-065)
Warning: Regular routing blockage RB_0 on metal layer M1 touches terminal ND2D8/ZN/ZN. For blockage purpose, please use zero-spacing routing blockage instead. (FRAM-065)
Warning: Regular routing blockage RB_1 on metal layer M1 touches terminal ND2D8/ZN/ZN. For blockage purpose, please use zero-spacing routing blockage instead. (FRAM-065)
Warning: Regular routing blockage RB_0 on metal layer M1 touches terminal ND3D3/ZN/ZN. For blockage purpose, please use zero-spacing routing blockage instead. (FRAM-065)
Warning: Regular routing blockage RB_1 on metal layer M1 touches terminal ND3D3/ZN/ZN. For blockage purpose, please use zero-spacing routing blockage instead. (FRAM-065)
Warning: Regular routing blockage RB_0 on metal layer M1 touches terminal ND3D8/ZN/ZN. For blockage purpose, please use zero-spacing routing blockage instead. (FRAM-065)
Warning: Regular routing blockage RB_1 on metal layer M1 touches terminal ND3D8/ZN/ZN. For blockage purpose, please use zero-spacing routing blockage instead. (FRAM-065)
Warning: Regular routing blockage RB_2 on metal layer M1 touches terminal ND3D8/ZN/ZN. For blockage purpose, please use zero-spacing routing blockage instead. (FRAM-065)
Warning: Regular routing blockage RB_4 on metal layer M1 touches terminal ND3D8/ZN/ZN. For blockage purpose, please use zero-spacing routing blockage instead. (FRAM-065)
Warning: Regular routing blockage RB_0 on metal layer M1 touches terminal ND4D3/ZN/ZN. For blockage purpose, please use zero-spacing routing blockage instead. (FRAM-065)
Warning: Regular routing blockage RB_1 on metal layer M1 touches terminal ND4D3/ZN/ZN. For blockage purpose, please use zero-spacing routing blockage instead. (FRAM-065)
Warning: Regular routing blockage RB_4 on metal layer M1 touches terminal ND4D3/ZN/ZN. For blockage purpose, please use zero-spacing routing blockage instead. (FRAM-065)
Warning: Regular routing blockage RB_0 on metal layer M1 touches terminal ND4D4/ZN/ZN. For blockage purpose, please use zero-spacing routing blockage instead. (FRAM-065)
Warning: Regular routing blockage RB_1 on metal layer M1 touches terminal ND4D4/ZN/ZN. For blockage purpose, please use zero-spacing routing blockage instead. (FRAM-065)
Warning: Regular routing blockage RB_4 on metal layer M1 touches terminal ND4D4/ZN/ZN. For blockage purpose, please use zero-spacing routing blockage instead. (FRAM-065)
Warning: Regular routing blockage RB_2 on metal layer M1 touches terminal ND4D8/ZN/ZN. For blockage purpose, please use zero-spacing routing blockage instead. (FRAM-065)
Warning: Regular routing blockage RB_3 on metal layer M1 touches terminal ND4D8/ZN/ZN. For blockage purpose, please use zero-spacing routing blockage instead. (FRAM-065)
Warning: Regular routing blockage RB_4 on metal layer M1 touches terminal ND4D8/ZN/ZN. For blockage purpose, please use zero-spacing routing blockage instead. (FRAM-065)
Warning: Regular routing blockage RB_5 on metal layer M1 touches terminal ND4D8/ZN/ZN. For blockage purpose, please use zero-spacing routing blockage instead. (FRAM-065)
Warning: Regular routing blockage RB_0 on metal layer M1 touches terminal NR2D3/ZN/ZN. For blockage purpose, please use zero-spacing routing blockage instead. (FRAM-065)
Warning: Regular routing blockage RB_1 on metal layer M1 touches terminal NR2D3/ZN/ZN. For blockage purpose, please use zero-spacing routing blockage instead. (FRAM-065)
Warning: Regular routing blockage RB_0 on metal layer M1 touches terminal NR2D4/ZN/ZN. For blockage purpose, please use zero-spacing routing blockage instead. (FRAM-065)
Warning: Regular routing blockage RB_1 on metal layer M1 touches terminal NR2D4/ZN/ZN. For blockage purpose, please use zero-spacing routing blockage instead. (FRAM-065)
Warning: Regular routing blockage RB_2 on metal layer M1 touches terminal NR2D4/ZN/ZN. For blockage purpose, please use zero-spacing routing blockage instead. (FRAM-065)
Warning: Regular routing blockage RB_1 on metal layer M1 touches terminal NR2D8/ZN/ZN. For blockage purpose, please use zero-spacing routing blockage instead. (FRAM-065)
Warning: Regular routing blockage RB_2 on metal layer M1 touches terminal NR2D8/ZN/ZN. For blockage purpose, please use zero-spacing routing blockage instead. (FRAM-065)
Warning: Regular routing blockage RB_3 on metal layer M1 touches terminal NR2D8/ZN/ZN. For blockage purpose, please use zero-spacing routing blockage instead. (FRAM-065)
Warning: Regular routing blockage RB_4 on metal layer M1 touches terminal NR2D8/ZN/ZN. For blockage purpose, please use zero-spacing routing blockage instead. (FRAM-065)
Warning: Regular routing blockage RB_1 on metal layer M1 touches terminal NR2XD3/ZN/ZN. For blockage purpose, please use zero-spacing routing blockage instead. (FRAM-065)
Warning: Regular routing blockage RB_2 on metal layer M1 touches terminal NR2XD3/ZN/ZN. For blockage purpose, please use zero-spacing routing blockage instead. (FRAM-065)
Warning: Regular routing blockage RB_3 on metal layer M1 touches terminal NR2XD3/ZN/ZN. For blockage purpose, please use zero-spacing routing blockage instead. (FRAM-065)
Warning: Regular routing blockage RB_1 on metal layer M1 touches terminal NR2XD4/ZN/ZN. For blockage purpose, please use zero-spacing routing blockage instead. (FRAM-065)
Warning: Regular routing blockage RB_2 on metal layer M1 touches terminal NR2XD4/ZN/ZN. For blockage purpose, please use zero-spacing routing blockage instead. (FRAM-065)
Warning: Regular routing blockage RB_3 on metal layer M1 touches terminal NR2XD4/ZN/ZN. For blockage purpose, please use zero-spacing routing blockage instead. (FRAM-065)
Warning: Regular routing blockage RB_1 on metal layer M1 touches terminal NR2XD8/ZN/ZN. For blockage purpose, please use zero-spacing routing blockage instead. (FRAM-065)
Warning: Regular routing blockage RB_2 on metal layer M1 touches terminal NR2XD8/ZN/ZN. For blockage purpose, please use zero-spacing routing blockage instead. (FRAM-065)
Warning: Regular routing blockage RB_3 on metal layer M1 touches terminal NR2XD8/ZN/ZN. For blockage purpose, please use zero-spacing routing blockage instead. (FRAM-065)
Warning: Regular routing blockage RB_2 on metal layer M1 touches terminal NR3D3/ZN/ZN. For blockage purpose, please use zero-spacing routing blockage instead. (FRAM-065)
Warning: Regular routing blockage RB_3 on metal layer M1 touches terminal NR3D3/ZN/ZN. For blockage purpose, please use zero-spacing routing blockage instead. (FRAM-065)
Warning: Regular routing blockage RB_4 on metal layer M1 touches terminal NR3D3/ZN/ZN. For blockage purpose, please use zero-spacing routing blockage instead. (FRAM-065)
Warning: Regular routing blockage RB_0 on metal layer M1 touches terminal NR3D4/ZN/ZN. For blockage purpose, please use zero-spacing routing blockage instead. (FRAM-065)
Warning: Regular routing blockage RB_3 on metal layer M1 touches terminal NR3D4/ZN/ZN. For blockage purpose, please use zero-spacing routing blockage instead. (FRAM-065)
Warning: Regular routing blockage RB_4 on metal layer M1 touches terminal NR3D4/ZN/ZN. For blockage purpose, please use zero-spacing routing blockage instead. (FRAM-065)
Warning: Regular routing blockage RB_5 on metal layer M1 touches terminal NR3D4/ZN/ZN. For blockage purpose, please use zero-spacing routing blockage instead. (FRAM-065)
Warning: Regular routing blockage RB_0 on metal layer M1 touches terminal NR3D8/ZN/ZN. For blockage purpose, please use zero-spacing routing blockage instead. (FRAM-065)
Warning: Regular routing blockage RB_3 on metal layer M1 touches terminal NR3D8/ZN/ZN. For blockage purpose, please use zero-spacing routing blockage instead. (FRAM-065)
Warning: Regular routing blockage RB_4 on metal layer M1 touches terminal NR3D8/ZN/ZN. For blockage purpose, please use zero-spacing routing blockage instead. (FRAM-065)
Warning: Regular routing blockage RB_5 on metal layer M1 touches terminal NR3D8/ZN/ZN. For blockage purpose, please use zero-spacing routing blockage instead. (FRAM-065)
Warning: Regular routing blockage RB_3 on metal layer M1 touches terminal NR4D3/ZN/ZN. For blockage purpose, please use zero-spacing routing blockage instead. (FRAM-065)
Warning: Regular routing blockage RB_4 on metal layer M1 touches terminal NR4D3/ZN/ZN. For blockage purpose, please use zero-spacing routing blockage instead. (FRAM-065)
Warning: Regular routing blockage RB_5 on metal layer M1 touches terminal NR4D3/ZN/ZN. For blockage purpose, please use zero-spacing routing blockage instead. (FRAM-065)
Warning: Regular routing blockage RB_0 on metal layer M1 touches terminal NR4D4/ZN/ZN. For blockage purpose, please use zero-spacing routing blockage instead. (FRAM-065)
Warning: Regular routing blockage RB_3 on metal layer M1 touches terminal NR4D4/ZN/ZN. For blockage purpose, please use zero-spacing routing blockage instead. (FRAM-065)
Warning: Regular routing blockage RB_5 on metal layer M1 touches terminal NR4D4/ZN/ZN. For blockage purpose, please use zero-spacing routing blockage instead. (FRAM-065)
Warning: Regular routing blockage RB_6 on metal layer M1 touches terminal NR4D4/ZN/ZN. For blockage purpose, please use zero-spacing routing blockage instead. (FRAM-065)
Warning: Block NR4D8.frame has a very large regular routing blockage RB_1 on the M1 metal layer; this might prevent the router from connecting to nearby terminals. (FRAM-066)
Warning: Regular routing blockage RB_2 on metal layer M1 touches terminal NR4D8/ZN/ZN. For blockage purpose, please use zero-spacing routing blockage instead. (FRAM-065)
Warning: Regular routing blockage RB_3 on metal layer M1 touches terminal NR4D8/ZN/ZN. For blockage purpose, please use zero-spacing routing blockage instead. (FRAM-065)
Warning: Regular routing blockage RB_4 on metal layer M1 touches terminal NR4D8/ZN/ZN. For blockage purpose, please use zero-spacing routing blockage instead. (FRAM-065)
Warning: Regular routing blockage RB_5 on metal layer M1 touches terminal NR4D8/ZN/ZN. For blockage purpose, please use zero-spacing routing blockage instead. (FRAM-065)
Warning: Block OA211D0.frame has a very large regular routing blockage RB_0 on the M1 metal layer; this might prevent the router from connecting to nearby terminals. (FRAM-066)
Warning: Block OA211D1.frame has a very large regular routing blockage RB_0 on the M1 metal layer; this might prevent the router from connecting to nearby terminals. (FRAM-066)
Warning: Regular routing blockage RB_0 on metal layer M1 touches terminal OA211D4/Z/Z. For blockage purpose, please use zero-spacing routing blockage instead. (FRAM-065)
Warning: Regular routing blockage RB_1 on metal layer M1 touches terminal OA211D4/Z/Z. For blockage purpose, please use zero-spacing routing blockage instead. (FRAM-065)
Warning: Regular routing blockage RB_3 on metal layer M1 touches terminal OA211D4/Z/Z. For blockage purpose, please use zero-spacing routing blockage instead. (FRAM-065)
Warning: Regular routing blockage RB_4 on metal layer M1 touches terminal OA211D4/Z/Z. For blockage purpose, please use zero-spacing routing blockage instead. (FRAM-065)
Warning: Block OA21D0.frame has a very large regular routing blockage RB_0 on the M1 metal layer; this might prevent the router from connecting to nearby terminals. (FRAM-066)
Warning: Block OA21D4.frame has a very large regular routing blockage RB_0 on the M1 metal layer; this might prevent the router from connecting to nearby terminals. (FRAM-066)
Warning: Regular routing blockage RB_1 on metal layer M1 touches terminal OA21D4/Z/Z. For blockage purpose, please use zero-spacing routing blockage instead. (FRAM-065)
Warning: Regular routing blockage RB_2 on metal layer M1 touches terminal OA21D4/Z/Z. For blockage purpose, please use zero-spacing routing blockage instead. (FRAM-065)
Warning: Regular routing blockage RB_3 on metal layer M1 touches terminal OA21D4/Z/Z. For blockage purpose, please use zero-spacing routing blockage instead. (FRAM-065)
Warning: Regular routing blockage RB_4 on metal layer M1 touches terminal OA21D4/Z/Z. For blockage purpose, please use zero-spacing routing blockage instead. (FRAM-065)
Warning: Block OA221D0.frame has a very large regular routing blockage RB_0 on the M1 metal layer; this might prevent the router from connecting to nearby terminals. (FRAM-066)
Warning: Block OA221D4.frame has a very large regular routing blockage RB_0 on the M1 metal layer; this might prevent the router from connecting to nearby terminals. (FRAM-066)
Warning: Regular routing blockage RB_1 on metal layer M1 touches terminal OA221D4/Z/Z. For blockage purpose, please use zero-spacing routing blockage instead. (FRAM-065)
Warning: Regular routing blockage RB_2 on metal layer M1 touches terminal OA221D4/Z/Z. For blockage purpose, please use zero-spacing routing blockage instead. (FRAM-065)
Warning: Block OA222D0.frame has a very large regular routing blockage RB_0 on the M1 metal layer; this might prevent the router from connecting to nearby terminals. (FRAM-066)
Warning: Regular routing blockage RB_0 on metal layer M1 touches terminal OA222D4/Z/Z. For blockage purpose, please use zero-spacing routing blockage instead. (FRAM-065)
Warning: Regular routing blockage RB_1 on metal layer M1 touches terminal OA222D4/Z/Z. For blockage purpose, please use zero-spacing routing blockage instead. (FRAM-065)
Warning: Regular routing blockage RB_3 on metal layer M1 touches terminal OA222D4/Z/Z. For blockage purpose, please use zero-spacing routing blockage instead. (FRAM-065)
Warning: Regular routing blockage RB_4 on metal layer M1 touches terminal OA222D4/Z/Z. For blockage purpose, please use zero-spacing routing blockage instead. (FRAM-065)
Warning: Block OA22D0.frame has a very large regular routing blockage RB_0 on the M1 metal layer; this might prevent the router from connecting to nearby terminals. (FRAM-066)
Warning: Block OA22D1.frame has a very large regular routing blockage RB_0 on the M1 metal layer; this might prevent the router from connecting to nearby terminals. (FRAM-066)
Warning: Regular routing blockage RB_0 on metal layer M1 touches terminal OA22D4/Z/Z. For blockage purpose, please use zero-spacing routing blockage instead. (FRAM-065)
Warning: Regular routing blockage RB_1 on metal layer M1 touches terminal OA22D4/Z/Z. For blockage purpose, please use zero-spacing routing blockage instead. (FRAM-065)
Warning: Regular routing blockage RB_3 on metal layer M1 touches terminal OA22D4/Z/Z. For blockage purpose, please use zero-spacing routing blockage instead. (FRAM-065)
Warning: Regular routing blockage RB_4 on metal layer M1 touches terminal OA22D4/Z/Z. For blockage purpose, please use zero-spacing routing blockage instead. (FRAM-065)
Warning: Block OA31D0.frame has a very large regular routing blockage RB_0 on the M1 metal layer; this might prevent the router from connecting to nearby terminals. (FRAM-066)
Warning: Block OA31D1.frame has a very large regular routing blockage RB_0 on the M1 metal layer; this might prevent the router from connecting to nearby terminals. (FRAM-066)
Warning: Block OA31D4.frame has a very large regular routing blockage RB_0 on the M1 metal layer; this might prevent the router from connecting to nearby terminals. (FRAM-066)
Warning: Regular routing blockage RB_1 on metal layer M1 touches terminal OA31D4/Z/Z. For blockage purpose, please use zero-spacing routing blockage instead. (FRAM-065)
Warning: Regular routing blockage RB_2 on metal layer M1 touches terminal OA31D4/Z/Z. For blockage purpose, please use zero-spacing routing blockage instead. (FRAM-065)
Warning: Regular routing blockage RB_3 on metal layer M1 touches terminal OA31D4/Z/Z. For blockage purpose, please use zero-spacing routing blockage instead. (FRAM-065)
Warning: Regular routing blockage RB_4 on metal layer M1 touches terminal OA31D4/Z/Z. For blockage purpose, please use zero-spacing routing blockage instead. (FRAM-065)
Warning: Block OA32D1.frame has a very large regular routing blockage RB_0 on the M1 metal layer; this might prevent the router from connecting to nearby terminals. (FRAM-066)
Warning: Block OA32D2.frame has a very large regular routing blockage RB_0 on the M1 metal layer; this might prevent the router from connecting to nearby terminals. (FRAM-066)
Warning: Block OA32D4.frame has a very large regular routing blockage RB_0 on the M1 metal layer; this might prevent the router from connecting to nearby terminals. (FRAM-066)
Warning: Regular routing blockage RB_1 on metal layer M1 touches terminal OA32D4/Z/Z. For blockage purpose, please use zero-spacing routing blockage instead. (FRAM-065)
Warning: Regular routing blockage RB_2 on metal layer M1 touches terminal OA32D4/Z/Z. For blockage purpose, please use zero-spacing routing blockage instead. (FRAM-065)
Warning: Regular routing blockage RB_3 on metal layer M1 touches terminal OA32D4/Z/Z. For blockage purpose, please use zero-spacing routing blockage instead. (FRAM-065)
Warning: Regular routing blockage RB_4 on metal layer M1 touches terminal OA32D4/Z/Z. For blockage purpose, please use zero-spacing routing blockage instead. (FRAM-065)
Warning: Block OA33D0.frame has a very large regular routing blockage RB_0 on the M1 metal layer; this might prevent the router from connecting to nearby terminals. (FRAM-066)
Warning: Block OA33D1.frame has a very large regular routing blockage RB_0 on the M1 metal layer; this might prevent the router from connecting to nearby terminals. (FRAM-066)
Warning: Block OA33D2.frame has a very large regular routing blockage RB_0 on the M1 metal layer; this might prevent the router from connecting to nearby terminals. (FRAM-066)
Warning: Block OA33D4.frame has a very large regular routing blockage RB_0 on the M1 metal layer; this might prevent the router from connecting to nearby terminals. (FRAM-066)
Warning: Regular routing blockage RB_1 on metal layer M1 touches terminal OA33D4/Z/Z. For blockage purpose, please use zero-spacing routing blockage instead. (FRAM-065)
Warning: Regular routing blockage RB_2 on metal layer M1 touches terminal OA33D4/Z/Z. For blockage purpose, please use zero-spacing routing blockage instead. (FRAM-065)
Warning: Regular routing blockage RB_3 on metal layer M1 touches terminal OA33D4/Z/Z. For blockage purpose, please use zero-spacing routing blockage instead. (FRAM-065)
Warning: Regular routing blockage RB_4 on metal layer M1 touches terminal OA33D4/Z/Z. For blockage purpose, please use zero-spacing routing blockage instead. (FRAM-065)
Warning: Regular routing blockage RB_1 on metal layer M1 touches terminal OAI211D4/ZN/ZN. For blockage purpose, please use zero-spacing routing blockage instead. (FRAM-065)
Warning: Regular routing blockage RB_2 on metal layer M1 touches terminal OAI211D4/ZN/ZN. For blockage purpose, please use zero-spacing routing blockage instead. (FRAM-065)
Warning: Regular routing blockage RB_4 on metal layer M1 touches terminal OAI211D4/ZN/ZN. For blockage purpose, please use zero-spacing routing blockage instead. (FRAM-065)
Warning: Regular routing blockage RB_1 on metal layer M1 touches terminal OAI21D4/ZN/ZN. For blockage purpose, please use zero-spacing routing blockage instead. (FRAM-065)
Warning: Regular routing blockage RB_2 on metal layer M1 touches terminal OAI21D4/ZN/ZN. For blockage purpose, please use zero-spacing routing blockage instead. (FRAM-065)
Warning: Regular routing blockage RB_3 on metal layer M1 touches terminal OAI21D4/ZN/ZN. For blockage purpose, please use zero-spacing routing blockage instead. (FRAM-065)
Warning: Regular routing blockage RB_1 on metal layer M1 touches terminal OAI221D4/ZN/ZN. For blockage purpose, please use zero-spacing routing blockage instead. (FRAM-065)
Warning: Regular routing blockage RB_2 on metal layer M1 touches terminal OAI221D4/ZN/ZN. For blockage purpose, please use zero-spacing routing blockage instead. (FRAM-065)
Warning: Regular routing blockage RB_4 on metal layer M1 touches terminal OAI221D4/ZN/ZN. For blockage purpose, please use zero-spacing routing blockage instead. (FRAM-065)
Warning: Regular routing blockage RB_5 on metal layer M1 touches terminal OAI221D4/ZN/ZN. For blockage purpose, please use zero-spacing routing blockage instead. (FRAM-065)
Warning: Regular routing blockage RB_1 on metal layer M1 touches terminal OAI221XD4/ZN/ZN. For blockage purpose, please use zero-spacing routing blockage instead. (FRAM-065)
Warning: Regular routing blockage RB_3 on metal layer M1 touches terminal OAI221XD4/ZN/ZN. For blockage purpose, please use zero-spacing routing blockage instead. (FRAM-065)
Warning: Regular routing blockage RB_6 on metal layer M1 touches terminal OAI221XD4/ZN/ZN. For blockage purpose, please use zero-spacing routing blockage instead. (FRAM-065)
Warning: Regular routing blockage RB_1 on metal layer M1 touches terminal OAI222D4/ZN/ZN. For blockage purpose, please use zero-spacing routing blockage instead. (FRAM-065)
Warning: Block OAI222D4.frame has a very large regular routing blockage RB_2 on the M1 metal layer; this might prevent the router from connecting to nearby terminals. (FRAM-066)
Warning: Regular routing blockage RB_3 on metal layer M1 touches terminal OAI222D4/ZN/ZN. For blockage purpose, please use zero-spacing routing blockage instead. (FRAM-065)
Warning: Regular routing blockage RB_3 on metal layer M1 touches terminal OAI222XD4/ZN/ZN. For blockage purpose, please use zero-spacing routing blockage instead. (FRAM-065)
Warning: Regular routing blockage RB_4 on metal layer M1 touches terminal OAI222XD4/ZN/ZN. For blockage purpose, please use zero-spacing routing blockage instead. (FRAM-065)
Warning: Regular routing blockage RB_7 on metal layer M1 touches terminal OAI222XD4/ZN/ZN. For blockage purpose, please use zero-spacing routing blockage instead. (FRAM-065)
Warning: Regular routing blockage RB_2 on metal layer M1 touches terminal OAI22D4/ZN/ZN. For blockage purpose, please use zero-spacing routing blockage instead. (FRAM-065)
Warning: Regular routing blockage RB_3 on metal layer M1 touches terminal OAI22D4/ZN/ZN. For blockage purpose, please use zero-spacing routing blockage instead. (FRAM-065)
Warning: Regular routing blockage RB_4 on metal layer M1 touches terminal OAI22D4/ZN/ZN. For blockage purpose, please use zero-spacing routing blockage instead. (FRAM-065)
Warning: Regular routing blockage RB_6 on metal layer M1 touches terminal OAI22D4/ZN/ZN. For blockage purpose, please use zero-spacing routing blockage instead. (FRAM-065)
Warning: Regular routing blockage RB_1 on metal layer M1 touches terminal OAI31D4/ZN/ZN. For blockage purpose, please use zero-spacing routing blockage instead. (FRAM-065)
Warning: Regular routing blockage RB_3 on metal layer M1 touches terminal OAI31D4/ZN/ZN. For blockage purpose, please use zero-spacing routing blockage instead. (FRAM-065)
Warning: Regular routing blockage RB_5 on metal layer M1 touches terminal OAI31D4/ZN/ZN. For blockage purpose, please use zero-spacing routing blockage instead. (FRAM-065)
Warning: Regular routing blockage RB_2 on metal layer M1 touches terminal OAI32D4/ZN/ZN. For blockage purpose, please use zero-spacing routing blockage instead. (FRAM-065)
Warning: Regular routing blockage RB_3 on metal layer M1 touches terminal OAI32D4/ZN/ZN. For blockage purpose, please use zero-spacing routing blockage instead. (FRAM-065)
Warning: Regular routing blockage RB_2 on metal layer M1 touches terminal OAI32XD4/ZN/ZN. For blockage purpose, please use zero-spacing routing blockage instead. (FRAM-065)
Warning: Regular routing blockage RB_3 on metal layer M1 touches terminal OAI32XD4/ZN/ZN. For blockage purpose, please use zero-spacing routing blockage instead. (FRAM-065)
Warning: Regular routing blockage RB_4 on metal layer M1 touches terminal OAI32XD4/ZN/ZN. For blockage purpose, please use zero-spacing routing blockage instead. (FRAM-065)
Warning: Regular routing blockage RB_5 on metal layer M1 touches terminal OAI32XD4/ZN/ZN. For blockage purpose, please use zero-spacing routing blockage instead. (FRAM-065)
Warning: Block OAI33D4.frame has a very large regular routing blockage RB_1 on the M1 metal layer; this might prevent the router from connecting to nearby terminals. (FRAM-066)
Warning: Regular routing blockage RB_2 on metal layer M1 touches terminal OAI33D4/ZN/ZN. For blockage purpose, please use zero-spacing routing blockage instead. (FRAM-065)
Warning: Regular routing blockage RB_3 on metal layer M1 touches terminal OAI33D4/ZN/ZN. For blockage purpose, please use zero-spacing routing blockage instead. (FRAM-065)
Warning: Regular routing blockage RB_4 on metal layer M1 touches terminal OAI33D4/ZN/ZN. For blockage purpose, please use zero-spacing routing blockage instead. (FRAM-065)
Warning: Regular routing blockage RB_5 on metal layer M1 touches terminal OAI33D4/ZN/ZN. For blockage purpose, please use zero-spacing routing blockage instead. (FRAM-065)
Warning: Regular routing blockage RB_4 on metal layer M1 touches terminal OAI33XD4/ZN/ZN. For blockage purpose, please use zero-spacing routing blockage instead. (FRAM-065)
Warning: Regular routing blockage RB_5 on metal layer M1 touches terminal OAI33XD4/ZN/ZN. For blockage purpose, please use zero-spacing routing blockage instead. (FRAM-065)
Warning: Regular routing blockage RB_7 on metal layer M1 touches terminal OAI33XD4/ZN/ZN. For blockage purpose, please use zero-spacing routing blockage instead. (FRAM-065)
Warning: Regular routing blockage RB_8 on metal layer M1 touches terminal OAI33XD4/ZN/ZN. For blockage purpose, please use zero-spacing routing blockage instead. (FRAM-065)
Warning: Block OR2D0.frame has a very large regular routing blockage RB_0 on the M1 metal layer; this might prevent the router from connecting to nearby terminals. (FRAM-066)
Warning: Block OR2D1.frame has a very large regular routing blockage RB_0 on the M1 metal layer; this might prevent the router from connecting to nearby terminals. (FRAM-066)
Warning: Block OR2D2.frame has a very large regular routing blockage RB_0 on the M1 metal layer; this might prevent the router from connecting to nearby terminals. (FRAM-066)
Warning: Regular routing blockage RB_0 on metal layer M1 touches terminal OR2D4/Z/Z. For blockage purpose, please use zero-spacing routing blockage instead. (FRAM-065)
Warning: Regular routing blockage RB_2 on metal layer M1 touches terminal OR2D4/Z/Z. For blockage purpose, please use zero-spacing routing blockage instead. (FRAM-065)
Warning: Regular routing blockage RB_0 on metal layer M1 touches terminal OR2D8/Z/Z. For blockage purpose, please use zero-spacing routing blockage instead. (FRAM-065)
Warning: Block OR2D8.frame has a very large regular routing blockage RB_1 on the M1 metal layer; this might prevent the router from connecting to nearby terminals. (FRAM-066)
Warning: Regular routing blockage RB_2 on metal layer M1 touches terminal OR2D8/Z/Z. For blockage purpose, please use zero-spacing routing blockage instead. (FRAM-065)
Warning: Regular routing blockage RB_4 on metal layer M1 touches terminal OR2D8/Z/Z. For blockage purpose, please use zero-spacing routing blockage instead. (FRAM-065)
Warning: Regular routing blockage RB_5 on metal layer M1 touches terminal OR2D8/Z/Z. For blockage purpose, please use zero-spacing routing blockage instead. (FRAM-065)
Warning: Block OR2XD1.frame has a very large regular routing blockage RB_0 on the M1 metal layer; this might prevent the router from connecting to nearby terminals. (FRAM-066)
Warning: Block OR3D0.frame has a very large regular routing blockage RB_0 on the M1 metal layer; this might prevent the router from connecting to nearby terminals. (FRAM-066)
Warning: Block OR3D1.frame has a very large regular routing blockage RB_0 on the M1 metal layer; this might prevent the router from connecting to nearby terminals. (FRAM-066)
Warning: Block OR3D2.frame has a very large regular routing blockage RB_0 on the M1 metal layer; this might prevent the router from connecting to nearby terminals. (FRAM-066)
Warning: Block OR3D4.frame has a very large regular routing blockage RB_0 on the M1 metal layer; this might prevent the router from connecting to nearby terminals. (FRAM-066)
Warning: Regular routing blockage RB_1 on metal layer M1 touches terminal OR3D4/Z/Z. For blockage purpose, please use zero-spacing routing blockage instead. (FRAM-065)
Warning: Regular routing blockage RB_2 on metal layer M1 touches terminal OR3D4/Z/Z. For blockage purpose, please use zero-spacing routing blockage instead. (FRAM-065)
Warning: Regular routing blockage RB_1 on metal layer M1 touches terminal OR3D8/Z/Z. For blockage purpose, please use zero-spacing routing blockage instead. (FRAM-065)
Warning: Regular routing blockage RB_2 on metal layer M1 touches terminal OR3D8/Z/Z. For blockage purpose, please use zero-spacing routing blockage instead. (FRAM-065)
Warning: Block OR3D8.frame has a very large regular routing blockage RB_4 on the M1 metal layer; this might prevent the router from connecting to nearby terminals. (FRAM-066)
Warning: Regular routing blockage RB_5 on metal layer M1 touches terminal OR3D8/Z/Z. For blockage purpose, please use zero-spacing routing blockage instead. (FRAM-065)
Warning: Regular routing blockage RB_6 on metal layer M1 touches terminal OR3D8/Z/Z. For blockage purpose, please use zero-spacing routing blockage instead. (FRAM-065)
Warning: Block OR3XD1.frame has a very large regular routing blockage RB_0 on the M1 metal layer; this might prevent the router from connecting to nearby terminals. (FRAM-066)
Warning: Block OR4D0.frame has a very large regular routing blockage RB_0 on the M1 metal layer; this might prevent the router from connecting to nearby terminals. (FRAM-066)
Warning: Block OR4D1.frame has a very large regular routing blockage RB_0 on the M1 metal layer; this might prevent the router from connecting to nearby terminals. (FRAM-066)
Warning: Block OR4D2.frame has a very large regular routing blockage RB_0 on the M1 metal layer; this might prevent the router from connecting to nearby terminals. (FRAM-066)
Warning: Block OR4D4.frame has a very large regular routing blockage RB_0 on the M1 metal layer; this might prevent the router from connecting to nearby terminals. (FRAM-066)
Warning: Regular routing blockage RB_1 on metal layer M1 touches terminal OR4D4/Z/Z. For blockage purpose, please use zero-spacing routing blockage instead. (FRAM-065)
Warning: Regular routing blockage RB_2 on metal layer M1 touches terminal OR4D4/Z/Z. For blockage purpose, please use zero-spacing routing blockage instead. (FRAM-065)
Warning: Regular routing blockage RB_2 on metal layer M1 touches terminal OR4D8/Z/Z. For blockage purpose, please use zero-spacing routing blockage instead. (FRAM-065)
Warning: Regular routing blockage RB_3 on metal layer M1 touches terminal OR4D8/Z/Z. For blockage purpose, please use zero-spacing routing blockage instead. (FRAM-065)
Warning: Block OR4D8.frame has a very large regular routing blockage RB_5 on the M1 metal layer; this might prevent the router from connecting to nearby terminals. (FRAM-066)
Warning: Regular routing blockage RB_6 on metal layer M1 touches terminal OR4D8/Z/Z. For blockage purpose, please use zero-spacing routing blockage instead. (FRAM-065)
Warning: Regular routing blockage RB_7 on metal layer M1 touches terminal OR4D8/Z/Z. For blockage purpose, please use zero-spacing routing blockage instead. (FRAM-065)
Warning: Block OR4XD1.frame has a very large regular routing blockage RB_0 on the M1 metal layer; this might prevent the router from connecting to nearby terminals. (FRAM-066)
Warning: Regular routing blockage RB_6 on metal layer M1 touches terminal SDFCND4/QN/QN. For blockage purpose, please use zero-spacing routing blockage instead. (FRAM-065)
Warning: Regular routing blockage RB_7 on metal layer M1 touches terminal SDFCND4/Q/Q. For blockage purpose, please use zero-spacing routing blockage instead. (FRAM-065)
Warning: Regular routing blockage RB_8 on metal layer M1 touches terminal SDFCND4/Q/Q. For blockage purpose, please use zero-spacing routing blockage instead. (FRAM-065)
Warning: Regular routing blockage RB_14 on metal layer M1 touches terminal SDFCND4/Q/Q. For blockage purpose, please use zero-spacing routing blockage instead. (FRAM-065)
Warning: Regular routing blockage RB_15 on metal layer M1 touches terminal SDFCND4/Q/Q. For blockage purpose, please use zero-spacing routing blockage instead. (FRAM-065)
Warning: Regular routing blockage RB_16 on metal layer M1 touches terminal SDFCND4/QN/QN. For blockage purpose, please use zero-spacing routing blockage instead. (FRAM-065)
Warning: Regular routing blockage RB_5 on metal layer M1 touches terminal SDFCNQD4/Q/Q. For blockage purpose, please use zero-spacing routing blockage instead. (FRAM-065)
Warning: Regular routing blockage RB_6 on metal layer M1 touches terminal SDFCNQD4/Q/Q. For blockage purpose, please use zero-spacing routing blockage instead. (FRAM-065)
Warning: Regular routing blockage RB_12 on metal layer M1 touches terminal SDFCNQD4/Q/Q. For blockage purpose, please use zero-spacing routing blockage instead. (FRAM-065)
Warning: Regular routing blockage RB_13 on metal layer M1 touches terminal SDFCNQD4/Q/Q. For blockage purpose, please use zero-spacing routing blockage instead. (FRAM-065)
Warning: Regular routing blockage RB_3 on metal layer M1 touches terminal SDFCSND4/QN/QN. For blockage purpose, please use zero-spacing routing blockage instead. (FRAM-065)
Warning: Regular routing blockage RB_10 on metal layer M1 touches terminal SDFCSND4/Q/Q. For blockage purpose, please use zero-spacing routing blockage instead. (FRAM-065)
Warning: Regular routing blockage RB_11 on metal layer M1 touches terminal SDFCSND4/Q/Q. For blockage purpose, please use zero-spacing routing blockage instead. (FRAM-065)
Warning: Regular routing blockage RB_14 on metal layer M1 touches terminal SDFCSND4/Q/Q. For blockage purpose, please use zero-spacing routing blockage instead. (FRAM-065)
Warning: Regular routing blockage RB_15 on metal layer M1 touches terminal SDFCSND4/Q/Q. For blockage purpose, please use zero-spacing routing blockage instead. (FRAM-065)
Warning: Regular routing blockage RB_16 on metal layer M1 touches terminal SDFCSND4/QN/QN. For blockage purpose, please use zero-spacing routing blockage instead. (FRAM-065)
Warning: Regular routing blockage RB_9 on metal layer M1 touches terminal SDFCSNQD4/Q/Q. For blockage purpose, please use zero-spacing routing blockage instead. (FRAM-065)
Warning: Regular routing blockage RB_10 on metal layer M1 touches terminal SDFCSNQD4/Q/Q. For blockage purpose, please use zero-spacing routing blockage instead. (FRAM-065)
Warning: Regular routing blockage RB_13 on metal layer M1 touches terminal SDFCSNQD4/Q/Q. For blockage purpose, please use zero-spacing routing blockage instead. (FRAM-065)
Warning: Regular routing blockage RB_14 on metal layer M1 touches terminal SDFCSNQD4/Q/Q. For blockage purpose, please use zero-spacing routing blockage instead. (FRAM-065)
Warning: Regular routing blockage RB_3 on metal layer M1 touches terminal SDFD4/Q/Q. For blockage purpose, please use zero-spacing routing blockage instead. (FRAM-065)
Warning: Regular routing blockage RB_5 on metal layer M1 touches terminal SDFD4/QN/QN. For blockage purpose, please use zero-spacing routing blockage instead. (FRAM-065)
Warning: Regular routing blockage RB_13 on metal layer M1 touches terminal SDFD4/Q/Q. For blockage purpose, please use zero-spacing routing blockage instead. (FRAM-065)
Warning: Regular routing blockage RB_14 on metal layer M1 touches terminal SDFD4/QN/QN. For blockage purpose, please use zero-spacing routing blockage instead. (FRAM-065)
Warning: Regular routing blockage RB_2 on metal layer M1 touches terminal SDFKCND4/QN/QN. For blockage purpose, please use zero-spacing routing blockage instead. (FRAM-065)
Warning: Regular routing blockage RB_5 on metal layer M1 touches terminal SDFKCND4/QN/QN. For blockage purpose, please use zero-spacing routing blockage instead. (FRAM-065)
Warning: Regular routing blockage RB_13 on metal layer M1 touches terminal SDFKCND4/Q/Q. For blockage purpose, please use zero-spacing routing blockage instead. (FRAM-065)
Warning: Regular routing blockage RB_14 on metal layer M1 touches terminal SDFKCND4/Q/Q. For blockage purpose, please use zero-spacing routing blockage instead. (FRAM-065)
Warning: Regular routing blockage RB_15 on metal layer M1 touches terminal SDFKCND4/Q/Q. For blockage purpose, please use zero-spacing routing blockage instead. (FRAM-065)
Warning: Regular routing blockage RB_16 on metal layer M1 touches terminal SDFKCND4/Q/Q. For blockage purpose, please use zero-spacing routing blockage instead. (FRAM-065)
Warning: Regular routing blockage RB_17 on metal layer M1 touches terminal SDFKCND4/QN/QN. For blockage purpose, please use zero-spacing routing blockage instead. (FRAM-065)
Warning: Regular routing blockage RB_18 on metal layer M1 touches terminal SDFKCND4/QN/QN. For blockage purpose, please use zero-spacing routing blockage instead. (FRAM-065)
Warning: Regular routing blockage RB_3 on metal layer M1 touches terminal SDFKCNQD4/Q/Q. For blockage purpose, please use zero-spacing routing blockage instead. (FRAM-065)
Warning: Regular routing blockage RB_5 on metal layer M1 touches terminal SDFKCNQD4/Q/Q. For blockage purpose, please use zero-spacing routing blockage instead. (FRAM-065)
Warning: Regular routing blockage RB_13 on metal layer M1 touches terminal SDFKCNQD4/Q/Q. For blockage purpose, please use zero-spacing routing blockage instead. (FRAM-065)
Warning: Regular routing blockage RB_14 on metal layer M1 touches terminal SDFKCNQD4/Q/Q. For blockage purpose, please use zero-spacing routing blockage instead. (FRAM-065)
Warning: Regular routing blockage RB_3 on metal layer M1 touches terminal SDFKCSND4/QN/QN. For blockage purpose, please use zero-spacing routing blockage instead. (FRAM-065)
Warning: Regular routing blockage RB_6 on metal layer M1 touches terminal SDFKCSND4/QN/QN. For blockage purpose, please use zero-spacing routing blockage instead. (FRAM-065)
Warning: Regular routing blockage RB_14 on metal layer M1 touches terminal SDFKCSND4/Q/Q. For blockage purpose, please use zero-spacing routing blockage instead. (FRAM-065)
Warning: Regular routing blockage RB_15 on metal layer M1 touches terminal SDFKCSND4/Q/Q. For blockage purpose, please use zero-spacing routing blockage instead. (FRAM-065)
Warning: Regular routing blockage RB_16 on metal layer M1 touches terminal SDFKCSND4/Q/Q. For blockage purpose, please use zero-spacing routing blockage instead. (FRAM-065)
Warning: Regular routing blockage RB_17 on metal layer M1 touches terminal SDFKCSND4/Q/Q. For blockage purpose, please use zero-spacing routing blockage instead. (FRAM-065)
Warning: Regular routing blockage RB_18 on metal layer M1 touches terminal SDFKCSND4/QN/QN. For blockage purpose, please use zero-spacing routing blockage instead. (FRAM-065)
Warning: Regular routing blockage RB_19 on metal layer M1 touches terminal SDFKCSND4/QN/QN. For blockage purpose, please use zero-spacing routing blockage instead. (FRAM-065)
Warning: Regular routing blockage RB_6 on metal layer M1 touches terminal SDFKCSNQD4/Q/Q. For blockage purpose, please use zero-spacing routing blockage instead. (FRAM-065)
Warning: Regular routing blockage RB_7 on metal layer M1 touches terminal SDFKCSNQD4/Q/Q. For blockage purpose, please use zero-spacing routing blockage instead. (FRAM-065)
Warning: Regular routing blockage RB_14 on metal layer M1 touches terminal SDFKCSNQD4/Q/Q. For blockage purpose, please use zero-spacing routing blockage instead. (FRAM-065)
Warning: Regular routing blockage RB_15 on metal layer M1 touches terminal SDFKCSNQD4/Q/Q. For blockage purpose, please use zero-spacing routing blockage instead. (FRAM-065)
Warning: Regular routing blockage RB_3 on metal layer M1 touches terminal SDFKSND4/QN/QN. For blockage purpose, please use zero-spacing routing blockage instead. (FRAM-065)
Warning: Regular routing blockage RB_4 on metal layer M1 touches terminal SDFKSND4/QN/QN. For blockage purpose, please use zero-spacing routing blockage instead. (FRAM-065)
Warning: Regular routing blockage RB_13 on metal layer M1 touches terminal SDFKSND4/Q/Q. For blockage purpose, please use zero-spacing routing blockage instead. (FRAM-065)
Warning: Regular routing blockage RB_14 on metal layer M1 touches terminal SDFKSND4/Q/Q. For blockage purpose, please use zero-spacing routing blockage instead. (FRAM-065)
Warning: Regular routing blockage RB_16 on metal layer M1 touches terminal SDFKSND4/QN/QN. For blockage purpose, please use zero-spacing routing blockage instead. (FRAM-065)
Warning: Regular routing blockage RB_17 on metal layer M1 touches terminal SDFKSND4/QN/QN. For blockage purpose, please use zero-spacing routing blockage instead. (FRAM-065)
Warning: Regular routing blockage RB_18 on metal layer M1 touches terminal SDFKSND4/Q/Q. For blockage purpose, please use zero-spacing routing blockage instead. (FRAM-065)
Warning: Regular routing blockage RB_19 on metal layer M1 touches terminal SDFKSND4/Q/Q. For blockage purpose, please use zero-spacing routing blockage instead. (FRAM-065)
Warning: Regular routing blockage RB_3 on metal layer M1 touches terminal SDFKSNQD4/Q/Q. For blockage purpose, please use zero-spacing routing blockage instead. (FRAM-065)
Warning: Regular routing blockage RB_4 on metal layer M1 touches terminal SDFKSNQD4/Q/Q. For blockage purpose, please use zero-spacing routing blockage instead. (FRAM-065)
Warning: Regular routing blockage RB_14 on metal layer M1 touches terminal SDFKSNQD4/Q/Q. For blockage purpose, please use zero-spacing routing blockage instead. (FRAM-065)
Warning: Regular routing blockage RB_15 on metal layer M1 touches terminal SDFKSNQD4/Q/Q. For blockage purpose, please use zero-spacing routing blockage instead. (FRAM-065)
Warning: Regular routing blockage RB_5 on metal layer M1 touches terminal SDFNCND4/QN/QN. For blockage purpose, please use zero-spacing routing blockage instead. (FRAM-065)
Warning: Regular routing blockage RB_6 on metal layer M1 touches terminal SDFNCND4/Q/Q. For blockage purpose, please use zero-spacing routing blockage instead. (FRAM-065)
Warning: Regular routing blockage RB_13 on metal layer M1 touches terminal SDFNCND4/Q/Q. For blockage purpose, please use zero-spacing routing blockage instead. (FRAM-065)
Warning: Regular routing blockage RB_15 on metal layer M1 touches terminal SDFNCND4/QN/QN. For blockage purpose, please use zero-spacing routing blockage instead. (FRAM-065)
Warning: Regular routing blockage RB_3 on metal layer M1 touches terminal SDFNCSND4/QN/QN. For blockage purpose, please use zero-spacing routing blockage instead. (FRAM-065)
Warning: Regular routing blockage RB_10 on metal layer M1 touches terminal SDFNCSND4/Q/Q. For blockage purpose, please use zero-spacing routing blockage instead. (FRAM-065)
Warning: Regular routing blockage RB_11 on metal layer M1 touches terminal SDFNCSND4/Q/Q. For blockage purpose, please use zero-spacing routing blockage instead. (FRAM-065)
Warning: Regular routing blockage RB_15 on metal layer M1 touches terminal SDFNCSND4/Q/Q. For blockage purpose, please use zero-spacing routing blockage instead. (FRAM-065)
Warning: Regular routing blockage RB_16 on metal layer M1 touches terminal SDFNCSND4/Q/Q. For blockage purpose, please use zero-spacing routing blockage instead. (FRAM-065)
Warning: Regular routing blockage RB_17 on metal layer M1 touches terminal SDFNCSND4/QN/QN. For blockage purpose, please use zero-spacing routing blockage instead. (FRAM-065)
Warning: Regular routing blockage RB_4 on metal layer M1 touches terminal SDFND4/Q/Q. For blockage purpose, please use zero-spacing routing blockage instead. (FRAM-065)
Warning: Regular routing blockage RB_6 on metal layer M1 touches terminal SDFND4/QN/QN. For blockage purpose, please use zero-spacing routing blockage instead. (FRAM-065)
Warning: Regular routing blockage RB_13 on metal layer M1 touches terminal SDFND4/Q/Q. For blockage purpose, please use zero-spacing routing blockage instead. (FRAM-065)
Warning: Regular routing blockage RB_14 on metal layer M1 touches terminal SDFND4/QN/QN. For blockage purpose, please use zero-spacing routing blockage instead. (FRAM-065)
Warning: Regular routing blockage RB_4 on metal layer M1 touches terminal SDFNSND4/QN/QN. For blockage purpose, please use zero-spacing routing blockage instead. (FRAM-065)
Warning: Regular routing blockage RB_5 on metal layer M1 touches terminal SDFNSND4/QN/QN. For blockage purpose, please use zero-spacing routing blockage instead. (FRAM-065)
Warning: Regular routing blockage RB_6 on metal layer M1 touches terminal SDFNSND4/Q/Q. For blockage purpose, please use zero-spacing routing blockage instead. (FRAM-065)
Warning: Regular routing blockage RB_7 on metal layer M1 touches terminal SDFNSND4/Q/Q. For blockage purpose, please use zero-spacing routing blockage instead. (FRAM-065)
Warning: Regular routing blockage RB_15 on metal layer M1 touches terminal SDFNSND4/Q/Q. For blockage purpose, please use zero-spacing routing blockage instead. (FRAM-065)
Warning: Regular routing blockage RB_16 on metal layer M1 touches terminal SDFNSND4/Q/Q. For blockage purpose, please use zero-spacing routing blockage instead. (FRAM-065)
Warning: Regular routing blockage RB_18 on metal layer M1 touches terminal SDFNSND4/QN/QN. For blockage purpose, please use zero-spacing routing blockage instead. (FRAM-065)
Warning: Regular routing blockage RB_19 on metal layer M1 touches terminal SDFNSND4/QN/QN. For blockage purpose, please use zero-spacing routing blockage instead. (FRAM-065)
Warning: Regular routing blockage RB_6 on metal layer M1 touches terminal SDFQD4/Q/Q. For blockage purpose, please use zero-spacing routing blockage instead. (FRAM-065)
Warning: Regular routing blockage RB_7 on metal layer M1 touches terminal SDFQD4/Q/Q. For blockage purpose, please use zero-spacing routing blockage instead. (FRAM-065)
Warning: Regular routing blockage RB_12 on metal layer M1 touches terminal SDFQD4/Q/Q. For blockage purpose, please use zero-spacing routing blockage instead. (FRAM-065)
Warning: Regular routing blockage RB_13 on metal layer M1 touches terminal SDFQD4/Q/Q. For blockage purpose, please use zero-spacing routing blockage instead. (FRAM-065)
Warning: Regular routing blockage RB_3 on metal layer M1 touches terminal SDFQND4/QN/QN. For blockage purpose, please use zero-spacing routing blockage instead. (FRAM-065)
Warning: Regular routing blockage RB_4 on metal layer M1 touches terminal SDFQND4/QN/QN. For blockage purpose, please use zero-spacing routing blockage instead. (FRAM-065)
Warning: Regular routing blockage RB_12 on metal layer M1 touches terminal SDFQND4/QN/QN. For blockage purpose, please use zero-spacing routing blockage instead. (FRAM-065)
Warning: Regular routing blockage RB_13 on metal layer M1 touches terminal SDFQND4/QN/QN. For blockage purpose, please use zero-spacing routing blockage instead. (FRAM-065)
Warning: Regular routing blockage RB_4 on metal layer M1 touches terminal SDFSND4/QN/QN. For blockage purpose, please use zero-spacing routing blockage instead. (FRAM-065)
Warning: Regular routing blockage RB_5 on metal layer M1 touches terminal SDFSND4/QN/QN. For blockage purpose, please use zero-spacing routing blockage instead. (FRAM-065)
Warning: Regular routing blockage RB_6 on metal layer M1 touches terminal SDFSND4/Q/Q. For blockage purpose, please use zero-spacing routing blockage instead. (FRAM-065)
Warning: Regular routing blockage RB_7 on metal layer M1 touches terminal SDFSND4/Q/Q. For blockage purpose, please use zero-spacing routing blockage instead. (FRAM-065)
Warning: Regular routing blockage RB_15 on metal layer M1 touches terminal SDFSND4/Q/Q. For blockage purpose, please use zero-spacing routing blockage instead. (FRAM-065)
Warning: Regular routing blockage RB_16 on metal layer M1 touches terminal SDFSND4/Q/Q. For blockage purpose, please use zero-spacing routing blockage instead. (FRAM-065)
Warning: Regular routing blockage RB_17 on metal layer M1 touches terminal SDFSND4/QN/QN. For blockage purpose, please use zero-spacing routing blockage instead. (FRAM-065)
Warning: Regular routing blockage RB_18 on metal layer M1 touches terminal SDFSND4/QN/QN. For blockage purpose, please use zero-spacing routing blockage instead. (FRAM-065)
Warning: Regular routing blockage RB_4 on metal layer M1 touches terminal SDFSNQD4/Q/Q. For blockage purpose, please use zero-spacing routing blockage instead. (FRAM-065)
Warning: Regular routing blockage RB_5 on metal layer M1 touches terminal SDFSNQD4/Q/Q. For blockage purpose, please use zero-spacing routing blockage instead. (FRAM-065)
Warning: Regular routing blockage RB_13 on metal layer M1 touches terminal SDFSNQD4/Q/Q. For blockage purpose, please use zero-spacing routing blockage instead. (FRAM-065)
Warning: Regular routing blockage RB_14 on metal layer M1 touches terminal SDFSNQD4/Q/Q. For blockage purpose, please use zero-spacing routing blockage instead. (FRAM-065)
Warning: Regular routing blockage RB_7 on metal layer M1 touches terminal SDFXD4/QN/QN. For blockage purpose, please use zero-spacing routing blockage instead. (FRAM-065)
Warning: Regular routing blockage RB_8 on metal layer M1 touches terminal SDFXD4/QN/QN. For blockage purpose, please use zero-spacing routing blockage instead. (FRAM-065)
Warning: Regular routing blockage RB_12 on metal layer M1 touches terminal SDFXD4/Q/Q. For blockage purpose, please use zero-spacing routing blockage instead. (FRAM-065)
Warning: Regular routing blockage RB_13 on metal layer M1 touches terminal SDFXD4/Q/Q. For blockage purpose, please use zero-spacing routing blockage instead. (FRAM-065)
Warning: Regular routing blockage RB_15 on metal layer M1 touches terminal SDFXD4/QN/QN. For blockage purpose, please use zero-spacing routing blockage instead. (FRAM-065)
Warning: Regular routing blockage RB_16 on metal layer M1 touches terminal SDFXD4/QN/QN. For blockage purpose, please use zero-spacing routing blockage instead. (FRAM-065)
Warning: Regular routing blockage RB_17 on metal layer M1 touches terminal SDFXD4/Q/Q. For blockage purpose, please use zero-spacing routing blockage instead. (FRAM-065)
Warning: Regular routing blockage RB_18 on metal layer M1 touches terminal SDFXD4/Q/Q. For blockage purpose, please use zero-spacing routing blockage instead. (FRAM-065)
Warning: Regular routing blockage RB_6 on metal layer M1 touches terminal SDFXQD4/Q/Q. For blockage purpose, please use zero-spacing routing blockage instead. (FRAM-065)
Warning: Regular routing blockage RB_7 on metal layer M1 touches terminal SDFXQD4/Q/Q. For blockage purpose, please use zero-spacing routing blockage instead. (FRAM-065)
Warning: Regular routing blockage RB_12 on metal layer M1 touches terminal SDFXQD4/Q/Q. For blockage purpose, please use zero-spacing routing blockage instead. (FRAM-065)
Warning: Regular routing blockage RB_13 on metal layer M1 touches terminal SDFXQD4/Q/Q. For blockage purpose, please use zero-spacing routing blockage instead. (FRAM-065)
Warning: Regular routing blockage RB_2 on metal layer M1 touches terminal SEDFCND4/QN/QN. For blockage purpose, please use zero-spacing routing blockage instead. (FRAM-065)
Warning: Regular routing blockage RB_3 on metal layer M1 touches terminal SEDFCND4/QN/QN. For blockage purpose, please use zero-spacing routing blockage instead. (FRAM-065)
Warning: Regular routing blockage RB_9 on metal layer M1 touches terminal SEDFCND4/Q/Q. For blockage purpose, please use zero-spacing routing blockage instead. (FRAM-065)
Warning: Regular routing blockage RB_10 on metal layer M1 touches terminal SEDFCND4/Q/Q. For blockage purpose, please use zero-spacing routing blockage instead. (FRAM-065)
Warning: Regular routing blockage RB_17 on metal layer M1 touches terminal SEDFCND4/QN/QN. For blockage purpose, please use zero-spacing routing blockage instead. (FRAM-065)
Warning: Regular routing blockage RB_18 on metal layer M1 touches terminal SEDFCND4/QN/QN. For blockage purpose, please use zero-spacing routing blockage instead. (FRAM-065)
Warning: Regular routing blockage RB_19 on metal layer M1 touches terminal SEDFCND4/Q/Q. For blockage purpose, please use zero-spacing routing blockage instead. (FRAM-065)
Warning: Regular routing blockage RB_20 on metal layer M1 touches terminal SEDFCND4/Q/Q. For blockage purpose, please use zero-spacing routing blockage instead. (FRAM-065)
Warning: Regular routing blockage RB_2 on metal layer M1 touches terminal SEDFCNQD4/Q/Q. For blockage purpose, please use zero-spacing routing blockage instead. (FRAM-065)
Warning: Regular routing blockage RB_3 on metal layer M1 touches terminal SEDFCNQD4/Q/Q. For blockage purpose, please use zero-spacing routing blockage instead. (FRAM-065)
Warning: Regular routing blockage RB_15 on metal layer M1 touches terminal SEDFCNQD4/Q/Q. For blockage purpose, please use zero-spacing routing blockage instead. (FRAM-065)
Warning: Regular routing blockage RB_16 on metal layer M1 touches terminal SEDFCNQD4/Q/Q. For blockage purpose, please use zero-spacing routing blockage instead. (FRAM-065)
Warning: Block SEDFD0.frame has a very large regular routing blockage RB_0 on the M1 metal layer; this might prevent the router from connecting to nearby terminals. (FRAM-066)
Warning: Block SEDFD1.frame has a very large regular routing blockage RB_0 on the M1 metal layer; this might prevent the router from connecting to nearby terminals. (FRAM-066)
Warning: Block SEDFD2.frame has a very large regular routing blockage RB_0 on the M1 metal layer; this might prevent the router from connecting to nearby terminals. (FRAM-066)
Warning: Block SEDFD4.frame has a very large regular routing blockage RB_0 on the M1 metal layer; this might prevent the router from connecting to nearby terminals. (FRAM-066)
Warning: Regular routing blockage RB_1 on metal layer M1 touches terminal SEDFD4/QN/QN. For blockage purpose, please use zero-spacing routing blockage instead. (FRAM-065)
Warning: Regular routing blockage RB_2 on metal layer M1 touches terminal SEDFD4/QN/QN. For blockage purpose, please use zero-spacing routing blockage instead. (FRAM-065)
Warning: Regular routing blockage RB_7 on metal layer M1 touches terminal SEDFD4/Q/Q. For blockage purpose, please use zero-spacing routing blockage instead. (FRAM-065)
Warning: Regular routing blockage RB_8 on metal layer M1 touches terminal SEDFD4/Q/Q. For blockage purpose, please use zero-spacing routing blockage instead. (FRAM-065)
Warning: Regular routing blockage RB_16 on metal layer M1 touches terminal SEDFD4/Q/Q. For blockage purpose, please use zero-spacing routing blockage instead. (FRAM-065)
Warning: Regular routing blockage RB_17 on metal layer M1 touches terminal SEDFD4/Q/Q. For blockage purpose, please use zero-spacing routing blockage instead. (FRAM-065)
Warning: Regular routing blockage RB_18 on metal layer M1 touches terminal SEDFD4/QN/QN. For blockage purpose, please use zero-spacing routing blockage instead. (FRAM-065)
Warning: Regular routing blockage RB_19 on metal layer M1 touches terminal SEDFD4/QN/QN. For blockage purpose, please use zero-spacing routing blockage instead. (FRAM-065)
Warning: Block SEDFKCND0.frame has a very large regular routing blockage RB_0 on the M1 metal layer; this might prevent the router from connecting to nearby terminals. (FRAM-066)
Warning: Block SEDFKCND1.frame has a very large regular routing blockage RB_0 on the M1 metal layer; this might prevent the router from connecting to nearby terminals. (FRAM-066)
Warning: Block SEDFKCND2.frame has a very large regular routing blockage RB_0 on the M1 metal layer; this might prevent the router from connecting to nearby terminals. (FRAM-066)
Warning: Block SEDFKCND4.frame has a very large regular routing blockage RB_0 on the M1 metal layer; this might prevent the router from connecting to nearby terminals. (FRAM-066)
Warning: Regular routing blockage RB_3 on metal layer M1 touches terminal SEDFKCND4/QN/QN. For blockage purpose, please use zero-spacing routing blockage instead. (FRAM-065)
Warning: Regular routing blockage RB_4 on metal layer M1 touches terminal SEDFKCND4/QN/QN. For blockage purpose, please use zero-spacing routing blockage instead. (FRAM-065)
Warning: Regular routing blockage RB_11 on metal layer M1 touches terminal SEDFKCND4/Q/Q. For blockage purpose, please use zero-spacing routing blockage instead. (FRAM-065)
Warning: Regular routing blockage RB_12 on metal layer M1 touches terminal SEDFKCND4/Q/Q. For blockage purpose, please use zero-spacing routing blockage instead. (FRAM-065)
Warning: Regular routing blockage RB_17 on metal layer M1 touches terminal SEDFKCND4/Q/Q. For blockage purpose, please use zero-spacing routing blockage instead. (FRAM-065)
Warning: Regular routing blockage RB_18 on metal layer M1 touches terminal SEDFKCND4/Q/Q. For blockage purpose, please use zero-spacing routing blockage instead. (FRAM-065)
Warning: Regular routing blockage RB_19 on metal layer M1 touches terminal SEDFKCND4/QN/QN. For blockage purpose, please use zero-spacing routing blockage instead. (FRAM-065)
Warning: Regular routing blockage RB_20 on metal layer M1 touches terminal SEDFKCND4/QN/QN. For blockage purpose, please use zero-spacing routing blockage instead. (FRAM-065)
Warning: Block SEDFKCNQD1.frame has a very large regular routing blockage RB_0 on the M1 metal layer; this might prevent the router from connecting to nearby terminals. (FRAM-066)
Warning: Block SEDFKCNQD2.frame has a very large regular routing blockage RB_0 on the M1 metal layer; this might prevent the router from connecting to nearby terminals. (FRAM-066)
Warning: Block SEDFKCNQD4.frame has a very large regular routing blockage RB_0 on the M1 metal layer; this might prevent the router from connecting to nearby terminals. (FRAM-066)
Warning: Regular routing blockage RB_9 on metal layer M1 touches terminal SEDFKCNQD4/Q/Q. For blockage purpose, please use zero-spacing routing blockage instead. (FRAM-065)
Warning: Regular routing blockage RB_10 on metal layer M1 touches terminal SEDFKCNQD4/Q/Q. For blockage purpose, please use zero-spacing routing blockage instead. (FRAM-065)
Warning: Regular routing blockage RB_16 on metal layer M1 touches terminal SEDFKCNQD4/Q/Q. For blockage purpose, please use zero-spacing routing blockage instead. (FRAM-065)
Warning: Regular routing blockage RB_17 on metal layer M1 touches terminal SEDFKCNQD4/Q/Q. For blockage purpose, please use zero-spacing routing blockage instead. (FRAM-065)
Warning: Block SEDFQD0.frame has a very large regular routing blockage RB_0 on the M1 metal layer; this might prevent the router from connecting to nearby terminals. (FRAM-066)
Warning: Block SEDFQD1.frame has a very large regular routing blockage RB_0 on the M1 metal layer; this might prevent the router from connecting to nearby terminals. (FRAM-066)
Warning: Block SEDFQD2.frame has a very large regular routing blockage RB_0 on the M1 metal layer; this might prevent the router from connecting to nearby terminals. (FRAM-066)
Warning: Block SEDFQD4.frame has a very large regular routing blockage RB_0 on the M1 metal layer; this might prevent the router from connecting to nearby terminals. (FRAM-066)
Warning: Regular routing blockage RB_1 on metal layer M1 touches terminal SEDFQD4/Q/Q. For blockage purpose, please use zero-spacing routing blockage instead. (FRAM-065)
Warning: Regular routing blockage RB_2 on metal layer M1 touches terminal SEDFQD4/Q/Q. For blockage purpose, please use zero-spacing routing blockage instead. (FRAM-065)
Warning: Regular routing blockage RB_14 on metal layer M1 touches terminal SEDFQD4/Q/Q. For blockage purpose, please use zero-spacing routing blockage instead. (FRAM-065)
Warning: Regular routing blockage RB_15 on metal layer M1 touches terminal SEDFQD4/Q/Q. For blockage purpose, please use zero-spacing routing blockage instead. (FRAM-065)
Warning: Block SEDFQND0.frame has a very large regular routing blockage RB_0 on the M1 metal layer; this might prevent the router from connecting to nearby terminals. (FRAM-066)
Warning: Block SEDFQND1.frame has a very large regular routing blockage RB_0 on the M1 metal layer; this might prevent the router from connecting to nearby terminals. (FRAM-066)
Warning: Block SEDFQND2.frame has a very large regular routing blockage RB_0 on the M1 metal layer; this might prevent the router from connecting to nearby terminals. (FRAM-066)
Warning: Block SEDFQND4.frame has a very large regular routing blockage RB_0 on the M1 metal layer; this might prevent the router from connecting to nearby terminals. (FRAM-066)
Warning: Regular routing blockage RB_1 on metal layer M1 touches terminal SEDFQND4/QN/QN. For blockage purpose, please use zero-spacing routing blockage instead. (FRAM-065)
Warning: Regular routing blockage RB_2 on metal layer M1 touches terminal SEDFQND4/QN/QN. For blockage purpose, please use zero-spacing routing blockage instead. (FRAM-065)
Warning: Regular routing blockage RB_14 on metal layer M1 touches terminal SEDFQND4/QN/QN. For blockage purpose, please use zero-spacing routing blockage instead. (FRAM-065)
Warning: Regular routing blockage RB_15 on metal layer M1 touches terminal SEDFQND4/QN/QN. For blockage purpose, please use zero-spacing routing blockage instead. (FRAM-065)
Warning: Block SEDFQNXD0.frame has a very large regular routing blockage RB_0 on the M1 metal layer; this might prevent the router from connecting to nearby terminals. (FRAM-066)
Warning: Block SEDFQNXD1.frame has a very large regular routing blockage RB_0 on the M1 metal layer; this might prevent the router from connecting to nearby terminals. (FRAM-066)
Warning: Block SEDFQNXD2.frame has a very large regular routing blockage RB_0 on the M1 metal layer; this might prevent the router from connecting to nearby terminals. (FRAM-066)
Warning: Block SEDFQNXD4.frame has a very large regular routing blockage RB_0 on the M1 metal layer; this might prevent the router from connecting to nearby terminals. (FRAM-066)
Warning: Regular routing blockage RB_6 on metal layer M1 touches terminal SEDFQNXD4/QN/QN. For blockage purpose, please use zero-spacing routing blockage instead. (FRAM-065)
Warning: Regular routing blockage RB_7 on metal layer M1 touches terminal SEDFQNXD4/QN/QN. For blockage purpose, please use zero-spacing routing blockage instead. (FRAM-065)
Warning: Regular routing blockage RB_13 on metal layer M1 touches terminal SEDFQNXD4/QN/QN. For blockage purpose, please use zero-spacing routing blockage instead. (FRAM-065)
Warning: Regular routing blockage RB_14 on metal layer M1 touches terminal SEDFQNXD4/QN/QN. For blockage purpose, please use zero-spacing routing blockage instead. (FRAM-065)
Warning: Block SEDFQXD0.frame has a very large regular routing blockage RB_0 on the M1 metal layer; this might prevent the router from connecting to nearby terminals. (FRAM-066)
Warning: Block SEDFQXD1.frame has a very large regular routing blockage RB_0 on the M1 metal layer; this might prevent the router from connecting to nearby terminals. (FRAM-066)
Warning: Block SEDFQXD2.frame has a very large regular routing blockage RB_0 on the M1 metal layer; this might prevent the router from connecting to nearby terminals. (FRAM-066)
Warning: Block SEDFQXD4.frame has a very large regular routing blockage RB_0 on the M1 metal layer; this might prevent the router from connecting to nearby terminals. (FRAM-066)
Warning: Regular routing blockage RB_2 on metal layer M1 touches terminal SEDFQXD4/Q/Q. For blockage purpose, please use zero-spacing routing blockage instead. (FRAM-065)
Warning: Regular routing blockage RB_12 on metal layer M1 touches terminal SEDFQXD4/Q/Q. For blockage purpose, please use zero-spacing routing blockage instead. (FRAM-065)
Warning: Block SEDFXD0.frame has a very large regular routing blockage RB_1 on the M1 metal layer; this might prevent the router from connecting to nearby terminals. (FRAM-066)
Warning: Block SEDFXD1.frame has a very large regular routing blockage RB_0 on the M1 metal layer; this might prevent the router from connecting to nearby terminals. (FRAM-066)
Warning: Block SEDFXD2.frame has a very large regular routing blockage RB_0 on the M1 metal layer; this might prevent the router from connecting to nearby terminals. (FRAM-066)
Warning: Block SEDFXD4.frame has a very large regular routing blockage RB_0 on the M1 metal layer; this might prevent the router from connecting to nearby terminals. (FRAM-066)
Warning: Regular routing blockage RB_3 on metal layer M1 touches terminal SEDFXD4/QN/QN. For blockage purpose, please use zero-spacing routing blockage instead. (FRAM-065)
Warning: Regular routing blockage RB_7 on metal layer M1 touches terminal SEDFXD4/Q/Q. For blockage purpose, please use zero-spacing routing blockage instead. (FRAM-065)
Warning: Regular routing blockage RB_13 on metal layer M1 touches terminal SEDFXD4/QN/QN. For blockage purpose, please use zero-spacing routing blockage instead. (FRAM-065)
Warning: Regular routing blockage RB_14 on metal layer M1 touches terminal SEDFXD4/Q/Q. For blockage purpose, please use zero-spacing routing blockage instead. (FRAM-065)
Warning: Block XNR2D0.frame has a very large regular routing blockage RB_0 on the M1 metal layer; this might prevent the router from connecting to nearby terminals. (FRAM-066)
Warning: Block XNR2D1.frame has a very large regular routing blockage RB_0 on the M1 metal layer; this might prevent the router from connecting to nearby terminals. (FRAM-066)
Warning: Block XNR2D2.frame has a very large regular routing blockage RB_0 on the M1 metal layer; this might prevent the router from connecting to nearby terminals. (FRAM-066)
Warning: Block XNR2D4.frame has a very large regular routing blockage RB_1 on the M1 metal layer; this might prevent the router from connecting to nearby terminals. (FRAM-066)
Warning: Regular routing blockage RB_2 on metal layer M1 touches terminal XNR2D4/ZN/ZN. For blockage purpose, please use zero-spacing routing blockage instead. (FRAM-065)
Warning: Regular routing blockage RB_6 on metal layer M1 touches terminal XNR2D4/ZN/ZN. For blockage purpose, please use zero-spacing routing blockage instead. (FRAM-065)
Warning: Regular routing blockage RB_3 on metal layer M1 touches terminal XNR3D4/ZN/ZN. For blockage purpose, please use zero-spacing routing blockage instead. (FRAM-065)
Warning: Regular routing blockage RB_10 on metal layer M1 touches terminal XNR3D4/ZN/ZN. For blockage purpose, please use zero-spacing routing blockage instead. (FRAM-065)
Warning: Regular routing blockage RB_3 on metal layer M1 touches terminal XNR4D4/ZN/ZN. For blockage purpose, please use zero-spacing routing blockage instead. (FRAM-065)
Warning: Regular routing blockage RB_4 on metal layer M1 touches terminal XNR4D4/ZN/ZN. For blockage purpose, please use zero-spacing routing blockage instead. (FRAM-065)
Warning: Regular routing blockage RB_13 on metal layer M1 touches terminal XNR4D4/ZN/ZN. For blockage purpose, please use zero-spacing routing blockage instead. (FRAM-065)
Warning: Regular routing blockage RB_14 on metal layer M1 touches terminal XNR4D4/ZN/ZN. For blockage purpose, please use zero-spacing routing blockage instead. (FRAM-065)
Warning: Block XOR2D4.frame has a very large regular routing blockage RB_1 on the M1 metal layer; this might prevent the router from connecting to nearby terminals. (FRAM-066)
Warning: Regular routing blockage RB_2 on metal layer M1 touches terminal XOR2D4/Z/Z. For blockage purpose, please use zero-spacing routing blockage instead. (FRAM-065)
Warning: Regular routing blockage RB_6 on metal layer M1 touches terminal XOR2D4/Z/Z. For blockage purpose, please use zero-spacing routing blockage instead. (FRAM-065)
Warning: Regular routing blockage RB_2 on metal layer M1 touches terminal XOR3D4/Z/Z. For blockage purpose, please use zero-spacing routing blockage instead. (FRAM-065)
Warning: Regular routing blockage RB_10 on metal layer M1 touches terminal XOR3D4/Z/Z. For blockage purpose, please use zero-spacing routing blockage instead. (FRAM-065)
Warning: Regular routing blockage RB_3 on metal layer M1 touches terminal XOR4D4/Z/Z. For blockage purpose, please use zero-spacing routing blockage instead. (FRAM-065)
Warning: Regular routing blockage RB_4 on metal layer M1 touches terminal XOR4D4/Z/Z. For blockage purpose, please use zero-spacing routing blockage instead. (FRAM-065)
Warning: Block XOR4D4.frame has a very large regular routing blockage RB_9 on the M1 metal layer; this might prevent the router from connecting to nearby terminals. (FRAM-066)
Warning: Regular routing blockage RB_13 on metal layer M1 touches terminal XOR4D4/Z/Z. For blockage purpose, please use zero-spacing routing blockage instead. (FRAM-065)
Warning: Regular routing blockage RB_14 on metal layer M1 touches terminal XOR4D4/Z/Z. For blockage purpose, please use zero-spacing routing blockage instead. (FRAM-065)
Warning: Block ISOHID1.frame has a very large regular routing blockage RB_0 on the M1 metal layer; this might prevent the router from connecting to nearby terminals. (FRAM-066)
Warning: Block ISOHID2.frame has a very large regular routing blockage RB_0 on the M1 metal layer; this might prevent the router from connecting to nearby terminals. (FRAM-066)
Warning: Regular routing blockage RB_0 on metal layer M1 touches terminal ISOHID4/Z/Z. For blockage purpose, please use zero-spacing routing blockage instead. (FRAM-065)
Warning: Regular routing blockage RB_2 on metal layer M1 touches terminal ISOHID4/Z/Z. For blockage purpose, please use zero-spacing routing blockage instead. (FRAM-065)
Warning: Regular routing blockage RB_0 on metal layer M1 touches terminal ISOHID8/Z/Z. For blockage purpose, please use zero-spacing routing blockage instead. (FRAM-065)
Warning: Regular routing blockage RB_1 on metal layer M1 touches terminal ISOHID8/Z/Z. For blockage purpose, please use zero-spacing routing blockage instead. (FRAM-065)
Warning: Block ISOHID8.frame has a very large regular routing blockage RB_2 on the M1 metal layer; this might prevent the router from connecting to nearby terminals. (FRAM-066)
Warning: Regular routing blockage RB_4 on metal layer M1 touches terminal ISOHID8/Z/Z. For blockage purpose, please use zero-spacing routing blockage instead. (FRAM-065)
Warning: Regular routing blockage RB_5 on metal layer M1 touches terminal ISOHID8/Z/Z. For blockage purpose, please use zero-spacing routing blockage instead. (FRAM-065)
Warning: Regular routing blockage RB_0 on metal layer M1 touches terminal ISOLOD4/Z/Z. For blockage purpose, please use zero-spacing routing blockage instead. (FRAM-065)
Warning: Regular routing blockage RB_3 on metal layer M1 touches terminal ISOLOD4/Z/Z. For blockage purpose, please use zero-spacing routing blockage instead. (FRAM-065)
Warning: Regular routing blockage RB_0 on metal layer M1 touches terminal ISOLOD8/Z/Z. For blockage purpose, please use zero-spacing routing blockage instead. (FRAM-065)
Warning: Regular routing blockage RB_1 on metal layer M1 touches terminal ISOLOD8/Z/Z. For blockage purpose, please use zero-spacing routing blockage instead. (FRAM-065)
Warning: Regular routing blockage RB_5 on metal layer M1 touches terminal ISOLOD8/Z/Z. For blockage purpose, please use zero-spacing routing blockage instead. (FRAM-065)
Warning: Regular routing blockage RB_6 on metal layer M1 touches terminal ISOLOD8/Z/Z. For blockage purpose, please use zero-spacing routing blockage instead. (FRAM-065)
Warning: Block LVLHLD1.frame has a very large regular routing blockage RB_0 on the M1 metal layer; this might prevent the router from connecting to nearby terminals. (FRAM-066)
Warning: Regular routing blockage RB_0 on metal layer M1 touches terminal LVLHLD4/Z/Z. For blockage purpose, please use zero-spacing routing blockage instead. (FRAM-065)
Warning: Regular routing blockage RB_2 on metal layer M1 touches terminal LVLHLD4/Z/Z. For blockage purpose, please use zero-spacing routing blockage instead. (FRAM-065)
Warning: Regular routing blockage RB_0 on metal layer M1 touches terminal LVLHLD8/Z/Z. For blockage purpose, please use zero-spacing routing blockage instead. (FRAM-065)
Warning: Regular routing blockage RB_1 on metal layer M1 touches terminal LVLHLD8/Z/Z. For blockage purpose, please use zero-spacing routing blockage instead. (FRAM-065)
Warning: Regular routing blockage RB_4 on metal layer M1 touches terminal LVLHLD8/Z/Z. For blockage purpose, please use zero-spacing routing blockage instead. (FRAM-065)
Warning: Regular routing blockage RB_5 on metal layer M1 touches terminal LVLHLD8/Z/Z. For blockage purpose, please use zero-spacing routing blockage instead. (FRAM-065)
Warning: Regular routing blockage RB_0 on metal layer M1 touches terminal LVLLHCD4/Z/Z. For blockage purpose, please use zero-spacing routing blockage instead. (FRAM-065)
Warning: Regular routing blockage RB_1 on metal layer M1 touches terminal LVLLHCD4/Z/Z. For blockage purpose, please use zero-spacing routing blockage instead. (FRAM-065)
Warning: Regular routing blockage RB_5 on metal layer M1 touches terminal LVLLHCD4/Z/Z. For blockage purpose, please use zero-spacing routing blockage instead. (FRAM-065)
Warning: Regular routing blockage RB_6 on metal layer M1 touches terminal LVLLHCD4/Z/Z. For blockage purpose, please use zero-spacing routing blockage instead. (FRAM-065)
Warning: Regular routing blockage RB_1 on metal layer M1 touches terminal LVLLHCD8/Z/Z. For blockage purpose, please use zero-spacing routing blockage instead. (FRAM-065)
Warning: Regular routing blockage RB_2 on metal layer M1 touches terminal LVLLHCD8/Z/Z. For blockage purpose, please use zero-spacing routing blockage instead. (FRAM-065)
Warning: Regular routing blockage RB_6 on metal layer M1 touches terminal LVLLHCD8/Z/Z. For blockage purpose, please use zero-spacing routing blockage instead. (FRAM-065)
Warning: Regular routing blockage RB_7 on metal layer M1 touches terminal LVLLHCD8/Z/Z. For blockage purpose, please use zero-spacing routing blockage instead. (FRAM-065)
Warning: Regular routing blockage RB_0 on metal layer M1 touches terminal LVLLHD4/Z/Z. For blockage purpose, please use zero-spacing routing blockage instead. (FRAM-065)
Warning: Regular routing blockage RB_1 on metal layer M1 touches terminal LVLLHD4/Z/Z. For blockage purpose, please use zero-spacing routing blockage instead. (FRAM-065)
Warning: Regular routing blockage RB_4 on metal layer M1 touches terminal LVLLHD4/Z/Z. For blockage purpose, please use zero-spacing routing blockage instead. (FRAM-065)
Warning: Regular routing blockage RB_5 on metal layer M1 touches terminal LVLLHD4/Z/Z. For blockage purpose, please use zero-spacing routing blockage instead. (FRAM-065)
Warning: Regular routing blockage RB_1 on metal layer M1 touches terminal LVLLHD8/Z/Z. For blockage purpose, please use zero-spacing routing blockage instead. (FRAM-065)
Warning: Regular routing blockage RB_2 on metal layer M1 touches terminal LVLLHD8/Z/Z. For blockage purpose, please use zero-spacing routing blockage instead. (FRAM-065)
Warning: Regular routing blockage RB_5 on metal layer M1 touches terminal LVLLHD8/Z/Z. For blockage purpose, please use zero-spacing routing blockage instead. (FRAM-065)
Warning: Regular routing blockage RB_6 on metal layer M1 touches terminal LVLLHD8/Z/Z. For blockage purpose, please use zero-spacing routing blockage instead. (FRAM-065)
Warning: Regular routing blockage RB_1 on metal layer M1 touches terminal LVLLHFACD4/Z/Z. For blockage purpose, please use zero-spacing routing blockage instead. (FRAM-065)
Warning: Regular routing blockage RB_3 on metal layer M1 touches terminal LVLLHFACD4/Z/Z. For blockage purpose, please use zero-spacing routing blockage instead. (FRAM-065)
Warning: Regular routing blockage RB_1 on metal layer M1 touches terminal LVLLHFACD8/Z/Z. For blockage purpose, please use zero-spacing routing blockage instead. (FRAM-065)
Warning: Regular routing blockage RB_2 on metal layer M1 touches terminal LVLLHFACD8/Z/Z. For blockage purpose, please use zero-spacing routing blockage instead. (FRAM-065)
Warning: Regular routing blockage RB_5 on metal layer M1 touches terminal LVLLHFACD8/Z/Z. For blockage purpose, please use zero-spacing routing blockage instead. (FRAM-065)
Warning: Regular routing blockage RB_6 on metal layer M1 touches terminal LVLLHFACD8/Z/Z. For blockage purpose, please use zero-spacing routing blockage instead. (FRAM-065)
Warning: Regular routing blockage RB_0 on metal layer M1 touches terminal LVLLHFAD4/Z/Z. For blockage purpose, please use zero-spacing routing blockage instead. (FRAM-065)
Warning: Regular routing blockage RB_1 on metal layer M1 touches terminal LVLLHFAD4/Z/Z. For blockage purpose, please use zero-spacing routing blockage instead. (FRAM-065)
Warning: Regular routing blockage RB_3 on metal layer M1 touches terminal LVLLHFAD4/Z/Z. For blockage purpose, please use zero-spacing routing blockage instead. (FRAM-065)
Warning: Regular routing blockage RB_4 on metal layer M1 touches terminal LVLLHFAD4/Z/Z. For blockage purpose, please use zero-spacing routing blockage instead. (FRAM-065)
Warning: Regular routing blockage RB_0 on metal layer M1 touches terminal LVLLHFAD8/Z/Z. For blockage purpose, please use zero-spacing routing blockage instead. (FRAM-065)
Warning: Regular routing blockage RB_1 on metal layer M1 touches terminal LVLLHFAD8/Z/Z. For blockage purpose, please use zero-spacing routing blockage instead. (FRAM-065)
Warning: Regular routing blockage RB_4 on metal layer M1 touches terminal LVLLHFAD8/Z/Z. For blockage purpose, please use zero-spacing routing blockage instead. (FRAM-065)
Warning: Regular routing blockage RB_5 on metal layer M1 touches terminal LVLLHFAD8/Z/Z. For blockage purpose, please use zero-spacing routing blockage instead. (FRAM-065)
... created 855 frames

Workspace check succeeded!

Warning: EMS database "check_workspace.ems" already exists, over-writing it. (EMS-040)
