Warning: Option '-sort_by' is deprecated, use '-report_by' instead. (CMD-105)
****************************************
Report : timing
        -path_type full
        -delay_type max
        -max_paths 50
        -report_by scenario
        -nosplit
        -physical
Design : pde_chip_top_safe
Version: W-2024.09
Date   : Sun Aug  2 01:23:59 2026
****************************************

  Startpoint: u_impl/u_core/u_tcu/state_q_reg_0_ (rising edge-triggered flip-flop clocked by core_clk)
  Endpoint: u_impl/u_core/g_row_11__g_col_3__u_pe/u_r_red/q_reg_15_ (rising edge-triggered flip-flop clocked by core_clk)
  Mode: FUNC
  Corner: WC
  Scenario: FUNC_WC
  Path Group: core_clk
  Path Type: max

  Point                                                                       Incr      Path          Location
  ---------------------------------------------------------------------------------------------------------------------
  clock core_clk (rise edge)                                                  0.00      0.00
  clock network delay (propagated)                                            0.63      0.63

  u_impl/u_core/u_tcu/state_q_reg_0_/CP (DFCNQD1)                             0.00      0.63 r    (718.32,543.70)
  u_impl/u_core/u_tcu/state_q_reg_0_/Q (DFCNQD1)                              0.39      1.02 f    (722.49,543.71)
  u_impl/u_core/u_tcu/U10/ZN (CKND0)                                          0.18      1.20 r    (717.75,541.88)
  u_impl/u_core/u_tcu/U31/Z (OR2D4)                                           0.40      1.59 r    (712.65,540.12)
  u_impl/u_core/u_tcu/HFSBUF_40901_13921/Z (CKBD4)                            0.43      2.02 r    (692.85,543.70)
  u_impl/u_core/u_tcu/HFSBUF_40120_13920/Z (CKBD3)                            0.46      2.48 r    (701.42,541.92)
  u_impl/u_core/u_tcu/HFSINV_35795_13908/ZN (CKND2)                           0.31      2.79 f    (736.63,561.82)
  u_impl/u_core/u_tcu/U8/ZN (CKND2D0)                                         0.23      3.02 r    (729.05,543.72)
  u_impl/u_core/u_tcu/U34/Z (MUX2D0)                                          0.27      3.28 r    (727.28,541.80)
  u_impl/u_core/HFSBUF_194776_14362/Z (BUFFD1)                                0.35      3.64 r    (745.88,541.90)
  u_impl/u_core/HFSBUF_106263_14307/Z (CKBD3)                                 0.43      4.06 r    (745.18,442.89)
  u_impl/u_core/ZBUF_834_inst_17319/Z (CKBD4)                                 0.44      4.50 r    (348.25,277.30)
  u_impl/u_core/HFSBUF_85468_14260/Z (CKBD3)                                  0.44      4.94 r    (245.18,279.12)
  u_impl/u_core/HFSBUF_68525_14231/Z (CKBD3)                                  0.43      5.37 r    (209.78,288.09)
  u_impl/u_core/HFSINV_57083_14226/ZN (CKND2)                                 0.42      5.79 f    (166.77,498.59)
  u_impl/u_core/g_row_12__g_col_3__u_pe/u_r_black/U27/ZN (MUX2ND0)            0.24      6.04 r    (186.75,514.92)
  u_impl/u_core/g_row_12__g_col_3__u_pe/u_r_black/U28/Z (MUX4D0)              0.26      6.29 r    (189.11,518.55)
  u_impl/u_core/g_row_12__g_col_3__u_pe/U16/Z (MUX2D0)                        0.24      6.53 r    (184.92,518.61)
  u_impl/u_core/g_row_12__g_col_3__u_pe/HFSBUF_186_9225/Z (CKBD3)             0.34      6.86 r    (185.02,525.69)
  u_impl/u_core/g_row_11__g_col_3__u_pe/u_alu/U6/CO (FA1D0)                   0.43      7.29 r    (263.69,120.58)
  u_impl/u_core/g_row_11__g_col_3__u_pe/u_alu/U14/S (FA1D0)                   0.24      7.53 r    (264.42,124.17)
  u_impl/u_core/g_row_11__g_col_3__u_pe/u_alu/U13/S (FA1D0)                   0.29      7.83 r    (269.42,126.23)
  u_impl/u_core/g_row_11__g_col_3__u_pe/u_alu/U17/CO (FA1D0)                  0.26      8.09 r    (272.69,131.38)
  u_impl/u_core/g_row_11__g_col_3__u_pe/u_alu/U16/ZN (XNR4D0)                 0.52      8.61 r    (271.42,129.79)
  u_impl/u_core/g_row_11__g_col_3__u_pe/u_r_red/U30/ZN (OAI221D0)             0.26      8.87 f    (332.21,149.61)
  u_impl/u_core/g_row_11__g_col_3__u_pe/u_r_red/U31/ZN (CKND2D0)              0.15      9.02 r    (336.35,147.72)
  u_impl/u_core/g_row_11__g_col_3__u_pe/u_r_red/copt_h_inst_37807/Z (DEL1)    1.72     10.74 r    (334.32,145.89)
  u_impl/u_core/g_row_11__g_col_3__u_pe/u_r_red/q_reg_15_/D (DFCNQD1)         0.00     10.74 r    (333.95,142.43)
  data arrival time                                                                    10.74

  clock core_clk (rise edge)                                                 10.00     10.00
  clock network delay (propagated)                                            0.75     10.75
  u_impl/u_core/g_row_11__g_col_3__u_pe/u_r_red/q_reg_15_/CP (DFCNQD1)        0.00     10.75 r    (332.92,142.30)
  library setup time                                                         -0.03     10.72
  data required time                                                                   10.72
  ---------------------------------------------------------------------------------------------------------------------
  data required time                                                                   10.72
  data arrival time                                                                   -10.74
  ---------------------------------------------------------------------------------------------------------------------
  slack (VIOLATED)                                                                     -0.02



  Startpoint: u_impl/u_core/u_tcu/state_q_reg_0_ (rising edge-triggered flip-flop clocked by core_clk)
  Endpoint: u_impl/u_core/g_row_12__g_col_4__u_pe/u_sol/u_black_q_reg_15_ (rising edge-triggered flip-flop clocked by core_clk)
  Mode: FUNC
  Corner: WC
  Scenario: FUNC_WC
  Path Group: core_clk
  Path Type: max

  Point                                                                         Incr      Path          Location
  -----------------------------------------------------------------------------------------------------------------------
  clock core_clk (rise edge)                                                    0.00      0.00
  clock network delay (propagated)                                              0.63      0.63

  u_impl/u_core/u_tcu/state_q_reg_0_/CP (DFCNQD1)                               0.00      0.63 r    (718.32,543.70)
  u_impl/u_core/u_tcu/state_q_reg_0_/Q (DFCNQD1)                                0.39      1.02 f    (722.49,543.71)
  u_impl/u_core/u_tcu/U10/ZN (CKND0)                                            0.18      1.20 r    (717.75,541.88)
  u_impl/u_core/u_tcu/U31/Z (OR2D4)                                             0.40      1.59 r    (712.65,540.12)
  u_impl/u_core/u_tcu/HFSBUF_40901_13921/Z (CKBD4)                              0.43      2.02 r    (692.85,543.70)
  u_impl/u_core/u_tcu/HFSBUF_40120_13920/Z (CKBD3)                              0.46      2.48 r    (701.42,541.92)
  u_impl/u_core/u_tcu/U36/ZN (OAI22D1)                                          0.33      2.81 f    (718.30,540.08)
  u_impl/u_core/HFSBUF_244010_15227/Z (CKBD0)                                   0.29      3.10 f    (714.91,534.68)
  u_impl/u_core/HFSINV_243284_15186/ZN (CKND8)                                  0.24      3.34 r    (709.66,523.90)
  u_impl/u_core/HFSBUF_133489_15176/Z (CKBD2)                                   0.58      3.92 r    (208.15,504.10)
  u_impl/u_core/HFSBUF_60290_15174/Z (BUFFD1)                                   0.52      4.44 r    (197.31,318.70)
  u_impl/u_core/g_row_12__g_col_4__u_pe/u_ctrl/U1/Z (AO22D0)                    0.51      4.95 r    (204.76,288.10)
  u_impl/u_core/g_row_12__g_col_4__u_pe/HFSINV_1507_11225/ZN (CKND1)            0.37      5.32 f    (200.15,293.48)
  u_impl/u_core/g_row_12__g_col_4__u_pe/U18/Z (CKMUX2D0)                        0.53      5.85 f    (198.12,295.30)
  u_impl/u_core/g_row_12__g_col_4__u_pe/U47/ZN (NR2D0)                          0.37      6.22 r    (187.95,289.81)
  u_impl/u_core/g_row_12__g_col_4__u_pe/U13/ZN (INVD0)                          0.12      6.34 f    (185.38,289.90)
  u_impl/u_core/g_row_12__g_col_4__u_pe/U48/ZN (OAI21D0)                        0.18      6.52 r    (184.47,290.00)
  u_impl/u_core/g_row_12__g_col_4__u_pe/U9/ZN (OAI211D0)                        0.48      7.00 f    (192.71,291.61)
  u_impl/u_core/g_row_12__g_col_4__u_pe/HFSBUF_39_5870/Z (CKBD0)                0.41      7.42 f    (163.71,264.68)
  u_impl/u_core/g_row_12__g_col_4__u_pe/u_sol/U17/CO (FA1D0)                    0.34      7.76 f    (110.49,245.02)
  u_impl/u_core/g_row_12__g_col_4__u_pe/u_sol/U21/CO (FA1D0)                    0.17      7.93 f    (115.09,242.98)
  u_impl/u_core/g_row_12__g_col_4__u_pe/u_sol/U25/CO (FA1D0)                    0.17      8.10 f    (118.89,241.42)
  u_impl/u_core/g_row_12__g_col_4__u_pe/u_sol/U29/CO (FA1D0)                    0.17      8.26 f    (124.31,241.42)
  u_impl/u_core/g_row_12__g_col_4__u_pe/u_sol/U33/CO (FA1D0)                    0.17      8.44 f    (124.11,245.02)
  u_impl/u_core/g_row_12__g_col_4__u_pe/u_sol/U37/CO (FA1D0)                    0.18      8.61 f    (121.51,250.18)
  u_impl/u_core/g_row_12__g_col_4__u_pe/u_sol/U41/CO (FA1D0)                    0.17      8.78 f    (118.91,255.82)
  u_impl/u_core/g_row_12__g_col_4__u_pe/u_sol/U45/CO (FA1D0)                    0.17      8.96 f    (113.91,255.82)
  u_impl/u_core/g_row_12__g_col_4__u_pe/u_sol/U49/CO (FA1D0)                    0.17      9.13 f    (109.11,259.42)
  u_impl/u_core/g_row_12__g_col_4__u_pe/u_sol/U53/CO (FA1D0)                    0.17      9.29 f    (103.91,259.42)
  u_impl/u_core/g_row_12__g_col_4__u_pe/u_sol/U57/CO (FA1D0)                    0.17      9.46 f    (102.91,263.02)
  u_impl/u_core/g_row_12__g_col_4__u_pe/u_sol/U61/CO (FA1D0)                    0.17      9.63 f    (99.31,264.58)
  u_impl/u_core/g_row_12__g_col_4__u_pe/u_sol/U62/Z (XOR3D0)                    0.33      9.96 r    (102.48,262.90)
  u_impl/u_core/g_row_12__g_col_4__u_pe/u_sol/U64/Z (MUX2D0)                    0.16     10.11 r    (101.52,253.80)
  u_impl/u_core/g_row_12__g_col_4__u_pe/u_sol/copt_h_inst_31755/Z (DEL02)       0.50     10.61 r    (98.72,253.88)
  u_impl/u_core/g_row_12__g_col_4__u_pe/u_sol/u_black_q_reg_15_/D (EDFCNQD1)    0.00     10.61 r    (93.12,253.72)
  data arrival time                                                                      10.61

  clock core_clk (rise edge)                                                   10.00     10.00
  clock network delay (propagated)                                              0.78     10.78
  u_impl/u_core/g_row_12__g_col_4__u_pe/u_sol/u_black_q_reg_15_/CP (EDFCNQD1)   0.00     10.78 r    (94.03,253.69)
  library setup time                                                           -0.17     10.61
  data required time                                                                     10.61
  -----------------------------------------------------------------------------------------------------------------------
  data required time                                                                     10.61
  data arrival time                                                                     -10.61
  -----------------------------------------------------------------------------------------------------------------------
  slack (VIOLATED)                                                                       -0.01



  Startpoint: u_impl/u_core/u_tcu/state_q_reg_0_ (rising edge-triggered flip-flop clocked by core_clk)
  Endpoint: u_impl/u_core/g_row_14__g_col_3__u_pe/u_sol/u_red_q_reg_15_ (rising edge-triggered flip-flop clocked by core_clk)
  Mode: FUNC
  Corner: WC
  Scenario: FUNC_WC
  Path Group: core_clk
  Path Type: max

  Point                                                                         Incr      Path          Location
  -----------------------------------------------------------------------------------------------------------------------
  clock core_clk (rise edge)                                                    0.00      0.00
  clock network delay (propagated)                                              0.63      0.63

  u_impl/u_core/u_tcu/state_q_reg_0_/CP (DFCNQD1)                               0.00      0.63 r    (718.32,543.70)
  u_impl/u_core/u_tcu/state_q_reg_0_/Q (DFCNQD1)                                0.39      1.02 f    (722.49,543.71)
  u_impl/u_core/u_tcu/U10/ZN (CKND0)                                            0.18      1.20 r    (717.75,541.88)
  u_impl/u_core/u_tcu/U31/Z (OR2D4)                                             0.40      1.59 r    (712.65,540.12)
  u_impl/u_core/u_tcu/HFSBUF_40901_13921/Z (CKBD4)                              0.43      2.02 r    (692.85,543.70)
  u_impl/u_core/u_tcu/HFSBUF_40120_13920/Z (CKBD3)                              0.46      2.48 r    (701.42,541.92)
  u_impl/u_core/u_tcu/HFSINV_35795_13908/ZN (CKND2)                             0.31      2.79 f    (736.63,561.82)
  u_impl/u_core/u_tcu/U8/ZN (CKND2D0)                                           0.23      3.02 r    (729.05,543.72)
  u_impl/u_core/u_tcu/U34/Z (MUX2D0)                                            0.27      3.28 r    (727.28,541.80)
  u_impl/u_core/HFSBUF_194776_14362/Z (BUFFD1)                                  0.35      3.64 r    (745.88,541.90)
  u_impl/u_core/HFSBUF_106263_14307/Z (CKBD3)                                   0.43      4.06 r    (745.18,442.89)
  u_impl/u_core/ZBUF_834_inst_17319/Z (CKBD4)                                   0.44      4.50 r    (348.25,277.30)
  u_impl/u_core/HFSBUF_85468_14260/Z (CKBD3)                                    0.44      4.94 r    (245.18,279.12)
  u_impl/u_core/HFSBUF_68525_14231/Z (CKBD3)                                    0.43      5.37 r    (209.78,288.09)
  u_impl/u_core/HFSINV_57083_14226/ZN (CKND2)                                   0.42      5.79 f    (166.77,498.59)
  u_impl/u_core/g_row_14__g_col_3__u_pe/U12/ZN (CKND2D0)                        0.25      6.04 r    (196.75,500.52)
  u_impl/u_core/g_row_14__g_col_3__u_pe/U34/ZN (OAI222D0)                       0.47      6.51 f    (199.89,500.39)
  u_impl/u_core/g_row_14__g_col_3__u_pe/ctmTdsLR_1_16430/ZN (OAI221D0)          0.60      7.11 r    (194.59,498.81)
  u_impl/u_core/g_row_14__g_col_3__u_pe/HFSBUF_47_6091/Z (CKBD0)                0.45      7.56 r    (144.31,502.28)
  u_impl/u_core/g_row_14__g_col_3__u_pe/u_sol/U52/CO (FA1D0)                    0.38      7.94 r    (58.71,500.62)
  u_impl/u_core/g_row_14__g_col_3__u_pe/u_sol/U7/CO (FA1D0)                     0.17      8.10 r    (53.31,500.62)
  u_impl/u_core/g_row_14__g_col_3__u_pe/u_sol/U10/CO (FA1D0)                    0.16      8.26 r    (52.51,505.78)
  u_impl/u_core/g_row_14__g_col_3__u_pe/u_sol/U14/CO (FA1D0)                    0.16      8.41 r    (51.31,507.82)
  u_impl/u_core/g_row_14__g_col_3__u_pe/u_sol/U18/CO (FA1D0)                    0.16      8.57 r    (51.91,509.38)
  u_impl/u_core/g_row_14__g_col_3__u_pe/u_sol/U22/CO (FA1D0)                    0.16      8.73 r    (49.51,512.98)
  u_impl/u_core/g_row_14__g_col_3__u_pe/u_sol/U28/CO (FA1D0)                    0.16      8.89 r    (49.51,516.58)
  u_impl/u_core/g_row_14__g_col_3__u_pe/u_sol/U58/CO (FA1D0)                    0.17      9.06 r    (53.09,518.62)
  u_impl/u_core/g_row_14__g_col_3__u_pe/u_sol/U61/CO (FA1D0)                    0.17      9.23 r    (58.89,515.02)
  u_impl/u_core/g_row_14__g_col_3__u_pe/u_sol/U64/CO (FA1D0)                    0.17      9.40 r    (58.49,511.42)
  u_impl/u_core/g_row_14__g_col_3__u_pe/u_sol/U33/CO (FA1D0)                    0.18      9.58 r    (64.09,515.02)
  u_impl/u_core/g_row_14__g_col_3__u_pe/u_sol/U37/CO (FA1D0)                    0.18      9.76 r    (68.91,507.82)
  u_impl/u_core/g_row_14__g_col_3__u_pe/u_sol/U41/CO (FA1D0)                    0.16      9.92 r    (74.09,505.78)
  u_impl/u_core/g_row_14__g_col_3__u_pe/u_sol/U45/CO (FA1D0)                    0.17     10.09 r    (73.71,504.22)
  u_impl/u_core/g_row_14__g_col_3__u_pe/u_sol/U46/Z (XOR3D0)                    0.33     10.42 r    (72.32,502.30)
  u_impl/u_core/g_row_14__g_col_3__u_pe/u_sol/U47/Z (MUX2D0)                    0.16     10.57 r    (72.28,498.60)
  u_impl/u_core/g_row_14__g_col_3__u_pe/u_sol/u_red_q_reg_15_/D (EDFCNQD1)      0.00     10.57 r    (69.72,500.69)
  data arrival time                                                                      10.57

  clock core_clk (rise edge)                                                   10.00     10.00
  clock network delay (propagated)                                              0.75     10.75
  u_impl/u_core/g_row_14__g_col_3__u_pe/u_sol/u_red_q_reg_15_/CP (EDFCNQD1)     0.00     10.75 r    (70.63,500.72)
  library setup time                                                           -0.18     10.57
  data required time                                                                     10.57
  -----------------------------------------------------------------------------------------------------------------------
  data required time                                                                     10.57
  data arrival time                                                                     -10.57
  -----------------------------------------------------------------------------------------------------------------------
  slack (VIOLATED)                                                                       -0.00



  Startpoint: u_impl/u_core/u_tcu/state_q_reg_0_ (rising edge-triggered flip-flop clocked by core_clk)
  Endpoint: u_impl/u_core/g_row_18__g_col_4__u_pe/u_sol/u_red_q_reg_12_ (rising edge-triggered flip-flop clocked by core_clk)
  Mode: FUNC
  Corner: WC
  Scenario: FUNC_WC
  Path Group: core_clk
  Path Type: max

  Point                                                                         Incr      Path          Location
  -----------------------------------------------------------------------------------------------------------------------
  clock core_clk (rise edge)                                                    0.00      0.00
  clock network delay (propagated)                                              0.63      0.63

  u_impl/u_core/u_tcu/state_q_reg_0_/CP (DFCNQD1)                               0.00      0.63 r    (718.32,543.70)
  u_impl/u_core/u_tcu/state_q_reg_0_/Q (DFCNQD1)                                0.37      1.00 r    (722.49,543.71)
  u_impl/u_core/u_tcu/U10/ZN (CKND0)                                            0.17      1.17 f    (717.75,541.88)
  u_impl/u_core/u_tcu/U31/Z (OR2D4)                                             0.32      1.50 f    (712.65,540.12)
  u_impl/u_core/u_tcu/HFSBUF_40901_13921/Z (CKBD4)                              0.38      1.87 f    (692.85,543.70)
  u_impl/u_core/u_tcu/HFSBUF_40120_13920/Z (CKBD3)                              0.42      2.29 f    (701.42,541.92)
  u_impl/u_core/u_tcu/U36/ZN (OAI22D1)                                          0.41      2.71 r    (718.30,540.08)
  u_impl/u_core/HFSBUF_363769_15082/Z (CKBD3)                                   0.39      3.10 r    (717.42,534.72)
  u_impl/u_core/HFSBUF_363326_14990/Z (CKBD3)                                   0.50      3.60 r    (720.42,354.72)
  u_impl/u_core/HFSBUF_251943_14967/Z (CKBD2)                                   0.51      4.11 r    (859.15,316.90)
  u_impl/u_core/HFSBUF_245573_14965/Z (BUFFD1)                                  0.51      4.62 r    (854.32,315.10)
  u_impl/u_core/g_row_18__g_col_4__u_pe/u_ctrl/U1/ZN (AOI22D0)                  0.20      4.83 f    (805.90,309.79)
  u_impl/u_core/g_row_18__g_col_4__u_pe/U16/Z (BUFFD1)                          0.30      5.13 f    (806.09,307.90)
  u_impl/u_core/g_row_18__g_col_4__u_pe/U21/ZN (INVD0)                          0.38      5.51 r    (803.82,284.50)
  u_impl/u_core/g_row_18__g_col_4__u_pe/U28/ZN (CKND2D0)                        0.24      5.75 f    (808.75,286.28)
  u_impl/u_core/g_row_18__g_col_4__u_pe/U36/ZN (OAI222D0)                       0.33      6.08 r    (810.29,287.99)
  u_impl/u_core/g_row_18__g_col_4__u_pe/ctmTdsLR_1_16458/ZN (OAI221D1)          0.39      6.47 f    (807.78,280.90)
  u_impl/u_core/g_row_18__g_col_4__u_pe/u_sol/U55/CO (FA1D0)                    0.35      6.81 f    (855.49,277.42)
  u_impl/u_core/g_row_18__g_col_4__u_pe/u_sol/U7/CO (FA1D0)                     0.17      6.98 f    (862.09,281.02)
  u_impl/u_core/g_row_18__g_col_4__u_pe/u_sol/U10/CO (FA1D0)                    0.16      7.15 f    (864.09,284.62)
  u_impl/u_core/g_row_18__g_col_4__u_pe/u_sol/U14/CO (FA1D0)                    0.18      7.32 f    (869.29,284.62)
  u_impl/u_core/g_row_18__g_col_4__u_pe/u_sol/U18/CO (FA1D0)                    0.17      7.50 f    (870.09,273.82)
  u_impl/u_core/g_row_18__g_col_4__u_pe/u_sol/U22/CO (FA1D0)                    0.17      7.66 f    (869.89,270.22)
  u_impl/u_core/g_row_18__g_col_4__u_pe/u_sol/U27/CO (FA1D0)                    0.16      7.83 f    (868.49,266.62)
  u_impl/u_core/g_row_18__g_col_4__u_pe/u_sol/U61/CO (FA1D0)                    0.16      7.99 f    (864.11,264.58)
  u_impl/u_core/g_row_18__g_col_4__u_pe/u_sol/U64/CO (FA1D0)                    0.16      8.15 f    (862.91,263.02)
  u_impl/u_core/g_row_18__g_col_4__u_pe/u_sol/U32/CO (FA1D0)                    0.17      8.32 f    (859.11,264.58)
  u_impl/u_core/g_row_18__g_col_4__u_pe/u_sol/U36/CO (FA1D0)                    0.17      8.49 f    (851.31,264.58)
  u_impl/u_core/g_row_18__g_col_4__u_pe/u_sol/U40/S (FA1D0)                     0.22      8.71 r    (848.22,260.97)
  u_impl/u_core/g_row_18__g_col_4__u_pe/u_sol/U38/Z (MUX2D0)                    0.15      8.86 r    (850.32,255.81)
  u_impl/u_core/g_row_18__g_col_4__u_pe/u_sol/copt_h_inst_20535/Z (DEL1)        1.69     10.55 r    (846.72,255.72)
  u_impl/u_core/g_row_18__g_col_4__u_pe/u_sol/u_red_q_reg_12_/D (EDFCNQD1)      0.00     10.55 r    (847.12,253.72)
  data arrival time                                                                      10.55

  clock core_clk (rise edge)                                                   10.00     10.00
  clock network delay (propagated)                                              0.71     10.71
  u_impl/u_core/g_row_18__g_col_4__u_pe/u_sol/u_red_q_reg_12_/CP (EDFCNQD1)     0.00     10.71 r    (848.03,253.69)
  library setup time                                                           -0.16     10.55
  data required time                                                                     10.55
  -----------------------------------------------------------------------------------------------------------------------
  data required time                                                                     10.55
  data arrival time                                                                     -10.55
  -----------------------------------------------------------------------------------------------------------------------
  slack (MET)                                                                             0.00



  Startpoint: u_impl/u_core/u_tcu/state_q_reg_0_ (rising edge-triggered flip-flop clocked by core_clk)
  Endpoint: u_impl/u_core/g_row_14__g_col_3__u_pe/u_sol/u_black_q_reg_15_ (rising edge-triggered flip-flop clocked by core_clk)
  Mode: FUNC
  Corner: WC
  Scenario: FUNC_WC
  Path Group: core_clk
  Path Type: max

  Point                                                                         Incr      Path          Location
  -----------------------------------------------------------------------------------------------------------------------
  clock core_clk (rise edge)                                                    0.00      0.00
  clock network delay (propagated)                                              0.63      0.63

  u_impl/u_core/u_tcu/state_q_reg_0_/CP (DFCNQD1)                               0.00      0.63 r    (718.32,543.70)
  u_impl/u_core/u_tcu/state_q_reg_0_/Q (DFCNQD1)                                0.39      1.02 f    (722.49,543.71)
  u_impl/u_core/u_tcu/U10/ZN (CKND0)                                            0.18      1.20 r    (717.75,541.88)
  u_impl/u_core/u_tcu/U31/Z (OR2D4)                                             0.40      1.59 r    (712.65,540.12)
  u_impl/u_core/u_tcu/HFSBUF_40901_13921/Z (CKBD4)                              0.43      2.02 r    (692.85,543.70)
  u_impl/u_core/u_tcu/HFSBUF_40120_13920/Z (CKBD3)                              0.46      2.48 r    (701.42,541.92)
  u_impl/u_core/u_tcu/HFSINV_35795_13908/ZN (CKND2)                             0.31      2.79 f    (736.63,561.82)
  u_impl/u_core/u_tcu/U8/ZN (CKND2D0)                                           0.23      3.02 r    (729.05,543.72)
  u_impl/u_core/u_tcu/U34/Z (MUX2D0)                                            0.27      3.28 r    (727.28,541.80)
  u_impl/u_core/HFSBUF_194776_14362/Z (BUFFD1)                                  0.35      3.64 r    (745.88,541.90)
  u_impl/u_core/HFSBUF_106263_14307/Z (CKBD3)                                   0.43      4.06 r    (745.18,442.89)
  u_impl/u_core/ZBUF_834_inst_17319/Z (CKBD4)                                   0.44      4.50 r    (348.25,277.30)
  u_impl/u_core/HFSBUF_85468_14260/Z (CKBD3)                                    0.44      4.94 r    (245.18,279.12)
  u_impl/u_core/HFSBUF_68525_14231/Z (CKBD3)                                    0.43      5.37 r    (209.78,288.09)
  u_impl/u_core/HFSINV_57083_14226/ZN (CKND2)                                   0.42      5.79 f    (166.77,498.59)
  u_impl/u_core/g_row_14__g_col_3__u_pe/U12/ZN (CKND2D0)                        0.25      6.04 r    (196.75,500.52)
  u_impl/u_core/g_row_14__g_col_3__u_pe/U34/ZN (OAI222D0)                       0.47      6.51 f    (199.89,500.39)
  u_impl/u_core/g_row_14__g_col_3__u_pe/ctmTdsLR_1_16430/ZN (OAI221D0)          0.60      7.11 r    (194.59,498.81)
  u_impl/u_core/g_row_14__g_col_3__u_pe/HFSBUF_47_6091/Z (CKBD0)                0.45      7.56 r    (144.31,502.28)
  u_impl/u_core/g_row_14__g_col_3__u_pe/u_sol/U52/CO (FA1D0)                    0.38      7.94 r    (58.71,500.62)
  u_impl/u_core/g_row_14__g_col_3__u_pe/u_sol/U7/CO (FA1D0)                     0.17      8.10 r    (53.31,500.62)
  u_impl/u_core/g_row_14__g_col_3__u_pe/u_sol/U10/CO (FA1D0)                    0.16      8.26 r    (52.51,505.78)
  u_impl/u_core/g_row_14__g_col_3__u_pe/u_sol/U14/CO (FA1D0)                    0.16      8.41 r    (51.31,507.82)
  u_impl/u_core/g_row_14__g_col_3__u_pe/u_sol/U18/CO (FA1D0)                    0.16      8.57 r    (51.91,509.38)
  u_impl/u_core/g_row_14__g_col_3__u_pe/u_sol/U22/CO (FA1D0)                    0.16      8.73 r    (49.51,512.98)
  u_impl/u_core/g_row_14__g_col_3__u_pe/u_sol/U28/CO (FA1D0)                    0.16      8.89 r    (49.51,516.58)
  u_impl/u_core/g_row_14__g_col_3__u_pe/u_sol/U58/CO (FA1D0)                    0.17      9.06 r    (53.09,518.62)
  u_impl/u_core/g_row_14__g_col_3__u_pe/u_sol/U61/CO (FA1D0)                    0.17      9.23 r    (58.89,515.02)
  u_impl/u_core/g_row_14__g_col_3__u_pe/u_sol/U64/CO (FA1D0)                    0.17      9.40 r    (58.49,511.42)
  u_impl/u_core/g_row_14__g_col_3__u_pe/u_sol/U33/CO (FA1D0)                    0.18      9.58 r    (64.09,515.02)
  u_impl/u_core/g_row_14__g_col_3__u_pe/u_sol/U37/CO (FA1D0)                    0.18      9.76 r    (68.91,507.82)
  u_impl/u_core/g_row_14__g_col_3__u_pe/u_sol/U41/CO (FA1D0)                    0.16      9.92 r    (74.09,505.78)
  u_impl/u_core/g_row_14__g_col_3__u_pe/u_sol/U45/CO (FA1D0)                    0.17     10.09 r    (73.71,504.22)
  u_impl/u_core/g_row_14__g_col_3__u_pe/u_sol/U46/Z (XOR3D0)                    0.33     10.42 r    (72.32,502.30)
  u_impl/u_core/g_row_14__g_col_3__u_pe/u_sol/U48/Z (MUX2D0)                    0.15     10.57 r    (66.72,500.61)
  u_impl/u_core/g_row_14__g_col_3__u_pe/u_sol/u_black_q_reg_15_/D (EDFCNQD1)    0.00     10.57 r    (64.12,498.52)
  data arrival time                                                                      10.57

  clock core_clk (rise edge)                                                   10.00     10.00
  clock network delay (propagated)                                              0.75     10.75
  u_impl/u_core/g_row_14__g_col_3__u_pe/u_sol/u_black_q_reg_15_/CP (EDFCNQD1)   0.00     10.75 r    (65.03,498.49)
  library setup time                                                           -0.18     10.57
  data required time                                                                     10.57
  -----------------------------------------------------------------------------------------------------------------------
  data required time                                                                     10.57
  data arrival time                                                                     -10.57
  -----------------------------------------------------------------------------------------------------------------------
  slack (MET)                                                                             0.00



  Startpoint: u_impl/u_core/u_tcu/state_q_reg_0_ (rising edge-triggered flip-flop clocked by core_clk)
  Endpoint: u_impl/u_core/g_row_14__g_col_9__u_pe/u_sol/u_red_q_reg_12_ (rising edge-triggered flip-flop clocked by core_clk)
  Mode: FUNC
  Corner: WC
  Scenario: FUNC_WC
  Path Group: core_clk
  Path Type: max

  Point                                                                         Incr      Path          Location
  -----------------------------------------------------------------------------------------------------------------------
  clock core_clk (rise edge)                                                    0.00      0.00
  clock network delay (propagated)                                              0.63      0.63

  u_impl/u_core/u_tcu/state_q_reg_0_/CP (DFCNQD1)                               0.00      0.63 r    (718.32,543.70)
  u_impl/u_core/u_tcu/state_q_reg_0_/Q (DFCNQD1)                                0.39      1.02 f    (722.49,543.71)
  u_impl/u_core/u_tcu/U10/ZN (CKND0)                                            0.18      1.20 r    (717.75,541.88)
  u_impl/u_core/u_tcu/U31/Z (OR2D4)                                             0.40      1.59 r    (712.65,540.12)
  u_impl/u_core/u_tcu/HFSBUF_40901_13921/Z (CKBD4)                              0.43      2.02 r    (692.85,543.70)
  u_impl/u_core/u_tcu/HFSBUF_40120_13920/Z (CKBD3)                              0.46      2.48 r    (701.42,541.92)
  u_impl/u_core/u_tcu/HFSINV_35795_13908/ZN (CKND2)                             0.31      2.79 f    (736.63,561.82)
  u_impl/u_core/u_tcu/U8/ZN (CKND2D0)                                           0.23      3.02 r    (729.05,543.72)
  u_impl/u_core/u_tcu/U33/Z (MUX2D0)                                            0.31      3.33 f    (729.68,541.80)
  u_impl/u_core/HFSINV_231474_14118/ZN (CKND3)                                  0.38      3.71 r    (743.31,541.87)
  u_impl/u_core/HFSBUF_188760_14117/Z (CKBD8)                                   0.34      4.05 r    (744.40,540.10)
  u_impl/u_core/HFSBUF_176381_14108/Z (CKBD3)                                   0.57      4.61 r    (177.98,477.12)
  u_impl/u_core/HFSBUF_122651_14095/Z (CKBD3)                                   0.43      5.04 r    (161.78,399.69)
  u_impl/u_core/HFSBUF_113651_14091/Z (CKBD2)                                   0.36      5.40 r    (155.25,397.90)
  u_impl/u_core/g_row_14__g_col_9__u_pe/U5/ZN (CKND2D0)                         0.26      5.66 f    (120.05,369.08)
  u_impl/u_core/g_row_14__g_col_9__u_pe/U23/ZN (CKND0)                          0.22      5.88 r    (125.45,370.92)
  u_impl/u_core/g_row_14__g_col_9__u_pe/U33/ZN (OAI221D0)                       0.30      6.18 f    (129.99,369.21)
  u_impl/u_core/g_row_14__g_col_9__u_pe/ctmTdsLR_1_16436/ZN (OAI221D1)          0.29      6.48 r    (118.18,372.70)
  u_impl/u_core/g_row_14__g_col_9__u_pe/u_sol/U52/CO (FA1D0)                    0.39      6.86 r    (41.71,376.18)
  u_impl/u_core/g_row_14__g_col_9__u_pe/u_sol/U7/CO (FA1D0)                     0.15      7.02 r    (36.71,376.18)
  u_impl/u_core/g_row_14__g_col_9__u_pe/u_sol/U10/CO (FA1D0)                    0.15      7.17 r    (36.49,376.18)
  u_impl/u_core/g_row_14__g_col_9__u_pe/u_sol/U14/CO (FA1D0)                    0.16      7.33 r    (38.29,372.58)
  u_impl/u_core/g_row_14__g_col_9__u_pe/u_sol/U18/CO (FA1D0)                    0.16      7.49 r    (43.29,372.58)
  u_impl/u_core/g_row_14__g_col_9__u_pe/u_sol/U22/CO (FA1D0)                    0.16      7.65 r    (47.69,374.62)
  u_impl/u_core/g_row_14__g_col_9__u_pe/u_sol/U28/CO (FA1D0)                    0.16      7.81 r    (52.69,374.62)
  u_impl/u_core/g_row_14__g_col_9__u_pe/u_sol/U58/CO (FA1D0)                    0.17      7.98 r    (54.69,371.02)
  u_impl/u_core/g_row_14__g_col_9__u_pe/u_sol/U61/CO (FA1D0)                    0.17      8.15 r    (60.11,371.02)
  u_impl/u_core/g_row_14__g_col_9__u_pe/u_sol/U64/CO (FA1D0)                    0.17      8.32 r    (62.51,374.62)
  u_impl/u_core/g_row_14__g_col_9__u_pe/u_sol/U33/CO (FA1D0)                    0.16      8.48 r    (62.51,379.78)
  u_impl/u_core/g_row_14__g_col_9__u_pe/u_sol/U37/S (FA1D0)                     0.22      8.70 r    (61.58,381.84)
  u_impl/u_core/g_row_14__g_col_9__u_pe/u_sol/U34/Z (MUX2D0)                    0.16      8.86 r    (54.12,387.00)
  u_impl/u_core/g_row_14__g_col_9__u_pe/u_sol/copt_h_inst_19849/Z (DEL1)        1.70     10.55 r    (57.08,390.69)
  u_impl/u_core/g_row_14__g_col_9__u_pe/u_sol/u_red_q_reg_12_/D (EDFCNQD1)      0.00     10.55 r    (56.12,389.09)
  data arrival time                                                                      10.55

  clock core_clk (rise edge)                                                   10.00     10.00
  clock network delay (propagated)                                              0.77     10.77
  u_impl/u_core/g_row_14__g_col_9__u_pe/u_sol/u_red_q_reg_12_/CP (EDFCNQD1)     0.00     10.77 r    (57.03,389.12)
  library setup time                                                           -0.19     10.58
  data required time                                                                     10.58
  -----------------------------------------------------------------------------------------------------------------------
  data required time                                                                     10.58
  data arrival time                                                                     -10.55
  -----------------------------------------------------------------------------------------------------------------------
  slack (MET)                                                                             0.02



  Startpoint: u_impl/u_core/u_tcu/state_q_reg_0_ (rising edge-triggered flip-flop clocked by core_clk)
  Endpoint: u_impl/u_core/g_row_7__g_col_9__u_pe/u_sol/u_red_q_reg_9_ (rising edge-triggered flip-flop clocked by core_clk)
  Mode: FUNC
  Corner: WC
  Scenario: FUNC_WC
  Path Group: core_clk
  Path Type: max

  Point                                                                         Incr      Path          Location
  -----------------------------------------------------------------------------------------------------------------------
  clock core_clk (rise edge)                                                    0.00      0.00
  clock network delay (propagated)                                              0.63      0.63

  u_impl/u_core/u_tcu/state_q_reg_0_/CP (DFCNQD1)                               0.00      0.63 r    (718.32,543.70)
  u_impl/u_core/u_tcu/state_q_reg_0_/Q (DFCNQD1)                                0.39      1.02 f    (722.49,543.71)
  u_impl/u_core/u_tcu/U10/ZN (CKND0)                                            0.18      1.20 r    (717.75,541.88)
  u_impl/u_core/u_tcu/U31/Z (OR2D4)                                             0.40      1.59 r    (712.65,540.12)
  u_impl/u_core/u_tcu/HFSBUF_40901_13921/Z (CKBD4)                              0.43      2.02 r    (692.85,543.70)
  u_impl/u_core/u_tcu/HFSBUF_40120_13920/Z (CKBD3)                              0.46      2.48 r    (701.42,541.92)
  u_impl/u_core/u_tcu/HFSINV_35795_13908/ZN (CKND2)                             0.31      2.79 f    (736.63,561.82)
  u_impl/u_core/u_tcu/U8/ZN (CKND2D0)                                           0.23      3.02 r    (729.05,543.72)
  u_impl/u_core/u_tcu/U33/Z (MUX2D0)                                            0.31      3.33 f    (729.68,541.80)
  u_impl/u_core/HFSINV_231474_14118/ZN (CKND3)                                  0.38      3.71 r    (743.31,541.87)
  u_impl/u_core/HFSBUF_188760_14117/Z (CKBD8)                                   0.34      4.05 r    (744.40,540.10)
  u_impl/u_core/HFSBUF_176381_14108/Z (CKBD3)                                   0.57      4.61 r    (177.98,477.12)
  u_impl/u_core/HFSBUF_175922_14082/Z (CKBD3)                                   0.46      5.07 r    (179.82,473.52)
  u_impl/u_core/HFSBUF_131879_14063/Z (CKBD2)                                   0.43      5.51 r    (218.55,549.10)
  u_impl/u_core/g_row_7__g_col_9__u_pe/U15/ZN (CKND2D0)                         0.26      5.77 f    (237.75,543.72)
  u_impl/u_core/g_row_7__g_col_9__u_pe/U23/ZN (CKND0)                           0.24      6.01 r    (245.45,543.72)
  u_impl/u_core/g_row_7__g_col_9__u_pe/U33/ZN (OAI221D0)                        0.35      6.35 f    (259.99,534.81)
  u_impl/u_core/g_row_7__g_col_9__u_pe/ctmTdsLR_1_16388/ZN (OAI221D0)           0.33      6.69 r    (240.61,542.01)
  u_impl/u_core/g_row_7__g_col_9__u_pe/HFSBUF_49_7579/Z (BUFFD1)                0.35      7.04 r    (189.72,541.90)
  u_impl/u_core/g_row_7__g_col_9__u_pe/u_sol/U62/CO (FA1D0)                     0.35      7.39 r    (62.51,547.42)
  u_impl/u_core/g_row_7__g_col_9__u_pe/u_sol/U8/CO (FA1D0)                      0.16      7.55 r    (59.51,551.02)
  u_impl/u_core/g_row_7__g_col_9__u_pe/u_sol/U11/CO (FA1D0)                     0.16      7.72 r    (60.91,554.62)
  u_impl/u_core/g_row_7__g_col_9__u_pe/u_sol/U15/CO (FA1D0)                     0.17      7.89 r    (59.71,559.78)
  u_impl/u_core/g_row_7__g_col_9__u_pe/u_sol/U19/CO (FA1D0)                     0.16      8.05 r    (49.71,558.22)
  u_impl/u_core/g_row_7__g_col_9__u_pe/u_sol/U23/CO (FA1D0)                     0.15      8.20 r    (44.71,558.22)
  u_impl/u_core/g_row_7__g_col_9__u_pe/u_sol/U27/CO (FA1D0)                     0.15      8.36 r    (39.71,558.22)
  u_impl/u_core/g_row_7__g_col_9__u_pe/u_sol/U31/CO (FA1D0)                     0.15      8.51 r    (34.71,558.22)
  u_impl/u_core/g_row_7__g_col_9__u_pe/u_sol/U35/S (FA1D0)                      0.21      8.72 r    (34.78,559.76)
  u_impl/u_core/g_row_7__g_col_9__u_pe/u_sol/U32/Z (MUX2D0)                     0.15      8.87 r    (30.32,563.39)
  u_impl/u_core/g_row_7__g_col_9__u_pe/u_sol/copt_h_inst_19896/Z (DEL1)         1.70     10.57 r    (27.52,565.32)
  u_impl/u_core/g_row_7__g_col_9__u_pe/u_sol/u_red_q_reg_9_/D (EDFCNQD1)        0.00     10.57 r    (29.12,566.92)
  data arrival time                                                                      10.57

  clock core_clk (rise edge)                                                   10.00     10.00
  clock network delay (propagated)                                              0.78     10.78
  u_impl/u_core/g_row_7__g_col_9__u_pe/u_sol/u_red_q_reg_9_/CP (EDFCNQD1)       0.00     10.78 r    (30.03,566.88)
  library setup time                                                           -0.19     10.59
  data required time                                                                     10.59
  -----------------------------------------------------------------------------------------------------------------------
  data required time                                                                     10.59
  data arrival time                                                                     -10.57
  -----------------------------------------------------------------------------------------------------------------------
  slack (MET)                                                                             0.02



  Startpoint: u_impl/u_core/u_tcu/state_q_reg_0_ (rising edge-triggered flip-flop clocked by core_clk)
  Endpoint: u_impl/u_core/g_row_8__g_col_2__u_pe/u_sol/u_black_q_reg_15_ (rising edge-triggered flip-flop clocked by core_clk)
  Mode: FUNC
  Corner: WC
  Scenario: FUNC_WC
  Path Group: core_clk
  Path Type: max

  Point                                                                         Incr      Path          Location
  -----------------------------------------------------------------------------------------------------------------------
  clock core_clk (rise edge)                                                    0.00      0.00
  clock network delay (propagated)                                              0.63      0.63

  u_impl/u_core/u_tcu/state_q_reg_0_/CP (DFCNQD1)                               0.00      0.63 r    (718.32,543.70)
  u_impl/u_core/u_tcu/state_q_reg_0_/Q (DFCNQD1)                                0.39      1.02 f    (722.49,543.71)
  u_impl/u_core/u_tcu/U10/ZN (CKND0)                                            0.18      1.20 r    (717.75,541.88)
  u_impl/u_core/u_tcu/U31/Z (OR2D4)                                             0.40      1.59 r    (712.65,540.12)
  u_impl/u_core/u_tcu/HFSBUF_40901_13921/Z (CKBD4)                              0.43      2.02 r    (692.85,543.70)
  u_impl/u_core/u_tcu/HFSBUF_40120_13920/Z (CKBD3)                              0.46      2.48 r    (701.42,541.92)
  u_impl/u_core/u_tcu/HFSINV_35795_13908/ZN (CKND2)                             0.31      2.79 f    (736.63,561.82)
  u_impl/u_core/u_tcu/U8/ZN (CKND2D0)                                           0.23      3.02 r    (729.05,543.72)
  u_impl/u_core/u_tcu/U34/Z (MUX2D0)                                            0.27      3.28 r    (727.28,541.80)
  u_impl/u_core/HFSBUF_194776_14362/Z (BUFFD1)                                  0.35      3.64 r    (745.88,541.90)
  u_impl/u_core/HFSBUF_106263_14307/Z (CKBD3)                                   0.43      4.06 r    (745.18,442.89)
  u_impl/u_core/ZBUF_834_inst_17319/Z (CKBD4)                                   0.44      4.50 r    (348.25,277.30)
  u_impl/u_core/HFSBUF_41674_14276/Z (CKBD3)                                    0.42      4.92 r    (247.18,187.28)
  u_impl/u_core/HFSINV_35904_14272/ZN (CKND0)                                   0.50      5.42 f    (238.15,180.12)
  u_impl/u_core/g_row_8__g_col_2__u_pe/HFSBUF_35856_14271/Z (CKBD0)             0.50      5.92 f    (229.51,189.08)
  u_impl/u_core/g_row_8__g_col_2__u_pe/U22/ZN (CKND2D0)                         0.34      6.26 r    (224.05,207.08)
  u_impl/u_core/g_row_8__g_col_2__u_pe/U23/ZN (CKND0)                           0.22      6.48 f    (227.85,210.68)
  u_impl/u_core/g_row_8__g_col_2__u_pe/U33/ZN (OAI221D0)                        0.20      6.68 r    (232.99,215.99)
  u_impl/u_core/g_row_8__g_col_2__u_pe/ctmTdsLR_1_16391/ZN (OAI221D0)           0.42      7.09 f    (219.01,208.79)
  u_impl/u_core/g_row_8__g_col_2__u_pe/HFSBUF_70_7616/Z (BUFFD1)                0.32      7.42 f    (203.31,190.90)
  u_impl/u_core/g_row_8__g_col_2__u_pe/u_sol/U60/CO (FA1D0)                     0.30      7.71 f    (129.29,116.98)
  u_impl/u_core/g_row_8__g_col_2__u_pe/u_sol/U63/CO (FA1D0)                     0.16      7.88 f    (130.29,122.62)
  u_impl/u_core/g_row_8__g_col_2__u_pe/u_sol/U9/CO (FA1D0)                      0.17      8.05 f    (129.51,126.22)
  u_impl/u_core/g_row_8__g_col_2__u_pe/u_sol/U13/CO (FA1D0)                     0.17      8.21 f    (127.91,131.38)
  u_impl/u_core/g_row_8__g_col_2__u_pe/u_sol/U17/CO (FA1D0)                     0.17      8.38 f    (124.91,134.98)
  u_impl/u_core/g_row_8__g_col_2__u_pe/u_sol/U21/CO (FA1D0)                     0.16      8.55 f    (119.91,137.02)
  u_impl/u_core/g_row_8__g_col_2__u_pe/u_sol/U25/CO (FA1D0)                     0.16      8.71 f    (116.71,138.58)
  u_impl/u_core/g_row_8__g_col_2__u_pe/u_sol/U29/CO (FA1D0)                     0.16      8.87 f    (110.51,138.58)
  u_impl/u_core/g_row_8__g_col_2__u_pe/u_sol/U33/CO (FA1D0)                     0.16      9.03 f    (105.51,138.58)
  u_impl/u_core/g_row_8__g_col_2__u_pe/u_sol/U37/CO (FA1D0)                     0.18      9.21 f    (105.29,138.58)
  u_impl/u_core/g_row_8__g_col_2__u_pe/u_sol/U41/CO (FA1D0)                     0.17      9.38 f    (112.89,126.22)
  u_impl/u_core/g_row_8__g_col_2__u_pe/u_sol/U45/CO (FA1D0)                     0.16      9.54 f    (111.11,124.18)
  u_impl/u_core/g_row_8__g_col_2__u_pe/u_sol/U49/CO (FA1D0)                     0.16      9.70 f    (111.51,122.62)
  u_impl/u_core/g_row_8__g_col_2__u_pe/u_sol/U53/CO (FA1D0)                     0.16      9.86 f    (115.09,119.02)
  u_impl/u_core/g_row_8__g_col_2__u_pe/u_sol/U54/Z (XOR3D0)                     0.32     10.19 r    (118.48,118.90)
  u_impl/u_core/g_row_8__g_col_2__u_pe/u_sol/U56/Z (MUX2D0)                     0.16     10.35 r    (117.72,109.80)
  u_impl/u_core/g_row_8__g_col_2__u_pe/u_sol/u_black_q_reg_15_/D (EDFCNQD1)     0.00     10.35 r    (115.12,113.32)
  data arrival time                                                                      10.35

  clock core_clk (rise edge)                                                   10.00     10.00
  clock network delay (propagated)                                              0.56     10.56
  u_impl/u_core/g_row_8__g_col_2__u_pe/u_sol/u_black_q_reg_15_/CP (EDFCNQD1)    0.00     10.56 r    (116.03,113.29)
  library setup time                                                           -0.17     10.38
  data required time                                                                     10.38
  -----------------------------------------------------------------------------------------------------------------------
  data required time                                                                     10.38
  data arrival time                                                                     -10.35
  -----------------------------------------------------------------------------------------------------------------------
  slack (MET)                                                                             0.03



  Startpoint: u_impl/u_core/u_tcu/state_q_reg_0_ (rising edge-triggered flip-flop clocked by core_clk)
  Endpoint: u_impl/u_core/g_row_8__g_col_2__u_pe/u_sol/u_red_q_reg_15_ (rising edge-triggered flip-flop clocked by core_clk)
  Mode: FUNC
  Corner: WC
  Scenario: FUNC_WC
  Path Group: core_clk
  Path Type: max

  Point                                                                         Incr      Path          Location
  -----------------------------------------------------------------------------------------------------------------------
  clock core_clk (rise edge)                                                    0.00      0.00
  clock network delay (propagated)                                              0.63      0.63

  u_impl/u_core/u_tcu/state_q_reg_0_/CP (DFCNQD1)                               0.00      0.63 r    (718.32,543.70)
  u_impl/u_core/u_tcu/state_q_reg_0_/Q (DFCNQD1)                                0.39      1.02 f    (722.49,543.71)
  u_impl/u_core/u_tcu/U10/ZN (CKND0)                                            0.18      1.20 r    (717.75,541.88)
  u_impl/u_core/u_tcu/U31/Z (OR2D4)                                             0.40      1.59 r    (712.65,540.12)
  u_impl/u_core/u_tcu/HFSBUF_40901_13921/Z (CKBD4)                              0.43      2.02 r    (692.85,543.70)
  u_impl/u_core/u_tcu/HFSBUF_40120_13920/Z (CKBD3)                              0.46      2.48 r    (701.42,541.92)
  u_impl/u_core/u_tcu/HFSINV_35795_13908/ZN (CKND2)                             0.31      2.79 f    (736.63,561.82)
  u_impl/u_core/u_tcu/U8/ZN (CKND2D0)                                           0.23      3.02 r    (729.05,543.72)
  u_impl/u_core/u_tcu/U34/Z (MUX2D0)                                            0.27      3.28 r    (727.28,541.80)
  u_impl/u_core/HFSBUF_194776_14362/Z (BUFFD1)                                  0.35      3.64 r    (745.88,541.90)
  u_impl/u_core/HFSBUF_106263_14307/Z (CKBD3)                                   0.43      4.06 r    (745.18,442.89)
  u_impl/u_core/ZBUF_834_inst_17319/Z (CKBD4)                                   0.44      4.50 r    (348.25,277.30)
  u_impl/u_core/HFSBUF_41674_14276/Z (CKBD3)                                    0.42      4.92 r    (247.18,187.28)
  u_impl/u_core/HFSINV_35904_14272/ZN (CKND0)                                   0.50      5.42 f    (238.15,180.12)
  u_impl/u_core/g_row_8__g_col_2__u_pe/HFSBUF_35856_14271/Z (CKBD0)             0.50      5.92 f    (229.51,189.08)
  u_impl/u_core/g_row_8__g_col_2__u_pe/U22/ZN (CKND2D0)                         0.34      6.26 r    (224.05,207.08)
  u_impl/u_core/g_row_8__g_col_2__u_pe/U23/ZN (CKND0)                           0.22      6.48 f    (227.85,210.68)
  u_impl/u_core/g_row_8__g_col_2__u_pe/U33/ZN (OAI221D0)                        0.20      6.68 r    (232.99,215.99)
  u_impl/u_core/g_row_8__g_col_2__u_pe/ctmTdsLR_1_16391/ZN (OAI221D0)           0.42      7.09 f    (219.01,208.79)
  u_impl/u_core/g_row_8__g_col_2__u_pe/HFSBUF_70_7616/Z (BUFFD1)                0.32      7.42 f    (203.31,190.90)
  u_impl/u_core/g_row_8__g_col_2__u_pe/u_sol/U60/CO (FA1D0)                     0.30      7.71 f    (129.29,116.98)
  u_impl/u_core/g_row_8__g_col_2__u_pe/u_sol/U63/CO (FA1D0)                     0.16      7.88 f    (130.29,122.62)
  u_impl/u_core/g_row_8__g_col_2__u_pe/u_sol/U9/CO (FA1D0)                      0.17      8.05 f    (129.51,126.22)
  u_impl/u_core/g_row_8__g_col_2__u_pe/u_sol/U13/CO (FA1D0)                     0.17      8.21 f    (127.91,131.38)
  u_impl/u_core/g_row_8__g_col_2__u_pe/u_sol/U17/CO (FA1D0)                     0.17      8.38 f    (124.91,134.98)
  u_impl/u_core/g_row_8__g_col_2__u_pe/u_sol/U21/CO (FA1D0)                     0.16      8.55 f    (119.91,137.02)
  u_impl/u_core/g_row_8__g_col_2__u_pe/u_sol/U25/CO (FA1D0)                     0.16      8.71 f    (116.71,138.58)
  u_impl/u_core/g_row_8__g_col_2__u_pe/u_sol/U29/CO (FA1D0)                     0.16      8.87 f    (110.51,138.58)
  u_impl/u_core/g_row_8__g_col_2__u_pe/u_sol/U33/CO (FA1D0)                     0.16      9.03 f    (105.51,138.58)
  u_impl/u_core/g_row_8__g_col_2__u_pe/u_sol/U37/CO (FA1D0)                     0.18      9.21 f    (105.29,138.58)
  u_impl/u_core/g_row_8__g_col_2__u_pe/u_sol/U41/CO (FA1D0)                     0.17      9.38 f    (112.89,126.22)
  u_impl/u_core/g_row_8__g_col_2__u_pe/u_sol/U45/CO (FA1D0)                     0.16      9.54 f    (111.11,124.18)
  u_impl/u_core/g_row_8__g_col_2__u_pe/u_sol/U49/CO (FA1D0)                     0.16      9.70 f    (111.51,122.62)
  u_impl/u_core/g_row_8__g_col_2__u_pe/u_sol/U53/CO (FA1D0)                     0.16      9.86 f    (115.09,119.02)
  u_impl/u_core/g_row_8__g_col_2__u_pe/u_sol/U54/Z (XOR3D0)                     0.32     10.19 r    (118.48,118.90)
  u_impl/u_core/g_row_8__g_col_2__u_pe/u_sol/U55/Z (MUX2D0)                     0.16     10.34 r    (114.72,111.81)
  u_impl/u_core/g_row_8__g_col_2__u_pe/u_sol/u_red_q_reg_15_/D (EDFCNQD1)       0.00     10.34 r    (111.92,109.72)
  data arrival time                                                                      10.34

  clock core_clk (rise edge)                                                   10.00     10.00
  clock network delay (propagated)                                              0.56     10.56
  u_impl/u_core/g_row_8__g_col_2__u_pe/u_sol/u_red_q_reg_15_/CP (EDFCNQD1)      0.00     10.56 r    (112.83,109.69)
  library setup time                                                           -0.17     10.39
  data required time                                                                     10.39
  -----------------------------------------------------------------------------------------------------------------------
  data required time                                                                     10.39
  data arrival time                                                                     -10.34
  -----------------------------------------------------------------------------------------------------------------------
  slack (MET)                                                                             0.04



  Startpoint: u_impl/u_core/u_tcu/state_q_reg_0_ (rising edge-triggered flip-flop clocked by core_clk)
  Endpoint: u_impl/u_core/g_row_6__g_col_9__u_pe/u_sol/u_black_q_reg_15_ (rising edge-triggered flip-flop clocked by core_clk)
  Mode: FUNC
  Corner: WC
  Scenario: FUNC_WC
  Path Group: core_clk
  Path Type: max

  Point                                                                         Incr      Path          Location
  -----------------------------------------------------------------------------------------------------------------------
  clock core_clk (rise edge)                                                    0.00      0.00
  clock network delay (propagated)                                              0.63      0.63

  u_impl/u_core/u_tcu/state_q_reg_0_/CP (DFCNQD1)                               0.00      0.63 r    (718.32,543.70)
  u_impl/u_core/u_tcu/state_q_reg_0_/Q (DFCNQD1)                                0.39      1.02 f    (722.49,543.71)
  u_impl/u_core/u_tcu/U10/ZN (CKND0)                                            0.18      1.20 r    (717.75,541.88)
  u_impl/u_core/u_tcu/U31/Z (OR2D4)                                             0.40      1.59 r    (712.65,540.12)
  u_impl/u_core/u_tcu/HFSBUF_40901_13921/Z (CKBD4)                              0.43      2.02 r    (692.85,543.70)
  u_impl/u_core/u_tcu/HFSBUF_40120_13920/Z (CKBD3)                              0.46      2.48 r    (701.42,541.92)
  u_impl/u_core/u_tcu/HFSINV_35795_13908/ZN (CKND2)                             0.31      2.79 f    (736.63,561.82)
  u_impl/u_core/u_tcu/U8/ZN (CKND2D0)                                           0.23      3.02 r    (729.05,543.72)
  u_impl/u_core/u_tcu/U34/Z (MUX2D0)                                            0.27      3.28 r    (727.28,541.80)
  u_impl/u_core/HFSBUF_194776_14362/Z (BUFFD1)                                  0.35      3.64 r    (745.88,541.90)
  u_impl/u_core/HFSBUF_106263_14307/Z (CKBD3)                                   0.43      4.06 r    (745.18,442.89)
  u_impl/u_core/ZBUF_834_inst_17319/Z (CKBD4)                                   0.44      4.50 r    (348.25,277.30)
  u_impl/u_core/HFSBUF_30445_14220/Z (CKBD2)                                    0.52      5.02 r    (229.45,558.10)
  u_impl/u_core/HFSBUF_29194_14206/Z (CKBD3)                                    0.42      5.44 r    (218.18,613.92)
  u_impl/u_core/HFSINV_17316_14200/ZN (CKND2)                                   0.30      5.75 f    (218.37,649.79)
  u_impl/u_core/g_row_6__g_col_9__u_pe/U28/ZN (CKND2D0)                         0.24      5.98 r    (222.45,635.48)
  u_impl/u_core/g_row_6__g_col_9__u_pe/U36/ZN (OAI222D0)                        0.47      6.45 f    (220.49,637.19)
  u_impl/u_core/g_row_6__g_col_9__u_pe/ctmTdsLR_1_16377/ZN (OAI221D0)           0.50      6.95 r    (216.99,637.19)
  u_impl/u_core/g_row_6__g_col_9__u_pe/HFSBUF_50_7459/Z (CKBD0)                 0.38      7.33 r    (179.31,644.52)
  u_impl/u_core/g_row_6__g_col_9__u_pe/u_sol/U9/CO (FA1D0)                      0.37      7.70 r    (120.69,664.18)
  u_impl/u_core/g_row_6__g_col_9__u_pe/u_sol/U13/CO (FA1D0)                     0.17      7.87 r    (122.09,653.38)
  u_impl/u_core/g_row_6__g_col_9__u_pe/u_sol/U17/CO (FA1D0)                     0.16      8.03 r    (123.29,649.78)
  u_impl/u_core/g_row_6__g_col_9__u_pe/u_sol/U21/CO (FA1D0)                     0.16      8.19 r    (127.09,653.38)
  u_impl/u_core/g_row_6__g_col_9__u_pe/u_sol/U25/CO (FA1D0)                     0.17      8.36 r    (128.49,651.82)
  u_impl/u_core/g_row_6__g_col_9__u_pe/u_sol/U29/CO (FA1D0)                     0.16      8.52 r    (135.89,651.82)
  u_impl/u_core/g_row_6__g_col_9__u_pe/u_sol/U33/CO (FA1D0)                     0.18      8.70 r    (135.91,653.38)
  u_impl/u_core/g_row_6__g_col_9__u_pe/u_sol/U37/CO (FA1D0)                     0.18      8.88 r    (140.31,662.62)
  u_impl/u_core/g_row_6__g_col_9__u_pe/u_sol/U41/CO (FA1D0)                     0.18      9.06 r    (135.51,664.18)
  u_impl/u_core/g_row_6__g_col_9__u_pe/u_sol/U45/CO (FA1D0)                     0.17      9.23 r    (125.51,666.22)
  u_impl/u_core/g_row_6__g_col_9__u_pe/u_sol/U49/CO (FA1D0)                     0.16      9.38 r    (124.71,667.78)
  u_impl/u_core/g_row_6__g_col_9__u_pe/u_sol/U53/CO (FA1D0)                     0.15      9.54 r    (120.51,666.22)
  u_impl/u_core/g_row_6__g_col_9__u_pe/u_sol/U57/CO (FA1D0)                     0.15      9.69 r    (119.71,667.78)
  u_impl/u_core/g_row_6__g_col_9__u_pe/u_sol/U61/CO (FA1D0)                     0.17      9.86 r    (114.71,667.78)
  u_impl/u_core/g_row_6__g_col_9__u_pe/u_sol/U62/Z (XOR3D0)                     0.34     10.20 r    (116.88,671.50)
  u_impl/u_core/g_row_6__g_col_9__u_pe/u_sol/U64/Z (MUX2D0)                     0.17     10.37 r    (111.12,669.81)
  u_impl/u_core/g_row_6__g_col_9__u_pe/u_sol/u_black_q_reg_15_/D (EDFCNQD1)     0.00     10.37 r    (103.92,673.49)
  data arrival time                                                                      10.37

  clock core_clk (rise edge)                                                   10.00     10.00
  clock network delay (propagated)                                              0.61     10.61
  u_impl/u_core/g_row_6__g_col_9__u_pe/u_sol/u_black_q_reg_15_/CP (EDFCNQD1)    0.00     10.61 r    (104.83,673.51)
  library setup time                                                           -0.17     10.44
  data required time                                                                     10.44
  -----------------------------------------------------------------------------------------------------------------------
  data required time                                                                     10.44
  data arrival time                                                                     -10.37
  -----------------------------------------------------------------------------------------------------------------------
  slack (MET)                                                                             0.07



  Startpoint: u_impl/u_core/u_tcu/state_q_reg_0_ (rising edge-triggered flip-flop clocked by core_clk)
  Endpoint: u_impl/u_core/g_row_6__g_col_9__u_pe/u_sol/u_red_q_reg_15_ (rising edge-triggered flip-flop clocked by core_clk)
  Mode: FUNC
  Corner: WC
  Scenario: FUNC_WC
  Path Group: core_clk
  Path Type: max

  Point                                                                         Incr      Path          Location
  -----------------------------------------------------------------------------------------------------------------------
  clock core_clk (rise edge)                                                    0.00      0.00
  clock network delay (propagated)                                              0.63      0.63

  u_impl/u_core/u_tcu/state_q_reg_0_/CP (DFCNQD1)                               0.00      0.63 r    (718.32,543.70)
  u_impl/u_core/u_tcu/state_q_reg_0_/Q (DFCNQD1)                                0.39      1.02 f    (722.49,543.71)
  u_impl/u_core/u_tcu/U10/ZN (CKND0)                                            0.18      1.20 r    (717.75,541.88)
  u_impl/u_core/u_tcu/U31/Z (OR2D4)                                             0.40      1.59 r    (712.65,540.12)
  u_impl/u_core/u_tcu/HFSBUF_40901_13921/Z (CKBD4)                              0.43      2.02 r    (692.85,543.70)
  u_impl/u_core/u_tcu/HFSBUF_40120_13920/Z (CKBD3)                              0.46      2.48 r    (701.42,541.92)
  u_impl/u_core/u_tcu/HFSINV_35795_13908/ZN (CKND2)                             0.31      2.79 f    (736.63,561.82)
  u_impl/u_core/u_tcu/U8/ZN (CKND2D0)                                           0.23      3.02 r    (729.05,543.72)
  u_impl/u_core/u_tcu/U34/Z (MUX2D0)                                            0.27      3.28 r    (727.28,541.80)
  u_impl/u_core/HFSBUF_194776_14362/Z (BUFFD1)                                  0.35      3.64 r    (745.88,541.90)
  u_impl/u_core/HFSBUF_106263_14307/Z (CKBD3)                                   0.43      4.06 r    (745.18,442.89)
  u_impl/u_core/ZBUF_834_inst_17319/Z (CKBD4)                                   0.44      4.50 r    (348.25,277.30)
  u_impl/u_core/HFSBUF_30445_14220/Z (CKBD2)                                    0.52      5.02 r    (229.45,558.10)
  u_impl/u_core/HFSBUF_29194_14206/Z (CKBD3)                                    0.42      5.44 r    (218.18,613.92)
  u_impl/u_core/HFSINV_17316_14200/ZN (CKND2)                                   0.30      5.75 f    (218.37,649.79)
  u_impl/u_core/g_row_6__g_col_9__u_pe/U28/ZN (CKND2D0)                         0.24      5.98 r    (222.45,635.48)
  u_impl/u_core/g_row_6__g_col_9__u_pe/U36/ZN (OAI222D0)                        0.47      6.45 f    (220.49,637.19)
  u_impl/u_core/g_row_6__g_col_9__u_pe/ctmTdsLR_1_16377/ZN (OAI221D0)           0.50      6.95 r    (216.99,637.19)
  u_impl/u_core/g_row_6__g_col_9__u_pe/HFSBUF_50_7459/Z (CKBD0)                 0.38      7.33 r    (179.31,644.52)
  u_impl/u_core/g_row_6__g_col_9__u_pe/u_sol/U9/CO (FA1D0)                      0.37      7.70 r    (120.69,664.18)
  u_impl/u_core/g_row_6__g_col_9__u_pe/u_sol/U13/CO (FA1D0)                     0.17      7.87 r    (122.09,653.38)
  u_impl/u_core/g_row_6__g_col_9__u_pe/u_sol/U17/CO (FA1D0)                     0.16      8.03 r    (123.29,649.78)
  u_impl/u_core/g_row_6__g_col_9__u_pe/u_sol/U21/CO (FA1D0)                     0.16      8.19 r    (127.09,653.38)
  u_impl/u_core/g_row_6__g_col_9__u_pe/u_sol/U25/CO (FA1D0)                     0.17      8.36 r    (128.49,651.82)
  u_impl/u_core/g_row_6__g_col_9__u_pe/u_sol/U29/CO (FA1D0)                     0.16      8.52 r    (135.89,651.82)
  u_impl/u_core/g_row_6__g_col_9__u_pe/u_sol/U33/CO (FA1D0)                     0.18      8.70 r    (135.91,653.38)
  u_impl/u_core/g_row_6__g_col_9__u_pe/u_sol/U37/CO (FA1D0)                     0.18      8.88 r    (140.31,662.62)
  u_impl/u_core/g_row_6__g_col_9__u_pe/u_sol/U41/CO (FA1D0)                     0.18      9.06 r    (135.51,664.18)
  u_impl/u_core/g_row_6__g_col_9__u_pe/u_sol/U45/CO (FA1D0)                     0.17      9.23 r    (125.51,666.22)
  u_impl/u_core/g_row_6__g_col_9__u_pe/u_sol/U49/CO (FA1D0)                     0.16      9.38 r    (124.71,667.78)
  u_impl/u_core/g_row_6__g_col_9__u_pe/u_sol/U53/CO (FA1D0)                     0.15      9.54 r    (120.51,666.22)
  u_impl/u_core/g_row_6__g_col_9__u_pe/u_sol/U57/CO (FA1D0)                     0.15      9.69 r    (119.71,667.78)
  u_impl/u_core/g_row_6__g_col_9__u_pe/u_sol/U61/CO (FA1D0)                     0.17      9.86 r    (114.71,667.78)
  u_impl/u_core/g_row_6__g_col_9__u_pe/u_sol/U62/Z (XOR3D0)                     0.34     10.20 r    (116.88,671.50)
  u_impl/u_core/g_row_6__g_col_9__u_pe/u_sol/U63/Z (MUX2D0)                     0.16     10.36 r    (113.92,678.60)
  u_impl/u_core/g_row_6__g_col_9__u_pe/u_sol/u_red_q_reg_15_/D (EDFCNQD1)       0.00     10.36 r    (108.72,680.69)
  data arrival time                                                                      10.36

  clock core_clk (rise edge)                                                   10.00     10.00
  clock network delay (propagated)                                              0.60     10.60
  u_impl/u_core/g_row_6__g_col_9__u_pe/u_sol/u_red_q_reg_15_/CP (EDFCNQD1)      0.00     10.60 r    (109.63,680.72)
  library setup time                                                           -0.16     10.44
  data required time                                                                     10.44
  -----------------------------------------------------------------------------------------------------------------------
  data required time                                                                     10.44
  data arrival time                                                                     -10.36
  -----------------------------------------------------------------------------------------------------------------------
  slack (MET)                                                                             0.08



  Startpoint: u_impl/u_core/u_tcu/state_q_reg_0_ (rising edge-triggered flip-flop clocked by core_clk)
  Endpoint: u_impl/u_core/g_row_4__g_col_5__u_pe/u_sol/u_black_q_reg_7_ (rising edge-triggered flip-flop clocked by core_clk)
  Mode: FUNC
  Corner: WC
  Scenario: FUNC_WC
  Path Group: core_clk
  Path Type: max

  Point                                                                         Incr      Path          Location
  -----------------------------------------------------------------------------------------------------------------------
  clock core_clk (rise edge)                                                    0.00      0.00
  clock network delay (propagated)                                              0.63      0.63

  u_impl/u_core/u_tcu/state_q_reg_0_/CP (DFCNQD1)                               0.00      0.63 r    (718.32,543.70)
  u_impl/u_core/u_tcu/state_q_reg_0_/Q (DFCNQD1)                                0.39      1.02 f    (722.49,543.71)
  u_impl/u_core/u_tcu/U10/ZN (CKND0)                                            0.18      1.20 r    (717.75,541.88)
  u_impl/u_core/u_tcu/U31/Z (OR2D4)                                             0.40      1.59 r    (712.65,540.12)
  u_impl/u_core/u_tcu/HFSBUF_40901_13921/Z (CKBD4)                              0.43      2.02 r    (692.85,543.70)
  u_impl/u_core/u_tcu/HFSBUF_40120_13920/Z (CKBD3)                              0.46      2.48 r    (701.42,541.92)
  u_impl/u_core/u_tcu/HFSINV_35795_13908/ZN (CKND2)                             0.31      2.79 f    (736.63,561.82)
  u_impl/u_core/u_tcu/U8/ZN (CKND2D0)                                           0.23      3.02 r    (729.05,543.72)
  u_impl/u_core/u_tcu/U34/Z (MUX2D0)                                            0.27      3.28 r    (727.28,541.80)
  u_impl/u_core/HFSBUF_194776_14362/Z (BUFFD1)                                  0.35      3.64 r    (745.88,541.90)
  u_impl/u_core/HFSBUF_106263_14307/Z (CKBD3)                                   0.43      4.06 r    (745.18,442.89)
  u_impl/u_core/ZBUF_834_inst_17319/Z (CKBD4)                                   0.44      4.50 r    (348.25,277.30)
  u_impl/u_core/HFSBUF_30445_14220/Z (CKBD2)                                    0.52      5.02 r    (229.45,558.10)
  u_impl/u_core/HFSBUF_30167_14193/Z (CKBD3)                                    0.44      5.47 r    (276.98,730.88)
  u_impl/u_core/g_row_4__g_col_5__u_pe/HFSINV_5546_14189/ZN (CKND0)             0.49      5.96 f    (428.75,795.72)
  u_impl/u_core/g_row_4__g_col_5__u_pe/U21/ZN (CKND2D0)                         0.32      6.28 r    (427.75,797.48)
  u_impl/u_core/g_row_4__g_col_5__u_pe/U22/ZN (CKND0)                           0.22      6.50 f    (426.35,795.72)
  u_impl/u_core/g_row_4__g_col_5__u_pe/U23/ZN (OAI221D0)                        0.18      6.68 r    (427.19,786.81)
  u_impl/u_core/g_row_4__g_col_5__u_pe/ctmTdsLR_1_16954/ZN (OAI221D0)           0.49      7.16 f    (427.59,799.19)
  u_impl/u_core/g_row_4__g_col_5__u_pe/u_sol/ctmTdsLR_1_17011/Z (CKAN2D0)       0.26      7.43 f    (422.58,842.43)
  u_impl/u_core/g_row_4__g_col_5__u_pe/u_sol/U55/CO (FA1D0)                     0.18      7.61 f    (419.89,842.62)
  u_impl/u_core/g_row_4__g_col_5__u_pe/u_sol/U58/CO (FA1D0)                     0.17      7.78 f    (422.71,844.18)
  u_impl/u_core/g_row_4__g_col_5__u_pe/u_sol/U61/CO (FA1D0)                     0.18      7.96 f    (422.31,851.38)
  u_impl/u_core/g_row_4__g_col_5__u_pe/u_sol/U64/CO (FA1D0)                     0.17      8.13 f    (424.51,858.58)
  u_impl/u_core/g_row_4__g_col_5__u_pe/u_sol/U11/CO (FA1D0)                     0.16      8.29 f    (425.29,860.62)
  u_impl/u_core/g_row_4__g_col_5__u_pe/u_sol/U15/CO (FA1D0)                     0.16      8.44 f    (426.29,864.22)
  u_impl/u_core/g_row_4__g_col_5__u_pe/u_sol/U20/S (FA1D0)                      0.21      8.65 r    (426.22,865.76)
  u_impl/u_core/g_row_4__g_col_5__u_pe/u_sol/U16/Z (MUX2D0)                     0.15      8.80 r    (422.48,869.40)
  u_impl/u_core/g_row_4__g_col_5__u_pe/u_sol/copt_h_inst_19806/Z (DEL1)         1.70     10.51 r    (419.32,873.09)
  u_impl/u_core/g_row_4__g_col_5__u_pe/u_sol/u_black_q_reg_7_/D (EDFCNQD1)      0.00     10.51 r    (414.92,871.49)
  data arrival time                                                                      10.51

  clock core_clk (rise edge)                                                   10.00     10.00
  clock network delay (propagated)                                              0.74     10.74
  u_impl/u_core/g_row_4__g_col_5__u_pe/u_sol/u_black_q_reg_7_/CP (EDFCNQD1)     0.00     10.74 r    (415.83,871.51)
  library setup time                                                           -0.14     10.59
  data required time                                                                     10.59
  -----------------------------------------------------------------------------------------------------------------------
  data required time                                                                     10.59
  data arrival time                                                                     -10.51
  -----------------------------------------------------------------------------------------------------------------------
  slack (MET)                                                                             0.09



  Startpoint: u_impl/u_core/u_tcu/state_q_reg_0_ (rising edge-triggered flip-flop clocked by core_clk)
  Endpoint: u_impl/u_core/g_row_8__g_col_3__u_pe/u_sol/u_red_q_reg_15_ (rising edge-triggered flip-flop clocked by core_clk)
  Mode: FUNC
  Corner: WC
  Scenario: FUNC_WC
  Path Group: core_clk
  Path Type: max

  Point                                                                         Incr      Path          Location
  -----------------------------------------------------------------------------------------------------------------------
  clock core_clk (rise edge)                                                    0.00      0.00
  clock network delay (propagated)                                              0.63      0.63

  u_impl/u_core/u_tcu/state_q_reg_0_/CP (DFCNQD1)                               0.00      0.63 r    (718.32,543.70)
  u_impl/u_core/u_tcu/state_q_reg_0_/Q (DFCNQD1)                                0.39      1.02 f    (722.49,543.71)
  u_impl/u_core/u_tcu/U10/ZN (CKND0)                                            0.18      1.20 r    (717.75,541.88)
  u_impl/u_core/u_tcu/U31/Z (OR2D4)                                             0.40      1.59 r    (712.65,540.12)
  u_impl/u_core/u_tcu/HFSBUF_40901_13921/Z (CKBD4)                              0.43      2.02 r    (692.85,543.70)
  u_impl/u_core/u_tcu/HFSBUF_40120_13920/Z (CKBD3)                              0.46      2.48 r    (701.42,541.92)
  u_impl/u_core/u_tcu/HFSINV_35795_13908/ZN (CKND2)                             0.31      2.79 f    (736.63,561.82)
  u_impl/u_core/u_tcu/U8/ZN (CKND2D0)                                           0.23      3.02 r    (729.05,543.72)
  u_impl/u_core/u_tcu/U33/Z (MUX2D0)                                            0.31      3.33 f    (729.68,541.80)
  u_impl/u_core/HFSINV_231474_14118/ZN (CKND3)                                  0.38      3.71 r    (743.31,541.87)
  u_impl/u_core/HFSBUF_188760_14117/Z (CKBD8)                                   0.34      4.05 r    (744.40,540.10)
  u_impl/u_core/HFSBUF_176381_14108/Z (CKBD3)                                   0.57      4.61 r    (177.98,477.12)
  u_impl/u_core/HFSBUF_122651_14095/Z (CKBD3)                                   0.43      5.04 r    (161.78,399.69)
  u_impl/u_core/HFSBUF_115315_14093/Z (CKBD2)                                   0.36      5.40 r    (216.55,210.70)
  u_impl/u_core/g_row_8__g_col_3__u_pe/U22/ZN (CKND2D0)                         0.23      5.63 f    (254.55,192.68)
  u_impl/u_core/g_row_8__g_col_3__u_pe/U23/ZN (CKND0)                           0.20      5.83 r    (255.65,192.68)
  u_impl/u_core/g_row_8__g_col_3__u_pe/U24/ZN (OAI221D0)                        0.25      6.08 f    (256.79,200.01)
  u_impl/u_core/g_row_8__g_col_3__u_pe/ctmTdsLR_1_17020/ZN (OAI221D0)           0.15      6.24 r    (254.61,194.39)
  u_impl/u_core/g_row_8__g_col_3__u_pe/ZBUF_2_inst_17329/Z (CKBD0)              0.30      6.54 r    (252.51,194.52)
  u_impl/u_core/g_row_8__g_col_3__u_pe/HFSBUF_17_4721/Z (CKBD0)                 0.42      6.95 r    (214.71,156.68)
  u_impl/u_core/g_row_8__g_col_3__u_pe/u_sol/ctmTdsLR_1_17285/Z (CKAN2D0)       0.26      7.21 r    (162.38,99.18)
  u_impl/u_core/g_row_8__g_col_3__u_pe/u_sol/U60/CO (FA1D0)                     0.17      7.38 r    (162.89,101.02)
  u_impl/u_core/g_row_8__g_col_3__u_pe/u_sol/U63/CO (FA1D0)                     0.16      7.54 r    (163.11,101.02)
  u_impl/u_core/g_row_8__g_col_3__u_pe/u_sol/U9/CO (FA1D0)                      0.17      7.71 r    (164.51,102.58)
  u_impl/u_core/g_row_8__g_col_3__u_pe/u_sol/U13/CO (FA1D0)                     0.17      7.88 r    (168.69,109.78)
  u_impl/u_core/g_row_8__g_col_3__u_pe/u_sol/U17/CO (FA1D0)                     0.17      8.05 r    (170.69,113.38)
  u_impl/u_core/g_row_8__g_col_3__u_pe/u_sol/U21/CO (FA1D0)                     0.16      8.21 r    (181.49,111.82)
  u_impl/u_core/g_row_8__g_col_3__u_pe/u_sol/U25/CO (FA1D0)                     0.15      8.37 r    (179.71,109.78)
  u_impl/u_core/g_row_8__g_col_3__u_pe/u_sol/U29/CO (FA1D0)                     0.17      8.53 r    (180.31,108.22)
  u_impl/u_core/g_row_8__g_col_3__u_pe/u_sol/U33/CO (FA1D0)                     0.16      8.69 r    (179.91,102.58)
  u_impl/u_core/g_row_8__g_col_3__u_pe/u_sol/U37/CO (FA1D0)                     0.16      8.86 r    (178.51,98.98)
  u_impl/u_core/g_row_8__g_col_3__u_pe/u_sol/U41/CO (FA1D0)                     0.16      9.02 r    (176.51,93.82)
  u_impl/u_core/g_row_8__g_col_3__u_pe/u_sol/U45/CO (FA1D0)                     0.16      9.18 r    (176.31,91.78)
  u_impl/u_core/g_row_8__g_col_3__u_pe/u_sol/U49/CO (FA1D0)                     0.18      9.35 r    (174.31,88.18)
  u_impl/u_core/g_row_8__g_col_3__u_pe/u_sol/U53/CO (FA1D0)                     0.17      9.52 r    (163.71,90.22)
  u_impl/u_core/g_row_8__g_col_3__u_pe/u_sol/U54/Z (XOR3D0)                     0.31      9.83 r    (159.92,90.10)
  u_impl/u_core/g_row_8__g_col_3__u_pe/u_sol/U55/Z (MUX2D0)                     0.16      9.99 r    (156.92,86.61)
  u_impl/u_core/g_row_8__g_col_3__u_pe/u_sol/copt_h_inst_20019/Z (DEL02)        0.50     10.49 r    (152.12,84.68)
  u_impl/u_core/g_row_8__g_col_3__u_pe/u_sol/u_red_q_reg_15_/D (EDFCNQD1)       0.00     10.49 r    (155.52,84.52)
  data arrival time                                                                      10.49

  clock core_clk (rise edge)                                                   10.00     10.00
  clock network delay (propagated)                                              0.76     10.76
  u_impl/u_core/g_row_8__g_col_3__u_pe/u_sol/u_red_q_reg_15_/CP (EDFCNQD1)      0.00     10.76 r    (156.43,84.48)
  library setup time                                                           -0.17     10.60
  data required time                                                                     10.60
  -----------------------------------------------------------------------------------------------------------------------
  data required time                                                                     10.60
  data arrival time                                                                     -10.49
  -----------------------------------------------------------------------------------------------------------------------
  slack (MET)                                                                             0.11



  Startpoint: u_impl/u_core/u_tcu/state_q_reg_0_ (rising edge-triggered flip-flop clocked by core_clk)
  Endpoint: u_impl/u_core/g_row_4__g_col_7__u_pe/u_sol/u_black_q_reg_15_ (rising edge-triggered flip-flop clocked by core_clk)
  Mode: FUNC
  Corner: WC
  Scenario: FUNC_WC
  Path Group: core_clk
  Path Type: max

  Point                                                                         Incr      Path          Location
  -----------------------------------------------------------------------------------------------------------------------
  clock core_clk (rise edge)                                                    0.00      0.00
  clock network delay (propagated)                                              0.63      0.63

  u_impl/u_core/u_tcu/state_q_reg_0_/CP (DFCNQD1)                               0.00      0.63 r    (718.32,543.70)
  u_impl/u_core/u_tcu/state_q_reg_0_/Q (DFCNQD1)                                0.39      1.02 f    (722.49,543.71)
  u_impl/u_core/u_tcu/U10/ZN (CKND0)                                            0.18      1.20 r    (717.75,541.88)
  u_impl/u_core/u_tcu/U31/Z (OR2D4)                                             0.40      1.59 r    (712.65,540.12)
  u_impl/u_core/u_tcu/HFSBUF_40901_13921/Z (CKBD4)                              0.43      2.02 r    (692.85,543.70)
  u_impl/u_core/u_tcu/HFSBUF_40120_13920/Z (CKBD3)                              0.46      2.48 r    (701.42,541.92)
  u_impl/u_core/u_tcu/HFSINV_35795_13908/ZN (CKND2)                             0.31      2.79 f    (736.63,561.82)
  u_impl/u_core/u_tcu/U8/ZN (CKND2D0)                                           0.23      3.02 r    (729.05,543.72)
  u_impl/u_core/u_tcu/U34/Z (MUX2D0)                                            0.27      3.28 r    (727.28,541.80)
  u_impl/u_core/HFSBUF_194776_14362/Z (BUFFD1)                                  0.35      3.64 r    (745.88,541.90)
  u_impl/u_core/HFSBUF_106263_14307/Z (CKBD3)                                   0.43      4.06 r    (745.18,442.89)
  u_impl/u_core/ZBUF_834_inst_17319/Z (CKBD4)                                   0.44      4.50 r    (348.25,277.30)
  u_impl/u_core/HFSBUF_30445_14220/Z (CKBD2)                                    0.52      5.02 r    (229.45,558.10)
  u_impl/u_core/HFSBUF_30167_14193/Z (CKBD3)                                    0.44      5.47 r    (276.98,730.88)
  u_impl/u_core/g_row_4__g_col_7__u_pe/HFSINV_1128_14177/ZN (CKND0)             0.49      5.96 f    (372.65,763.32)
  u_impl/u_core/g_row_4__g_col_7__u_pe/U22/ZN (CKND2D0)                         0.34      6.30 r    (378.35,765.08)
  u_impl/u_core/g_row_4__g_col_7__u_pe/U23/ZN (CKND0)                           0.22      6.52 f    (381.85,765.08)
  u_impl/u_core/g_row_4__g_col_7__u_pe/U33/ZN (OAI221D0)                        0.19      6.71 r    (383.99,754.41)
  u_impl/u_core/g_row_4__g_col_7__u_pe/ctmTdsLR_1_16093/ZN (OAI221D1)           0.51      7.22 f    (378.58,768.70)
  u_impl/u_core/g_row_4__g_col_7__u_pe/u_sol/U45/CO (FA1D0)                     0.39      7.60 f    (362.49,865.78)
  u_impl/u_core/g_row_4__g_col_7__u_pe/u_sol/U48/CO (FA1D0)                     0.16      7.77 f    (367.49,865.78)
  u_impl/u_core/g_row_4__g_col_7__u_pe/u_sol/U51/CO (FA1D0)                     0.16      7.93 f    (368.89,862.18)
  u_impl/u_core/g_row_4__g_col_7__u_pe/u_sol/U54/CO (FA1D0)                     0.17      8.10 f    (373.89,862.18)
  u_impl/u_core/g_row_4__g_col_7__u_pe/u_sol/U11/CO (FA1D0)                     0.17      8.26 f    (374.29,865.78)
  u_impl/u_core/g_row_4__g_col_7__u_pe/u_sol/U15/CO (FA1D0)                     0.17      8.43 f    (379.29,865.78)
  u_impl/u_core/g_row_4__g_col_7__u_pe/u_sol/U21/CO (FA1D0)                     0.17      8.60 f    (379.09,862.18)
  u_impl/u_core/g_row_4__g_col_7__u_pe/u_sol/U58/CO (FA1D0)                     0.17      8.77 f    (377.29,857.02)
  u_impl/u_core/g_row_4__g_col_7__u_pe/u_sol/U61/CO (FA1D0)                     0.17      8.94 f    (376.71,849.82)
  u_impl/u_core/g_row_4__g_col_7__u_pe/u_sol/U64/CO (FA1D0)                     0.17      9.11 f    (371.31,849.82)
  u_impl/u_core/g_row_4__g_col_7__u_pe/u_sol/U26/CO (FA1D0)                     0.16      9.27 f    (366.51,847.78)
  u_impl/u_core/g_row_4__g_col_7__u_pe/u_sol/U30/CO (FA1D0)                     0.17      9.44 f    (365.91,846.22)
  u_impl/u_core/g_row_4__g_col_7__u_pe/u_sol/U34/CO (FA1D0)                     0.17      9.61 f    (357.91,846.22)
  u_impl/u_core/g_row_4__g_col_7__u_pe/u_sol/U38/CO (FA1D0)                     0.17      9.78 f    (362.49,849.82)
  u_impl/u_core/g_row_4__g_col_7__u_pe/u_sol/U39/Z (XOR3D0)                     0.33     10.11 r    (366.08,847.90)
  u_impl/u_core/g_row_4__g_col_7__u_pe/u_sol/U41/Z (MUX2D0)                     0.16     10.27 r    (360.32,858.60)
  u_impl/u_core/g_row_4__g_col_7__u_pe/u_sol/u_black_q_reg_15_/D (EDFCNQD1)     0.00     10.27 r    (357.32,860.69)
  data arrival time                                                                      10.27

  clock core_clk (rise edge)                                                   10.00     10.00
  clock network delay (propagated)                                              0.56     10.56
  u_impl/u_core/g_row_4__g_col_7__u_pe/u_sol/u_black_q_reg_15_/CP (EDFCNQD1)    0.00     10.56 r    (358.23,860.72)
  library setup time                                                           -0.17     10.39
  data required time                                                                     10.39
  -----------------------------------------------------------------------------------------------------------------------
  data required time                                                                     10.39
  data arrival time                                                                     -10.27
  -----------------------------------------------------------------------------------------------------------------------
  slack (MET)                                                                             0.12



  Startpoint: u_impl/u_core/u_tcu/state_q_reg_0_ (rising edge-triggered flip-flop clocked by core_clk)
  Endpoint: u_impl/u_core/g_row_4__g_col_7__u_pe/u_sol/u_red_q_reg_15_ (rising edge-triggered flip-flop clocked by core_clk)
  Mode: FUNC
  Corner: WC
  Scenario: FUNC_WC
  Path Group: core_clk
  Path Type: max

  Point                                                                         Incr      Path          Location
  -----------------------------------------------------------------------------------------------------------------------
  clock core_clk (rise edge)                                                    0.00      0.00
  clock network delay (propagated)                                              0.63      0.63

  u_impl/u_core/u_tcu/state_q_reg_0_/CP (DFCNQD1)                               0.00      0.63 r    (718.32,543.70)
  u_impl/u_core/u_tcu/state_q_reg_0_/Q (DFCNQD1)                                0.39      1.02 f    (722.49,543.71)
  u_impl/u_core/u_tcu/U10/ZN (CKND0)                                            0.18      1.20 r    (717.75,541.88)
  u_impl/u_core/u_tcu/U31/Z (OR2D4)                                             0.40      1.59 r    (712.65,540.12)
  u_impl/u_core/u_tcu/HFSBUF_40901_13921/Z (CKBD4)                              0.43      2.02 r    (692.85,543.70)
  u_impl/u_core/u_tcu/HFSBUF_40120_13920/Z (CKBD3)                              0.46      2.48 r    (701.42,541.92)
  u_impl/u_core/u_tcu/HFSINV_35795_13908/ZN (CKND2)                             0.31      2.79 f    (736.63,561.82)
  u_impl/u_core/u_tcu/U8/ZN (CKND2D0)                                           0.23      3.02 r    (729.05,543.72)
  u_impl/u_core/u_tcu/U34/Z (MUX2D0)                                            0.27      3.28 r    (727.28,541.80)
  u_impl/u_core/HFSBUF_194776_14362/Z (BUFFD1)                                  0.35      3.64 r    (745.88,541.90)
  u_impl/u_core/HFSBUF_106263_14307/Z (CKBD3)                                   0.43      4.06 r    (745.18,442.89)
  u_impl/u_core/ZBUF_834_inst_17319/Z (CKBD4)                                   0.44      4.50 r    (348.25,277.30)
  u_impl/u_core/HFSBUF_30445_14220/Z (CKBD2)                                    0.52      5.02 r    (229.45,558.10)
  u_impl/u_core/HFSBUF_30167_14193/Z (CKBD3)                                    0.44      5.47 r    (276.98,730.88)
  u_impl/u_core/g_row_4__g_col_7__u_pe/HFSINV_1128_14177/ZN (CKND0)             0.49      5.96 f    (372.65,763.32)
  u_impl/u_core/g_row_4__g_col_7__u_pe/U22/ZN (CKND2D0)                         0.34      6.30 r    (378.35,765.08)
  u_impl/u_core/g_row_4__g_col_7__u_pe/U23/ZN (CKND0)                           0.22      6.52 f    (381.85,765.08)
  u_impl/u_core/g_row_4__g_col_7__u_pe/U33/ZN (OAI221D0)                        0.19      6.71 r    (383.99,754.41)
  u_impl/u_core/g_row_4__g_col_7__u_pe/ctmTdsLR_1_16093/ZN (OAI221D1)           0.51      7.22 f    (378.58,768.70)
  u_impl/u_core/g_row_4__g_col_7__u_pe/u_sol/U45/CO (FA1D0)                     0.39      7.60 f    (362.49,865.78)
  u_impl/u_core/g_row_4__g_col_7__u_pe/u_sol/U48/CO (FA1D0)                     0.16      7.77 f    (367.49,865.78)
  u_impl/u_core/g_row_4__g_col_7__u_pe/u_sol/U51/CO (FA1D0)                     0.16      7.93 f    (368.89,862.18)
  u_impl/u_core/g_row_4__g_col_7__u_pe/u_sol/U54/CO (FA1D0)                     0.17      8.10 f    (373.89,862.18)
  u_impl/u_core/g_row_4__g_col_7__u_pe/u_sol/U11/CO (FA1D0)                     0.17      8.26 f    (374.29,865.78)
  u_impl/u_core/g_row_4__g_col_7__u_pe/u_sol/U15/CO (FA1D0)                     0.17      8.43 f    (379.29,865.78)
  u_impl/u_core/g_row_4__g_col_7__u_pe/u_sol/U21/CO (FA1D0)                     0.17      8.60 f    (379.09,862.18)
  u_impl/u_core/g_row_4__g_col_7__u_pe/u_sol/U58/CO (FA1D0)                     0.17      8.77 f    (377.29,857.02)
  u_impl/u_core/g_row_4__g_col_7__u_pe/u_sol/U61/CO (FA1D0)                     0.17      8.94 f    (376.71,849.82)
  u_impl/u_core/g_row_4__g_col_7__u_pe/u_sol/U64/CO (FA1D0)                     0.17      9.11 f    (371.31,849.82)
  u_impl/u_core/g_row_4__g_col_7__u_pe/u_sol/U26/CO (FA1D0)                     0.16      9.27 f    (366.51,847.78)
  u_impl/u_core/g_row_4__g_col_7__u_pe/u_sol/U30/CO (FA1D0)                     0.17      9.44 f    (365.91,846.22)
  u_impl/u_core/g_row_4__g_col_7__u_pe/u_sol/U34/CO (FA1D0)                     0.17      9.61 f    (357.91,846.22)
  u_impl/u_core/g_row_4__g_col_7__u_pe/u_sol/U38/CO (FA1D0)                     0.17      9.78 f    (362.49,849.82)
  u_impl/u_core/g_row_4__g_col_7__u_pe/u_sol/U39/Z (XOR3D0)                     0.33     10.11 r    (366.08,847.90)
  u_impl/u_core/g_row_4__g_col_7__u_pe/u_sol/U40/Z (MUX2D0)                     0.16     10.27 r    (365.32,849.81)
  u_impl/u_core/g_row_4__g_col_7__u_pe/u_sol/u_red_q_reg_15_/D (EDFCNQD1)       0.00     10.27 r    (363.52,851.32)
  data arrival time                                                                      10.27

  clock core_clk (rise edge)                                                   10.00     10.00
  clock network delay (propagated)                                              0.56     10.56
  u_impl/u_core/g_row_4__g_col_7__u_pe/u_sol/u_red_q_reg_15_/CP (EDFCNQD1)      0.00     10.56 r    (364.43,851.29)
  library setup time                                                           -0.16     10.39
  data required time                                                                     10.39
  -----------------------------------------------------------------------------------------------------------------------
  data required time                                                                     10.39
  data arrival time                                                                     -10.27
  -----------------------------------------------------------------------------------------------------------------------
  slack (MET)                                                                             0.12



  Startpoint: u_impl/u_core/u_tcu/state_q_reg_0_ (rising edge-triggered flip-flop clocked by core_clk)
  Endpoint: u_impl/u_core/g_row_15__g_col_1__u_pe/u_sol/u_black_q_reg_15_ (rising edge-triggered flip-flop clocked by core_clk)
  Mode: FUNC
  Corner: WC
  Scenario: FUNC_WC
  Path Group: core_clk
  Path Type: max

  Point                                                                         Incr      Path          Location
  -----------------------------------------------------------------------------------------------------------------------
  clock core_clk (rise edge)                                                    0.00      0.00
  clock network delay (propagated)                                              0.63      0.63

  u_impl/u_core/u_tcu/state_q_reg_0_/CP (DFCNQD1)                               0.00      0.63 r    (718.32,543.70)
  u_impl/u_core/u_tcu/state_q_reg_0_/Q (DFCNQD1)                                0.39      1.02 f    (722.49,543.71)
  u_impl/u_core/u_tcu/U10/ZN (CKND0)                                            0.18      1.20 r    (717.75,541.88)
  u_impl/u_core/u_tcu/U31/Z (OR2D4)                                             0.40      1.59 r    (712.65,540.12)
  u_impl/u_core/u_tcu/HFSBUF_40901_13921/Z (CKBD4)                              0.43      2.02 r    (692.85,543.70)
  u_impl/u_core/u_tcu/HFSBUF_40120_13920/Z (CKBD3)                              0.46      2.48 r    (701.42,541.92)
  u_impl/u_core/u_tcu/HFSINV_35795_13908/ZN (CKND2)                             0.31      2.79 f    (736.63,561.82)
  u_impl/u_core/u_tcu/U8/ZN (CKND2D0)                                           0.23      3.02 r    (729.05,543.72)
  u_impl/u_core/u_tcu/U34/Z (MUX2D0)                                            0.27      3.28 r    (727.28,541.80)
  u_impl/u_core/HFSBUF_194776_14362/Z (BUFFD1)                                  0.35      3.64 r    (745.88,541.90)
  u_impl/u_core/HFSBUF_106263_14307/Z (CKBD3)                                   0.43      4.06 r    (745.18,442.89)
  u_impl/u_core/ZBUF_834_inst_17319/Z (CKBD4)                                   0.44      4.50 r    (348.25,277.30)
  u_impl/u_core/HFSBUF_85468_14260/Z (CKBD3)                                    0.44      4.94 r    (245.18,279.12)
  u_impl/u_core/HFSINV_64799_14239/ZN (CKND0)                                   0.52      5.46 f    (158.85,358.28)
  u_impl/u_core/g_row_15__g_col_1__u_pe/HFSBUF_64754_14238/Z (CKBD0)            0.48      5.93 f    (161.11,358.28)
  u_impl/u_core/g_row_15__g_col_1__u_pe/U14/ZN (CKND2D0)                        0.33      6.26 r    (156.05,343.88)
  u_impl/u_core/g_row_15__g_col_1__u_pe/U21/ZN (CKND0)                          0.23      6.49 f    (157.05,343.88)
  u_impl/u_core/g_row_15__g_col_1__u_pe/U31/ZN (OAI221D0)                       0.21      6.70 r    (175.79,344.01)
  u_impl/u_core/g_row_15__g_col_1__u_pe/ctmTdsLR_1_16438/ZN (OAI221D0)          0.33      7.03 f    (156.79,341.99)
  u_impl/u_core/g_row_15__g_col_1__u_pe/ropt_mt_inst_39215/Z (CKBD0)            0.38      7.41 f    (144.89,342.12)
  u_impl/u_core/g_row_15__g_col_1__u_pe/u_sol/U64/CO (FA1D0)                    0.35      7.76 f    (67.49,325.78)
  u_impl/u_core/g_row_15__g_col_1__u_pe/u_sol/U9/CO (FA1D0)                     0.16      7.92 f    (72.49,325.78)
  u_impl/u_core/g_row_15__g_col_1__u_pe/u_sol/U13/CO (FA1D0)                    0.17      8.10 f    (75.31,325.78)
  u_impl/u_core/g_row_15__g_col_1__u_pe/u_sol/U17/CO (FA1D0)                    0.17      8.27 f    (76.71,332.98)
  u_impl/u_core/g_row_15__g_col_1__u_pe/u_sol/U21/CO (FA1D0)                    0.18      8.45 f    (70.91,335.02)
  u_impl/u_core/g_row_15__g_col_1__u_pe/u_sol/U25/CO (FA1D0)                    0.17      8.62 f    (62.91,338.62)
  u_impl/u_core/g_row_15__g_col_1__u_pe/u_sol/U29/CO (FA1D0)                    0.16      8.78 f    (59.51,336.58)
  u_impl/u_core/g_row_15__g_col_1__u_pe/u_sol/U33/CO (FA1D0)                    0.16      8.94 f    (58.51,335.02)
  u_impl/u_core/g_row_15__g_col_1__u_pe/u_sol/U37/CO (FA1D0)                    0.16      9.11 f    (54.51,336.58)
  u_impl/u_core/g_row_15__g_col_1__u_pe/u_sol/U41/CO (FA1D0)                    0.16      9.27 f    (54.51,338.62)
  u_impl/u_core/g_row_15__g_col_1__u_pe/u_sol/U45/CO (FA1D0)                    0.18      9.45 f    (53.71,342.22)
  u_impl/u_core/g_row_15__g_col_1__u_pe/u_sol/U49/CO (FA1D0)                    0.17      9.62 f    (40.71,343.78)
  u_impl/u_core/g_row_15__g_col_1__u_pe/u_sol/U53/CO (FA1D0)                    0.17      9.79 f    (39.31,342.22)
  u_impl/u_core/g_row_15__g_col_1__u_pe/u_sol/U57/CO (FA1D0)                    0.18      9.97 f    (36.31,338.62)
  u_impl/u_core/g_row_15__g_col_1__u_pe/u_sol/U58/Z (XOR3D0)                    0.35     10.32 r    (44.68,336.70)
  u_impl/u_core/g_row_15__g_col_1__u_pe/u_sol/U60/Z (MUX2D0)                    0.16     10.48 r    (35.92,345.81)
  u_impl/u_core/g_row_15__g_col_1__u_pe/u_sol/u_black_q_reg_15_/D (EDFCNQD1)    0.00     10.48 r    (33.52,347.31)
  data arrival time                                                                      10.48

  clock core_clk (rise edge)                                                   10.00     10.00
  clock network delay (propagated)                                              0.78     10.78
  u_impl/u_core/g_row_15__g_col_1__u_pe/u_sol/u_black_q_reg_15_/CP (EDFCNQD1)   0.00     10.78 r    (34.43,347.29)
  library setup time                                                           -0.18     10.60
  data required time                                                                     10.60
  -----------------------------------------------------------------------------------------------------------------------
  data required time                                                                     10.60
  data arrival time                                                                     -10.48
  -----------------------------------------------------------------------------------------------------------------------
  slack (MET)                                                                             0.12



  Startpoint: u_impl/u_core/u_tcu/state_q_reg_0_ (rising edge-triggered flip-flop clocked by core_clk)
  Endpoint: u_impl/u_core/g_row_14__g_col_3__u_pe/u_sol/u_red_q_reg_12_ (rising edge-triggered flip-flop clocked by core_clk)
  Mode: FUNC
  Corner: WC
  Scenario: FUNC_WC
  Path Group: core_clk
  Path Type: max

  Point                                                                         Incr      Path          Location
  -----------------------------------------------------------------------------------------------------------------------
  clock core_clk (rise edge)                                                    0.00      0.00
  clock network delay (propagated)                                              0.63      0.63

  u_impl/u_core/u_tcu/state_q_reg_0_/CP (DFCNQD1)                               0.00      0.63 r    (718.32,543.70)
  u_impl/u_core/u_tcu/state_q_reg_0_/Q (DFCNQD1)                                0.39      1.02 f    (722.49,543.71)
  u_impl/u_core/u_tcu/U10/ZN (CKND0)                                            0.18      1.20 r    (717.75,541.88)
  u_impl/u_core/u_tcu/U31/Z (OR2D4)                                             0.40      1.59 r    (712.65,540.12)
  u_impl/u_core/u_tcu/HFSBUF_40901_13921/Z (CKBD4)                              0.43      2.02 r    (692.85,543.70)
  u_impl/u_core/u_tcu/HFSBUF_40120_13920/Z (CKBD3)                              0.46      2.48 r    (701.42,541.92)
  u_impl/u_core/u_tcu/HFSINV_35795_13908/ZN (CKND2)                             0.31      2.79 f    (736.63,561.82)
  u_impl/u_core/u_tcu/U8/ZN (CKND2D0)                                           0.23      3.02 r    (729.05,543.72)
  u_impl/u_core/u_tcu/U34/Z (MUX2D0)                                            0.27      3.28 r    (727.28,541.80)
  u_impl/u_core/HFSBUF_194776_14362/Z (BUFFD1)                                  0.35      3.64 r    (745.88,541.90)
  u_impl/u_core/HFSBUF_106263_14307/Z (CKBD3)                                   0.43      4.06 r    (745.18,442.89)
  u_impl/u_core/ZBUF_834_inst_17319/Z (CKBD4)                                   0.44      4.50 r    (348.25,277.30)
  u_impl/u_core/HFSBUF_85468_14260/Z (CKBD3)                                    0.44      4.94 r    (245.18,279.12)
  u_impl/u_core/HFSBUF_68525_14231/Z (CKBD3)                                    0.43      5.37 r    (209.78,288.09)
  u_impl/u_core/HFSINV_57083_14226/ZN (CKND2)                                   0.42      5.79 f    (166.77,498.59)
  u_impl/u_core/g_row_14__g_col_3__u_pe/U12/ZN (CKND2D0)                        0.25      6.04 r    (196.75,500.52)
  u_impl/u_core/g_row_14__g_col_3__u_pe/U34/ZN (OAI222D0)                       0.47      6.51 f    (199.89,500.39)
  u_impl/u_core/g_row_14__g_col_3__u_pe/ctmTdsLR_1_16430/ZN (OAI221D0)          0.60      7.11 r    (194.59,498.81)
  u_impl/u_core/g_row_14__g_col_3__u_pe/HFSBUF_47_6091/Z (CKBD0)                0.45      7.56 r    (144.31,502.28)
  u_impl/u_core/g_row_14__g_col_3__u_pe/u_sol/U52/CO (FA1D0)                    0.38      7.94 r    (58.71,500.62)
  u_impl/u_core/g_row_14__g_col_3__u_pe/u_sol/U7/CO (FA1D0)                     0.17      8.10 r    (53.31,500.62)
  u_impl/u_core/g_row_14__g_col_3__u_pe/u_sol/U10/CO (FA1D0)                    0.16      8.26 r    (52.51,505.78)
  u_impl/u_core/g_row_14__g_col_3__u_pe/u_sol/U14/CO (FA1D0)                    0.16      8.41 r    (51.31,507.82)
  u_impl/u_core/g_row_14__g_col_3__u_pe/u_sol/U18/CO (FA1D0)                    0.16      8.57 r    (51.91,509.38)
  u_impl/u_core/g_row_14__g_col_3__u_pe/u_sol/U22/CO (FA1D0)                    0.16      8.73 r    (49.51,512.98)
  u_impl/u_core/g_row_14__g_col_3__u_pe/u_sol/U28/CO (FA1D0)                    0.16      8.89 r    (49.51,516.58)
  u_impl/u_core/g_row_14__g_col_3__u_pe/u_sol/U58/CO (FA1D0)                    0.17      9.06 r    (53.09,518.62)
  u_impl/u_core/g_row_14__g_col_3__u_pe/u_sol/U61/CO (FA1D0)                    0.17      9.23 r    (58.89,515.02)
  u_impl/u_core/g_row_14__g_col_3__u_pe/u_sol/U64/CO (FA1D0)                    0.17      9.40 r    (58.49,511.42)
  u_impl/u_core/g_row_14__g_col_3__u_pe/u_sol/U33/CO (FA1D0)                    0.18      9.58 r    (64.09,515.02)
  u_impl/u_core/g_row_14__g_col_3__u_pe/u_sol/U37/S (FA1D0)                     0.25      9.83 r    (69.38,507.84)
  u_impl/u_core/g_row_14__g_col_3__u_pe/u_sol/U35/Z (MUX2D0)                    0.16      9.99 r    (72.92,513.00)
  u_impl/u_core/g_row_14__g_col_3__u_pe/u_sol/copt_h_inst_20579/Z (DEL02)       0.50     10.49 r    (69.32,513.08)
  u_impl/u_core/g_row_14__g_col_3__u_pe/u_sol/u_red_q_reg_12_/D (EDFCNQD1)      0.00     10.49 r    (65.92,515.09)
  data arrival time                                                                      10.49

  clock core_clk (rise edge)                                                   10.00     10.00
  clock network delay (propagated)                                              0.78     10.78
  u_impl/u_core/g_row_14__g_col_3__u_pe/u_sol/u_red_q_reg_12_/CP (EDFCNQD1)     0.00     10.78 r    (66.83,515.12)
  library setup time                                                           -0.17     10.61
  data required time                                                                     10.61
  -----------------------------------------------------------------------------------------------------------------------
  data required time                                                                     10.61
  data arrival time                                                                     -10.49
  -----------------------------------------------------------------------------------------------------------------------
  slack (MET)                                                                             0.12



  Startpoint: u_impl/u_core/u_tcu/state_q_reg_0_ (rising edge-triggered flip-flop clocked by core_clk)
  Endpoint: u_impl/u_core/g_row_4__g_col_5__u_pe/u_sol/u_black_q_reg_15_ (rising edge-triggered flip-flop clocked by core_clk)
  Mode: FUNC
  Corner: WC
  Scenario: FUNC_WC
  Path Group: core_clk
  Path Type: max

  Point                                                                         Incr      Path          Location
  -----------------------------------------------------------------------------------------------------------------------
  clock core_clk (rise edge)                                                    0.00      0.00
  clock network delay (propagated)                                              0.63      0.63

  u_impl/u_core/u_tcu/state_q_reg_0_/CP (DFCNQD1)                               0.00      0.63 r    (718.32,543.70)
  u_impl/u_core/u_tcu/state_q_reg_0_/Q (DFCNQD1)                                0.39      1.02 f    (722.49,543.71)
  u_impl/u_core/u_tcu/U10/ZN (CKND0)                                            0.18      1.20 r    (717.75,541.88)
  u_impl/u_core/u_tcu/U31/Z (OR2D4)                                             0.40      1.59 r    (712.65,540.12)
  u_impl/u_core/u_tcu/HFSBUF_40901_13921/Z (CKBD4)                              0.43      2.02 r    (692.85,543.70)
  u_impl/u_core/u_tcu/HFSBUF_40120_13920/Z (CKBD3)                              0.46      2.48 r    (701.42,541.92)
  u_impl/u_core/u_tcu/HFSINV_35795_13908/ZN (CKND2)                             0.31      2.79 f    (736.63,561.82)
  u_impl/u_core/u_tcu/U8/ZN (CKND2D0)                                           0.23      3.02 r    (729.05,543.72)
  u_impl/u_core/u_tcu/U34/Z (MUX2D0)                                            0.27      3.28 r    (727.28,541.80)
  u_impl/u_core/HFSBUF_194776_14362/Z (BUFFD1)                                  0.35      3.64 r    (745.88,541.90)
  u_impl/u_core/HFSBUF_106263_14307/Z (CKBD3)                                   0.43      4.06 r    (745.18,442.89)
  u_impl/u_core/ZBUF_834_inst_17319/Z (CKBD4)                                   0.44      4.50 r    (348.25,277.30)
  u_impl/u_core/HFSBUF_30445_14220/Z (CKBD2)                                    0.52      5.02 r    (229.45,558.10)
  u_impl/u_core/HFSBUF_30167_14193/Z (CKBD3)                                    0.44      5.47 r    (276.98,730.88)
  u_impl/u_core/g_row_4__g_col_5__u_pe/HFSINV_5546_14189/ZN (CKND0)             0.49      5.96 f    (428.75,795.72)
  u_impl/u_core/g_row_4__g_col_5__u_pe/U21/ZN (CKND2D0)                         0.32      6.28 r    (427.75,797.48)
  u_impl/u_core/g_row_4__g_col_5__u_pe/U22/ZN (CKND0)                           0.22      6.50 f    (426.35,795.72)
  u_impl/u_core/g_row_4__g_col_5__u_pe/U23/ZN (OAI221D0)                        0.18      6.68 r    (427.19,786.81)
  u_impl/u_core/g_row_4__g_col_5__u_pe/ctmTdsLR_1_16954/ZN (OAI221D0)           0.49      7.16 f    (427.59,799.19)
  u_impl/u_core/g_row_4__g_col_5__u_pe/u_sol/ctmTdsLR_1_17011/Z (CKAN2D0)       0.26      7.43 f    (422.58,842.43)
  u_impl/u_core/g_row_4__g_col_5__u_pe/u_sol/U55/CO (FA1D0)                     0.18      7.61 f    (419.89,842.62)
  u_impl/u_core/g_row_4__g_col_5__u_pe/u_sol/U58/CO (FA1D0)                     0.17      7.78 f    (422.71,844.18)
  u_impl/u_core/g_row_4__g_col_5__u_pe/u_sol/U61/CO (FA1D0)                     0.18      7.96 f    (422.31,851.38)
  u_impl/u_core/g_row_4__g_col_5__u_pe/u_sol/U64/CO (FA1D0)                     0.17      8.13 f    (424.51,858.58)
  u_impl/u_core/g_row_4__g_col_5__u_pe/u_sol/U11/CO (FA1D0)                     0.16      8.29 f    (425.29,860.62)
  u_impl/u_core/g_row_4__g_col_5__u_pe/u_sol/U15/CO (FA1D0)                     0.16      8.44 f    (426.29,864.22)
  u_impl/u_core/g_row_4__g_col_5__u_pe/u_sol/U20/CO (FA1D0)                     0.16      8.61 f    (426.69,865.78)
  u_impl/u_core/g_row_4__g_col_5__u_pe/u_sol/U24/CO (FA1D0)                     0.17      8.77 f    (431.49,864.22)
  u_impl/u_core/g_row_4__g_col_5__u_pe/u_sol/U28/CO (FA1D0)                     0.17      8.94 f    (431.89,867.82)
  u_impl/u_core/g_row_4__g_col_5__u_pe/u_sol/U32/CO (FA1D0)                     0.17      9.11 f    (436.29,865.78)
  u_impl/u_core/g_row_4__g_col_5__u_pe/u_sol/U36/CO (FA1D0)                     0.17      9.28 f    (436.09,862.18)
  u_impl/u_core/g_row_4__g_col_5__u_pe/u_sol/U40/CO (FA1D0)                     0.18      9.46 f    (437.49,854.98)
  u_impl/u_core/g_row_4__g_col_5__u_pe/u_sol/U44/CO (FA1D0)                     0.17      9.63 f    (435.29,849.82)
  u_impl/u_core/g_row_4__g_col_5__u_pe/u_sol/U48/CO (FA1D0)                     0.17      9.80 f    (431.31,846.22)
  u_impl/u_core/g_row_4__g_col_5__u_pe/u_sol/U49/Z (XOR3D0)                     0.31     10.10 r    (427.72,844.30)
  u_impl/u_core/g_row_4__g_col_5__u_pe/u_sol/U51/Z (MUX2D0)                     0.15     10.25 r    (425.72,846.21)
  u_impl/u_core/g_row_4__g_col_5__u_pe/u_sol/u_black_q_reg_15_/D (EDFCNQD1)     0.00     10.25 r    (424.92,849.88)
  data arrival time                                                                      10.25

  clock core_clk (rise edge)                                                   10.00     10.00
  clock network delay (propagated)                                              0.55     10.55
  u_impl/u_core/g_row_4__g_col_5__u_pe/u_sol/u_black_q_reg_15_/CP (EDFCNQD1)    0.00     10.55 r    (425.83,849.92)
  library setup time                                                           -0.17     10.38
  data required time                                                                     10.38
  -----------------------------------------------------------------------------------------------------------------------
  data required time                                                                     10.38
  data arrival time                                                                     -10.25
  -----------------------------------------------------------------------------------------------------------------------
  slack (MET)                                                                             0.13



  Startpoint: u_impl/u_core/u_tcu/state_q_reg_0_ (rising edge-triggered flip-flop clocked by core_clk)
  Endpoint: u_impl/u_core/g_row_15__g_col_1__u_pe/u_sol/u_red_q_reg_15_ (rising edge-triggered flip-flop clocked by core_clk)
  Mode: FUNC
  Corner: WC
  Scenario: FUNC_WC
  Path Group: core_clk
  Path Type: max

  Point                                                                         Incr      Path          Location
  -----------------------------------------------------------------------------------------------------------------------
  clock core_clk (rise edge)                                                    0.00      0.00
  clock network delay (propagated)                                              0.63      0.63

  u_impl/u_core/u_tcu/state_q_reg_0_/CP (DFCNQD1)                               0.00      0.63 r    (718.32,543.70)
  u_impl/u_core/u_tcu/state_q_reg_0_/Q (DFCNQD1)                                0.39      1.02 f    (722.49,543.71)
  u_impl/u_core/u_tcu/U10/ZN (CKND0)                                            0.18      1.20 r    (717.75,541.88)
  u_impl/u_core/u_tcu/U31/Z (OR2D4)                                             0.40      1.59 r    (712.65,540.12)
  u_impl/u_core/u_tcu/HFSBUF_40901_13921/Z (CKBD4)                              0.43      2.02 r    (692.85,543.70)
  u_impl/u_core/u_tcu/HFSBUF_40120_13920/Z (CKBD3)                              0.46      2.48 r    (701.42,541.92)
  u_impl/u_core/u_tcu/HFSINV_35795_13908/ZN (CKND2)                             0.31      2.79 f    (736.63,561.82)
  u_impl/u_core/u_tcu/U8/ZN (CKND2D0)                                           0.23      3.02 r    (729.05,543.72)
  u_impl/u_core/u_tcu/U34/Z (MUX2D0)                                            0.27      3.28 r    (727.28,541.80)
  u_impl/u_core/HFSBUF_194776_14362/Z (BUFFD1)                                  0.35      3.64 r    (745.88,541.90)
  u_impl/u_core/HFSBUF_106263_14307/Z (CKBD3)                                   0.43      4.06 r    (745.18,442.89)
  u_impl/u_core/ZBUF_834_inst_17319/Z (CKBD4)                                   0.44      4.50 r    (348.25,277.30)
  u_impl/u_core/HFSBUF_85468_14260/Z (CKBD3)                                    0.44      4.94 r    (245.18,279.12)
  u_impl/u_core/HFSINV_64799_14239/ZN (CKND0)                                   0.52      5.46 f    (158.85,358.28)
  u_impl/u_core/g_row_15__g_col_1__u_pe/HFSBUF_64754_14238/Z (CKBD0)            0.48      5.93 f    (161.11,358.28)
  u_impl/u_core/g_row_15__g_col_1__u_pe/U14/ZN (CKND2D0)                        0.33      6.26 r    (156.05,343.88)
  u_impl/u_core/g_row_15__g_col_1__u_pe/U21/ZN (CKND0)                          0.23      6.49 f    (157.05,343.88)
  u_impl/u_core/g_row_15__g_col_1__u_pe/U31/ZN (OAI221D0)                       0.21      6.70 r    (175.79,344.01)
  u_impl/u_core/g_row_15__g_col_1__u_pe/ctmTdsLR_1_16438/ZN (OAI221D0)          0.33      7.03 f    (156.79,341.99)
  u_impl/u_core/g_row_15__g_col_1__u_pe/ropt_mt_inst_39215/Z (CKBD0)            0.38      7.41 f    (144.89,342.12)
  u_impl/u_core/g_row_15__g_col_1__u_pe/u_sol/U64/CO (FA1D0)                    0.35      7.76 f    (67.49,325.78)
  u_impl/u_core/g_row_15__g_col_1__u_pe/u_sol/U9/CO (FA1D0)                     0.16      7.92 f    (72.49,325.78)
  u_impl/u_core/g_row_15__g_col_1__u_pe/u_sol/U13/CO (FA1D0)                    0.17      8.10 f    (75.31,325.78)
  u_impl/u_core/g_row_15__g_col_1__u_pe/u_sol/U17/CO (FA1D0)                    0.17      8.27 f    (76.71,332.98)
  u_impl/u_core/g_row_15__g_col_1__u_pe/u_sol/U21/CO (FA1D0)                    0.18      8.45 f    (70.91,335.02)
  u_impl/u_core/g_row_15__g_col_1__u_pe/u_sol/U25/CO (FA1D0)                    0.17      8.62 f    (62.91,338.62)
  u_impl/u_core/g_row_15__g_col_1__u_pe/u_sol/U29/CO (FA1D0)                    0.16      8.78 f    (59.51,336.58)
  u_impl/u_core/g_row_15__g_col_1__u_pe/u_sol/U33/CO (FA1D0)                    0.16      8.94 f    (58.51,335.02)
  u_impl/u_core/g_row_15__g_col_1__u_pe/u_sol/U37/CO (FA1D0)                    0.16      9.11 f    (54.51,336.58)
  u_impl/u_core/g_row_15__g_col_1__u_pe/u_sol/U41/CO (FA1D0)                    0.16      9.27 f    (54.51,338.62)
  u_impl/u_core/g_row_15__g_col_1__u_pe/u_sol/U45/CO (FA1D0)                    0.18      9.45 f    (53.71,342.22)
  u_impl/u_core/g_row_15__g_col_1__u_pe/u_sol/U49/CO (FA1D0)                    0.17      9.62 f    (40.71,343.78)
  u_impl/u_core/g_row_15__g_col_1__u_pe/u_sol/U53/CO (FA1D0)                    0.17      9.79 f    (39.31,342.22)
  u_impl/u_core/g_row_15__g_col_1__u_pe/u_sol/U57/CO (FA1D0)                    0.18      9.97 f    (36.31,338.62)
  u_impl/u_core/g_row_15__g_col_1__u_pe/u_sol/U58/Z (XOR3D0)                    0.35     10.32 r    (44.68,336.70)
  u_impl/u_core/g_row_15__g_col_1__u_pe/u_sol/U59/Z (MUX2D0)                    0.16     10.48 r    (40.52,331.41)
  u_impl/u_core/g_row_15__g_col_1__u_pe/u_sol/u_red_q_reg_15_/D (EDFCNQD1)      0.00     10.48 r    (40.32,332.92)
  data arrival time                                                                      10.48

  clock core_clk (rise edge)                                                   10.00     10.00
  clock network delay (propagated)                                              0.78     10.78
  u_impl/u_core/g_row_15__g_col_1__u_pe/u_sol/u_red_q_reg_15_/CP (EDFCNQD1)     0.00     10.78 r    (41.23,332.88)
  library setup time                                                           -0.18     10.61
  data required time                                                                     10.61
  -----------------------------------------------------------------------------------------------------------------------
  data required time                                                                     10.61
  data arrival time                                                                     -10.48
  -----------------------------------------------------------------------------------------------------------------------
  slack (MET)                                                                             0.13



  Startpoint: u_impl/u_core/u_tcu/state_q_reg_0_ (rising edge-triggered flip-flop clocked by core_clk)
  Endpoint: u_impl/u_core/g_row_4__g_col_5__u_pe/u_sol/u_red_q_reg_15_ (rising edge-triggered flip-flop clocked by core_clk)
  Mode: FUNC
  Corner: WC
  Scenario: FUNC_WC
  Path Group: core_clk
  Path Type: max

  Point                                                                         Incr      Path          Location
  -----------------------------------------------------------------------------------------------------------------------
  clock core_clk (rise edge)                                                    0.00      0.00
  clock network delay (propagated)                                              0.63      0.63

  u_impl/u_core/u_tcu/state_q_reg_0_/CP (DFCNQD1)                               0.00      0.63 r    (718.32,543.70)
  u_impl/u_core/u_tcu/state_q_reg_0_/Q (DFCNQD1)                                0.39      1.02 f    (722.49,543.71)
  u_impl/u_core/u_tcu/U10/ZN (CKND0)                                            0.18      1.20 r    (717.75,541.88)
  u_impl/u_core/u_tcu/U31/Z (OR2D4)                                             0.40      1.59 r    (712.65,540.12)
  u_impl/u_core/u_tcu/HFSBUF_40901_13921/Z (CKBD4)                              0.43      2.02 r    (692.85,543.70)
  u_impl/u_core/u_tcu/HFSBUF_40120_13920/Z (CKBD3)                              0.46      2.48 r    (701.42,541.92)
  u_impl/u_core/u_tcu/HFSINV_35795_13908/ZN (CKND2)                             0.31      2.79 f    (736.63,561.82)
  u_impl/u_core/u_tcu/U8/ZN (CKND2D0)                                           0.23      3.02 r    (729.05,543.72)
  u_impl/u_core/u_tcu/U34/Z (MUX2D0)                                            0.27      3.28 r    (727.28,541.80)
  u_impl/u_core/HFSBUF_194776_14362/Z (BUFFD1)                                  0.35      3.64 r    (745.88,541.90)
  u_impl/u_core/HFSBUF_106263_14307/Z (CKBD3)                                   0.43      4.06 r    (745.18,442.89)
  u_impl/u_core/ZBUF_834_inst_17319/Z (CKBD4)                                   0.44      4.50 r    (348.25,277.30)
  u_impl/u_core/HFSBUF_30445_14220/Z (CKBD2)                                    0.52      5.02 r    (229.45,558.10)
  u_impl/u_core/HFSBUF_30167_14193/Z (CKBD3)                                    0.44      5.47 r    (276.98,730.88)
  u_impl/u_core/g_row_4__g_col_5__u_pe/HFSINV_5546_14189/ZN (CKND0)             0.49      5.96 f    (428.75,795.72)
  u_impl/u_core/g_row_4__g_col_5__u_pe/U21/ZN (CKND2D0)                         0.32      6.28 r    (427.75,797.48)
  u_impl/u_core/g_row_4__g_col_5__u_pe/U22/ZN (CKND0)                           0.22      6.50 f    (426.35,795.72)
  u_impl/u_core/g_row_4__g_col_5__u_pe/U23/ZN (OAI221D0)                        0.18      6.68 r    (427.19,786.81)
  u_impl/u_core/g_row_4__g_col_5__u_pe/ctmTdsLR_1_16954/ZN (OAI221D0)           0.49      7.16 f    (427.59,799.19)
  u_impl/u_core/g_row_4__g_col_5__u_pe/u_sol/ctmTdsLR_1_17011/Z (CKAN2D0)       0.26      7.43 f    (422.58,842.43)
  u_impl/u_core/g_row_4__g_col_5__u_pe/u_sol/U55/CO (FA1D0)                     0.18      7.61 f    (419.89,842.62)
  u_impl/u_core/g_row_4__g_col_5__u_pe/u_sol/U58/CO (FA1D0)                     0.17      7.78 f    (422.71,844.18)
  u_impl/u_core/g_row_4__g_col_5__u_pe/u_sol/U61/CO (FA1D0)                     0.18      7.96 f    (422.31,851.38)
  u_impl/u_core/g_row_4__g_col_5__u_pe/u_sol/U64/CO (FA1D0)                     0.17      8.13 f    (424.51,858.58)
  u_impl/u_core/g_row_4__g_col_5__u_pe/u_sol/U11/CO (FA1D0)                     0.16      8.29 f    (425.29,860.62)
  u_impl/u_core/g_row_4__g_col_5__u_pe/u_sol/U15/CO (FA1D0)                     0.16      8.44 f    (426.29,864.22)
  u_impl/u_core/g_row_4__g_col_5__u_pe/u_sol/U20/CO (FA1D0)                     0.16      8.61 f    (426.69,865.78)
  u_impl/u_core/g_row_4__g_col_5__u_pe/u_sol/U24/CO (FA1D0)                     0.17      8.77 f    (431.49,864.22)
  u_impl/u_core/g_row_4__g_col_5__u_pe/u_sol/U28/CO (FA1D0)                     0.17      8.94 f    (431.89,867.82)
  u_impl/u_core/g_row_4__g_col_5__u_pe/u_sol/U32/CO (FA1D0)                     0.17      9.11 f    (436.29,865.78)
  u_impl/u_core/g_row_4__g_col_5__u_pe/u_sol/U36/CO (FA1D0)                     0.17      9.28 f    (436.09,862.18)
  u_impl/u_core/g_row_4__g_col_5__u_pe/u_sol/U40/CO (FA1D0)                     0.18      9.46 f    (437.49,854.98)
  u_impl/u_core/g_row_4__g_col_5__u_pe/u_sol/U44/CO (FA1D0)                     0.17      9.63 f    (435.29,849.82)
  u_impl/u_core/g_row_4__g_col_5__u_pe/u_sol/U48/CO (FA1D0)                     0.17      9.80 f    (431.31,846.22)
  u_impl/u_core/g_row_4__g_col_5__u_pe/u_sol/U49/Z (XOR3D0)                     0.31     10.10 r    (427.72,844.30)
  u_impl/u_core/g_row_4__g_col_5__u_pe/u_sol/U50/Z (MUX2D0)                     0.14     10.25 r    (430.68,846.21)
  u_impl/u_core/g_row_4__g_col_5__u_pe/u_sol/u_red_q_reg_15_/D (EDFCNQD1)       0.00     10.25 r    (432.52,847.72)
  data arrival time                                                                      10.25

  clock core_clk (rise edge)                                                   10.00     10.00
  clock network delay (propagated)                                              0.55     10.55
  u_impl/u_core/g_row_4__g_col_5__u_pe/u_sol/u_red_q_reg_15_/CP (EDFCNQD1)      0.00     10.55 r    (433.43,847.69)
  library setup time                                                           -0.16     10.39
  data required time                                                                     10.39
  -----------------------------------------------------------------------------------------------------------------------
  data required time                                                                     10.39
  data arrival time                                                                     -10.25
  -----------------------------------------------------------------------------------------------------------------------
  slack (MET)                                                                             0.14



  Startpoint: u_impl/u_core/u_tcu/state_q_reg_0_ (rising edge-triggered flip-flop clocked by core_clk)
  Endpoint: u_impl/u_core/g_row_7__g_col_1__u_pe/u_sol/u_black_q_reg_15_ (rising edge-triggered flip-flop clocked by core_clk)
  Mode: FUNC
  Corner: WC
  Scenario: FUNC_WC
  Path Group: core_clk
  Path Type: max

  Point                                                                         Incr      Path          Location
  -----------------------------------------------------------------------------------------------------------------------
  clock core_clk (rise edge)                                                    0.00      0.00
  clock network delay (propagated)                                              0.63      0.63

  u_impl/u_core/u_tcu/state_q_reg_0_/CP (DFCNQD1)                               0.00      0.63 r    (718.32,543.70)
  u_impl/u_core/u_tcu/state_q_reg_0_/Q (DFCNQD1)                                0.39      1.02 f    (722.49,543.71)
  u_impl/u_core/u_tcu/U10/ZN (CKND0)                                            0.18      1.20 r    (717.75,541.88)
  u_impl/u_core/u_tcu/U31/Z (OR2D4)                                             0.40      1.59 r    (712.65,540.12)
  u_impl/u_core/u_tcu/HFSBUF_40901_13921/Z (CKBD4)                              0.43      2.02 r    (692.85,543.70)
  u_impl/u_core/u_tcu/HFSBUF_40120_13920/Z (CKBD3)                              0.46      2.48 r    (701.42,541.92)
  u_impl/u_core/u_tcu/HFSINV_35795_13908/ZN (CKND2)                             0.31      2.79 f    (736.63,561.82)
  u_impl/u_core/u_tcu/U8/ZN (CKND2D0)                                           0.23      3.02 r    (729.05,543.72)
  u_impl/u_core/u_tcu/U34/Z (MUX2D0)                                            0.27      3.28 r    (727.28,541.80)
  u_impl/u_core/HFSBUF_194776_14362/Z (BUFFD1)                                  0.35      3.64 r    (745.88,541.90)
  u_impl/u_core/HFSBUF_106263_14307/Z (CKBD3)                                   0.43      4.06 r    (745.18,442.89)
  u_impl/u_core/ZBUF_834_inst_17319/Z (CKBD4)                                   0.44      4.50 r    (348.25,277.30)
  u_impl/u_core/HFSBUF_30445_14220/Z (CKBD2)                                    0.52      5.02 r    (229.45,558.10)
  u_impl/u_core/HFSBUF_29194_14206/Z (CKBD3)                                    0.42      5.44 r    (218.18,613.92)
  u_impl/u_core/HFSINV_16571_14199/ZN (CKND2)                                   0.31      5.75 f    (218.97,666.22)
  u_impl/u_core/g_row_7__g_col_1__u_pe/U28/ZN (CKND2D0)                         0.23      5.99 r    (243.15,671.48)
  u_impl/u_core/g_row_7__g_col_1__u_pe/U29/ZN (OAI222D0)                        0.52      6.50 f    (242.91,675.21)
  u_impl/u_core/g_row_7__g_col_1__u_pe/ctmTdsLR_1_17133/ZN (OAI221D0)           0.58      7.09 r    (243.01,676.79)
  u_impl/u_core/g_row_7__g_col_1__u_pe/HFSBUF_32_4700/Z (CKBD0)                 0.41      7.50 r    (215.51,711.08)
  u_impl/u_core/g_row_7__g_col_1__u_pe/u_sol/ctmTdsLR_1_19706/Z (CKAN2D0)       0.24      7.74 r    (156.22,739.98)
  u_impl/u_core/g_row_7__g_col_1__u_pe/u_sol/U8/CO (FA1D0)                      0.17      7.91 r    (157.71,743.38)
  u_impl/u_core/g_row_7__g_col_1__u_pe/u_sol/U11/CO (FA1D0)                     0.16      8.06 r    (159.69,745.42)
  u_impl/u_core/g_row_7__g_col_1__u_pe/u_sol/U14/CO (FA1D0)                     0.16      8.22 r    (164.69,745.42)
  u_impl/u_core/g_row_7__g_col_1__u_pe/u_sol/U18/CO (FA1D0)                     0.16      8.38 r    (165.09,746.98)
  u_impl/u_core/g_row_7__g_col_1__u_pe/u_sol/U22/CO (FA1D0)                     0.16      8.54 r    (169.89,749.02)
  u_impl/u_core/g_row_7__g_col_1__u_pe/u_sol/U26/CO (FA1D0)                     0.16      8.70 r    (175.29,749.02)
  u_impl/u_core/g_row_7__g_col_1__u_pe/u_sol/U30/CO (FA1D0)                     0.16      8.86 r    (176.51,746.98)
  u_impl/u_core/g_row_7__g_col_1__u_pe/u_sol/U34/CO (FA1D0)                     0.16      9.02 r    (176.51,743.38)
  u_impl/u_core/g_row_7__g_col_1__u_pe/u_sol/U38/CO (FA1D0)                     0.16      9.18 r    (176.71,741.82)
  u_impl/u_core/g_row_7__g_col_1__u_pe/u_sol/U42/CO (FA1D0)                     0.17      9.35 r    (174.71,738.22)
  u_impl/u_core/g_row_7__g_col_1__u_pe/u_sol/U46/CO (FA1D0)                     0.17      9.52 r    (170.51,731.02)
  u_impl/u_core/g_row_7__g_col_1__u_pe/u_sol/U50/CO (FA1D0)                     0.17      9.69 r    (165.51,727.42)
  u_impl/u_core/g_row_7__g_col_1__u_pe/u_sol/U54/CO (FA1D0)                     0.16      9.85 r    (160.51,727.42)
  u_impl/u_core/g_row_7__g_col_1__u_pe/u_sol/U58/CO (FA1D0)                     0.16     10.01 r    (156.31,728.98)
  u_impl/u_core/g_row_7__g_col_1__u_pe/u_sol/U59/Z (XOR3D0)                     0.31     10.32 r    (152.92,729.10)
  u_impl/u_core/g_row_7__g_col_1__u_pe/u_sol/U61/Z (MUX2D0)                     0.15     10.47 r    (147.92,729.00)
  u_impl/u_core/g_row_7__g_col_1__u_pe/u_sol/u_black_q_reg_15_/D (EDFCNQD1)     0.00     10.47 r    (151.92,727.49)
  data arrival time                                                                      10.47

  clock core_clk (rise edge)                                                   10.00     10.00
  clock network delay (propagated)                                              0.77     10.77
  u_impl/u_core/g_row_7__g_col_1__u_pe/u_sol/u_black_q_reg_15_/CP (EDFCNQD1)    0.00     10.77 r    (152.83,727.51)
  library setup time                                                           -0.16     10.61
  data required time                                                                     10.61
  -----------------------------------------------------------------------------------------------------------------------
  data required time                                                                     10.61
  data arrival time                                                                     -10.47
  -----------------------------------------------------------------------------------------------------------------------
  slack (MET)                                                                             0.14



  Startpoint: u_impl/u_core/u_tcu/state_q_reg_0_ (rising edge-triggered flip-flop clocked by core_clk)
  Endpoint: u_impl/u_core/g_row_6__g_col_4__u_pe/u_dsm/rem_q_reg_1_ (rising edge-triggered flip-flop clocked by core_clk)
  Mode: FUNC
  Corner: WC
  Scenario: FUNC_WC
  Path Group: core_clk
  Path Type: max

  Point                                                                         Incr      Path          Location
  -----------------------------------------------------------------------------------------------------------------------
  clock core_clk (rise edge)                                                    0.00      0.00
  clock network delay (propagated)                                              0.63      0.63

  u_impl/u_core/u_tcu/state_q_reg_0_/CP (DFCNQD1)                               0.00      0.63 r    (718.32,543.70)
  u_impl/u_core/u_tcu/state_q_reg_0_/Q (DFCNQD1)                                0.39      1.02 f    (722.49,543.71)
  u_impl/u_core/u_tcu/U10/ZN (CKND0)                                            0.18      1.20 r    (717.75,541.88)
  u_impl/u_core/u_tcu/U31/Z (OR2D4)                                             0.40      1.59 r    (712.65,540.12)
  u_impl/u_core/u_tcu/HFSBUF_40901_13921/Z (CKBD4)                              0.43      2.02 r    (692.85,543.70)
  u_impl/u_core/u_tcu/HFSBUF_40120_13920/Z (CKBD3)                              0.46      2.48 r    (701.42,541.92)
  u_impl/u_core/u_tcu/HFSINV_35795_13908/ZN (CKND2)                             0.31      2.79 f    (736.63,561.82)
  u_impl/u_core/u_tcu/U8/ZN (CKND2D0)                                           0.23      3.02 r    (729.05,543.72)
  u_impl/u_core/u_tcu/U34/Z (MUX2D0)                                            0.27      3.28 r    (727.28,541.80)
  u_impl/u_core/HFSBUF_194776_14362/Z (BUFFD1)                                  0.35      3.64 r    (745.88,541.90)
  u_impl/u_core/HFSBUF_106263_14307/Z (CKBD3)                                   0.43      4.06 r    (745.18,442.89)
  u_impl/u_core/ZBUF_834_inst_17319/Z (CKBD4)                                   0.44      4.50 r    (348.25,277.30)
  u_impl/u_core/HFSBUF_30445_14220/Z (CKBD2)                                    0.52      5.02 r    (229.45,558.10)
  u_impl/u_core/HFSBUF_30167_14193/Z (CKBD3)                                    0.44      5.47 r    (276.98,730.88)
  u_impl/u_core/g_row_5__g_col_4__u_pe/HFSINV_2354_14180/ZN (CKND0)             0.47      5.94 f    (278.35,756.12)
  u_impl/u_core/g_row_5__g_col_4__u_pe/u_r_red/U27/ZN (MUX2ND0)                 0.25      6.19 r    (269.35,754.28)
  u_impl/u_core/g_row_5__g_col_4__u_pe/u_r_red/U28/Z (MUX4D0)                   0.27      6.46 r    (270.11,752.55)
  u_impl/u_core/g_row_5__g_col_4__u_pe/U17/Z (MUX2D0)                           0.41      6.87 r    (276.08,754.20)
  u_impl/u_core/g_row_5__g_col_4__u_pe/HFSBUF_209_9461/Z (CKBD0)                0.49      7.35 r    (217.91,757.88)
  u_impl/u_core/g_row_6__g_col_4__u_pe/u_alu/U4/S (FA1D0)                       0.36      7.71 r    (194.82,664.17)
  u_impl/u_core/g_row_6__g_col_4__u_pe/u_alu/U6/S (FA1D0)                       0.21      7.92 r    (196.42,659.04)
  u_impl/u_core/g_row_6__g_col_4__u_pe/u_alu/U8/S (FA1D0)                       0.20      8.13 r    (194.62,656.97)
  u_impl/u_core/g_row_6__g_col_4__u_pe/u_alu/U18/S (FA1D0)                      0.48      8.61 r    (194.82,653.37)
  u_impl/u_core/g_row_6__g_col_4__u_pe/u_dsm/U6/Z (MUX2D0)                      0.27      8.88 r    (173.08,671.39)
  u_impl/u_core/g_row_6__g_col_4__u_pe/u_dsm/copt_h_inst_32795/Z (DEL1)         1.71     10.59 r    (176.88,675.09)
  u_impl/u_core/g_row_6__g_col_4__u_pe/u_dsm/rem_q_reg_1_/D (DFCNQD1)           0.00     10.59 r    (173.35,673.18)
  data arrival time                                                                      10.59

  clock core_clk (rise edge)                                                   10.00     10.00
  clock network delay (propagated)                                              0.76     10.76
  u_impl/u_core/g_row_6__g_col_4__u_pe/u_dsm/rem_q_reg_1_/CP (DFCNQD1)          0.00     10.76 r    (172.32,673.30)
  library setup time                                                           -0.01     10.75
  data required time                                                                     10.75
  -----------------------------------------------------------------------------------------------------------------------
  data required time                                                                     10.75
  data arrival time                                                                     -10.59
  -----------------------------------------------------------------------------------------------------------------------
  slack (MET)                                                                             0.15



  Startpoint: u_impl/u_core/u_tcu/state_q_reg_0_ (rising edge-triggered flip-flop clocked by core_clk)
  Endpoint: u_impl/u_core/g_row_7__g_col_1__u_pe/u_sol/u_red_q_reg_15_ (rising edge-triggered flip-flop clocked by core_clk)
  Mode: FUNC
  Corner: WC
  Scenario: FUNC_WC
  Path Group: core_clk
  Path Type: max

  Point                                                                         Incr      Path          Location
  -----------------------------------------------------------------------------------------------------------------------
  clock core_clk (rise edge)                                                    0.00      0.00
  clock network delay (propagated)                                              0.63      0.63

  u_impl/u_core/u_tcu/state_q_reg_0_/CP (DFCNQD1)                               0.00      0.63 r    (718.32,543.70)
  u_impl/u_core/u_tcu/state_q_reg_0_/Q (DFCNQD1)                                0.39      1.02 f    (722.49,543.71)
  u_impl/u_core/u_tcu/U10/ZN (CKND0)                                            0.18      1.20 r    (717.75,541.88)
  u_impl/u_core/u_tcu/U31/Z (OR2D4)                                             0.40      1.59 r    (712.65,540.12)
  u_impl/u_core/u_tcu/HFSBUF_40901_13921/Z (CKBD4)                              0.43      2.02 r    (692.85,543.70)
  u_impl/u_core/u_tcu/HFSBUF_40120_13920/Z (CKBD3)                              0.46      2.48 r    (701.42,541.92)
  u_impl/u_core/u_tcu/HFSINV_35795_13908/ZN (CKND2)                             0.31      2.79 f    (736.63,561.82)
  u_impl/u_core/u_tcu/U8/ZN (CKND2D0)                                           0.23      3.02 r    (729.05,543.72)
  u_impl/u_core/u_tcu/U34/Z (MUX2D0)                                            0.27      3.28 r    (727.28,541.80)
  u_impl/u_core/HFSBUF_194776_14362/Z (BUFFD1)                                  0.35      3.64 r    (745.88,541.90)
  u_impl/u_core/HFSBUF_106263_14307/Z (CKBD3)                                   0.43      4.06 r    (745.18,442.89)
  u_impl/u_core/ZBUF_834_inst_17319/Z (CKBD4)                                   0.44      4.50 r    (348.25,277.30)
  u_impl/u_core/HFSBUF_30445_14220/Z (CKBD2)                                    0.52      5.02 r    (229.45,558.10)
  u_impl/u_core/HFSBUF_29194_14206/Z (CKBD3)                                    0.42      5.44 r    (218.18,613.92)
  u_impl/u_core/HFSINV_16571_14199/ZN (CKND2)                                   0.31      5.75 f    (218.97,666.22)
  u_impl/u_core/g_row_7__g_col_1__u_pe/U28/ZN (CKND2D0)                         0.23      5.99 r    (243.15,671.48)
  u_impl/u_core/g_row_7__g_col_1__u_pe/U29/ZN (OAI222D0)                        0.52      6.50 f    (242.91,675.21)
  u_impl/u_core/g_row_7__g_col_1__u_pe/ctmTdsLR_1_17133/ZN (OAI221D0)           0.58      7.09 r    (243.01,676.79)
  u_impl/u_core/g_row_7__g_col_1__u_pe/HFSBUF_32_4700/Z (CKBD0)                 0.41      7.50 r    (215.51,711.08)
  u_impl/u_core/g_row_7__g_col_1__u_pe/u_sol/ctmTdsLR_1_19706/Z (CKAN2D0)       0.24      7.74 r    (156.22,739.98)
  u_impl/u_core/g_row_7__g_col_1__u_pe/u_sol/U8/CO (FA1D0)                      0.17      7.91 r    (157.71,743.38)
  u_impl/u_core/g_row_7__g_col_1__u_pe/u_sol/U11/CO (FA1D0)                     0.16      8.06 r    (159.69,745.42)
  u_impl/u_core/g_row_7__g_col_1__u_pe/u_sol/U14/CO (FA1D0)                     0.16      8.22 r    (164.69,745.42)
  u_impl/u_core/g_row_7__g_col_1__u_pe/u_sol/U18/CO (FA1D0)                     0.16      8.38 r    (165.09,746.98)
  u_impl/u_core/g_row_7__g_col_1__u_pe/u_sol/U22/CO (FA1D0)                     0.16      8.54 r    (169.89,749.02)
  u_impl/u_core/g_row_7__g_col_1__u_pe/u_sol/U26/CO (FA1D0)                     0.16      8.70 r    (175.29,749.02)
  u_impl/u_core/g_row_7__g_col_1__u_pe/u_sol/U30/CO (FA1D0)                     0.16      8.86 r    (176.51,746.98)
  u_impl/u_core/g_row_7__g_col_1__u_pe/u_sol/U34/CO (FA1D0)                     0.16      9.02 r    (176.51,743.38)
  u_impl/u_core/g_row_7__g_col_1__u_pe/u_sol/U38/CO (FA1D0)                     0.16      9.18 r    (176.71,741.82)
  u_impl/u_core/g_row_7__g_col_1__u_pe/u_sol/U42/CO (FA1D0)                     0.17      9.35 r    (174.71,738.22)
  u_impl/u_core/g_row_7__g_col_1__u_pe/u_sol/U46/CO (FA1D0)                     0.17      9.52 r    (170.51,731.02)
  u_impl/u_core/g_row_7__g_col_1__u_pe/u_sol/U50/CO (FA1D0)                     0.17      9.69 r    (165.51,727.42)
  u_impl/u_core/g_row_7__g_col_1__u_pe/u_sol/U54/CO (FA1D0)                     0.16      9.85 r    (160.51,727.42)
  u_impl/u_core/g_row_7__g_col_1__u_pe/u_sol/U58/CO (FA1D0)                     0.16     10.01 r    (156.31,728.98)
  u_impl/u_core/g_row_7__g_col_1__u_pe/u_sol/U59/Z (XOR3D0)                     0.31     10.32 r    (152.92,729.10)
  u_impl/u_core/g_row_7__g_col_1__u_pe/u_sol/U60/Z (MUX2D0)                     0.14     10.46 r    (150.68,731.00)
  u_impl/u_core/g_row_7__g_col_1__u_pe/u_sol/u_red_q_reg_15_/D (EDFCNQD1)       0.00     10.46 r    (150.52,732.51)
  data arrival time                                                                      10.46

  clock core_clk (rise edge)                                                   10.00     10.00
  clock network delay (propagated)                                              0.77     10.77
  u_impl/u_core/g_row_7__g_col_1__u_pe/u_sol/u_red_q_reg_15_/CP (EDFCNQD1)      0.00     10.77 r    (151.43,732.49)
  library setup time                                                           -0.16     10.61
  data required time                                                                     10.61
  -----------------------------------------------------------------------------------------------------------------------
  data required time                                                                     10.61
  data arrival time                                                                     -10.46
  -----------------------------------------------------------------------------------------------------------------------
  slack (MET)                                                                             0.16



  Startpoint: u_impl/u_core/u_tcu/state_q_reg_0_ (rising edge-triggered flip-flop clocked by core_clk)
  Endpoint: u_impl/u_core/g_row_4__g_col_1__u_pe/u_r_red/q_reg_14_ (rising edge-triggered flip-flop clocked by core_clk)
  Mode: FUNC
  Corner: WC
  Scenario: FUNC_WC
  Path Group: core_clk
  Path Type: max

  Point                                                                         Incr      Path          Location
  -----------------------------------------------------------------------------------------------------------------------
  clock core_clk (rise edge)                                                    0.00      0.00
  clock network delay (propagated)                                              0.63      0.63

  u_impl/u_core/u_tcu/state_q_reg_0_/CP (DFCNQD1)                               0.00      0.63 r    (718.32,543.70)
  u_impl/u_core/u_tcu/state_q_reg_0_/Q (DFCNQD1)                                0.39      1.02 f    (722.49,543.71)
  u_impl/u_core/u_tcu/U10/ZN (CKND0)                                            0.18      1.20 r    (717.75,541.88)
  u_impl/u_core/u_tcu/U31/Z (OR2D4)                                             0.40      1.59 r    (712.65,540.12)
  u_impl/u_core/u_tcu/HFSBUF_40901_13921/Z (CKBD4)                              0.43      2.02 r    (692.85,543.70)
  u_impl/u_core/u_tcu/HFSBUF_40120_13920/Z (CKBD3)                              0.46      2.48 r    (701.42,541.92)
  u_impl/u_core/u_tcu/HFSINV_35795_13908/ZN (CKND2)                             0.31      2.79 f    (736.63,561.82)
  u_impl/u_core/u_tcu/U8/ZN (CKND2D0)                                           0.23      3.02 r    (729.05,543.72)
  u_impl/u_core/u_tcu/U34/Z (MUX2D0)                                            0.27      3.28 r    (727.28,541.80)
  u_impl/u_core/HFSBUF_194776_14362/Z (BUFFD1)                                  0.35      3.64 r    (745.88,541.90)
  u_impl/u_core/HFSBUF_106263_14307/Z (CKBD3)                                   0.43      4.06 r    (745.18,442.89)
  u_impl/u_core/ZBUF_834_inst_17319/Z (CKBD4)                                   0.44      4.50 r    (348.25,277.30)
  u_impl/u_core/HFSBUF_30445_14220/Z (CKBD2)                                    0.52      5.02 r    (229.45,558.10)
  u_impl/u_core/HFSBUF_30167_14193/Z (CKBD3)                                    0.44      5.47 r    (276.98,730.88)
  u_impl/u_core/HFSBUF_3858_14190/Z (CKBD2)                                     0.43      5.90 r    (341.45,777.70)
  u_impl/u_core/g_row_5__g_col_1__u_pe/u_r_black/U27/ZN (MUX2ND0)               0.20      6.10 f    (295.75,768.68)
  u_impl/u_core/g_row_5__g_col_1__u_pe/u_r_black/U28/Z (MUX4D0)                 0.26      6.36 r    (305.51,770.55)
  u_impl/u_core/g_row_5__g_col_1__u_pe/U20/Z (MUX2D0)                           0.40      6.76 r    (303.48,770.61)
  u_impl/u_core/HFSBUF_369_9454/Z (CKBD0)                                       0.38      7.15 r    (320.09,772.28)
  u_impl/u_core/g_row_4__g_col_1__u_pe/u_alu/U6/CO (FA1D0)                      0.38      7.53 r    (361.29,795.82)
  u_impl/u_core/g_row_4__g_col_1__u_pe/u_alu/U14/S (FA1D0)                      0.23      7.76 r    (360.82,792.24)
  u_impl/u_core/g_row_4__g_col_1__u_pe/u_alu/U13/S (FA1D0)                      0.30      8.06 f    (365.82,792.24)
  u_impl/u_core/g_row_4__g_col_1__u_pe/u_alu/U17/S (FA1D0)                      0.42      8.47 r    (369.62,790.17)
  u_impl/u_core/g_row_4__g_col_1__u_pe/u_r_red/U24/ZN (OAI221D0)                0.23      8.70 f    (367.01,737.99)
  u_impl/u_core/g_row_4__g_col_1__u_pe/u_r_red/U25/ZN (CKND2D0)                 0.13      8.83 r    (369.35,736.28)
  u_impl/u_core/g_row_4__g_col_1__u_pe/u_r_red/copt_h_inst_31757/Z (DEL1)       1.71     10.55 r    (365.52,736.29)
  u_impl/u_core/g_row_4__g_col_1__u_pe/u_r_red/q_reg_14_/D (DFCNQD1)            0.00     10.55 r    (366.35,734.38)
  data arrival time                                                                      10.55

  clock core_clk (rise edge)                                                   10.00     10.00
  clock network delay (propagated)                                              0.68     10.68
  u_impl/u_core/g_row_4__g_col_1__u_pe/u_r_red/q_reg_14_/CP (DFCNQD1)           0.00     10.68 r    (365.32,734.50)
  library setup time                                                            0.03     10.71
  data required time                                                                     10.71
  -----------------------------------------------------------------------------------------------------------------------
  data required time                                                                     10.71
  data arrival time                                                                     -10.55
  -----------------------------------------------------------------------------------------------------------------------
  slack (MET)                                                                             0.17



  Startpoint: u_impl/u_core/u_tcu/state_q_reg_0_ (rising edge-triggered flip-flop clocked by core_clk)
  Endpoint: u_impl/u_core/g_row_4__g_col_3__u_pe/u_sol/u_black_q_reg_15_ (rising edge-triggered flip-flop clocked by core_clk)
  Mode: FUNC
  Corner: WC
  Scenario: FUNC_WC
  Path Group: core_clk
  Path Type: max

  Point                                                                         Incr      Path          Location
  -----------------------------------------------------------------------------------------------------------------------
  clock core_clk (rise edge)                                                    0.00      0.00
  clock network delay (propagated)                                              0.63      0.63

  u_impl/u_core/u_tcu/state_q_reg_0_/CP (DFCNQD1)                               0.00      0.63 r    (718.32,543.70)
  u_impl/u_core/u_tcu/state_q_reg_0_/Q (DFCNQD1)                                0.39      1.02 f    (722.49,543.71)
  u_impl/u_core/u_tcu/U10/ZN (CKND0)                                            0.18      1.20 r    (717.75,541.88)
  u_impl/u_core/u_tcu/U31/Z (OR2D4)                                             0.40      1.59 r    (712.65,540.12)
  u_impl/u_core/u_tcu/HFSBUF_40901_13921/Z (CKBD4)                              0.43      2.02 r    (692.85,543.70)
  u_impl/u_core/u_tcu/HFSBUF_40120_13920/Z (CKBD3)                              0.46      2.48 r    (701.42,541.92)
  u_impl/u_core/u_tcu/HFSINV_35795_13908/ZN (CKND2)                             0.31      2.79 f    (736.63,561.82)
  u_impl/u_core/u_tcu/U8/ZN (CKND2D0)                                           0.23      3.02 r    (729.05,543.72)
  u_impl/u_core/u_tcu/U34/Z (MUX2D0)                                            0.27      3.28 r    (727.28,541.80)
  u_impl/u_core/HFSBUF_194776_14362/Z (BUFFD1)                                  0.35      3.64 r    (745.88,541.90)
  u_impl/u_core/HFSBUF_106263_14307/Z (CKBD3)                                   0.43      4.06 r    (745.18,442.89)
  u_impl/u_core/ZBUF_834_inst_17319/Z (CKBD4)                                   0.44      4.50 r    (348.25,277.30)
  u_impl/u_core/HFSBUF_30445_14220/Z (CKBD2)                                    0.52      5.02 r    (229.45,558.10)
  u_impl/u_core/HFSBUF_30167_14193/Z (CKBD3)                                    0.44      5.47 r    (276.98,730.88)
  u_impl/u_core/g_row_4__g_col_3__u_pe/HFSINV_4995_14186/ZN (CKND0)             0.50      5.96 f    (430.15,752.52)
  u_impl/u_core/g_row_4__g_col_3__u_pe/U23/ZN (CKND2D0)                         0.34      6.30 r    (431.55,754.28)
  u_impl/u_core/g_row_4__g_col_3__u_pe/U24/ZN (CKND0)                           0.22      6.52 f    (433.45,752.52)
  u_impl/u_core/g_row_4__g_col_3__u_pe/U33/ZN (OAI221D0)                        0.19      6.72 r    (429.99,741.59)
  u_impl/u_core/g_row_4__g_col_3__u_pe/ctmTdsLR_1_16089/ZN (OAI221D1)           0.41      7.13 f    (432.22,756.10)
  u_impl/u_core/g_row_4__g_col_3__u_pe/u_sol/U54/CO (FA1D0)                     0.35      7.48 f    (432.71,822.58)
  u_impl/u_core/g_row_4__g_col_3__u_pe/u_sol/U57/CO (FA1D0)                     0.17      7.65 f    (430.11,818.98)
  u_impl/u_core/g_row_4__g_col_3__u_pe/u_sol/U11/CO (FA1D0)                     0.17      7.82 f    (427.71,815.38)
  u_impl/u_core/g_row_4__g_col_3__u_pe/u_sol/U61/CO (FA1D0)                     0.17      7.99 f    (425.51,811.78)
  u_impl/u_core/g_row_4__g_col_3__u_pe/u_sol/U64/CO (FA1D0)                     0.16      8.15 f    (419.91,810.22)
  u_impl/u_core/g_row_4__g_col_3__u_pe/u_sol/U15/CO (FA1D0)                     0.17      8.32 f    (419.31,806.62)
  u_impl/u_core/g_row_4__g_col_3__u_pe/u_sol/U19/CO (FA1D0)                     0.18      8.50 f    (414.91,810.22)
  u_impl/u_core/g_row_4__g_col_3__u_pe/u_sol/U23/CO (FA1D0)                     0.17      8.67 f    (413.11,821.02)
  u_impl/u_core/g_row_4__g_col_3__u_pe/u_sol/U27/CO (FA1D0)                     0.16      8.83 f    (413.91,822.58)
  u_impl/u_core/g_row_4__g_col_3__u_pe/u_sol/U31/CO (FA1D0)                     0.16      8.99 f    (415.71,824.62)
  u_impl/u_core/g_row_4__g_col_3__u_pe/u_sol/U35/CO (FA1D0)                     0.16      9.16 f    (415.71,826.18)
  u_impl/u_core/g_row_4__g_col_3__u_pe/u_sol/U39/CO (FA1D0)                     0.16      9.32 f    (417.29,829.78)
  u_impl/u_core/g_row_4__g_col_3__u_pe/u_sol/U43/CO (FA1D0)                     0.16      9.49 f    (422.29,829.78)
  u_impl/u_core/g_row_4__g_col_3__u_pe/u_sol/U47/CO (FA1D0)                     0.17      9.66 f    (420.91,831.82)
  u_impl/u_core/g_row_4__g_col_3__u_pe/u_sol/U48/Z (XOR3D0)                     0.36     10.02 r    (423.88,826.30)
  u_impl/u_core/g_row_4__g_col_3__u_pe/u_sol/U50/Z (MUX2D0)                     0.18     10.20 r    (430.68,833.40)
  u_impl/u_core/g_row_4__g_col_3__u_pe/u_sol/u_black_q_reg_15_/D (EDFCNQD1)     0.00     10.20 r    (422.12,835.49)
  data arrival time                                                                      10.20

  clock core_clk (rise edge)                                                   10.00     10.00
  clock network delay (propagated)                                              0.55     10.55
  u_impl/u_core/g_row_4__g_col_3__u_pe/u_sol/u_black_q_reg_15_/CP (EDFCNQD1)    0.00     10.55 r    (423.03,835.51)
  library setup time                                                           -0.17     10.38
  data required time                                                                     10.38
  -----------------------------------------------------------------------------------------------------------------------
  data required time                                                                     10.38
  data arrival time                                                                     -10.20
  -----------------------------------------------------------------------------------------------------------------------
  slack (MET)                                                                             0.18



  Startpoint: u_impl/u_core/u_tcu/state_q_reg_0_ (rising edge-triggered flip-flop clocked by core_clk)
  Endpoint: u_impl/u_core/g_row_16__g_col_3__u_pe/u_sol/u_black_q_reg_8_ (rising edge-triggered flip-flop clocked by core_clk)
  Mode: FUNC
  Corner: WC
  Scenario: FUNC_WC
  Path Group: core_clk
  Path Type: max

  Point                                                                         Incr      Path          Location
  -----------------------------------------------------------------------------------------------------------------------
  clock core_clk (rise edge)                                                    0.00      0.00
  clock network delay (propagated)                                              0.63      0.63

  u_impl/u_core/u_tcu/state_q_reg_0_/CP (DFCNQD1)                               0.00      0.63 r    (718.32,543.70)
  u_impl/u_core/u_tcu/state_q_reg_0_/Q (DFCNQD1)                                0.37      1.00 r    (722.49,543.71)
  u_impl/u_core/u_tcu/U10/ZN (CKND0)                                            0.17      1.17 f    (717.75,541.88)
  u_impl/u_core/u_tcu/U31/Z (OR2D4)                                             0.32      1.50 f    (712.65,540.12)
  u_impl/u_core/u_tcu/HFSBUF_40901_13921/Z (CKBD4)                              0.38      1.87 f    (692.85,543.70)
  u_impl/u_core/u_tcu/HFSBUF_40120_13920/Z (CKBD3)                              0.42      2.29 f    (701.42,541.92)
  u_impl/u_core/u_tcu/U36/ZN (OAI22D1)                                          0.41      2.71 r    (718.30,540.08)
  u_impl/u_core/HFSBUF_363769_15082/Z (CKBD3)                                   0.39      3.10 r    (717.42,534.72)
  u_impl/u_core/HFSINV_328616_15081/ZN (CKND3)                                  0.42      3.51 f    (671.49,106.27)
  u_impl/u_core/HFSINV_314378_15064/ZN (CKND3)                                  0.44      3.95 r    (667.09,109.87)
  u_impl/u_core/HFSBUF_308335_15063/Z (CKBD2)                                   0.42      4.37 r    (682.55,171.10)
  u_impl/u_core/HFSBUF_301845_15062/Z (CKBD2)                                   0.35      4.72 r    (623.35,187.30)
  u_impl/u_core/g_row_16__g_col_3__u_pe/u_ctrl/U1/Z (AO22D0)                    0.43      5.15 r    (600.64,190.90)
  u_impl/u_core/g_row_16__g_col_3__u_pe/HFSINV_644_11249/ZN (CKND1)             0.37      5.52 f    (603.95,199.88)
  u_impl/u_core/g_row_16__g_col_3__u_pe/U29/ZN (CKND2D0)                        0.25      5.77 r    (608.05,190.92)
  u_impl/u_core/g_row_16__g_col_3__u_pe/U30/ZN (OAI222D0)                       0.41      6.18 f    (606.91,190.79)
  u_impl/u_core/g_row_16__g_col_3__u_pe/ctmTdsLR_1_17207/ZN (OAI221D0)          0.41      6.59 r    (609.01,187.19)
  u_impl/u_core/g_row_16__g_col_3__u_pe/HFSBUF_17_4510/Z (CKBD0)                0.42      7.02 r    (616.89,160.28)
  u_impl/u_core/g_row_16__g_col_3__u_pe/u_sol/ctmTdsLR_1_15970/Z (CKAN2D0)      0.26      7.28 r    (635.62,66.78)
  u_impl/u_core/g_row_16__g_col_3__u_pe/u_sol/U60/CO (FA1D0)                    0.17      7.45 r    (633.71,65.02)
  u_impl/u_core/g_row_16__g_col_3__u_pe/u_sol/U63/CO (FA1D0)                    0.16      7.61 r    (628.71,65.02)
  u_impl/u_core/g_row_16__g_col_3__u_pe/u_sol/U8/CO (FA1D0)                     0.16      7.77 r    (623.51,65.02)
  u_impl/u_core/g_row_16__g_col_3__u_pe/u_sol/U12/CO (FA1D0)                    0.17      7.93 r    (622.89,65.02)
  u_impl/u_core/g_row_16__g_col_3__u_pe/u_sol/U16/CO (FA1D0)                    0.18      8.11 r    (622.69,70.18)
  u_impl/u_core/g_row_16__g_col_3__u_pe/u_sol/U20/CO (FA1D0)                    0.16      8.28 r    (629.69,75.82)
  u_impl/u_core/g_row_16__g_col_3__u_pe/u_sol/U25/CO (FA1D0)                    0.15      8.43 r    (631.89,77.38)
  u_impl/u_core/g_row_16__g_col_3__u_pe/u_sol/U29/S (FA1D0)                     0.21      8.65 r    (634.62,75.84)
  u_impl/u_core/g_row_16__g_col_3__u_pe/u_sol/U27/Z (MUX2D0)                    0.14      8.79 r    (635.68,70.20)
  u_impl/u_core/g_row_16__g_col_3__u_pe/u_sol/copt_h_inst_19809/Z (DEL1)        1.69     10.48 r    (639.68,70.28)
  u_impl/u_core/g_row_16__g_col_3__u_pe/u_sol/u_black_q_reg_8_/D (EDFCNQD1)     0.00     10.48 r    (639.72,68.69)
  data arrival time                                                                      10.48

  clock core_clk (rise edge)                                                   10.00     10.00
  clock network delay (propagated)                                              0.83     10.83
  u_impl/u_core/g_row_16__g_col_3__u_pe/u_sol/u_black_q_reg_8_/CP (EDFCNQD1)    0.00     10.83 r    (640.63,68.72)
  library setup time                                                           -0.18     10.65
  data required time                                                                     10.65
  -----------------------------------------------------------------------------------------------------------------------
  data required time                                                                     10.65
  data arrival time                                                                     -10.48
  -----------------------------------------------------------------------------------------------------------------------
  slack (MET)                                                                             0.18



  Startpoint: u_impl/u_core/u_tcu/state_q_reg_0_ (rising edge-triggered flip-flop clocked by core_clk)
  Endpoint: u_impl/u_core/g_row_13__g_col_5__u_pe/u_sol/u_black_q_reg_15_ (rising edge-triggered flip-flop clocked by core_clk)
  Mode: FUNC
  Corner: WC
  Scenario: FUNC_WC
  Path Group: core_clk
  Path Type: max

  Point                                                                         Incr      Path          Location
  -----------------------------------------------------------------------------------------------------------------------
  clock core_clk (rise edge)                                                    0.00      0.00
  clock network delay (propagated)                                              0.63      0.63

  u_impl/u_core/u_tcu/state_q_reg_0_/CP (DFCNQD1)                               0.00      0.63 r    (718.32,543.70)
  u_impl/u_core/u_tcu/state_q_reg_0_/Q (DFCNQD1)                                0.39      1.02 f    (722.49,543.71)
  u_impl/u_core/u_tcu/U10/ZN (CKND0)                                            0.18      1.20 r    (717.75,541.88)
  u_impl/u_core/u_tcu/U31/Z (OR2D4)                                             0.40      1.59 r    (712.65,540.12)
  u_impl/u_core/u_tcu/HFSBUF_40901_13921/Z (CKBD4)                              0.43      2.02 r    (692.85,543.70)
  u_impl/u_core/u_tcu/HFSBUF_40120_13920/Z (CKBD3)                              0.46      2.48 r    (701.42,541.92)
  u_impl/u_core/u_tcu/HFSINV_35795_13908/ZN (CKND2)                             0.31      2.79 f    (736.63,561.82)
  u_impl/u_core/u_tcu/U8/ZN (CKND2D0)                                           0.23      3.02 r    (729.05,543.72)
  u_impl/u_core/u_tcu/U34/Z (MUX2D0)                                            0.27      3.28 r    (727.28,541.80)
  u_impl/u_core/HFSBUF_194776_14362/Z (BUFFD1)                                  0.35      3.64 r    (745.88,541.90)
  u_impl/u_core/HFSBUF_106263_14307/Z (CKBD3)                                   0.43      4.06 r    (745.18,442.89)
  u_impl/u_core/ZBUF_834_inst_17319/Z (CKBD4)                                   0.44      4.50 r    (348.25,277.30)
  u_impl/u_core/HFSBUF_30445_14220/Z (CKBD2)                                    0.52      5.02 r    (229.45,558.10)
  u_impl/u_core/HFSINV_22056_14219/ZN (CKND1)                                   0.54      5.57 f    (225.45,604.92)
  u_impl/u_core/g_row_13__g_col_5__u_pe/U28/ZN (CKND2D0)                        0.32      5.89 r    (229.05,608.52)
  u_impl/u_core/g_row_13__g_col_5__u_pe/U41/ZN (OAI222D0)                       0.45      6.34 f    (226.91,610.41)
  u_impl/u_core/g_row_13__g_col_5__u_pe/ctmTdsLR_1_15958/ZN (OAI221D0)          0.38      6.71 r    (228.39,615.59)
  u_impl/u_core/g_row_13__g_col_5__u_pe/copt_gre_mt_inst_38055/Z (CKBD0)        0.43      7.15 r    (211.29,615.72)
  u_impl/u_core/g_row_13__g_col_5__u_pe/HFSBUF_133_7947/Z (CKBD0)               0.32      7.47 r    (97.91,615.72)
  u_impl/u_core/g_row_13__g_col_5__u_pe/u_sol/U60/CO (FA1D0)                    0.32      7.79 r    (40.51,619.42)
  u_impl/u_core/g_row_13__g_col_5__u_pe/u_sol/U10/CO (FA1D0)                    0.16      7.95 r    (40.71,623.02)
  u_impl/u_core/g_row_13__g_col_5__u_pe/u_sol/U64/CO (FA1D0)                    0.15      8.10 r    (46.09,624.58)
  u_impl/u_core/g_row_13__g_col_5__u_pe/u_sol/U14/CO (FA1D0)                    0.16      8.26 r    (47.49,626.62)
  u_impl/u_core/g_row_13__g_col_5__u_pe/u_sol/U18/CO (FA1D0)                    0.16      8.42 r    (51.09,628.18)
  u_impl/u_core/g_row_13__g_col_5__u_pe/u_sol/U22/CO (FA1D0)                    0.16      8.58 r    (53.09,631.78)
  u_impl/u_core/g_row_13__g_col_5__u_pe/u_sol/U26/CO (FA1D0)                    0.17      8.75 r    (57.69,633.82)
  u_impl/u_core/g_row_13__g_col_5__u_pe/u_sol/U30/CO (FA1D0)                    0.17      8.91 r    (63.09,638.98)
  u_impl/u_core/g_row_13__g_col_5__u_pe/u_sol/U34/CO (FA1D0)                    0.17      9.08 r    (64.51,635.38)
  u_impl/u_core/g_row_13__g_col_5__u_pe/u_sol/U38/CO (FA1D0)                    0.18      9.26 r    (67.91,638.98)
  u_impl/u_core/g_row_13__g_col_5__u_pe/u_sol/U42/CO (FA1D0)                    0.17      9.43 r    (65.11,628.18)
  u_impl/u_core/g_row_13__g_col_5__u_pe/u_sol/U46/CO (FA1D0)                    0.15      9.59 r    (60.91,626.62)
  u_impl/u_core/g_row_13__g_col_5__u_pe/u_sol/U50/CO (FA1D0)                    0.18      9.76 r    (55.91,626.62)
  u_impl/u_core/g_row_13__g_col_5__u_pe/u_sol/U51/Z (XOR3D0)                    0.33     10.09 r    (53.52,619.30)
  u_impl/u_core/g_row_13__g_col_5__u_pe/u_sol/U53/Z (MUX2D0)                    0.15     10.24 r    (50.72,621.00)
  u_impl/u_core/g_row_13__g_col_5__u_pe/u_sol/u_black_q_reg_15_/D (EDFCNQD1)    0.00     10.24 r    (48.52,623.09)
  data arrival time                                                                      10.24

  clock core_clk (rise edge)                                                   10.00     10.00
  clock network delay (propagated)                                              0.60     10.60
  u_impl/u_core/g_row_13__g_col_5__u_pe/u_sol/u_black_q_reg_15_/CP (EDFCNQD1)   0.00     10.60 r    (49.43,623.12)
  library setup time                                                           -0.17     10.43
  data required time                                                                     10.43
  -----------------------------------------------------------------------------------------------------------------------
  data required time                                                                     10.43
  data arrival time                                                                     -10.24
  -----------------------------------------------------------------------------------------------------------------------
  slack (MET)                                                                             0.19



  Startpoint: u_impl/u_core/u_tcu/state_q_reg_0_ (rising edge-triggered flip-flop clocked by core_clk)
  Endpoint: u_impl/u_core/g_row_15__g_col_5__u_pe/u_r_red/q_reg_14_ (rising edge-triggered flip-flop clocked by core_clk)
  Mode: FUNC
  Corner: WC
  Scenario: FUNC_WC
  Path Group: core_clk
  Path Type: max

  Point                                                                         Incr      Path          Location
  -----------------------------------------------------------------------------------------------------------------------
  clock core_clk (rise edge)                                                    0.00      0.00
  clock network delay (propagated)                                              0.63      0.63

  u_impl/u_core/u_tcu/state_q_reg_0_/CP (DFCNQD1)                               0.00      0.63 r    (718.32,543.70)
  u_impl/u_core/u_tcu/state_q_reg_0_/Q (DFCNQD1)                                0.39      1.02 f    (722.49,543.71)
  u_impl/u_core/u_tcu/U10/ZN (CKND0)                                            0.18      1.20 r    (717.75,541.88)
  u_impl/u_core/u_tcu/U31/Z (OR2D4)                                             0.40      1.59 r    (712.65,540.12)
  u_impl/u_core/u_tcu/HFSBUF_40901_13921/Z (CKBD4)                              0.43      2.02 r    (692.85,543.70)
  u_impl/u_core/u_tcu/HFSBUF_40120_13920/Z (CKBD3)                              0.46      2.48 r    (701.42,541.92)
  u_impl/u_core/u_tcu/HFSINV_35795_13908/ZN (CKND2)                             0.31      2.79 f    (736.63,561.82)
  u_impl/u_core/u_tcu/U8/ZN (CKND2D0)                                           0.23      3.02 r    (729.05,543.72)
  u_impl/u_core/u_tcu/U34/Z (MUX2D0)                                            0.27      3.28 r    (727.28,541.80)
  u_impl/u_core/HFSBUF_194776_14362/Z (BUFFD1)                                  0.35      3.64 r    (745.88,541.90)
  u_impl/u_core/HFSBUF_106263_14307/Z (CKBD3)                                   0.43      4.06 r    (745.18,442.89)
  u_impl/u_core/ZBUF_834_inst_17319/Z (CKBD4)                                   0.44      4.50 r    (348.25,277.30)
  u_impl/u_core/HFSBUF_85468_14260/Z (CKBD3)                                    0.44      4.94 r    (245.18,279.12)
  u_impl/u_core/HFSBUF_68140_14259/Z (CKBD2)                                    0.47      5.42 r    (191.55,300.70)
  u_impl/u_core/HFSBUF_63219_14256/Z (CKBD0)                                    0.50      5.91 r    (157.09,385.32)
  u_impl/u_core/g_row_14__g_col_5__u_pe/u_r_black/U26/ZN (MUX2ND0)              0.18      6.09 f    (156.45,414.12)
  u_impl/u_core/g_row_14__g_col_5__u_pe/u_r_black/U27/Z (MUX4D0)                0.27      6.36 r    (156.91,417.75)
  u_impl/u_core/g_row_14__g_col_5__u_pe/U18/Z (MUX2D0)                          0.30      6.66 r    (152.12,408.60)
  u_impl/u_core/g_row_14__g_col_5__u_pe/HFSBUF_529_9271/Z (CKBD2)               0.35      7.01 r    (137.55,410.50)
  u_impl/u_core/g_row_15__g_col_5__u_pe/u_alu/U4/CO (FA1D0)                     0.30      7.31 r    (109.09,278.98)
  u_impl/u_core/g_row_15__g_col_5__u_pe/u_alu/U11/ZN (NR2D0)                    0.09      7.40 f    (110.65,279.01)
  u_impl/u_core/g_row_15__g_col_5__u_pe/u_alu/U12/Z (AO21D0)                    0.22      7.62 f    (111.28,280.92)
  u_impl/u_core/g_row_15__g_col_5__u_pe/u_alu/U14/S (FA1D0)                     0.31      7.92 f    (114.82,275.37)
  u_impl/u_core/g_row_15__g_col_5__u_pe/u_alu/U13/S (FA1D0)                     0.30      8.22 f    (116.38,277.44)
  u_impl/u_core/g_row_15__g_col_5__u_pe/u_alu/U17/S (FA1D0)                     0.31      8.53 r    (112.78,278.97)
  u_impl/u_core/g_row_15__g_col_5__u_pe/u_r_red/U25/ZN (OAI221D0)               0.16      8.69 f    (109.21,287.99)
  u_impl/u_core/g_row_15__g_col_5__u_pe/u_r_red/U26/ZN (CKND2D0)                0.14      8.83 r    (110.55,288.12)
  u_impl/u_core/g_row_15__g_col_5__u_pe/u_r_red/copt_h_inst_19946/Z (DEL1)      1.72     10.54 r    (107.52,282.69)
  u_impl/u_core/g_row_15__g_col_5__u_pe/u_r_red/q_reg_14_/D (DFCNQD1)           0.00     10.54 r    (107.15,284.38)
  data arrival time                                                                      10.54

  clock core_clk (rise edge)                                                   10.00     10.00
  clock network delay (propagated)                                              0.76     10.76
  u_impl/u_core/g_row_15__g_col_5__u_pe/u_r_red/q_reg_14_/CP (DFCNQD1)          0.00     10.76 r    (106.12,284.50)
  library setup time                                                           -0.03     10.73
  data required time                                                                     10.73
  -----------------------------------------------------------------------------------------------------------------------
  data required time                                                                     10.73
  data arrival time                                                                     -10.54
  -----------------------------------------------------------------------------------------------------------------------
  slack (MET)                                                                             0.19



  Startpoint: u_impl/u_core/u_tcu/state_q_reg_0_ (rising edge-triggered flip-flop clocked by core_clk)
  Endpoint: u_impl/u_core/g_row_13__g_col_5__u_pe/u_sol/u_red_q_reg_15_ (rising edge-triggered flip-flop clocked by core_clk)
  Mode: FUNC
  Corner: WC
  Scenario: FUNC_WC
  Path Group: core_clk
  Path Type: max

  Point                                                                         Incr      Path          Location
  -----------------------------------------------------------------------------------------------------------------------
  clock core_clk (rise edge)                                                    0.00      0.00
  clock network delay (propagated)                                              0.63      0.63

  u_impl/u_core/u_tcu/state_q_reg_0_/CP (DFCNQD1)                               0.00      0.63 r    (718.32,543.70)
  u_impl/u_core/u_tcu/state_q_reg_0_/Q (DFCNQD1)                                0.39      1.02 f    (722.49,543.71)
  u_impl/u_core/u_tcu/U10/ZN (CKND0)                                            0.18      1.20 r    (717.75,541.88)
  u_impl/u_core/u_tcu/U31/Z (OR2D4)                                             0.40      1.59 r    (712.65,540.12)
  u_impl/u_core/u_tcu/HFSBUF_40901_13921/Z (CKBD4)                              0.43      2.02 r    (692.85,543.70)
  u_impl/u_core/u_tcu/HFSBUF_40120_13920/Z (CKBD3)                              0.46      2.48 r    (701.42,541.92)
  u_impl/u_core/u_tcu/HFSINV_35795_13908/ZN (CKND2)                             0.31      2.79 f    (736.63,561.82)
  u_impl/u_core/u_tcu/U8/ZN (CKND2D0)                                           0.23      3.02 r    (729.05,543.72)
  u_impl/u_core/u_tcu/U34/Z (MUX2D0)                                            0.27      3.28 r    (727.28,541.80)
  u_impl/u_core/HFSBUF_194776_14362/Z (BUFFD1)                                  0.35      3.64 r    (745.88,541.90)
  u_impl/u_core/HFSBUF_106263_14307/Z (CKBD3)                                   0.43      4.06 r    (745.18,442.89)
  u_impl/u_core/ZBUF_834_inst_17319/Z (CKBD4)                                   0.44      4.50 r    (348.25,277.30)
  u_impl/u_core/HFSBUF_30445_14220/Z (CKBD2)                                    0.52      5.02 r    (229.45,558.10)
  u_impl/u_core/HFSINV_22056_14219/ZN (CKND1)                                   0.54      5.57 f    (225.45,604.92)
  u_impl/u_core/g_row_13__g_col_5__u_pe/U28/ZN (CKND2D0)                        0.32      5.89 r    (229.05,608.52)
  u_impl/u_core/g_row_13__g_col_5__u_pe/U41/ZN (OAI222D0)                       0.45      6.34 f    (226.91,610.41)
  u_impl/u_core/g_row_13__g_col_5__u_pe/ctmTdsLR_1_15958/ZN (OAI221D0)          0.38      6.71 r    (228.39,615.59)
  u_impl/u_core/g_row_13__g_col_5__u_pe/copt_gre_mt_inst_38055/Z (CKBD0)        0.43      7.15 r    (211.29,615.72)
  u_impl/u_core/g_row_13__g_col_5__u_pe/HFSBUF_133_7947/Z (CKBD0)               0.32      7.47 r    (97.91,615.72)
  u_impl/u_core/g_row_13__g_col_5__u_pe/u_sol/U60/CO (FA1D0)                    0.32      7.79 r    (40.51,619.42)
  u_impl/u_core/g_row_13__g_col_5__u_pe/u_sol/U10/CO (FA1D0)                    0.16      7.95 r    (40.71,623.02)
  u_impl/u_core/g_row_13__g_col_5__u_pe/u_sol/U64/CO (FA1D0)                    0.15      8.10 r    (46.09,624.58)
  u_impl/u_core/g_row_13__g_col_5__u_pe/u_sol/U14/CO (FA1D0)                    0.16      8.26 r    (47.49,626.62)
  u_impl/u_core/g_row_13__g_col_5__u_pe/u_sol/U18/CO (FA1D0)                    0.16      8.42 r    (51.09,628.18)
  u_impl/u_core/g_row_13__g_col_5__u_pe/u_sol/U22/CO (FA1D0)                    0.16      8.58 r    (53.09,631.78)
  u_impl/u_core/g_row_13__g_col_5__u_pe/u_sol/U26/CO (FA1D0)                    0.17      8.75 r    (57.69,633.82)
  u_impl/u_core/g_row_13__g_col_5__u_pe/u_sol/U30/CO (FA1D0)                    0.17      8.91 r    (63.09,638.98)
  u_impl/u_core/g_row_13__g_col_5__u_pe/u_sol/U34/CO (FA1D0)                    0.17      9.08 r    (64.51,635.38)
  u_impl/u_core/g_row_13__g_col_5__u_pe/u_sol/U38/CO (FA1D0)                    0.18      9.26 r    (67.91,638.98)
  u_impl/u_core/g_row_13__g_col_5__u_pe/u_sol/U42/CO (FA1D0)                    0.17      9.43 r    (65.11,628.18)
  u_impl/u_core/g_row_13__g_col_5__u_pe/u_sol/U46/CO (FA1D0)                    0.15      9.59 r    (60.91,626.62)
  u_impl/u_core/g_row_13__g_col_5__u_pe/u_sol/U50/CO (FA1D0)                    0.18      9.76 r    (55.91,626.62)
  u_impl/u_core/g_row_13__g_col_5__u_pe/u_sol/U51/Z (XOR3D0)                    0.33     10.09 r    (53.52,619.30)
  u_impl/u_core/g_row_13__g_col_5__u_pe/u_sol/U52/Z (MUX2D0)                    0.15     10.24 r    (47.48,621.00)
  u_impl/u_core/g_row_13__g_col_5__u_pe/u_sol/u_red_q_reg_15_/D (EDFCNQD1)      0.00     10.24 r    (47.32,624.51)
  data arrival time                                                                      10.24

  clock core_clk (rise edge)                                                   10.00     10.00
  clock network delay (propagated)                                              0.60     10.60
  u_impl/u_core/g_row_13__g_col_5__u_pe/u_sol/u_red_q_reg_15_/CP (EDFCNQD1)     0.00     10.60 r    (48.23,624.49)
  library setup time                                                           -0.17     10.43
  data required time                                                                     10.43
  -----------------------------------------------------------------------------------------------------------------------
  data required time                                                                     10.43
  data arrival time                                                                     -10.24
  -----------------------------------------------------------------------------------------------------------------------
  slack (MET)                                                                             0.19



  Startpoint: u_impl/u_core/u_tcu/state_q_reg_0_ (rising edge-triggered flip-flop clocked by core_clk)
  Endpoint: u_impl/u_core/g_row_6__g_col_7__u_pe/u_sol/u_red_q_reg_15_ (rising edge-triggered flip-flop clocked by core_clk)
  Mode: FUNC
  Corner: WC
  Scenario: FUNC_WC
  Path Group: core_clk
  Path Type: max

  Point                                                                         Incr      Path          Location
  -----------------------------------------------------------------------------------------------------------------------
  clock core_clk (rise edge)                                                    0.00      0.00
  clock network delay (propagated)                                              0.63      0.63

  u_impl/u_core/u_tcu/state_q_reg_0_/CP (DFCNQD1)                               0.00      0.63 r    (718.32,543.70)
  u_impl/u_core/u_tcu/state_q_reg_0_/Q (DFCNQD1)                                0.39      1.02 f    (722.49,543.71)
  u_impl/u_core/u_tcu/U10/ZN (CKND0)                                            0.18      1.20 r    (717.75,541.88)
  u_impl/u_core/u_tcu/U31/Z (OR2D4)                                             0.40      1.59 r    (712.65,540.12)
  u_impl/u_core/u_tcu/HFSBUF_40901_13921/Z (CKBD4)                              0.43      2.02 r    (692.85,543.70)
  u_impl/u_core/u_tcu/HFSBUF_40120_13920/Z (CKBD3)                              0.46      2.48 r    (701.42,541.92)
  u_impl/u_core/u_tcu/HFSINV_35795_13908/ZN (CKND2)                             0.31      2.79 f    (736.63,561.82)
  u_impl/u_core/u_tcu/U8/ZN (CKND2D0)                                           0.23      3.02 r    (729.05,543.72)
  u_impl/u_core/u_tcu/U34/Z (MUX2D0)                                            0.27      3.28 r    (727.28,541.80)
  u_impl/u_core/HFSBUF_194776_14362/Z (BUFFD1)                                  0.35      3.64 r    (745.88,541.90)
  u_impl/u_core/HFSBUF_106263_14307/Z (CKBD3)                                   0.43      4.06 r    (745.18,442.89)
  u_impl/u_core/ZBUF_834_inst_17319/Z (CKBD4)                                   0.44      4.50 r    (348.25,277.30)
  u_impl/u_core/HFSBUF_30445_14220/Z (CKBD2)                                    0.52      5.02 r    (229.45,558.10)
  u_impl/u_core/HFSBUF_29194_14206/Z (CKBD3)                                    0.42      5.44 r    (218.18,613.92)
  u_impl/u_core/HFSINV_15880_14196/ZN (INVD1)                                   0.41      5.86 f    (178.12,637.32)
  u_impl/u_core/g_row_6__g_col_7__u_pe/U26/ZN (CKND2D0)                         0.27      6.13 r    (175.25,631.88)
  u_impl/u_core/g_row_6__g_col_7__u_pe/U28/ZN (OAI222D0)                        0.47      6.60 f    (172.89,633.59)
  u_impl/u_core/g_row_6__g_col_7__u_pe/ctmTdsLR_1_17129/ZN (OAI221D0)           0.31      6.91 r    (170.59,637.19)
  u_impl/u_core/g_row_6__g_col_7__u_pe/ZBUF_17_inst_17558/Z (CKBD0)             0.32      7.23 r    (166.91,637.32)
  u_impl/u_core/g_row_6__g_col_7__u_pe/u_sol/ctmTdsLR_1_19726/Z (CKAN2D0)       0.23      7.46 r    (107.78,653.58)
  u_impl/u_core/g_row_6__g_col_7__u_pe/u_sol/U51/CO (FA1D0)                     0.18      7.64 r    (103.51,651.82)
  u_impl/u_core/g_row_6__g_col_7__u_pe/u_sol/U54/CO (FA1D0)                     0.18      7.82 r    (102.51,644.62)
  u_impl/u_core/g_row_6__g_col_7__u_pe/u_sol/U57/CO (FA1D0)                     0.17      7.98 r    (95.11,646.18)
  u_impl/u_core/g_row_6__g_col_7__u_pe/u_sol/U10/CO (FA1D0)                     0.16      8.15 r    (91.51,644.62)
  u_impl/u_core/g_row_6__g_col_7__u_pe/u_sol/U14/CO (FA1D0)                     0.16      8.31 r    (87.71,641.02)
  u_impl/u_core/g_row_6__g_col_7__u_pe/u_sol/U18/CO (FA1D0)                     0.17      8.48 r    (82.71,641.02)
  u_impl/u_core/g_row_6__g_col_7__u_pe/u_sol/U23/CO (FA1D0)                     0.16      8.64 r    (79.09,646.18)
  u_impl/u_core/g_row_6__g_col_7__u_pe/u_sol/U61/CO (FA1D0)                     0.17      8.81 r    (80.69,648.22)
  u_impl/u_core/g_row_6__g_col_7__u_pe/u_sol/U64/CO (FA1D0)                     0.17      8.98 r    (86.69,651.82)
  u_impl/u_core/g_row_6__g_col_7__u_pe/u_sol/U28/CO (FA1D0)                     0.16      9.14 r    (90.49,655.42)
  u_impl/u_core/g_row_6__g_col_7__u_pe/u_sol/U32/CO (FA1D0)                     0.16      9.30 r    (94.89,656.98)
  u_impl/u_core/g_row_6__g_col_7__u_pe/u_sol/U36/CO (FA1D0)                     0.15      9.45 r    (98.09,659.02)
  u_impl/u_core/g_row_6__g_col_7__u_pe/u_sol/U40/CO (FA1D0)                     0.16      9.61 r    (98.89,660.58)
  u_impl/u_core/g_row_6__g_col_7__u_pe/u_sol/U44/CO (FA1D0)                     0.16      9.77 r    (103.89,662.62)
  u_impl/u_core/g_row_6__g_col_7__u_pe/u_sol/U45/Z (XOR3D0)                     0.32     10.09 r    (107.28,662.50)
  u_impl/u_core/g_row_6__g_col_7__u_pe/u_sol/U46/Z (MUX2D0)                     0.16     10.25 r    (106.52,669.81)
  u_impl/u_core/g_row_6__g_col_7__u_pe/u_sol/u_red_q_reg_15_/D (EDFCNQD1)       0.00     10.25 r    (100.32,671.32)
  data arrival time                                                                      10.25

  clock core_clk (rise edge)                                                   10.00     10.00
  clock network delay (propagated)                                              0.61     10.61
  u_impl/u_core/g_row_6__g_col_7__u_pe/u_sol/u_red_q_reg_15_/CP (EDFCNQD1)      0.00     10.61 r    (101.23,671.29)
  library setup time                                                           -0.17     10.44
  data required time                                                                     10.44
  -----------------------------------------------------------------------------------------------------------------------
  data required time                                                                     10.44
  data arrival time                                                                     -10.25
  -----------------------------------------------------------------------------------------------------------------------
  slack (MET)                                                                             0.19



  Startpoint: u_impl/u_core/u_tcu/state_q_reg_0_ (rising edge-triggered flip-flop clocked by core_clk)
  Endpoint: u_impl/u_core/g_row_6__g_col_7__u_pe/u_sol/u_black_q_reg_15_ (rising edge-triggered flip-flop clocked by core_clk)
  Mode: FUNC
  Corner: WC
  Scenario: FUNC_WC
  Path Group: core_clk
  Path Type: max

  Point                                                                         Incr      Path          Location
  -----------------------------------------------------------------------------------------------------------------------
  clock core_clk (rise edge)                                                    0.00      0.00
  clock network delay (propagated)                                              0.63      0.63

  u_impl/u_core/u_tcu/state_q_reg_0_/CP (DFCNQD1)                               0.00      0.63 r    (718.32,543.70)
  u_impl/u_core/u_tcu/state_q_reg_0_/Q (DFCNQD1)                                0.39      1.02 f    (722.49,543.71)
  u_impl/u_core/u_tcu/U10/ZN (CKND0)                                            0.18      1.20 r    (717.75,541.88)
  u_impl/u_core/u_tcu/U31/Z (OR2D4)                                             0.40      1.59 r    (712.65,540.12)
  u_impl/u_core/u_tcu/HFSBUF_40901_13921/Z (CKBD4)                              0.43      2.02 r    (692.85,543.70)
  u_impl/u_core/u_tcu/HFSBUF_40120_13920/Z (CKBD3)                              0.46      2.48 r    (701.42,541.92)
  u_impl/u_core/u_tcu/HFSINV_35795_13908/ZN (CKND2)                             0.31      2.79 f    (736.63,561.82)
  u_impl/u_core/u_tcu/U8/ZN (CKND2D0)                                           0.23      3.02 r    (729.05,543.72)
  u_impl/u_core/u_tcu/U34/Z (MUX2D0)                                            0.27      3.28 r    (727.28,541.80)
  u_impl/u_core/HFSBUF_194776_14362/Z (BUFFD1)                                  0.35      3.64 r    (745.88,541.90)
  u_impl/u_core/HFSBUF_106263_14307/Z (CKBD3)                                   0.43      4.06 r    (745.18,442.89)
  u_impl/u_core/ZBUF_834_inst_17319/Z (CKBD4)                                   0.44      4.50 r    (348.25,277.30)
  u_impl/u_core/HFSBUF_30445_14220/Z (CKBD2)                                    0.52      5.02 r    (229.45,558.10)
  u_impl/u_core/HFSBUF_29194_14206/Z (CKBD3)                                    0.42      5.44 r    (218.18,613.92)
  u_impl/u_core/HFSINV_15880_14196/ZN (INVD1)                                   0.41      5.86 f    (178.12,637.32)
  u_impl/u_core/g_row_6__g_col_7__u_pe/U26/ZN (CKND2D0)                         0.27      6.13 r    (175.25,631.88)
  u_impl/u_core/g_row_6__g_col_7__u_pe/U28/ZN (OAI222D0)                        0.47      6.60 f    (172.89,633.59)
  u_impl/u_core/g_row_6__g_col_7__u_pe/ctmTdsLR_1_17129/ZN (OAI221D0)           0.31      6.91 r    (170.59,637.19)
  u_impl/u_core/g_row_6__g_col_7__u_pe/ZBUF_17_inst_17558/Z (CKBD0)             0.32      7.23 r    (166.91,637.32)
  u_impl/u_core/g_row_6__g_col_7__u_pe/u_sol/ctmTdsLR_1_19726/Z (CKAN2D0)       0.23      7.46 r    (107.78,653.58)
  u_impl/u_core/g_row_6__g_col_7__u_pe/u_sol/U51/CO (FA1D0)                     0.18      7.64 r    (103.51,651.82)
  u_impl/u_core/g_row_6__g_col_7__u_pe/u_sol/U54/CO (FA1D0)                     0.18      7.82 r    (102.51,644.62)
  u_impl/u_core/g_row_6__g_col_7__u_pe/u_sol/U57/CO (FA1D0)                     0.17      7.98 r    (95.11,646.18)
  u_impl/u_core/g_row_6__g_col_7__u_pe/u_sol/U10/CO (FA1D0)                     0.16      8.15 r    (91.51,644.62)
  u_impl/u_core/g_row_6__g_col_7__u_pe/u_sol/U14/CO (FA1D0)                     0.16      8.31 r    (87.71,641.02)
  u_impl/u_core/g_row_6__g_col_7__u_pe/u_sol/U18/CO (FA1D0)                     0.17      8.48 r    (82.71,641.02)
  u_impl/u_core/g_row_6__g_col_7__u_pe/u_sol/U23/CO (FA1D0)                     0.16      8.64 r    (79.09,646.18)
  u_impl/u_core/g_row_6__g_col_7__u_pe/u_sol/U61/CO (FA1D0)                     0.17      8.81 r    (80.69,648.22)
  u_impl/u_core/g_row_6__g_col_7__u_pe/u_sol/U64/CO (FA1D0)                     0.17      8.98 r    (86.69,651.82)
  u_impl/u_core/g_row_6__g_col_7__u_pe/u_sol/U28/CO (FA1D0)                     0.16      9.14 r    (90.49,655.42)
  u_impl/u_core/g_row_6__g_col_7__u_pe/u_sol/U32/CO (FA1D0)                     0.16      9.30 r    (94.89,656.98)
  u_impl/u_core/g_row_6__g_col_7__u_pe/u_sol/U36/CO (FA1D0)                     0.15      9.45 r    (98.09,659.02)
  u_impl/u_core/g_row_6__g_col_7__u_pe/u_sol/U40/CO (FA1D0)                     0.16      9.61 r    (98.89,660.58)
  u_impl/u_core/g_row_6__g_col_7__u_pe/u_sol/U44/CO (FA1D0)                     0.16      9.77 r    (103.89,662.62)
  u_impl/u_core/g_row_6__g_col_7__u_pe/u_sol/U45/Z (XOR3D0)                     0.32     10.09 r    (107.28,662.50)
  u_impl/u_core/g_row_6__g_col_7__u_pe/u_sol/U47/Z (MUX2D0)                     0.16     10.24 r    (104.12,666.21)
  u_impl/u_core/g_row_6__g_col_7__u_pe/u_sol/u_black_q_reg_15_/D (EDFCNQD1)     0.00     10.24 r    (101.12,664.12)
  data arrival time                                                                      10.24

  clock core_clk (rise edge)                                                   10.00     10.00
  clock network delay (propagated)                                              0.61     10.61
  u_impl/u_core/g_row_6__g_col_7__u_pe/u_sol/u_black_q_reg_15_/CP (EDFCNQD1)    0.00     10.61 r    (102.03,664.09)
  library setup time                                                           -0.16     10.45
  data required time                                                                     10.45
  -----------------------------------------------------------------------------------------------------------------------
  data required time                                                                     10.45
  data arrival time                                                                     -10.24
  -----------------------------------------------------------------------------------------------------------------------
  slack (MET)                                                                             0.20



  Startpoint: u_impl/u_core/u_tcu/state_q_reg_0_ (rising edge-triggered flip-flop clocked by core_clk)
  Endpoint: u_impl/u_core/g_row_19__g_col_9__u_pe/u_sol/u_red_q_reg_14_ (rising edge-triggered flip-flop clocked by core_clk)
  Mode: FUNC
  Corner: WC
  Scenario: FUNC_WC
  Path Group: core_clk
  Path Type: max

  Point                                                                         Incr      Path          Location
  -----------------------------------------------------------------------------------------------------------------------
  clock core_clk (rise edge)                                                    0.00      0.00
  clock network delay (propagated)                                              0.63      0.63

  u_impl/u_core/u_tcu/state_q_reg_0_/CP (DFCNQD1)                               0.00      0.63 r    (718.32,543.70)
  u_impl/u_core/u_tcu/state_q_reg_0_/Q (DFCNQD1)                                0.39      1.02 f    (722.49,543.71)
  u_impl/u_core/u_tcu/U10/ZN (CKND0)                                            0.18      1.20 r    (717.75,541.88)
  u_impl/u_core/u_tcu/U31/Z (OR2D4)                                             0.40      1.59 r    (712.65,540.12)
  u_impl/u_core/u_tcu/HFSBUF_40901_13921/Z (CKBD4)                              0.43      2.02 r    (692.85,543.70)
  u_impl/u_core/u_tcu/HFSBUF_40120_13920/Z (CKBD3)                              0.46      2.48 r    (701.42,541.92)
  u_impl/u_core/u_tcu/HFSINV_35795_13908/ZN (CKND2)                             0.31      2.79 f    (736.63,561.82)
  u_impl/u_core/u_tcu/U8/ZN (CKND2D0)                                           0.23      3.02 r    (729.05,543.72)
  u_impl/u_core/u_tcu/U34/Z (MUX2D0)                                            0.27      3.28 r    (727.28,541.80)
  u_impl/u_core/HFSBUF_194776_14362/Z (BUFFD1)                                  0.35      3.64 r    (745.88,541.90)
  u_impl/u_core/HFSINV_176260_14353/ZN (CKND2)                                  0.44      4.08 f    (770.03,541.79)
  u_impl/u_core/HFSBUF_174764_14352/Z (CKBD2)                                   0.40      4.48 f    (777.55,552.70)
  u_impl/u_core/HFSBUF_173786_14351/Z (BUFFD1)                                  0.40      4.88 f    (784.09,527.50)
  u_impl/u_core/g_row_19__g_col_9__u_pe/U20/ZN (CKND2D0)                        0.27      5.15 r    (789.95,496.92)
  u_impl/u_core/g_row_19__g_col_9__u_pe/U21/ZN (CKND0)                          0.18      5.33 f    (786.95,493.32)
  u_impl/u_core/g_row_19__g_col_9__u_pe/U22/ZN (OAI221D0)                       0.15      5.48 r    (782.41,493.19)
  u_impl/u_core/g_row_19__g_col_9__u_pe/ctmTdsLR_1_17064/ZN (OAI221D0)          0.40      5.88 f    (787.99,495.21)
  u_impl/u_core/g_row_19__g_col_9__u_pe/u_sol/U57/CO (HA1D0)                    0.23      6.11 f    (801.29,496.92)
  u_impl/u_core/g_row_19__g_col_9__u_pe/u_sol/U60/CO (FA1D0)                    0.17      6.28 f    (804.49,491.38)
  u_impl/u_core/g_row_19__g_col_9__u_pe/u_sol/U63/CO (FA1D0)                    0.17      6.45 f    (809.49,489.82)
  u_impl/u_core/g_row_19__g_col_9__u_pe/u_sol/U8/CO (FA1D0)                     0.17      6.61 f    (814.29,491.38)
  u_impl/u_core/g_row_19__g_col_9__u_pe/u_sol/U12/CO (FA1D0)                    0.17      6.78 f    (818.69,493.42)
  u_impl/u_core/g_row_19__g_col_9__u_pe/u_sol/U16/CO (FA1D0)                    0.17      6.94 f    (824.09,493.42)
  u_impl/u_core/g_row_19__g_col_9__u_pe/u_sol/U20/CO (FA1D0)                    0.16      7.11 f    (825.69,497.02)
  u_impl/u_core/g_row_19__g_col_9__u_pe/u_sol/U25/CO (FA1D0)                    0.16      7.27 f    (827.89,498.58)
  u_impl/u_core/g_row_19__g_col_9__u_pe/u_sol/U29/CO (FA1D0)                    0.16      7.43 f    (827.09,502.18)
  u_impl/u_core/g_row_19__g_col_9__u_pe/u_sol/U33/CO (FA1D0)                    0.16      7.59 f    (826.71,504.22)
  u_impl/u_core/g_row_19__g_col_9__u_pe/u_sol/U37/CO (FA1D0)                    0.17      7.76 f    (821.71,504.22)
  u_impl/u_core/g_row_19__g_col_9__u_pe/u_sol/U41/CO (FA1D0)                    0.18      7.94 f    (814.71,505.78)
  u_impl/u_core/g_row_19__g_col_9__u_pe/u_sol/U45/CO (FA1D0)                    0.17      8.11 f    (809.49,504.22)
  u_impl/u_core/g_row_19__g_col_9__u_pe/u_sol/U49/CO (FA1D0)                    0.17      8.27 f    (809.89,500.62)
  u_impl/u_core/g_row_19__g_col_9__u_pe/u_sol/U53/S (FA1D0)                     0.22      8.49 r    (813.62,498.56)
  u_impl/u_core/g_row_19__g_col_9__u_pe/u_sol/U50/Z (MUX2D0)                    0.16      8.65 r    (822.28,498.60)
  u_impl/u_core/g_row_19__g_col_9__u_pe/u_sol/copt_h_inst_19834/Z (DEL1)        1.71     10.37 r    (818.92,502.29)
  u_impl/u_core/g_row_19__g_col_9__u_pe/u_sol/u_red_q_reg_14_/D (EDFCNQD1)      0.00     10.37 r    (814.52,504.29)
  data arrival time                                                                      10.37

  clock core_clk (rise edge)                                                   10.00     10.00
  clock network delay (propagated)                                              0.77     10.77
  u_impl/u_core/g_row_19__g_col_9__u_pe/u_sol/u_red_q_reg_14_/CP (EDFCNQD1)     0.00     10.77 r    (815.43,504.31)
  library setup time                                                           -0.19     10.58
  data required time                                                                     10.58
  -----------------------------------------------------------------------------------------------------------------------
  data required time                                                                     10.58
  data arrival time                                                                     -10.37
  -----------------------------------------------------------------------------------------------------------------------
  slack (MET)                                                                             0.21



  Startpoint: u_impl/u_core/u_tcu/state_q_reg_0_ (rising edge-triggered flip-flop clocked by core_clk)
  Endpoint: u_impl/u_core/g_row_6__g_col_5__u_pe/u_sol/u_black_q_reg_15_ (rising edge-triggered flip-flop clocked by core_clk)
  Mode: FUNC
  Corner: WC
  Scenario: FUNC_WC
  Path Group: core_clk
  Path Type: max

  Point                                                                         Incr      Path          Location
  -----------------------------------------------------------------------------------------------------------------------
  clock core_clk (rise edge)                                                    0.00      0.00
  clock network delay (propagated)                                              0.63      0.63

  u_impl/u_core/u_tcu/state_q_reg_0_/CP (DFCNQD1)                               0.00      0.63 r    (718.32,543.70)
  u_impl/u_core/u_tcu/state_q_reg_0_/Q (DFCNQD1)                                0.39      1.02 f    (722.49,543.71)
  u_impl/u_core/u_tcu/U10/ZN (CKND0)                                            0.18      1.20 r    (717.75,541.88)
  u_impl/u_core/u_tcu/U31/Z (OR2D4)                                             0.40      1.59 r    (712.65,540.12)
  u_impl/u_core/u_tcu/HFSBUF_40901_13921/Z (CKBD4)                              0.43      2.02 r    (692.85,543.70)
  u_impl/u_core/u_tcu/HFSBUF_40120_13920/Z (CKBD3)                              0.46      2.48 r    (701.42,541.92)
  u_impl/u_core/u_tcu/HFSINV_35795_13908/ZN (CKND2)                             0.31      2.79 f    (736.63,561.82)
  u_impl/u_core/u_tcu/U8/ZN (CKND2D0)                                           0.23      3.02 r    (729.05,543.72)
  u_impl/u_core/u_tcu/U34/Z (MUX2D0)                                            0.27      3.28 r    (727.28,541.80)
  u_impl/u_core/HFSBUF_194776_14362/Z (BUFFD1)                                  0.35      3.64 r    (745.88,541.90)
  u_impl/u_core/HFSBUF_106263_14307/Z (CKBD3)                                   0.43      4.06 r    (745.18,442.89)
  u_impl/u_core/ZBUF_834_inst_17319/Z (CKBD4)                                   0.44      4.50 r    (348.25,277.30)
  u_impl/u_core/HFSBUF_30445_14220/Z (CKBD2)                                    0.52      5.02 r    (229.45,558.10)
  u_impl/u_core/HFSBUF_29194_14206/Z (CKBD3)                                    0.42      5.44 r    (218.18,613.92)
  u_impl/u_core/g_row_6__g_col_5__u_pe/HFSINV_18665_14198/ZN (CKND0)            0.45      5.89 f    (146.95,635.48)
  u_impl/u_core/g_row_6__g_col_5__u_pe/U25/ZN (CKND2D0)                         0.34      6.23 r    (145.05,639.08)
  u_impl/u_core/g_row_6__g_col_5__u_pe/U26/ZN (CKND0)                           0.19      6.42 f    (146.05,640.92)
  u_impl/u_core/g_row_6__g_col_5__u_pe/U27/ZN (OAI221D0)                        0.13      6.54 r    (146.59,637.19)
  u_impl/u_core/g_row_6__g_col_5__u_pe/ctmTdsLR_1_17127/ZN (OAI221D0)           0.24      6.79 f    (144.61,637.19)
  u_impl/u_core/g_row_6__g_col_5__u_pe/ZBUF_17_inst_17334/Z (CKBD0)             0.34      7.13 f    (142.91,642.68)
  u_impl/u_core/g_row_6__g_col_5__u_pe/u_sol/ctmTdsLR_1_19724/Z (CKAN2D0)       0.23      7.36 f    (70.78,671.58)
  u_impl/u_core/g_row_6__g_col_5__u_pe/u_sol/U48/CO (FA1D0)                     0.17      7.53 f    (67.51,667.78)
  u_impl/u_core/g_row_6__g_col_5__u_pe/u_sol/U51/CO (FA1D0)                     0.16      7.69 f    (65.31,666.22)
  u_impl/u_core/g_row_6__g_col_5__u_pe/u_sol/U54/CO (FA1D0)                     0.18      7.88 f    (64.51,662.62)
  u_impl/u_core/g_row_6__g_col_5__u_pe/u_sol/U57/CO (FA1D0)                     0.17      8.05 f    (61.71,649.78)
  u_impl/u_core/g_row_6__g_col_5__u_pe/u_sol/U11/CO (FA1D0)                     0.17      8.22 f    (61.49,651.82)
  u_impl/u_core/g_row_6__g_col_5__u_pe/u_sol/U15/CO (FA1D0)                     0.16      8.38 f    (71.69,649.78)
  u_impl/u_core/g_row_6__g_col_5__u_pe/u_sol/U20/CO (FA1D0)                     0.17      8.55 f    (72.29,651.82)
  u_impl/u_core/g_row_6__g_col_5__u_pe/u_sol/U61/CO (FA1D0)                     0.18      8.74 f    (76.69,659.02)
  u_impl/u_core/g_row_6__g_col_5__u_pe/u_sol/U64/CO (FA1D0)                     0.18      8.91 f    (80.51,664.18)
  u_impl/u_core/g_row_6__g_col_5__u_pe/u_sol/U25/CO (FA1D0)                     0.17      9.08 f    (83.71,667.78)
  u_impl/u_core/g_row_6__g_col_5__u_pe/u_sol/U29/CO (FA1D0)                     0.17      9.24 f    (83.31,671.38)
  u_impl/u_core/g_row_6__g_col_5__u_pe/u_sol/U33/CO (FA1D0)                     0.17      9.42 f    (82.71,677.02)
  u_impl/u_core/g_row_6__g_col_5__u_pe/u_sol/U37/CO (FA1D0)                     0.17      9.59 f    (74.71,677.02)
  u_impl/u_core/g_row_6__g_col_5__u_pe/u_sol/U41/CO (FA1D0)                     0.17      9.76 f    (70.31,674.98)
  u_impl/u_core/g_row_6__g_col_5__u_pe/u_sol/U42/Z (XOR3D0)                     0.32     10.08 r    (73.88,673.30)
  u_impl/u_core/g_row_6__g_col_5__u_pe/u_sol/U44/Z (MUX2D0)                     0.16     10.24 r    (67.32,678.60)
  u_impl/u_core/g_row_6__g_col_5__u_pe/u_sol/u_black_q_reg_15_/D (EDFCNQD1)     0.00     10.24 r    (60.72,678.51)
  data arrival time                                                                      10.24

  clock core_clk (rise edge)                                                   10.00     10.00
  clock network delay (propagated)                                              0.61     10.61
  u_impl/u_core/g_row_6__g_col_5__u_pe/u_sol/u_black_q_reg_15_/CP (EDFCNQD1)    0.00     10.61 r    (61.63,678.49)
  library setup time                                                           -0.16     10.45
  data required time                                                                     10.45
  -----------------------------------------------------------------------------------------------------------------------
  data required time                                                                     10.45
  data arrival time                                                                     -10.24
  -----------------------------------------------------------------------------------------------------------------------
  slack (MET)                                                                             0.21



  Startpoint: u_impl/u_core/u_tcu/state_q_reg_0_ (rising edge-triggered flip-flop clocked by core_clk)
  Endpoint: u_impl/u_core/g_row_5__g_col_4__u_pe/u_sol/u_red_q_reg_15_ (rising edge-triggered flip-flop clocked by core_clk)
  Mode: FUNC
  Corner: WC
  Scenario: FUNC_WC
  Path Group: core_clk
  Path Type: max

  Point                                                                         Incr      Path          Location
  -----------------------------------------------------------------------------------------------------------------------
  clock core_clk (rise edge)                                                    0.00      0.00
  clock network delay (propagated)                                              0.63      0.63

  u_impl/u_core/u_tcu/state_q_reg_0_/CP (DFCNQD1)                               0.00      0.63 r    (718.32,543.70)
  u_impl/u_core/u_tcu/state_q_reg_0_/Q (DFCNQD1)                                0.39      1.02 f    (722.49,543.71)
  u_impl/u_core/u_tcu/U10/ZN (CKND0)                                            0.18      1.20 r    (717.75,541.88)
  u_impl/u_core/u_tcu/U31/Z (OR2D4)                                             0.40      1.59 r    (712.65,540.12)
  u_impl/u_core/u_tcu/HFSBUF_40901_13921/Z (CKBD4)                              0.43      2.02 r    (692.85,543.70)
  u_impl/u_core/u_tcu/HFSBUF_40120_13920/Z (CKBD3)                              0.46      2.48 r    (701.42,541.92)
  u_impl/u_core/u_tcu/HFSINV_35795_13908/ZN (CKND2)                             0.31      2.79 f    (736.63,561.82)
  u_impl/u_core/u_tcu/U8/ZN (CKND2D0)                                           0.23      3.02 r    (729.05,543.72)
  u_impl/u_core/u_tcu/U34/Z (MUX2D0)                                            0.27      3.28 r    (727.28,541.80)
  u_impl/u_core/HFSBUF_194776_14362/Z (BUFFD1)                                  0.35      3.64 r    (745.88,541.90)
  u_impl/u_core/HFSBUF_106263_14307/Z (CKBD3)                                   0.43      4.06 r    (745.18,442.89)
  u_impl/u_core/ZBUF_834_inst_17319/Z (CKBD4)                                   0.44      4.50 r    (348.25,277.30)
  u_impl/u_core/HFSBUF_30445_14220/Z (CKBD2)                                    0.52      5.02 r    (229.45,558.10)
  u_impl/u_core/HFSBUF_30167_14193/Z (CKBD3)                                    0.44      5.47 r    (276.98,730.88)
  u_impl/u_core/g_row_5__g_col_4__u_pe/HFSINV_2354_14180/ZN (CKND0)             0.47      5.94 f    (278.35,756.12)
  u_impl/u_core/g_row_5__g_col_4__u_pe/U27/ZN (CKND2D0)                         0.29      6.23 r    (273.55,757.88)
  u_impl/u_core/g_row_5__g_col_4__u_pe/U29/ZN (OAI222D0)                        0.49      6.72 f    (272.09,758.01)
  u_impl/u_core/g_row_5__g_col_4__u_pe/ctmTdsLR_1_16957/ZN (OAI221D1)           0.56      7.29 r    (268.38,756.10)
  u_impl/u_core/g_row_5__g_col_4__u_pe/u_sol/ctmTdsLR_1_17116/Z (CKAN2D0)       0.27      7.56 r    (224.58,817.23)
  u_impl/u_core/g_row_5__g_col_4__u_pe/u_sol/U63/CO (FA1D0)                     0.17      7.73 r    (221.31,815.38)
  u_impl/u_core/g_row_5__g_col_4__u_pe/u_sol/U7/CO (FA1D0)                      0.16      7.89 r    (216.71,813.82)
  u_impl/u_core/g_row_5__g_col_4__u_pe/u_sol/U12/CO (FA1D0)                     0.17      8.06 r    (211.91,811.78)
  u_impl/u_core/g_row_5__g_col_4__u_pe/u_sol/U16/CO (FA1D0)                     0.17      8.23 r    (204.91,813.82)
  u_impl/u_core/g_row_5__g_col_4__u_pe/u_sol/U20/CO (FA1D0)                     0.17      8.40 r    (199.91,811.78)
  u_impl/u_core/g_row_5__g_col_4__u_pe/u_sol/U24/CO (FA1D0)                     0.16      8.56 r    (188.91,813.82)
  u_impl/u_core/g_row_5__g_col_4__u_pe/u_sol/U28/CO (FA1D0)                     0.16      8.72 r    (183.91,813.82)
  u_impl/u_core/g_row_5__g_col_4__u_pe/u_sol/U32/CO (FA1D0)                     0.17      8.88 r    (182.11,810.22)
  u_impl/u_core/g_row_5__g_col_4__u_pe/u_sol/U36/CO (FA1D0)                     0.16      9.05 r    (187.69,806.62)
  u_impl/u_core/g_row_5__g_col_4__u_pe/u_sol/U40/CO (FA1D0)                     0.16      9.20 r    (191.09,804.58)
  u_impl/u_core/g_row_5__g_col_4__u_pe/u_sol/U44/CO (FA1D0)                     0.17      9.37 r    (196.09,803.02)
  u_impl/u_core/g_row_5__g_col_4__u_pe/u_sol/U48/CO (FA1D0)                     0.17      9.55 r    (201.69,808.18)
  u_impl/u_core/g_row_5__g_col_4__u_pe/u_sol/U52/CO (FA1D0)                     0.17      9.72 r    (203.29,815.38)
  u_impl/u_core/g_row_5__g_col_4__u_pe/u_sol/U56/CO (FA1D0)                     0.16      9.88 r    (205.89,822.58)
  u_impl/u_core/g_row_5__g_col_4__u_pe/u_sol/U57/Z (XOR3D0)                     0.32     10.20 r    (209.28,822.70)
  u_impl/u_core/g_row_5__g_col_4__u_pe/u_sol/U58/Z (MUX2D0)                     0.15     10.35 r    (213.48,828.21)
  u_impl/u_core/g_row_5__g_col_4__u_pe/u_sol/u_red_q_reg_15_/D (EDFCNQD1)       0.00     10.35 r    (208.12,826.12)
  data arrival time                                                                      10.35

  clock core_clk (rise edge)                                                   10.00     10.00
  clock network delay (propagated)                                              0.73     10.73
  u_impl/u_core/g_row_5__g_col_4__u_pe/u_sol/u_red_q_reg_15_/CP (EDFCNQD1)      0.00     10.73 r    (209.03,826.09)
  library setup time                                                           -0.17     10.57
  data required time                                                                     10.57
  -----------------------------------------------------------------------------------------------------------------------
  data required time                                                                     10.57
  data arrival time                                                                     -10.35
  -----------------------------------------------------------------------------------------------------------------------
  slack (MET)                                                                             0.21



  Startpoint: u_impl/u_core/u_tcu/state_q_reg_0_ (rising edge-triggered flip-flop clocked by core_clk)
  Endpoint: u_impl/u_core/g_row_5__g_col_4__u_pe/u_sol/u_black_q_reg_15_ (rising edge-triggered flip-flop clocked by core_clk)
  Mode: FUNC
  Corner: WC
  Scenario: FUNC_WC
  Path Group: core_clk
  Path Type: max

  Point                                                                         Incr      Path          Location
  -----------------------------------------------------------------------------------------------------------------------
  clock core_clk (rise edge)                                                    0.00      0.00
  clock network delay (propagated)                                              0.63      0.63

  u_impl/u_core/u_tcu/state_q_reg_0_/CP (DFCNQD1)                               0.00      0.63 r    (718.32,543.70)
  u_impl/u_core/u_tcu/state_q_reg_0_/Q (DFCNQD1)                                0.39      1.02 f    (722.49,543.71)
  u_impl/u_core/u_tcu/U10/ZN (CKND0)                                            0.18      1.20 r    (717.75,541.88)
  u_impl/u_core/u_tcu/U31/Z (OR2D4)                                             0.40      1.59 r    (712.65,540.12)
  u_impl/u_core/u_tcu/HFSBUF_40901_13921/Z (CKBD4)                              0.43      2.02 r    (692.85,543.70)
  u_impl/u_core/u_tcu/HFSBUF_40120_13920/Z (CKBD3)                              0.46      2.48 r    (701.42,541.92)
  u_impl/u_core/u_tcu/HFSINV_35795_13908/ZN (CKND2)                             0.31      2.79 f    (736.63,561.82)
  u_impl/u_core/u_tcu/U8/ZN (CKND2D0)                                           0.23      3.02 r    (729.05,543.72)
  u_impl/u_core/u_tcu/U34/Z (MUX2D0)                                            0.27      3.28 r    (727.28,541.80)
  u_impl/u_core/HFSBUF_194776_14362/Z (BUFFD1)                                  0.35      3.64 r    (745.88,541.90)
  u_impl/u_core/HFSBUF_106263_14307/Z (CKBD3)                                   0.43      4.06 r    (745.18,442.89)
  u_impl/u_core/ZBUF_834_inst_17319/Z (CKBD4)                                   0.44      4.50 r    (348.25,277.30)
  u_impl/u_core/HFSBUF_30445_14220/Z (CKBD2)                                    0.52      5.02 r    (229.45,558.10)
  u_impl/u_core/HFSBUF_30167_14193/Z (CKBD3)                                    0.44      5.47 r    (276.98,730.88)
  u_impl/u_core/g_row_5__g_col_4__u_pe/HFSINV_2354_14180/ZN (CKND0)             0.47      5.94 f    (278.35,756.12)
  u_impl/u_core/g_row_5__g_col_4__u_pe/U27/ZN (CKND2D0)                         0.29      6.23 r    (273.55,757.88)
  u_impl/u_core/g_row_5__g_col_4__u_pe/U29/ZN (OAI222D0)                        0.49      6.72 f    (272.09,758.01)
  u_impl/u_core/g_row_5__g_col_4__u_pe/ctmTdsLR_1_16957/ZN (OAI221D1)           0.56      7.29 r    (268.38,756.10)
  u_impl/u_core/g_row_5__g_col_4__u_pe/u_sol/ctmTdsLR_1_17116/Z (CKAN2D0)       0.27      7.56 r    (224.58,817.23)
  u_impl/u_core/g_row_5__g_col_4__u_pe/u_sol/U63/CO (FA1D0)                     0.17      7.73 r    (221.31,815.38)
  u_impl/u_core/g_row_5__g_col_4__u_pe/u_sol/U7/CO (FA1D0)                      0.16      7.89 r    (216.71,813.82)
  u_impl/u_core/g_row_5__g_col_4__u_pe/u_sol/U12/CO (FA1D0)                     0.17      8.06 r    (211.91,811.78)
  u_impl/u_core/g_row_5__g_col_4__u_pe/u_sol/U16/CO (FA1D0)                     0.17      8.23 r    (204.91,813.82)
  u_impl/u_core/g_row_5__g_col_4__u_pe/u_sol/U20/CO (FA1D0)                     0.17      8.40 r    (199.91,811.78)
  u_impl/u_core/g_row_5__g_col_4__u_pe/u_sol/U24/CO (FA1D0)                     0.16      8.56 r    (188.91,813.82)
  u_impl/u_core/g_row_5__g_col_4__u_pe/u_sol/U28/CO (FA1D0)                     0.16      8.72 r    (183.91,813.82)
  u_impl/u_core/g_row_5__g_col_4__u_pe/u_sol/U32/CO (FA1D0)                     0.17      8.88 r    (182.11,810.22)
  u_impl/u_core/g_row_5__g_col_4__u_pe/u_sol/U36/CO (FA1D0)                     0.16      9.05 r    (187.69,806.62)
  u_impl/u_core/g_row_5__g_col_4__u_pe/u_sol/U40/CO (FA1D0)                     0.16      9.20 r    (191.09,804.58)
  u_impl/u_core/g_row_5__g_col_4__u_pe/u_sol/U44/CO (FA1D0)                     0.17      9.37 r    (196.09,803.02)
  u_impl/u_core/g_row_5__g_col_4__u_pe/u_sol/U48/CO (FA1D0)                     0.17      9.55 r    (201.69,808.18)
  u_impl/u_core/g_row_5__g_col_4__u_pe/u_sol/U52/CO (FA1D0)                     0.17      9.72 r    (203.29,815.38)
  u_impl/u_core/g_row_5__g_col_4__u_pe/u_sol/U56/CO (FA1D0)                     0.16      9.88 r    (205.89,822.58)
  u_impl/u_core/g_row_5__g_col_4__u_pe/u_sol/U57/Z (XOR3D0)                     0.32     10.20 r    (209.28,822.70)
  u_impl/u_core/g_row_5__g_col_4__u_pe/u_sol/U59/Z (MUX2D0)                     0.15     10.35 r    (209.92,828.21)
  u_impl/u_core/g_row_5__g_col_4__u_pe/u_sol/u_black_q_reg_15_/D (EDFCNQD1)     0.00     10.35 r    (205.12,829.72)
  data arrival time                                                                      10.35

  clock core_clk (rise edge)                                                   10.00     10.00
  clock network delay (propagated)                                              0.73     10.73
  u_impl/u_core/g_row_5__g_col_4__u_pe/u_sol/u_black_q_reg_15_/CP (EDFCNQD1)    0.00     10.73 r    (206.03,829.69)
  library setup time                                                           -0.17     10.57
  data required time                                                                     10.57
  -----------------------------------------------------------------------------------------------------------------------
  data required time                                                                     10.57
  data arrival time                                                                     -10.35
  -----------------------------------------------------------------------------------------------------------------------
  slack (MET)                                                                             0.21



  Startpoint: u_impl/u_core/u_tcu/state_q_reg_0_ (rising edge-triggered flip-flop clocked by core_clk)
  Endpoint: u_impl/u_core/g_row_14__g_col_1__u_pe/u_sol/u_black_q_reg_15_ (rising edge-triggered flip-flop clocked by core_clk)
  Mode: FUNC
  Corner: WC
  Scenario: FUNC_WC
  Path Group: core_clk
  Path Type: max

  Point                                                                         Incr      Path          Location
  -----------------------------------------------------------------------------------------------------------------------
  clock core_clk (rise edge)                                                    0.00      0.00
  clock network delay (propagated)                                              0.63      0.63

  u_impl/u_core/u_tcu/state_q_reg_0_/CP (DFCNQD1)                               0.00      0.63 r    (718.32,543.70)
  u_impl/u_core/u_tcu/state_q_reg_0_/Q (DFCNQD1)                                0.39      1.02 f    (722.49,543.71)
  u_impl/u_core/u_tcu/U10/ZN (CKND0)                                            0.18      1.20 r    (717.75,541.88)
  u_impl/u_core/u_tcu/U31/Z (OR2D4)                                             0.40      1.59 r    (712.65,540.12)
  u_impl/u_core/u_tcu/HFSBUF_40901_13921/Z (CKBD4)                              0.43      2.02 r    (692.85,543.70)
  u_impl/u_core/u_tcu/HFSBUF_40120_13920/Z (CKBD3)                              0.46      2.48 r    (701.42,541.92)
  u_impl/u_core/u_tcu/HFSINV_35795_13908/ZN (CKND2)                             0.31      2.79 f    (736.63,561.82)
  u_impl/u_core/u_tcu/U8/ZN (CKND2D0)                                           0.23      3.02 r    (729.05,543.72)
  u_impl/u_core/u_tcu/U34/Z (MUX2D0)                                            0.27      3.28 r    (727.28,541.80)
  u_impl/u_core/HFSBUF_194776_14362/Z (BUFFD1)                                  0.35      3.64 r    (745.88,541.90)
  u_impl/u_core/HFSBUF_106263_14307/Z (CKBD3)                                   0.43      4.06 r    (745.18,442.89)
  u_impl/u_core/ZBUF_834_inst_17319/Z (CKBD4)                                   0.44      4.50 r    (348.25,277.30)
  u_impl/u_core/HFSBUF_85468_14260/Z (CKBD3)                                    0.44      4.94 r    (245.18,279.12)
  u_impl/u_core/HFSBUF_68525_14231/Z (CKBD3)                                    0.43      5.37 r    (209.78,288.09)
  u_impl/u_core/g_row_14__g_col_1__u_pe/HFSINV_61256_14223/ZN (CKND0)           0.52      5.89 f    (198.75,435.72)
  u_impl/u_core/g_row_14__g_col_1__u_pe/U27/ZN (CKND2D0)                        0.31      6.20 r    (205.25,435.72)
  u_impl/u_core/g_row_14__g_col_1__u_pe/U35/ZN (OAI222D0)                       0.43      6.63 f    (203.69,435.59)
  u_impl/u_core/g_row_14__g_col_1__u_pe/ctmTdsLR_1_16428/ZN (OAI221D0)          0.36      6.98 r    (198.99,430.41)
  u_impl/u_core/g_row_14__g_col_1__u_pe/ropt_inst_38054/Z (CKBD0)               0.38      7.37 r    (180.09,430.28)
  u_impl/u_core/g_row_14__g_col_1__u_pe/u_sol/U55/CO (FA1D0)                    0.37      7.74 r    (97.31,432.22)
  u_impl/u_core/g_row_14__g_col_1__u_pe/u_sol/U7/CO (FA1D0)                     0.16      7.90 r    (96.91,430.18)
  u_impl/u_core/g_row_14__g_col_1__u_pe/u_sol/U10/CO (FA1D0)                    0.16      8.05 r    (97.91,426.58)
  u_impl/u_core/g_row_14__g_col_1__u_pe/u_sol/U14/CO (FA1D0)                    0.18      8.24 r    (96.51,425.02)
  u_impl/u_core/g_row_14__g_col_1__u_pe/u_sol/U18/CO (FA1D0)                    0.18      8.41 r    (86.31,428.62)
  u_impl/u_core/g_row_14__g_col_1__u_pe/u_sol/U22/CO (FA1D0)                    0.17      8.58 r    (81.31,426.58)
  u_impl/u_core/g_row_14__g_col_1__u_pe/u_sol/U27/CO (FA1D0)                    0.17      8.74 r    (81.51,430.18)
  u_impl/u_core/g_row_14__g_col_1__u_pe/u_sol/U61/CO (FA1D0)                    0.17      8.91 r    (76.31,428.62)
  u_impl/u_core/g_row_14__g_col_1__u_pe/u_sol/U64/CO (FA1D0)                    0.17      9.08 r    (73.91,433.78)
  u_impl/u_core/g_row_14__g_col_1__u_pe/u_sol/U32/CO (FA1D0)                    0.17      9.24 r    (68.91,433.78)
  u_impl/u_core/g_row_14__g_col_1__u_pe/u_sol/U36/CO (FA1D0)                    0.16      9.40 r    (73.69,437.38)
  u_impl/u_core/g_row_14__g_col_1__u_pe/u_sol/U40/CO (FA1D0)                    0.16      9.56 r    (75.29,439.42)
  u_impl/u_core/g_row_14__g_col_1__u_pe/u_sol/U44/CO (FA1D0)                    0.17      9.73 r    (80.49,437.38)
  u_impl/u_core/g_row_14__g_col_1__u_pe/u_sol/U48/CO (FA1D0)                    0.16      9.89 r    (83.89,433.78)
  u_impl/u_core/g_row_14__g_col_1__u_pe/u_sol/U49/Z (XOR3D0)                    0.33     10.22 r    (87.28,433.90)
  u_impl/u_core/g_row_14__g_col_1__u_pe/u_sol/U51/Z (MUX2D0)                    0.16     10.38 r    (88.12,443.00)
  u_impl/u_core/g_row_14__g_col_1__u_pe/u_sol/u_black_q_reg_15_/D (EDFCNQD1)    0.00     10.38 r    (81.92,439.49)
  data arrival time                                                                      10.38

  clock core_clk (rise edge)                                                   10.00     10.00
  clock network delay (propagated)                                              0.78     10.78
  u_impl/u_core/g_row_14__g_col_1__u_pe/u_sol/u_black_q_reg_15_/CP (EDFCNQD1)   0.00     10.78 r    (82.83,439.52)
  library setup time                                                           -0.18     10.60
  data required time                                                                     10.60
  -----------------------------------------------------------------------------------------------------------------------
  data required time                                                                     10.60
  data arrival time                                                                     -10.38
  -----------------------------------------------------------------------------------------------------------------------
  slack (MET)                                                                             0.22



  Startpoint: u_impl/u_core/u_tcu/state_q_reg_0_ (rising edge-triggered flip-flop clocked by core_clk)
  Endpoint: u_impl/u_core/g_row_15__g_col_6__u_pe/u_sol/u_black_q_reg_15_ (rising edge-triggered flip-flop clocked by core_clk)
  Mode: FUNC
  Corner: WC
  Scenario: FUNC_WC
  Path Group: core_clk
  Path Type: max

  Point                                                                         Incr      Path          Location
  -----------------------------------------------------------------------------------------------------------------------
  clock core_clk (rise edge)                                                    0.00      0.00
  clock network delay (propagated)                                              0.63      0.63

  u_impl/u_core/u_tcu/state_q_reg_0_/CP (DFCNQD1)                               0.00      0.63 r    (718.32,543.70)
  u_impl/u_core/u_tcu/state_q_reg_0_/Q (DFCNQD1)                                0.39      1.02 f    (722.49,543.71)
  u_impl/u_core/u_tcu/U10/ZN (CKND0)                                            0.18      1.20 r    (717.75,541.88)
  u_impl/u_core/u_tcu/U31/Z (OR2D4)                                             0.40      1.59 r    (712.65,540.12)
  u_impl/u_core/u_tcu/HFSBUF_40901_13921/Z (CKBD4)                              0.43      2.02 r    (692.85,543.70)
  u_impl/u_core/u_tcu/HFSBUF_40120_13920/Z (CKBD3)                              0.46      2.48 r    (701.42,541.92)
  u_impl/u_core/u_tcu/HFSINV_35795_13908/ZN (CKND2)                             0.31      2.79 f    (736.63,561.82)
  u_impl/u_core/u_tcu/U8/ZN (CKND2D0)                                           0.23      3.02 r    (729.05,543.72)
  u_impl/u_core/u_tcu/U34/Z (MUX2D0)                                            0.27      3.28 r    (727.28,541.80)
  u_impl/u_core/HFSBUF_194776_14362/Z (BUFFD1)                                  0.35      3.64 r    (745.88,541.90)
  u_impl/u_core/HFSBUF_106263_14307/Z (CKBD3)                                   0.43      4.06 r    (745.18,442.89)
  u_impl/u_core/ZBUF_834_inst_17319/Z (CKBD4)                                   0.44      4.50 r    (348.25,277.30)
  u_impl/u_core/HFSBUF_85468_14260/Z (CKBD3)                                    0.44      4.94 r    (245.18,279.12)
  u_impl/u_core/HFSINV_56094_14243/ZN (CKND0)                                   0.53      5.47 f    (165.15,297.08)
  u_impl/u_core/g_row_15__g_col_6__u_pe/HFSBUF_56045_14242/Z (BUFFD1)           0.36      5.83 f    (165.28,289.90)
  u_impl/u_core/g_row_15__g_col_6__u_pe/U6/ZN (CKND2D0)                         0.28      6.11 r    (170.55,266.52)
  u_impl/u_core/g_row_15__g_col_6__u_pe/U26/ZN (CKND0)                          0.22      6.33 f    (175.25,270.12)
  u_impl/u_core/g_row_15__g_col_6__u_pe/U27/ZN (OAI221D0)                       0.17      6.50 r    (176.59,272.01)
  u_impl/u_core/g_row_15__g_col_6__u_pe/ctmTdsLR_1_17202/ZN (OAI221D0)          0.41      6.91 f    (173.41,264.81)
  u_impl/u_core/g_row_15__g_col_6__u_pe/HFSBUF_24_4499/Z (CKBD0)                0.43      7.34 f    (145.91,255.72)
  u_impl/u_core/g_row_15__g_col_6__u_pe/u_sol/U60/CO (HA1D0)                    0.22      7.56 f    (58.69,234.12)
  u_impl/u_core/g_row_15__g_col_6__u_pe/u_sol/U63/CO (FA1D0)                    0.16      7.72 f    (62.09,235.78)
  u_impl/u_core/g_row_15__g_col_6__u_pe/u_sol/U7/CO (FA1D0)                     0.16      7.88 f    (63.69,234.22)
  u_impl/u_core/g_row_15__g_col_6__u_pe/u_sol/U12/CO (FA1D0)                    0.17      8.05 f    (67.09,235.78)
  u_impl/u_core/g_row_15__g_col_6__u_pe/u_sol/U16/CO (FA1D0)                    0.17      8.22 f    (72.09,235.78)
  u_impl/u_core/g_row_15__g_col_6__u_pe/u_sol/U20/CO (FA1D0)                    0.17      8.39 f    (77.09,234.22)
  u_impl/u_core/g_row_15__g_col_6__u_pe/u_sol/U24/CO (FA1D0)                    0.18      8.57 f    (78.29,230.62)
  u_impl/u_core/g_row_15__g_col_6__u_pe/u_sol/U28/CO (FA1D0)                    0.17      8.74 f    (78.09,219.82)
  u_impl/u_core/g_row_15__g_col_6__u_pe/u_sol/U32/CO (FA1D0)                    0.17      8.91 f    (76.71,216.22)
  u_impl/u_core/g_row_15__g_col_6__u_pe/u_sol/U36/CO (FA1D0)                    0.17      9.08 f    (77.71,212.62)
  u_impl/u_core/g_row_15__g_col_6__u_pe/u_sol/U40/CO (FA1D0)                    0.17      9.25 f    (76.91,205.42)
  u_impl/u_core/g_row_15__g_col_6__u_pe/u_sol/U44/CO (FA1D0)                    0.16      9.41 f    (71.91,205.42)
  u_impl/u_core/g_row_15__g_col_6__u_pe/u_sol/U48/CO (FA1D0)                    0.17      9.58 f    (66.91,206.98)
  u_impl/u_core/g_row_15__g_col_6__u_pe/u_sol/U52/CO (FA1D0)                    0.17      9.75 f    (63.31,209.02)
  u_impl/u_core/g_row_15__g_col_6__u_pe/u_sol/U56/CO (FA1D0)                    0.17      9.92 f    (63.31,214.18)
  u_impl/u_core/g_row_15__g_col_6__u_pe/u_sol/U57/Z (XOR3D0)                    0.32     10.24 r    (59.92,216.10)
  u_impl/u_core/g_row_15__g_col_6__u_pe/u_sol/U59/Z (MUX2D0)                    0.15     10.38 r    (53.52,214.20)
  u_impl/u_core/g_row_15__g_col_6__u_pe/u_sol/u_black_q_reg_15_/D (EDFCNQD1)    0.00     10.38 r    (52.92,216.28)
  data arrival time                                                                      10.38

  clock core_clk (rise edge)                                                   10.00     10.00
  clock network delay (propagated)                                              0.78     10.78
  u_impl/u_core/g_row_15__g_col_6__u_pe/u_sol/u_black_q_reg_15_/CP (EDFCNQD1)   0.00     10.78 r    (53.83,216.31)
  library setup time                                                           -0.17     10.60
  data required time                                                                     10.60
  -----------------------------------------------------------------------------------------------------------------------
  data required time                                                                     10.60
  data arrival time                                                                     -10.38
  -----------------------------------------------------------------------------------------------------------------------
  slack (MET)                                                                             0.22



  Startpoint: u_impl/u_core/u_tcu/state_q_reg_0_ (rising edge-triggered flip-flop clocked by core_clk)
  Endpoint: u_impl/u_core/g_row_7__g_col_8__u_pe/u_sol/u_black_q_reg_15_ (rising edge-triggered flip-flop clocked by core_clk)
  Mode: FUNC
  Corner: WC
  Scenario: FUNC_WC
  Path Group: core_clk
  Path Type: max

  Point                                                                         Incr      Path          Location
  -----------------------------------------------------------------------------------------------------------------------
  clock core_clk (rise edge)                                                    0.00      0.00
  clock network delay (propagated)                                              0.63      0.63

  u_impl/u_core/u_tcu/state_q_reg_0_/CP (DFCNQD1)                               0.00      0.63 r    (718.32,543.70)
  u_impl/u_core/u_tcu/state_q_reg_0_/Q (DFCNQD1)                                0.39      1.02 f    (722.49,543.71)
  u_impl/u_core/u_tcu/U10/ZN (CKND0)                                            0.18      1.20 r    (717.75,541.88)
  u_impl/u_core/u_tcu/U31/Z (OR2D4)                                             0.40      1.59 r    (712.65,540.12)
  u_impl/u_core/u_tcu/HFSBUF_40901_13921/Z (CKBD4)                              0.43      2.02 r    (692.85,543.70)
  u_impl/u_core/u_tcu/HFSBUF_40120_13920/Z (CKBD3)                              0.46      2.48 r    (701.42,541.92)
  u_impl/u_core/u_tcu/HFSINV_35795_13908/ZN (CKND2)                             0.31      2.79 f    (736.63,561.82)
  u_impl/u_core/u_tcu/U8/ZN (CKND2D0)                                           0.23      3.02 r    (729.05,543.72)
  u_impl/u_core/u_tcu/U33/Z (MUX2D0)                                            0.31      3.33 f    (729.68,541.80)
  u_impl/u_core/HFSINV_231474_14118/ZN (CKND3)                                  0.38      3.71 r    (743.31,541.87)
  u_impl/u_core/HFSBUF_188760_14117/Z (CKBD8)                                   0.34      4.05 r    (744.40,540.10)
  u_impl/u_core/HFSBUF_176381_14108/Z (CKBD3)                                   0.57      4.61 r    (177.98,477.12)
  u_impl/u_core/HFSBUF_175922_14082/Z (CKBD3)                                   0.46      5.07 r    (179.82,473.52)
  u_impl/u_core/HFSBUF_131879_14063/Z (CKBD2)                                   0.43      5.51 r    (218.55,549.10)
  u_impl/u_core/g_row_7__g_col_8__u_pe/U14/ZN (CKND2D0)                         0.29      5.80 f    (245.75,522.12)
  u_impl/u_core/g_row_7__g_col_8__u_pe/U22/ZN (CKND0)                           0.22      6.01 r    (249.05,514.92)
  u_impl/u_core/g_row_7__g_col_8__u_pe/U32/ZN (OAI221D0)                        0.29      6.31 f    (259.39,514.79)
  u_impl/u_core/g_row_7__g_col_8__u_pe/ctmTdsLR_1_16387/ZN (OAI221D0)           0.31      6.62 r    (244.21,516.81)
  u_impl/u_core/g_row_7__g_col_8__u_pe/HFSBUF_53_7566/Z (CKBD0)                 0.48      7.09 r    (203.51,525.72)
  u_impl/u_core/g_row_7__g_col_8__u_pe/u_sol/U62/CO (FA1D0)                     0.41      7.51 r    (58.31,536.62)
  u_impl/u_core/g_row_7__g_col_8__u_pe/u_sol/U8/CO (FA1D0)                      0.19      7.69 r    (51.31,530.98)
  u_impl/u_core/g_row_7__g_col_8__u_pe/u_sol/U11/CO (FA1D0)                     0.19      7.88 r    (38.51,530.98)
  u_impl/u_core/g_row_7__g_col_8__u_pe/u_sol/U15/CO (FA1D0)                     0.18      8.06 r    (31.11,541.78)
  u_impl/u_core/g_row_7__g_col_8__u_pe/u_sol/U19/CO (FA1D0)                     0.16      8.23 r    (22.71,543.82)
  u_impl/u_core/g_row_7__g_col_8__u_pe/u_sol/U23/CO (FA1D0)                     0.17      8.39 r    (23.31,540.22)
  u_impl/u_core/g_row_7__g_col_8__u_pe/u_sol/U27/CO (FA1D0)                     0.17      8.56 r    (17.71,543.82)
  u_impl/u_core/g_row_7__g_col_8__u_pe/u_sol/U31/CO (FA1D0)                     0.16      8.71 r    (18.31,540.22)
  u_impl/u_core/g_row_7__g_col_8__u_pe/u_sol/U35/CO (FA1D0)                     0.16      8.88 r    (18.31,538.18)
  u_impl/u_core/g_row_7__g_col_8__u_pe/u_sol/U39/CO (FA1D0)                     0.16      9.04 r    (23.29,536.62)
  u_impl/u_core/g_row_7__g_col_8__u_pe/u_sol/U43/CO (FA1D0)                     0.17      9.21 r    (22.29,533.02)
  u_impl/u_core/g_row_7__g_col_8__u_pe/u_sol/U47/CO (FA1D0)                     0.17      9.38 r    (32.09,530.98)
  u_impl/u_core/g_row_7__g_col_8__u_pe/u_sol/U51/CO (FA1D0)                     0.18      9.56 r    (38.29,530.98)
  u_impl/u_core/g_row_7__g_col_8__u_pe/u_sol/U55/CO (FA1D0)                     0.16      9.72 r    (43.09,538.18)
  u_impl/u_core/g_row_7__g_col_8__u_pe/u_sol/U56/Z (XOR3D0)                     0.32     10.04 r    (46.48,538.30)
  u_impl/u_core/g_row_7__g_col_8__u_pe/u_sol/U58/Z (MUX2D0)                     0.15     10.19 r    (49.68,543.81)
  u_impl/u_core/g_row_7__g_col_8__u_pe/u_sol/u_black_q_reg_15_/D (EDFCNQD1)     0.00     10.19 r    (44.92,545.32)
  data arrival time                                                                      10.19

  clock core_clk (rise edge)                                                   10.00     10.00
  clock network delay (propagated)                                              0.58     10.58
  u_impl/u_core/g_row_7__g_col_8__u_pe/u_sol/u_black_q_reg_15_/CP (EDFCNQD1)    0.00     10.58 r    (45.83,545.29)
  library setup time                                                           -0.17     10.41
  data required time                                                                     10.41
  -----------------------------------------------------------------------------------------------------------------------
  data required time                                                                     10.41
  data arrival time                                                                     -10.19
  -----------------------------------------------------------------------------------------------------------------------
  slack (MET)                                                                             0.22



  Startpoint: u_impl/u_core/u_tcu/state_q_reg_0_ (rising edge-triggered flip-flop clocked by core_clk)
  Endpoint: u_impl/u_core/g_row_15__g_col_6__u_pe/u_sol/u_red_q_reg_15_ (rising edge-triggered flip-flop clocked by core_clk)
  Mode: FUNC
  Corner: WC
  Scenario: FUNC_WC
  Path Group: core_clk
  Path Type: max

  Point                                                                         Incr      Path          Location
  -----------------------------------------------------------------------------------------------------------------------
  clock core_clk (rise edge)                                                    0.00      0.00
  clock network delay (propagated)                                              0.63      0.63

  u_impl/u_core/u_tcu/state_q_reg_0_/CP (DFCNQD1)                               0.00      0.63 r    (718.32,543.70)
  u_impl/u_core/u_tcu/state_q_reg_0_/Q (DFCNQD1)                                0.39      1.02 f    (722.49,543.71)
  u_impl/u_core/u_tcu/U10/ZN (CKND0)                                            0.18      1.20 r    (717.75,541.88)
  u_impl/u_core/u_tcu/U31/Z (OR2D4)                                             0.40      1.59 r    (712.65,540.12)
  u_impl/u_core/u_tcu/HFSBUF_40901_13921/Z (CKBD4)                              0.43      2.02 r    (692.85,543.70)
  u_impl/u_core/u_tcu/HFSBUF_40120_13920/Z (CKBD3)                              0.46      2.48 r    (701.42,541.92)
  u_impl/u_core/u_tcu/HFSINV_35795_13908/ZN (CKND2)                             0.31      2.79 f    (736.63,561.82)
  u_impl/u_core/u_tcu/U8/ZN (CKND2D0)                                           0.23      3.02 r    (729.05,543.72)
  u_impl/u_core/u_tcu/U34/Z (MUX2D0)                                            0.27      3.28 r    (727.28,541.80)
  u_impl/u_core/HFSBUF_194776_14362/Z (BUFFD1)                                  0.35      3.64 r    (745.88,541.90)
  u_impl/u_core/HFSBUF_106263_14307/Z (CKBD3)                                   0.43      4.06 r    (745.18,442.89)
  u_impl/u_core/ZBUF_834_inst_17319/Z (CKBD4)                                   0.44      4.50 r    (348.25,277.30)
  u_impl/u_core/HFSBUF_85468_14260/Z (CKBD3)                                    0.44      4.94 r    (245.18,279.12)
  u_impl/u_core/HFSINV_56094_14243/ZN (CKND0)                                   0.53      5.47 f    (165.15,297.08)
  u_impl/u_core/g_row_15__g_col_6__u_pe/HFSBUF_56045_14242/Z (BUFFD1)           0.36      5.83 f    (165.28,289.90)
  u_impl/u_core/g_row_15__g_col_6__u_pe/U6/ZN (CKND2D0)                         0.28      6.11 r    (170.55,266.52)
  u_impl/u_core/g_row_15__g_col_6__u_pe/U26/ZN (CKND0)                          0.22      6.33 f    (175.25,270.12)
  u_impl/u_core/g_row_15__g_col_6__u_pe/U27/ZN (OAI221D0)                       0.17      6.50 r    (176.59,272.01)
  u_impl/u_core/g_row_15__g_col_6__u_pe/ctmTdsLR_1_17202/ZN (OAI221D0)          0.41      6.91 f    (173.41,264.81)
  u_impl/u_core/g_row_15__g_col_6__u_pe/HFSBUF_24_4499/Z (CKBD0)                0.43      7.34 f    (145.91,255.72)
  u_impl/u_core/g_row_15__g_col_6__u_pe/u_sol/U60/CO (HA1D0)                    0.22      7.56 f    (58.69,234.12)
  u_impl/u_core/g_row_15__g_col_6__u_pe/u_sol/U63/CO (FA1D0)                    0.16      7.72 f    (62.09,235.78)
  u_impl/u_core/g_row_15__g_col_6__u_pe/u_sol/U7/CO (FA1D0)                     0.16      7.88 f    (63.69,234.22)
  u_impl/u_core/g_row_15__g_col_6__u_pe/u_sol/U12/CO (FA1D0)                    0.17      8.05 f    (67.09,235.78)
  u_impl/u_core/g_row_15__g_col_6__u_pe/u_sol/U16/CO (FA1D0)                    0.17      8.22 f    (72.09,235.78)
  u_impl/u_core/g_row_15__g_col_6__u_pe/u_sol/U20/CO (FA1D0)                    0.17      8.39 f    (77.09,234.22)
  u_impl/u_core/g_row_15__g_col_6__u_pe/u_sol/U24/CO (FA1D0)                    0.18      8.57 f    (78.29,230.62)
  u_impl/u_core/g_row_15__g_col_6__u_pe/u_sol/U28/CO (FA1D0)                    0.17      8.74 f    (78.09,219.82)
  u_impl/u_core/g_row_15__g_col_6__u_pe/u_sol/U32/CO (FA1D0)                    0.17      8.91 f    (76.71,216.22)
  u_impl/u_core/g_row_15__g_col_6__u_pe/u_sol/U36/CO (FA1D0)                    0.17      9.08 f    (77.71,212.62)
  u_impl/u_core/g_row_15__g_col_6__u_pe/u_sol/U40/CO (FA1D0)                    0.17      9.25 f    (76.91,205.42)
  u_impl/u_core/g_row_15__g_col_6__u_pe/u_sol/U44/CO (FA1D0)                    0.16      9.41 f    (71.91,205.42)
  u_impl/u_core/g_row_15__g_col_6__u_pe/u_sol/U48/CO (FA1D0)                    0.17      9.58 f    (66.91,206.98)
  u_impl/u_core/g_row_15__g_col_6__u_pe/u_sol/U52/CO (FA1D0)                    0.17      9.75 f    (63.31,209.02)
  u_impl/u_core/g_row_15__g_col_6__u_pe/u_sol/U56/CO (FA1D0)                    0.17      9.92 f    (63.31,214.18)
  u_impl/u_core/g_row_15__g_col_6__u_pe/u_sol/U57/Z (XOR3D0)                    0.32     10.24 r    (59.92,216.10)
  u_impl/u_core/g_row_15__g_col_6__u_pe/u_sol/U58/Z (MUX2D0)                    0.15     10.38 r    (56.28,219.81)
  u_impl/u_core/g_row_15__g_col_6__u_pe/u_sol/u_red_q_reg_15_/D (EDFCNQD1)      0.00     10.38 r    (57.92,219.89)
  data arrival time                                                                      10.38

  clock core_clk (rise edge)                                                   10.00     10.00
  clock network delay (propagated)                                              0.78     10.78
  u_impl/u_core/g_row_15__g_col_6__u_pe/u_sol/u_red_q_reg_15_/CP (EDFCNQD1)     0.00     10.78 r    (58.83,219.92)
  library setup time                                                           -0.17     10.61
  data required time                                                                     10.61
  -----------------------------------------------------------------------------------------------------------------------
  data required time                                                                     10.61
  data arrival time                                                                     -10.38
  -----------------------------------------------------------------------------------------------------------------------
  slack (MET)                                                                             0.22



  Startpoint: u_impl/u_core/u_tcu/state_q_reg_0_ (rising edge-triggered flip-flop clocked by core_clk)
  Endpoint: u_impl/u_core/g_row_14__g_col_1__u_pe/u_sol/u_red_q_reg_15_ (rising edge-triggered flip-flop clocked by core_clk)
  Mode: FUNC
  Corner: WC
  Scenario: FUNC_WC
  Path Group: core_clk
  Path Type: max

  Point                                                                         Incr      Path          Location
  -----------------------------------------------------------------------------------------------------------------------
  clock core_clk (rise edge)                                                    0.00      0.00
  clock network delay (propagated)                                              0.63      0.63

  u_impl/u_core/u_tcu/state_q_reg_0_/CP (DFCNQD1)                               0.00      0.63 r    (718.32,543.70)
  u_impl/u_core/u_tcu/state_q_reg_0_/Q (DFCNQD1)                                0.39      1.02 f    (722.49,543.71)
  u_impl/u_core/u_tcu/U10/ZN (CKND0)                                            0.18      1.20 r    (717.75,541.88)
  u_impl/u_core/u_tcu/U31/Z (OR2D4)                                             0.40      1.59 r    (712.65,540.12)
  u_impl/u_core/u_tcu/HFSBUF_40901_13921/Z (CKBD4)                              0.43      2.02 r    (692.85,543.70)
  u_impl/u_core/u_tcu/HFSBUF_40120_13920/Z (CKBD3)                              0.46      2.48 r    (701.42,541.92)
  u_impl/u_core/u_tcu/HFSINV_35795_13908/ZN (CKND2)                             0.31      2.79 f    (736.63,561.82)
  u_impl/u_core/u_tcu/U8/ZN (CKND2D0)                                           0.23      3.02 r    (729.05,543.72)
  u_impl/u_core/u_tcu/U34/Z (MUX2D0)                                            0.27      3.28 r    (727.28,541.80)
  u_impl/u_core/HFSBUF_194776_14362/Z (BUFFD1)                                  0.35      3.64 r    (745.88,541.90)
  u_impl/u_core/HFSBUF_106263_14307/Z (CKBD3)                                   0.43      4.06 r    (745.18,442.89)
  u_impl/u_core/ZBUF_834_inst_17319/Z (CKBD4)                                   0.44      4.50 r    (348.25,277.30)
  u_impl/u_core/HFSBUF_85468_14260/Z (CKBD3)                                    0.44      4.94 r    (245.18,279.12)
  u_impl/u_core/HFSBUF_68525_14231/Z (CKBD3)                                    0.43      5.37 r    (209.78,288.09)
  u_impl/u_core/g_row_14__g_col_1__u_pe/HFSINV_61256_14223/ZN (CKND0)           0.52      5.89 f    (198.75,435.72)
  u_impl/u_core/g_row_14__g_col_1__u_pe/U27/ZN (CKND2D0)                        0.31      6.20 r    (205.25,435.72)
  u_impl/u_core/g_row_14__g_col_1__u_pe/U35/ZN (OAI222D0)                       0.43      6.63 f    (203.69,435.59)
  u_impl/u_core/g_row_14__g_col_1__u_pe/ctmTdsLR_1_16428/ZN (OAI221D0)          0.36      6.98 r    (198.99,430.41)
  u_impl/u_core/g_row_14__g_col_1__u_pe/ropt_inst_38054/Z (CKBD0)               0.38      7.37 r    (180.09,430.28)
  u_impl/u_core/g_row_14__g_col_1__u_pe/u_sol/U55/CO (FA1D0)                    0.37      7.74 r    (97.31,432.22)
  u_impl/u_core/g_row_14__g_col_1__u_pe/u_sol/U7/CO (FA1D0)                     0.16      7.90 r    (96.91,430.18)
  u_impl/u_core/g_row_14__g_col_1__u_pe/u_sol/U10/CO (FA1D0)                    0.16      8.05 r    (97.91,426.58)
  u_impl/u_core/g_row_14__g_col_1__u_pe/u_sol/U14/CO (FA1D0)                    0.18      8.24 r    (96.51,425.02)
  u_impl/u_core/g_row_14__g_col_1__u_pe/u_sol/U18/CO (FA1D0)                    0.18      8.41 r    (86.31,428.62)
  u_impl/u_core/g_row_14__g_col_1__u_pe/u_sol/U22/CO (FA1D0)                    0.17      8.58 r    (81.31,426.58)
  u_impl/u_core/g_row_14__g_col_1__u_pe/u_sol/U27/CO (FA1D0)                    0.17      8.74 r    (81.51,430.18)
  u_impl/u_core/g_row_14__g_col_1__u_pe/u_sol/U61/CO (FA1D0)                    0.17      8.91 r    (76.31,428.62)
  u_impl/u_core/g_row_14__g_col_1__u_pe/u_sol/U64/CO (FA1D0)                    0.17      9.08 r    (73.91,433.78)
  u_impl/u_core/g_row_14__g_col_1__u_pe/u_sol/U32/CO (FA1D0)                    0.17      9.24 r    (68.91,433.78)
  u_impl/u_core/g_row_14__g_col_1__u_pe/u_sol/U36/CO (FA1D0)                    0.16      9.40 r    (73.69,437.38)
  u_impl/u_core/g_row_14__g_col_1__u_pe/u_sol/U40/CO (FA1D0)                    0.16      9.56 r    (75.29,439.42)
  u_impl/u_core/g_row_14__g_col_1__u_pe/u_sol/U44/CO (FA1D0)                    0.17      9.73 r    (80.49,437.38)
  u_impl/u_core/g_row_14__g_col_1__u_pe/u_sol/U48/CO (FA1D0)                    0.16      9.89 r    (83.89,433.78)
  u_impl/u_core/g_row_14__g_col_1__u_pe/u_sol/U49/Z (XOR3D0)                    0.33     10.22 r    (87.28,433.90)
  u_impl/u_core/g_row_14__g_col_1__u_pe/u_sol/U50/Z (MUX2D0)                    0.16     10.38 r    (83.52,444.60)
  u_impl/u_core/g_row_14__g_col_1__u_pe/u_sol/u_red_q_reg_15_/D (EDFCNQD1)      0.00     10.38 r    (81.52,440.92)
  data arrival time                                                                      10.38

  clock core_clk (rise edge)                                                   10.00     10.00
  clock network delay (propagated)                                              0.78     10.78
  u_impl/u_core/g_row_14__g_col_1__u_pe/u_sol/u_red_q_reg_15_/CP (EDFCNQD1)     0.00     10.78 r    (82.43,440.89)
  library setup time                                                           -0.18     10.60
  data required time                                                                     10.60
  -----------------------------------------------------------------------------------------------------------------------
  data required time                                                                     10.60
  data arrival time                                                                     -10.38
  -----------------------------------------------------------------------------------------------------------------------
  slack (MET)                                                                             0.23



  Startpoint: u_impl/u_core/u_tcu/state_q_reg_0_ (rising edge-triggered flip-flop clocked by core_clk)
  Endpoint: u_impl/u_core/g_row_6__g_col_5__u_pe/u_sol/u_red_q_reg_15_ (rising edge-triggered flip-flop clocked by core_clk)
  Mode: FUNC
  Corner: WC
  Scenario: FUNC_WC
  Path Group: core_clk
  Path Type: max

  Point                                                                         Incr      Path          Location
  -----------------------------------------------------------------------------------------------------------------------
  clock core_clk (rise edge)                                                    0.00      0.00
  clock network delay (propagated)                                              0.63      0.63

  u_impl/u_core/u_tcu/state_q_reg_0_/CP (DFCNQD1)                               0.00      0.63 r    (718.32,543.70)
  u_impl/u_core/u_tcu/state_q_reg_0_/Q (DFCNQD1)                                0.39      1.02 f    (722.49,543.71)
  u_impl/u_core/u_tcu/U10/ZN (CKND0)                                            0.18      1.20 r    (717.75,541.88)
  u_impl/u_core/u_tcu/U31/Z (OR2D4)                                             0.40      1.59 r    (712.65,540.12)
  u_impl/u_core/u_tcu/HFSBUF_40901_13921/Z (CKBD4)                              0.43      2.02 r    (692.85,543.70)
  u_impl/u_core/u_tcu/HFSBUF_40120_13920/Z (CKBD3)                              0.46      2.48 r    (701.42,541.92)
  u_impl/u_core/u_tcu/HFSINV_35795_13908/ZN (CKND2)                             0.31      2.79 f    (736.63,561.82)
  u_impl/u_core/u_tcu/U8/ZN (CKND2D0)                                           0.23      3.02 r    (729.05,543.72)
  u_impl/u_core/u_tcu/U34/Z (MUX2D0)                                            0.27      3.28 r    (727.28,541.80)
  u_impl/u_core/HFSBUF_194776_14362/Z (BUFFD1)                                  0.35      3.64 r    (745.88,541.90)
  u_impl/u_core/HFSBUF_106263_14307/Z (CKBD3)                                   0.43      4.06 r    (745.18,442.89)
  u_impl/u_core/ZBUF_834_inst_17319/Z (CKBD4)                                   0.44      4.50 r    (348.25,277.30)
  u_impl/u_core/HFSBUF_30445_14220/Z (CKBD2)                                    0.52      5.02 r    (229.45,558.10)
  u_impl/u_core/HFSBUF_29194_14206/Z (CKBD3)                                    0.42      5.44 r    (218.18,613.92)
  u_impl/u_core/g_row_6__g_col_5__u_pe/HFSINV_18665_14198/ZN (CKND0)            0.45      5.89 f    (146.95,635.48)
  u_impl/u_core/g_row_6__g_col_5__u_pe/U25/ZN (CKND2D0)                         0.34      6.23 r    (145.05,639.08)
  u_impl/u_core/g_row_6__g_col_5__u_pe/U26/ZN (CKND0)                           0.19      6.42 f    (146.05,640.92)
  u_impl/u_core/g_row_6__g_col_5__u_pe/U27/ZN (OAI221D0)                        0.13      6.54 r    (146.59,637.19)
  u_impl/u_core/g_row_6__g_col_5__u_pe/ctmTdsLR_1_17127/ZN (OAI221D0)           0.24      6.79 f    (144.61,637.19)
  u_impl/u_core/g_row_6__g_col_5__u_pe/ZBUF_17_inst_17334/Z (CKBD0)             0.34      7.13 f    (142.91,642.68)
  u_impl/u_core/g_row_6__g_col_5__u_pe/u_sol/ctmTdsLR_1_19724/Z (CKAN2D0)       0.23      7.36 f    (70.78,671.58)
  u_impl/u_core/g_row_6__g_col_5__u_pe/u_sol/U48/CO (FA1D0)                     0.17      7.53 f    (67.51,667.78)
  u_impl/u_core/g_row_6__g_col_5__u_pe/u_sol/U51/CO (FA1D0)                     0.16      7.69 f    (65.31,666.22)
  u_impl/u_core/g_row_6__g_col_5__u_pe/u_sol/U54/CO (FA1D0)                     0.18      7.88 f    (64.51,662.62)
  u_impl/u_core/g_row_6__g_col_5__u_pe/u_sol/U57/CO (FA1D0)                     0.17      8.05 f    (61.71,649.78)
  u_impl/u_core/g_row_6__g_col_5__u_pe/u_sol/U11/CO (FA1D0)                     0.17      8.22 f    (61.49,651.82)
  u_impl/u_core/g_row_6__g_col_5__u_pe/u_sol/U15/CO (FA1D0)                     0.16      8.38 f    (71.69,649.78)
  u_impl/u_core/g_row_6__g_col_5__u_pe/u_sol/U20/CO (FA1D0)                     0.17      8.55 f    (72.29,651.82)
  u_impl/u_core/g_row_6__g_col_5__u_pe/u_sol/U61/CO (FA1D0)                     0.18      8.74 f    (76.69,659.02)
  u_impl/u_core/g_row_6__g_col_5__u_pe/u_sol/U64/CO (FA1D0)                     0.18      8.91 f    (80.51,664.18)
  u_impl/u_core/g_row_6__g_col_5__u_pe/u_sol/U25/CO (FA1D0)                     0.17      9.08 f    (83.71,667.78)
  u_impl/u_core/g_row_6__g_col_5__u_pe/u_sol/U29/CO (FA1D0)                     0.17      9.24 f    (83.31,671.38)
  u_impl/u_core/g_row_6__g_col_5__u_pe/u_sol/U33/CO (FA1D0)                     0.17      9.42 f    (82.71,677.02)
  u_impl/u_core/g_row_6__g_col_5__u_pe/u_sol/U37/CO (FA1D0)                     0.17      9.59 f    (74.71,677.02)
  u_impl/u_core/g_row_6__g_col_5__u_pe/u_sol/U41/CO (FA1D0)                     0.17      9.76 f    (70.31,674.98)
  u_impl/u_core/g_row_6__g_col_5__u_pe/u_sol/U42/Z (XOR3D0)                     0.32     10.08 r    (73.88,673.30)
  u_impl/u_core/g_row_6__g_col_5__u_pe/u_sol/U43/Z (MUX2D0)                     0.15     10.22 r    (73.12,678.60)
  u_impl/u_core/g_row_6__g_col_5__u_pe/u_sol/u_red_q_reg_15_/D (EDFCNQD1)       0.00     10.22 r    (72.32,680.69)
  data arrival time                                                                      10.22

  clock core_clk (rise edge)                                                   10.00     10.00
  clock network delay (propagated)                                              0.61     10.61
  u_impl/u_core/g_row_6__g_col_5__u_pe/u_sol/u_red_q_reg_15_/CP (EDFCNQD1)      0.00     10.61 r    (73.23,680.72)
  library setup time                                                           -0.16     10.45
  data required time                                                                     10.45
  -----------------------------------------------------------------------------------------------------------------------
  data required time                                                                     10.45
  data arrival time                                                                     -10.22
  -----------------------------------------------------------------------------------------------------------------------
  slack (MET)                                                                             0.23



  Startpoint: u_impl/u_core/u_tcu/state_q_reg_0_ (rising edge-triggered flip-flop clocked by core_clk)
  Endpoint: u_impl/u_core/g_row_4__g_col_9__u_pe/u_sol/u_black_q_reg_15_ (rising edge-triggered flip-flop clocked by core_clk)
  Mode: FUNC
  Corner: WC
  Scenario: FUNC_WC
  Path Group: core_clk
  Path Type: max

  Point                                                                         Incr      Path          Location
  -----------------------------------------------------------------------------------------------------------------------
  clock core_clk (rise edge)                                                    0.00      0.00
  clock network delay (propagated)                                              0.63      0.63

  u_impl/u_core/u_tcu/state_q_reg_0_/CP (DFCNQD1)                               0.00      0.63 r    (718.32,543.70)
  u_impl/u_core/u_tcu/state_q_reg_0_/Q (DFCNQD1)                                0.39      1.02 f    (722.49,543.71)
  u_impl/u_core/u_tcu/U10/ZN (CKND0)                                            0.18      1.20 r    (717.75,541.88)
  u_impl/u_core/u_tcu/U31/Z (OR2D4)                                             0.40      1.59 r    (712.65,540.12)
  u_impl/u_core/u_tcu/HFSBUF_40901_13921/Z (CKBD4)                              0.43      2.02 r    (692.85,543.70)
  u_impl/u_core/u_tcu/HFSBUF_40120_13920/Z (CKBD3)                              0.46      2.48 r    (701.42,541.92)
  u_impl/u_core/u_tcu/HFSINV_35795_13908/ZN (CKND2)                             0.31      2.79 f    (736.63,561.82)
  u_impl/u_core/u_tcu/U8/ZN (CKND2D0)                                           0.23      3.02 r    (729.05,543.72)
  u_impl/u_core/u_tcu/U34/Z (MUX2D0)                                            0.27      3.28 r    (727.28,541.80)
  u_impl/u_core/HFSBUF_194776_14362/Z (BUFFD1)                                  0.35      3.64 r    (745.88,541.90)
  u_impl/u_core/HFSBUF_106263_14307/Z (CKBD3)                                   0.43      4.06 r    (745.18,442.89)
  u_impl/u_core/ZBUF_834_inst_17319/Z (CKBD4)                                   0.44      4.50 r    (348.25,277.30)
  u_impl/u_core/HFSBUF_30445_14220/Z (CKBD2)                                    0.52      5.02 r    (229.45,558.10)
  u_impl/u_core/HFSBUF_30167_14193/Z (CKBD3)                                    0.44      5.47 r    (276.98,730.88)
  u_impl/u_core/HFSINV_543_14184/ZN (CKND2)                                     0.34      5.81 f    (359.83,754.19)
  u_impl/u_core/g_row_4__g_col_9__u_pe/U27/ZN (CKND2D0)                         0.25      6.06 r    (348.05,738.12)
  u_impl/u_core/g_row_4__g_col_9__u_pe/U35/ZN (OAI222D0)                        0.43      6.49 f    (344.49,737.99)
  u_impl/u_core/g_row_4__g_col_9__u_pe/ctmTdsLR_1_16259/ZN (OAI221D0)           0.51      7.00 r    (344.21,740.01)
  u_impl/u_core/g_row_4__g_col_9__u_pe/HFSBUF_55_7219/Z (CKBD0)                 0.39      7.39 r    (328.31,779.48)
  u_impl/u_core/g_row_4__g_col_9__u_pe/u_sol/U48/CO (FA1D0)                     0.36      7.75 r    (304.91,828.22)
  u_impl/u_core/g_row_4__g_col_9__u_pe/u_sol/U51/CO (FA1D0)                     0.17      7.92 r    (301.91,824.62)
  u_impl/u_core/g_row_4__g_col_9__u_pe/u_sol/U54/CO (FA1D0)                     0.17      8.09 r    (304.51,818.98)
  u_impl/u_core/g_row_4__g_col_9__u_pe/u_sol/U57/CO (FA1D0)                     0.16      8.25 r    (304.31,813.82)
  u_impl/u_core/g_row_4__g_col_9__u_pe/u_sol/U11/CO (FA1D0)                     0.17      8.42 r    (306.09,811.78)
  u_impl/u_core/g_row_4__g_col_9__u_pe/u_sol/U15/CO (FA1D0)                     0.17      8.58 r    (312.09,815.38)
  u_impl/u_core/g_row_4__g_col_9__u_pe/u_sol/U20/CO (FA1D0)                     0.17      8.75 r    (314.29,818.98)
  u_impl/u_core/g_row_4__g_col_9__u_pe/u_sol/U61/CO (FA1D0)                     0.17      8.92 r    (319.09,817.42)
  u_impl/u_core/g_row_4__g_col_9__u_pe/u_sol/U64/CO (FA1D0)                     0.16      9.08 r    (325.71,818.98)
  u_impl/u_core/g_row_4__g_col_9__u_pe/u_sol/U25/CO (FA1D0)                     0.17      9.25 r    (323.71,822.58)
  u_impl/u_core/g_row_4__g_col_9__u_pe/u_sol/U29/CO (FA1D0)                     0.16      9.41 r    (328.69,826.18)
  u_impl/u_core/g_row_4__g_col_9__u_pe/u_sol/U33/CO (FA1D0)                     0.17      9.58 r    (330.09,828.22)
  u_impl/u_core/g_row_4__g_col_9__u_pe/u_sol/U37/CO (FA1D0)                     0.17      9.75 r    (327.11,835.42)
  u_impl/u_core/g_row_4__g_col_9__u_pe/u_sol/U41/CO (FA1D0)                     0.17      9.91 r    (322.31,836.98)
  u_impl/u_core/g_row_4__g_col_9__u_pe/u_sol/U42/Z (XOR3D0)                     0.33     10.24 r    (315.92,837.10)
  u_impl/u_core/g_row_4__g_col_9__u_pe/u_sol/U44/Z (MUX2D0)                     0.15     10.39 r    (313.28,833.40)
  u_impl/u_core/g_row_4__g_col_9__u_pe/u_sol/u_black_q_reg_15_/D (EDFCNQD1)     0.00     10.39 r    (312.92,835.49)
  data arrival time                                                                      10.39

  clock core_clk (rise edge)                                                   10.00     10.00
  clock network delay (propagated)                                              0.79     10.79
  u_impl/u_core/g_row_4__g_col_9__u_pe/u_sol/u_black_q_reg_15_/CP (EDFCNQD1)    0.00     10.79 r    (313.83,835.51)
  library setup time                                                           -0.17     10.62
  data required time                                                                     10.62
  -----------------------------------------------------------------------------------------------------------------------
  data required time                                                                     10.62
  data arrival time                                                                     -10.39
  -----------------------------------------------------------------------------------------------------------------------
  slack (MET)                                                                             0.23



  Startpoint: u_impl/u_core/u_tcu/state_q_reg_0_ (rising edge-triggered flip-flop clocked by core_clk)
  Endpoint: u_impl/u_core/g_row_4__g_col_8__u_pe/u_sol/u_red_q_reg_15_ (rising edge-triggered flip-flop clocked by core_clk)
  Mode: FUNC
  Corner: WC
  Scenario: FUNC_WC
  Path Group: core_clk
  Path Type: max

  Point                                                                         Incr      Path          Location
  -----------------------------------------------------------------------------------------------------------------------
  clock core_clk (rise edge)                                                    0.00      0.00
  clock network delay (propagated)                                              0.63      0.63

  u_impl/u_core/u_tcu/state_q_reg_0_/CP (DFCNQD1)                               0.00      0.63 r    (718.32,543.70)
  u_impl/u_core/u_tcu/state_q_reg_0_/Q (DFCNQD1)                                0.39      1.02 f    (722.49,543.71)
  u_impl/u_core/u_tcu/U10/ZN (CKND0)                                            0.18      1.20 r    (717.75,541.88)
  u_impl/u_core/u_tcu/U31/Z (OR2D4)                                             0.40      1.59 r    (712.65,540.12)
  u_impl/u_core/u_tcu/HFSBUF_40901_13921/Z (CKBD4)                              0.43      2.02 r    (692.85,543.70)
  u_impl/u_core/u_tcu/HFSBUF_40120_13920/Z (CKBD3)                              0.46      2.48 r    (701.42,541.92)
  u_impl/u_core/u_tcu/HFSINV_35795_13908/ZN (CKND2)                             0.31      2.79 f    (736.63,561.82)
  u_impl/u_core/u_tcu/U8/ZN (CKND2D0)                                           0.23      3.02 r    (729.05,543.72)
  u_impl/u_core/u_tcu/U34/Z (MUX2D0)                                            0.27      3.28 r    (727.28,541.80)
  u_impl/u_core/HFSBUF_194776_14362/Z (BUFFD1)                                  0.35      3.64 r    (745.88,541.90)
  u_impl/u_core/HFSBUF_106263_14307/Z (CKBD3)                                   0.43      4.06 r    (745.18,442.89)
  u_impl/u_core/ZBUF_834_inst_17319/Z (CKBD4)                                   0.44      4.50 r    (348.25,277.30)
  u_impl/u_core/HFSBUF_30445_14220/Z (CKBD2)                                    0.52      5.02 r    (229.45,558.10)
  u_impl/u_core/HFSBUF_30167_14193/Z (CKBD3)                                    0.44      5.47 r    (276.98,730.88)
  u_impl/u_core/HFSINV_3508_14178/ZN (CKND2)                                    0.34      5.81 f    (335.77,767.01)
  u_impl/u_core/g_row_4__g_col_8__u_pe/U12/ZN (CKND2D0)                         0.23      6.03 r    (322.35,747.08)
  u_impl/u_core/g_row_4__g_col_8__u_pe/U34/ZN (OAI222D0)                        0.44      6.47 f    (324.11,747.21)
  u_impl/u_core/g_row_4__g_col_8__u_pe/ctmTdsLR_1_16258/ZN (OAI221D0)           0.48      6.95 r    (329.39,748.79)
  u_impl/u_core/g_row_4__g_col_8__u_pe/HFSBUF_39_7206/Z (CKBD0)                 0.43      7.38 r    (323.11,777.72)
  u_impl/u_core/g_row_4__g_col_8__u_pe/u_sol/U41/CO (FA1D0)                     0.38      7.76 r    (304.91,860.62)
  u_impl/u_core/g_row_4__g_col_8__u_pe/u_sol/U44/CO (FA1D0)                     0.16      7.92 r    (299.91,860.62)
  u_impl/u_core/g_row_4__g_col_8__u_pe/u_sol/U47/CO (FA1D0)                     0.17      8.09 r    (295.71,858.58)
  u_impl/u_core/g_row_4__g_col_8__u_pe/u_sol/U50/CO (FA1D0)                     0.17      8.26 r    (287.71,858.58)
  u_impl/u_core/g_row_4__g_col_8__u_pe/u_sol/U11/CO (FA1D0)                     0.17      8.42 r    (282.69,860.62)
  u_impl/u_core/g_row_4__g_col_8__u_pe/u_sol/U15/CO (FA1D0)                     0.16      8.58 r    (286.69,857.02)
  u_impl/u_core/g_row_4__g_col_8__u_pe/u_sol/U22/CO (FA1D0)                     0.16      8.74 r    (287.69,860.62)
  u_impl/u_core/g_row_4__g_col_8__u_pe/u_sol/U54/CO (FA1D0)                     0.17      8.91 r    (293.09,862.18)
  u_impl/u_core/g_row_4__g_col_8__u_pe/u_sol/U57/CO (FA1D0)                     0.17      9.08 r    (297.49,867.82)
  u_impl/u_core/g_row_4__g_col_8__u_pe/u_sol/U60/CO (FA1D0)                     0.16      9.24 r    (306.29,867.82)
  u_impl/u_core/g_row_4__g_col_8__u_pe/u_sol/U63/CO (FA1D0)                     0.16      9.40 r    (312.29,867.82)
  u_impl/u_core/g_row_4__g_col_8__u_pe/u_sol/U27/CO (FA1D0)                     0.16      9.56 r    (317.49,867.82)
  u_impl/u_core/g_row_4__g_col_8__u_pe/u_sol/U30/CO (FA1D0)                     0.16      9.72 r    (322.89,865.78)
  u_impl/u_core/g_row_4__g_col_8__u_pe/u_sol/U34/CO (FA1D0)                     0.16      9.88 r    (322.11,862.18)
  u_impl/u_core/g_row_4__g_col_8__u_pe/u_sol/U35/Z (XOR3D0)                     0.33     10.22 r    (319.92,860.50)
  u_impl/u_core/g_row_4__g_col_8__u_pe/u_sol/U36/Z (MUX2D0)                     0.16     10.38 r    (327.88,865.80)
  u_impl/u_core/g_row_4__g_col_8__u_pe/u_sol/u_red_q_reg_15_/D (EDFCNQD1)       0.00     10.38 r    (325.12,867.88)
  data arrival time                                                                      10.38

  clock core_clk (rise edge)                                                   10.00     10.00
  clock network delay (propagated)                                              0.79     10.79
  u_impl/u_core/g_row_4__g_col_8__u_pe/u_sol/u_red_q_reg_15_/CP (EDFCNQD1)      0.00     10.79 r    (326.03,867.92)
  library setup time                                                           -0.17     10.61
  data required time                                                                     10.61
  -----------------------------------------------------------------------------------------------------------------------
  data required time                                                                     10.61
  data arrival time                                                                     -10.38
  -----------------------------------------------------------------------------------------------------------------------
  slack (MET)                                                                             0.24



  Startpoint: u_impl/u_core/u_tcu/state_q_reg_0_ (rising edge-triggered flip-flop clocked by core_clk)
  Endpoint: u_impl/u_core/g_row_15__g_col_1__u_pe/u_sol/u_black_q_reg_14_ (rising edge-triggered flip-flop clocked by core_clk)
  Mode: FUNC
  Corner: WC
  Scenario: FUNC_WC
  Path Group: core_clk
  Path Type: max

  Point                                                                         Incr      Path          Location
  -----------------------------------------------------------------------------------------------------------------------
  clock core_clk (rise edge)                                                    0.00      0.00
  clock network delay (propagated)                                              0.63      0.63

  u_impl/u_core/u_tcu/state_q_reg_0_/CP (DFCNQD1)                               0.00      0.63 r    (718.32,543.70)
  u_impl/u_core/u_tcu/state_q_reg_0_/Q (DFCNQD1)                                0.39      1.02 f    (722.49,543.71)
  u_impl/u_core/u_tcu/U10/ZN (CKND0)                                            0.18      1.20 r    (717.75,541.88)
  u_impl/u_core/u_tcu/U31/Z (OR2D4)                                             0.40      1.59 r    (712.65,540.12)
  u_impl/u_core/u_tcu/HFSBUF_40901_13921/Z (CKBD4)                              0.43      2.02 r    (692.85,543.70)
  u_impl/u_core/u_tcu/HFSBUF_40120_13920/Z (CKBD3)                              0.46      2.48 r    (701.42,541.92)
  u_impl/u_core/u_tcu/HFSINV_35795_13908/ZN (CKND2)                             0.31      2.79 f    (736.63,561.82)
  u_impl/u_core/u_tcu/U8/ZN (CKND2D0)                                           0.23      3.02 r    (729.05,543.72)
  u_impl/u_core/u_tcu/U34/Z (MUX2D0)                                            0.27      3.28 r    (727.28,541.80)
  u_impl/u_core/HFSBUF_194776_14362/Z (BUFFD1)                                  0.35      3.64 r    (745.88,541.90)
  u_impl/u_core/HFSBUF_106263_14307/Z (CKBD3)                                   0.43      4.06 r    (745.18,442.89)
  u_impl/u_core/ZBUF_834_inst_17319/Z (CKBD4)                                   0.44      4.50 r    (348.25,277.30)
  u_impl/u_core/HFSBUF_85468_14260/Z (CKBD3)                                    0.44      4.94 r    (245.18,279.12)
  u_impl/u_core/HFSINV_64799_14239/ZN (CKND0)                                   0.52      5.46 f    (158.85,358.28)
  u_impl/u_core/g_row_15__g_col_1__u_pe/HFSBUF_64754_14238/Z (CKBD0)            0.48      5.93 f    (161.11,358.28)
  u_impl/u_core/g_row_15__g_col_1__u_pe/U14/ZN (CKND2D0)                        0.33      6.26 r    (156.05,343.88)
  u_impl/u_core/g_row_15__g_col_1__u_pe/U21/ZN (CKND0)                          0.23      6.49 f    (157.05,343.88)
  u_impl/u_core/g_row_15__g_col_1__u_pe/U31/ZN (OAI221D0)                       0.21      6.70 r    (175.79,344.01)
  u_impl/u_core/g_row_15__g_col_1__u_pe/ctmTdsLR_1_16438/ZN (OAI221D0)          0.33      7.03 f    (156.79,341.99)
  u_impl/u_core/g_row_15__g_col_1__u_pe/ropt_mt_inst_39215/Z (CKBD0)            0.38      7.41 f    (144.89,342.12)
  u_impl/u_core/g_row_15__g_col_1__u_pe/u_sol/U64/CO (FA1D0)                    0.35      7.76 f    (67.49,325.78)
  u_impl/u_core/g_row_15__g_col_1__u_pe/u_sol/U9/CO (FA1D0)                     0.16      7.92 f    (72.49,325.78)
  u_impl/u_core/g_row_15__g_col_1__u_pe/u_sol/U13/CO (FA1D0)                    0.17      8.10 f    (75.31,325.78)
  u_impl/u_core/g_row_15__g_col_1__u_pe/u_sol/U17/CO (FA1D0)                    0.17      8.27 f    (76.71,332.98)
  u_impl/u_core/g_row_15__g_col_1__u_pe/u_sol/U21/CO (FA1D0)                    0.18      8.45 f    (70.91,335.02)
  u_impl/u_core/g_row_15__g_col_1__u_pe/u_sol/U25/CO (FA1D0)                    0.17      8.62 f    (62.91,338.62)
  u_impl/u_core/g_row_15__g_col_1__u_pe/u_sol/U29/CO (FA1D0)                    0.16      8.78 f    (59.51,336.58)
  u_impl/u_core/g_row_15__g_col_1__u_pe/u_sol/U33/CO (FA1D0)                    0.16      8.94 f    (58.51,335.02)
  u_impl/u_core/g_row_15__g_col_1__u_pe/u_sol/U37/CO (FA1D0)                    0.16      9.11 f    (54.51,336.58)
  u_impl/u_core/g_row_15__g_col_1__u_pe/u_sol/U41/CO (FA1D0)                    0.16      9.27 f    (54.51,338.62)
  u_impl/u_core/g_row_15__g_col_1__u_pe/u_sol/U45/CO (FA1D0)                    0.18      9.45 f    (53.71,342.22)
  u_impl/u_core/g_row_15__g_col_1__u_pe/u_sol/U49/CO (FA1D0)                    0.17      9.62 f    (40.71,343.78)
  u_impl/u_core/g_row_15__g_col_1__u_pe/u_sol/U53/CO (FA1D0)                    0.17      9.79 f    (39.31,342.22)
  u_impl/u_core/g_row_15__g_col_1__u_pe/u_sol/U57/S (FA1D0)                     0.21     10.00 r    (36.78,338.63)
  u_impl/u_core/g_row_15__g_col_1__u_pe/u_sol/U55/Z (MUX2D0)                    0.15     10.15 r    (34.12,338.61)
  u_impl/u_core/g_row_15__g_col_1__u_pe/u_sol/u_black_q_reg_14_/D (EDFCNQD1)    0.00     10.15 r    (31.52,340.12)
  data arrival time                                                                      10.15

  clock core_clk (rise edge)                                                   10.00     10.00
  clock network delay (propagated)                                              0.56     10.56
  u_impl/u_core/g_row_15__g_col_1__u_pe/u_sol/u_black_q_reg_14_/CP (EDFCNQD1)   0.00     10.56 r    (32.43,340.09)
  library setup time                                                           -0.17     10.38
  data required time                                                                     10.38
  -----------------------------------------------------------------------------------------------------------------------
  data required time                                                                     10.38
  data arrival time                                                                     -10.15
  -----------------------------------------------------------------------------------------------------------------------
  slack (MET)                                                                             0.24



  Startpoint: u_impl/u_core/u_tcu/state_q_reg_0_ (rising edge-triggered flip-flop clocked by core_clk)
  Endpoint: u_impl/u_core/g_row_4__g_col_9__u_pe/u_sol/u_red_q_reg_15_ (rising edge-triggered flip-flop clocked by core_clk)
  Mode: FUNC
  Corner: WC
  Scenario: FUNC_WC
  Path Group: core_clk
  Path Type: max

  Point                                                                         Incr      Path          Location
  -----------------------------------------------------------------------------------------------------------------------
  clock core_clk (rise edge)                                                    0.00      0.00
  clock network delay (propagated)                                              0.63      0.63

  u_impl/u_core/u_tcu/state_q_reg_0_/CP (DFCNQD1)                               0.00      0.63 r    (718.32,543.70)
  u_impl/u_core/u_tcu/state_q_reg_0_/Q (DFCNQD1)                                0.39      1.02 f    (722.49,543.71)
  u_impl/u_core/u_tcu/U10/ZN (CKND0)                                            0.18      1.20 r    (717.75,541.88)
  u_impl/u_core/u_tcu/U31/Z (OR2D4)                                             0.40      1.59 r    (712.65,540.12)
  u_impl/u_core/u_tcu/HFSBUF_40901_13921/Z (CKBD4)                              0.43      2.02 r    (692.85,543.70)
  u_impl/u_core/u_tcu/HFSBUF_40120_13920/Z (CKBD3)                              0.46      2.48 r    (701.42,541.92)
  u_impl/u_core/u_tcu/HFSINV_35795_13908/ZN (CKND2)                             0.31      2.79 f    (736.63,561.82)
  u_impl/u_core/u_tcu/U8/ZN (CKND2D0)                                           0.23      3.02 r    (729.05,543.72)
  u_impl/u_core/u_tcu/U34/Z (MUX2D0)                                            0.27      3.28 r    (727.28,541.80)
  u_impl/u_core/HFSBUF_194776_14362/Z (BUFFD1)                                  0.35      3.64 r    (745.88,541.90)
  u_impl/u_core/HFSBUF_106263_14307/Z (CKBD3)                                   0.43      4.06 r    (745.18,442.89)
  u_impl/u_core/ZBUF_834_inst_17319/Z (CKBD4)                                   0.44      4.50 r    (348.25,277.30)
  u_impl/u_core/HFSBUF_30445_14220/Z (CKBD2)                                    0.52      5.02 r    (229.45,558.10)
  u_impl/u_core/HFSBUF_30167_14193/Z (CKBD3)                                    0.44      5.47 r    (276.98,730.88)
  u_impl/u_core/HFSINV_543_14184/ZN (CKND2)                                     0.34      5.81 f    (359.83,754.19)
  u_impl/u_core/g_row_4__g_col_9__u_pe/U27/ZN (CKND2D0)                         0.25      6.06 r    (348.05,738.12)
  u_impl/u_core/g_row_4__g_col_9__u_pe/U35/ZN (OAI222D0)                        0.43      6.49 f    (344.49,737.99)
  u_impl/u_core/g_row_4__g_col_9__u_pe/ctmTdsLR_1_16259/ZN (OAI221D0)           0.51      7.00 r    (344.21,740.01)
  u_impl/u_core/g_row_4__g_col_9__u_pe/HFSBUF_55_7219/Z (CKBD0)                 0.39      7.39 r    (328.31,779.48)
  u_impl/u_core/g_row_4__g_col_9__u_pe/u_sol/U48/CO (FA1D0)                     0.36      7.75 r    (304.91,828.22)
  u_impl/u_core/g_row_4__g_col_9__u_pe/u_sol/U51/CO (FA1D0)                     0.17      7.92 r    (301.91,824.62)
  u_impl/u_core/g_row_4__g_col_9__u_pe/u_sol/U54/CO (FA1D0)                     0.17      8.09 r    (304.51,818.98)
  u_impl/u_core/g_row_4__g_col_9__u_pe/u_sol/U57/CO (FA1D0)                     0.16      8.25 r    (304.31,813.82)
  u_impl/u_core/g_row_4__g_col_9__u_pe/u_sol/U11/CO (FA1D0)                     0.17      8.42 r    (306.09,811.78)
  u_impl/u_core/g_row_4__g_col_9__u_pe/u_sol/U15/CO (FA1D0)                     0.17      8.58 r    (312.09,815.38)
  u_impl/u_core/g_row_4__g_col_9__u_pe/u_sol/U20/CO (FA1D0)                     0.17      8.75 r    (314.29,818.98)
  u_impl/u_core/g_row_4__g_col_9__u_pe/u_sol/U61/CO (FA1D0)                     0.17      8.92 r    (319.09,817.42)
  u_impl/u_core/g_row_4__g_col_9__u_pe/u_sol/U64/CO (FA1D0)                     0.16      9.08 r    (325.71,818.98)
  u_impl/u_core/g_row_4__g_col_9__u_pe/u_sol/U25/CO (FA1D0)                     0.17      9.25 r    (323.71,822.58)
  u_impl/u_core/g_row_4__g_col_9__u_pe/u_sol/U29/CO (FA1D0)                     0.16      9.41 r    (328.69,826.18)
  u_impl/u_core/g_row_4__g_col_9__u_pe/u_sol/U33/CO (FA1D0)                     0.17      9.58 r    (330.09,828.22)
  u_impl/u_core/g_row_4__g_col_9__u_pe/u_sol/U37/CO (FA1D0)                     0.17      9.75 r    (327.11,835.42)
  u_impl/u_core/g_row_4__g_col_9__u_pe/u_sol/U41/CO (FA1D0)                     0.17      9.91 r    (322.31,836.98)
  u_impl/u_core/g_row_4__g_col_9__u_pe/u_sol/U42/Z (XOR3D0)                     0.33     10.24 r    (315.92,837.10)
  u_impl/u_core/g_row_4__g_col_9__u_pe/u_sol/U43/Z (MUX2D0)                     0.15     10.39 r    (314.68,840.60)
  u_impl/u_core/g_row_4__g_col_9__u_pe/u_sol/u_red_q_reg_15_/D (EDFCNQD1)       0.00     10.39 r    (315.32,840.51)
  data arrival time                                                                      10.39

  clock core_clk (rise edge)                                                   10.00     10.00
  clock network delay (propagated)                                              0.79     10.79
  u_impl/u_core/g_row_4__g_col_9__u_pe/u_sol/u_red_q_reg_15_/CP (EDFCNQD1)      0.00     10.79 r    (316.23,840.49)
  library setup time                                                           -0.17     10.63
  data required time                                                                     10.63
  -----------------------------------------------------------------------------------------------------------------------
  data required time                                                                     10.63
  data arrival time                                                                     -10.39
  -----------------------------------------------------------------------------------------------------------------------
  slack (MET)                                                                             0.24



  Startpoint: u_impl/u_core/u_tcu/state_q_reg_0_ (rising edge-triggered flip-flop clocked by core_clk)
  Endpoint: u_impl/u_core/g_row_12__g_col_8__u_pe/u_sol/u_red_q_reg_15_ (rising edge-triggered flip-flop clocked by core_clk)
  Mode: FUNC
  Corner: WC
  Scenario: FUNC_WC
  Path Group: core_clk
  Path Type: max

  Point                                                                         Incr      Path          Location
  -----------------------------------------------------------------------------------------------------------------------
  clock core_clk (rise edge)                                                    0.00      0.00
  clock network delay (propagated)                                              0.63      0.63

  u_impl/u_core/u_tcu/state_q_reg_0_/CP (DFCNQD1)                               0.00      0.63 r    (718.32,543.70)
  u_impl/u_core/u_tcu/state_q_reg_0_/Q (DFCNQD1)                                0.39      1.02 f    (722.49,543.71)
  u_impl/u_core/u_tcu/U10/ZN (CKND0)                                            0.18      1.20 r    (717.75,541.88)
  u_impl/u_core/u_tcu/U31/Z (OR2D4)                                             0.40      1.59 r    (712.65,540.12)
  u_impl/u_core/u_tcu/HFSBUF_40901_13921/Z (CKBD4)                              0.43      2.02 r    (692.85,543.70)
  u_impl/u_core/u_tcu/HFSBUF_40120_13920/Z (CKBD3)                              0.46      2.48 r    (701.42,541.92)
  u_impl/u_core/u_tcu/HFSINV_35795_13908/ZN (CKND2)                             0.31      2.79 f    (736.63,561.82)
  u_impl/u_core/u_tcu/U8/ZN (CKND2D0)                                           0.23      3.02 r    (729.05,543.72)
  u_impl/u_core/u_tcu/U34/Z (MUX2D0)                                            0.27      3.28 r    (727.28,541.80)
  u_impl/u_core/HFSBUF_194776_14362/Z (BUFFD1)                                  0.35      3.64 r    (745.88,541.90)
  u_impl/u_core/HFSBUF_106263_14307/Z (CKBD3)                                   0.43      4.06 r    (745.18,442.89)
  u_impl/u_core/ZBUF_834_inst_17319/Z (CKBD4)                                   0.44      4.50 r    (348.25,277.30)
  u_impl/u_core/HFSBUF_30445_14220/Z (CKBD2)                                    0.52      5.02 r    (229.45,558.10)
  u_impl/u_core/HFSBUF_29194_14206/Z (CKBD3)                                    0.42      5.44 r    (218.18,613.92)
  u_impl/u_core/HFSINV_15190_14201/ZN (INVD1)                                   0.42      5.86 f    (171.88,599.48)
  u_impl/u_core/g_row_12__g_col_8__u_pe/U5/ZN (CKND2D0)                         0.36      6.22 r    (169.05,595.88)
  u_impl/u_core/g_row_12__g_col_8__u_pe/U25/ZN (CKND0)                          0.22      6.43 f    (174.05,595.88)
  u_impl/u_core/g_row_12__g_col_8__u_pe/U26/ZN (OAI221D0)                       0.16      6.59 r    (174.99,596.01)
  u_impl/u_core/g_row_12__g_col_8__u_pe/ctmTdsLR_1_17180/ZN (OAI221D0)          0.25      6.84 f    (167.81,596.01)
  u_impl/u_core/g_row_12__g_col_8__u_pe/ZBUF_17_inst_19397/Z (CKBD0)            0.39      7.23 f    (165.11,599.48)
  u_impl/u_core/g_row_12__g_col_8__u_pe/u_sol/U65/CO (HA1D0)                    0.23      7.46 f    (46.69,603.08)
  u_impl/u_core/g_row_12__g_col_8__u_pe/u_sol/U9/CO (FA1D0)                     0.17      7.63 f    (42.11,599.38)
  u_impl/u_core/g_row_12__g_col_8__u_pe/u_sol/U13/CO (FA1D0)                    0.19      7.82 f    (38.11,595.78)
  u_impl/u_core/g_row_12__g_col_8__u_pe/u_sol/U17/CO (FA1D0)                    0.18      8.00 f    (33.11,588.58)
  u_impl/u_core/g_row_12__g_col_8__u_pe/u_sol/U21/CO (FA1D0)                    0.16      8.16 f    (27.91,590.62)
  u_impl/u_core/g_row_12__g_col_8__u_pe/u_sol/U25/CO (FA1D0)                    0.16      8.32 f    (27.71,592.18)
  u_impl/u_core/g_row_12__g_col_8__u_pe/u_sol/U29/CO (FA1D0)                    0.17      8.49 f    (25.91,595.78)
  u_impl/u_core/g_row_12__g_col_8__u_pe/u_sol/U33/CO (FA1D0)                    0.16      8.65 f    (30.29,597.82)
  u_impl/u_core/g_row_12__g_col_8__u_pe/u_sol/U37/CO (FA1D0)                    0.18      8.83 f    (32.09,601.42)
  u_impl/u_core/g_row_12__g_col_8__u_pe/u_sol/U41/CO (FA1D0)                    0.18      9.01 f    (41.89,597.82)
  u_impl/u_core/g_row_12__g_col_8__u_pe/u_sol/U45/CO (FA1D0)                    0.17      9.18 f    (43.09,592.18)
  u_impl/u_core/g_row_12__g_col_8__u_pe/u_sol/U49/CO (FA1D0)                    0.17      9.35 f    (48.71,590.62)
  u_impl/u_core/g_row_12__g_col_8__u_pe/u_sol/U53/CO (FA1D0)                    0.17      9.52 f    (53.29,592.18)
  u_impl/u_core/g_row_12__g_col_8__u_pe/u_sol/U57/CO (FA1D0)                    0.17      9.69 f    (58.29,592.18)
  u_impl/u_core/g_row_12__g_col_8__u_pe/u_sol/U61/CO (FA1D0)                    0.17      9.86 f    (61.71,594.22)
  u_impl/u_core/g_row_12__g_col_8__u_pe/u_sol/U62/Z (XOR3D0)                    0.33     10.20 r    (58.52,592.30)
  u_impl/u_core/g_row_12__g_col_8__u_pe/u_sol/U63/Z (MUX2D0)                    0.16     10.36 r    (56.92,588.60)
  u_impl/u_core/g_row_12__g_col_8__u_pe/u_sol/u_red_q_reg_15_/D (EDFCNQD1)      0.00     10.36 r    (54.52,590.69)
  data arrival time                                                                      10.36

  clock core_clk (rise edge)                                                   10.00     10.00
  clock network delay (propagated)                                              0.77     10.77
  u_impl/u_core/g_row_12__g_col_8__u_pe/u_sol/u_red_q_reg_15_/CP (EDFCNQD1)     0.00     10.77 r    (55.43,590.72)
  library setup time                                                           -0.18     10.60
  data required time                                                                     10.60
  -----------------------------------------------------------------------------------------------------------------------
  data required time                                                                     10.60
  data arrival time                                                                     -10.36
  -----------------------------------------------------------------------------------------------------------------------
  slack (MET)                                                                             0.24



  Startpoint: u_impl/u_core/u_tcu/state_q_reg_0_ (rising edge-triggered flip-flop clocked by core_clk)
  Endpoint: u_impl/u_core/g_row_12__g_col_8__u_pe/u_sol/u_black_q_reg_15_ (rising edge-triggered flip-flop clocked by core_clk)
  Mode: FUNC
  Corner: WC
  Scenario: FUNC_WC
  Path Group: core_clk
  Path Type: max

  Point                                                                         Incr      Path          Location
  -----------------------------------------------------------------------------------------------------------------------
  clock core_clk (rise edge)                                                    0.00      0.00
  clock network delay (propagated)                                              0.63      0.63

  u_impl/u_core/u_tcu/state_q_reg_0_/CP (DFCNQD1)                               0.00      0.63 r    (718.32,543.70)
  u_impl/u_core/u_tcu/state_q_reg_0_/Q (DFCNQD1)                                0.39      1.02 f    (722.49,543.71)
  u_impl/u_core/u_tcu/U10/ZN (CKND0)                                            0.18      1.20 r    (717.75,541.88)
  u_impl/u_core/u_tcu/U31/Z (OR2D4)                                             0.40      1.59 r    (712.65,540.12)
  u_impl/u_core/u_tcu/HFSBUF_40901_13921/Z (CKBD4)                              0.43      2.02 r    (692.85,543.70)
  u_impl/u_core/u_tcu/HFSBUF_40120_13920/Z (CKBD3)                              0.46      2.48 r    (701.42,541.92)
  u_impl/u_core/u_tcu/HFSINV_35795_13908/ZN (CKND2)                             0.31      2.79 f    (736.63,561.82)
  u_impl/u_core/u_tcu/U8/ZN (CKND2D0)                                           0.23      3.02 r    (729.05,543.72)
  u_impl/u_core/u_tcu/U34/Z (MUX2D0)                                            0.27      3.28 r    (727.28,541.80)
  u_impl/u_core/HFSBUF_194776_14362/Z (BUFFD1)                                  0.35      3.64 r    (745.88,541.90)
  u_impl/u_core/HFSBUF_106263_14307/Z (CKBD3)                                   0.43      4.06 r    (745.18,442.89)
  u_impl/u_core/ZBUF_834_inst_17319/Z (CKBD4)                                   0.44      4.50 r    (348.25,277.30)
  u_impl/u_core/HFSBUF_30445_14220/Z (CKBD2)                                    0.52      5.02 r    (229.45,558.10)
  u_impl/u_core/HFSBUF_29194_14206/Z (CKBD3)                                    0.42      5.44 r    (218.18,613.92)
  u_impl/u_core/HFSINV_15190_14201/ZN (INVD1)                                   0.42      5.86 f    (171.88,599.48)
  u_impl/u_core/g_row_12__g_col_8__u_pe/U5/ZN (CKND2D0)                         0.36      6.22 r    (169.05,595.88)
  u_impl/u_core/g_row_12__g_col_8__u_pe/U25/ZN (CKND0)                          0.22      6.43 f    (174.05,595.88)
  u_impl/u_core/g_row_12__g_col_8__u_pe/U26/ZN (OAI221D0)                       0.16      6.59 r    (174.99,596.01)
  u_impl/u_core/g_row_12__g_col_8__u_pe/ctmTdsLR_1_17180/ZN (OAI221D0)          0.25      6.84 f    (167.81,596.01)
  u_impl/u_core/g_row_12__g_col_8__u_pe/ZBUF_17_inst_19397/Z (CKBD0)            0.39      7.23 f    (165.11,599.48)
  u_impl/u_core/g_row_12__g_col_8__u_pe/u_sol/U65/CO (HA1D0)                    0.23      7.46 f    (46.69,603.08)
  u_impl/u_core/g_row_12__g_col_8__u_pe/u_sol/U9/CO (FA1D0)                     0.17      7.63 f    (42.11,599.38)
  u_impl/u_core/g_row_12__g_col_8__u_pe/u_sol/U13/CO (FA1D0)                    0.19      7.82 f    (38.11,595.78)
  u_impl/u_core/g_row_12__g_col_8__u_pe/u_sol/U17/CO (FA1D0)                    0.18      8.00 f    (33.11,588.58)
  u_impl/u_core/g_row_12__g_col_8__u_pe/u_sol/U21/CO (FA1D0)                    0.16      8.16 f    (27.91,590.62)
  u_impl/u_core/g_row_12__g_col_8__u_pe/u_sol/U25/CO (FA1D0)                    0.16      8.32 f    (27.71,592.18)
  u_impl/u_core/g_row_12__g_col_8__u_pe/u_sol/U29/CO (FA1D0)                    0.17      8.49 f    (25.91,595.78)
  u_impl/u_core/g_row_12__g_col_8__u_pe/u_sol/U33/CO (FA1D0)                    0.16      8.65 f    (30.29,597.82)
  u_impl/u_core/g_row_12__g_col_8__u_pe/u_sol/U37/CO (FA1D0)                    0.18      8.83 f    (32.09,601.42)
  u_impl/u_core/g_row_12__g_col_8__u_pe/u_sol/U41/CO (FA1D0)                    0.18      9.01 f    (41.89,597.82)
  u_impl/u_core/g_row_12__g_col_8__u_pe/u_sol/U45/CO (FA1D0)                    0.17      9.18 f    (43.09,592.18)
  u_impl/u_core/g_row_12__g_col_8__u_pe/u_sol/U49/CO (FA1D0)                    0.17      9.35 f    (48.71,590.62)
  u_impl/u_core/g_row_12__g_col_8__u_pe/u_sol/U53/CO (FA1D0)                    0.17      9.52 f    (53.29,592.18)
  u_impl/u_core/g_row_12__g_col_8__u_pe/u_sol/U57/CO (FA1D0)                    0.17      9.69 f    (58.29,592.18)
  u_impl/u_core/g_row_12__g_col_8__u_pe/u_sol/U61/CO (FA1D0)                    0.17      9.86 f    (61.71,594.22)
  u_impl/u_core/g_row_12__g_col_8__u_pe/u_sol/U62/Z (XOR3D0)                    0.33     10.20 r    (58.52,592.30)
  u_impl/u_core/g_row_12__g_col_8__u_pe/u_sol/U64/Z (MUX2D0)                    0.16     10.36 r    (49.52,599.39)
  u_impl/u_core/g_row_12__g_col_8__u_pe/u_sol/u_black_q_reg_15_/D (EDFCNQD1)    0.00     10.36 r    (47.32,602.92)
  data arrival time                                                                      10.36

  clock core_clk (rise edge)                                                   10.00     10.00
  clock network delay (propagated)                                              0.77     10.77
  u_impl/u_core/g_row_12__g_col_8__u_pe/u_sol/u_black_q_reg_15_/CP (EDFCNQD1)   0.00     10.77 r    (48.23,602.88)
  library setup time                                                           -0.18     10.60
  data required time                                                                     10.60
  -----------------------------------------------------------------------------------------------------------------------
  data required time                                                                     10.60
  data arrival time                                                                     -10.36
  -----------------------------------------------------------------------------------------------------------------------
  slack (MET)                                                                             0.24



  Startpoint: u_impl/u_core/u_tcu/state_q_reg_0_ (rising edge-triggered flip-flop clocked by core_clk)
  Endpoint: u_impl/u_core/g_row_4__g_col_8__u_pe/u_sol/u_black_q_reg_15_ (rising edge-triggered flip-flop clocked by core_clk)
  Mode: FUNC
  Corner: WC
  Scenario: FUNC_WC
  Path Group: core_clk
  Path Type: max

  Point                                                                         Incr      Path          Location
  -----------------------------------------------------------------------------------------------------------------------
  clock core_clk (rise edge)                                                    0.00      0.00
  clock network delay (propagated)                                              0.63      0.63

  u_impl/u_core/u_tcu/state_q_reg_0_/CP (DFCNQD1)                               0.00      0.63 r    (718.32,543.70)
  u_impl/u_core/u_tcu/state_q_reg_0_/Q (DFCNQD1)                                0.39      1.02 f    (722.49,543.71)
  u_impl/u_core/u_tcu/U10/ZN (CKND0)                                            0.18      1.20 r    (717.75,541.88)
  u_impl/u_core/u_tcu/U31/Z (OR2D4)                                             0.40      1.59 r    (712.65,540.12)
  u_impl/u_core/u_tcu/HFSBUF_40901_13921/Z (CKBD4)                              0.43      2.02 r    (692.85,543.70)
  u_impl/u_core/u_tcu/HFSBUF_40120_13920/Z (CKBD3)                              0.46      2.48 r    (701.42,541.92)
  u_impl/u_core/u_tcu/HFSINV_35795_13908/ZN (CKND2)                             0.31      2.79 f    (736.63,561.82)
  u_impl/u_core/u_tcu/U8/ZN (CKND2D0)                                           0.23      3.02 r    (729.05,543.72)
  u_impl/u_core/u_tcu/U34/Z (MUX2D0)                                            0.27      3.28 r    (727.28,541.80)
  u_impl/u_core/HFSBUF_194776_14362/Z (BUFFD1)                                  0.35      3.64 r    (745.88,541.90)
  u_impl/u_core/HFSBUF_106263_14307/Z (CKBD3)                                   0.43      4.06 r    (745.18,442.89)
  u_impl/u_core/ZBUF_834_inst_17319/Z (CKBD4)                                   0.44      4.50 r    (348.25,277.30)
  u_impl/u_core/HFSBUF_30445_14220/Z (CKBD2)                                    0.52      5.02 r    (229.45,558.10)
  u_impl/u_core/HFSBUF_30167_14193/Z (CKBD3)                                    0.44      5.47 r    (276.98,730.88)
  u_impl/u_core/HFSINV_3508_14178/ZN (CKND2)                                    0.34      5.81 f    (335.77,767.01)
  u_impl/u_core/g_row_4__g_col_8__u_pe/U12/ZN (CKND2D0)                         0.23      6.03 r    (322.35,747.08)
  u_impl/u_core/g_row_4__g_col_8__u_pe/U34/ZN (OAI222D0)                        0.44      6.47 f    (324.11,747.21)
  u_impl/u_core/g_row_4__g_col_8__u_pe/ctmTdsLR_1_16258/ZN (OAI221D0)           0.48      6.95 r    (329.39,748.79)
  u_impl/u_core/g_row_4__g_col_8__u_pe/HFSBUF_39_7206/Z (CKBD0)                 0.43      7.38 r    (323.11,777.72)
  u_impl/u_core/g_row_4__g_col_8__u_pe/u_sol/U41/CO (FA1D0)                     0.38      7.76 r    (304.91,860.62)
  u_impl/u_core/g_row_4__g_col_8__u_pe/u_sol/U44/CO (FA1D0)                     0.16      7.92 r    (299.91,860.62)
  u_impl/u_core/g_row_4__g_col_8__u_pe/u_sol/U47/CO (FA1D0)                     0.17      8.09 r    (295.71,858.58)
  u_impl/u_core/g_row_4__g_col_8__u_pe/u_sol/U50/CO (FA1D0)                     0.17      8.26 r    (287.71,858.58)
  u_impl/u_core/g_row_4__g_col_8__u_pe/u_sol/U11/CO (FA1D0)                     0.17      8.42 r    (282.69,860.62)
  u_impl/u_core/g_row_4__g_col_8__u_pe/u_sol/U15/CO (FA1D0)                     0.16      8.58 r    (286.69,857.02)
  u_impl/u_core/g_row_4__g_col_8__u_pe/u_sol/U22/CO (FA1D0)                     0.16      8.74 r    (287.69,860.62)
  u_impl/u_core/g_row_4__g_col_8__u_pe/u_sol/U54/CO (FA1D0)                     0.17      8.91 r    (293.09,862.18)
  u_impl/u_core/g_row_4__g_col_8__u_pe/u_sol/U57/CO (FA1D0)                     0.17      9.08 r    (297.49,867.82)
  u_impl/u_core/g_row_4__g_col_8__u_pe/u_sol/U60/CO (FA1D0)                     0.16      9.24 r    (306.29,867.82)
  u_impl/u_core/g_row_4__g_col_8__u_pe/u_sol/U63/CO (FA1D0)                     0.16      9.40 r    (312.29,867.82)
  u_impl/u_core/g_row_4__g_col_8__u_pe/u_sol/U27/CO (FA1D0)                     0.16      9.56 r    (317.49,867.82)
  u_impl/u_core/g_row_4__g_col_8__u_pe/u_sol/U30/CO (FA1D0)                     0.16      9.72 r    (322.89,865.78)
  u_impl/u_core/g_row_4__g_col_8__u_pe/u_sol/U34/CO (FA1D0)                     0.16      9.88 r    (322.11,862.18)
  u_impl/u_core/g_row_4__g_col_8__u_pe/u_sol/U35/Z (XOR3D0)                     0.33     10.22 r    (319.92,860.50)
  u_impl/u_core/g_row_4__g_col_8__u_pe/u_sol/U37/Z (MUX2D0)                     0.16     10.37 r    (315.92,864.21)
  u_impl/u_core/g_row_4__g_col_8__u_pe/u_sol/u_black_q_reg_15_/D (EDFCNQD1)     0.00     10.37 r    (314.92,862.12)
  data arrival time                                                                      10.37

  clock core_clk (rise edge)                                                   10.00     10.00
  clock network delay (propagated)                                              0.79     10.79
  u_impl/u_core/g_row_4__g_col_8__u_pe/u_sol/u_black_q_reg_15_/CP (EDFCNQD1)    0.00     10.79 r    (315.83,862.09)
  library setup time                                                           -0.17     10.61
  data required time                                                                     10.61
  -----------------------------------------------------------------------------------------------------------------------
  data required time                                                                     10.61
  data arrival time                                                                     -10.37
  -----------------------------------------------------------------------------------------------------------------------
  slack (MET)                                                                             0.24



  Startpoint: u_impl/u_core/u_tcu/state_q_reg_0_ (rising edge-triggered flip-flop clocked by core_clk)
  Endpoint: u_impl/u_core/g_row_6__g_col_8__u_pe/u_sol/u_red_q_reg_15_ (rising edge-triggered flip-flop clocked by core_clk)
  Mode: FUNC
  Corner: WC
  Scenario: FUNC_WC
  Path Group: core_clk
  Path Type: max

  Point                                                                         Incr      Path          Location
  -----------------------------------------------------------------------------------------------------------------------
  clock core_clk (rise edge)                                                    0.00      0.00
  clock network delay (propagated)                                              0.63      0.63

  u_impl/u_core/u_tcu/state_q_reg_0_/CP (DFCNQD1)                               0.00      0.63 r    (718.32,543.70)
  u_impl/u_core/u_tcu/state_q_reg_0_/Q (DFCNQD1)                                0.39      1.02 f    (722.49,543.71)
  u_impl/u_core/u_tcu/U10/ZN (CKND0)                                            0.18      1.20 r    (717.75,541.88)
  u_impl/u_core/u_tcu/U31/Z (OR2D4)                                             0.40      1.59 r    (712.65,540.12)
  u_impl/u_core/u_tcu/HFSBUF_40901_13921/Z (CKBD4)                              0.43      2.02 r    (692.85,543.70)
  u_impl/u_core/u_tcu/HFSBUF_40120_13920/Z (CKBD3)                              0.46      2.48 r    (701.42,541.92)
  u_impl/u_core/u_tcu/HFSINV_35795_13908/ZN (CKND2)                             0.31      2.79 f    (736.63,561.82)
  u_impl/u_core/u_tcu/U8/ZN (CKND2D0)                                           0.23      3.02 r    (729.05,543.72)
  u_impl/u_core/u_tcu/U34/Z (MUX2D0)                                            0.27      3.28 r    (727.28,541.80)
  u_impl/u_core/HFSBUF_194776_14362/Z (BUFFD1)                                  0.35      3.64 r    (745.88,541.90)
  u_impl/u_core/HFSBUF_106263_14307/Z (CKBD3)                                   0.43      4.06 r    (745.18,442.89)
  u_impl/u_core/ZBUF_834_inst_17319/Z (CKBD4)                                   0.44      4.50 r    (348.25,277.30)
  u_impl/u_core/HFSBUF_30445_14220/Z (CKBD2)                                    0.52      5.02 r    (229.45,558.10)
  u_impl/u_core/HFSBUF_29194_14206/Z (CKBD3)                                    0.42      5.44 r    (218.18,613.92)
  u_impl/u_core/HFSINV_15880_14196/ZN (INVD1)                                   0.41      5.86 f    (178.12,637.32)
  u_impl/u_core/g_row_6__g_col_8__u_pe/U28/ZN (CKND2D0)                         0.29      6.15 r    (200.25,646.28)
  u_impl/u_core/g_row_6__g_col_8__u_pe/U30/ZN (OAI222D0)                        0.44      6.59 f    (197.49,646.41)
  u_impl/u_core/g_row_6__g_col_8__u_pe/ctmTdsLR_1_17130/ZN (OAI221D1)           0.55      7.14 r    (196.58,648.10)
  u_impl/u_core/g_row_6__g_col_8__u_pe/u_sol/ctmTdsLR_1_19653/Z (CKAN2D0)       0.28      7.42 r    (119.98,684.02)
  u_impl/u_core/g_row_6__g_col_8__u_pe/u_sol/U9/CO (FA1D0)                      0.18      7.59 r    (120.31,685.78)
  u_impl/u_core/g_row_6__g_col_8__u_pe/u_sol/U13/CO (FA1D0)                     0.16      7.75 r    (116.91,689.38)
  u_impl/u_core/g_row_6__g_col_8__u_pe/u_sol/U17/CO (FA1D0)                     0.18      7.93 r    (115.91,691.42)
  u_impl/u_core/g_row_6__g_col_8__u_pe/u_sol/U21/CO (FA1D0)                     0.17      8.10 r    (103.51,689.38)
  u_impl/u_core/g_row_6__g_col_8__u_pe/u_sol/U25/CO (FA1D0)                     0.16      8.27 r    (98.91,687.82)
  u_impl/u_core/g_row_6__g_col_8__u_pe/u_sol/U29/CO (FA1D0)                     0.15      8.42 r    (96.91,691.42)
  u_impl/u_core/g_row_6__g_col_8__u_pe/u_sol/U33/CO (FA1D0)                     0.16      8.58 r    (95.11,692.98)
  u_impl/u_core/g_row_6__g_col_8__u_pe/u_sol/U37/CO (FA1D0)                     0.16      8.74 r    (90.11,692.98)
  u_impl/u_core/g_row_6__g_col_8__u_pe/u_sol/U41/CO (FA1D0)                     0.15      8.89 r    (91.91,689.38)
  u_impl/u_core/g_row_6__g_col_8__u_pe/u_sol/U45/CO (FA1D0)                     0.15      9.05 r    (91.51,687.82)
  u_impl/u_core/g_row_6__g_col_8__u_pe/u_sol/U49/CO (FA1D0)                     0.19      9.24 r    (90.51,684.22)
  u_impl/u_core/g_row_6__g_col_8__u_pe/u_sol/U53/CO (FA1D0)                     0.18      9.41 r    (98.69,673.42)
  u_impl/u_core/g_row_6__g_col_8__u_pe/u_sol/U57/CO (FA1D0)                     0.16      9.57 r    (104.69,674.98)
  u_impl/u_core/g_row_6__g_col_8__u_pe/u_sol/U61/CO (FA1D0)                     0.16      9.73 r    (104.89,677.02)
  u_impl/u_core/g_row_6__g_col_8__u_pe/u_sol/U62/Z (XOR3D0)                     0.32     10.05 r    (108.28,676.90)
  u_impl/u_core/g_row_6__g_col_8__u_pe/u_sol/U64/Z (MUX2D0)                     0.15     10.20 r    (106.32,678.60)
  u_impl/u_core/g_row_6__g_col_8__u_pe/u_sol/u_red_q_reg_15_/D (EDFCNQD1)       0.00     10.20 r    (102.72,680.69)
  data arrival time                                                                      10.20

  clock core_clk (rise edge)                                                   10.00     10.00
  clock network delay (propagated)                                              0.61     10.61
  u_impl/u_core/g_row_6__g_col_8__u_pe/u_sol/u_red_q_reg_15_/CP (EDFCNQD1)      0.00     10.61 r    (103.63,680.72)
  library setup time                                                           -0.16     10.45
  data required time                                                                     10.45
  -----------------------------------------------------------------------------------------------------------------------
  data required time                                                                     10.45
  data arrival time                                                                     -10.20
  -----------------------------------------------------------------------------------------------------------------------
  slack (MET)                                                                             0.24



  Startpoint: u_impl/u_core/u_tcu/state_q_reg_0_ (rising edge-triggered flip-flop clocked by core_clk)
  Endpoint: u_impl/u_core/g_row_8__g_col_1__u_pe/u_sol/u_black_q_reg_15_ (rising edge-triggered flip-flop clocked by core_clk)
  Mode: FUNC
  Corner: WC
  Scenario: FUNC_WC
  Path Group: core_clk
  Path Type: max

  Point                                                                         Incr      Path          Location
  -----------------------------------------------------------------------------------------------------------------------
  clock core_clk (rise edge)                                                    0.00      0.00
  clock network delay (propagated)                                              0.63      0.63

  u_impl/u_core/u_tcu/state_q_reg_0_/CP (DFCNQD1)                               0.00      0.63 r    (718.32,543.70)
  u_impl/u_core/u_tcu/state_q_reg_0_/Q (DFCNQD1)                                0.39      1.02 f    (722.49,543.71)
  u_impl/u_core/u_tcu/U10/ZN (CKND0)                                            0.18      1.20 r    (717.75,541.88)
  u_impl/u_core/u_tcu/U31/Z (OR2D4)                                             0.40      1.59 r    (712.65,540.12)
  u_impl/u_core/u_tcu/HFSBUF_40901_13921/Z (CKBD4)                              0.43      2.02 r    (692.85,543.70)
  u_impl/u_core/u_tcu/HFSBUF_40120_13920/Z (CKBD3)                              0.46      2.48 r    (701.42,541.92)
  u_impl/u_core/u_tcu/HFSINV_35795_13908/ZN (CKND2)                             0.31      2.79 f    (736.63,561.82)
  u_impl/u_core/u_tcu/U8/ZN (CKND2D0)                                           0.23      3.02 r    (729.05,543.72)
  u_impl/u_core/u_tcu/U34/Z (MUX2D0)                                            0.27      3.28 r    (727.28,541.80)
  u_impl/u_core/HFSBUF_194776_14362/Z (BUFFD1)                                  0.35      3.64 r    (745.88,541.90)
  u_impl/u_core/HFSBUF_106263_14307/Z (CKBD3)                                   0.43      4.06 r    (745.18,442.89)
  u_impl/u_core/ZBUF_834_inst_17319/Z (CKBD4)                                   0.44      4.50 r    (348.25,277.30)
  u_impl/u_core/HFSBUF_41674_14276/Z (CKBD3)                                    0.42      4.92 r    (247.18,187.28)
  u_impl/u_core/HFSINV_35904_14272/ZN (CKND0)                                   0.50      5.42 f    (238.15,180.12)
  u_impl/u_core/g_row_8__g_col_1__u_pe/U21/ZN (CKND2D0)                         0.31      5.73 r    (230.05,174.68)
  u_impl/u_core/g_row_8__g_col_1__u_pe/U22/ZN (CKND0)                           0.21      5.94 f    (230.05,178.28)
  u_impl/u_core/g_row_8__g_col_1__u_pe/U32/ZN (OAI221D0)                        0.17      6.11 r    (231.19,189.21)
  u_impl/u_core/g_row_8__g_col_1__u_pe/ctmTdsLR_1_16390/ZN (OAI221D0)           0.56      6.68 f    (228.01,182.01)
  u_impl/u_core/g_row_8__g_col_1__u_pe/HFSBUF_65_7603/Z (CKBD0)                 0.47      7.14 f    (196.51,145.88)
  u_impl/u_core/g_row_8__g_col_1__u_pe/u_sol/U9/CO (FA1D0)                      0.35      7.50 f    (128.51,104.62)
  u_impl/u_core/g_row_8__g_col_1__u_pe/u_sol/U13/CO (FA1D0)                     0.17      7.67 f    (127.91,101.02)
  u_impl/u_core/g_row_8__g_col_1__u_pe/u_sol/U17/CO (FA1D0)                     0.17      7.84 f    (133.69,97.42)
  u_impl/u_core/g_row_8__g_col_1__u_pe/u_sol/U21/CO (FA1D0)                     0.16      8.00 f    (131.31,95.38)
  u_impl/u_core/g_row_8__g_col_1__u_pe/u_sol/U25/CO (FA1D0)                     0.16      8.16 f    (133.11,93.82)
  u_impl/u_core/g_row_8__g_col_1__u_pe/u_sol/U29/CO (FA1D0)                     0.18      8.34 f    (133.91,90.22)
  u_impl/u_core/g_row_8__g_col_1__u_pe/u_sol/U33/CO (FA1D0)                     0.17      8.51 f    (120.71,86.62)
  u_impl/u_core/g_row_8__g_col_1__u_pe/u_sol/U37/CO (FA1D0)                     0.17      8.68 f    (118.31,90.22)
  u_impl/u_core/g_row_8__g_col_1__u_pe/u_sol/U41/CO (FA1D0)                     0.16      8.84 f    (112.91,91.78)
  u_impl/u_core/g_row_8__g_col_1__u_pe/u_sol/U45/CO (FA1D0)                     0.16      9.01 f    (112.11,95.38)
  u_impl/u_core/g_row_8__g_col_1__u_pe/u_sol/U49/CO (FA1D0)                     0.16      9.16 f    (112.51,97.42)
  u_impl/u_core/g_row_8__g_col_1__u_pe/u_sol/U53/CO (FA1D0)                     0.16      9.33 f    (110.71,98.98)
  u_impl/u_core/g_row_8__g_col_1__u_pe/u_sol/U57/CO (FA1D0)                     0.16      9.49 f    (109.11,102.58)
  u_impl/u_core/g_row_8__g_col_1__u_pe/u_sol/U61/CO (FA1D0)                     0.17      9.66 f    (110.71,104.62)
  u_impl/u_core/g_row_8__g_col_1__u_pe/u_sol/U62/Z (XOR3D0)                     0.32      9.98 r    (112.68,108.10)
  u_impl/u_core/g_row_8__g_col_1__u_pe/u_sol/U63/Z (MUX2D0)                     0.16     10.14 r    (113.32,108.20)
  u_impl/u_core/g_row_8__g_col_1__u_pe/u_sol/u_black_q_reg_15_/D (EDFCNQD1)     0.00     10.14 r    (105.92,109.72)
  data arrival time                                                                      10.14

  clock core_clk (rise edge)                                                   10.00     10.00
  clock network delay (propagated)                                              0.56     10.56
  u_impl/u_core/g_row_8__g_col_1__u_pe/u_sol/u_black_q_reg_15_/CP (EDFCNQD1)    0.00     10.56 r    (106.83,109.69)
  library setup time                                                           -0.17     10.38
  data required time                                                                     10.38
  -----------------------------------------------------------------------------------------------------------------------
  data required time                                                                     10.38
  data arrival time                                                                     -10.14
  -----------------------------------------------------------------------------------------------------------------------
  slack (MET)                                                                             0.24


1
