=== DC synthesis start Tue 04 Aug 2026 03:36:26 PM CST ===
isolated output: /home/soleil/code/DigitalIC/PDE/pdeMujunjie/flow/local_runs/full_clean_20260804/dc

                           Design Compiler Graphical 
                                 DC Ultra (TM)
                                  DFTMAX (TM)
                              Power Compiler (TM)
                                 DesignWare (R)
                                 DC Expert (TM)
                               Design Vision (TM)
                               HDL Compiler (TM)
                               VHDL Compiler (TM)
                                  DFT Compiler
                               Design Compiler(R)

               Version T-2022.03-SP2 for linux64 - May 25, 2022 

                    Copyright (c) 1988 - 2022 Synopsys, Inc.
   This software and the associated documentation are proprietary to Synopsys,
 Inc. This software may only be used in accordance with the terms and conditions
 of a written license agreement with Synopsys, Inc. All other use, reproduction,
   or distribution of this software is strictly prohibited.  Licensed Products
     communicate with Synopsys servers for the purpose of providing software
    updates, detecting software piracy and verifying that customers are using
    Licensed Products in conformity with the applicable License Key for such
  Licensed Products. Synopsys will use information gathered in connection with
    this process to deliver software updates and pursue software pirates and
                                   infringers.

 Inclusivity & Diversity - Visit SolvNetPlus to read the "Synopsys Statement on
            Inclusivity and Diversity" (Refer to article 000036315 at
                        https://solvnetplus.synopsys.com)
Initializing...
Initializing gui preferences from file  /home/soleil/.synopsys_dc_gui/preferences.tcl
# DC synthesis flow for the narrow-interface PDE accelerator chip top.
# The 10 ns clock and simple block-level I/O budgets are provisional.
proc env_or_default {name fallback} {
  if {[info exists ::env($name)] && [string trim $::env($name)] ne ""} {
    return $::env($name)
  }
  return $fallback
}
set SCRIPT_DIR [file dirname [file normalize [info script]]]
/home/soleil/code/DigitalIC/PDE/pdeMujunjie/flow/dc
set REPO_ROOT [file normalize [env_or_default PDE_REPO_ROOT \
  [file join $SCRIPT_DIR ../..]]]
/home/soleil/code/DigitalIC/PDE/pdeMujunjie
set OUTPUT_ROOT [string trim [env_or_default PDE_DC_OUTPUT_ROOT ""]]
/home/soleil/code/DigitalIC/PDE/pdeMujunjie/flow/local_runs/full_clean_20260804/dc
if {$OUTPUT_ROOT eq ""} {
  set WORK_DIR   [file join $REPO_ROOT flow work dc]
  set REPORT_DIR [file join $REPO_ROOT flow reports dc]
  set RESULT_DIR [file join $REPO_ROOT flow results dc]
} else {
  set WORK_DIR   [file join $OUTPUT_ROOT work]
  set REPORT_DIR [file join $OUTPUT_ROOT reports]
  set RESULT_DIR [file join $OUTPUT_ROOT results]
}
/home/soleil/code/DigitalIC/PDE/pdeMujunjie/flow/local_runs/full_clean_20260804/dc/results
file mkdir $WORK_DIR
file mkdir $REPORT_DIR
file mkdir $RESULT_DIR
set TOP [env_or_default PDE_TOP pde_chip_top_safe]
pde_chip_top_safe
set CLOCK_PORT clk
clk
set CLOCK_NAME core_clk
core_clk
set CLOCK_PERIOD 10.000
10.000
set PDK_ROOT [env_or_default PDE_PDK_ROOT \
  /ssd0/PDKs/TSMC65nm/STDCELL/std/STD_Cell/tcbn65lp_200b]
/home/soleil/code/DigitalIC/stdlib/tsmc65/tcbn65lp_200b
set LIB_DIR  [file join $PDK_ROOT Front_End timing_power_noise CCS]
/home/soleil/code/DigitalIC/stdlib/tsmc65/tcbn65lp_200b/Front_End/timing_power_noise/CCS
set TARGET_DB [env_or_default PDE_TARGET_DB \
  [file join $LIB_DIR tcbn65lpwc_ccs.db]]
/home/soleil/code/DigitalIC/stdlib/tsmc65/tcbn65lp_200b/Front_End/timing_power_noise/CCS/tcbn65lpwc_ccs.db
if {![file exists $TARGET_DB]} {
  error "Missing target library: $TARGET_DB"
}
set RTL_FILES [list \
  [file join $REPO_ROOT src common counter_ce.sv] \
  [file join $REPO_ROOT src common pipeline_delay_bit.sv] \
  [file join $REPO_ROOT src pe pde_q8p7_pkg.sv] \
  [file join $REPO_ROOT src pe r_alu.sv] \
  [file join $REPO_ROOT src pe r_reg.sv] \
  [file join $REPO_ROOT src pe r_dsm.sv] \
  [file join $REPO_ROOT src pe r_status.sv] \
  [file join $REPO_ROOT src pe sol_acc.sv] \
  [file join $REPO_ROOT src pe r_state_ctrl.sv] \
  [file join $REPO_ROOT src pe pe_top.sv] \
  [file join $REPO_ROOT src pe_array pde_memcontrol.sv] \
  [file join $REPO_ROOT src pe_array pde_tcu.sv] \
  [file join $REPO_ROOT src pe_array pde_core.sv] \
  [file join $REPO_ROOT src pe_array pde_chip_top.sv] \
  [file join $REPO_ROOT src pe_array pde_chip_top_safe.sv]]
/home/soleil/code/DigitalIC/PDE/pdeMujunjie/src/common/counter_ce.sv /home/soleil/code/DigitalIC/PDE/pdeMujunjie/src/common/pipeline_delay_bit.sv /home/soleil/code/DigitalIC/PDE/pdeMujunjie/src/pe/pde_q8p7_pkg.sv /home/soleil/code/DigitalIC/PDE/pdeMujunjie/src/pe/r_alu.sv /home/soleil/code/DigitalIC/PDE/pdeMujunjie/src/pe/r_reg.sv /home/soleil/code/DigitalIC/PDE/pdeMujunjie/src/pe/r_dsm.sv /home/soleil/code/DigitalIC/PDE/pdeMujunjie/src/pe/r_status.sv /home/soleil/code/DigitalIC/PDE/pdeMujunjie/src/pe/sol_acc.sv /home/soleil/code/DigitalIC/PDE/pdeMujunjie/src/pe/r_state_ctrl.sv /home/soleil/code/DigitalIC/PDE/pdeMujunjie/src/pe/pe_top.sv /home/soleil/code/DigitalIC/PDE/pdeMujunjie/src/pe_array/pde_memcontrol.sv /home/soleil/code/DigitalIC/PDE/pdeMujunjie/src/pe_array/pde_tcu.sv /home/soleil/code/DigitalIC/PDE/pdeMujunjie/src/pe_array/pde_core.sv /home/soleil/code/DigitalIC/PDE/pdeMujunjie/src/pe_array/pde_chip_top.sv /home/soleil/code/DigitalIC/PDE/pdeMujunjie/src/pe_array/pde_chip_top_safe.sv
foreach RTL_FILE $RTL_FILES {
  if {![file exists $RTL_FILE]} {
    error "Missing RTL source: $RTL_FILE"
  }
}
set_app_var search_path [concat [list $REPO_ROOT $LIB_DIR] $search_path]
/home/soleil/code/DigitalIC/PDE/pdeMujunjie /home/soleil/code/DigitalIC/stdlib/tsmc65/tcbn65lp_200b/Front_End/timing_power_noise/CCS . /home/soleil/synopsys/syn/T-2022.03-SP2/libraries/syn /home/soleil/synopsys/syn/T-2022.03-SP2/dw/syn_ver /home/soleil/synopsys/syn/T-2022.03-SP2/dw/sim_ver
set_app_var target_library [list $TARGET_DB]
/home/soleil/code/DigitalIC/stdlib/tsmc65/tcbn65lp_200b/Front_End/timing_power_noise/CCS/tcbn65lpwc_ccs.db
set_app_var link_library [concat "*" $target_library]
* /home/soleil/code/DigitalIC/stdlib/tsmc65/tcbn65lp_200b/Front_End/timing_power_noise/CCS/tcbn65lpwc_ccs.db
set_svf [file join $RESULT_DIR ${TOP}.svf]
1
define_design_lib WORK -path [file join $WORK_DIR WORK]
1
catch {set_host_options -max_cores 4}
0
analyze -format sverilog -library WORK $RTL_FILES
Running PRESTO HDLC
Compiling source file /home/soleil/code/DigitalIC/PDE/pdeMujunjie/src/common/counter_ce.sv
Compiling source file /home/soleil/code/DigitalIC/PDE/pdeMujunjie/src/common/pipeline_delay_bit.sv
Compiling source file /home/soleil/code/DigitalIC/PDE/pdeMujunjie/src/pe/pde_q8p7_pkg.sv
Compiling source file /home/soleil/code/DigitalIC/PDE/pdeMujunjie/src/pe/r_alu.sv
Warning:  /home/soleil/code/DigitalIC/PDE/pdeMujunjie/src/pe/pde_q8p7_pkg.sv:51: signed to unsigned conversion occurs. (VER-318)
Warning:  /home/soleil/code/DigitalIC/PDE/pdeMujunjie/src/pe/pde_q8p7_pkg.sv:72: signed to unsigned assignment occurs. (VER-318)
Compiling source file /home/soleil/code/DigitalIC/PDE/pdeMujunjie/src/pe/r_reg.sv
Compiling source file /home/soleil/code/DigitalIC/PDE/pdeMujunjie/src/pe/r_dsm.sv
Compiling source file /home/soleil/code/DigitalIC/PDE/pdeMujunjie/src/pe/r_status.sv
Compiling source file /home/soleil/code/DigitalIC/PDE/pdeMujunjie/src/pe/sol_acc.sv
Compiling source file /home/soleil/code/DigitalIC/PDE/pdeMujunjie/src/pe/r_state_ctrl.sv
Compiling source file /home/soleil/code/DigitalIC/PDE/pdeMujunjie/src/pe/pe_top.sv
Compiling source file /home/soleil/code/DigitalIC/PDE/pdeMujunjie/src/pe_array/pde_memcontrol.sv
Compiling source file /home/soleil/code/DigitalIC/PDE/pdeMujunjie/src/pe_array/pde_tcu.sv
Compiling source file /home/soleil/code/DigitalIC/PDE/pdeMujunjie/src/pe_array/pde_core.sv
Compiling source file /home/soleil/code/DigitalIC/PDE/pdeMujunjie/src/pe_array/pde_chip_top.sv
Compiling source file /home/soleil/code/DigitalIC/PDE/pdeMujunjie/src/pe_array/pde_chip_top_safe.sv
Presto compilation completed successfully.
Loading db file '/home/soleil/code/DigitalIC/stdlib/tsmc65/tcbn65lp_200b/Front_End/timing_power_noise/CCS/tcbn65lpwc_ccs.db'
Information: Using CCS timing libraries. (TIM-024)
1
elaborate $TOP -library WORK
Loading db file '/home/soleil/synopsys/syn/T-2022.03-SP2/libraries/syn/gtech.db'
Loading db file '/home/soleil/synopsys/syn/T-2022.03-SP2/libraries/syn/standard.sldb'
  Loading link library 'tcbn65lpwc_ccs'
  Loading link library 'gtech'
Running PRESTO HDLC

Inferred memory devices in process
	in routine pde_chip_top_safe line 95 in file
		'/home/soleil/code/DigitalIC/PDE/pdeMujunjie/src/pe_array/pde_chip_top_safe.sv'.
===============================================================================
|    Register Name    |   Type    | Width | Bus | MB | AR | AS | SR | SS | ST |
===============================================================================
|  status_read_q_reg  | Flip-flop |   1   |  N  | N  | Y  | N  | N  | N  | N  |
===============================================================================

Inferred memory devices in process
	in routine pde_chip_top_safe line 105 in file
		'/home/soleil/code/DigitalIC/PDE/pdeMujunjie/src/pe_array/pde_chip_top_safe.sv'.
===============================================================================
|    Register Name    |   Type    | Width | Bus | MB | AR | AS | SR | SS | ST |
===============================================================================
| wrapper_error_q_reg | Flip-flop |   1   |  N  | N  | Y  | N  | N  | N  | N  |
===============================================================================

Inferred memory devices in process
	in routine pde_chip_top_safe line 117 in file
		'/home/soleil/code/DigitalIC/PDE/pdeMujunjie/src/pe_array/pde_chip_top_safe.sv'.
===============================================================================
|    Register Name    |   Type    | Width | Bus | MB | AR | AS | SR | SS | ST |
===============================================================================
|   scan_used_q_reg   | Flip-flop |   1   |  N  | N  | Y  | N  | N  | N  | N  |
===============================================================================
Presto compilation completed successfully. (pde_chip_top_safe)
Elaborated 1 design.
Current design is now 'pde_chip_top_safe'.
Information: Building the design 'pde_chip_top' instantiated from design 'pde_chip_top_safe' with
	the parameters "NROW=20,NCOL_LOG=20,USE_DSM=1'h1,CONV_ON_SMALL=1'h1,DYN_PREC=1'h1,MAX_UPDATES=4096,NPE=10". (HDL-193)

Inferred memory devices in process
	in routine pde_chip_top_20_20_1_1_1_4096_10 line 196 in file
		'/home/soleil/code/DigitalIC/PDE/pdeMujunjie/src/pe_array/pde_chip_top.sv'.
===============================================================================
|    Register Name    |   Type    | Width | Bus | MB | AR | AS | SR | SS | ST |
===============================================================================
|   west_shadow_reg   | Flip-flop |  320  |  Y  | N  | N  | N  | N  | N  | N  |
|   red_valid_q_reg   | Flip-flop |  200  |  Y  | N  | Y  | N  | N  | N  | N  |
|  black_valid_q_reg  | Flip-flop |  200  |  Y  | N  | Y  | N  | N  | N  | N  |
|  north_valid_q_reg  | Flip-flop |  20   |  Y  | N  | Y  | N  | N  | N  | N  |
|  south_valid_q_reg  | Flip-flop |  20   |  Y  | N  | Y  | N  | N  | N  | N  |
|  west_valid_q_reg   | Flip-flop |  20   |  Y  | N  | Y  | N  | N  | N  | N  |
|  east_valid_q_reg   | Flip-flop |  20   |  Y  | N  | Y  | N  | N  | N  | N  |
|   east_shadow_reg   | Flip-flop |  320  |  Y  | N  | N  | N  | N  | N  | N  |
|   red_shadow_reg    | Flip-flop | 3200  |  Y  | N  | N  | N  | N  | N  | N  |
|  black_shadow_reg   | Flip-flop | 3200  |  Y  | N  | N  | N  | N  | N  | N  |
|  north_shadow_reg   | Flip-flop |  320  |  Y  | N  | N  | N  | N  | N  | N  |
|  south_shadow_reg   | Flip-flop |  320  |  Y  | N  | N  | N  | N  | N  | N  |
===============================================================================

Inferred memory devices in process
	in routine pde_chip_top_20_20_1_1_1_4096_10 line 227 in file
		'/home/soleil/code/DigitalIC/PDE/pdeMujunjie/src/pe_array/pde_chip_top.sv'.
===============================================================================
|    Register Name    |   Type    | Width | Bus | MB | AR | AS | SR | SS | ST |
===============================================================================
|    cfg_rdata_reg    | Flip-flop |  16   |  Y  | N  | Y  | N  | N  | N  | N  |
|   cfg_error_q_reg   | Flip-flop |   1   |  N  | N  | Y  | N  | N  | N  | N  |
|   cfg_rvalid_reg    | Flip-flop |   1   |  N  | N  | Y  | N  | N  | N  | N  |
===============================================================================

Inferred memory devices in process
	in routine pde_chip_top_20_20_1_1_1_4096_10 line 240 in file
		'/home/soleil/code/DigitalIC/PDE/pdeMujunjie/src/pe_array/pde_chip_top.sv'.
===============================================================================
|    Register Name    |   Type    | Width | Bus | MB | AR | AS | SR | SS | ST |
===============================================================================
|  scan_count_q_reg   | Flip-flop |  13   |  Y  | N  | Y  | N  | N  | N  | N  |
|  scan_active_q_reg  | Flip-flop |   1   |  N  | N  | Y  | N  | N  | N  | N  |
===============================================================================
Presto compilation completed successfully. (pde_chip_top_20_20_1_1_1_4096_10)
Information: Building the design 'pde_core' instantiated from design 'pde_chip_top_20_20_1_1_1_4096_10' with
	the parameters "NROW=20,NCOL_LOG=20,USE_DSM=1'h1,CONV_ON_SMALL=1'h1,DYN_PREC=1'h1,MAX_UPDATES=4096,NPE=10". (HDL-193)
Presto compilation completed successfully. (pde_core_20_20_1_1_1_4096_10)
Information: Building the design 'pde_tcu' instantiated from design 'pde_core_20_20_1_1_1_4096_10' with
	the parameters "CONV_ON_SMALL=1'h1,DYN_PREC=1'h1,MAX_UPDATES=4096". (HDL-193)
Warning:  /home/soleil/code/DigitalIC/PDE/pdeMujunjie/src/pe_array/pde_tcu.sv:80: signed to unsigned assignment occurs. (VER-318)
Warning:  /home/soleil/code/DigitalIC/PDE/pdeMujunjie/src/pe_array/pde_tcu.sv:145: signed to unsigned conversion occurs. (VER-318)
Warning:  /home/soleil/code/DigitalIC/PDE/pdeMujunjie/src/pe_array/pde_tcu.sv:139: DEFAULT branch of CASE statement cannot be reached. (ELAB-311)

Statistics for case statements in always block at line 80 in file
	'/home/soleil/code/DigitalIC/PDE/pdeMujunjie/src/pe_array/pde_tcu.sv'
===============================================
|           Line           |  full/ parallel  |
===============================================
|            28            |    auto/auto     |
===============================================

Statistics for case statements in always block at line 137 in file
	'/home/soleil/code/DigitalIC/PDE/pdeMujunjie/src/pe_array/pde_tcu.sv'
===============================================
|           Line           |  full/ parallel  |
===============================================
|           139            |    auto/auto     |
===============================================

Inferred memory devices in process
	in routine pde_tcu_1_1_4096 line 153 in file
		'/home/soleil/code/DigitalIC/PDE/pdeMujunjie/src/pe_array/pde_tcu.sv'.
===============================================================================
|    Register Name    |   Type    | Width | Bus | MB | AR | AS | SR | SS | ST |
===============================================================================
|     first_q_reg     | Flip-flop |   1   |  N  | N  | N  | Y  | N  | N  | N  |
|     state_q_reg     | Flip-flop |   3   |  Y  | N  | Y  | N  | N  | N  | N  |
|     prec_q_reg      | Flip-flop |   2   |  Y  | N  | Y  | N  | N  | N  | N  |
|   prec_prev_q_reg   | Flip-flop |   2   |  Y  | N  | Y  | N  | N  | N  | N  |
|      upd_q_reg      | Flip-flop |  32   |  Y  | N  | Y  | N  | N  | N  | N  |
|      cyc_q_reg      | Flip-flop |  32   |  Y  | N  | Y  | N  | N  | N  | N  |
|      rd_q_reg       | Flip-flop |  32   |  Y  | N  | Y  | N  | N  | N  | N  |
|     conv_q_reg      | Flip-flop |   1   |  N  | N  | Y  | N  | N  | N  | N  |
===============================================================================
Presto compilation completed successfully. (pde_tcu_1_1_4096)
Information: Building the design 'pde_memcontrol' instantiated from design 'pde_core_20_20_1_1_1_4096_10' with
	the parameters "NROW=20,NCOL_LOG=20". (HDL-193)
Warning:  /home/soleil/code/DigitalIC/PDE/pdeMujunjie/src/pe_array/pde_memcontrol.sv:45: signed to unsigned conversion occurs. (VER-318)
Warning:  /home/soleil/code/DigitalIC/PDE/pdeMujunjie/src/pe_array/pde_memcontrol.sv:61: signed to unsigned conversion occurs. (VER-318)
Warning:  /home/soleil/code/DigitalIC/PDE/pdeMujunjie/src/pe_array/pde_memcontrol.sv:62: signed to unsigned conversion occurs. (VER-318)

Statistics for case statements in always block at line 65 in file
	'/home/soleil/code/DigitalIC/PDE/pdeMujunjie/src/pe_array/pde_memcontrol.sv'
===============================================
|           Line           |  full/ parallel  |
===============================================
|            28            |    auto/auto     |
===============================================
Statistics for MUX_OPs
=========================================================================
|          block name/line            | Inputs | Outputs | # sel inputs |
=========================================================================
| pde_memcontrol_NROW20_NCOL_LOG20/45 |   16   |   60    |      4       |
=========================================================================
Presto compilation completed successfully. (pde_memcontrol_NROW20_NCOL_LOG20)
Information: Building the design 'pe_top' instantiated from design 'pde_core_20_20_1_1_1_4096_10' with
	the parameters "ROW_ODD=1'h0,USE_DSM=1'h1". (HDL-193)
Warning:  /home/soleil/code/DigitalIC/PDE/pdeMujunjie/src/pe/pde_q8p7_pkg.sv:72: signed to unsigned assignment occurs. (VER-318)

Statistics for case statements in always block at line 142 in file
	'/home/soleil/code/DigitalIC/PDE/pdeMujunjie/src/pe/pe_top.sv'
===============================================
|           Line           |  full/ parallel  |
===============================================
|            28            |    auto/auto     |
===============================================
Presto compilation completed successfully. (pe_top_0_1)
Information: Building the design 'pe_top' instantiated from design 'pde_core_20_20_1_1_1_4096_10' with
	the parameters "ROW_ODD=1'h1,USE_DSM=1'h1". (HDL-193)
Warning:  /home/soleil/code/DigitalIC/PDE/pdeMujunjie/src/pe/pde_q8p7_pkg.sv:72: signed to unsigned assignment occurs. (VER-318)

Statistics for case statements in always block at line 142 in file
	'/home/soleil/code/DigitalIC/PDE/pdeMujunjie/src/pe/pe_top.sv'
===============================================
|           Line           |  full/ parallel  |
===============================================
|            28            |    auto/auto     |
===============================================
Presto compilation completed successfully. (pe_top_1_1)
Information: Building the design 'counter_ce' instantiated from design 'pde_tcu_1_1_4096' with
	the parameters "WIDTH=5". (HDL-193)

Inferred memory devices in process
	in routine counter_ce_WIDTH5 line 16 in file
		'/home/soleil/code/DigitalIC/PDE/pdeMujunjie/src/common/counter_ce.sv'.
===============================================================================
|    Register Name    |   Type    | Width | Bus | MB | AR | AS | SR | SS | ST |
===============================================================================
|     count_o_reg     | Flip-flop |   5   |  Y  | N  | Y  | N  | N  | N  | N  |
===============================================================================
Presto compilation completed successfully. (counter_ce_WIDTH5)
Information: Building the design 'r_state_ctrl' instantiated from design 'pe_top_0_1' with
	the parameters "ROW_ODD=1'h0". (HDL-193)
Presto compilation completed successfully. (r_state_ctrl_0)
Information: Building the design 'r_reg'. (HDL-193)

Statistics for case statements in always block at line 37 in file
	'/home/soleil/code/DigitalIC/PDE/pdeMujunjie/src/pe/r_reg.sv'
===============================================
|           Line           |  full/ parallel  |
===============================================
|            28            |    auto/auto     |
===============================================

Inferred memory devices in process
	in routine r_reg line 43 in file
		'/home/soleil/code/DigitalIC/PDE/pdeMujunjie/src/pe/r_reg.sv'.
===============================================================================
|    Register Name    |   Type    | Width | Bus | MB | AR | AS | SR | SS | ST |
===============================================================================
|        q_reg        | Flip-flop |  16   |  Y  | N  | Y  | N  | N  | N  | N  |
===============================================================================
Presto compilation completed successfully. (r_reg)
Information: Building the design 'r_dsm' instantiated from design 'pe_top_0_1' with
	the parameters "USE_DSM=1'h1". (HDL-193)

Inferred memory devices in process
	in routine r_dsm_1 line 44 in file
		'/home/soleil/code/DigitalIC/PDE/pdeMujunjie/src/pe/r_dsm.sv'.
===============================================================================
|    Register Name    |   Type    | Width | Bus | MB | AR | AS | SR | SS | ST |
===============================================================================
|      rem_q_reg      | Flip-flop |   2   |  Y  | N  | Y  | N  | N  | N  | N  |
===============================================================================

Inferred memory devices in process
	in routine r_dsm_1 line 49 in file
		'/home/soleil/code/DigitalIC/PDE/pdeMujunjie/src/pe/r_dsm.sv'.
===============================================================================
|    Register Name    |   Type    | Width | Bus | MB | AR | AS | SR | SS | ST |
===============================================================================
|   err_black_q_reg   | Flip-flop |   2   |  Y  | N  | Y  | N  | N  | N  | N  |
|    err_red_q_reg    | Flip-flop |   2   |  Y  | N  | Y  | N  | N  | N  | N  |
===============================================================================
Presto compilation completed successfully. (r_dsm_1)
Information: Building the design 'r_alu'. (HDL-193)

Inferred memory devices in process
	in routine r_alu line 75 in file
		'/home/soleil/code/DigitalIC/PDE/pdeMujunjie/src/pe/r_alu.sv'.
===============================================================================
|    Register Name    |   Type    | Width | Bus | MB | AR | AS | SR | SS | ST |
===============================================================================
|     carry_q_reg     | Flip-flop |   4   |  Y  | N  | Y  | N  | N  | N  | N  |
===============================================================================
Presto compilation completed successfully. (r_alu)
Information: Building the design 'sol_acc' instantiated from design 'pe_top_0_1' with
	the parameters "HEAD_IS_RED=1'h1". (HDL-193)

Inferred memory devices in process
	in routine sol_acc_1 line 60 in file
		'/home/soleil/code/DigitalIC/PDE/pdeMujunjie/src/pe/sol_acc.sv'.
===============================================================================
|    Register Name    |   Type    | Width | Bus | MB | AR | AS | SR | SS | ST |
===============================================================================
|    u_black_q_reg    | Flip-flop |  16   |  Y  | N  | Y  | N  | N  | N  | N  |
|     u_red_q_reg     | Flip-flop |  16   |  Y  | N  | Y  | N  | N  | N  | N  |
===============================================================================
Presto compilation completed successfully. (sol_acc_1)
Information: Building the design 'r_status'. (HDL-193)

Inferred memory devices in process
	in routine r_status line 42 in file
		'/home/soleil/code/DigitalIC/PDE/pdeMujunjie/src/pe/r_status.sv'.
===============================================================================
|    Register Name    |   Type    | Width | Bus | MB | AR | AS | SR | SS | ST |
===============================================================================
|    nonzero_q_reg    | Flip-flop |   1   |  N  | N  | Y  | N  | N  | N  | N  |
|     fit12_q_reg     | Flip-flop |   1   |  N  | N  | Y  | N  | N  | N  | N  |
|     fit8_q_reg      | Flip-flop |   1   |  N  | N  | Y  | N  | N  | N  | N  |
|     fit4_q_reg      | Flip-flop |   1   |  N  | N  | Y  | N  | N  | N  | N  |
|     small_q_reg     | Flip-flop |   1   |  N  | N  | Y  | N  | N  | N  | N  |
===============================================================================
Presto compilation completed successfully. (r_status)
Information: Building the design 'r_state_ctrl' instantiated from design 'pe_top_1_1' with
	the parameters "ROW_ODD=1'h1". (HDL-193)
Presto compilation completed successfully. (r_state_ctrl_1)
Information: Building the design 'sol_acc' instantiated from design 'pe_top_1_1' with
	the parameters "HEAD_IS_RED=1'h0". (HDL-193)

Inferred memory devices in process
	in routine sol_acc_0 line 60 in file
		'/home/soleil/code/DigitalIC/PDE/pdeMujunjie/src/pe/sol_acc.sv'.
===============================================================================
|    Register Name    |   Type    | Width | Bus | MB | AR | AS | SR | SS | ST |
===============================================================================
|    u_black_q_reg    | Flip-flop |  16   |  Y  | N  | Y  | N  | N  | N  | N  |
|     u_red_q_reg     | Flip-flop |  16   |  Y  | N  | Y  | N  | N  | N  | N  |
===============================================================================
Presto compilation completed successfully. (sol_acc_0)
1
current_design $TOP
Current design is 'pde_chip_top_safe'.
{pde_chip_top_safe}
link

  Linking design 'pde_chip_top_safe'
  Using the following designs and libraries:
  --------------------------------------------------------------------------
  * (16 designs)              /home/soleil/code/DigitalIC/PDE/pdeMujunjie/pde_chip_top_safe.db, etc
  tcbn65lpwc_ccs (library)    /home/soleil/code/DigitalIC/stdlib/tsmc65/tcbn65lp_200b/Front_End/timing_power_noise/CCS/tcbn65lpwc_ccs.db

1
uniquify
Information: Uniquified 100 instances of design 'pe_top_0_1'. (OPT-1056)
Information: Uniquified 100 instances of design 'pe_top_1_1'. (OPT-1056)
Information: Uniquified 100 instances of design 'r_state_ctrl_0'. (OPT-1056)
Information: Uniquified 400 instances of design 'r_reg'. (OPT-1056)
Information: Uniquified 200 instances of design 'r_dsm_1'. (OPT-1056)
Information: Uniquified 200 instances of design 'r_alu'. (OPT-1056)
Information: Uniquified 100 instances of design 'sol_acc_1'. (OPT-1056)
Information: Uniquified 200 instances of design 'r_status'. (OPT-1056)
Information: Uniquified 100 instances of design 'r_state_ctrl_1'. (OPT-1056)
Information: Uniquified 100 instances of design 'sol_acc_0'. (OPT-1056)
1
redirect -file [file join $REPORT_DIR check_design_precompile.rpt] {
  check_design
}
create_clock -name $CLOCK_NAME -period $CLOCK_PERIOD [get_ports $CLOCK_PORT]
1
# Keep setup/hold uncertainty explicitly split.  The old unqualified 0.2 was
# imported by ICC2 (W-2024.09) as hold-only in the split-scenario setup, which
# hid a real ~-0.21 ns setup problem behind a phantom 0.2 ns hold target; see
# CODEX_UBUNTU_WORKLOG_2026-08-03.md section 7.
set_clock_uncertainty -setup 0.200 [get_clocks $CLOCK_NAME]
1
set_clock_uncertainty -hold 0.050 [get_clocks $CLOCK_NAME]
1
set_clock_transition 0.100 [get_clocks $CLOCK_NAME]
1
set DATA_INPUTS [remove_from_collection [all_inputs] [get_ports {clk rst_n}]]
{cfg_valid cfg_write cfg_addr[15] cfg_addr[14] cfg_addr[13] cfg_addr[12] cfg_addr[11] cfg_addr[10] cfg_addr[9] cfg_addr[8] cfg_addr[7] cfg_addr[6] cfg_addr[5] cfg_addr[4] cfg_addr[3] cfg_addr[2] cfg_addr[1] cfg_addr[0] cfg_wdata[15] cfg_wdata[14] cfg_wdata[13] cfg_wdata[12] cfg_wdata[11] cfg_wdata[10] cfg_wdata[9] cfg_wdata[8] cfg_wdata[7] cfg_wdata[6] cfg_wdata[5] cfg_wdata[4] cfg_wdata[3] cfg_wdata[2] cfg_wdata[1] cfg_wdata[0]}
if {[sizeof_collection $DATA_INPUTS] > 0} {
  set_input_delay 1.000 -clock $CLOCK_NAME $DATA_INPUTS
  set_input_transition 0.100 $DATA_INPUTS
}
1
if {[sizeof_collection [all_outputs]] > 0} {
  set_output_delay 1.000 -clock $CLOCK_NAME [all_outputs]
  set_load 0.050 [all_outputs]
}
1
# rst_n is an asynchronous functional reset. Ignore its assertion path during
# synthesis optimization; recovery/removal remains a required post-CTS check.
set_false_path -from [get_ports rst_n]
1
set_ideal_network [get_ports {clk rst_n}]
1
set_max_fanout 32 [current_design]
Current design is 'pde_chip_top_safe'.
1
set_max_transition 0.500 [current_design]
Current design is 'pde_chip_top_safe'.
1
set_fix_multiple_port_nets -all -buffer_constants
1
compile_ultra -no_autoungroup
Loading db file '/home/soleil/synopsys/syn/T-2022.03-SP2/libraries/syn/dw_foundation.sldb'
Warning: DesignWare synthetic library dw_foundation.sldb is added to the synthetic_library in the current command. (UISN-40)
Information: Performing power optimization. (PWR-850)
Alib files are up-to-date.
Information: Running optimization using a maximum of 4 cores. (OPT-1500)
Information: Evaluating DesignWare library utilization. (UISN-27)

============================================================================
| DesignWare Building Block Library  |         Version         | Available |
============================================================================
| Basic DW Building Blocks           | T-2022.03-DWBB_202203.2 |     *     |
| Licensed DW Building Blocks        | T-2022.03-DWBB_202203.2 |     *     |
============================================================================

====================================================================================================
| Flow Information                                                                                 |
----------------------------------------------------------------------------------------------------
| Flow         | Design Compiler WLM                                                               |
| Comand Line  | compile_ultra -no_autoungroup                                                     |
====================================================================================================
| Design Information                                      | Value                                  |
====================================================================================================
| Number of Scenarios                                     | 0                                      |
| Leaf Cell Count                                         | 98071                                  |
| Number of User Hierarchies                              | 1605                                   |
| Sequential Cell Count                                   | 24105                                  |
| Macro Count                                             | 0                                      |
| Number of Power Domains                                 | 0                                      |
| Number of Path Groups                                   | 2                                      |
| Number of VT Class                                      | 0                                      |
| Number of Clocks                                        | 1                                      |
| Number of Dont Touch Cells                              | 17424                                  |
| Number of Dont Touch Nets                               | 4026                                   |
| Number of Size Only Cells                               | 0                                      |
| Design with UPF Data                                    | false                                  |
----------------------------------------------------------------------------------------------------
| Variables                                               | Value                                  |
----------------------------------------------------------------------------------------------------
| set_fix_multiple_port_nets                              | -all -buffer_constants                 |
====================================================================================================
Information: Sequential output inversion is enabled.  SVF file must be used for formal verification. (OPT-1208)

Information: There are 2454 potential problems in your design. Please run 'check_design' for more information. (LINT-99)

  Simplifying Design 'pde_chip_top_safe'
Information: The register 'u_impl/u_core/g_row[0].g_col[1].u_pe/u_status/nonzero_q_reg' will be removed. (OPT-1207)
Information: The register 'u_impl/u_core/g_row[0].g_col[2].u_pe/u_status/nonzero_q_reg' will be removed. (OPT-1207)
Information: The register 'u_impl/u_core/g_row[0].g_col[3].u_pe/u_status/nonzero_q_reg' will be removed. (OPT-1207)
Information: The register 'u_impl/u_core/g_row[0].g_col[4].u_pe/u_status/nonzero_q_reg' will be removed. (OPT-1207)
Information: The register 'u_impl/u_core/g_row[0].g_col[5].u_pe/u_status/nonzero_q_reg' will be removed. (OPT-1207)
Information: The register 'u_impl/u_core/g_row[0].g_col[6].u_pe/u_status/nonzero_q_reg' will be removed. (OPT-1207)
Information: The register 'u_impl/u_core/g_row[0].g_col[7].u_pe/u_status/nonzero_q_reg' will be removed. (OPT-1207)
Information: The register 'u_impl/u_core/g_row[0].g_col[8].u_pe/u_status/nonzero_q_reg' will be removed. (OPT-1207)
Information: The register 'u_impl/u_core/g_row[0].g_col[9].u_pe/u_status/nonzero_q_reg' will be removed. (OPT-1207)
Information: The register 'u_impl/u_core/g_row[1].g_col[0].u_pe/u_status/nonzero_q_reg' will be removed. (OPT-1207)
Information: The register 'u_impl/u_core/g_row[1].g_col[1].u_pe/u_status/nonzero_q_reg' will be removed. (OPT-1207)
Information: The register 'u_impl/u_core/g_row[1].g_col[2].u_pe/u_status/nonzero_q_reg' will be removed. (OPT-1207)
Information: The register 'u_impl/u_core/g_row[1].g_col[3].u_pe/u_status/nonzero_q_reg' will be removed. (OPT-1207)
Information: The register 'u_impl/u_core/g_row[1].g_col[4].u_pe/u_status/nonzero_q_reg' will be removed. (OPT-1207)
Information: The register 'u_impl/u_core/g_row[1].g_col[5].u_pe/u_status/nonzero_q_reg' will be removed. (OPT-1207)
Information: The register 'u_impl/u_core/g_row[1].g_col[6].u_pe/u_status/nonzero_q_reg' will be removed. (OPT-1207)
Information: The register 'u_impl/u_core/g_row[1].g_col[7].u_pe/u_status/nonzero_q_reg' will be removed. (OPT-1207)
Information: The register 'u_impl/u_core/g_row[1].g_col[8].u_pe/u_status/nonzero_q_reg' will be removed. (OPT-1207)
Information: The register 'u_impl/u_core/g_row[1].g_col[9].u_pe/u_status/nonzero_q_reg' will be removed. (OPT-1207)
Information: The register 'u_impl/u_core/g_row[2].g_col[0].u_pe/u_status/nonzero_q_reg' will be removed. (OPT-1207)
Information: The register 'u_impl/u_core/g_row[2].g_col[1].u_pe/u_status/nonzero_q_reg' will be removed. (OPT-1207)
Information: The register 'u_impl/u_core/g_row[2].g_col[2].u_pe/u_status/nonzero_q_reg' will be removed. (OPT-1207)
Information: The register 'u_impl/u_core/g_row[2].g_col[3].u_pe/u_status/nonzero_q_reg' will be removed. (OPT-1207)
Information: The register 'u_impl/u_core/g_row[2].g_col[4].u_pe/u_status/nonzero_q_reg' will be removed. (OPT-1207)
Information: The register 'u_impl/u_core/g_row[2].g_col[5].u_pe/u_status/nonzero_q_reg' will be removed. (OPT-1207)
Information: The register 'u_impl/u_core/g_row[2].g_col[6].u_pe/u_status/nonzero_q_reg' will be removed. (OPT-1207)
Information: The register 'u_impl/u_core/g_row[2].g_col[7].u_pe/u_status/nonzero_q_reg' will be removed. (OPT-1207)
Information: The register 'u_impl/u_core/g_row[2].g_col[8].u_pe/u_status/nonzero_q_reg' will be removed. (OPT-1207)
Information: The register 'u_impl/u_core/g_row[2].g_col[9].u_pe/u_status/nonzero_q_reg' will be removed. (OPT-1207)
Information: The register 'u_impl/u_core/g_row[3].g_col[0].u_pe/u_status/nonzero_q_reg' will be removed. (OPT-1207)
Information: The register 'u_impl/u_core/g_row[3].g_col[1].u_pe/u_status/nonzero_q_reg' will be removed. (OPT-1207)
Information: The register 'u_impl/u_core/g_row[3].g_col[2].u_pe/u_status/nonzero_q_reg' will be removed. (OPT-1207)
Information: The register 'u_impl/u_core/g_row[3].g_col[3].u_pe/u_status/nonzero_q_reg' will be removed. (OPT-1207)
Information: The register 'u_impl/u_core/g_row[3].g_col[4].u_pe/u_status/nonzero_q_reg' will be removed. (OPT-1207)
Information: The register 'u_impl/u_core/g_row[3].g_col[5].u_pe/u_status/nonzero_q_reg' will be removed. (OPT-1207)
Information: The register 'u_impl/u_core/g_row[3].g_col[6].u_pe/u_status/nonzero_q_reg' will be removed. (OPT-1207)
Information: The register 'u_impl/u_core/g_row[3].g_col[7].u_pe/u_status/nonzero_q_reg' will be removed. (OPT-1207)
Information: The register 'u_impl/u_core/g_row[3].g_col[8].u_pe/u_status/nonzero_q_reg' will be removed. (OPT-1207)
Information: The register 'u_impl/u_core/g_row[3].g_col[9].u_pe/u_status/nonzero_q_reg' will be removed. (OPT-1207)
Information: The register 'u_impl/u_core/g_row[4].g_col[0].u_pe/u_status/nonzero_q_reg' will be removed. (OPT-1207)
Information: The register 'u_impl/u_core/g_row[4].g_col[1].u_pe/u_status/nonzero_q_reg' will be removed. (OPT-1207)
Information: The register 'u_impl/u_core/g_row[4].g_col[2].u_pe/u_status/nonzero_q_reg' will be removed. (OPT-1207)
Information: The register 'u_impl/u_core/g_row[4].g_col[3].u_pe/u_status/nonzero_q_reg' will be removed. (OPT-1207)
Information: The register 'u_impl/u_core/g_row[4].g_col[4].u_pe/u_status/nonzero_q_reg' will be removed. (OPT-1207)
Information: The register 'u_impl/u_core/g_row[4].g_col[5].u_pe/u_status/nonzero_q_reg' will be removed. (OPT-1207)
Information: The register 'u_impl/u_core/g_row[4].g_col[6].u_pe/u_status/nonzero_q_reg' will be removed. (OPT-1207)
Information: The register 'u_impl/u_core/g_row[4].g_col[7].u_pe/u_status/nonzero_q_reg' will be removed. (OPT-1207)
Information: The register 'u_impl/u_core/g_row[4].g_col[8].u_pe/u_status/nonzero_q_reg' will be removed. (OPT-1207)
Information: The register 'u_impl/u_core/g_row[4].g_col[9].u_pe/u_status/nonzero_q_reg' will be removed. (OPT-1207)
Information: The register 'u_impl/u_core/g_row[5].g_col[0].u_pe/u_status/nonzero_q_reg' will be removed. (OPT-1207)
Information: The register 'u_impl/u_core/g_row[5].g_col[1].u_pe/u_status/nonzero_q_reg' will be removed. (OPT-1207)
Information: The register 'u_impl/u_core/g_row[5].g_col[2].u_pe/u_status/nonzero_q_reg' will be removed. (OPT-1207)
Information: The register 'u_impl/u_core/g_row[5].g_col[3].u_pe/u_status/nonzero_q_reg' will be removed. (OPT-1207)
Information: The register 'u_impl/u_core/g_row[5].g_col[4].u_pe/u_status/nonzero_q_reg' will be removed. (OPT-1207)
Information: The register 'u_impl/u_core/g_row[5].g_col[5].u_pe/u_status/nonzero_q_reg' will be removed. (OPT-1207)
Information: The register 'u_impl/u_core/g_row[5].g_col[6].u_pe/u_status/nonzero_q_reg' will be removed. (OPT-1207)
Information: The register 'u_impl/u_core/g_row[5].g_col[7].u_pe/u_status/nonzero_q_reg' will be removed. (OPT-1207)
Information: The register 'u_impl/u_core/g_row[5].g_col[8].u_pe/u_status/nonzero_q_reg' will be removed. (OPT-1207)
Information: The register 'u_impl/u_core/g_row[5].g_col[9].u_pe/u_status/nonzero_q_reg' will be removed. (OPT-1207)
Information: The register 'u_impl/u_core/g_row[6].g_col[0].u_pe/u_status/nonzero_q_reg' will be removed. (OPT-1207)
Information: The register 'u_impl/u_core/g_row[6].g_col[1].u_pe/u_status/nonzero_q_reg' will be removed. (OPT-1207)
Information: The register 'u_impl/u_core/g_row[6].g_col[2].u_pe/u_status/nonzero_q_reg' will be removed. (OPT-1207)
Information: The register 'u_impl/u_core/g_row[6].g_col[3].u_pe/u_status/nonzero_q_reg' will be removed. (OPT-1207)
Information: The register 'u_impl/u_core/g_row[6].g_col[4].u_pe/u_status/nonzero_q_reg' will be removed. (OPT-1207)
Information: The register 'u_impl/u_core/g_row[6].g_col[5].u_pe/u_status/nonzero_q_reg' will be removed. (OPT-1207)
Information: The register 'u_impl/u_core/g_row[6].g_col[6].u_pe/u_status/nonzero_q_reg' will be removed. (OPT-1207)
Information: The register 'u_impl/u_core/g_row[6].g_col[7].u_pe/u_status/nonzero_q_reg' will be removed. (OPT-1207)
Information: The register 'u_impl/u_core/g_row[6].g_col[8].u_pe/u_status/nonzero_q_reg' will be removed. (OPT-1207)
Information: The register 'u_impl/u_core/g_row[6].g_col[9].u_pe/u_status/nonzero_q_reg' will be removed. (OPT-1207)
Information: The register 'u_impl/u_core/g_row[7].g_col[0].u_pe/u_status/nonzero_q_reg' will be removed. (OPT-1207)
Information: The register 'u_impl/u_core/g_row[7].g_col[1].u_pe/u_status/nonzero_q_reg' will be removed. (OPT-1207)
Information: The register 'u_impl/u_core/g_row[7].g_col[2].u_pe/u_status/nonzero_q_reg' will be removed. (OPT-1207)
Information: The register 'u_impl/u_core/g_row[7].g_col[3].u_pe/u_status/nonzero_q_reg' will be removed. (OPT-1207)
Information: The register 'u_impl/u_core/g_row[7].g_col[4].u_pe/u_status/nonzero_q_reg' will be removed. (OPT-1207)
Information: The register 'u_impl/u_core/g_row[7].g_col[5].u_pe/u_status/nonzero_q_reg' will be removed. (OPT-1207)
Information: The register 'u_impl/u_core/g_row[7].g_col[6].u_pe/u_status/nonzero_q_reg' will be removed. (OPT-1207)
Information: The register 'u_impl/u_core/g_row[7].g_col[7].u_pe/u_status/nonzero_q_reg' will be removed. (OPT-1207)
Information: The register 'u_impl/u_core/g_row[7].g_col[8].u_pe/u_status/nonzero_q_reg' will be removed. (OPT-1207)
Information: The register 'u_impl/u_core/g_row[7].g_col[9].u_pe/u_status/nonzero_q_reg' will be removed. (OPT-1207)
Information: The register 'u_impl/u_core/g_row[8].g_col[0].u_pe/u_status/nonzero_q_reg' will be removed. (OPT-1207)
Information: The register 'u_impl/u_core/g_row[8].g_col[1].u_pe/u_status/nonzero_q_reg' will be removed. (OPT-1207)
Information: The register 'u_impl/u_core/g_row[8].g_col[2].u_pe/u_status/nonzero_q_reg' will be removed. (OPT-1207)
Information: The register 'u_impl/u_core/g_row[8].g_col[3].u_pe/u_status/nonzero_q_reg' will be removed. (OPT-1207)
Information: The register 'u_impl/u_core/g_row[8].g_col[4].u_pe/u_status/nonzero_q_reg' will be removed. (OPT-1207)
Information: The register 'u_impl/u_core/g_row[8].g_col[5].u_pe/u_status/nonzero_q_reg' will be removed. (OPT-1207)
Information: The register 'u_impl/u_core/g_row[8].g_col[6].u_pe/u_status/nonzero_q_reg' will be removed. (OPT-1207)
Information: The register 'u_impl/u_core/g_row[8].g_col[7].u_pe/u_status/nonzero_q_reg' will be removed. (OPT-1207)
Information: The register 'u_impl/u_core/g_row[8].g_col[8].u_pe/u_status/nonzero_q_reg' will be removed. (OPT-1207)
Information: The register 'u_impl/u_core/g_row[8].g_col[9].u_pe/u_status/nonzero_q_reg' will be removed. (OPT-1207)
Information: The register 'u_impl/u_core/g_row[9].g_col[0].u_pe/u_status/nonzero_q_reg' will be removed. (OPT-1207)
Information: The register 'u_impl/u_core/g_row[9].g_col[1].u_pe/u_status/nonzero_q_reg' will be removed. (OPT-1207)
Information: The register 'u_impl/u_core/g_row[9].g_col[2].u_pe/u_status/nonzero_q_reg' will be removed. (OPT-1207)
Information: The register 'u_impl/u_core/g_row[9].g_col[3].u_pe/u_status/nonzero_q_reg' will be removed. (OPT-1207)
Information: The register 'u_impl/u_core/g_row[9].g_col[4].u_pe/u_status/nonzero_q_reg' will be removed. (OPT-1207)
Information: The register 'u_impl/u_core/g_row[9].g_col[5].u_pe/u_status/nonzero_q_reg' will be removed. (OPT-1207)
Information: The register 'u_impl/u_core/g_row[9].g_col[6].u_pe/u_status/nonzero_q_reg' will be removed. (OPT-1207)
Information: The register 'u_impl/u_core/g_row[9].g_col[7].u_pe/u_status/nonzero_q_reg' will be removed. (OPT-1207)
Information: The register 'u_impl/u_core/g_row[9].g_col[8].u_pe/u_status/nonzero_q_reg' will be removed. (OPT-1207)
Information: The register 'u_impl/u_core/g_row[9].g_col[9].u_pe/u_status/nonzero_q_reg' will be removed. (OPT-1207)
Information: The register 'u_impl/u_core/g_row[10].g_col[0].u_pe/u_status/nonzero_q_reg' will be removed. (OPT-1207)
Information: The register 'u_impl/u_core/g_row[10].g_col[1].u_pe/u_status/nonzero_q_reg' will be removed. (OPT-1207)
Information: The register 'u_impl/u_core/g_row[10].g_col[2].u_pe/u_status/nonzero_q_reg' will be removed. (OPT-1207)
Information: The register 'u_impl/u_core/g_row[10].g_col[3].u_pe/u_status/nonzero_q_reg' will be removed. (OPT-1207)
Information: The register 'u_impl/u_core/g_row[10].g_col[4].u_pe/u_status/nonzero_q_reg' will be removed. (OPT-1207)
Information: The register 'u_impl/u_core/g_row[10].g_col[5].u_pe/u_status/nonzero_q_reg' will be removed. (OPT-1207)
Information: The register 'u_impl/u_core/g_row[10].g_col[6].u_pe/u_status/nonzero_q_reg' will be removed. (OPT-1207)
Information: The register 'u_impl/u_core/g_row[10].g_col[7].u_pe/u_status/nonzero_q_reg' will be removed. (OPT-1207)
Information: The register 'u_impl/u_core/g_row[10].g_col[8].u_pe/u_status/nonzero_q_reg' will be removed. (OPT-1207)
Information: The register 'u_impl/u_core/g_row[10].g_col[9].u_pe/u_status/nonzero_q_reg' will be removed. (OPT-1207)
Information: The register 'u_impl/u_core/g_row[11].g_col[0].u_pe/u_status/nonzero_q_reg' will be removed. (OPT-1207)
Information: The register 'u_impl/u_core/g_row[11].g_col[1].u_pe/u_status/nonzero_q_reg' will be removed. (OPT-1207)
Information: The register 'u_impl/u_core/g_row[11].g_col[2].u_pe/u_status/nonzero_q_reg' will be removed. (OPT-1207)
Information: The register 'u_impl/u_core/g_row[11].g_col[3].u_pe/u_status/nonzero_q_reg' will be removed. (OPT-1207)
Information: The register 'u_impl/u_core/g_row[11].g_col[4].u_pe/u_status/nonzero_q_reg' will be removed. (OPT-1207)
Information: The register 'u_impl/u_core/g_row[11].g_col[5].u_pe/u_status/nonzero_q_reg' will be removed. (OPT-1207)
Information: The register 'u_impl/u_core/g_row[11].g_col[6].u_pe/u_status/nonzero_q_reg' will be removed. (OPT-1207)
Information: The register 'u_impl/u_core/g_row[11].g_col[7].u_pe/u_status/nonzero_q_reg' will be removed. (OPT-1207)
Information: The register 'u_impl/u_core/g_row[11].g_col[8].u_pe/u_status/nonzero_q_reg' will be removed. (OPT-1207)
Information: The register 'u_impl/u_core/g_row[11].g_col[9].u_pe/u_status/nonzero_q_reg' will be removed. (OPT-1207)
Information: The register 'u_impl/u_core/g_row[12].g_col[0].u_pe/u_status/nonzero_q_reg' will be removed. (OPT-1207)
Information: The register 'u_impl/u_core/g_row[12].g_col[1].u_pe/u_status/nonzero_q_reg' will be removed. (OPT-1207)
Information: The register 'u_impl/u_core/g_row[12].g_col[2].u_pe/u_status/nonzero_q_reg' will be removed. (OPT-1207)
Information: The register 'u_impl/u_core/g_row[12].g_col[3].u_pe/u_status/nonzero_q_reg' will be removed. (OPT-1207)
Information: The register 'u_impl/u_core/g_row[12].g_col[4].u_pe/u_status/nonzero_q_reg' will be removed. (OPT-1207)
Information: The register 'u_impl/u_core/g_row[12].g_col[5].u_pe/u_status/nonzero_q_reg' will be removed. (OPT-1207)
Information: The register 'u_impl/u_core/g_row[12].g_col[6].u_pe/u_status/nonzero_q_reg' will be removed. (OPT-1207)
Information: The register 'u_impl/u_core/g_row[12].g_col[7].u_pe/u_status/nonzero_q_reg' will be removed. (OPT-1207)
Information: The register 'u_impl/u_core/g_row[12].g_col[8].u_pe/u_status/nonzero_q_reg' will be removed. (OPT-1207)
Information: The register 'u_impl/u_core/g_row[12].g_col[9].u_pe/u_status/nonzero_q_reg' will be removed. (OPT-1207)
Information: The register 'u_impl/u_core/g_row[13].g_col[0].u_pe/u_status/nonzero_q_reg' will be removed. (OPT-1207)
Information: The register 'u_impl/u_core/g_row[13].g_col[1].u_pe/u_status/nonzero_q_reg' will be removed. (OPT-1207)
Information: The register 'u_impl/u_core/g_row[13].g_col[2].u_pe/u_status/nonzero_q_reg' will be removed. (OPT-1207)
Information: The register 'u_impl/u_core/g_row[13].g_col[3].u_pe/u_status/nonzero_q_reg' will be removed. (OPT-1207)
Information: The register 'u_impl/u_core/g_row[13].g_col[4].u_pe/u_status/nonzero_q_reg' will be removed. (OPT-1207)
Information: The register 'u_impl/u_core/g_row[13].g_col[5].u_pe/u_status/nonzero_q_reg' will be removed. (OPT-1207)
Information: The register 'u_impl/u_core/g_row[13].g_col[6].u_pe/u_status/nonzero_q_reg' will be removed. (OPT-1207)
Information: The register 'u_impl/u_core/g_row[13].g_col[7].u_pe/u_status/nonzero_q_reg' will be removed. (OPT-1207)
Information: The register 'u_impl/u_core/g_row[13].g_col[8].u_pe/u_status/nonzero_q_reg' will be removed. (OPT-1207)
Information: The register 'u_impl/u_core/g_row[13].g_col[9].u_pe/u_status/nonzero_q_reg' will be removed. (OPT-1207)
Information: The register 'u_impl/u_core/g_row[14].g_col[0].u_pe/u_status/nonzero_q_reg' will be removed. (OPT-1207)
Information: The register 'u_impl/u_core/g_row[14].g_col[1].u_pe/u_status/nonzero_q_reg' will be removed. (OPT-1207)
Information: The register 'u_impl/u_core/g_row[14].g_col[2].u_pe/u_status/nonzero_q_reg' will be removed. (OPT-1207)
Information: The register 'u_impl/u_core/g_row[14].g_col[3].u_pe/u_status/nonzero_q_reg' will be removed. (OPT-1207)
Information: The register 'u_impl/u_core/g_row[14].g_col[4].u_pe/u_status/nonzero_q_reg' will be removed. (OPT-1207)
Information: The register 'u_impl/u_core/g_row[14].g_col[5].u_pe/u_status/nonzero_q_reg' will be removed. (OPT-1207)
Information: The register 'u_impl/u_core/g_row[14].g_col[6].u_pe/u_status/nonzero_q_reg' will be removed. (OPT-1207)
Information: The register 'u_impl/u_core/g_row[14].g_col[7].u_pe/u_status/nonzero_q_reg' will be removed. (OPT-1207)
Information: The register 'u_impl/u_core/g_row[14].g_col[8].u_pe/u_status/nonzero_q_reg' will be removed. (OPT-1207)
Information: The register 'u_impl/u_core/g_row[14].g_col[9].u_pe/u_status/nonzero_q_reg' will be removed. (OPT-1207)
Information: The register 'u_impl/u_core/g_row[15].g_col[0].u_pe/u_status/nonzero_q_reg' will be removed. (OPT-1207)
Information: The register 'u_impl/u_core/g_row[15].g_col[1].u_pe/u_status/nonzero_q_reg' will be removed. (OPT-1207)
Information: The register 'u_impl/u_core/g_row[15].g_col[2].u_pe/u_status/nonzero_q_reg' will be removed. (OPT-1207)
Information: The register 'u_impl/u_core/g_row[15].g_col[3].u_pe/u_status/nonzero_q_reg' will be removed. (OPT-1207)
Information: The register 'u_impl/u_core/g_row[15].g_col[4].u_pe/u_status/nonzero_q_reg' will be removed. (OPT-1207)
Information: The register 'u_impl/u_core/g_row[15].g_col[5].u_pe/u_status/nonzero_q_reg' will be removed. (OPT-1207)
Information: The register 'u_impl/u_core/g_row[15].g_col[6].u_pe/u_status/nonzero_q_reg' will be removed. (OPT-1207)
Information: The register 'u_impl/u_core/g_row[15].g_col[7].u_pe/u_status/nonzero_q_reg' will be removed. (OPT-1207)
Information: The register 'u_impl/u_core/g_row[15].g_col[8].u_pe/u_status/nonzero_q_reg' will be removed. (OPT-1207)
Information: The register 'u_impl/u_core/g_row[15].g_col[9].u_pe/u_status/nonzero_q_reg' will be removed. (OPT-1207)
Information: The register 'u_impl/u_core/g_row[16].g_col[0].u_pe/u_status/nonzero_q_reg' will be removed. (OPT-1207)
Information: The register 'u_impl/u_core/g_row[16].g_col[1].u_pe/u_status/nonzero_q_reg' will be removed. (OPT-1207)
Information: The register 'u_impl/u_core/g_row[16].g_col[2].u_pe/u_status/nonzero_q_reg' will be removed. (OPT-1207)
Information: The register 'u_impl/u_core/g_row[16].g_col[3].u_pe/u_status/nonzero_q_reg' will be removed. (OPT-1207)
Information: The register 'u_impl/u_core/g_row[16].g_col[4].u_pe/u_status/nonzero_q_reg' will be removed. (OPT-1207)
Information: The register 'u_impl/u_core/g_row[16].g_col[5].u_pe/u_status/nonzero_q_reg' will be removed. (OPT-1207)
Information: The register 'u_impl/u_core/g_row[16].g_col[6].u_pe/u_status/nonzero_q_reg' will be removed. (OPT-1207)
Information: The register 'u_impl/u_core/g_row[16].g_col[7].u_pe/u_status/nonzero_q_reg' will be removed. (OPT-1207)
Information: The register 'u_impl/u_core/g_row[16].g_col[8].u_pe/u_status/nonzero_q_reg' will be removed. (OPT-1207)
Information: The register 'u_impl/u_core/g_row[16].g_col[9].u_pe/u_status/nonzero_q_reg' will be removed. (OPT-1207)
Information: The register 'u_impl/u_core/g_row[17].g_col[0].u_pe/u_status/nonzero_q_reg' will be removed. (OPT-1207)
Information: The register 'u_impl/u_core/g_row[17].g_col[1].u_pe/u_status/nonzero_q_reg' will be removed. (OPT-1207)
Information: The register 'u_impl/u_core/g_row[17].g_col[2].u_pe/u_status/nonzero_q_reg' will be removed. (OPT-1207)
Information: The register 'u_impl/u_core/g_row[17].g_col[3].u_pe/u_status/nonzero_q_reg' will be removed. (OPT-1207)
Information: The register 'u_impl/u_core/g_row[17].g_col[4].u_pe/u_status/nonzero_q_reg' will be removed. (OPT-1207)
Information: The register 'u_impl/u_core/g_row[17].g_col[5].u_pe/u_status/nonzero_q_reg' will be removed. (OPT-1207)
Information: The register 'u_impl/u_core/g_row[17].g_col[6].u_pe/u_status/nonzero_q_reg' will be removed. (OPT-1207)
Information: The register 'u_impl/u_core/g_row[17].g_col[7].u_pe/u_status/nonzero_q_reg' will be removed. (OPT-1207)
Information: The register 'u_impl/u_core/g_row[17].g_col[8].u_pe/u_status/nonzero_q_reg' will be removed. (OPT-1207)
Information: The register 'u_impl/u_core/g_row[17].g_col[9].u_pe/u_status/nonzero_q_reg' will be removed. (OPT-1207)
Information: The register 'u_impl/u_core/g_row[18].g_col[0].u_pe/u_status/nonzero_q_reg' will be removed. (OPT-1207)
Information: The register 'u_impl/u_core/g_row[18].g_col[1].u_pe/u_status/nonzero_q_reg' will be removed. (OPT-1207)
Information: The register 'u_impl/u_core/g_row[18].g_col[2].u_pe/u_status/nonzero_q_reg' will be removed. (OPT-1207)
Information: The register 'u_impl/u_core/g_row[18].g_col[3].u_pe/u_status/nonzero_q_reg' will be removed. (OPT-1207)
Information: The register 'u_impl/u_core/g_row[18].g_col[4].u_pe/u_status/nonzero_q_reg' will be removed. (OPT-1207)
Information: The register 'u_impl/u_core/g_row[18].g_col[5].u_pe/u_status/nonzero_q_reg' will be removed. (OPT-1207)
Information: The register 'u_impl/u_core/g_row[18].g_col[6].u_pe/u_status/nonzero_q_reg' will be removed. (OPT-1207)
Information: The register 'u_impl/u_core/g_row[18].g_col[7].u_pe/u_status/nonzero_q_reg' will be removed. (OPT-1207)
Information: The register 'u_impl/u_core/g_row[18].g_col[8].u_pe/u_status/nonzero_q_reg' will be removed. (OPT-1207)
Information: The register 'u_impl/u_core/g_row[18].g_col[9].u_pe/u_status/nonzero_q_reg' will be removed. (OPT-1207)
Information: The register 'u_impl/u_core/g_row[19].g_col[0].u_pe/u_status/nonzero_q_reg' will be removed. (OPT-1207)
Information: The register 'u_impl/u_core/g_row[19].g_col[1].u_pe/u_status/nonzero_q_reg' will be removed. (OPT-1207)
Information: The register 'u_impl/u_core/g_row[19].g_col[2].u_pe/u_status/nonzero_q_reg' will be removed. (OPT-1207)
Information: The register 'u_impl/u_core/g_row[19].g_col[3].u_pe/u_status/nonzero_q_reg' will be removed. (OPT-1207)
Information: The register 'u_impl/u_core/g_row[19].g_col[4].u_pe/u_status/nonzero_q_reg' will be removed. (OPT-1207)
Information: The register 'u_impl/u_core/g_row[19].g_col[5].u_pe/u_status/nonzero_q_reg' will be removed. (OPT-1207)
Information: The register 'u_impl/u_core/g_row[19].g_col[6].u_pe/u_status/nonzero_q_reg' will be removed. (OPT-1207)
Information: The register 'u_impl/u_core/g_row[19].g_col[7].u_pe/u_status/nonzero_q_reg' will be removed. (OPT-1207)
Information: The register 'u_impl/u_core/g_row[19].g_col[8].u_pe/u_status/nonzero_q_reg' will be removed. (OPT-1207)
Information: The register 'u_impl/u_core/g_row[19].g_col[9].u_pe/u_status/nonzero_q_reg' will be removed. (OPT-1207)
Information: The register 'u_impl/u_core/g_row[0].g_col[0].u_pe/u_status/nonzero_q_reg' will be removed. (OPT-1207)

Loaded alib file './alib-52/tcbn65lpwc_ccs.db.alib'
Information: State dependent leakage is now switched from on to off.

  Beginning Pass 1 Mapping
  ------------------------
..
  Processing 'pde_chip_top_20_20_1_1_1_4096_10'
 Implement Synthetic for 'pde_chip_top_20_20_1_1_1_4096_10'.
Information: Added key list 'DesignWare' to design 'pde_chip_top_20_20_1_1_1_4096_10'. (DDB-72)
Memory usage for J1 task 1438 Mbytes -- main task 1438 Mbytes.
  Processing 'pde_memcontrol_NROW20_NCOL_LOG20'
Information: Added key list 'DesignWare' to design 'pde_memcontrol_NROW20_NCOL_LOG20'. (DDB-72)
 Implement Synthetic for 'pde_memcontrol_NROW20_NCOL_LOG20'.
Memory usage for J2 task 1438 Mbytes -- main task 1438 Mbytes.
  Processing 'pde_core_20_20_1_1_1_4096_10'
Memory usage for J3 task 1438 Mbytes -- main task 1438 Mbytes.
  Processing 'pde_tcu_1_1_4096'
Information: Added key list 'DesignWare' to design 'pde_tcu_1_1_4096'. (DDB-72)
 Implement Synthetic for 'pde_tcu_1_1_4096'.
  Processing 'sol_acc_0_0'
 Implement Synthetic for 'sol_acc_0_0'.
  Processing 'sol_acc_1_0'
 Implement Synthetic for 'sol_acc_1_0'.
  Processing 'sol_acc_1_99'
 Implement Synthetic for 'sol_acc_1_99'.
  Processing 'r_status_0'
  Processing 'pe_top_1_1_0'
 Implement Synthetic for 'pe_top_1_1_0'.
Information: Added key list 'DesignWare' to design 'pe_top_1_1_0'. (DDB-72)
  Processing 'pe_top_0_1_0'
 Implement Synthetic for 'pe_top_0_1_0'.
Information: Added key list 'DesignWare' to design 'pe_top_0_1_0'. (DDB-72)
  Processing 'pe_top_1_1_99'
 Implement Synthetic for 'pe_top_1_1_99'.
Information: Added key list 'DesignWare' to design 'pe_top_1_1_99'. (DDB-72)
  Processing 'pe_top_0_1_99'
 Implement Synthetic for 'pe_top_0_1_99'.
Information: Added key list 'DesignWare' to design 'pe_top_0_1_99'. (DDB-72)
  Processing 'pde_chip_top_safe'
  Processing 'r_reg_0'
  Processing 'r_alu_0'
Information: Added key list 'DesignWare' to design 'r_alu_0'. (DDB-72)
  Processing 'counter_ce_WIDTH5'
Information: Added key list 'DesignWare' to design 'counter_ce_WIDTH5'. (DDB-72)
 Implement Synthetic for 'counter_ce_WIDTH5'.
  Processing 'r_dsm_1_0'
  Processing 'r_state_ctrl_1_0'
  Processing 'r_state_ctrl_0_0'
Memory usage for J4 task 1438 Mbytes -- main task 1438 Mbytes.

  Updating timing information
Information: Updating design information... (UID-85)
Information: The library cell 'TIEL' in the library 'tcbn65lpwc_ccs' is not characterized for internal power. (PWR-536)
Information: The library cell 'TIEH' in the library 'tcbn65lpwc_ccs' is not characterized for internal power. (PWR-536)
Information: The target library(s) contains cell(s), other than black boxes, that are not characterized for internal power. (PWR-24)

                                  TOTAL                                                
   ELAPSED            WORST NEG   SETUP    DESIGN                              LEAKAGE 
    TIME      AREA      SLACK     COST    RULE COST         ENDPOINT            POWER  
  --------- --------- --------- --------- --------- ------------------------- ---------
    0:00:42  415851.8 49705192.00 507335999488.0 429913795757.3                           85981.1719
    0:00:42  415851.8 49705192.00 507335999488.0 429913795757.3                           85981.1719
Information: Complementing port 'read_en_i' in design 'r_state_ctrl_1_97'.
	 The new name of the port is 'read_en_i_BAR'. (OPT-319)
Information: Complementing port 'read_en' in design 'pe_top_0_1_99'.
	 The new name of the port is 'read_en_BAR'. (OPT-319)
Information: Complementing port 'read_en' in design 'pe_top_0_1_98'.
	 The new name of the port is 'read_en_BAR'. (OPT-319)
Information: Complementing port 'read_en' in design 'pe_top_1_1_99'.
	 The new name of the port is 'read_en_BAR'. (OPT-319)
Information: Complementing port 'read_en' in design 'pe_top_1_1_98'.
	 The new name of the port is 'read_en_BAR'. (OPT-319)
Information: Complementing port 'read_en' in design 'pe_top_0_1_0'.
	 The new name of the port is 'read_en_BAR'. (OPT-319)
Information: Complementing port 'read_en' in design 'pe_top_0_1_1'.
	 The new name of the port is 'read_en_BAR'. (OPT-319)
Information: Complementing port 'read_en' in design 'pe_top_0_1_2'.
	 The new name of the port is 'read_en_BAR'. (OPT-319)
Information: Complementing port 'read_en' in design 'pe_top_0_1_3'.
	 The new name of the port is 'read_en_BAR'. (OPT-319)
Information: Complementing port 'read_en' in design 'pe_top_0_1_4'.
	 The new name of the port is 'read_en_BAR'. (OPT-319)
Information: Complementing port 'read_en' in design 'pe_top_0_1_5'.
	 The new name of the port is 'read_en_BAR'. (OPT-319)
Information: Complementing port 'read_en' in design 'pe_top_0_1_6'.
	 The new name of the port is 'read_en_BAR'. (OPT-319)
Information: Complementing port 'read_en' in design 'pe_top_0_1_7'.
	 The new name of the port is 'read_en_BAR'. (OPT-319)
Information: Complementing port 'read_en' in design 'pe_top_0_1_8'.
	 The new name of the port is 'read_en_BAR'. (OPT-319)
Information: Complementing port 'read_en' in design 'pe_top_0_1_9'.
	 The new name of the port is 'read_en_BAR'. (OPT-319)
Information: Complementing port 'read_en' in design 'pe_top_0_1_10'.
	 The new name of the port is 'read_en_BAR'. (OPT-319)
Information: Complementing port 'read_en' in design 'pe_top_0_1_11'.
	 The new name of the port is 'read_en_BAR'. (OPT-319)
Information: Complementing port 'read_en' in design 'pe_top_0_1_12'.
	 The new name of the port is 'read_en_BAR'. (OPT-319)
Information: Complementing port 'read_en' in design 'pe_top_0_1_13'.
	 The new name of the port is 'read_en_BAR'. (OPT-319)
Information: Complementing port 'read_en' in design 'pe_top_0_1_14'.
	 The new name of the port is 'read_en_BAR'. (OPT-319)
Information: Complementing port 'read_en' in design 'pe_top_0_1_15'.
	 The new name of the port is 'read_en_BAR'. (OPT-319)
Information: Complementing port 'read_en' in design 'pe_top_0_1_16'.
	 The new name of the port is 'read_en_BAR'. (OPT-319)
Information: Complementing port 'read_en' in design 'pe_top_0_1_17'.
	 The new name of the port is 'read_en_BAR'. (OPT-319)
Information: Complementing port 'read_en' in design 'pe_top_0_1_18'.
	 The new name of the port is 'read_en_BAR'. (OPT-319)
Information: Complementing port 'read_en' in design 'pe_top_0_1_19'.
	 The new name of the port is 'read_en_BAR'. (OPT-319)
Information: Complementing port 'read_en' in design 'pe_top_0_1_20'.
	 The new name of the port is 'read_en_BAR'. (OPT-319)
Information: Complementing port 'read_en' in design 'pe_top_0_1_21'.
	 The new name of the port is 'read_en_BAR'. (OPT-319)
Information: Complementing port 'read_en' in design 'pe_top_0_1_22'.
	 The new name of the port is 'read_en_BAR'. (OPT-319)
Information: Complementing port 'read_en' in design 'pe_top_0_1_23'.
	 The new name of the port is 'read_en_BAR'. (OPT-319)
Information: Complementing port 'read_en' in design 'pe_top_0_1_24'.
	 The new name of the port is 'read_en_BAR'. (OPT-319)
Information: Complementing port 'read_en' in design 'pe_top_0_1_25'.
	 The new name of the port is 'read_en_BAR'. (OPT-319)
Information: Complementing port 'read_en' in design 'pe_top_0_1_26'.
	 The new name of the port is 'read_en_BAR'. (OPT-319)
Information: Complementing port 'read_en' in design 'pe_top_0_1_27'.
	 The new name of the port is 'read_en_BAR'. (OPT-319)
Information: Complementing port 'read_en' in design 'pe_top_0_1_28'.
	 The new name of the port is 'read_en_BAR'. (OPT-319)
Information: Complementing port 'read_en' in design 'pe_top_0_1_29'.
	 The new name of the port is 'read_en_BAR'. (OPT-319)
Information: Complementing port 'read_en' in design 'pe_top_0_1_30'.
	 The new name of the port is 'read_en_BAR'. (OPT-319)
Information: Complementing port 'read_en' in design 'pe_top_0_1_31'.
	 The new name of the port is 'read_en_BAR'. (OPT-319)
Information: Complementing port 'read_en' in design 'pe_top_0_1_32'.
	 The new name of the port is 'read_en_BAR'. (OPT-319)
Information: Complementing port 'read_en' in design 'pe_top_0_1_33'.
	 The new name of the port is 'read_en_BAR'. (OPT-319)
Information: Complementing port 'read_en' in design 'pe_top_0_1_34'.
	 The new name of the port is 'read_en_BAR'. (OPT-319)
Information: Complementing port 'read_en' in design 'pe_top_0_1_35'.
	 The new name of the port is 'read_en_BAR'. (OPT-319)
Information: Complementing port 'read_en' in design 'pe_top_0_1_36'.
	 The new name of the port is 'read_en_BAR'. (OPT-319)
Information: Complementing port 'read_en' in design 'pe_top_0_1_37'.
	 The new name of the port is 'read_en_BAR'. (OPT-319)
Information: Complementing port 'read_en' in design 'pe_top_0_1_38'.
	 The new name of the port is 'read_en_BAR'. (OPT-319)
Information: Complementing port 'read_en' in design 'pe_top_0_1_39'.
	 The new name of the port is 'read_en_BAR'. (OPT-319)
Information: Complementing port 'read_en' in design 'pe_top_0_1_40'.
	 The new name of the port is 'read_en_BAR'. (OPT-319)
Information: Complementing port 'read_en' in design 'pe_top_0_1_41'.
	 The new name of the port is 'read_en_BAR'. (OPT-319)
Information: Complementing port 'read_en' in design 'pe_top_0_1_42'.
	 The new name of the port is 'read_en_BAR'. (OPT-319)
Information: Complementing port 'read_en' in design 'pe_top_0_1_43'.
	 The new name of the port is 'read_en_BAR'. (OPT-319)
Information: Complementing port 'read_en' in design 'pe_top_0_1_44'.
	 The new name of the port is 'read_en_BAR'. (OPT-319)
Information: Complementing port 'read_en' in design 'pe_top_0_1_45'.
	 The new name of the port is 'read_en_BAR'. (OPT-319)
Information: Complementing port 'read_en' in design 'pe_top_0_1_46'.
	 The new name of the port is 'read_en_BAR'. (OPT-319)
Information: Complementing port 'read_en' in design 'pe_top_0_1_47'.
	 The new name of the port is 'read_en_BAR'. (OPT-319)
Information: Complementing port 'read_en' in design 'pe_top_0_1_48'.
	 The new name of the port is 'read_en_BAR'. (OPT-319)
Information: Complementing port 'read_en' in design 'pe_top_0_1_49'.
	 The new name of the port is 'read_en_BAR'. (OPT-319)
Information: Complementing port 'read_en' in design 'pe_top_0_1_50'.
	 The new name of the port is 'read_en_BAR'. (OPT-319)
Information: Complementing port 'read_en' in design 'pe_top_0_1_51'.
	 The new name of the port is 'read_en_BAR'. (OPT-319)
Information: Complementing port 'read_en' in design 'pe_top_0_1_52'.
	 The new name of the port is 'read_en_BAR'. (OPT-319)
Information: Complementing port 'read_en' in design 'pe_top_0_1_53'.
	 The new name of the port is 'read_en_BAR'. (OPT-319)
Information: Complementing port 'read_en' in design 'pe_top_0_1_54'.
	 The new name of the port is 'read_en_BAR'. (OPT-319)
Information: Complementing port 'read_en' in design 'pe_top_0_1_55'.
	 The new name of the port is 'read_en_BAR'. (OPT-319)
Information: Complementing port 'read_en' in design 'pe_top_0_1_56'.
	 The new name of the port is 'read_en_BAR'. (OPT-319)
Information: Complementing port 'read_en' in design 'pe_top_0_1_57'.
	 The new name of the port is 'read_en_BAR'. (OPT-319)
Information: Complementing port 'read_en' in design 'pe_top_0_1_58'.
	 The new name of the port is 'read_en_BAR'. (OPT-319)
Information: Complementing port 'read_en' in design 'pe_top_0_1_59'.
	 The new name of the port is 'read_en_BAR'. (OPT-319)
Information: Complementing port 'read_en' in design 'pe_top_0_1_60'.
	 The new name of the port is 'read_en_BAR'. (OPT-319)
Information: Complementing port 'read_en' in design 'pe_top_0_1_61'.
	 The new name of the port is 'read_en_BAR'. (OPT-319)
Information: Complementing port 'read_en' in design 'pe_top_0_1_62'.
	 The new name of the port is 'read_en_BAR'. (OPT-319)
Information: Complementing port 'read_en' in design 'pe_top_0_1_63'.
	 The new name of the port is 'read_en_BAR'. (OPT-319)
Information: Complementing port 'read_en' in design 'pe_top_0_1_64'.
	 The new name of the port is 'read_en_BAR'. (OPT-319)
Information: Complementing port 'read_en' in design 'pe_top_0_1_65'.
	 The new name of the port is 'read_en_BAR'. (OPT-319)
Information: Complementing port 'read_en' in design 'pe_top_0_1_66'.
	 The new name of the port is 'read_en_BAR'. (OPT-319)
Information: Complementing port 'read_en' in design 'pe_top_0_1_67'.
	 The new name of the port is 'read_en_BAR'. (OPT-319)
Information: Complementing port 'read_en' in design 'pe_top_0_1_68'.
	 The new name of the port is 'read_en_BAR'. (OPT-319)
Information: Complementing port 'read_en' in design 'pe_top_0_1_69'.
	 The new name of the port is 'read_en_BAR'. (OPT-319)
Information: Complementing port 'read_en' in design 'pe_top_0_1_70'.
	 The new name of the port is 'read_en_BAR'. (OPT-319)
Information: Complementing port 'read_en' in design 'pe_top_0_1_71'.
	 The new name of the port is 'read_en_BAR'. (OPT-319)
Information: Complementing port 'read_en' in design 'pe_top_0_1_72'.
	 The new name of the port is 'read_en_BAR'. (OPT-319)
Information: Complementing port 'read_en' in design 'pe_top_0_1_73'.
	 The new name of the port is 'read_en_BAR'. (OPT-319)
Information: Complementing port 'read_en' in design 'pe_top_0_1_74'.
	 The new name of the port is 'read_en_BAR'. (OPT-319)
Information: Complementing port 'read_en' in design 'pe_top_0_1_75'.
	 The new name of the port is 'read_en_BAR'. (OPT-319)
Information: Complementing port 'read_en' in design 'pe_top_0_1_76'.
	 The new name of the port is 'read_en_BAR'. (OPT-319)
Information: Complementing port 'read_en' in design 'pe_top_0_1_77'.
	 The new name of the port is 'read_en_BAR'. (OPT-319)
Information: Complementing port 'read_en' in design 'pe_top_0_1_78'.
	 The new name of the port is 'read_en_BAR'. (OPT-319)
Information: Complementing port 'read_en' in design 'pe_top_0_1_79'.
	 The new name of the port is 'read_en_BAR'. (OPT-319)
Information: Complementing port 'read_en' in design 'pe_top_0_1_80'.
	 The new name of the port is 'read_en_BAR'. (OPT-319)
Information: Complementing port 'read_en' in design 'pe_top_0_1_81'.
	 The new name of the port is 'read_en_BAR'. (OPT-319)
Information: Complementing port 'read_en' in design 'pe_top_0_1_82'.
	 The new name of the port is 'read_en_BAR'. (OPT-319)
Information: Complementing port 'read_en' in design 'pe_top_0_1_83'.
	 The new name of the port is 'read_en_BAR'. (OPT-319)
Information: Complementing port 'read_en' in design 'pe_top_0_1_84'.
	 The new name of the port is 'read_en_BAR'. (OPT-319)
Information: Complementing port 'read_en' in design 'pe_top_0_1_85'.
	 The new name of the port is 'read_en_BAR'. (OPT-319)
Information: Complementing port 'read_en' in design 'pe_top_0_1_86'.
	 The new name of the port is 'read_en_BAR'. (OPT-319)
Information: Complementing port 'read_en' in design 'pe_top_0_1_87'.
	 The new name of the port is 'read_en_BAR'. (OPT-319)
Information: Complementing port 'read_en' in design 'pe_top_0_1_88'.
	 The new name of the port is 'read_en_BAR'. (OPT-319)
Information: Complementing port 'read_en' in design 'pe_top_0_1_89'.
	 The new name of the port is 'read_en_BAR'. (OPT-319)
Information: Complementing port 'read_en' in design 'pe_top_0_1_90'.
	 The new name of the port is 'read_en_BAR'. (OPT-319)
Information: Complementing port 'read_en' in design 'pe_top_0_1_91'.
	 The new name of the port is 'read_en_BAR'. (OPT-319)
Information: Complementing port 'read_en' in design 'pe_top_0_1_92'.
	 The new name of the port is 'read_en_BAR'. (OPT-319)
Information: Complementing port 'read_en' in design 'pe_top_0_1_93'.
	 The new name of the port is 'read_en_BAR'. (OPT-319)
Information: Complementing port 'read_en' in design 'pe_top_0_1_94'.
	 The new name of the port is 'read_en_BAR'. (OPT-319)
Information: Complementing port 'read_en' in design 'pe_top_0_1_95'.
	 The new name of the port is 'read_en_BAR'. (OPT-319)
Information: Complementing port 'read_en' in design 'pe_top_0_1_96'.
	 The new name of the port is 'read_en_BAR'. (OPT-319)
Information: Complementing port 'read_en' in design 'pe_top_0_1_97'.
	 The new name of the port is 'read_en_BAR'. (OPT-319)
Information: Complementing port 'read_en' in design 'pe_top_1_1_0'.
	 The new name of the port is 'read_en_BAR'. (OPT-319)
Information: Complementing port 'read_en' in design 'pe_top_1_1_1'.
	 The new name of the port is 'read_en_BAR'. (OPT-319)
Information: Complementing port 'read_en' in design 'pe_top_1_1_2'.
	 The new name of the port is 'read_en_BAR'. (OPT-319)
Information: Complementing port 'read_en' in design 'pe_top_1_1_3'.
	 The new name of the port is 'read_en_BAR'. (OPT-319)
Information: Complementing port 'read_en' in design 'pe_top_1_1_4'.
	 The new name of the port is 'read_en_BAR'. (OPT-319)
Information: Complementing port 'read_en' in design 'pe_top_1_1_5'.
	 The new name of the port is 'read_en_BAR'. (OPT-319)
Information: Complementing port 'read_en' in design 'pe_top_1_1_6'.
	 The new name of the port is 'read_en_BAR'. (OPT-319)
Information: Complementing port 'read_en' in design 'pe_top_1_1_7'.
	 The new name of the port is 'read_en_BAR'. (OPT-319)
Information: Complementing port 'read_en' in design 'pe_top_1_1_8'.
	 The new name of the port is 'read_en_BAR'. (OPT-319)
Information: Complementing port 'read_en' in design 'pe_top_1_1_9'.
	 The new name of the port is 'read_en_BAR'. (OPT-319)
Information: Complementing port 'read_en' in design 'pe_top_1_1_10'.
	 The new name of the port is 'read_en_BAR'. (OPT-319)
Information: Complementing port 'read_en' in design 'pe_top_1_1_11'.
	 The new name of the port is 'read_en_BAR'. (OPT-319)
Information: Complementing port 'read_en' in design 'pe_top_1_1_12'.
	 The new name of the port is 'read_en_BAR'. (OPT-319)
Information: Complementing port 'read_en' in design 'pe_top_1_1_13'.
	 The new name of the port is 'read_en_BAR'. (OPT-319)
Information: Complementing port 'read_en' in design 'pe_top_1_1_14'.
	 The new name of the port is 'read_en_BAR'. (OPT-319)
Information: Complementing port 'read_en' in design 'pe_top_1_1_15'.
	 The new name of the port is 'read_en_BAR'. (OPT-319)
Information: Complementing port 'read_en' in design 'pe_top_1_1_16'.
	 The new name of the port is 'read_en_BAR'. (OPT-319)
Information: Complementing port 'read_en' in design 'pe_top_1_1_17'.
	 The new name of the port is 'read_en_BAR'. (OPT-319)
Information: Complementing port 'read_en' in design 'pe_top_1_1_18'.
	 The new name of the port is 'read_en_BAR'. (OPT-319)
Information: Complementing port 'read_en' in design 'pe_top_1_1_19'.
	 The new name of the port is 'read_en_BAR'. (OPT-319)
Information: Complementing port 'read_en' in design 'pe_top_1_1_20'.
	 The new name of the port is 'read_en_BAR'. (OPT-319)
Information: Complementing port 'read_en' in design 'pe_top_1_1_21'.
	 The new name of the port is 'read_en_BAR'. (OPT-319)
Information: Complementing port 'read_en' in design 'pe_top_1_1_22'.
	 The new name of the port is 'read_en_BAR'. (OPT-319)
Information: Complementing port 'read_en' in design 'pe_top_1_1_23'.
	 The new name of the port is 'read_en_BAR'. (OPT-319)
Information: Complementing port 'read_en' in design 'pe_top_1_1_24'.
	 The new name of the port is 'read_en_BAR'. (OPT-319)
Information: Complementing port 'read_en' in design 'pe_top_1_1_25'.
	 The new name of the port is 'read_en_BAR'. (OPT-319)
Information: Complementing port 'read_en' in design 'pe_top_1_1_26'.
	 The new name of the port is 'read_en_BAR'. (OPT-319)
Information: Complementing port 'read_en' in design 'pe_top_1_1_27'.
	 The new name of the port is 'read_en_BAR'. (OPT-319)
Information: Complementing port 'read_en' in design 'pe_top_1_1_28'.
	 The new name of the port is 'read_en_BAR'. (OPT-319)
Information: Complementing port 'read_en' in design 'pe_top_1_1_29'.
	 The new name of the port is 'read_en_BAR'. (OPT-319)
Information: Complementing port 'read_en' in design 'pe_top_1_1_30'.
	 The new name of the port is 'read_en_BAR'. (OPT-319)
Information: Complementing port 'read_en' in design 'pe_top_1_1_31'.
	 The new name of the port is 'read_en_BAR'. (OPT-319)
Information: Complementing port 'read_en' in design 'pe_top_1_1_32'.
	 The new name of the port is 'read_en_BAR'. (OPT-319)
Information: Complementing port 'read_en' in design 'pe_top_1_1_33'.
	 The new name of the port is 'read_en_BAR'. (OPT-319)
Information: Complementing port 'read_en' in design 'pe_top_1_1_34'.
	 The new name of the port is 'read_en_BAR'. (OPT-319)
Information: Complementing port 'read_en' in design 'pe_top_1_1_35'.
	 The new name of the port is 'read_en_BAR'. (OPT-319)
Information: Complementing port 'read_en' in design 'pe_top_1_1_36'.
	 The new name of the port is 'read_en_BAR'. (OPT-319)
Information: Complementing port 'read_en' in design 'pe_top_1_1_37'.
	 The new name of the port is 'read_en_BAR'. (OPT-319)
Information: Complementing port 'read_en' in design 'pe_top_1_1_38'.
	 The new name of the port is 'read_en_BAR'. (OPT-319)
Information: Complementing port 'read_en' in design 'pe_top_1_1_39'.
	 The new name of the port is 'read_en_BAR'. (OPT-319)
Information: Complementing port 'read_en' in design 'pe_top_1_1_40'.
	 The new name of the port is 'read_en_BAR'. (OPT-319)
Information: Complementing port 'read_en' in design 'pe_top_1_1_41'.
	 The new name of the port is 'read_en_BAR'. (OPT-319)
Information: Complementing port 'read_en' in design 'pe_top_1_1_42'.
	 The new name of the port is 'read_en_BAR'. (OPT-319)
Information: Complementing port 'read_en' in design 'pe_top_1_1_43'.
	 The new name of the port is 'read_en_BAR'. (OPT-319)
Information: Complementing port 'read_en' in design 'pe_top_1_1_44'.
	 The new name of the port is 'read_en_BAR'. (OPT-319)
Information: Complementing port 'read_en' in design 'pe_top_1_1_45'.
	 The new name of the port is 'read_en_BAR'. (OPT-319)
Information: Complementing port 'read_en' in design 'pe_top_1_1_46'.
	 The new name of the port is 'read_en_BAR'. (OPT-319)
Information: Complementing port 'read_en' in design 'pe_top_1_1_47'.
	 The new name of the port is 'read_en_BAR'. (OPT-319)
Information: Complementing port 'read_en' in design 'pe_top_1_1_48'.
	 The new name of the port is 'read_en_BAR'. (OPT-319)
Information: Complementing port 'read_en' in design 'pe_top_1_1_49'.
	 The new name of the port is 'read_en_BAR'. (OPT-319)
Information: Complementing port 'read_en' in design 'pe_top_1_1_50'.
	 The new name of the port is 'read_en_BAR'. (OPT-319)
Information: Complementing port 'read_en' in design 'pe_top_1_1_51'.
	 The new name of the port is 'read_en_BAR'. (OPT-319)
Information: Complementing port 'read_en' in design 'pe_top_1_1_52'.
	 The new name of the port is 'read_en_BAR'. (OPT-319)
Information: Complementing port 'read_en' in design 'pe_top_1_1_53'.
	 The new name of the port is 'read_en_BAR'. (OPT-319)
Information: Complementing port 'read_en' in design 'pe_top_1_1_54'.
	 The new name of the port is 'read_en_BAR'. (OPT-319)
Information: Complementing port 'read_en' in design 'pe_top_1_1_55'.
	 The new name of the port is 'read_en_BAR'. (OPT-319)
Information: Complementing port 'read_en' in design 'pe_top_1_1_56'.
	 The new name of the port is 'read_en_BAR'. (OPT-319)
Information: Complementing port 'read_en' in design 'pe_top_1_1_57'.
	 The new name of the port is 'read_en_BAR'. (OPT-319)
Information: Complementing port 'read_en' in design 'pe_top_1_1_58'.
	 The new name of the port is 'read_en_BAR'. (OPT-319)
Information: Complementing port 'read_en' in design 'pe_top_1_1_59'.
	 The new name of the port is 'read_en_BAR'. (OPT-319)
Information: Complementing port 'read_en' in design 'pe_top_1_1_60'.
	 The new name of the port is 'read_en_BAR'. (OPT-319)
Information: Complementing port 'read_en' in design 'pe_top_1_1_61'.
	 The new name of the port is 'read_en_BAR'. (OPT-319)
Information: Complementing port 'read_en' in design 'pe_top_1_1_62'.
	 The new name of the port is 'read_en_BAR'. (OPT-319)
Information: Complementing port 'read_en' in design 'pe_top_1_1_63'.
	 The new name of the port is 'read_en_BAR'. (OPT-319)
Information: Complementing port 'read_en' in design 'pe_top_1_1_64'.
	 The new name of the port is 'read_en_BAR'. (OPT-319)
Information: Complementing port 'read_en' in design 'pe_top_1_1_65'.
	 The new name of the port is 'read_en_BAR'. (OPT-319)
Information: Complementing port 'read_en' in design 'pe_top_1_1_66'.
	 The new name of the port is 'read_en_BAR'. (OPT-319)
Information: Complementing port 'read_en' in design 'pe_top_1_1_67'.
	 The new name of the port is 'read_en_BAR'. (OPT-319)
Information: Complementing port 'read_en' in design 'pe_top_1_1_68'.
	 The new name of the port is 'read_en_BAR'. (OPT-319)
Information: Complementing port 'read_en' in design 'pe_top_1_1_69'.
	 The new name of the port is 'read_en_BAR'. (OPT-319)
Information: Complementing port 'read_en' in design 'pe_top_1_1_70'.
	 The new name of the port is 'read_en_BAR'. (OPT-319)
Information: Complementing port 'read_en' in design 'pe_top_1_1_71'.
	 The new name of the port is 'read_en_BAR'. (OPT-319)
Information: Complementing port 'read_en' in design 'pe_top_1_1_72'.
	 The new name of the port is 'read_en_BAR'. (OPT-319)
Information: Complementing port 'read_en' in design 'pe_top_1_1_73'.
	 The new name of the port is 'read_en_BAR'. (OPT-319)
Information: Complementing port 'read_en' in design 'pe_top_1_1_74'.
	 The new name of the port is 'read_en_BAR'. (OPT-319)
Information: Complementing port 'read_en' in design 'pe_top_1_1_75'.
	 The new name of the port is 'read_en_BAR'. (OPT-319)
Information: Complementing port 'read_en' in design 'pe_top_1_1_76'.
	 The new name of the port is 'read_en_BAR'. (OPT-319)
Information: Complementing port 'read_en' in design 'pe_top_1_1_77'.
	 The new name of the port is 'read_en_BAR'. (OPT-319)
Information: Complementing port 'read_en' in design 'pe_top_1_1_78'.
	 The new name of the port is 'read_en_BAR'. (OPT-319)
Information: Complementing port 'read_en' in design 'pe_top_1_1_79'.
	 The new name of the port is 'read_en_BAR'. (OPT-319)
Information: Complementing port 'read_en' in design 'pe_top_1_1_80'.
	 The new name of the port is 'read_en_BAR'. (OPT-319)
Information: Complementing port 'read_en' in design 'pe_top_1_1_81'.
	 The new name of the port is 'read_en_BAR'. (OPT-319)
Information: Complementing port 'read_en' in design 'pe_top_1_1_82'.
	 The new name of the port is 'read_en_BAR'. (OPT-319)
Information: Complementing port 'read_en' in design 'pe_top_1_1_83'.
	 The new name of the port is 'read_en_BAR'. (OPT-319)
Information: Complementing port 'read_en' in design 'pe_top_1_1_84'.
	 The new name of the port is 'read_en_BAR'. (OPT-319)
Information: Complementing port 'read_en' in design 'pe_top_1_1_85'.
	 The new name of the port is 'read_en_BAR'. (OPT-319)
Information: Complementing port 'read_en' in design 'pe_top_1_1_86'.
	 The new name of the port is 'read_en_BAR'. (OPT-319)
Information: Complementing port 'read_en' in design 'pe_top_1_1_87'.
	 The new name of the port is 'read_en_BAR'. (OPT-319)
Information: Complementing port 'read_en' in design 'pe_top_1_1_88'.
	 The new name of the port is 'read_en_BAR'. (OPT-319)
Information: Complementing port 'read_en' in design 'pe_top_1_1_89'.
	 The new name of the port is 'read_en_BAR'. (OPT-319)
Information: Complementing port 'read_en' in design 'pe_top_1_1_90'.
	 The new name of the port is 'read_en_BAR'. (OPT-319)
Information: Complementing port 'read_en' in design 'pe_top_1_1_91'.
	 The new name of the port is 'read_en_BAR'. (OPT-319)
Information: Complementing port 'read_en' in design 'pe_top_1_1_92'.
	 The new name of the port is 'read_en_BAR'. (OPT-319)
Information: Complementing port 'read_en' in design 'pe_top_1_1_93'.
	 The new name of the port is 'read_en_BAR'. (OPT-319)
Information: Complementing port 'read_en' in design 'pe_top_1_1_94'.
	 The new name of the port is 'read_en_BAR'. (OPT-319)
Information: Complementing port 'read_en' in design 'pe_top_1_1_95'.
	 The new name of the port is 'read_en_BAR'. (OPT-319)
Information: Complementing port 'read_en' in design 'pe_top_1_1_96'.
	 The new name of the port is 'read_en_BAR'. (OPT-319)
Information: Complementing port 'read_en' in design 'pe_top_1_1_97'.
	 The new name of the port is 'read_en_BAR'. (OPT-319)
Information: Complementing port 'read_en_i' in design 'r_state_ctrl_1_96'.
	 The new name of the port is 'read_en_i_BAR'. (OPT-319)
Information: Complementing port 'read_en_i' in design 'r_state_ctrl_1_95'.
	 The new name of the port is 'read_en_i_BAR'. (OPT-319)
Information: Complementing port 'read_en_i' in design 'r_state_ctrl_1_94'.
	 The new name of the port is 'read_en_i_BAR'. (OPT-319)
Information: Complementing port 'read_en_i' in design 'r_state_ctrl_1_93'.
	 The new name of the port is 'read_en_i_BAR'. (OPT-319)
Information: Complementing port 'read_en_i' in design 'r_state_ctrl_1_92'.
	 The new name of the port is 'read_en_i_BAR'. (OPT-319)
Information: Complementing port 'read_en_i' in design 'r_state_ctrl_1_91'.
	 The new name of the port is 'read_en_i_BAR'. (OPT-319)
Information: Complementing port 'read_en_i' in design 'r_state_ctrl_1_90'.
	 The new name of the port is 'read_en_i_BAR'. (OPT-319)
Information: Complementing port 'read_en_i' in design 'r_state_ctrl_1_89'.
	 The new name of the port is 'read_en_i_BAR'. (OPT-319)
Information: Complementing port 'read_en_i' in design 'r_state_ctrl_1_88'.
	 The new name of the port is 'read_en_i_BAR'. (OPT-319)
Information: Complementing port 'read_en_i' in design 'r_state_ctrl_1_87'.
	 The new name of the port is 'read_en_i_BAR'. (OPT-319)
Information: Complementing port 'read_en_i' in design 'r_state_ctrl_1_86'.
	 The new name of the port is 'read_en_i_BAR'. (OPT-319)
Information: Complementing port 'read_en_i' in design 'r_state_ctrl_1_85'.
	 The new name of the port is 'read_en_i_BAR'. (OPT-319)
Information: Complementing port 'read_en_i' in design 'r_state_ctrl_1_84'.
	 The new name of the port is 'read_en_i_BAR'. (OPT-319)
Information: Complementing port 'read_en_i' in design 'r_state_ctrl_1_83'.
	 The new name of the port is 'read_en_i_BAR'. (OPT-319)
Information: Complementing port 'read_en_i' in design 'r_state_ctrl_1_82'.
	 The new name of the port is 'read_en_i_BAR'. (OPT-319)
Information: Complementing port 'read_en_i' in design 'r_state_ctrl_1_81'.
	 The new name of the port is 'read_en_i_BAR'. (OPT-319)
Information: Complementing port 'read_en_i' in design 'r_state_ctrl_1_80'.
	 The new name of the port is 'read_en_i_BAR'. (OPT-319)
Information: Complementing port 'read_en_i' in design 'r_state_ctrl_1_79'.
	 The new name of the port is 'read_en_i_BAR'. (OPT-319)
Information: Complementing port 'read_en_i' in design 'r_state_ctrl_1_78'.
	 The new name of the port is 'read_en_i_BAR'. (OPT-319)
Information: Complementing port 'read_en_i' in design 'r_state_ctrl_1_77'.
	 The new name of the port is 'read_en_i_BAR'. (OPT-319)
Information: Complementing port 'read_en_i' in design 'r_state_ctrl_1_76'.
	 The new name of the port is 'read_en_i_BAR'. (OPT-319)
Information: Complementing port 'read_en_i' in design 'r_state_ctrl_1_75'.
	 The new name of the port is 'read_en_i_BAR'. (OPT-319)
Information: Complementing port 'read_en_i' in design 'r_state_ctrl_1_74'.
	 The new name of the port is 'read_en_i_BAR'. (OPT-319)
Information: Complementing port 'read_en_i' in design 'r_state_ctrl_1_73'.
	 The new name of the port is 'read_en_i_BAR'. (OPT-319)
Information: Complementing port 'read_en_i' in design 'r_state_ctrl_1_72'.
	 The new name of the port is 'read_en_i_BAR'. (OPT-319)
Information: Complementing port 'read_en_i' in design 'r_state_ctrl_1_71'.
	 The new name of the port is 'read_en_i_BAR'. (OPT-319)
Information: Complementing port 'read_en_i' in design 'r_state_ctrl_1_70'.
	 The new name of the port is 'read_en_i_BAR'. (OPT-319)
Information: Complementing port 'read_en_i' in design 'r_state_ctrl_1_69'.
	 The new name of the port is 'read_en_i_BAR'. (OPT-319)
Information: Complementing port 'read_en_i' in design 'r_state_ctrl_1_68'.
	 The new name of the port is 'read_en_i_BAR'. (OPT-319)
Information: Complementing port 'read_en_i' in design 'r_state_ctrl_1_67'.
	 The new name of the port is 'read_en_i_BAR'. (OPT-319)
Information: Complementing port 'read_en_i' in design 'r_state_ctrl_1_66'.
	 The new name of the port is 'read_en_i_BAR'. (OPT-319)
Information: Complementing port 'read_en_i' in design 'r_state_ctrl_1_65'.
	 The new name of the port is 'read_en_i_BAR'. (OPT-319)
Information: Complementing port 'read_en_i' in design 'r_state_ctrl_1_64'.
	 The new name of the port is 'read_en_i_BAR'. (OPT-319)
Information: Complementing port 'read_en_i' in design 'r_state_ctrl_1_63'.
	 The new name of the port is 'read_en_i_BAR'. (OPT-319)
Information: Complementing port 'read_en_i' in design 'r_state_ctrl_1_62'.
	 The new name of the port is 'read_en_i_BAR'. (OPT-319)
Information: Complementing port 'read_en_i' in design 'r_state_ctrl_1_61'.
	 The new name of the port is 'read_en_i_BAR'. (OPT-319)
Information: Complementing port 'read_en_i' in design 'r_state_ctrl_1_60'.
	 The new name of the port is 'read_en_i_BAR'. (OPT-319)
Information: Complementing port 'read_en_i' in design 'r_state_ctrl_1_59'.
	 The new name of the port is 'read_en_i_BAR'. (OPT-319)
Information: Complementing port 'read_en_i' in design 'r_state_ctrl_1_58'.
	 The new name of the port is 'read_en_i_BAR'. (OPT-319)
Information: Complementing port 'read_en_i' in design 'r_state_ctrl_1_57'.
	 The new name of the port is 'read_en_i_BAR'. (OPT-319)
Information: Complementing port 'read_en_i' in design 'r_state_ctrl_1_56'.
	 The new name of the port is 'read_en_i_BAR'. (OPT-319)
Information: Complementing port 'read_en_i' in design 'r_state_ctrl_1_55'.
	 The new name of the port is 'read_en_i_BAR'. (OPT-319)
Information: Complementing port 'read_en_i' in design 'r_state_ctrl_1_54'.
	 The new name of the port is 'read_en_i_BAR'. (OPT-319)
Information: Complementing port 'read_en_i' in design 'r_state_ctrl_1_53'.
	 The new name of the port is 'read_en_i_BAR'. (OPT-319)
Information: Complementing port 'read_en_i' in design 'r_state_ctrl_1_52'.
	 The new name of the port is 'read_en_i_BAR'. (OPT-319)
Information: Complementing port 'read_en_i' in design 'r_state_ctrl_1_51'.
	 The new name of the port is 'read_en_i_BAR'. (OPT-319)
Information: Complementing port 'read_en_i' in design 'r_state_ctrl_1_50'.
	 The new name of the port is 'read_en_i_BAR'. (OPT-319)
Information: Complementing port 'read_en_i' in design 'r_state_ctrl_1_49'.
	 The new name of the port is 'read_en_i_BAR'. (OPT-319)
Information: Complementing port 'read_en_i' in design 'r_state_ctrl_1_48'.
	 The new name of the port is 'read_en_i_BAR'. (OPT-319)
Information: Complementing port 'read_en_i' in design 'r_state_ctrl_1_47'.
	 The new name of the port is 'read_en_i_BAR'. (OPT-319)
Information: Complementing port 'read_en_i' in design 'r_state_ctrl_1_46'.
	 The new name of the port is 'read_en_i_BAR'. (OPT-319)
Information: Complementing port 'read_en_i' in design 'r_state_ctrl_1_45'.
	 The new name of the port is 'read_en_i_BAR'. (OPT-319)
Information: Complementing port 'read_en_i' in design 'r_state_ctrl_1_44'.
	 The new name of the port is 'read_en_i_BAR'. (OPT-319)
Information: Complementing port 'read_en_i' in design 'r_state_ctrl_1_43'.
	 The new name of the port is 'read_en_i_BAR'. (OPT-319)
Information: Complementing port 'read_en_i' in design 'r_state_ctrl_1_42'.
	 The new name of the port is 'read_en_i_BAR'. (OPT-319)
Information: Complementing port 'read_en_i' in design 'r_state_ctrl_1_41'.
	 The new name of the port is 'read_en_i_BAR'. (OPT-319)
Information: Complementing port 'read_en_i' in design 'r_state_ctrl_1_40'.
	 The new name of the port is 'read_en_i_BAR'. (OPT-319)
Information: Complementing port 'read_en_i' in design 'r_state_ctrl_1_39'.
	 The new name of the port is 'read_en_i_BAR'. (OPT-319)
Information: Complementing port 'read_en_i' in design 'r_state_ctrl_1_38'.
	 The new name of the port is 'read_en_i_BAR'. (OPT-319)
Information: Complementing port 'read_en_i' in design 'r_state_ctrl_1_37'.
	 The new name of the port is 'read_en_i_BAR'. (OPT-319)
Information: Complementing port 'read_en_i' in design 'r_state_ctrl_1_36'.
	 The new name of the port is 'read_en_i_BAR'. (OPT-319)
Information: Complementing port 'read_en_i' in design 'r_state_ctrl_1_35'.
	 The new name of the port is 'read_en_i_BAR'. (OPT-319)
Information: Complementing port 'read_en_i' in design 'r_state_ctrl_1_34'.
	 The new name of the port is 'read_en_i_BAR'. (OPT-319)
Information: Complementing port 'read_en_i' in design 'r_state_ctrl_1_33'.
	 The new name of the port is 'read_en_i_BAR'. (OPT-319)
Information: Complementing port 'read_en_i' in design 'r_state_ctrl_1_32'.
	 The new name of the port is 'read_en_i_BAR'. (OPT-319)
Information: Complementing port 'read_en_i' in design 'r_state_ctrl_1_31'.
	 The new name of the port is 'read_en_i_BAR'. (OPT-319)
Information: Complementing port 'read_en_i' in design 'r_state_ctrl_1_30'.
	 The new name of the port is 'read_en_i_BAR'. (OPT-319)
Information: Complementing port 'read_en_i' in design 'r_state_ctrl_1_29'.
	 The new name of the port is 'read_en_i_BAR'. (OPT-319)
Information: Complementing port 'read_en_i' in design 'r_state_ctrl_1_28'.
	 The new name of the port is 'read_en_i_BAR'. (OPT-319)
Information: Complementing port 'read_en_i' in design 'r_state_ctrl_1_27'.
	 The new name of the port is 'read_en_i_BAR'. (OPT-319)
Information: Complementing port 'read_en_i' in design 'r_state_ctrl_1_26'.
	 The new name of the port is 'read_en_i_BAR'. (OPT-319)
Information: Complementing port 'read_en_i' in design 'r_state_ctrl_1_25'.
	 The new name of the port is 'read_en_i_BAR'. (OPT-319)
Information: Complementing port 'read_en_i' in design 'r_state_ctrl_1_24'.
	 The new name of the port is 'read_en_i_BAR'. (OPT-319)
Information: Complementing port 'read_en_i' in design 'r_state_ctrl_1_23'.
	 The new name of the port is 'read_en_i_BAR'. (OPT-319)
Information: Complementing port 'read_en_i' in design 'r_state_ctrl_1_22'.
	 The new name of the port is 'read_en_i_BAR'. (OPT-319)
Information: Complementing port 'read_en_i' in design 'r_state_ctrl_1_21'.
	 The new name of the port is 'read_en_i_BAR'. (OPT-319)
Information: Complementing port 'read_en_i' in design 'r_state_ctrl_1_20'.
	 The new name of the port is 'read_en_i_BAR'. (OPT-319)
Information: Complementing port 'read_en_i' in design 'r_state_ctrl_1_19'.
	 The new name of the port is 'read_en_i_BAR'. (OPT-319)
Information: Complementing port 'read_en_i' in design 'r_state_ctrl_1_18'.
	 The new name of the port is 'read_en_i_BAR'. (OPT-319)
Information: Complementing port 'read_en_i' in design 'r_state_ctrl_1_17'.
	 The new name of the port is 'read_en_i_BAR'. (OPT-319)
Information: Complementing port 'read_en_i' in design 'r_state_ctrl_1_16'.
	 The new name of the port is 'read_en_i_BAR'. (OPT-319)
Information: Complementing port 'read_en_i' in design 'r_state_ctrl_1_15'.
	 The new name of the port is 'read_en_i_BAR'. (OPT-319)
Information: Complementing port 'read_en_i' in design 'r_state_ctrl_1_14'.
	 The new name of the port is 'read_en_i_BAR'. (OPT-319)
Information: Complementing port 'read_en_i' in design 'r_state_ctrl_1_13'.
	 The new name of the port is 'read_en_i_BAR'. (OPT-319)
Information: Complementing port 'read_en_i' in design 'r_state_ctrl_1_12'.
	 The new name of the port is 'read_en_i_BAR'. (OPT-319)
Information: Complementing port 'read_en_i' in design 'r_state_ctrl_1_11'.
	 The new name of the port is 'read_en_i_BAR'. (OPT-319)
Information: Complementing port 'read_en_i' in design 'r_state_ctrl_1_10'.
	 The new name of the port is 'read_en_i_BAR'. (OPT-319)
Information: Complementing port 'read_en_i' in design 'r_state_ctrl_1_9'.
	 The new name of the port is 'read_en_i_BAR'. (OPT-319)
Information: Complementing port 'read_en_i' in design 'r_state_ctrl_1_8'.
	 The new name of the port is 'read_en_i_BAR'. (OPT-319)
Information: Complementing port 'read_en_i' in design 'r_state_ctrl_1_7'.
	 The new name of the port is 'read_en_i_BAR'. (OPT-319)
Information: Complementing port 'read_en_i' in design 'r_state_ctrl_1_6'.
	 The new name of the port is 'read_en_i_BAR'. (OPT-319)
Information: Complementing port 'read_en_i' in design 'r_state_ctrl_1_5'.
	 The new name of the port is 'read_en_i_BAR'. (OPT-319)
Information: Complementing port 'read_en_i' in design 'r_state_ctrl_1_4'.
	 The new name of the port is 'read_en_i_BAR'. (OPT-319)
Information: Complementing port 'read_en_i' in design 'r_state_ctrl_1_3'.
	 The new name of the port is 'read_en_i_BAR'. (OPT-319)
Information: Complementing port 'read_en_i' in design 'r_state_ctrl_1_2'.
	 The new name of the port is 'read_en_i_BAR'. (OPT-319)
Information: Complementing port 'read_en_i' in design 'r_state_ctrl_1_1'.
	 The new name of the port is 'read_en_i_BAR'. (OPT-319)
Information: Complementing port 'read_en_i' in design 'r_state_ctrl_1_0'.
	 The new name of the port is 'read_en_i_BAR'. (OPT-319)
Information: Complementing port 'read_en_i' in design 'r_state_ctrl_0_97'.
	 The new name of the port is 'read_en_i_BAR'. (OPT-319)
Information: Complementing port 'read_en_i' in design 'r_state_ctrl_0_96'.
	 The new name of the port is 'read_en_i_BAR'. (OPT-319)
Information: Complementing port 'read_en_i' in design 'r_state_ctrl_0_95'.
	 The new name of the port is 'read_en_i_BAR'. (OPT-319)
Information: Complementing port 'read_en_i' in design 'r_state_ctrl_0_94'.
	 The new name of the port is 'read_en_i_BAR'. (OPT-319)
Information: Complementing port 'read_en_i' in design 'r_state_ctrl_0_93'.
	 The new name of the port is 'read_en_i_BAR'. (OPT-319)
Information: Complementing port 'read_en_i' in design 'r_state_ctrl_0_92'.
	 The new name of the port is 'read_en_i_BAR'. (OPT-319)
Information: Complementing port 'read_en_i' in design 'r_state_ctrl_0_91'.
	 The new name of the port is 'read_en_i_BAR'. (OPT-319)
Information: Complementing port 'read_en_i' in design 'r_state_ctrl_0_90'.
	 The new name of the port is 'read_en_i_BAR'. (OPT-319)
Information: Complementing port 'read_en_i' in design 'r_state_ctrl_0_89'.
	 The new name of the port is 'read_en_i_BAR'. (OPT-319)
Information: Complementing port 'read_en_i' in design 'r_state_ctrl_0_88'.
	 The new name of the port is 'read_en_i_BAR'. (OPT-319)
Information: Complementing port 'read_en_i' in design 'r_state_ctrl_0_87'.
	 The new name of the port is 'read_en_i_BAR'. (OPT-319)
Information: Complementing port 'read_en_i' in design 'r_state_ctrl_0_86'.
	 The new name of the port is 'read_en_i_BAR'. (OPT-319)
Information: Complementing port 'read_en_i' in design 'r_state_ctrl_0_85'.
	 The new name of the port is 'read_en_i_BAR'. (OPT-319)
Information: Complementing port 'read_en_i' in design 'r_state_ctrl_0_84'.
	 The new name of the port is 'read_en_i_BAR'. (OPT-319)
Information: Complementing port 'read_en_i' in design 'r_state_ctrl_0_83'.
	 The new name of the port is 'read_en_i_BAR'. (OPT-319)
Information: Complementing port 'read_en_i' in design 'r_state_ctrl_0_82'.
	 The new name of the port is 'read_en_i_BAR'. (OPT-319)
Information: Complementing port 'read_en_i' in design 'r_state_ctrl_0_81'.
	 The new name of the port is 'read_en_i_BAR'. (OPT-319)
Information: Complementing port 'read_en_i' in design 'r_state_ctrl_0_80'.
	 The new name of the port is 'read_en_i_BAR'. (OPT-319)
Information: Complementing port 'read_en_i' in design 'r_state_ctrl_0_79'.
	 The new name of the port is 'read_en_i_BAR'. (OPT-319)
Information: Complementing port 'read_en_i' in design 'r_state_ctrl_0_78'.
	 The new name of the port is 'read_en_i_BAR'. (OPT-319)
Information: Complementing port 'read_en_i' in design 'r_state_ctrl_0_77'.
	 The new name of the port is 'read_en_i_BAR'. (OPT-319)
Information: Complementing port 'read_en_i' in design 'r_state_ctrl_0_76'.
	 The new name of the port is 'read_en_i_BAR'. (OPT-319)
Information: Complementing port 'read_en_i' in design 'r_state_ctrl_0_75'.
	 The new name of the port is 'read_en_i_BAR'. (OPT-319)
Information: Complementing port 'read_en_i' in design 'r_state_ctrl_0_74'.
	 The new name of the port is 'read_en_i_BAR'. (OPT-319)
Information: Complementing port 'read_en_i' in design 'r_state_ctrl_0_73'.
	 The new name of the port is 'read_en_i_BAR'. (OPT-319)
Information: Complementing port 'read_en_i' in design 'r_state_ctrl_0_72'.
	 The new name of the port is 'read_en_i_BAR'. (OPT-319)
Information: Complementing port 'read_en_i' in design 'r_state_ctrl_0_71'.
	 The new name of the port is 'read_en_i_BAR'. (OPT-319)
Information: Complementing port 'read_en_i' in design 'r_state_ctrl_0_70'.
	 The new name of the port is 'read_en_i_BAR'. (OPT-319)
Information: Complementing port 'read_en_i' in design 'r_state_ctrl_0_69'.
	 The new name of the port is 'read_en_i_BAR'. (OPT-319)
Information: Complementing port 'read_en_i' in design 'r_state_ctrl_0_68'.
	 The new name of the port is 'read_en_i_BAR'. (OPT-319)
Information: Complementing port 'read_en_i' in design 'r_state_ctrl_0_67'.
	 The new name of the port is 'read_en_i_BAR'. (OPT-319)
Information: Complementing port 'read_en_i' in design 'r_state_ctrl_0_66'.
	 The new name of the port is 'read_en_i_BAR'. (OPT-319)
Information: Complementing port 'read_en_i' in design 'r_state_ctrl_0_65'.
	 The new name of the port is 'read_en_i_BAR'. (OPT-319)
Information: Complementing port 'read_en_i' in design 'r_state_ctrl_0_64'.
	 The new name of the port is 'read_en_i_BAR'. (OPT-319)
Information: Complementing port 'read_en_i' in design 'r_state_ctrl_0_63'.
	 The new name of the port is 'read_en_i_BAR'. (OPT-319)
Information: Complementing port 'read_en_i' in design 'r_state_ctrl_0_62'.
	 The new name of the port is 'read_en_i_BAR'. (OPT-319)
Information: Complementing port 'read_en_i' in design 'r_state_ctrl_0_61'.
	 The new name of the port is 'read_en_i_BAR'. (OPT-319)
Information: Complementing port 'read_en_i' in design 'r_state_ctrl_0_60'.
	 The new name of the port is 'read_en_i_BAR'. (OPT-319)
Information: Complementing port 'read_en_i' in design 'r_state_ctrl_0_59'.
	 The new name of the port is 'read_en_i_BAR'. (OPT-319)
Information: Complementing port 'read_en_i' in design 'r_state_ctrl_0_58'.
	 The new name of the port is 'read_en_i_BAR'. (OPT-319)
Information: Complementing port 'read_en_i' in design 'r_state_ctrl_0_57'.
	 The new name of the port is 'read_en_i_BAR'. (OPT-319)
Information: Complementing port 'read_en_i' in design 'r_state_ctrl_0_56'.
	 The new name of the port is 'read_en_i_BAR'. (OPT-319)
Information: Complementing port 'read_en_i' in design 'r_state_ctrl_0_55'.
	 The new name of the port is 'read_en_i_BAR'. (OPT-319)
Information: Complementing port 'read_en_i' in design 'r_state_ctrl_0_54'.
	 The new name of the port is 'read_en_i_BAR'. (OPT-319)
Information: Complementing port 'read_en_i' in design 'r_state_ctrl_0_53'.
	 The new name of the port is 'read_en_i_BAR'. (OPT-319)
Information: Complementing port 'read_en_i' in design 'r_state_ctrl_0_52'.
	 The new name of the port is 'read_en_i_BAR'. (OPT-319)
Information: Complementing port 'read_en_i' in design 'r_state_ctrl_0_51'.
	 The new name of the port is 'read_en_i_BAR'. (OPT-319)
Information: Complementing port 'read_en_i' in design 'r_state_ctrl_0_50'.
	 The new name of the port is 'read_en_i_BAR'. (OPT-319)
Information: Complementing port 'read_en_i' in design 'r_state_ctrl_0_49'.
	 The new name of the port is 'read_en_i_BAR'. (OPT-319)
Information: Complementing port 'read_en_i' in design 'r_state_ctrl_0_48'.
	 The new name of the port is 'read_en_i_BAR'. (OPT-319)
Information: Complementing port 'read_en_i' in design 'r_state_ctrl_0_47'.
	 The new name of the port is 'read_en_i_BAR'. (OPT-319)
Information: Complementing port 'read_en_i' in design 'r_state_ctrl_0_46'.
	 The new name of the port is 'read_en_i_BAR'. (OPT-319)
Information: Complementing port 'read_en_i' in design 'r_state_ctrl_0_45'.
	 The new name of the port is 'read_en_i_BAR'. (OPT-319)
Information: Complementing port 'read_en_i' in design 'r_state_ctrl_0_44'.
	 The new name of the port is 'read_en_i_BAR'. (OPT-319)
Information: Complementing port 'read_en_i' in design 'r_state_ctrl_0_43'.
	 The new name of the port is 'read_en_i_BAR'. (OPT-319)
Information: Complementing port 'read_en_i' in design 'r_state_ctrl_0_42'.
	 The new name of the port is 'read_en_i_BAR'. (OPT-319)
Information: Complementing port 'read_en_i' in design 'r_state_ctrl_0_41'.
	 The new name of the port is 'read_en_i_BAR'. (OPT-319)
Information: Complementing port 'read_en_i' in design 'r_state_ctrl_0_40'.
	 The new name of the port is 'read_en_i_BAR'. (OPT-319)
Information: Complementing port 'read_en_i' in design 'r_state_ctrl_0_39'.
	 The new name of the port is 'read_en_i_BAR'. (OPT-319)
Information: Complementing port 'read_en_i' in design 'r_state_ctrl_0_38'.
	 The new name of the port is 'read_en_i_BAR'. (OPT-319)
Information: Complementing port 'read_en_i' in design 'r_state_ctrl_0_37'.
	 The new name of the port is 'read_en_i_BAR'. (OPT-319)
Information: Complementing port 'read_en_i' in design 'r_state_ctrl_0_36'.
	 The new name of the port is 'read_en_i_BAR'. (OPT-319)
Information: Complementing port 'read_en_i' in design 'r_state_ctrl_0_35'.
	 The new name of the port is 'read_en_i_BAR'. (OPT-319)
Information: Complementing port 'read_en_i' in design 'r_state_ctrl_0_34'.
	 The new name of the port is 'read_en_i_BAR'. (OPT-319)
Information: Complementing port 'read_en_i' in design 'r_state_ctrl_0_33'.
	 The new name of the port is 'read_en_i_BAR'. (OPT-319)
Information: Complementing port 'read_en_i' in design 'r_state_ctrl_0_32'.
	 The new name of the port is 'read_en_i_BAR'. (OPT-319)
Information: Complementing port 'read_en_i' in design 'r_state_ctrl_0_31'.
	 The new name of the port is 'read_en_i_BAR'. (OPT-319)
Information: Complementing port 'read_en_i' in design 'r_state_ctrl_0_30'.
	 The new name of the port is 'read_en_i_BAR'. (OPT-319)
Information: Complementing port 'read_en_i' in design 'r_state_ctrl_0_29'.
	 The new name of the port is 'read_en_i_BAR'. (OPT-319)
Information: Complementing port 'read_en_i' in design 'r_state_ctrl_0_28'.
	 The new name of the port is 'read_en_i_BAR'. (OPT-319)
Information: Complementing port 'read_en_i' in design 'r_state_ctrl_0_27'.
	 The new name of the port is 'read_en_i_BAR'. (OPT-319)
Information: Complementing port 'read_en_i' in design 'r_state_ctrl_0_26'.
	 The new name of the port is 'read_en_i_BAR'. (OPT-319)
Information: Complementing port 'read_en_i' in design 'r_state_ctrl_0_25'.
	 The new name of the port is 'read_en_i_BAR'. (OPT-319)
Information: Complementing port 'read_en_i' in design 'r_state_ctrl_0_24'.
	 The new name of the port is 'read_en_i_BAR'. (OPT-319)
Information: Complementing port 'read_en_i' in design 'r_state_ctrl_0_23'.
	 The new name of the port is 'read_en_i_BAR'. (OPT-319)
Information: Complementing port 'read_en_i' in design 'r_state_ctrl_0_22'.
	 The new name of the port is 'read_en_i_BAR'. (OPT-319)
Information: Complementing port 'read_en_i' in design 'r_state_ctrl_0_21'.
	 The new name of the port is 'read_en_i_BAR'. (OPT-319)
Information: Complementing port 'read_en_i' in design 'r_state_ctrl_0_20'.
	 The new name of the port is 'read_en_i_BAR'. (OPT-319)
Information: Complementing port 'read_en_i' in design 'r_state_ctrl_0_19'.
	 The new name of the port is 'read_en_i_BAR'. (OPT-319)
Information: Complementing port 'read_en_i' in design 'r_state_ctrl_0_18'.
	 The new name of the port is 'read_en_i_BAR'. (OPT-319)
Information: Complementing port 'read_en_i' in design 'r_state_ctrl_0_17'.
	 The new name of the port is 'read_en_i_BAR'. (OPT-319)
Information: Complementing port 'read_en_i' in design 'r_state_ctrl_0_16'.
	 The new name of the port is 'read_en_i_BAR'. (OPT-319)
Information: Complementing port 'read_en_i' in design 'r_state_ctrl_0_15'.
	 The new name of the port is 'read_en_i_BAR'. (OPT-319)
Information: Complementing port 'read_en_i' in design 'r_state_ctrl_0_14'.
	 The new name of the port is 'read_en_i_BAR'. (OPT-319)
Information: Complementing port 'read_en_i' in design 'r_state_ctrl_0_13'.
	 The new name of the port is 'read_en_i_BAR'. (OPT-319)
Information: Complementing port 'read_en_i' in design 'r_state_ctrl_0_12'.
	 The new name of the port is 'read_en_i_BAR'. (OPT-319)
Information: Complementing port 'read_en_i' in design 'r_state_ctrl_0_11'.
	 The new name of the port is 'read_en_i_BAR'. (OPT-319)
Information: Complementing port 'read_en_i' in design 'r_state_ctrl_0_10'.
	 The new name of the port is 'read_en_i_BAR'. (OPT-319)
Information: Complementing port 'read_en_i' in design 'r_state_ctrl_0_9'.
	 The new name of the port is 'read_en_i_BAR'. (OPT-319)
Information: Complementing port 'read_en_i' in design 'r_state_ctrl_0_8'.
	 The new name of the port is 'read_en_i_BAR'. (OPT-319)
Information: Complementing port 'read_en_i' in design 'r_state_ctrl_0_7'.
	 The new name of the port is 'read_en_i_BAR'. (OPT-319)
Information: Complementing port 'read_en_i' in design 'r_state_ctrl_0_6'.
	 The new name of the port is 'read_en_i_BAR'. (OPT-319)
Information: Complementing port 'read_en_i' in design 'r_state_ctrl_0_5'.
	 The new name of the port is 'read_en_i_BAR'. (OPT-319)
Information: Complementing port 'read_en_i' in design 'r_state_ctrl_0_4'.
	 The new name of the port is 'read_en_i_BAR'. (OPT-319)
Information: Complementing port 'read_en_i' in design 'r_state_ctrl_0_3'.
	 The new name of the port is 'read_en_i_BAR'. (OPT-319)
Information: Complementing port 'read_en_i' in design 'r_state_ctrl_0_2'.
	 The new name of the port is 'read_en_i_BAR'. (OPT-319)
Information: Complementing port 'read_en_i' in design 'r_state_ctrl_0_1'.
	 The new name of the port is 'read_en_i_BAR'. (OPT-319)
Information: Complementing port 'read_en_i' in design 'r_state_ctrl_0_0'.
	 The new name of the port is 'read_en_i_BAR'. (OPT-319)
Information: Complementing port 'read_en_i' in design 'r_state_ctrl_1_98'.
	 The new name of the port is 'read_en_i_BAR'. (OPT-319)
Information: Complementing port 'read_en_i' in design 'r_state_ctrl_1_99'.
	 The new name of the port is 'read_en_i_BAR'. (OPT-319)
Information: Complementing port 'read_en_i' in design 'r_state_ctrl_0_98'.
	 The new name of the port is 'read_en_i_BAR'. (OPT-319)
Information: Complementing port 'read_en_i' in design 'r_state_ctrl_0_99'.
	 The new name of the port is 'read_en_i_BAR'. (OPT-319)
Information: Complementing port 'scan_mode_o' in design 'r_state_ctrl_1_97'.
	 The new name of the port is 'scan_mode_o_BAR'. (OPT-319)
Information: Complementing port 'scan_mode_o' in design 'r_state_ctrl_1_96'.
	 The new name of the port is 'scan_mode_o_BAR'. (OPT-319)
Information: Complementing port 'scan_mode_o' in design 'r_state_ctrl_1_95'.
	 The new name of the port is 'scan_mode_o_BAR'. (OPT-319)
Information: Complementing port 'scan_mode_o' in design 'r_state_ctrl_1_94'.
	 The new name of the port is 'scan_mode_o_BAR'. (OPT-319)
Information: Complementing port 'scan_mode_o' in design 'r_state_ctrl_1_93'.
	 The new name of the port is 'scan_mode_o_BAR'. (OPT-319)
Information: Complementing port 'scan_mode_o' in design 'r_state_ctrl_1_92'.
	 The new name of the port is 'scan_mode_o_BAR'. (OPT-319)
Information: Complementing port 'scan_mode_o' in design 'r_state_ctrl_1_91'.
	 The new name of the port is 'scan_mode_o_BAR'. (OPT-319)
Information: Complementing port 'scan_mode_o' in design 'r_state_ctrl_1_90'.
	 The new name of the port is 'scan_mode_o_BAR'. (OPT-319)
Information: Complementing port 'scan_mode_o' in design 'r_state_ctrl_1_89'.
	 The new name of the port is 'scan_mode_o_BAR'. (OPT-319)
Information: Complementing port 'scan_mode_o' in design 'r_state_ctrl_1_88'.
	 The new name of the port is 'scan_mode_o_BAR'. (OPT-319)
Information: Complementing port 'scan_mode_o' in design 'r_state_ctrl_1_87'.
	 The new name of the port is 'scan_mode_o_BAR'. (OPT-319)
Information: Complementing port 'scan_mode_o' in design 'r_state_ctrl_1_86'.
	 The new name of the port is 'scan_mode_o_BAR'. (OPT-319)
Information: Complementing port 'scan_mode_o' in design 'r_state_ctrl_1_85'.
	 The new name of the port is 'scan_mode_o_BAR'. (OPT-319)
Information: Complementing port 'scan_mode_o' in design 'r_state_ctrl_1_84'.
	 The new name of the port is 'scan_mode_o_BAR'. (OPT-319)
Information: Complementing port 'scan_mode_o' in design 'r_state_ctrl_1_83'.
	 The new name of the port is 'scan_mode_o_BAR'. (OPT-319)
Information: Complementing port 'scan_mode_o' in design 'r_state_ctrl_1_82'.
	 The new name of the port is 'scan_mode_o_BAR'. (OPT-319)
Information: Complementing port 'scan_mode_o' in design 'r_state_ctrl_1_81'.
	 The new name of the port is 'scan_mode_o_BAR'. (OPT-319)
Information: Complementing port 'scan_mode_o' in design 'r_state_ctrl_1_80'.
	 The new name of the port is 'scan_mode_o_BAR'. (OPT-319)
Information: Complementing port 'scan_mode_o' in design 'r_state_ctrl_1_79'.
	 The new name of the port is 'scan_mode_o_BAR'. (OPT-319)
Information: Complementing port 'scan_mode_o' in design 'r_state_ctrl_1_78'.
	 The new name of the port is 'scan_mode_o_BAR'. (OPT-319)
Information: Complementing port 'scan_mode_o' in design 'r_state_ctrl_1_77'.
	 The new name of the port is 'scan_mode_o_BAR'. (OPT-319)
Information: Complementing port 'scan_mode_o' in design 'r_state_ctrl_1_76'.
	 The new name of the port is 'scan_mode_o_BAR'. (OPT-319)
Information: Complementing port 'scan_mode_o' in design 'r_state_ctrl_1_75'.
	 The new name of the port is 'scan_mode_o_BAR'. (OPT-319)
Information: Complementing port 'scan_mode_o' in design 'r_state_ctrl_1_74'.
	 The new name of the port is 'scan_mode_o_BAR'. (OPT-319)
Information: Complementing port 'scan_mode_o' in design 'r_state_ctrl_1_73'.
	 The new name of the port is 'scan_mode_o_BAR'. (OPT-319)
Information: Complementing port 'scan_mode_o' in design 'r_state_ctrl_1_72'.
	 The new name of the port is 'scan_mode_o_BAR'. (OPT-319)
Information: Complementing port 'scan_mode_o' in design 'r_state_ctrl_1_71'.
	 The new name of the port is 'scan_mode_o_BAR'. (OPT-319)
Information: Complementing port 'scan_mode_o' in design 'r_state_ctrl_1_70'.
	 The new name of the port is 'scan_mode_o_BAR'. (OPT-319)
Information: Complementing port 'scan_mode_o' in design 'r_state_ctrl_1_69'.
	 The new name of the port is 'scan_mode_o_BAR'. (OPT-319)
Information: Complementing port 'scan_mode_o' in design 'r_state_ctrl_1_68'.
	 The new name of the port is 'scan_mode_o_BAR'. (OPT-319)
Information: Complementing port 'scan_mode_o' in design 'r_state_ctrl_1_67'.
	 The new name of the port is 'scan_mode_o_BAR'. (OPT-319)
Information: Complementing port 'scan_mode_o' in design 'r_state_ctrl_1_66'.
	 The new name of the port is 'scan_mode_o_BAR'. (OPT-319)
Information: Complementing port 'scan_mode_o' in design 'r_state_ctrl_1_65'.
	 The new name of the port is 'scan_mode_o_BAR'. (OPT-319)
Information: Complementing port 'scan_mode_o' in design 'r_state_ctrl_1_64'.
	 The new name of the port is 'scan_mode_o_BAR'. (OPT-319)
Information: Complementing port 'scan_mode_o' in design 'r_state_ctrl_1_63'.
	 The new name of the port is 'scan_mode_o_BAR'. (OPT-319)
Information: Complementing port 'scan_mode_o' in design 'r_state_ctrl_1_62'.
	 The new name of the port is 'scan_mode_o_BAR'. (OPT-319)
Information: Complementing port 'scan_mode_o' in design 'r_state_ctrl_1_61'.
	 The new name of the port is 'scan_mode_o_BAR'. (OPT-319)
Information: Complementing port 'scan_mode_o' in design 'r_state_ctrl_1_60'.
	 The new name of the port is 'scan_mode_o_BAR'. (OPT-319)
Information: Complementing port 'scan_mode_o' in design 'r_state_ctrl_1_59'.
	 The new name of the port is 'scan_mode_o_BAR'. (OPT-319)
Information: Complementing port 'scan_mode_o' in design 'r_state_ctrl_1_58'.
	 The new name of the port is 'scan_mode_o_BAR'. (OPT-319)
Information: Complementing port 'scan_mode_o' in design 'r_state_ctrl_1_57'.
	 The new name of the port is 'scan_mode_o_BAR'. (OPT-319)
Information: Complementing port 'scan_mode_o' in design 'r_state_ctrl_1_56'.
	 The new name of the port is 'scan_mode_o_BAR'. (OPT-319)
Information: Complementing port 'scan_mode_o' in design 'r_state_ctrl_1_55'.
	 The new name of the port is 'scan_mode_o_BAR'. (OPT-319)
Information: Complementing port 'scan_mode_o' in design 'r_state_ctrl_1_54'.
	 The new name of the port is 'scan_mode_o_BAR'. (OPT-319)
Information: Complementing port 'scan_mode_o' in design 'r_state_ctrl_1_53'.
	 The new name of the port is 'scan_mode_o_BAR'. (OPT-319)
Information: Complementing port 'scan_mode_o' in design 'r_state_ctrl_1_52'.
	 The new name of the port is 'scan_mode_o_BAR'. (OPT-319)
Information: Complementing port 'scan_mode_o' in design 'r_state_ctrl_1_51'.
	 The new name of the port is 'scan_mode_o_BAR'. (OPT-319)
Information: Complementing port 'scan_mode_o' in design 'r_state_ctrl_1_50'.
	 The new name of the port is 'scan_mode_o_BAR'. (OPT-319)
Information: Complementing port 'scan_mode_o' in design 'r_state_ctrl_1_49'.
	 The new name of the port is 'scan_mode_o_BAR'. (OPT-319)
Information: Complementing port 'scan_mode_o' in design 'r_state_ctrl_1_48'.
	 The new name of the port is 'scan_mode_o_BAR'. (OPT-319)
Information: Complementing port 'scan_mode_o' in design 'r_state_ctrl_1_47'.
	 The new name of the port is 'scan_mode_o_BAR'. (OPT-319)
Information: Complementing port 'scan_mode_o' in design 'r_state_ctrl_1_46'.
	 The new name of the port is 'scan_mode_o_BAR'. (OPT-319)
Information: Complementing port 'scan_mode_o' in design 'r_state_ctrl_1_45'.
	 The new name of the port is 'scan_mode_o_BAR'. (OPT-319)
Information: Complementing port 'scan_mode_o' in design 'r_state_ctrl_1_44'.
	 The new name of the port is 'scan_mode_o_BAR'. (OPT-319)
Information: Complementing port 'scan_mode_o' in design 'r_state_ctrl_1_43'.
	 The new name of the port is 'scan_mode_o_BAR'. (OPT-319)
Information: Complementing port 'scan_mode_o' in design 'r_state_ctrl_1_42'.
	 The new name of the port is 'scan_mode_o_BAR'. (OPT-319)
Information: Complementing port 'scan_mode_o' in design 'r_state_ctrl_1_41'.
	 The new name of the port is 'scan_mode_o_BAR'. (OPT-319)
Information: Complementing port 'scan_mode_o' in design 'r_state_ctrl_1_40'.
	 The new name of the port is 'scan_mode_o_BAR'. (OPT-319)
Information: Complementing port 'scan_mode_o' in design 'r_state_ctrl_1_39'.
	 The new name of the port is 'scan_mode_o_BAR'. (OPT-319)
Information: Complementing port 'scan_mode_o' in design 'r_state_ctrl_1_38'.
	 The new name of the port is 'scan_mode_o_BAR'. (OPT-319)
Information: Complementing port 'scan_mode_o' in design 'r_state_ctrl_1_37'.
	 The new name of the port is 'scan_mode_o_BAR'. (OPT-319)
Information: Complementing port 'scan_mode_o' in design 'r_state_ctrl_1_36'.
	 The new name of the port is 'scan_mode_o_BAR'. (OPT-319)
Information: Complementing port 'scan_mode_o' in design 'r_state_ctrl_1_35'.
	 The new name of the port is 'scan_mode_o_BAR'. (OPT-319)
Information: Complementing port 'scan_mode_o' in design 'r_state_ctrl_1_34'.
	 The new name of the port is 'scan_mode_o_BAR'. (OPT-319)
Information: Complementing port 'scan_mode_o' in design 'r_state_ctrl_1_33'.
	 The new name of the port is 'scan_mode_o_BAR'. (OPT-319)
Information: Complementing port 'scan_mode_o' in design 'r_state_ctrl_1_32'.
	 The new name of the port is 'scan_mode_o_BAR'. (OPT-319)
Information: Complementing port 'scan_mode_o' in design 'r_state_ctrl_1_31'.
	 The new name of the port is 'scan_mode_o_BAR'. (OPT-319)
Information: Complementing port 'scan_mode_o' in design 'r_state_ctrl_1_30'.
	 The new name of the port is 'scan_mode_o_BAR'. (OPT-319)
Information: Complementing port 'scan_mode_o' in design 'r_state_ctrl_1_29'.
	 The new name of the port is 'scan_mode_o_BAR'. (OPT-319)
Information: Complementing port 'scan_mode_o' in design 'r_state_ctrl_1_28'.
	 The new name of the port is 'scan_mode_o_BAR'. (OPT-319)
Information: Complementing port 'scan_mode_o' in design 'r_state_ctrl_1_27'.
	 The new name of the port is 'scan_mode_o_BAR'. (OPT-319)
Information: Complementing port 'scan_mode_o' in design 'r_state_ctrl_1_26'.
	 The new name of the port is 'scan_mode_o_BAR'. (OPT-319)
Information: Complementing port 'scan_mode_o' in design 'r_state_ctrl_1_25'.
	 The new name of the port is 'scan_mode_o_BAR'. (OPT-319)
Information: Complementing port 'scan_mode_o' in design 'r_state_ctrl_1_24'.
	 The new name of the port is 'scan_mode_o_BAR'. (OPT-319)
Information: Complementing port 'scan_mode_o' in design 'r_state_ctrl_1_23'.
	 The new name of the port is 'scan_mode_o_BAR'. (OPT-319)
Information: Complementing port 'scan_mode_o' in design 'r_state_ctrl_1_22'.
	 The new name of the port is 'scan_mode_o_BAR'. (OPT-319)
Information: Complementing port 'scan_mode_o' in design 'r_state_ctrl_1_21'.
	 The new name of the port is 'scan_mode_o_BAR'. (OPT-319)
Information: Complementing port 'scan_mode_o' in design 'r_state_ctrl_1_20'.
	 The new name of the port is 'scan_mode_o_BAR'. (OPT-319)
Information: Complementing port 'scan_mode_o' in design 'r_state_ctrl_1_19'.
	 The new name of the port is 'scan_mode_o_BAR'. (OPT-319)
Information: Complementing port 'scan_mode_o' in design 'r_state_ctrl_1_18'.
	 The new name of the port is 'scan_mode_o_BAR'. (OPT-319)
Information: Complementing port 'scan_mode_o' in design 'r_state_ctrl_1_17'.
	 The new name of the port is 'scan_mode_o_BAR'. (OPT-319)
Information: Complementing port 'scan_mode_o' in design 'r_state_ctrl_1_16'.
	 The new name of the port is 'scan_mode_o_BAR'. (OPT-319)
Information: Complementing port 'scan_mode_o' in design 'r_state_ctrl_1_15'.
	 The new name of the port is 'scan_mode_o_BAR'. (OPT-319)
Information: Complementing port 'scan_mode_o' in design 'r_state_ctrl_1_14'.
	 The new name of the port is 'scan_mode_o_BAR'. (OPT-319)
Information: Complementing port 'scan_mode_o' in design 'r_state_ctrl_1_13'.
	 The new name of the port is 'scan_mode_o_BAR'. (OPT-319)
Information: Complementing port 'scan_mode_o' in design 'r_state_ctrl_1_12'.
	 The new name of the port is 'scan_mode_o_BAR'. (OPT-319)
Information: Complementing port 'scan_mode_o' in design 'r_state_ctrl_1_11'.
	 The new name of the port is 'scan_mode_o_BAR'. (OPT-319)
Information: Complementing port 'scan_mode_o' in design 'r_state_ctrl_1_10'.
	 The new name of the port is 'scan_mode_o_BAR'. (OPT-319)
Information: Complementing port 'scan_mode_o' in design 'r_state_ctrl_1_9'.
	 The new name of the port is 'scan_mode_o_BAR'. (OPT-319)
Information: Complementing port 'scan_mode_o' in design 'r_state_ctrl_1_8'.
	 The new name of the port is 'scan_mode_o_BAR'. (OPT-319)
Information: Complementing port 'scan_mode_o' in design 'r_state_ctrl_1_7'.
	 The new name of the port is 'scan_mode_o_BAR'. (OPT-319)
Information: Complementing port 'scan_mode_o' in design 'r_state_ctrl_1_6'.
	 The new name of the port is 'scan_mode_o_BAR'. (OPT-319)
Information: Complementing port 'scan_mode_o' in design 'r_state_ctrl_1_5'.
	 The new name of the port is 'scan_mode_o_BAR'. (OPT-319)
Information: Complementing port 'scan_mode_o' in design 'r_state_ctrl_1_4'.
	 The new name of the port is 'scan_mode_o_BAR'. (OPT-319)
Information: Complementing port 'scan_mode_o' in design 'r_state_ctrl_1_3'.
	 The new name of the port is 'scan_mode_o_BAR'. (OPT-319)
Information: Complementing port 'scan_mode_o' in design 'r_state_ctrl_1_2'.
	 The new name of the port is 'scan_mode_o_BAR'. (OPT-319)
Information: Complementing port 'scan_mode_o' in design 'r_state_ctrl_1_1'.
	 The new name of the port is 'scan_mode_o_BAR'. (OPT-319)
Information: Complementing port 'scan_mode_o' in design 'r_state_ctrl_1_0'.
	 The new name of the port is 'scan_mode_o_BAR'. (OPT-319)
Information: Complementing port 'scan_mode_o' in design 'r_state_ctrl_0_97'.
	 The new name of the port is 'scan_mode_o_BAR'. (OPT-319)
Information: Complementing port 'scan_mode_o' in design 'r_state_ctrl_0_96'.
	 The new name of the port is 'scan_mode_o_BAR'. (OPT-319)
Information: Complementing port 'scan_mode_o' in design 'r_state_ctrl_0_95'.
	 The new name of the port is 'scan_mode_o_BAR'. (OPT-319)
Information: Complementing port 'scan_mode_o' in design 'r_state_ctrl_0_94'.
	 The new name of the port is 'scan_mode_o_BAR'. (OPT-319)
Information: Complementing port 'scan_mode_o' in design 'r_state_ctrl_0_93'.
	 The new name of the port is 'scan_mode_o_BAR'. (OPT-319)
Information: Complementing port 'scan_mode_o' in design 'r_state_ctrl_0_92'.
	 The new name of the port is 'scan_mode_o_BAR'. (OPT-319)
Information: Complementing port 'scan_mode_o' in design 'r_state_ctrl_0_91'.
	 The new name of the port is 'scan_mode_o_BAR'. (OPT-319)
Information: Complementing port 'scan_mode_o' in design 'r_state_ctrl_0_90'.
	 The new name of the port is 'scan_mode_o_BAR'. (OPT-319)
Information: Complementing port 'scan_mode_o' in design 'r_state_ctrl_0_89'.
	 The new name of the port is 'scan_mode_o_BAR'. (OPT-319)
Information: Complementing port 'scan_mode_o' in design 'r_state_ctrl_0_88'.
	 The new name of the port is 'scan_mode_o_BAR'. (OPT-319)
Information: Complementing port 'scan_mode_o' in design 'r_state_ctrl_0_87'.
	 The new name of the port is 'scan_mode_o_BAR'. (OPT-319)
Information: Complementing port 'scan_mode_o' in design 'r_state_ctrl_0_86'.
	 The new name of the port is 'scan_mode_o_BAR'. (OPT-319)
Information: Complementing port 'scan_mode_o' in design 'r_state_ctrl_0_85'.
	 The new name of the port is 'scan_mode_o_BAR'. (OPT-319)
Information: Complementing port 'scan_mode_o' in design 'r_state_ctrl_0_84'.
	 The new name of the port is 'scan_mode_o_BAR'. (OPT-319)
Information: Complementing port 'scan_mode_o' in design 'r_state_ctrl_0_83'.
	 The new name of the port is 'scan_mode_o_BAR'. (OPT-319)
Information: Complementing port 'scan_mode_o' in design 'r_state_ctrl_0_82'.
	 The new name of the port is 'scan_mode_o_BAR'. (OPT-319)
Information: Complementing port 'scan_mode_o' in design 'r_state_ctrl_0_81'.
	 The new name of the port is 'scan_mode_o_BAR'. (OPT-319)
Information: Complementing port 'scan_mode_o' in design 'r_state_ctrl_0_80'.
	 The new name of the port is 'scan_mode_o_BAR'. (OPT-319)
Information: Complementing port 'scan_mode_o' in design 'r_state_ctrl_0_79'.
	 The new name of the port is 'scan_mode_o_BAR'. (OPT-319)
Information: Complementing port 'scan_mode_o' in design 'r_state_ctrl_0_78'.
	 The new name of the port is 'scan_mode_o_BAR'. (OPT-319)
Information: Complementing port 'scan_mode_o' in design 'r_state_ctrl_0_77'.
	 The new name of the port is 'scan_mode_o_BAR'. (OPT-319)
Information: Complementing port 'scan_mode_o' in design 'r_state_ctrl_0_76'.
	 The new name of the port is 'scan_mode_o_BAR'. (OPT-319)
Information: Complementing port 'scan_mode_o' in design 'r_state_ctrl_0_75'.
	 The new name of the port is 'scan_mode_o_BAR'. (OPT-319)
Information: Complementing port 'scan_mode_o' in design 'r_state_ctrl_0_74'.
	 The new name of the port is 'scan_mode_o_BAR'. (OPT-319)
Information: Complementing port 'scan_mode_o' in design 'r_state_ctrl_0_73'.
	 The new name of the port is 'scan_mode_o_BAR'. (OPT-319)
Information: Complementing port 'scan_mode_o' in design 'r_state_ctrl_0_72'.
	 The new name of the port is 'scan_mode_o_BAR'. (OPT-319)
Information: Complementing port 'scan_mode_o' in design 'r_state_ctrl_0_71'.
	 The new name of the port is 'scan_mode_o_BAR'. (OPT-319)
Information: Complementing port 'scan_mode_o' in design 'r_state_ctrl_0_70'.
	 The new name of the port is 'scan_mode_o_BAR'. (OPT-319)
Information: Complementing port 'scan_mode_o' in design 'r_state_ctrl_0_69'.
	 The new name of the port is 'scan_mode_o_BAR'. (OPT-319)
Information: Complementing port 'scan_mode_o' in design 'r_state_ctrl_0_68'.
	 The new name of the port is 'scan_mode_o_BAR'. (OPT-319)
Information: Complementing port 'scan_mode_o' in design 'r_state_ctrl_0_67'.
	 The new name of the port is 'scan_mode_o_BAR'. (OPT-319)
Information: Complementing port 'scan_mode_o' in design 'r_state_ctrl_0_66'.
	 The new name of the port is 'scan_mode_o_BAR'. (OPT-319)
Information: Complementing port 'scan_mode_o' in design 'r_state_ctrl_0_65'.
	 The new name of the port is 'scan_mode_o_BAR'. (OPT-319)
Information: Complementing port 'scan_mode_o' in design 'r_state_ctrl_0_64'.
	 The new name of the port is 'scan_mode_o_BAR'. (OPT-319)
Information: Complementing port 'scan_mode_o' in design 'r_state_ctrl_0_63'.
	 The new name of the port is 'scan_mode_o_BAR'. (OPT-319)
Information: Complementing port 'scan_mode_o' in design 'r_state_ctrl_0_62'.
	 The new name of the port is 'scan_mode_o_BAR'. (OPT-319)
Information: Complementing port 'scan_mode_o' in design 'r_state_ctrl_0_61'.
	 The new name of the port is 'scan_mode_o_BAR'. (OPT-319)
Information: Complementing port 'scan_mode_o' in design 'r_state_ctrl_0_60'.
	 The new name of the port is 'scan_mode_o_BAR'. (OPT-319)
Information: Complementing port 'scan_mode_o' in design 'r_state_ctrl_0_59'.
	 The new name of the port is 'scan_mode_o_BAR'. (OPT-319)
Information: Complementing port 'scan_mode_o' in design 'r_state_ctrl_0_58'.
	 The new name of the port is 'scan_mode_o_BAR'. (OPT-319)
Information: Complementing port 'scan_mode_o' in design 'r_state_ctrl_0_57'.
	 The new name of the port is 'scan_mode_o_BAR'. (OPT-319)
Information: Complementing port 'scan_mode_o' in design 'r_state_ctrl_0_56'.
	 The new name of the port is 'scan_mode_o_BAR'. (OPT-319)
Information: Complementing port 'scan_mode_o' in design 'r_state_ctrl_0_55'.
	 The new name of the port is 'scan_mode_o_BAR'. (OPT-319)
Information: Complementing port 'scan_mode_o' in design 'r_state_ctrl_0_54'.
	 The new name of the port is 'scan_mode_o_BAR'. (OPT-319)
Information: Complementing port 'scan_mode_o' in design 'r_state_ctrl_0_53'.
	 The new name of the port is 'scan_mode_o_BAR'. (OPT-319)
Information: Complementing port 'scan_mode_o' in design 'r_state_ctrl_0_52'.
	 The new name of the port is 'scan_mode_o_BAR'. (OPT-319)
Information: Complementing port 'scan_mode_o' in design 'r_state_ctrl_0_51'.
	 The new name of the port is 'scan_mode_o_BAR'. (OPT-319)
Information: Complementing port 'scan_mode_o' in design 'r_state_ctrl_0_50'.
	 The new name of the port is 'scan_mode_o_BAR'. (OPT-319)
Information: Complementing port 'scan_mode_o' in design 'r_state_ctrl_0_49'.
	 The new name of the port is 'scan_mode_o_BAR'. (OPT-319)
Information: Complementing port 'scan_mode_o' in design 'r_state_ctrl_0_48'.
	 The new name of the port is 'scan_mode_o_BAR'. (OPT-319)
Information: Complementing port 'scan_mode_o' in design 'r_state_ctrl_0_47'.
	 The new name of the port is 'scan_mode_o_BAR'. (OPT-319)
Information: Complementing port 'scan_mode_o' in design 'r_state_ctrl_0_46'.
	 The new name of the port is 'scan_mode_o_BAR'. (OPT-319)
Information: Complementing port 'scan_mode_o' in design 'r_state_ctrl_0_45'.
	 The new name of the port is 'scan_mode_o_BAR'. (OPT-319)
Information: Complementing port 'scan_mode_o' in design 'r_state_ctrl_0_44'.
	 The new name of the port is 'scan_mode_o_BAR'. (OPT-319)
Information: Complementing port 'scan_mode_o' in design 'r_state_ctrl_0_43'.
	 The new name of the port is 'scan_mode_o_BAR'. (OPT-319)
Information: Complementing port 'scan_mode_o' in design 'r_state_ctrl_0_42'.
	 The new name of the port is 'scan_mode_o_BAR'. (OPT-319)
Information: Complementing port 'scan_mode_o' in design 'r_state_ctrl_0_41'.
	 The new name of the port is 'scan_mode_o_BAR'. (OPT-319)
Information: Complementing port 'scan_mode_o' in design 'r_state_ctrl_0_40'.
	 The new name of the port is 'scan_mode_o_BAR'. (OPT-319)
Information: Complementing port 'scan_mode_o' in design 'r_state_ctrl_0_39'.
	 The new name of the port is 'scan_mode_o_BAR'. (OPT-319)
Information: Complementing port 'scan_mode_o' in design 'r_state_ctrl_0_38'.
	 The new name of the port is 'scan_mode_o_BAR'. (OPT-319)
Information: Complementing port 'scan_mode_o' in design 'r_state_ctrl_0_37'.
	 The new name of the port is 'scan_mode_o_BAR'. (OPT-319)
Information: Complementing port 'scan_mode_o' in design 'r_state_ctrl_0_36'.
	 The new name of the port is 'scan_mode_o_BAR'. (OPT-319)
Information: Complementing port 'scan_mode_o' in design 'r_state_ctrl_0_35'.
	 The new name of the port is 'scan_mode_o_BAR'. (OPT-319)
Information: Complementing port 'scan_mode_o' in design 'r_state_ctrl_0_34'.
	 The new name of the port is 'scan_mode_o_BAR'. (OPT-319)
Information: Complementing port 'scan_mode_o' in design 'r_state_ctrl_0_33'.
	 The new name of the port is 'scan_mode_o_BAR'. (OPT-319)
Information: Complementing port 'scan_mode_o' in design 'r_state_ctrl_0_32'.
	 The new name of the port is 'scan_mode_o_BAR'. (OPT-319)
Information: Complementing port 'scan_mode_o' in design 'r_state_ctrl_0_31'.
	 The new name of the port is 'scan_mode_o_BAR'. (OPT-319)
Information: Complementing port 'scan_mode_o' in design 'r_state_ctrl_0_30'.
	 The new name of the port is 'scan_mode_o_BAR'. (OPT-319)
Information: Complementing port 'scan_mode_o' in design 'r_state_ctrl_0_29'.
	 The new name of the port is 'scan_mode_o_BAR'. (OPT-319)
Information: Complementing port 'scan_mode_o' in design 'r_state_ctrl_0_28'.
	 The new name of the port is 'scan_mode_o_BAR'. (OPT-319)
Information: Complementing port 'scan_mode_o' in design 'r_state_ctrl_0_27'.
	 The new name of the port is 'scan_mode_o_BAR'. (OPT-319)
Information: Complementing port 'scan_mode_o' in design 'r_state_ctrl_0_26'.
	 The new name of the port is 'scan_mode_o_BAR'. (OPT-319)
Information: Complementing port 'scan_mode_o' in design 'r_state_ctrl_0_25'.
	 The new name of the port is 'scan_mode_o_BAR'. (OPT-319)
Information: Complementing port 'scan_mode_o' in design 'r_state_ctrl_0_24'.
	 The new name of the port is 'scan_mode_o_BAR'. (OPT-319)
Information: Complementing port 'scan_mode_o' in design 'r_state_ctrl_0_23'.
	 The new name of the port is 'scan_mode_o_BAR'. (OPT-319)
Information: Complementing port 'scan_mode_o' in design 'r_state_ctrl_0_22'.
	 The new name of the port is 'scan_mode_o_BAR'. (OPT-319)
Information: Complementing port 'scan_mode_o' in design 'r_state_ctrl_0_21'.
	 The new name of the port is 'scan_mode_o_BAR'. (OPT-319)
Information: Complementing port 'scan_mode_o' in design 'r_state_ctrl_0_20'.
	 The new name of the port is 'scan_mode_o_BAR'. (OPT-319)
Information: Complementing port 'scan_mode_o' in design 'r_state_ctrl_0_19'.
	 The new name of the port is 'scan_mode_o_BAR'. (OPT-319)
Information: Complementing port 'scan_mode_o' in design 'r_state_ctrl_0_18'.
	 The new name of the port is 'scan_mode_o_BAR'. (OPT-319)
Information: Complementing port 'scan_mode_o' in design 'r_state_ctrl_0_17'.
	 The new name of the port is 'scan_mode_o_BAR'. (OPT-319)
Information: Complementing port 'scan_mode_o' in design 'r_state_ctrl_0_16'.
	 The new name of the port is 'scan_mode_o_BAR'. (OPT-319)
Information: Complementing port 'scan_mode_o' in design 'r_state_ctrl_0_15'.
	 The new name of the port is 'scan_mode_o_BAR'. (OPT-319)
Information: Complementing port 'scan_mode_o' in design 'r_state_ctrl_0_14'.
	 The new name of the port is 'scan_mode_o_BAR'. (OPT-319)
Information: Complementing port 'scan_mode_o' in design 'r_state_ctrl_0_13'.
	 The new name of the port is 'scan_mode_o_BAR'. (OPT-319)
Information: Complementing port 'scan_mode_o' in design 'r_state_ctrl_0_12'.
	 The new name of the port is 'scan_mode_o_BAR'. (OPT-319)
Information: Complementing port 'scan_mode_o' in design 'r_state_ctrl_0_11'.
	 The new name of the port is 'scan_mode_o_BAR'. (OPT-319)
Information: Complementing port 'scan_mode_o' in design 'r_state_ctrl_0_10'.
	 The new name of the port is 'scan_mode_o_BAR'. (OPT-319)
Information: Complementing port 'scan_mode_o' in design 'r_state_ctrl_0_9'.
	 The new name of the port is 'scan_mode_o_BAR'. (OPT-319)
Information: Complementing port 'scan_mode_o' in design 'r_state_ctrl_0_8'.
	 The new name of the port is 'scan_mode_o_BAR'. (OPT-319)
Information: Complementing port 'scan_mode_o' in design 'r_state_ctrl_0_7'.
	 The new name of the port is 'scan_mode_o_BAR'. (OPT-319)
Information: Complementing port 'scan_mode_o' in design 'r_state_ctrl_0_6'.
	 The new name of the port is 'scan_mode_o_BAR'. (OPT-319)
Information: Complementing port 'scan_mode_o' in design 'r_state_ctrl_0_5'.
	 The new name of the port is 'scan_mode_o_BAR'. (OPT-319)
Information: Complementing port 'scan_mode_o' in design 'r_state_ctrl_0_4'.
	 The new name of the port is 'scan_mode_o_BAR'. (OPT-319)
Information: Complementing port 'scan_mode_o' in design 'r_state_ctrl_0_3'.
	 The new name of the port is 'scan_mode_o_BAR'. (OPT-319)
Information: Complementing port 'scan_mode_o' in design 'r_state_ctrl_0_2'.
	 The new name of the port is 'scan_mode_o_BAR'. (OPT-319)
Information: Complementing port 'scan_mode_o' in design 'r_state_ctrl_0_1'.
	 The new name of the port is 'scan_mode_o_BAR'. (OPT-319)
Information: Complementing port 'scan_mode_o' in design 'r_state_ctrl_0_0'.
	 The new name of the port is 'scan_mode_o_BAR'. (OPT-319)
Information: Complementing port 'scan_mode_o' in design 'r_state_ctrl_1_98'.
	 The new name of the port is 'scan_mode_o_BAR'. (OPT-319)
Information: Complementing port 'scan_mode_o' in design 'r_state_ctrl_1_99'.
	 The new name of the port is 'scan_mode_o_BAR'. (OPT-319)
Information: Complementing port 'scan_mode_o' in design 'r_state_ctrl_0_98'.
	 The new name of the port is 'scan_mode_o_BAR'. (OPT-319)
Information: Complementing port 'scan_mode_o' in design 'r_state_ctrl_0_99'.
	 The new name of the port is 'scan_mode_o_BAR'. (OPT-319)
Information: Complementing port 'scan_mode' in design 'sol_acc_0_97'.
	 The new name of the port is 'scan_mode_BAR'. (OPT-319)
Information: Complementing port 'scan_mode' in design 'sol_acc_0_96'.
	 The new name of the port is 'scan_mode_BAR'. (OPT-319)
Information: Complementing port 'scan_mode' in design 'sol_acc_0_95'.
	 The new name of the port is 'scan_mode_BAR'. (OPT-319)
Information: Complementing port 'scan_mode' in design 'sol_acc_0_94'.
	 The new name of the port is 'scan_mode_BAR'. (OPT-319)
Information: Complementing port 'scan_mode' in design 'sol_acc_0_93'.
	 The new name of the port is 'scan_mode_BAR'. (OPT-319)
Information: Complementing port 'scan_mode' in design 'sol_acc_0_92'.
	 The new name of the port is 'scan_mode_BAR'. (OPT-319)
Information: Complementing port 'scan_mode' in design 'sol_acc_0_91'.
	 The new name of the port is 'scan_mode_BAR'. (OPT-319)
Information: Complementing port 'scan_mode' in design 'sol_acc_0_90'.
	 The new name of the port is 'scan_mode_BAR'. (OPT-319)
Information: Complementing port 'scan_mode' in design 'sol_acc_0_89'.
	 The new name of the port is 'scan_mode_BAR'. (OPT-319)
Information: Complementing port 'scan_mode' in design 'sol_acc_0_88'.
	 The new name of the port is 'scan_mode_BAR'. (OPT-319)
Information: Complementing port 'scan_mode' in design 'sol_acc_0_87'.
	 The new name of the port is 'scan_mode_BAR'. (OPT-319)
Information: Complementing port 'scan_mode' in design 'sol_acc_0_86'.
	 The new name of the port is 'scan_mode_BAR'. (OPT-319)
Information: Complementing port 'scan_mode' in design 'sol_acc_0_85'.
	 The new name of the port is 'scan_mode_BAR'. (OPT-319)
Information: Complementing port 'scan_mode' in design 'sol_acc_0_84'.
	 The new name of the port is 'scan_mode_BAR'. (OPT-319)
Information: Complementing port 'scan_mode' in design 'sol_acc_0_83'.
	 The new name of the port is 'scan_mode_BAR'. (OPT-319)
Information: Complementing port 'scan_mode' in design 'sol_acc_0_82'.
	 The new name of the port is 'scan_mode_BAR'. (OPT-319)
Information: Complementing port 'scan_mode' in design 'sol_acc_0_81'.
	 The new name of the port is 'scan_mode_BAR'. (OPT-319)
Information: Complementing port 'scan_mode' in design 'sol_acc_0_80'.
	 The new name of the port is 'scan_mode_BAR'. (OPT-319)
Information: Complementing port 'scan_mode' in design 'sol_acc_0_79'.
	 The new name of the port is 'scan_mode_BAR'. (OPT-319)
Information: Complementing port 'scan_mode' in design 'sol_acc_0_78'.
	 The new name of the port is 'scan_mode_BAR'. (OPT-319)
Information: Complementing port 'scan_mode' in design 'sol_acc_0_77'.
	 The new name of the port is 'scan_mode_BAR'. (OPT-319)
Information: Complementing port 'scan_mode' in design 'sol_acc_0_76'.
	 The new name of the port is 'scan_mode_BAR'. (OPT-319)
Information: Complementing port 'scan_mode' in design 'sol_acc_0_75'.
	 The new name of the port is 'scan_mode_BAR'. (OPT-319)
Information: Complementing port 'scan_mode' in design 'sol_acc_0_74'.
	 The new name of the port is 'scan_mode_BAR'. (OPT-319)
Information: Complementing port 'scan_mode' in design 'sol_acc_0_73'.
	 The new name of the port is 'scan_mode_BAR'. (OPT-319)
Information: Complementing port 'scan_mode' in design 'sol_acc_0_72'.
	 The new name of the port is 'scan_mode_BAR'. (OPT-319)
Information: Complementing port 'scan_mode' in design 'sol_acc_0_71'.
	 The new name of the port is 'scan_mode_BAR'. (OPT-319)
Information: Complementing port 'scan_mode' in design 'sol_acc_0_70'.
	 The new name of the port is 'scan_mode_BAR'. (OPT-319)
Information: Complementing port 'scan_mode' in design 'sol_acc_0_69'.
	 The new name of the port is 'scan_mode_BAR'. (OPT-319)
Information: Complementing port 'scan_mode' in design 'sol_acc_0_68'.
	 The new name of the port is 'scan_mode_BAR'. (OPT-319)
Information: Complementing port 'scan_mode' in design 'sol_acc_0_67'.
	 The new name of the port is 'scan_mode_BAR'. (OPT-319)
Information: Complementing port 'scan_mode' in design 'sol_acc_0_66'.
	 The new name of the port is 'scan_mode_BAR'. (OPT-319)
Information: Complementing port 'scan_mode' in design 'sol_acc_0_65'.
	 The new name of the port is 'scan_mode_BAR'. (OPT-319)
Information: Complementing port 'scan_mode' in design 'sol_acc_0_64'.
	 The new name of the port is 'scan_mode_BAR'. (OPT-319)
Information: Complementing port 'scan_mode' in design 'sol_acc_0_63'.
	 The new name of the port is 'scan_mode_BAR'. (OPT-319)
Information: Complementing port 'scan_mode' in design 'sol_acc_0_62'.
	 The new name of the port is 'scan_mode_BAR'. (OPT-319)
Information: Complementing port 'scan_mode' in design 'sol_acc_0_61'.
	 The new name of the port is 'scan_mode_BAR'. (OPT-319)
Information: Complementing port 'scan_mode' in design 'sol_acc_0_60'.
	 The new name of the port is 'scan_mode_BAR'. (OPT-319)
Information: Complementing port 'scan_mode' in design 'sol_acc_0_59'.
	 The new name of the port is 'scan_mode_BAR'. (OPT-319)
Information: Complementing port 'scan_mode' in design 'sol_acc_0_58'.
	 The new name of the port is 'scan_mode_BAR'. (OPT-319)
Information: Complementing port 'scan_mode' in design 'sol_acc_0_57'.
	 The new name of the port is 'scan_mode_BAR'. (OPT-319)
Information: Complementing port 'scan_mode' in design 'sol_acc_0_56'.
	 The new name of the port is 'scan_mode_BAR'. (OPT-319)
Information: Complementing port 'scan_mode' in design 'sol_acc_0_55'.
	 The new name of the port is 'scan_mode_BAR'. (OPT-319)
Information: Complementing port 'scan_mode' in design 'sol_acc_0_54'.
	 The new name of the port is 'scan_mode_BAR'. (OPT-319)
Information: Complementing port 'scan_mode' in design 'sol_acc_0_53'.
	 The new name of the port is 'scan_mode_BAR'. (OPT-319)
Information: Complementing port 'scan_mode' in design 'sol_acc_0_52'.
	 The new name of the port is 'scan_mode_BAR'. (OPT-319)
Information: Complementing port 'scan_mode' in design 'sol_acc_0_51'.
	 The new name of the port is 'scan_mode_BAR'. (OPT-319)
Information: Complementing port 'scan_mode' in design 'sol_acc_0_50'.
	 The new name of the port is 'scan_mode_BAR'. (OPT-319)
Information: Complementing port 'scan_mode' in design 'sol_acc_0_49'.
	 The new name of the port is 'scan_mode_BAR'. (OPT-319)
Information: Complementing port 'scan_mode' in design 'sol_acc_0_48'.
	 The new name of the port is 'scan_mode_BAR'. (OPT-319)
Information: Complementing port 'scan_mode' in design 'sol_acc_0_47'.
	 The new name of the port is 'scan_mode_BAR'. (OPT-319)
Information: Complementing port 'scan_mode' in design 'sol_acc_0_46'.
	 The new name of the port is 'scan_mode_BAR'. (OPT-319)
Information: Complementing port 'scan_mode' in design 'sol_acc_0_45'.
	 The new name of the port is 'scan_mode_BAR'. (OPT-319)
Information: Complementing port 'scan_mode' in design 'sol_acc_0_44'.
	 The new name of the port is 'scan_mode_BAR'. (OPT-319)
Information: Complementing port 'scan_mode' in design 'sol_acc_0_43'.
	 The new name of the port is 'scan_mode_BAR'. (OPT-319)
Information: Complementing port 'scan_mode' in design 'sol_acc_0_42'.
	 The new name of the port is 'scan_mode_BAR'. (OPT-319)
Information: Complementing port 'scan_mode' in design 'sol_acc_0_41'.
	 The new name of the port is 'scan_mode_BAR'. (OPT-319)
Information: Complementing port 'scan_mode' in design 'sol_acc_0_40'.
	 The new name of the port is 'scan_mode_BAR'. (OPT-319)
Information: Complementing port 'scan_mode' in design 'sol_acc_0_39'.
	 The new name of the port is 'scan_mode_BAR'. (OPT-319)
Information: Complementing port 'scan_mode' in design 'sol_acc_0_38'.
	 The new name of the port is 'scan_mode_BAR'. (OPT-319)
Information: Complementing port 'scan_mode' in design 'sol_acc_0_37'.
	 The new name of the port is 'scan_mode_BAR'. (OPT-319)
Information: Complementing port 'scan_mode' in design 'sol_acc_0_36'.
	 The new name of the port is 'scan_mode_BAR'. (OPT-319)
Information: Complementing port 'scan_mode' in design 'sol_acc_0_35'.
	 The new name of the port is 'scan_mode_BAR'. (OPT-319)
Information: Complementing port 'scan_mode' in design 'sol_acc_0_34'.
	 The new name of the port is 'scan_mode_BAR'. (OPT-319)
Information: Complementing port 'scan_mode' in design 'sol_acc_0_33'.
	 The new name of the port is 'scan_mode_BAR'. (OPT-319)
Information: Complementing port 'scan_mode' in design 'sol_acc_0_32'.
	 The new name of the port is 'scan_mode_BAR'. (OPT-319)
Information: Complementing port 'scan_mode' in design 'sol_acc_0_31'.
	 The new name of the port is 'scan_mode_BAR'. (OPT-319)
Information: Complementing port 'scan_mode' in design 'sol_acc_0_30'.
	 The new name of the port is 'scan_mode_BAR'. (OPT-319)
Information: Complementing port 'scan_mode' in design 'sol_acc_0_29'.
	 The new name of the port is 'scan_mode_BAR'. (OPT-319)
Information: Complementing port 'scan_mode' in design 'sol_acc_0_28'.
	 The new name of the port is 'scan_mode_BAR'. (OPT-319)
Information: Complementing port 'scan_mode' in design 'sol_acc_0_27'.
	 The new name of the port is 'scan_mode_BAR'. (OPT-319)
Information: Complementing port 'scan_mode' in design 'sol_acc_0_26'.
	 The new name of the port is 'scan_mode_BAR'. (OPT-319)
Information: Complementing port 'scan_mode' in design 'sol_acc_0_25'.
	 The new name of the port is 'scan_mode_BAR'. (OPT-319)
Information: Complementing port 'scan_mode' in design 'sol_acc_0_24'.
	 The new name of the port is 'scan_mode_BAR'. (OPT-319)
Information: Complementing port 'scan_mode' in design 'sol_acc_0_23'.
	 The new name of the port is 'scan_mode_BAR'. (OPT-319)
Information: Complementing port 'scan_mode' in design 'sol_acc_0_22'.
	 The new name of the port is 'scan_mode_BAR'. (OPT-319)
Information: Complementing port 'scan_mode' in design 'sol_acc_0_21'.
	 The new name of the port is 'scan_mode_BAR'. (OPT-319)
Information: Complementing port 'scan_mode' in design 'sol_acc_0_20'.
	 The new name of the port is 'scan_mode_BAR'. (OPT-319)
Information: Complementing port 'scan_mode' in design 'sol_acc_0_19'.
	 The new name of the port is 'scan_mode_BAR'. (OPT-319)
Information: Complementing port 'scan_mode' in design 'sol_acc_0_18'.
	 The new name of the port is 'scan_mode_BAR'. (OPT-319)
Information: Complementing port 'scan_mode' in design 'sol_acc_0_17'.
	 The new name of the port is 'scan_mode_BAR'. (OPT-319)
Information: Complementing port 'scan_mode' in design 'sol_acc_0_16'.
	 The new name of the port is 'scan_mode_BAR'. (OPT-319)
Information: Complementing port 'scan_mode' in design 'sol_acc_0_15'.
	 The new name of the port is 'scan_mode_BAR'. (OPT-319)
Information: Complementing port 'scan_mode' in design 'sol_acc_0_14'.
	 The new name of the port is 'scan_mode_BAR'. (OPT-319)
Information: Complementing port 'scan_mode' in design 'sol_acc_0_13'.
	 The new name of the port is 'scan_mode_BAR'. (OPT-319)
Information: Complementing port 'scan_mode' in design 'sol_acc_0_12'.
	 The new name of the port is 'scan_mode_BAR'. (OPT-319)
Information: Complementing port 'scan_mode' in design 'sol_acc_0_11'.
	 The new name of the port is 'scan_mode_BAR'. (OPT-319)
Information: Complementing port 'scan_mode' in design 'sol_acc_0_10'.
	 The new name of the port is 'scan_mode_BAR'. (OPT-319)
Information: Complementing port 'scan_mode' in design 'sol_acc_0_9'.
	 The new name of the port is 'scan_mode_BAR'. (OPT-319)
Information: Complementing port 'scan_mode' in design 'sol_acc_0_8'.
	 The new name of the port is 'scan_mode_BAR'. (OPT-319)
Information: Complementing port 'scan_mode' in design 'sol_acc_0_7'.
	 The new name of the port is 'scan_mode_BAR'. (OPT-319)
Information: Complementing port 'scan_mode' in design 'sol_acc_0_6'.
	 The new name of the port is 'scan_mode_BAR'. (OPT-319)
Information: Complementing port 'scan_mode' in design 'sol_acc_0_5'.
	 The new name of the port is 'scan_mode_BAR'. (OPT-319)
Information: Complementing port 'scan_mode' in design 'sol_acc_0_4'.
	 The new name of the port is 'scan_mode_BAR'. (OPT-319)
Information: Complementing port 'scan_mode' in design 'sol_acc_0_3'.
	 The new name of the port is 'scan_mode_BAR'. (OPT-319)
Information: Complementing port 'scan_mode' in design 'sol_acc_0_2'.
	 The new name of the port is 'scan_mode_BAR'. (OPT-319)
Information: Complementing port 'scan_mode' in design 'sol_acc_0_1'.
	 The new name of the port is 'scan_mode_BAR'. (OPT-319)
Information: Complementing port 'scan_mode' in design 'sol_acc_0_0'.
	 The new name of the port is 'scan_mode_BAR'. (OPT-319)
Information: Complementing port 'scan_mode' in design 'sol_acc_1_97'.
	 The new name of the port is 'scan_mode_BAR'. (OPT-319)
Information: Complementing port 'scan_mode' in design 'sol_acc_1_96'.
	 The new name of the port is 'scan_mode_BAR'. (OPT-319)
Information: Complementing port 'scan_mode' in design 'sol_acc_1_95'.
	 The new name of the port is 'scan_mode_BAR'. (OPT-319)
Information: Complementing port 'scan_mode' in design 'sol_acc_1_94'.
	 The new name of the port is 'scan_mode_BAR'. (OPT-319)
Information: Complementing port 'scan_mode' in design 'sol_acc_1_93'.
	 The new name of the port is 'scan_mode_BAR'. (OPT-319)
Information: Complementing port 'scan_mode' in design 'sol_acc_1_92'.
	 The new name of the port is 'scan_mode_BAR'. (OPT-319)
Information: Complementing port 'scan_mode' in design 'sol_acc_1_91'.
	 The new name of the port is 'scan_mode_BAR'. (OPT-319)
Information: Complementing port 'scan_mode' in design 'sol_acc_1_90'.
	 The new name of the port is 'scan_mode_BAR'. (OPT-319)
Information: Complementing port 'scan_mode' in design 'sol_acc_1_89'.
	 The new name of the port is 'scan_mode_BAR'. (OPT-319)
Information: Complementing port 'scan_mode' in design 'sol_acc_1_88'.
	 The new name of the port is 'scan_mode_BAR'. (OPT-319)
Information: Complementing port 'scan_mode' in design 'sol_acc_1_87'.
	 The new name of the port is 'scan_mode_BAR'. (OPT-319)
Information: Complementing port 'scan_mode' in design 'sol_acc_1_86'.
	 The new name of the port is 'scan_mode_BAR'. (OPT-319)
Information: Complementing port 'scan_mode' in design 'sol_acc_1_85'.
	 The new name of the port is 'scan_mode_BAR'. (OPT-319)
Information: Complementing port 'scan_mode' in design 'sol_acc_1_84'.
	 The new name of the port is 'scan_mode_BAR'. (OPT-319)
Information: Complementing port 'scan_mode' in design 'sol_acc_1_83'.
	 The new name of the port is 'scan_mode_BAR'. (OPT-319)
Information: Complementing port 'scan_mode' in design 'sol_acc_1_82'.
	 The new name of the port is 'scan_mode_BAR'. (OPT-319)
Information: Complementing port 'scan_mode' in design 'sol_acc_1_81'.
	 The new name of the port is 'scan_mode_BAR'. (OPT-319)
Information: Complementing port 'scan_mode' in design 'sol_acc_1_80'.
	 The new name of the port is 'scan_mode_BAR'. (OPT-319)
Information: Complementing port 'scan_mode' in design 'sol_acc_1_79'.
	 The new name of the port is 'scan_mode_BAR'. (OPT-319)
Information: Complementing port 'scan_mode' in design 'sol_acc_1_78'.
	 The new name of the port is 'scan_mode_BAR'. (OPT-319)
Information: Complementing port 'scan_mode' in design 'sol_acc_1_77'.
	 The new name of the port is 'scan_mode_BAR'. (OPT-319)
Information: Complementing port 'scan_mode' in design 'sol_acc_1_76'.
	 The new name of the port is 'scan_mode_BAR'. (OPT-319)
Information: Complementing port 'scan_mode' in design 'sol_acc_1_75'.
	 The new name of the port is 'scan_mode_BAR'. (OPT-319)
Information: Complementing port 'scan_mode' in design 'sol_acc_1_74'.
	 The new name of the port is 'scan_mode_BAR'. (OPT-319)
Information: Complementing port 'scan_mode' in design 'sol_acc_1_73'.
	 The new name of the port is 'scan_mode_BAR'. (OPT-319)
Information: Complementing port 'scan_mode' in design 'sol_acc_1_72'.
	 The new name of the port is 'scan_mode_BAR'. (OPT-319)
Information: Complementing port 'scan_mode' in design 'sol_acc_1_71'.
	 The new name of the port is 'scan_mode_BAR'. (OPT-319)
Information: Complementing port 'scan_mode' in design 'sol_acc_1_70'.
	 The new name of the port is 'scan_mode_BAR'. (OPT-319)
Information: Complementing port 'scan_mode' in design 'sol_acc_1_69'.
	 The new name of the port is 'scan_mode_BAR'. (OPT-319)
Information: Complementing port 'scan_mode' in design 'sol_acc_1_68'.
	 The new name of the port is 'scan_mode_BAR'. (OPT-319)
Information: Complementing port 'scan_mode' in design 'sol_acc_1_67'.
	 The new name of the port is 'scan_mode_BAR'. (OPT-319)
Information: Complementing port 'scan_mode' in design 'sol_acc_1_66'.
	 The new name of the port is 'scan_mode_BAR'. (OPT-319)
Information: Complementing port 'scan_mode' in design 'sol_acc_1_65'.
	 The new name of the port is 'scan_mode_BAR'. (OPT-319)
Information: Complementing port 'scan_mode' in design 'sol_acc_1_64'.
	 The new name of the port is 'scan_mode_BAR'. (OPT-319)
Information: Complementing port 'scan_mode' in design 'sol_acc_1_63'.
	 The new name of the port is 'scan_mode_BAR'. (OPT-319)
Information: Complementing port 'scan_mode' in design 'sol_acc_1_62'.
	 The new name of the port is 'scan_mode_BAR'. (OPT-319)
Information: Complementing port 'scan_mode' in design 'sol_acc_1_61'.
	 The new name of the port is 'scan_mode_BAR'. (OPT-319)
Information: Complementing port 'scan_mode' in design 'sol_acc_1_60'.
	 The new name of the port is 'scan_mode_BAR'. (OPT-319)
Information: Complementing port 'scan_mode' in design 'sol_acc_1_59'.
	 The new name of the port is 'scan_mode_BAR'. (OPT-319)
Information: Complementing port 'scan_mode' in design 'sol_acc_1_58'.
	 The new name of the port is 'scan_mode_BAR'. (OPT-319)
Information: Complementing port 'scan_mode' in design 'sol_acc_1_57'.
	 The new name of the port is 'scan_mode_BAR'. (OPT-319)
Information: Complementing port 'scan_mode' in design 'sol_acc_1_56'.
	 The new name of the port is 'scan_mode_BAR'. (OPT-319)
Information: Complementing port 'scan_mode' in design 'sol_acc_1_55'.
	 The new name of the port is 'scan_mode_BAR'. (OPT-319)
Information: Complementing port 'scan_mode' in design 'sol_acc_1_54'.
	 The new name of the port is 'scan_mode_BAR'. (OPT-319)
Information: Complementing port 'scan_mode' in design 'sol_acc_1_53'.
	 The new name of the port is 'scan_mode_BAR'. (OPT-319)
Information: Complementing port 'scan_mode' in design 'sol_acc_1_52'.
	 The new name of the port is 'scan_mode_BAR'. (OPT-319)
Information: Complementing port 'scan_mode' in design 'sol_acc_1_51'.
	 The new name of the port is 'scan_mode_BAR'. (OPT-319)
Information: Complementing port 'scan_mode' in design 'sol_acc_1_50'.
	 The new name of the port is 'scan_mode_BAR'. (OPT-319)
Information: Complementing port 'scan_mode' in design 'sol_acc_1_49'.
	 The new name of the port is 'scan_mode_BAR'. (OPT-319)
Information: Complementing port 'scan_mode' in design 'sol_acc_1_48'.
	 The new name of the port is 'scan_mode_BAR'. (OPT-319)
Information: Complementing port 'scan_mode' in design 'sol_acc_1_47'.
	 The new name of the port is 'scan_mode_BAR'. (OPT-319)
Information: Complementing port 'scan_mode' in design 'sol_acc_1_46'.
	 The new name of the port is 'scan_mode_BAR'. (OPT-319)
Information: Complementing port 'scan_mode' in design 'sol_acc_1_45'.
	 The new name of the port is 'scan_mode_BAR'. (OPT-319)
Information: Complementing port 'scan_mode' in design 'sol_acc_1_44'.
	 The new name of the port is 'scan_mode_BAR'. (OPT-319)
Information: Complementing port 'scan_mode' in design 'sol_acc_1_43'.
	 The new name of the port is 'scan_mode_BAR'. (OPT-319)
Information: Complementing port 'scan_mode' in design 'sol_acc_1_42'.
	 The new name of the port is 'scan_mode_BAR'. (OPT-319)
Information: Complementing port 'scan_mode' in design 'sol_acc_1_41'.
	 The new name of the port is 'scan_mode_BAR'. (OPT-319)
Information: Complementing port 'scan_mode' in design 'sol_acc_1_40'.
	 The new name of the port is 'scan_mode_BAR'. (OPT-319)
Information: Complementing port 'scan_mode' in design 'sol_acc_1_39'.
	 The new name of the port is 'scan_mode_BAR'. (OPT-319)
Information: Complementing port 'scan_mode' in design 'sol_acc_1_38'.
	 The new name of the port is 'scan_mode_BAR'. (OPT-319)
Information: Complementing port 'scan_mode' in design 'sol_acc_1_37'.
	 The new name of the port is 'scan_mode_BAR'. (OPT-319)
Information: Complementing port 'scan_mode' in design 'sol_acc_1_36'.
	 The new name of the port is 'scan_mode_BAR'. (OPT-319)
Information: Complementing port 'scan_mode' in design 'sol_acc_1_35'.
	 The new name of the port is 'scan_mode_BAR'. (OPT-319)
Information: Complementing port 'scan_mode' in design 'sol_acc_1_34'.
	 The new name of the port is 'scan_mode_BAR'. (OPT-319)
Information: Complementing port 'scan_mode' in design 'sol_acc_1_33'.
	 The new name of the port is 'scan_mode_BAR'. (OPT-319)
Information: Complementing port 'scan_mode' in design 'sol_acc_1_32'.
	 The new name of the port is 'scan_mode_BAR'. (OPT-319)
Information: Complementing port 'scan_mode' in design 'sol_acc_1_31'.
	 The new name of the port is 'scan_mode_BAR'. (OPT-319)
Information: Complementing port 'scan_mode' in design 'sol_acc_1_30'.
	 The new name of the port is 'scan_mode_BAR'. (OPT-319)
Information: Complementing port 'scan_mode' in design 'sol_acc_1_29'.
	 The new name of the port is 'scan_mode_BAR'. (OPT-319)
Information: Complementing port 'scan_mode' in design 'sol_acc_1_28'.
	 The new name of the port is 'scan_mode_BAR'. (OPT-319)
Information: Complementing port 'scan_mode' in design 'sol_acc_1_27'.
	 The new name of the port is 'scan_mode_BAR'. (OPT-319)
Information: Complementing port 'scan_mode' in design 'sol_acc_1_26'.
	 The new name of the port is 'scan_mode_BAR'. (OPT-319)
Information: Complementing port 'scan_mode' in design 'sol_acc_1_25'.
	 The new name of the port is 'scan_mode_BAR'. (OPT-319)
Information: Complementing port 'scan_mode' in design 'sol_acc_1_24'.
	 The new name of the port is 'scan_mode_BAR'. (OPT-319)
Information: Complementing port 'scan_mode' in design 'sol_acc_1_23'.
	 The new name of the port is 'scan_mode_BAR'. (OPT-319)
Information: Complementing port 'scan_mode' in design 'sol_acc_1_22'.
	 The new name of the port is 'scan_mode_BAR'. (OPT-319)
Information: Complementing port 'scan_mode' in design 'sol_acc_1_21'.
	 The new name of the port is 'scan_mode_BAR'. (OPT-319)
Information: Complementing port 'scan_mode' in design 'sol_acc_1_20'.
	 The new name of the port is 'scan_mode_BAR'. (OPT-319)
Information: Complementing port 'scan_mode' in design 'sol_acc_1_19'.
	 The new name of the port is 'scan_mode_BAR'. (OPT-319)
Information: Complementing port 'scan_mode' in design 'sol_acc_1_18'.
	 The new name of the port is 'scan_mode_BAR'. (OPT-319)
Information: Complementing port 'scan_mode' in design 'sol_acc_1_17'.
	 The new name of the port is 'scan_mode_BAR'. (OPT-319)
Information: Complementing port 'scan_mode' in design 'sol_acc_1_16'.
	 The new name of the port is 'scan_mode_BAR'. (OPT-319)
Information: Complementing port 'scan_mode' in design 'sol_acc_1_15'.
	 The new name of the port is 'scan_mode_BAR'. (OPT-319)
Information: Complementing port 'scan_mode' in design 'sol_acc_1_14'.
	 The new name of the port is 'scan_mode_BAR'. (OPT-319)
Information: Complementing port 'scan_mode' in design 'sol_acc_1_13'.
	 The new name of the port is 'scan_mode_BAR'. (OPT-319)
Information: Complementing port 'scan_mode' in design 'sol_acc_1_12'.
	 The new name of the port is 'scan_mode_BAR'. (OPT-319)
Information: Complementing port 'scan_mode' in design 'sol_acc_1_11'.
	 The new name of the port is 'scan_mode_BAR'. (OPT-319)
Information: Complementing port 'scan_mode' in design 'sol_acc_1_10'.
	 The new name of the port is 'scan_mode_BAR'. (OPT-319)
Information: Complementing port 'scan_mode' in design 'sol_acc_1_9'.
	 The new name of the port is 'scan_mode_BAR'. (OPT-319)
Information: Complementing port 'scan_mode' in design 'sol_acc_1_8'.
	 The new name of the port is 'scan_mode_BAR'. (OPT-319)
Information: Complementing port 'scan_mode' in design 'sol_acc_1_7'.
	 The new name of the port is 'scan_mode_BAR'. (OPT-319)
Information: Complementing port 'scan_mode' in design 'sol_acc_1_6'.
	 The new name of the port is 'scan_mode_BAR'. (OPT-319)
Information: Complementing port 'scan_mode' in design 'sol_acc_1_5'.
	 The new name of the port is 'scan_mode_BAR'. (OPT-319)
Information: Complementing port 'scan_mode' in design 'sol_acc_1_4'.
	 The new name of the port is 'scan_mode_BAR'. (OPT-319)
Information: Complementing port 'scan_mode' in design 'sol_acc_1_3'.
	 The new name of the port is 'scan_mode_BAR'. (OPT-319)
Information: Complementing port 'scan_mode' in design 'sol_acc_1_2'.
	 The new name of the port is 'scan_mode_BAR'. (OPT-319)
Information: Complementing port 'scan_mode' in design 'sol_acc_1_1'.
	 The new name of the port is 'scan_mode_BAR'. (OPT-319)
Information: Complementing port 'scan_mode' in design 'sol_acc_1_0'.
	 The new name of the port is 'scan_mode_BAR'. (OPT-319)
Information: Complementing port 'scan_mode' in design 'sol_acc_0_98'.
	 The new name of the port is 'scan_mode_BAR'. (OPT-319)
Information: Complementing port 'scan_mode' in design 'sol_acc_0_99'.
	 The new name of the port is 'scan_mode_BAR'. (OPT-319)
Information: Complementing port 'scan_mode' in design 'sol_acc_1_98'.
	 The new name of the port is 'scan_mode_BAR'. (OPT-319)
Information: Complementing port 'scan_mode' in design 'sol_acc_1_99'.
	 The new name of the port is 'scan_mode_BAR'. (OPT-319)
Information: Complementing port 'read_en' in design 'pde_tcu_1_1_4096'.
	 The new name of the port is 'read_en_BAR'. (OPT-319)
Information: Complementing port 'clear_i' in design 'counter_ce_WIDTH5'.
	 The new name of the port is 'clear_i_BAR'. (OPT-319)

  Beginning Mapping Optimizations  (Ultra High effort)
  -------------------------------
Information: Added key list 'DesignWare' to design 'sol_acc_1_99'. (DDB-72)
Information: Added key list 'DesignWare' to design 'sol_acc_1_98'. (DDB-72)
Information: Added key list 'DesignWare' to design 'sol_acc_0_99'. (DDB-72)
Information: Added key list 'DesignWare' to design 'sol_acc_0_0'. (DDB-72)
Information: Added key list 'DesignWare' to design 'sol_acc_0_1'. (DDB-72)
Information: Added key list 'DesignWare' to design 'sol_acc_0_2'. (DDB-72)
Information: Added key list 'DesignWare' to design 'sol_acc_0_3'. (DDB-72)
Information: Added key list 'DesignWare' to design 'sol_acc_0_4'. (DDB-72)
Information: Added key list 'DesignWare' to design 'sol_acc_0_5'. (DDB-72)
Information: Added key list 'DesignWare' to design 'sol_acc_0_6'. (DDB-72)
Information: Added key list 'DesignWare' to design 'sol_acc_0_7'. (DDB-72)
Information: Added key list 'DesignWare' to design 'sol_acc_0_8'. (DDB-72)
Information: Added key list 'DesignWare' to design 'sol_acc_0_9'. (DDB-72)
Information: Added key list 'DesignWare' to design 'sol_acc_0_10'. (DDB-72)
Information: Added key list 'DesignWare' to design 'sol_acc_0_11'. (DDB-72)
Information: Added key list 'DesignWare' to design 'sol_acc_0_12'. (DDB-72)
Information: Added key list 'DesignWare' to design 'sol_acc_0_13'. (DDB-72)
Information: Added key list 'DesignWare' to design 'sol_acc_0_14'. (DDB-72)
Information: Added key list 'DesignWare' to design 'sol_acc_0_15'. (DDB-72)
Information: Added key list 'DesignWare' to design 'sol_acc_0_16'. (DDB-72)
Information: Added key list 'DesignWare' to design 'sol_acc_0_17'. (DDB-72)
Information: Added key list 'DesignWare' to design 'sol_acc_0_18'. (DDB-72)
Information: Added key list 'DesignWare' to design 'sol_acc_0_19'. (DDB-72)
Information: Added key list 'DesignWare' to design 'sol_acc_0_20'. (DDB-72)
Information: Added key list 'DesignWare' to design 'sol_acc_0_21'. (DDB-72)
Information: Added key list 'DesignWare' to design 'sol_acc_0_22'. (DDB-72)
Information: Added key list 'DesignWare' to design 'sol_acc_0_23'. (DDB-72)
Information: Added key list 'DesignWare' to design 'sol_acc_0_24'. (DDB-72)
Information: Added key list 'DesignWare' to design 'sol_acc_0_25'. (DDB-72)
Information: Added key list 'DesignWare' to design 'sol_acc_0_26'. (DDB-72)
Information: Added key list 'DesignWare' to design 'sol_acc_0_27'. (DDB-72)
Information: Added key list 'DesignWare' to design 'sol_acc_0_28'. (DDB-72)
Information: Added key list 'DesignWare' to design 'sol_acc_0_29'. (DDB-72)
Information: Added key list 'DesignWare' to design 'sol_acc_0_30'. (DDB-72)
Information: Added key list 'DesignWare' to design 'sol_acc_0_31'. (DDB-72)
Information: Added key list 'DesignWare' to design 'sol_acc_0_32'. (DDB-72)
Information: Added key list 'DesignWare' to design 'sol_acc_0_33'. (DDB-72)
Information: Added key list 'DesignWare' to design 'sol_acc_0_34'. (DDB-72)
Information: Added key list 'DesignWare' to design 'sol_acc_0_35'. (DDB-72)
Information: Added key list 'DesignWare' to design 'sol_acc_0_36'. (DDB-72)
Information: Added key list 'DesignWare' to design 'sol_acc_0_37'. (DDB-72)
Information: Added key list 'DesignWare' to design 'sol_acc_0_38'. (DDB-72)
Information: Added key list 'DesignWare' to design 'sol_acc_0_39'. (DDB-72)
Information: Added key list 'DesignWare' to design 'sol_acc_0_40'. (DDB-72)
Information: Added key list 'DesignWare' to design 'sol_acc_0_41'. (DDB-72)
Information: Added key list 'DesignWare' to design 'sol_acc_0_42'. (DDB-72)
Information: Added key list 'DesignWare' to design 'sol_acc_0_43'. (DDB-72)
Information: Added key list 'DesignWare' to design 'sol_acc_0_44'. (DDB-72)
Information: Added key list 'DesignWare' to design 'sol_acc_0_45'. (DDB-72)
Information: Added key list 'DesignWare' to design 'sol_acc_0_46'. (DDB-72)
Information: Added key list 'DesignWare' to design 'sol_acc_0_47'. (DDB-72)
Information: Added key list 'DesignWare' to design 'sol_acc_0_48'. (DDB-72)
Information: Added key list 'DesignWare' to design 'sol_acc_0_49'. (DDB-72)
Information: Added key list 'DesignWare' to design 'sol_acc_0_50'. (DDB-72)
Information: Added key list 'DesignWare' to design 'sol_acc_0_51'. (DDB-72)
Information: Added key list 'DesignWare' to design 'sol_acc_0_52'. (DDB-72)
Information: Added key list 'DesignWare' to design 'sol_acc_0_53'. (DDB-72)
Information: Added key list 'DesignWare' to design 'sol_acc_0_54'. (DDB-72)
Information: Added key list 'DesignWare' to design 'sol_acc_0_55'. (DDB-72)
Information: Added key list 'DesignWare' to design 'sol_acc_0_56'. (DDB-72)
Information: Added key list 'DesignWare' to design 'sol_acc_0_57'. (DDB-72)
Information: Added key list 'DesignWare' to design 'sol_acc_0_58'. (DDB-72)
Information: Added key list 'DesignWare' to design 'sol_acc_0_59'. (DDB-72)
Information: Added key list 'DesignWare' to design 'sol_acc_0_60'. (DDB-72)
Information: Added key list 'DesignWare' to design 'sol_acc_0_61'. (DDB-72)
Information: Added key list 'DesignWare' to design 'sol_acc_0_62'. (DDB-72)
Information: Added key list 'DesignWare' to design 'sol_acc_0_63'. (DDB-72)
Information: Added key list 'DesignWare' to design 'sol_acc_0_64'. (DDB-72)
Information: Added key list 'DesignWare' to design 'sol_acc_0_65'. (DDB-72)
Information: Added key list 'DesignWare' to design 'sol_acc_0_66'. (DDB-72)
Information: Added key list 'DesignWare' to design 'sol_acc_0_67'. (DDB-72)
Information: Added key list 'DesignWare' to design 'sol_acc_0_68'. (DDB-72)
Information: Added key list 'DesignWare' to design 'sol_acc_0_69'. (DDB-72)
Information: Added key list 'DesignWare' to design 'sol_acc_0_70'. (DDB-72)
Information: Added key list 'DesignWare' to design 'sol_acc_0_71'. (DDB-72)
Information: Added key list 'DesignWare' to design 'sol_acc_0_72'. (DDB-72)
Information: Added key list 'DesignWare' to design 'sol_acc_0_73'. (DDB-72)
Information: Added key list 'DesignWare' to design 'sol_acc_0_74'. (DDB-72)
Information: Added key list 'DesignWare' to design 'sol_acc_0_75'. (DDB-72)
Information: Added key list 'DesignWare' to design 'sol_acc_0_76'. (DDB-72)
Information: Added key list 'DesignWare' to design 'sol_acc_0_77'. (DDB-72)
Information: Added key list 'DesignWare' to design 'sol_acc_0_78'. (DDB-72)
Information: Added key list 'DesignWare' to design 'sol_acc_0_79'. (DDB-72)
Information: Added key list 'DesignWare' to design 'sol_acc_0_80'. (DDB-72)
Information: Added key list 'DesignWare' to design 'sol_acc_0_81'. (DDB-72)
Information: Added key list 'DesignWare' to design 'sol_acc_0_82'. (DDB-72)
Information: Added key list 'DesignWare' to design 'sol_acc_0_83'. (DDB-72)
Information: Added key list 'DesignWare' to design 'sol_acc_0_84'. (DDB-72)
Information: Added key list 'DesignWare' to design 'sol_acc_0_85'. (DDB-72)
Information: Added key list 'DesignWare' to design 'sol_acc_0_86'. (DDB-72)
Information: Added key list 'DesignWare' to design 'sol_acc_0_87'. (DDB-72)
Information: Added key list 'DesignWare' to design 'sol_acc_0_88'. (DDB-72)
Information: Added key list 'DesignWare' to design 'sol_acc_0_89'. (DDB-72)
Information: Added key list 'DesignWare' to design 'sol_acc_0_90'. (DDB-72)
Information: Added key list 'DesignWare' to design 'sol_acc_0_91'. (DDB-72)
Information: Added key list 'DesignWare' to design 'sol_acc_0_92'. (DDB-72)
Information: Added key list 'DesignWare' to design 'sol_acc_0_93'. (DDB-72)
Information: Added key list 'DesignWare' to design 'sol_acc_0_94'. (DDB-72)
Information: Added key list 'DesignWare' to design 'sol_acc_0_95'. (DDB-72)
Information: Added key list 'DesignWare' to design 'sol_acc_0_96'. (DDB-72)
Information: Added key list 'DesignWare' to design 'sol_acc_0_97'. (DDB-72)
Information: Added key list 'DesignWare' to design 'sol_acc_0_98'. (DDB-72)
Information: Added key list 'DesignWare' to design 'sol_acc_1_0'. (DDB-72)
Information: Added key list 'DesignWare' to design 'sol_acc_1_1'. (DDB-72)
Information: Added key list 'DesignWare' to design 'sol_acc_1_2'. (DDB-72)
Information: Added key list 'DesignWare' to design 'sol_acc_1_3'. (DDB-72)
Information: Added key list 'DesignWare' to design 'sol_acc_1_4'. (DDB-72)
Information: Added key list 'DesignWare' to design 'sol_acc_1_5'. (DDB-72)
Information: Added key list 'DesignWare' to design 'sol_acc_1_6'. (DDB-72)
Information: Added key list 'DesignWare' to design 'sol_acc_1_7'. (DDB-72)
Information: Added key list 'DesignWare' to design 'sol_acc_1_8'. (DDB-72)
Information: Added key list 'DesignWare' to design 'sol_acc_1_9'. (DDB-72)
Information: Added key list 'DesignWare' to design 'sol_acc_1_10'. (DDB-72)
Information: Added key list 'DesignWare' to design 'sol_acc_1_11'. (DDB-72)
Information: Added key list 'DesignWare' to design 'sol_acc_1_12'. (DDB-72)
Information: Added key list 'DesignWare' to design 'sol_acc_1_13'. (DDB-72)
Information: Added key list 'DesignWare' to design 'sol_acc_1_14'. (DDB-72)
Information: Added key list 'DesignWare' to design 'sol_acc_1_15'. (DDB-72)
Information: Added key list 'DesignWare' to design 'sol_acc_1_16'. (DDB-72)
Information: Added key list 'DesignWare' to design 'sol_acc_1_17'. (DDB-72)
Information: Added key list 'DesignWare' to design 'sol_acc_1_18'. (DDB-72)
Information: Added key list 'DesignWare' to design 'sol_acc_1_19'. (DDB-72)
Information: Added key list 'DesignWare' to design 'sol_acc_1_20'. (DDB-72)
Information: Added key list 'DesignWare' to design 'sol_acc_1_21'. (DDB-72)
Information: Added key list 'DesignWare' to design 'sol_acc_1_22'. (DDB-72)
Information: Added key list 'DesignWare' to design 'sol_acc_1_23'. (DDB-72)
Information: Added key list 'DesignWare' to design 'sol_acc_1_24'. (DDB-72)
Information: Added key list 'DesignWare' to design 'sol_acc_1_25'. (DDB-72)
Information: Added key list 'DesignWare' to design 'sol_acc_1_26'. (DDB-72)
Information: Added key list 'DesignWare' to design 'sol_acc_1_27'. (DDB-72)
Information: Added key list 'DesignWare' to design 'sol_acc_1_28'. (DDB-72)
Information: Added key list 'DesignWare' to design 'sol_acc_1_29'. (DDB-72)
Information: Added key list 'DesignWare' to design 'sol_acc_1_30'. (DDB-72)
Information: Added key list 'DesignWare' to design 'sol_acc_1_31'. (DDB-72)
Information: Added key list 'DesignWare' to design 'sol_acc_1_32'. (DDB-72)
Information: Added key list 'DesignWare' to design 'sol_acc_1_33'. (DDB-72)
Information: Added key list 'DesignWare' to design 'sol_acc_1_34'. (DDB-72)
Information: Added key list 'DesignWare' to design 'sol_acc_1_35'. (DDB-72)
Information: Added key list 'DesignWare' to design 'sol_acc_1_36'. (DDB-72)
Information: Added key list 'DesignWare' to design 'sol_acc_1_37'. (DDB-72)
Information: Added key list 'DesignWare' to design 'sol_acc_1_38'. (DDB-72)
Information: Added key list 'DesignWare' to design 'sol_acc_1_39'. (DDB-72)
Information: Added key list 'DesignWare' to design 'sol_acc_1_40'. (DDB-72)
Information: Added key list 'DesignWare' to design 'sol_acc_1_41'. (DDB-72)
Information: Added key list 'DesignWare' to design 'sol_acc_1_42'. (DDB-72)
Information: Added key list 'DesignWare' to design 'sol_acc_1_43'. (DDB-72)
Information: Added key list 'DesignWare' to design 'sol_acc_1_44'. (DDB-72)
Information: Added key list 'DesignWare' to design 'sol_acc_1_45'. (DDB-72)
Information: Added key list 'DesignWare' to design 'sol_acc_1_46'. (DDB-72)
Information: Added key list 'DesignWare' to design 'sol_acc_1_47'. (DDB-72)
Information: Added key list 'DesignWare' to design 'sol_acc_1_48'. (DDB-72)
Information: Added key list 'DesignWare' to design 'sol_acc_1_49'. (DDB-72)
Information: Added key list 'DesignWare' to design 'sol_acc_1_50'. (DDB-72)
Information: Added key list 'DesignWare' to design 'sol_acc_1_51'. (DDB-72)
Information: Added key list 'DesignWare' to design 'sol_acc_1_52'. (DDB-72)
Information: Added key list 'DesignWare' to design 'sol_acc_1_53'. (DDB-72)
Information: Added key list 'DesignWare' to design 'sol_acc_1_54'. (DDB-72)
Information: Added key list 'DesignWare' to design 'sol_acc_1_55'. (DDB-72)
Information: Added key list 'DesignWare' to design 'sol_acc_1_56'. (DDB-72)
Information: Added key list 'DesignWare' to design 'sol_acc_1_57'. (DDB-72)
Information: Added key list 'DesignWare' to design 'sol_acc_1_58'. (DDB-72)
Information: Added key list 'DesignWare' to design 'sol_acc_1_59'. (DDB-72)
Information: Added key list 'DesignWare' to design 'sol_acc_1_60'. (DDB-72)
Information: Added key list 'DesignWare' to design 'sol_acc_1_61'. (DDB-72)
Information: Added key list 'DesignWare' to design 'sol_acc_1_62'. (DDB-72)
Information: Added key list 'DesignWare' to design 'sol_acc_1_63'. (DDB-72)
Information: Added key list 'DesignWare' to design 'sol_acc_1_64'. (DDB-72)
Information: Added key list 'DesignWare' to design 'sol_acc_1_65'. (DDB-72)
Information: Added key list 'DesignWare' to design 'sol_acc_1_66'. (DDB-72)
Information: Added key list 'DesignWare' to design 'sol_acc_1_67'. (DDB-72)
Information: Added key list 'DesignWare' to design 'sol_acc_1_68'. (DDB-72)
Information: Added key list 'DesignWare' to design 'sol_acc_1_69'. (DDB-72)
Information: Added key list 'DesignWare' to design 'sol_acc_1_70'. (DDB-72)
Information: Added key list 'DesignWare' to design 'sol_acc_1_71'. (DDB-72)
Information: Added key list 'DesignWare' to design 'sol_acc_1_72'. (DDB-72)
Information: Added key list 'DesignWare' to design 'sol_acc_1_73'. (DDB-72)
Information: Added key list 'DesignWare' to design 'sol_acc_1_74'. (DDB-72)
Information: Added key list 'DesignWare' to design 'sol_acc_1_75'. (DDB-72)
Information: Added key list 'DesignWare' to design 'sol_acc_1_76'. (DDB-72)
Information: Added key list 'DesignWare' to design 'sol_acc_1_77'. (DDB-72)
Information: Added key list 'DesignWare' to design 'sol_acc_1_78'. (DDB-72)
Information: Added key list 'DesignWare' to design 'sol_acc_1_79'. (DDB-72)
Information: Added key list 'DesignWare' to design 'sol_acc_1_80'. (DDB-72)
Information: Added key list 'DesignWare' to design 'sol_acc_1_81'. (DDB-72)
Information: Added key list 'DesignWare' to design 'sol_acc_1_82'. (DDB-72)
Information: Added key list 'DesignWare' to design 'sol_acc_1_83'. (DDB-72)
Information: Added key list 'DesignWare' to design 'sol_acc_1_84'. (DDB-72)
Information: Added key list 'DesignWare' to design 'sol_acc_1_85'. (DDB-72)
Information: Added key list 'DesignWare' to design 'sol_acc_1_86'. (DDB-72)
Information: Added key list 'DesignWare' to design 'sol_acc_1_87'. (DDB-72)
Information: Added key list 'DesignWare' to design 'sol_acc_1_88'. (DDB-72)
Information: Added key list 'DesignWare' to design 'sol_acc_1_89'. (DDB-72)
Information: Added key list 'DesignWare' to design 'sol_acc_1_90'. (DDB-72)
Information: Added key list 'DesignWare' to design 'sol_acc_1_91'. (DDB-72)
Information: Added key list 'DesignWare' to design 'sol_acc_1_92'. (DDB-72)
Information: Added key list 'DesignWare' to design 'sol_acc_1_93'. (DDB-72)
Information: Added key list 'DesignWare' to design 'sol_acc_1_94'. (DDB-72)
Information: Added key list 'DesignWare' to design 'sol_acc_1_95'. (DDB-72)
Information: Added key list 'DesignWare' to design 'sol_acc_1_96'. (DDB-72)
Information: Added key list 'DesignWare' to design 'sol_acc_1_97'. (DDB-72)
.
Memory usage for J5 task 1438 Mbytes -- main task 1438 Mbytes.
Memory usage for J6 task 1438 Mbytes -- main task 1438 Mbytes.
Memory usage for J7 task 1438 Mbytes -- main task 1438 Mbytes.
  Mapping Optimization (Phase 1)

                                  TOTAL                                                
   ELAPSED            WORST NEG   SETUP    DESIGN                              LEAKAGE 
    TIME      AREA      SLACK     COST    RULE COST         ENDPOINT            POWER  
  --------- --------- --------- --------- --------- ------------------------- ---------
    0:02:33  512435.2      0.00       0.0    1865.7                           183250.2500
    0:02:35  512413.2      0.00       0.0    1865.7                           183243.8906

  Beginning Constant Register Removal
  -----------------------------------

  Beginning Global Optimizations
  ------------------------------
  Numerical Synthesis (Phase 1)
  Numerical Synthesis (Phase 2)
  Global Optimization (Phase 1)
  Global Optimization (Phase 2)
  Global Optimization (Phase 3)
  Global Optimization (Phase 4)
  Global Optimization (Phase 5)
  Global Optimization (Phase 6)
  Global Optimization (Phase 7)
  Global Optimization (Phase 8)
  Global Optimization (Phase 9)
  Global Optimization (Phase 10)
  Global Optimization (Phase 11)
  Global Optimization (Phase 12)
  Global Optimization (Phase 13)
  Global Optimization (Phase 14)
  Global Optimization (Phase 15)
  Global Optimization (Phase 16)
  Global Optimization (Phase 17)
  Global Optimization (Phase 18)
  Global Optimization (Phase 19)
  Global Optimization (Phase 20)
  Global Optimization (Phase 21)
  Global Optimization (Phase 22)
  Global Optimization (Phase 23)
  Global Optimization (Phase 24)
  Global Optimization (Phase 25)
  Global Optimization (Phase 26)
  Global Optimization (Phase 27)
  Global Optimization (Phase 28)
  Global Optimization (Phase 29)
  Global Optimization (Phase 30)
  Global Optimization (Phase 31)
  Global Optimization (Phase 32)

  Beginning Isolate Ports
  -----------------------

  Beginning Delay Optimization
  ----------------------------
    0:03:14  410472.4      0.00       0.0     808.5                           110986.2188
    0:03:14  410472.4      0.00       0.0     808.5                           110986.2188
    0:03:14  410472.4      0.00       0.0     808.5                           110986.2188
    0:03:15  410471.6      0.00       0.0     808.5                           110985.4141
Memory usage for J8 task 1438 Mbytes -- main task 1438 Mbytes.
Memory usage for J9 task 1438 Mbytes -- main task 1438 Mbytes.
Memory usage for J10 task 1438 Mbytes -- main task 1438 Mbytes.
    0:03:22  410249.9      0.00       0.0     808.5                           110984.6016
    0:03:24  410249.9      0.00       0.0     808.5                           110984.6016

  Beginning WLM Backend Optimization
  --------------------------------------
Memory usage for J11 task 1438 Mbytes -- main task 1438 Mbytes.
Memory usage for J12 task 1438 Mbytes -- main task 1438 Mbytes.
Memory usage for J13 task 1438 Mbytes -- main task 1438 Mbytes.
    0:03:37  410676.1      0.00       0.0     730.8                           110413.1250
    0:03:41  410388.1      0.00       0.0     659.8                           109711.3516
    0:03:47  410235.8      0.00       0.0     644.2                           109186.9766
    0:03:53  410194.4      0.00       0.0     640.0                           109162.9531
    0:03:57  410142.6      0.00       0.0     636.8                           109133.0391
    0:03:57  409854.6      0.00       0.0     634.3                           109010.4844
    0:03:59  409392.4      0.00       0.0     634.1                           108768.1641
    0:03:59  409392.4      0.00       0.0     634.1                           108768.1641
    0:03:59  409392.4      0.00       0.0     634.1                           108768.1641
    0:04:13  402636.2      0.00       0.0     158.9                           79892.8672
    0:04:13  402636.2      0.00       0.0     158.9                           79892.8672
    0:04:13  402636.2      0.00       0.0     158.9                           79892.8672
    0:04:13  402636.2      0.00       0.0     158.9                           79892.8672
    0:04:13  402636.2      0.00       0.0     158.9                           79892.8672
    0:04:13  402636.2      0.00       0.0     158.9                           79892.8672
    0:04:13  402636.2      0.00       0.0     158.9                           79892.8672
    0:04:13  402636.2      0.00       0.0     158.9                           79892.8672
    0:04:13  402636.2      0.00       0.0     158.9                           79892.8672
    0:04:13  402636.2      0.00       0.0     158.9                           79892.8672
    0:04:13  402636.2      0.00       0.0     158.9                           79892.8672
    0:04:13  402636.2      0.00       0.0     158.9                           79892.8672
    0:04:13  402636.2      0.00       0.0     158.9                           79892.8672
    0:04:13  402636.2      0.00       0.0     158.9                           79892.8672
    0:04:13  402636.2      0.00       0.0     158.9                           79892.8672
    0:04:13  402636.2      0.00       0.0     158.9                           79892.8672
    0:04:13  402636.2      0.00       0.0     158.9                           79892.8672
    0:04:13  402636.2      0.00       0.0     158.9                           79892.8672
    0:04:13  402636.2      0.00       0.0     158.9                           79892.8672


  Beginning Design Rule Fixing  (max_transition)
  ----------------------------

                                  TOTAL                                                
   ELAPSED            WORST NEG   SETUP    DESIGN                              LEAKAGE 
    TIME      AREA      SLACK     COST    RULE COST         ENDPOINT            POWER  
  --------- --------- --------- --------- --------- ------------------------- ---------
    0:04:13  402636.2      0.00       0.0     158.9                           79892.8672
  Global Optimization (Phase 33)
  Global Optimization (Phase 34)
  Global Optimization (Phase 35)
    0:04:16  402688.4      0.00       0.0       1.4                           79916.7188
    0:04:16  402688.4      0.00       0.0       1.4                           79916.7188


  Beginning Leakage Power Optimization  (max_leakage_power 0)
  ------------------------------------

                                  TOTAL                                                
   ELAPSED            WORST NEG   SETUP    DESIGN                              LEAKAGE 
    TIME      AREA      SLACK     COST    RULE COST         ENDPOINT            POWER  
  --------- --------- --------- --------- --------- ------------------------- ---------
    0:04:16  402688.4      0.00       0.0       1.4                           79916.7188
  Global Optimization (Phase 36)
  Global Optimization (Phase 37)
  Global Optimization (Phase 38)
  Global Optimization (Phase 39)
  Global Optimization (Phase 40)
  Global Optimization (Phase 41)
  Global Optimization (Phase 42)
  Global Optimization (Phase 43)
  Global Optimization (Phase 44)
  Global Optimization (Phase 45)
  Global Optimization (Phase 46)
  Global Optimization (Phase 47)
    0:04:26  402606.0      0.00       0.0       1.8                           79021.6328
Information: Complementing port 'scan_in' in design 'pe_top_1_1_0'.
	 The new name of the port is 'scan_in_BAR'. (OPT-319)
Information: Complementing port 'scan_out' in design 'pe_top_1_1_1'.
	 The new name of the port is 'scan_out_BAR'. (OPT-319)
Information: Complementing port 'scan_in' in design 'sol_acc_0_0'.
	 The new name of the port is 'scan_in_BAR'. (OPT-319)
Information: Complementing port 'scan_out' in design 'sol_acc_0_1'.
	 The new name of the port is 'scan_out_BAR'. (OPT-319)
Information: Complementing port 'scan_in' in design 'pe_top_1_1_1'.
	 The new name of the port is 'scan_in_BAR'. (OPT-319)
Information: Complementing port 'scan_out' in design 'pe_top_1_1_2'.
	 The new name of the port is 'scan_out_BAR'. (OPT-319)
Information: Complementing port 'scan_in' in design 'sol_acc_0_1'.
	 The new name of the port is 'scan_in_BAR'. (OPT-319)
Information: Complementing port 'scan_out' in design 'sol_acc_0_2'.
	 The new name of the port is 'scan_out_BAR'. (OPT-319)
Information: Complementing port 'scan_in' in design 'pe_top_1_1_2'.
	 The new name of the port is 'scan_in_BAR'. (OPT-319)
Information: Complementing port 'scan_out' in design 'pe_top_1_1_3'.
	 The new name of the port is 'scan_out_BAR'. (OPT-319)
Information: Complementing port 'scan_in' in design 'sol_acc_0_2'.
	 The new name of the port is 'scan_in_BAR'. (OPT-319)
Information: Complementing port 'scan_out' in design 'sol_acc_0_3'.
	 The new name of the port is 'scan_out_BAR'. (OPT-319)
Information: Complementing port 'scan_in' in design 'pe_top_1_1_3'.
	 The new name of the port is 'scan_in_BAR'. (OPT-319)
Information: Complementing port 'scan_out' in design 'pe_top_1_1_4'.
	 The new name of the port is 'scan_out_BAR'. (OPT-319)
Information: Complementing port 'scan_in' in design 'sol_acc_0_3'.
	 The new name of the port is 'scan_in_BAR'. (OPT-319)
Information: Complementing port 'scan_out' in design 'sol_acc_0_4'.
	 The new name of the port is 'scan_out_BAR'. (OPT-319)
Information: Complementing port 'scan_in' in design 'pe_top_1_1_4'.
	 The new name of the port is 'scan_in_BAR'. (OPT-319)
Information: Complementing port 'scan_out' in design 'pe_top_1_1_5'.
	 The new name of the port is 'scan_out_BAR'. (OPT-319)
Information: Complementing port 'scan_in' in design 'sol_acc_0_4'.
	 The new name of the port is 'scan_in_BAR'. (OPT-319)
Information: Complementing port 'scan_out' in design 'sol_acc_0_5'.
	 The new name of the port is 'scan_out_BAR'. (OPT-319)
Information: Complementing port 'scan_in' in design 'pe_top_1_1_5'.
	 The new name of the port is 'scan_in_BAR'. (OPT-319)
Information: Complementing port 'scan_out' in design 'pe_top_1_1_6'.
	 The new name of the port is 'scan_out_BAR'. (OPT-319)
Information: Complementing port 'scan_in' in design 'sol_acc_0_5'.
	 The new name of the port is 'scan_in_BAR'. (OPT-319)
Information: Complementing port 'scan_out' in design 'sol_acc_0_6'.
	 The new name of the port is 'scan_out_BAR'. (OPT-319)
Information: Complementing port 'scan_in' in design 'pe_top_1_1_6'.
	 The new name of the port is 'scan_in_BAR'. (OPT-319)
Information: Complementing port 'scan_out' in design 'pe_top_1_1_7'.
	 The new name of the port is 'scan_out_BAR'. (OPT-319)
Information: Complementing port 'scan_in' in design 'sol_acc_0_6'.
	 The new name of the port is 'scan_in_BAR'. (OPT-319)
Information: Complementing port 'scan_out' in design 'sol_acc_0_7'.
	 The new name of the port is 'scan_out_BAR'. (OPT-319)
Information: Complementing port 'scan_in' in design 'pe_top_1_1_7'.
	 The new name of the port is 'scan_in_BAR'. (OPT-319)
Information: Complementing port 'scan_out' in design 'pe_top_1_1_8'.
	 The new name of the port is 'scan_out_BAR'. (OPT-319)
Information: Complementing port 'scan_in' in design 'sol_acc_0_7'.
	 The new name of the port is 'scan_in_BAR'. (OPT-319)
Information: Complementing port 'scan_out' in design 'sol_acc_0_8'.
	 The new name of the port is 'scan_out_BAR'. (OPT-319)
Information: Complementing port 'scan_in' in design 'pe_top_1_1_8'.
	 The new name of the port is 'scan_in_BAR'. (OPT-319)
Information: Complementing port 'scan_out' in design 'pe_top_1_1_9'.
	 The new name of the port is 'scan_out_BAR'. (OPT-319)
Information: Complementing port 'scan_in' in design 'sol_acc_0_8'.
	 The new name of the port is 'scan_in_BAR'. (OPT-319)
Information: Complementing port 'scan_out' in design 'sol_acc_0_9'.
	 The new name of the port is 'scan_out_BAR'. (OPT-319)
Information: Complementing port 'scan_in' in design 'pe_top_1_1_9'.
	 The new name of the port is 'scan_in_BAR'. (OPT-319)
Information: Complementing port 'scan_out' in design 'pe_top_0_1_0'.
	 The new name of the port is 'scan_out_BAR'. (OPT-319)
Information: Complementing port 'scan_in' in design 'sol_acc_0_9'.
	 The new name of the port is 'scan_in_BAR'. (OPT-319)
Information: Complementing port 'scan_out' in design 'sol_acc_1_0'.
	 The new name of the port is 'scan_out_BAR'. (OPT-319)
Information: Complementing port 'scan_in' in design 'pe_top_0_1_0'.
	 The new name of the port is 'scan_in_BAR'. (OPT-319)
Information: Complementing port 'scan_out' in design 'pe_top_0_1_1'.
	 The new name of the port is 'scan_out_BAR'. (OPT-319)
Information: Complementing port 'scan_in' in design 'sol_acc_1_0'.
	 The new name of the port is 'scan_in_BAR'. (OPT-319)
Information: Complementing port 'scan_out' in design 'sol_acc_1_1'.
	 The new name of the port is 'scan_out_BAR'. (OPT-319)
Information: Complementing port 'scan_in' in design 'pe_top_0_1_1'.
	 The new name of the port is 'scan_in_BAR'. (OPT-319)
Information: Complementing port 'scan_out' in design 'pe_top_0_1_2'.
	 The new name of the port is 'scan_out_BAR'. (OPT-319)
Information: Complementing port 'scan_in' in design 'sol_acc_1_1'.
	 The new name of the port is 'scan_in_BAR'. (OPT-319)
Information: Complementing port 'scan_out' in design 'sol_acc_1_2'.
	 The new name of the port is 'scan_out_BAR'. (OPT-319)
Information: Complementing port 'scan_in' in design 'pe_top_0_1_2'.
	 The new name of the port is 'scan_in_BAR'. (OPT-319)
Information: Complementing port 'scan_out' in design 'pe_top_0_1_3'.
	 The new name of the port is 'scan_out_BAR'. (OPT-319)
Information: Complementing port 'scan_in' in design 'sol_acc_1_2'.
	 The new name of the port is 'scan_in_BAR'. (OPT-319)
Information: Complementing port 'scan_out' in design 'sol_acc_1_3'.
	 The new name of the port is 'scan_out_BAR'. (OPT-319)
Information: Complementing port 'scan_in' in design 'pe_top_0_1_3'.
	 The new name of the port is 'scan_in_BAR'. (OPT-319)
Information: Complementing port 'scan_out' in design 'pe_top_0_1_4'.
	 The new name of the port is 'scan_out_BAR'. (OPT-319)
Information: Complementing port 'scan_in' in design 'sol_acc_1_3'.
	 The new name of the port is 'scan_in_BAR'. (OPT-319)
Information: Complementing port 'scan_out' in design 'sol_acc_1_4'.
	 The new name of the port is 'scan_out_BAR'. (OPT-319)
Information: Complementing port 'scan_in' in design 'pe_top_0_1_4'.
	 The new name of the port is 'scan_in_BAR'. (OPT-319)
Information: Complementing port 'scan_out' in design 'pe_top_0_1_5'.
	 The new name of the port is 'scan_out_BAR'. (OPT-319)
Information: Complementing port 'scan_in' in design 'sol_acc_1_4'.
	 The new name of the port is 'scan_in_BAR'. (OPT-319)
Information: Complementing port 'scan_out' in design 'sol_acc_1_5'.
	 The new name of the port is 'scan_out_BAR'. (OPT-319)
Information: Complementing port 'scan_in' in design 'pe_top_0_1_5'.
	 The new name of the port is 'scan_in_BAR'. (OPT-319)
Information: Complementing port 'scan_out' in design 'pe_top_0_1_6'.
	 The new name of the port is 'scan_out_BAR'. (OPT-319)
Information: Complementing port 'scan_in' in design 'sol_acc_1_5'.
	 The new name of the port is 'scan_in_BAR'. (OPT-319)
Information: Complementing port 'scan_out' in design 'sol_acc_1_6'.
	 The new name of the port is 'scan_out_BAR'. (OPT-319)
Information: Complementing port 'scan_in' in design 'pe_top_0_1_6'.
	 The new name of the port is 'scan_in_BAR'. (OPT-319)
Information: Complementing port 'scan_out' in design 'pe_top_0_1_7'.
	 The new name of the port is 'scan_out_BAR'. (OPT-319)
Information: Complementing port 'scan_in' in design 'sol_acc_1_6'.
	 The new name of the port is 'scan_in_BAR'. (OPT-319)
Information: Complementing port 'scan_out' in design 'sol_acc_1_7'.
	 The new name of the port is 'scan_out_BAR'. (OPT-319)
Information: Complementing port 'scan_in' in design 'pe_top_0_1_7'.
	 The new name of the port is 'scan_in_BAR'. (OPT-319)
Information: Complementing port 'scan_out' in design 'pe_top_0_1_8'.
	 The new name of the port is 'scan_out_BAR'. (OPT-319)
Information: Complementing port 'scan_in' in design 'sol_acc_1_7'.
	 The new name of the port is 'scan_in_BAR'. (OPT-319)
Information: Complementing port 'scan_out' in design 'sol_acc_1_8'.
	 The new name of the port is 'scan_out_BAR'. (OPT-319)
Information: Complementing port 'scan_in' in design 'pe_top_0_1_8'.
	 The new name of the port is 'scan_in_BAR'. (OPT-319)
Information: Complementing port 'scan_out' in design 'pe_top_0_1_9'.
	 The new name of the port is 'scan_out_BAR'. (OPT-319)
Information: Complementing port 'scan_in' in design 'sol_acc_1_8'.
	 The new name of the port is 'scan_in_BAR'. (OPT-319)
Information: Complementing port 'scan_out' in design 'sol_acc_1_9'.
	 The new name of the port is 'scan_out_BAR'. (OPT-319)
Information: Complementing port 'scan_in' in design 'pe_top_0_1_9'.
	 The new name of the port is 'scan_in_BAR'. (OPT-319)
Information: Complementing port 'scan_out' in design 'pe_top_1_1_10'.
	 The new name of the port is 'scan_out_BAR'. (OPT-319)
Information: Complementing port 'scan_in' in design 'sol_acc_1_9'.
	 The new name of the port is 'scan_in_BAR'. (OPT-319)
Information: Complementing port 'scan_out' in design 'sol_acc_0_10'.
	 The new name of the port is 'scan_out_BAR'. (OPT-319)
Information: Complementing port 'scan_in' in design 'pe_top_1_1_10'.
	 The new name of the port is 'scan_in_BAR'. (OPT-319)
Information: Complementing port 'scan_out' in design 'pe_top_1_1_11'.
	 The new name of the port is 'scan_out_BAR'. (OPT-319)
Information: Complementing port 'scan_in' in design 'sol_acc_0_10'.
	 The new name of the port is 'scan_in_BAR'. (OPT-319)
Information: Complementing port 'scan_out' in design 'sol_acc_0_11'.
	 The new name of the port is 'scan_out_BAR'. (OPT-319)
Information: Complementing port 'scan_in' in design 'pe_top_1_1_11'.
	 The new name of the port is 'scan_in_BAR'. (OPT-319)
Information: Complementing port 'scan_out' in design 'pe_top_1_1_12'.
	 The new name of the port is 'scan_out_BAR'. (OPT-319)
Information: Complementing port 'scan_in' in design 'sol_acc_0_11'.
	 The new name of the port is 'scan_in_BAR'. (OPT-319)
Information: Complementing port 'scan_out' in design 'sol_acc_0_12'.
	 The new name of the port is 'scan_out_BAR'. (OPT-319)
Information: Complementing port 'scan_in' in design 'pe_top_1_1_12'.
	 The new name of the port is 'scan_in_BAR'. (OPT-319)
Information: Complementing port 'scan_out' in design 'pe_top_1_1_13'.
	 The new name of the port is 'scan_out_BAR'. (OPT-319)
Information: Complementing port 'scan_in' in design 'sol_acc_0_12'.
	 The new name of the port is 'scan_in_BAR'. (OPT-319)
Information: Complementing port 'scan_out' in design 'sol_acc_0_13'.
	 The new name of the port is 'scan_out_BAR'. (OPT-319)
Information: Complementing port 'scan_in' in design 'pe_top_1_1_13'.
	 The new name of the port is 'scan_in_BAR'. (OPT-319)
Information: Complementing port 'scan_out' in design 'pe_top_1_1_14'.
	 The new name of the port is 'scan_out_BAR'. (OPT-319)
Information: Complementing port 'scan_in' in design 'sol_acc_0_13'.
	 The new name of the port is 'scan_in_BAR'. (OPT-319)
Information: Complementing port 'scan_out' in design 'sol_acc_0_14'.
	 The new name of the port is 'scan_out_BAR'. (OPT-319)
Information: Complementing port 'scan_in' in design 'pe_top_1_1_14'.
	 The new name of the port is 'scan_in_BAR'. (OPT-319)
Information: Complementing port 'scan_out' in design 'pe_top_1_1_15'.
	 The new name of the port is 'scan_out_BAR'. (OPT-319)
Information: Complementing port 'scan_in' in design 'sol_acc_0_14'.
	 The new name of the port is 'scan_in_BAR'. (OPT-319)
Information: Complementing port 'scan_out' in design 'sol_acc_0_15'.
	 The new name of the port is 'scan_out_BAR'. (OPT-319)
Information: Complementing port 'scan_in' in design 'pe_top_1_1_15'.
	 The new name of the port is 'scan_in_BAR'. (OPT-319)
Information: Complementing port 'scan_out' in design 'pe_top_1_1_16'.
	 The new name of the port is 'scan_out_BAR'. (OPT-319)
Information: Complementing port 'scan_in' in design 'sol_acc_0_15'.
	 The new name of the port is 'scan_in_BAR'. (OPT-319)
Information: Complementing port 'scan_out' in design 'sol_acc_0_16'.
	 The new name of the port is 'scan_out_BAR'. (OPT-319)
Information: Complementing port 'scan_in' in design 'pe_top_1_1_16'.
	 The new name of the port is 'scan_in_BAR'. (OPT-319)
Information: Complementing port 'scan_out' in design 'pe_top_1_1_17'.
	 The new name of the port is 'scan_out_BAR'. (OPT-319)
Information: Complementing port 'scan_in' in design 'sol_acc_0_16'.
	 The new name of the port is 'scan_in_BAR'. (OPT-319)
Information: Complementing port 'scan_out' in design 'sol_acc_0_17'.
	 The new name of the port is 'scan_out_BAR'. (OPT-319)
Information: Complementing port 'scan_in' in design 'pe_top_1_1_17'.
	 The new name of the port is 'scan_in_BAR'. (OPT-319)
Information: Complementing port 'scan_out' in design 'pe_top_1_1_18'.
	 The new name of the port is 'scan_out_BAR'. (OPT-319)
Information: Complementing port 'scan_in' in design 'sol_acc_0_17'.
	 The new name of the port is 'scan_in_BAR'. (OPT-319)
Information: Complementing port 'scan_out' in design 'sol_acc_0_18'.
	 The new name of the port is 'scan_out_BAR'. (OPT-319)
Information: Complementing port 'scan_in' in design 'pe_top_1_1_18'.
	 The new name of the port is 'scan_in_BAR'. (OPT-319)
Information: Complementing port 'scan_out' in design 'pe_top_1_1_19'.
	 The new name of the port is 'scan_out_BAR'. (OPT-319)
Information: Complementing port 'scan_in' in design 'sol_acc_0_18'.
	 The new name of the port is 'scan_in_BAR'. (OPT-319)
Information: Complementing port 'scan_out' in design 'sol_acc_0_19'.
	 The new name of the port is 'scan_out_BAR'. (OPT-319)
Information: Complementing port 'scan_in' in design 'pe_top_1_1_19'.
	 The new name of the port is 'scan_in_BAR'. (OPT-319)
Information: Complementing port 'scan_out' in design 'pe_top_0_1_10'.
	 The new name of the port is 'scan_out_BAR'. (OPT-319)
Information: Complementing port 'scan_in' in design 'sol_acc_0_19'.
	 The new name of the port is 'scan_in_BAR'. (OPT-319)
Information: Complementing port 'scan_out' in design 'sol_acc_1_10'.
	 The new name of the port is 'scan_out_BAR'. (OPT-319)
Information: Complementing port 'scan_in' in design 'pe_top_0_1_10'.
	 The new name of the port is 'scan_in_BAR'. (OPT-319)
Information: Complementing port 'scan_out' in design 'pe_top_0_1_11'.
	 The new name of the port is 'scan_out_BAR'. (OPT-319)
Information: Complementing port 'scan_in' in design 'sol_acc_1_10'.
	 The new name of the port is 'scan_in_BAR'. (OPT-319)
Information: Complementing port 'scan_out' in design 'sol_acc_1_11'.
	 The new name of the port is 'scan_out_BAR'. (OPT-319)
Information: Complementing port 'scan_in' in design 'pe_top_0_1_11'.
	 The new name of the port is 'scan_in_BAR'. (OPT-319)
Information: Complementing port 'scan_out' in design 'pe_top_0_1_12'.
	 The new name of the port is 'scan_out_BAR'. (OPT-319)
Information: Complementing port 'scan_in' in design 'sol_acc_1_11'.
	 The new name of the port is 'scan_in_BAR'. (OPT-319)
Information: Complementing port 'scan_out' in design 'sol_acc_1_12'.
	 The new name of the port is 'scan_out_BAR'. (OPT-319)
Information: Complementing port 'scan_in' in design 'pe_top_0_1_12'.
	 The new name of the port is 'scan_in_BAR'. (OPT-319)
Information: Complementing port 'scan_out' in design 'pe_top_0_1_13'.
	 The new name of the port is 'scan_out_BAR'. (OPT-319)
Information: Complementing port 'scan_in' in design 'sol_acc_1_12'.
	 The new name of the port is 'scan_in_BAR'. (OPT-319)
Information: Complementing port 'scan_out' in design 'sol_acc_1_13'.
	 The new name of the port is 'scan_out_BAR'. (OPT-319)
Information: Complementing port 'scan_in' in design 'pe_top_0_1_13'.
	 The new name of the port is 'scan_in_BAR'. (OPT-319)
Information: Complementing port 'scan_out' in design 'pe_top_0_1_14'.
	 The new name of the port is 'scan_out_BAR'. (OPT-319)
Information: Complementing port 'scan_in' in design 'sol_acc_1_13'.
	 The new name of the port is 'scan_in_BAR'. (OPT-319)
Information: Complementing port 'scan_out' in design 'sol_acc_1_14'.
	 The new name of the port is 'scan_out_BAR'. (OPT-319)
Information: Complementing port 'scan_in' in design 'pe_top_0_1_14'.
	 The new name of the port is 'scan_in_BAR'. (OPT-319)
Information: Complementing port 'scan_out' in design 'pe_top_0_1_15'.
	 The new name of the port is 'scan_out_BAR'. (OPT-319)
Information: Complementing port 'scan_in' in design 'sol_acc_1_14'.
	 The new name of the port is 'scan_in_BAR'. (OPT-319)
Information: Complementing port 'scan_out' in design 'sol_acc_1_15'.
	 The new name of the port is 'scan_out_BAR'. (OPT-319)
Information: Complementing port 'scan_in' in design 'pe_top_0_1_15'.
	 The new name of the port is 'scan_in_BAR'. (OPT-319)
Information: Complementing port 'scan_out' in design 'pe_top_0_1_16'.
	 The new name of the port is 'scan_out_BAR'. (OPT-319)
Information: Complementing port 'scan_in' in design 'sol_acc_1_15'.
	 The new name of the port is 'scan_in_BAR'. (OPT-319)
Information: Complementing port 'scan_out' in design 'sol_acc_1_16'.
	 The new name of the port is 'scan_out_BAR'. (OPT-319)
Information: Complementing port 'scan_in' in design 'pe_top_0_1_16'.
	 The new name of the port is 'scan_in_BAR'. (OPT-319)
Information: Complementing port 'scan_out' in design 'pe_top_0_1_17'.
	 The new name of the port is 'scan_out_BAR'. (OPT-319)
Information: Complementing port 'scan_in' in design 'sol_acc_1_16'.
	 The new name of the port is 'scan_in_BAR'. (OPT-319)
Information: Complementing port 'scan_out' in design 'sol_acc_1_17'.
	 The new name of the port is 'scan_out_BAR'. (OPT-319)
Information: Complementing port 'scan_in' in design 'pe_top_0_1_17'.
	 The new name of the port is 'scan_in_BAR'. (OPT-319)
Information: Complementing port 'scan_out' in design 'pe_top_0_1_18'.
	 The new name of the port is 'scan_out_BAR'. (OPT-319)
Information: Complementing port 'scan_in' in design 'sol_acc_1_17'.
	 The new name of the port is 'scan_in_BAR'. (OPT-319)
Information: Complementing port 'scan_out' in design 'sol_acc_1_18'.
	 The new name of the port is 'scan_out_BAR'. (OPT-319)
Information: Complementing port 'scan_in' in design 'pe_top_0_1_18'.
	 The new name of the port is 'scan_in_BAR'. (OPT-319)
Information: Complementing port 'scan_out' in design 'pe_top_0_1_19'.
	 The new name of the port is 'scan_out_BAR'. (OPT-319)
Information: Complementing port 'scan_in' in design 'sol_acc_1_18'.
	 The new name of the port is 'scan_in_BAR'. (OPT-319)
Information: Complementing port 'scan_out' in design 'sol_acc_1_19'.
	 The new name of the port is 'scan_out_BAR'. (OPT-319)
Information: Complementing port 'scan_in' in design 'pe_top_0_1_19'.
	 The new name of the port is 'scan_in_BAR'. (OPT-319)
Information: Complementing port 'scan_out' in design 'pe_top_1_1_20'.
	 The new name of the port is 'scan_out_BAR'. (OPT-319)
Information: Complementing port 'scan_in' in design 'sol_acc_1_19'.
	 The new name of the port is 'scan_in_BAR'. (OPT-319)
Information: Complementing port 'scan_out' in design 'sol_acc_0_20'.
	 The new name of the port is 'scan_out_BAR'. (OPT-319)
Information: Complementing port 'scan_in' in design 'pe_top_1_1_20'.
	 The new name of the port is 'scan_in_BAR'. (OPT-319)
Information: Complementing port 'scan_out' in design 'pe_top_1_1_21'.
	 The new name of the port is 'scan_out_BAR'. (OPT-319)
Information: Complementing port 'scan_in' in design 'sol_acc_0_20'.
	 The new name of the port is 'scan_in_BAR'. (OPT-319)
Information: Complementing port 'scan_out' in design 'sol_acc_0_21'.
	 The new name of the port is 'scan_out_BAR'. (OPT-319)
Information: Complementing port 'scan_in' in design 'pe_top_1_1_21'.
	 The new name of the port is 'scan_in_BAR'. (OPT-319)
Information: Complementing port 'scan_out' in design 'pe_top_1_1_22'.
	 The new name of the port is 'scan_out_BAR'. (OPT-319)
Information: Complementing port 'scan_in' in design 'sol_acc_0_21'.
	 The new name of the port is 'scan_in_BAR'. (OPT-319)
Information: Complementing port 'scan_out' in design 'sol_acc_0_22'.
	 The new name of the port is 'scan_out_BAR'. (OPT-319)
Information: Complementing port 'scan_in' in design 'pe_top_1_1_22'.
	 The new name of the port is 'scan_in_BAR'. (OPT-319)
Information: Complementing port 'scan_out' in design 'pe_top_1_1_23'.
	 The new name of the port is 'scan_out_BAR'. (OPT-319)
Information: Complementing port 'scan_in' in design 'sol_acc_0_22'.
	 The new name of the port is 'scan_in_BAR'. (OPT-319)
Information: Complementing port 'scan_out' in design 'sol_acc_0_23'.
	 The new name of the port is 'scan_out_BAR'. (OPT-319)
Information: Complementing port 'scan_in' in design 'pe_top_1_1_23'.
	 The new name of the port is 'scan_in_BAR'. (OPT-319)
Information: Complementing port 'scan_out' in design 'pe_top_1_1_24'.
	 The new name of the port is 'scan_out_BAR'. (OPT-319)
Information: Complementing port 'scan_in' in design 'sol_acc_0_23'.
	 The new name of the port is 'scan_in_BAR'. (OPT-319)
Information: Complementing port 'scan_out' in design 'sol_acc_0_24'.
	 The new name of the port is 'scan_out_BAR'. (OPT-319)
Information: Complementing port 'scan_in' in design 'pe_top_1_1_24'.
	 The new name of the port is 'scan_in_BAR'. (OPT-319)
Information: Complementing port 'scan_out' in design 'pe_top_1_1_25'.
	 The new name of the port is 'scan_out_BAR'. (OPT-319)
Information: Complementing port 'scan_in' in design 'sol_acc_0_24'.
	 The new name of the port is 'scan_in_BAR'. (OPT-319)
Information: Complementing port 'scan_out' in design 'sol_acc_0_25'.
	 The new name of the port is 'scan_out_BAR'. (OPT-319)
Information: Complementing port 'scan_in' in design 'pe_top_1_1_25'.
	 The new name of the port is 'scan_in_BAR'. (OPT-319)
Information: Complementing port 'scan_out' in design 'pe_top_1_1_26'.
	 The new name of the port is 'scan_out_BAR'. (OPT-319)
Information: Complementing port 'scan_in' in design 'sol_acc_0_25'.
	 The new name of the port is 'scan_in_BAR'. (OPT-319)
Information: Complementing port 'scan_out' in design 'sol_acc_0_26'.
	 The new name of the port is 'scan_out_BAR'. (OPT-319)
Information: Complementing port 'scan_in' in design 'pe_top_1_1_26'.
	 The new name of the port is 'scan_in_BAR'. (OPT-319)
Information: Complementing port 'scan_out' in design 'pe_top_1_1_27'.
	 The new name of the port is 'scan_out_BAR'. (OPT-319)
Information: Complementing port 'scan_in' in design 'sol_acc_0_26'.
	 The new name of the port is 'scan_in_BAR'. (OPT-319)
Information: Complementing port 'scan_out' in design 'sol_acc_0_27'.
	 The new name of the port is 'scan_out_BAR'. (OPT-319)
Information: Complementing port 'scan_in' in design 'pe_top_1_1_27'.
	 The new name of the port is 'scan_in_BAR'. (OPT-319)
Information: Complementing port 'scan_out' in design 'pe_top_1_1_28'.
	 The new name of the port is 'scan_out_BAR'. (OPT-319)
Information: Complementing port 'scan_in' in design 'sol_acc_0_27'.
	 The new name of the port is 'scan_in_BAR'. (OPT-319)
Information: Complementing port 'scan_out' in design 'sol_acc_0_28'.
	 The new name of the port is 'scan_out_BAR'. (OPT-319)
Information: Complementing port 'scan_in' in design 'pe_top_1_1_28'.
	 The new name of the port is 'scan_in_BAR'. (OPT-319)
Information: Complementing port 'scan_out' in design 'pe_top_1_1_29'.
	 The new name of the port is 'scan_out_BAR'. (OPT-319)
Information: Complementing port 'scan_in' in design 'sol_acc_0_28'.
	 The new name of the port is 'scan_in_BAR'. (OPT-319)
Information: Complementing port 'scan_out' in design 'sol_acc_0_29'.
	 The new name of the port is 'scan_out_BAR'. (OPT-319)
Information: Complementing port 'scan_in' in design 'pe_top_1_1_29'.
	 The new name of the port is 'scan_in_BAR'. (OPT-319)
Information: Complementing port 'scan_out' in design 'pe_top_0_1_20'.
	 The new name of the port is 'scan_out_BAR'. (OPT-319)
Information: Complementing port 'scan_in' in design 'sol_acc_0_29'.
	 The new name of the port is 'scan_in_BAR'. (OPT-319)
Information: Complementing port 'scan_out' in design 'sol_acc_1_20'.
	 The new name of the port is 'scan_out_BAR'. (OPT-319)
Information: Complementing port 'scan_in' in design 'pe_top_0_1_20'.
	 The new name of the port is 'scan_in_BAR'. (OPT-319)
Information: Complementing port 'scan_out' in design 'pe_top_0_1_21'.
	 The new name of the port is 'scan_out_BAR'. (OPT-319)
Information: Complementing port 'scan_in' in design 'sol_acc_1_20'.
	 The new name of the port is 'scan_in_BAR'. (OPT-319)
Information: Complementing port 'scan_out' in design 'sol_acc_1_21'.
	 The new name of the port is 'scan_out_BAR'. (OPT-319)
Information: Complementing port 'scan_in' in design 'pe_top_0_1_21'.
	 The new name of the port is 'scan_in_BAR'. (OPT-319)
Information: Complementing port 'scan_out' in design 'pe_top_0_1_22'.
	 The new name of the port is 'scan_out_BAR'. (OPT-319)
Information: Complementing port 'scan_in' in design 'sol_acc_1_21'.
	 The new name of the port is 'scan_in_BAR'. (OPT-319)
Information: Complementing port 'scan_out' in design 'sol_acc_1_22'.
	 The new name of the port is 'scan_out_BAR'. (OPT-319)
Information: Complementing port 'scan_in' in design 'pe_top_0_1_22'.
	 The new name of the port is 'scan_in_BAR'. (OPT-319)
Information: Complementing port 'scan_out' in design 'pe_top_0_1_23'.
	 The new name of the port is 'scan_out_BAR'. (OPT-319)
Information: Complementing port 'scan_in' in design 'sol_acc_1_22'.
	 The new name of the port is 'scan_in_BAR'. (OPT-319)
Information: Complementing port 'scan_out' in design 'sol_acc_1_23'.
	 The new name of the port is 'scan_out_BAR'. (OPT-319)
Information: Complementing port 'scan_in' in design 'pe_top_0_1_23'.
	 The new name of the port is 'scan_in_BAR'. (OPT-319)
Information: Complementing port 'scan_out' in design 'pe_top_0_1_24'.
	 The new name of the port is 'scan_out_BAR'. (OPT-319)
Information: Complementing port 'scan_in' in design 'sol_acc_1_23'.
	 The new name of the port is 'scan_in_BAR'. (OPT-319)
Information: Complementing port 'scan_out' in design 'sol_acc_1_24'.
	 The new name of the port is 'scan_out_BAR'. (OPT-319)
Information: Complementing port 'scan_in' in design 'pe_top_0_1_24'.
	 The new name of the port is 'scan_in_BAR'. (OPT-319)
Information: Complementing port 'scan_out' in design 'pe_top_0_1_25'.
	 The new name of the port is 'scan_out_BAR'. (OPT-319)
Information: Complementing port 'scan_in' in design 'sol_acc_1_24'.
	 The new name of the port is 'scan_in_BAR'. (OPT-319)
Information: Complementing port 'scan_out' in design 'sol_acc_1_25'.
	 The new name of the port is 'scan_out_BAR'. (OPT-319)
Information: Complementing port 'scan_in' in design 'pe_top_0_1_25'.
	 The new name of the port is 'scan_in_BAR'. (OPT-319)
Information: Complementing port 'scan_out' in design 'pe_top_0_1_26'.
	 The new name of the port is 'scan_out_BAR'. (OPT-319)
Information: Complementing port 'scan_in' in design 'sol_acc_1_25'.
	 The new name of the port is 'scan_in_BAR'. (OPT-319)
Information: Complementing port 'scan_out' in design 'sol_acc_1_26'.
	 The new name of the port is 'scan_out_BAR'. (OPT-319)
Information: Complementing port 'scan_in' in design 'pe_top_0_1_26'.
	 The new name of the port is 'scan_in_BAR'. (OPT-319)
Information: Complementing port 'scan_out' in design 'pe_top_0_1_27'.
	 The new name of the port is 'scan_out_BAR'. (OPT-319)
Information: Complementing port 'scan_in' in design 'sol_acc_1_26'.
	 The new name of the port is 'scan_in_BAR'. (OPT-319)
Information: Complementing port 'scan_out' in design 'sol_acc_1_27'.
	 The new name of the port is 'scan_out_BAR'. (OPT-319)
Information: Complementing port 'scan_in' in design 'pe_top_0_1_27'.
	 The new name of the port is 'scan_in_BAR'. (OPT-319)
Information: Complementing port 'scan_out' in design 'pe_top_0_1_28'.
	 The new name of the port is 'scan_out_BAR'. (OPT-319)
Information: Complementing port 'scan_in' in design 'sol_acc_1_27'.
	 The new name of the port is 'scan_in_BAR'. (OPT-319)
Information: Complementing port 'scan_out' in design 'sol_acc_1_28'.
	 The new name of the port is 'scan_out_BAR'. (OPT-319)
Information: Complementing port 'scan_in' in design 'pe_top_0_1_28'.
	 The new name of the port is 'scan_in_BAR'. (OPT-319)
Information: Complementing port 'scan_out' in design 'pe_top_0_1_29'.
	 The new name of the port is 'scan_out_BAR'. (OPT-319)
Information: Complementing port 'scan_in' in design 'sol_acc_1_28'.
	 The new name of the port is 'scan_in_BAR'. (OPT-319)
Information: Complementing port 'scan_out' in design 'sol_acc_1_29'.
	 The new name of the port is 'scan_out_BAR'. (OPT-319)
Information: Complementing port 'scan_in' in design 'pe_top_0_1_29'.
	 The new name of the port is 'scan_in_BAR'. (OPT-319)
Information: Complementing port 'scan_out' in design 'pe_top_1_1_30'.
	 The new name of the port is 'scan_out_BAR'. (OPT-319)
Information: Complementing port 'scan_in' in design 'sol_acc_1_29'.
	 The new name of the port is 'scan_in_BAR'. (OPT-319)
Information: Complementing port 'scan_out' in design 'sol_acc_0_30'.
	 The new name of the port is 'scan_out_BAR'. (OPT-319)
Information: Complementing port 'scan_in' in design 'pe_top_1_1_30'.
	 The new name of the port is 'scan_in_BAR'. (OPT-319)
Information: Complementing port 'scan_out' in design 'pe_top_1_1_31'.
	 The new name of the port is 'scan_out_BAR'. (OPT-319)
Information: Complementing port 'scan_in' in design 'sol_acc_0_30'.
	 The new name of the port is 'scan_in_BAR'. (OPT-319)
Information: Complementing port 'scan_out' in design 'sol_acc_0_31'.
	 The new name of the port is 'scan_out_BAR'. (OPT-319)
Information: Complementing port 'scan_in' in design 'pe_top_1_1_31'.
	 The new name of the port is 'scan_in_BAR'. (OPT-319)
Information: Complementing port 'scan_out' in design 'pe_top_1_1_32'.
	 The new name of the port is 'scan_out_BAR'. (OPT-319)
Information: Complementing port 'scan_in' in design 'sol_acc_0_31'.
	 The new name of the port is 'scan_in_BAR'. (OPT-319)
Information: Complementing port 'scan_out' in design 'sol_acc_0_32'.
	 The new name of the port is 'scan_out_BAR'. (OPT-319)
Information: Complementing port 'scan_in' in design 'pe_top_1_1_32'.
	 The new name of the port is 'scan_in_BAR'. (OPT-319)
Information: Complementing port 'scan_out' in design 'pe_top_1_1_33'.
	 The new name of the port is 'scan_out_BAR'. (OPT-319)
Information: Complementing port 'scan_in' in design 'sol_acc_0_32'.
	 The new name of the port is 'scan_in_BAR'. (OPT-319)
Information: Complementing port 'scan_out' in design 'sol_acc_0_33'.
	 The new name of the port is 'scan_out_BAR'. (OPT-319)
Information: Complementing port 'scan_in' in design 'pe_top_1_1_33'.
	 The new name of the port is 'scan_in_BAR'. (OPT-319)
Information: Complementing port 'scan_out' in design 'pe_top_1_1_34'.
	 The new name of the port is 'scan_out_BAR'. (OPT-319)
Information: Complementing port 'scan_in' in design 'sol_acc_0_33'.
	 The new name of the port is 'scan_in_BAR'. (OPT-319)
Information: Complementing port 'scan_out' in design 'sol_acc_0_34'.
	 The new name of the port is 'scan_out_BAR'. (OPT-319)
Information: Complementing port 'scan_in' in design 'pe_top_1_1_34'.
	 The new name of the port is 'scan_in_BAR'. (OPT-319)
Information: Complementing port 'scan_out' in design 'pe_top_1_1_35'.
	 The new name of the port is 'scan_out_BAR'. (OPT-319)
Information: Complementing port 'scan_in' in design 'sol_acc_0_34'.
	 The new name of the port is 'scan_in_BAR'. (OPT-319)
Information: Complementing port 'scan_out' in design 'sol_acc_0_35'.
	 The new name of the port is 'scan_out_BAR'. (OPT-319)
Information: Complementing port 'scan_in' in design 'pe_top_1_1_35'.
	 The new name of the port is 'scan_in_BAR'. (OPT-319)
Information: Complementing port 'scan_out' in design 'pe_top_1_1_36'.
	 The new name of the port is 'scan_out_BAR'. (OPT-319)
Information: Complementing port 'scan_in' in design 'sol_acc_0_35'.
	 The new name of the port is 'scan_in_BAR'. (OPT-319)
Information: Complementing port 'scan_out' in design 'sol_acc_0_36'.
	 The new name of the port is 'scan_out_BAR'. (OPT-319)
Information: Complementing port 'scan_in' in design 'pe_top_1_1_36'.
	 The new name of the port is 'scan_in_BAR'. (OPT-319)
Information: Complementing port 'scan_out' in design 'pe_top_1_1_37'.
	 The new name of the port is 'scan_out_BAR'. (OPT-319)
Information: Complementing port 'scan_in' in design 'sol_acc_0_36'.
	 The new name of the port is 'scan_in_BAR'. (OPT-319)
Information: Complementing port 'scan_out' in design 'sol_acc_0_37'.
	 The new name of the port is 'scan_out_BAR'. (OPT-319)
Information: Complementing port 'scan_in' in design 'pe_top_1_1_37'.
	 The new name of the port is 'scan_in_BAR'. (OPT-319)
Information: Complementing port 'scan_out' in design 'pe_top_1_1_38'.
	 The new name of the port is 'scan_out_BAR'. (OPT-319)
Information: Complementing port 'scan_in' in design 'sol_acc_0_37'.
	 The new name of the port is 'scan_in_BAR'. (OPT-319)
Information: Complementing port 'scan_out' in design 'sol_acc_0_38'.
	 The new name of the port is 'scan_out_BAR'. (OPT-319)
Information: Complementing port 'scan_in' in design 'pe_top_1_1_38'.
	 The new name of the port is 'scan_in_BAR'. (OPT-319)
Information: Complementing port 'scan_out' in design 'pe_top_1_1_39'.
	 The new name of the port is 'scan_out_BAR'. (OPT-319)
Information: Complementing port 'scan_in' in design 'sol_acc_0_38'.
	 The new name of the port is 'scan_in_BAR'. (OPT-319)
Information: Complementing port 'scan_out' in design 'sol_acc_0_39'.
	 The new name of the port is 'scan_out_BAR'. (OPT-319)
Information: Complementing port 'scan_in' in design 'pe_top_1_1_39'.
	 The new name of the port is 'scan_in_BAR'. (OPT-319)
Information: Complementing port 'scan_out' in design 'pe_top_0_1_30'.
	 The new name of the port is 'scan_out_BAR'. (OPT-319)
Information: Complementing port 'scan_in' in design 'sol_acc_0_39'.
	 The new name of the port is 'scan_in_BAR'. (OPT-319)
Information: Complementing port 'scan_out' in design 'sol_acc_1_30'.
	 The new name of the port is 'scan_out_BAR'. (OPT-319)
Information: Complementing port 'scan_in' in design 'pe_top_0_1_30'.
	 The new name of the port is 'scan_in_BAR'. (OPT-319)
Information: Complementing port 'scan_out' in design 'pe_top_0_1_31'.
	 The new name of the port is 'scan_out_BAR'. (OPT-319)
Information: Complementing port 'scan_in' in design 'sol_acc_1_30'.
	 The new name of the port is 'scan_in_BAR'. (OPT-319)
Information: Complementing port 'scan_out' in design 'sol_acc_1_31'.
	 The new name of the port is 'scan_out_BAR'. (OPT-319)
Information: Complementing port 'scan_in' in design 'pe_top_0_1_31'.
	 The new name of the port is 'scan_in_BAR'. (OPT-319)
Information: Complementing port 'scan_out' in design 'pe_top_0_1_32'.
	 The new name of the port is 'scan_out_BAR'. (OPT-319)
Information: Complementing port 'scan_in' in design 'sol_acc_1_31'.
	 The new name of the port is 'scan_in_BAR'. (OPT-319)
Information: Complementing port 'scan_out' in design 'sol_acc_1_32'.
	 The new name of the port is 'scan_out_BAR'. (OPT-319)
Information: Complementing port 'scan_in' in design 'pe_top_0_1_32'.
	 The new name of the port is 'scan_in_BAR'. (OPT-319)
Information: Complementing port 'scan_out' in design 'pe_top_0_1_33'.
	 The new name of the port is 'scan_out_BAR'. (OPT-319)
Information: Complementing port 'scan_in' in design 'sol_acc_1_32'.
	 The new name of the port is 'scan_in_BAR'. (OPT-319)
Information: Complementing port 'scan_out' in design 'sol_acc_1_33'.
	 The new name of the port is 'scan_out_BAR'. (OPT-319)
Information: Complementing port 'scan_in' in design 'pe_top_0_1_33'.
	 The new name of the port is 'scan_in_BAR'. (OPT-319)
Information: Complementing port 'scan_out' in design 'pe_top_0_1_34'.
	 The new name of the port is 'scan_out_BAR'. (OPT-319)
Information: Complementing port 'scan_in' in design 'sol_acc_1_33'.
	 The new name of the port is 'scan_in_BAR'. (OPT-319)
Information: Complementing port 'scan_out' in design 'sol_acc_1_34'.
	 The new name of the port is 'scan_out_BAR'. (OPT-319)
Information: Complementing port 'scan_in' in design 'pe_top_0_1_34'.
	 The new name of the port is 'scan_in_BAR'. (OPT-319)
Information: Complementing port 'scan_out' in design 'pe_top_0_1_35'.
	 The new name of the port is 'scan_out_BAR'. (OPT-319)
Information: Complementing port 'scan_in' in design 'sol_acc_1_34'.
	 The new name of the port is 'scan_in_BAR'. (OPT-319)
Information: Complementing port 'scan_out' in design 'sol_acc_1_35'.
	 The new name of the port is 'scan_out_BAR'. (OPT-319)
Information: Complementing port 'scan_in' in design 'pe_top_0_1_35'.
	 The new name of the port is 'scan_in_BAR'. (OPT-319)
Information: Complementing port 'scan_out' in design 'pe_top_0_1_36'.
	 The new name of the port is 'scan_out_BAR'. (OPT-319)
Information: Complementing port 'scan_in' in design 'sol_acc_1_35'.
	 The new name of the port is 'scan_in_BAR'. (OPT-319)
Information: Complementing port 'scan_out' in design 'sol_acc_1_36'.
	 The new name of the port is 'scan_out_BAR'. (OPT-319)
Information: Complementing port 'scan_in' in design 'pe_top_0_1_36'.
	 The new name of the port is 'scan_in_BAR'. (OPT-319)
Information: Complementing port 'scan_out' in design 'pe_top_0_1_37'.
	 The new name of the port is 'scan_out_BAR'. (OPT-319)
Information: Complementing port 'scan_in' in design 'sol_acc_1_36'.
	 The new name of the port is 'scan_in_BAR'. (OPT-319)
Information: Complementing port 'scan_out' in design 'sol_acc_1_37'.
	 The new name of the port is 'scan_out_BAR'. (OPT-319)
Information: Complementing port 'scan_in' in design 'pe_top_0_1_37'.
	 The new name of the port is 'scan_in_BAR'. (OPT-319)
Information: Complementing port 'scan_out' in design 'pe_top_0_1_38'.
	 The new name of the port is 'scan_out_BAR'. (OPT-319)
Information: Complementing port 'scan_in' in design 'sol_acc_1_37'.
	 The new name of the port is 'scan_in_BAR'. (OPT-319)
Information: Complementing port 'scan_out' in design 'sol_acc_1_38'.
	 The new name of the port is 'scan_out_BAR'. (OPT-319)
Information: Complementing port 'scan_in' in design 'pe_top_0_1_38'.
	 The new name of the port is 'scan_in_BAR'. (OPT-319)
Information: Complementing port 'scan_out' in design 'pe_top_0_1_39'.
	 The new name of the port is 'scan_out_BAR'. (OPT-319)
Information: Complementing port 'scan_in' in design 'sol_acc_1_38'.
	 The new name of the port is 'scan_in_BAR'. (OPT-319)
Information: Complementing port 'scan_out' in design 'sol_acc_1_39'.
	 The new name of the port is 'scan_out_BAR'. (OPT-319)
Information: Complementing port 'scan_in' in design 'pe_top_0_1_39'.
	 The new name of the port is 'scan_in_BAR'. (OPT-319)
Information: Complementing port 'scan_out' in design 'pe_top_1_1_40'.
	 The new name of the port is 'scan_out_BAR'. (OPT-319)
Information: Complementing port 'scan_in' in design 'sol_acc_1_39'.
	 The new name of the port is 'scan_in_BAR'. (OPT-319)
Information: Complementing port 'scan_out' in design 'sol_acc_0_40'.
	 The new name of the port is 'scan_out_BAR'. (OPT-319)
Information: Complementing port 'scan_in' in design 'pe_top_1_1_40'.
	 The new name of the port is 'scan_in_BAR'. (OPT-319)
Information: Complementing port 'scan_out' in design 'pe_top_1_1_41'.
	 The new name of the port is 'scan_out_BAR'. (OPT-319)
Information: Complementing port 'scan_in' in design 'sol_acc_0_40'.
	 The new name of the port is 'scan_in_BAR'. (OPT-319)
Information: Complementing port 'scan_out' in design 'sol_acc_0_41'.
	 The new name of the port is 'scan_out_BAR'. (OPT-319)
Information: Complementing port 'scan_in' in design 'pe_top_1_1_41'.
	 The new name of the port is 'scan_in_BAR'. (OPT-319)
Information: Complementing port 'scan_out' in design 'pe_top_1_1_42'.
	 The new name of the port is 'scan_out_BAR'. (OPT-319)
Information: Complementing port 'scan_in' in design 'sol_acc_0_41'.
	 The new name of the port is 'scan_in_BAR'. (OPT-319)
Information: Complementing port 'scan_out' in design 'sol_acc_0_42'.
	 The new name of the port is 'scan_out_BAR'. (OPT-319)
Information: Complementing port 'scan_in' in design 'pe_top_1_1_42'.
	 The new name of the port is 'scan_in_BAR'. (OPT-319)
Information: Complementing port 'scan_out' in design 'pe_top_1_1_43'.
	 The new name of the port is 'scan_out_BAR'. (OPT-319)
Information: Complementing port 'scan_in' in design 'sol_acc_0_42'.
	 The new name of the port is 'scan_in_BAR'. (OPT-319)
Information: Complementing port 'scan_out' in design 'sol_acc_0_43'.
	 The new name of the port is 'scan_out_BAR'. (OPT-319)
Information: Complementing port 'scan_in' in design 'pe_top_1_1_43'.
	 The new name of the port is 'scan_in_BAR'. (OPT-319)
Information: Complementing port 'scan_out' in design 'pe_top_1_1_44'.
	 The new name of the port is 'scan_out_BAR'. (OPT-319)
Information: Complementing port 'scan_in' in design 'sol_acc_0_43'.
	 The new name of the port is 'scan_in_BAR'. (OPT-319)
Information: Complementing port 'scan_out' in design 'sol_acc_0_44'.
	 The new name of the port is 'scan_out_BAR'. (OPT-319)
Information: Complementing port 'scan_in' in design 'pe_top_1_1_44'.
	 The new name of the port is 'scan_in_BAR'. (OPT-319)
Information: Complementing port 'scan_out' in design 'pe_top_1_1_45'.
	 The new name of the port is 'scan_out_BAR'. (OPT-319)
Information: Complementing port 'scan_in' in design 'sol_acc_0_44'.
	 The new name of the port is 'scan_in_BAR'. (OPT-319)
Information: Complementing port 'scan_out' in design 'sol_acc_0_45'.
	 The new name of the port is 'scan_out_BAR'. (OPT-319)
Information: Complementing port 'scan_in' in design 'pe_top_1_1_45'.
	 The new name of the port is 'scan_in_BAR'. (OPT-319)
Information: Complementing port 'scan_out' in design 'pe_top_1_1_46'.
	 The new name of the port is 'scan_out_BAR'. (OPT-319)
Information: Complementing port 'scan_in' in design 'sol_acc_0_45'.
	 The new name of the port is 'scan_in_BAR'. (OPT-319)
Information: Complementing port 'scan_out' in design 'sol_acc_0_46'.
	 The new name of the port is 'scan_out_BAR'. (OPT-319)
Information: Complementing port 'scan_in' in design 'pe_top_1_1_46'.
	 The new name of the port is 'scan_in_BAR'. (OPT-319)
Information: Complementing port 'scan_out' in design 'pe_top_1_1_47'.
	 The new name of the port is 'scan_out_BAR'. (OPT-319)
Information: Complementing port 'scan_in' in design 'sol_acc_0_46'.
	 The new name of the port is 'scan_in_BAR'. (OPT-319)
Information: Complementing port 'scan_out' in design 'sol_acc_0_47'.
	 The new name of the port is 'scan_out_BAR'. (OPT-319)
Information: Complementing port 'scan_in' in design 'pe_top_1_1_47'.
	 The new name of the port is 'scan_in_BAR'. (OPT-319)
Information: Complementing port 'scan_out' in design 'pe_top_1_1_48'.
	 The new name of the port is 'scan_out_BAR'. (OPT-319)
Information: Complementing port 'scan_in' in design 'sol_acc_0_47'.
	 The new name of the port is 'scan_in_BAR'. (OPT-319)
Information: Complementing port 'scan_out' in design 'sol_acc_0_48'.
	 The new name of the port is 'scan_out_BAR'. (OPT-319)
Information: Complementing port 'scan_in' in design 'pe_top_1_1_48'.
	 The new name of the port is 'scan_in_BAR'. (OPT-319)
Information: Complementing port 'scan_out' in design 'pe_top_1_1_49'.
	 The new name of the port is 'scan_out_BAR'. (OPT-319)
Information: Complementing port 'scan_in' in design 'sol_acc_0_48'.
	 The new name of the port is 'scan_in_BAR'. (OPT-319)
Information: Complementing port 'scan_out' in design 'sol_acc_0_49'.
	 The new name of the port is 'scan_out_BAR'. (OPT-319)
Information: Complementing port 'scan_in' in design 'pe_top_1_1_49'.
	 The new name of the port is 'scan_in_BAR'. (OPT-319)
Information: Complementing port 'scan_out' in design 'pe_top_0_1_40'.
	 The new name of the port is 'scan_out_BAR'. (OPT-319)
Information: Complementing port 'scan_in' in design 'sol_acc_0_49'.
	 The new name of the port is 'scan_in_BAR'. (OPT-319)
Information: Complementing port 'scan_out' in design 'sol_acc_1_40'.
	 The new name of the port is 'scan_out_BAR'. (OPT-319)
Information: Complementing port 'scan_in' in design 'pe_top_0_1_40'.
	 The new name of the port is 'scan_in_BAR'. (OPT-319)
Information: Complementing port 'scan_out' in design 'pe_top_0_1_41'.
	 The new name of the port is 'scan_out_BAR'. (OPT-319)
Information: Complementing port 'scan_in' in design 'sol_acc_1_40'.
	 The new name of the port is 'scan_in_BAR'. (OPT-319)
Information: Complementing port 'scan_out' in design 'sol_acc_1_41'.
	 The new name of the port is 'scan_out_BAR'. (OPT-319)
Information: Complementing port 'scan_in' in design 'pe_top_0_1_41'.
	 The new name of the port is 'scan_in_BAR'. (OPT-319)
Information: Complementing port 'scan_out' in design 'pe_top_0_1_42'.
	 The new name of the port is 'scan_out_BAR'. (OPT-319)
Information: Complementing port 'scan_in' in design 'sol_acc_1_41'.
	 The new name of the port is 'scan_in_BAR'. (OPT-319)
Information: Complementing port 'scan_out' in design 'sol_acc_1_42'.
	 The new name of the port is 'scan_out_BAR'. (OPT-319)
Information: Complementing port 'scan_in' in design 'pe_top_0_1_42'.
	 The new name of the port is 'scan_in_BAR'. (OPT-319)
Information: Complementing port 'scan_out' in design 'pe_top_0_1_43'.
	 The new name of the port is 'scan_out_BAR'. (OPT-319)
Information: Complementing port 'scan_in' in design 'sol_acc_1_42'.
	 The new name of the port is 'scan_in_BAR'. (OPT-319)
Information: Complementing port 'scan_out' in design 'sol_acc_1_43'.
	 The new name of the port is 'scan_out_BAR'. (OPT-319)
Information: Complementing port 'scan_in' in design 'pe_top_0_1_43'.
	 The new name of the port is 'scan_in_BAR'. (OPT-319)
Information: Complementing port 'scan_out' in design 'pe_top_0_1_44'.
	 The new name of the port is 'scan_out_BAR'. (OPT-319)
Information: Complementing port 'scan_in' in design 'sol_acc_1_43'.
	 The new name of the port is 'scan_in_BAR'. (OPT-319)
Information: Complementing port 'scan_out' in design 'sol_acc_1_44'.
	 The new name of the port is 'scan_out_BAR'. (OPT-319)
Information: Complementing port 'scan_in' in design 'pe_top_0_1_44'.
	 The new name of the port is 'scan_in_BAR'. (OPT-319)
Information: Complementing port 'scan_out' in design 'pe_top_0_1_45'.
	 The new name of the port is 'scan_out_BAR'. (OPT-319)
Information: Complementing port 'scan_in' in design 'sol_acc_1_44'.
	 The new name of the port is 'scan_in_BAR'. (OPT-319)
Information: Complementing port 'scan_out' in design 'sol_acc_1_45'.
	 The new name of the port is 'scan_out_BAR'. (OPT-319)
Information: Complementing port 'scan_in' in design 'pe_top_0_1_45'.
	 The new name of the port is 'scan_in_BAR'. (OPT-319)
Information: Complementing port 'scan_out' in design 'pe_top_0_1_46'.
	 The new name of the port is 'scan_out_BAR'. (OPT-319)
Information: Complementing port 'scan_in' in design 'sol_acc_1_45'.
	 The new name of the port is 'scan_in_BAR'. (OPT-319)
Information: Complementing port 'scan_out' in design 'sol_acc_1_46'.
	 The new name of the port is 'scan_out_BAR'. (OPT-319)
Information: Complementing port 'scan_in' in design 'pe_top_0_1_46'.
	 The new name of the port is 'scan_in_BAR'. (OPT-319)
Information: Complementing port 'scan_out' in design 'pe_top_0_1_47'.
	 The new name of the port is 'scan_out_BAR'. (OPT-319)
Information: Complementing port 'scan_in' in design 'sol_acc_1_46'.
	 The new name of the port is 'scan_in_BAR'. (OPT-319)
Information: Complementing port 'scan_out' in design 'sol_acc_1_47'.
	 The new name of the port is 'scan_out_BAR'. (OPT-319)
Information: Complementing port 'scan_in' in design 'pe_top_0_1_47'.
	 The new name of the port is 'scan_in_BAR'. (OPT-319)
Information: Complementing port 'scan_out' in design 'pe_top_0_1_48'.
	 The new name of the port is 'scan_out_BAR'. (OPT-319)
Information: Complementing port 'scan_in' in design 'sol_acc_1_47'.
	 The new name of the port is 'scan_in_BAR'. (OPT-319)
Information: Complementing port 'scan_out' in design 'sol_acc_1_48'.
	 The new name of the port is 'scan_out_BAR'. (OPT-319)
Information: Complementing port 'scan_in' in design 'pe_top_0_1_48'.
	 The new name of the port is 'scan_in_BAR'. (OPT-319)
Information: Complementing port 'scan_out' in design 'pe_top_0_1_49'.
	 The new name of the port is 'scan_out_BAR'. (OPT-319)
Information: Complementing port 'scan_in' in design 'sol_acc_1_48'.
	 The new name of the port is 'scan_in_BAR'. (OPT-319)
Information: Complementing port 'scan_out' in design 'sol_acc_1_49'.
	 The new name of the port is 'scan_out_BAR'. (OPT-319)
Information: Complementing port 'scan_in' in design 'pe_top_0_1_49'.
	 The new name of the port is 'scan_in_BAR'. (OPT-319)
Information: Complementing port 'scan_out' in design 'pe_top_1_1_50'.
	 The new name of the port is 'scan_out_BAR'. (OPT-319)
Information: Complementing port 'scan_in' in design 'sol_acc_1_49'.
	 The new name of the port is 'scan_in_BAR'. (OPT-319)
Information: Complementing port 'scan_out' in design 'sol_acc_0_50'.
	 The new name of the port is 'scan_out_BAR'. (OPT-319)
Information: Complementing port 'scan_in' in design 'pe_top_1_1_50'.
	 The new name of the port is 'scan_in_BAR'. (OPT-319)
Information: Complementing port 'scan_out' in design 'pe_top_1_1_51'.
	 The new name of the port is 'scan_out_BAR'. (OPT-319)
Information: Complementing port 'scan_in' in design 'sol_acc_0_50'.
	 The new name of the port is 'scan_in_BAR'. (OPT-319)
Information: Complementing port 'scan_out' in design 'sol_acc_0_51'.
	 The new name of the port is 'scan_out_BAR'. (OPT-319)
Information: Complementing port 'scan_in' in design 'pe_top_1_1_51'.
	 The new name of the port is 'scan_in_BAR'. (OPT-319)
Information: Complementing port 'scan_out' in design 'pe_top_1_1_52'.
	 The new name of the port is 'scan_out_BAR'. (OPT-319)
Information: Complementing port 'scan_in' in design 'sol_acc_0_51'.
	 The new name of the port is 'scan_in_BAR'. (OPT-319)
Information: Complementing port 'scan_out' in design 'sol_acc_0_52'.
	 The new name of the port is 'scan_out_BAR'. (OPT-319)
Information: Complementing port 'scan_in' in design 'pe_top_1_1_52'.
	 The new name of the port is 'scan_in_BAR'. (OPT-319)
Information: Complementing port 'scan_out' in design 'pe_top_1_1_53'.
	 The new name of the port is 'scan_out_BAR'. (OPT-319)
Information: Complementing port 'scan_in' in design 'sol_acc_0_52'.
	 The new name of the port is 'scan_in_BAR'. (OPT-319)
Information: Complementing port 'scan_out' in design 'sol_acc_0_53'.
	 The new name of the port is 'scan_out_BAR'. (OPT-319)
Information: Complementing port 'scan_in' in design 'pe_top_1_1_53'.
	 The new name of the port is 'scan_in_BAR'. (OPT-319)
Information: Complementing port 'scan_out' in design 'pe_top_1_1_54'.
	 The new name of the port is 'scan_out_BAR'. (OPT-319)
Information: Complementing port 'scan_in' in design 'sol_acc_0_53'.
	 The new name of the port is 'scan_in_BAR'. (OPT-319)
Information: Complementing port 'scan_out' in design 'sol_acc_0_54'.
	 The new name of the port is 'scan_out_BAR'. (OPT-319)
Information: Complementing port 'scan_in' in design 'pe_top_1_1_54'.
	 The new name of the port is 'scan_in_BAR'. (OPT-319)
Information: Complementing port 'scan_out' in design 'pe_top_1_1_55'.
	 The new name of the port is 'scan_out_BAR'. (OPT-319)
Information: Complementing port 'scan_in' in design 'sol_acc_0_54'.
	 The new name of the port is 'scan_in_BAR'. (OPT-319)
Information: Complementing port 'scan_out' in design 'sol_acc_0_55'.
	 The new name of the port is 'scan_out_BAR'. (OPT-319)
Information: Complementing port 'scan_in' in design 'pe_top_1_1_55'.
	 The new name of the port is 'scan_in_BAR'. (OPT-319)
Information: Complementing port 'scan_out' in design 'pe_top_1_1_56'.
	 The new name of the port is 'scan_out_BAR'. (OPT-319)
Information: Complementing port 'scan_in' in design 'sol_acc_0_55'.
	 The new name of the port is 'scan_in_BAR'. (OPT-319)
Information: Complementing port 'scan_out' in design 'sol_acc_0_56'.
	 The new name of the port is 'scan_out_BAR'. (OPT-319)
Information: Complementing port 'scan_in' in design 'pe_top_1_1_56'.
	 The new name of the port is 'scan_in_BAR'. (OPT-319)
Information: Complementing port 'scan_out' in design 'pe_top_1_1_57'.
	 The new name of the port is 'scan_out_BAR'. (OPT-319)
Information: Complementing port 'scan_in' in design 'sol_acc_0_56'.
	 The new name of the port is 'scan_in_BAR'. (OPT-319)
Information: Complementing port 'scan_out' in design 'sol_acc_0_57'.
	 The new name of the port is 'scan_out_BAR'. (OPT-319)
Information: Complementing port 'scan_in' in design 'pe_top_1_1_57'.
	 The new name of the port is 'scan_in_BAR'. (OPT-319)
Information: Complementing port 'scan_out' in design 'pe_top_1_1_58'.
	 The new name of the port is 'scan_out_BAR'. (OPT-319)
Information: Complementing port 'scan_in' in design 'sol_acc_0_57'.
	 The new name of the port is 'scan_in_BAR'. (OPT-319)
Information: Complementing port 'scan_out' in design 'sol_acc_0_58'.
	 The new name of the port is 'scan_out_BAR'. (OPT-319)
Information: Complementing port 'scan_in' in design 'pe_top_1_1_58'.
	 The new name of the port is 'scan_in_BAR'. (OPT-319)
Information: Complementing port 'scan_out' in design 'pe_top_1_1_59'.
	 The new name of the port is 'scan_out_BAR'. (OPT-319)
Information: Complementing port 'scan_in' in design 'sol_acc_0_58'.
	 The new name of the port is 'scan_in_BAR'. (OPT-319)
Information: Complementing port 'scan_out' in design 'sol_acc_0_59'.
	 The new name of the port is 'scan_out_BAR'. (OPT-319)
Information: Complementing port 'scan_in' in design 'pe_top_1_1_59'.
	 The new name of the port is 'scan_in_BAR'. (OPT-319)
Information: Complementing port 'scan_out' in design 'pe_top_0_1_50'.
	 The new name of the port is 'scan_out_BAR'. (OPT-319)
Information: Complementing port 'scan_in' in design 'sol_acc_0_59'.
	 The new name of the port is 'scan_in_BAR'. (OPT-319)
Information: Complementing port 'scan_out' in design 'sol_acc_1_50'.
	 The new name of the port is 'scan_out_BAR'. (OPT-319)
Information: Complementing port 'scan_in' in design 'pe_top_0_1_50'.
	 The new name of the port is 'scan_in_BAR'. (OPT-319)
Information: Complementing port 'scan_out' in design 'pe_top_0_1_51'.
	 The new name of the port is 'scan_out_BAR'. (OPT-319)
Information: Complementing port 'scan_in' in design 'sol_acc_1_50'.
	 The new name of the port is 'scan_in_BAR'. (OPT-319)
Information: Complementing port 'scan_out' in design 'sol_acc_1_51'.
	 The new name of the port is 'scan_out_BAR'. (OPT-319)
Information: Complementing port 'scan_in' in design 'pe_top_0_1_51'.
	 The new name of the port is 'scan_in_BAR'. (OPT-319)
Information: Complementing port 'scan_out' in design 'pe_top_0_1_52'.
	 The new name of the port is 'scan_out_BAR'. (OPT-319)
Information: Complementing port 'scan_in' in design 'sol_acc_1_51'.
	 The new name of the port is 'scan_in_BAR'. (OPT-319)
Information: Complementing port 'scan_out' in design 'sol_acc_1_52'.
	 The new name of the port is 'scan_out_BAR'. (OPT-319)
Information: Complementing port 'scan_in' in design 'pe_top_0_1_52'.
	 The new name of the port is 'scan_in_BAR'. (OPT-319)
Information: Complementing port 'scan_out' in design 'pe_top_0_1_53'.
	 The new name of the port is 'scan_out_BAR'. (OPT-319)
Information: Complementing port 'scan_in' in design 'sol_acc_1_52'.
	 The new name of the port is 'scan_in_BAR'. (OPT-319)
Information: Complementing port 'scan_out' in design 'sol_acc_1_53'.
	 The new name of the port is 'scan_out_BAR'. (OPT-319)
Information: Complementing port 'scan_in' in design 'pe_top_0_1_53'.
	 The new name of the port is 'scan_in_BAR'. (OPT-319)
Information: Complementing port 'scan_out' in design 'pe_top_0_1_54'.
	 The new name of the port is 'scan_out_BAR'. (OPT-319)
Information: Complementing port 'scan_in' in design 'sol_acc_1_53'.
	 The new name of the port is 'scan_in_BAR'. (OPT-319)
Information: Complementing port 'scan_out' in design 'sol_acc_1_54'.
	 The new name of the port is 'scan_out_BAR'. (OPT-319)
Information: Complementing port 'scan_in' in design 'pe_top_0_1_54'.
	 The new name of the port is 'scan_in_BAR'. (OPT-319)
Information: Complementing port 'scan_out' in design 'pe_top_0_1_55'.
	 The new name of the port is 'scan_out_BAR'. (OPT-319)
Information: Complementing port 'scan_in' in design 'sol_acc_1_54'.
	 The new name of the port is 'scan_in_BAR'. (OPT-319)
Information: Complementing port 'scan_out' in design 'sol_acc_1_55'.
	 The new name of the port is 'scan_out_BAR'. (OPT-319)
Information: Complementing port 'scan_in' in design 'pe_top_0_1_55'.
	 The new name of the port is 'scan_in_BAR'. (OPT-319)
Information: Complementing port 'scan_out' in design 'pe_top_0_1_56'.
	 The new name of the port is 'scan_out_BAR'. (OPT-319)
Information: Complementing port 'scan_in' in design 'sol_acc_1_55'.
	 The new name of the port is 'scan_in_BAR'. (OPT-319)
Information: Complementing port 'scan_out' in design 'sol_acc_1_56'.
	 The new name of the port is 'scan_out_BAR'. (OPT-319)
Information: Complementing port 'scan_in' in design 'pe_top_0_1_56'.
	 The new name of the port is 'scan_in_BAR'. (OPT-319)
Information: Complementing port 'scan_out' in design 'pe_top_0_1_57'.
	 The new name of the port is 'scan_out_BAR'. (OPT-319)
Information: Complementing port 'scan_in' in design 'sol_acc_1_56'.
	 The new name of the port is 'scan_in_BAR'. (OPT-319)
Information: Complementing port 'scan_out' in design 'sol_acc_1_57'.
	 The new name of the port is 'scan_out_BAR'. (OPT-319)
Information: Complementing port 'scan_in' in design 'pe_top_0_1_57'.
	 The new name of the port is 'scan_in_BAR'. (OPT-319)
Information: Complementing port 'scan_out' in design 'pe_top_0_1_58'.
	 The new name of the port is 'scan_out_BAR'. (OPT-319)
Information: Complementing port 'scan_in' in design 'sol_acc_1_57'.
	 The new name of the port is 'scan_in_BAR'. (OPT-319)
Information: Complementing port 'scan_out' in design 'sol_acc_1_58'.
	 The new name of the port is 'scan_out_BAR'. (OPT-319)
Information: Complementing port 'scan_in' in design 'pe_top_0_1_58'.
	 The new name of the port is 'scan_in_BAR'. (OPT-319)
Information: Complementing port 'scan_out' in design 'pe_top_0_1_59'.
	 The new name of the port is 'scan_out_BAR'. (OPT-319)
Information: Complementing port 'scan_in' in design 'sol_acc_1_58'.
	 The new name of the port is 'scan_in_BAR'. (OPT-319)
Information: Complementing port 'scan_out' in design 'sol_acc_1_59'.
	 The new name of the port is 'scan_out_BAR'. (OPT-319)
Information: Complementing port 'scan_in' in design 'pe_top_0_1_59'.
	 The new name of the port is 'scan_in_BAR'. (OPT-319)
Information: Complementing port 'scan_out' in design 'pe_top_1_1_60'.
	 The new name of the port is 'scan_out_BAR'. (OPT-319)
Information: Complementing port 'scan_in' in design 'sol_acc_1_59'.
	 The new name of the port is 'scan_in_BAR'. (OPT-319)
Information: Complementing port 'scan_out' in design 'sol_acc_0_60'.
	 The new name of the port is 'scan_out_BAR'. (OPT-319)
Information: Complementing port 'scan_in' in design 'pe_top_1_1_60'.
	 The new name of the port is 'scan_in_BAR'. (OPT-319)
Information: Complementing port 'scan_out' in design 'pe_top_1_1_61'.
	 The new name of the port is 'scan_out_BAR'. (OPT-319)
Information: Complementing port 'scan_in' in design 'sol_acc_0_60'.
	 The new name of the port is 'scan_in_BAR'. (OPT-319)
Information: Complementing port 'scan_out' in design 'sol_acc_0_61'.
	 The new name of the port is 'scan_out_BAR'. (OPT-319)
Information: Complementing port 'scan_in' in design 'pe_top_1_1_61'.
	 The new name of the port is 'scan_in_BAR'. (OPT-319)
Information: Complementing port 'scan_out' in design 'pe_top_1_1_62'.
	 The new name of the port is 'scan_out_BAR'. (OPT-319)
Information: Complementing port 'scan_in' in design 'sol_acc_0_61'.
	 The new name of the port is 'scan_in_BAR'. (OPT-319)
Information: Complementing port 'scan_out' in design 'sol_acc_0_62'.
	 The new name of the port is 'scan_out_BAR'. (OPT-319)
Information: Complementing port 'scan_in' in design 'pe_top_1_1_62'.
	 The new name of the port is 'scan_in_BAR'. (OPT-319)
Information: Complementing port 'scan_out' in design 'pe_top_1_1_63'.
	 The new name of the port is 'scan_out_BAR'. (OPT-319)
Information: Complementing port 'scan_in' in design 'sol_acc_0_62'.
	 The new name of the port is 'scan_in_BAR'. (OPT-319)
Information: Complementing port 'scan_out' in design 'sol_acc_0_63'.
	 The new name of the port is 'scan_out_BAR'. (OPT-319)
Information: Complementing port 'scan_in' in design 'pe_top_1_1_63'.
	 The new name of the port is 'scan_in_BAR'. (OPT-319)
Information: Complementing port 'scan_out' in design 'pe_top_1_1_64'.
	 The new name of the port is 'scan_out_BAR'. (OPT-319)
Information: Complementing port 'scan_in' in design 'sol_acc_0_63'.
	 The new name of the port is 'scan_in_BAR'. (OPT-319)
Information: Complementing port 'scan_out' in design 'sol_acc_0_64'.
	 The new name of the port is 'scan_out_BAR'. (OPT-319)
Information: Complementing port 'scan_in' in design 'pe_top_1_1_64'.
	 The new name of the port is 'scan_in_BAR'. (OPT-319)
Information: Complementing port 'scan_out' in design 'pe_top_1_1_65'.
	 The new name of the port is 'scan_out_BAR'. (OPT-319)
Information: Complementing port 'scan_in' in design 'sol_acc_0_64'.
	 The new name of the port is 'scan_in_BAR'. (OPT-319)
Information: Complementing port 'scan_out' in design 'sol_acc_0_65'.
	 The new name of the port is 'scan_out_BAR'. (OPT-319)
Information: Complementing port 'scan_in' in design 'pe_top_1_1_65'.
	 The new name of the port is 'scan_in_BAR'. (OPT-319)
Information: Complementing port 'scan_out' in design 'pe_top_1_1_66'.
	 The new name of the port is 'scan_out_BAR'. (OPT-319)
Information: Complementing port 'scan_in' in design 'sol_acc_0_65'.
	 The new name of the port is 'scan_in_BAR'. (OPT-319)
Information: Complementing port 'scan_out' in design 'sol_acc_0_66'.
	 The new name of the port is 'scan_out_BAR'. (OPT-319)
Information: Complementing port 'scan_in' in design 'pe_top_1_1_66'.
	 The new name of the port is 'scan_in_BAR'. (OPT-319)
Information: Complementing port 'scan_out' in design 'pe_top_1_1_67'.
	 The new name of the port is 'scan_out_BAR'. (OPT-319)
Information: Complementing port 'scan_in' in design 'sol_acc_0_66'.
	 The new name of the port is 'scan_in_BAR'. (OPT-319)
Information: Complementing port 'scan_out' in design 'sol_acc_0_67'.
	 The new name of the port is 'scan_out_BAR'. (OPT-319)
Information: Complementing port 'scan_in' in design 'pe_top_1_1_67'.
	 The new name of the port is 'scan_in_BAR'. (OPT-319)
Information: Complementing port 'scan_out' in design 'pe_top_1_1_68'.
	 The new name of the port is 'scan_out_BAR'. (OPT-319)
Information: Complementing port 'scan_in' in design 'sol_acc_0_67'.
	 The new name of the port is 'scan_in_BAR'. (OPT-319)
Information: Complementing port 'scan_out' in design 'sol_acc_0_68'.
	 The new name of the port is 'scan_out_BAR'. (OPT-319)
Information: Complementing port 'scan_in' in design 'pe_top_1_1_68'.
	 The new name of the port is 'scan_in_BAR'. (OPT-319)
Information: Complementing port 'scan_out' in design 'pe_top_1_1_69'.
	 The new name of the port is 'scan_out_BAR'. (OPT-319)
Information: Complementing port 'scan_in' in design 'sol_acc_0_68'.
	 The new name of the port is 'scan_in_BAR'. (OPT-319)
Information: Complementing port 'scan_out' in design 'sol_acc_0_69'.
	 The new name of the port is 'scan_out_BAR'. (OPT-319)
Information: Complementing port 'scan_in' in design 'pe_top_1_1_69'.
	 The new name of the port is 'scan_in_BAR'. (OPT-319)
Information: Complementing port 'scan_out' in design 'pe_top_0_1_60'.
	 The new name of the port is 'scan_out_BAR'. (OPT-319)
Information: Complementing port 'scan_in' in design 'sol_acc_0_69'.
	 The new name of the port is 'scan_in_BAR'. (OPT-319)
Information: Complementing port 'scan_out' in design 'sol_acc_1_60'.
	 The new name of the port is 'scan_out_BAR'. (OPT-319)
Information: Complementing port 'scan_in' in design 'pe_top_0_1_60'.
	 The new name of the port is 'scan_in_BAR'. (OPT-319)
Information: Complementing port 'scan_out' in design 'pe_top_0_1_61'.
	 The new name of the port is 'scan_out_BAR'. (OPT-319)
Information: Complementing port 'scan_in' in design 'sol_acc_1_60'.
	 The new name of the port is 'scan_in_BAR'. (OPT-319)
Information: Complementing port 'scan_out' in design 'sol_acc_1_61'.
	 The new name of the port is 'scan_out_BAR'. (OPT-319)
Information: Complementing port 'scan_in' in design 'pe_top_0_1_61'.
	 The new name of the port is 'scan_in_BAR'. (OPT-319)
Information: Complementing port 'scan_out' in design 'pe_top_0_1_62'.
	 The new name of the port is 'scan_out_BAR'. (OPT-319)
Information: Complementing port 'scan_in' in design 'sol_acc_1_61'.
	 The new name of the port is 'scan_in_BAR'. (OPT-319)
Information: Complementing port 'scan_out' in design 'sol_acc_1_62'.
	 The new name of the port is 'scan_out_BAR'. (OPT-319)
Information: Complementing port 'scan_in' in design 'pe_top_0_1_62'.
	 The new name of the port is 'scan_in_BAR'. (OPT-319)
Information: Complementing port 'scan_out' in design 'pe_top_0_1_63'.
	 The new name of the port is 'scan_out_BAR'. (OPT-319)
Information: Complementing port 'scan_in' in design 'sol_acc_1_62'.
	 The new name of the port is 'scan_in_BAR'. (OPT-319)
Information: Complementing port 'scan_out' in design 'sol_acc_1_63'.
	 The new name of the port is 'scan_out_BAR'. (OPT-319)
Information: Complementing port 'scan_in' in design 'pe_top_0_1_63'.
	 The new name of the port is 'scan_in_BAR'. (OPT-319)
Information: Complementing port 'scan_out' in design 'pe_top_0_1_64'.
	 The new name of the port is 'scan_out_BAR'. (OPT-319)
Information: Complementing port 'scan_in' in design 'sol_acc_1_63'.
	 The new name of the port is 'scan_in_BAR'. (OPT-319)
Information: Complementing port 'scan_out' in design 'sol_acc_1_64'.
	 The new name of the port is 'scan_out_BAR'. (OPT-319)
Information: Complementing port 'scan_in' in design 'pe_top_0_1_64'.
	 The new name of the port is 'scan_in_BAR'. (OPT-319)
Information: Complementing port 'scan_out' in design 'pe_top_0_1_65'.
	 The new name of the port is 'scan_out_BAR'. (OPT-319)
Information: Complementing port 'scan_in' in design 'sol_acc_1_64'.
	 The new name of the port is 'scan_in_BAR'. (OPT-319)
Information: Complementing port 'scan_out' in design 'sol_acc_1_65'.
	 The new name of the port is 'scan_out_BAR'. (OPT-319)
Information: Complementing port 'scan_in' in design 'pe_top_0_1_65'.
	 The new name of the port is 'scan_in_BAR'. (OPT-319)
Information: Complementing port 'scan_out' in design 'pe_top_0_1_66'.
	 The new name of the port is 'scan_out_BAR'. (OPT-319)
Information: Complementing port 'scan_in' in design 'sol_acc_1_65'.
	 The new name of the port is 'scan_in_BAR'. (OPT-319)
Information: Complementing port 'scan_out' in design 'sol_acc_1_66'.
	 The new name of the port is 'scan_out_BAR'. (OPT-319)
Information: Complementing port 'scan_in' in design 'pe_top_0_1_66'.
	 The new name of the port is 'scan_in_BAR'. (OPT-319)
Information: Complementing port 'scan_out' in design 'pe_top_0_1_67'.
	 The new name of the port is 'scan_out_BAR'. (OPT-319)
Information: Complementing port 'scan_in' in design 'sol_acc_1_66'.
	 The new name of the port is 'scan_in_BAR'. (OPT-319)
Information: Complementing port 'scan_out' in design 'sol_acc_1_67'.
	 The new name of the port is 'scan_out_BAR'. (OPT-319)
Information: Complementing port 'scan_in' in design 'pe_top_0_1_67'.
	 The new name of the port is 'scan_in_BAR'. (OPT-319)
Information: Complementing port 'scan_out' in design 'pe_top_0_1_68'.
	 The new name of the port is 'scan_out_BAR'. (OPT-319)
Information: Complementing port 'scan_in' in design 'sol_acc_1_67'.
	 The new name of the port is 'scan_in_BAR'. (OPT-319)
Information: Complementing port 'scan_out' in design 'sol_acc_1_68'.
	 The new name of the port is 'scan_out_BAR'. (OPT-319)
Information: Complementing port 'scan_in' in design 'pe_top_0_1_68'.
	 The new name of the port is 'scan_in_BAR'. (OPT-319)
Information: Complementing port 'scan_out' in design 'pe_top_0_1_69'.
	 The new name of the port is 'scan_out_BAR'. (OPT-319)
Information: Complementing port 'scan_in' in design 'sol_acc_1_68'.
	 The new name of the port is 'scan_in_BAR'. (OPT-319)
Information: Complementing port 'scan_out' in design 'sol_acc_1_69'.
	 The new name of the port is 'scan_out_BAR'. (OPT-319)
Information: Complementing port 'scan_in' in design 'pe_top_0_1_69'.
	 The new name of the port is 'scan_in_BAR'. (OPT-319)
Information: Complementing port 'scan_out' in design 'pe_top_1_1_70'.
	 The new name of the port is 'scan_out_BAR'. (OPT-319)
Information: Complementing port 'scan_in' in design 'sol_acc_1_69'.
	 The new name of the port is 'scan_in_BAR'. (OPT-319)
Information: Complementing port 'scan_out' in design 'sol_acc_0_70'.
	 The new name of the port is 'scan_out_BAR'. (OPT-319)
Information: Complementing port 'scan_in' in design 'pe_top_1_1_70'.
	 The new name of the port is 'scan_in_BAR'. (OPT-319)
Information: Complementing port 'scan_out' in design 'pe_top_1_1_71'.
	 The new name of the port is 'scan_out_BAR'. (OPT-319)
Information: Complementing port 'scan_in' in design 'sol_acc_0_70'.
	 The new name of the port is 'scan_in_BAR'. (OPT-319)
Information: Complementing port 'scan_out' in design 'sol_acc_0_71'.
	 The new name of the port is 'scan_out_BAR'. (OPT-319)
Information: Complementing port 'scan_in' in design 'pe_top_1_1_71'.
	 The new name of the port is 'scan_in_BAR'. (OPT-319)
Information: Complementing port 'scan_out' in design 'pe_top_1_1_72'.
	 The new name of the port is 'scan_out_BAR'. (OPT-319)
Information: Complementing port 'scan_in' in design 'sol_acc_0_71'.
	 The new name of the port is 'scan_in_BAR'. (OPT-319)
Information: Complementing port 'scan_out' in design 'sol_acc_0_72'.
	 The new name of the port is 'scan_out_BAR'. (OPT-319)
Information: Complementing port 'scan_in' in design 'pe_top_1_1_72'.
	 The new name of the port is 'scan_in_BAR'. (OPT-319)
Information: Complementing port 'scan_out' in design 'pe_top_1_1_73'.
	 The new name of the port is 'scan_out_BAR'. (OPT-319)
Information: Complementing port 'scan_in' in design 'sol_acc_0_72'.
	 The new name of the port is 'scan_in_BAR'. (OPT-319)
Information: Complementing port 'scan_out' in design 'sol_acc_0_73'.
	 The new name of the port is 'scan_out_BAR'. (OPT-319)
Information: Complementing port 'scan_in' in design 'pe_top_1_1_73'.
	 The new name of the port is 'scan_in_BAR'. (OPT-319)
Information: Complementing port 'scan_out' in design 'pe_top_1_1_74'.
	 The new name of the port is 'scan_out_BAR'. (OPT-319)
Information: Complementing port 'scan_in' in design 'sol_acc_0_73'.
	 The new name of the port is 'scan_in_BAR'. (OPT-319)
Information: Complementing port 'scan_out' in design 'sol_acc_0_74'.
	 The new name of the port is 'scan_out_BAR'. (OPT-319)
Information: Complementing port 'scan_in' in design 'pe_top_1_1_74'.
	 The new name of the port is 'scan_in_BAR'. (OPT-319)
Information: Complementing port 'scan_out' in design 'pe_top_1_1_75'.
	 The new name of the port is 'scan_out_BAR'. (OPT-319)
Information: Complementing port 'scan_in' in design 'sol_acc_0_74'.
	 The new name of the port is 'scan_in_BAR'. (OPT-319)
Information: Complementing port 'scan_out' in design 'sol_acc_0_75'.
	 The new name of the port is 'scan_out_BAR'. (OPT-319)
Information: Complementing port 'scan_in' in design 'pe_top_1_1_75'.
	 The new name of the port is 'scan_in_BAR'. (OPT-319)
Information: Complementing port 'scan_out' in design 'pe_top_1_1_76'.
	 The new name of the port is 'scan_out_BAR'. (OPT-319)
Information: Complementing port 'scan_in' in design 'sol_acc_0_75'.
	 The new name of the port is 'scan_in_BAR'. (OPT-319)
Information: Complementing port 'scan_out' in design 'sol_acc_0_76'.
	 The new name of the port is 'scan_out_BAR'. (OPT-319)
Information: Complementing port 'scan_in' in design 'pe_top_1_1_76'.
	 The new name of the port is 'scan_in_BAR'. (OPT-319)
Information: Complementing port 'scan_out' in design 'pe_top_1_1_77'.
	 The new name of the port is 'scan_out_BAR'. (OPT-319)
Information: Complementing port 'scan_in' in design 'sol_acc_0_76'.
	 The new name of the port is 'scan_in_BAR'. (OPT-319)
Information: Complementing port 'scan_out' in design 'sol_acc_0_77'.
	 The new name of the port is 'scan_out_BAR'. (OPT-319)
Information: Complementing port 'scan_in' in design 'pe_top_1_1_77'.
	 The new name of the port is 'scan_in_BAR'. (OPT-319)
Information: Complementing port 'scan_out' in design 'pe_top_1_1_78'.
	 The new name of the port is 'scan_out_BAR'. (OPT-319)
Information: Complementing port 'scan_in' in design 'sol_acc_0_77'.
	 The new name of the port is 'scan_in_BAR'. (OPT-319)
Information: Complementing port 'scan_out' in design 'sol_acc_0_78'.
	 The new name of the port is 'scan_out_BAR'. (OPT-319)
Information: Complementing port 'scan_in' in design 'pe_top_1_1_78'.
	 The new name of the port is 'scan_in_BAR'. (OPT-319)
Information: Complementing port 'scan_out' in design 'pe_top_1_1_79'.
	 The new name of the port is 'scan_out_BAR'. (OPT-319)
Information: Complementing port 'scan_in' in design 'sol_acc_0_78'.
	 The new name of the port is 'scan_in_BAR'. (OPT-319)
Information: Complementing port 'scan_out' in design 'sol_acc_0_79'.
	 The new name of the port is 'scan_out_BAR'. (OPT-319)
Information: Complementing port 'scan_in' in design 'pe_top_1_1_79'.
	 The new name of the port is 'scan_in_BAR'. (OPT-319)
Information: Complementing port 'scan_out' in design 'pe_top_0_1_70'.
	 The new name of the port is 'scan_out_BAR'. (OPT-319)
Information: Complementing port 'scan_in' in design 'sol_acc_0_79'.
	 The new name of the port is 'scan_in_BAR'. (OPT-319)
Information: Complementing port 'scan_out' in design 'sol_acc_1_70'.
	 The new name of the port is 'scan_out_BAR'. (OPT-319)
Information: Complementing port 'scan_in' in design 'pe_top_0_1_70'.
	 The new name of the port is 'scan_in_BAR'. (OPT-319)
Information: Complementing port 'scan_out' in design 'pe_top_0_1_71'.
	 The new name of the port is 'scan_out_BAR'. (OPT-319)
Information: Complementing port 'scan_in' in design 'sol_acc_1_70'.
	 The new name of the port is 'scan_in_BAR'. (OPT-319)
Information: Complementing port 'scan_out' in design 'sol_acc_1_71'.
	 The new name of the port is 'scan_out_BAR'. (OPT-319)
Information: Complementing port 'scan_in' in design 'pe_top_0_1_71'.
	 The new name of the port is 'scan_in_BAR'. (OPT-319)
Information: Complementing port 'scan_out' in design 'pe_top_0_1_72'.
	 The new name of the port is 'scan_out_BAR'. (OPT-319)
Information: Complementing port 'scan_in' in design 'sol_acc_1_71'.
	 The new name of the port is 'scan_in_BAR'. (OPT-319)
Information: Complementing port 'scan_out' in design 'sol_acc_1_72'.
	 The new name of the port is 'scan_out_BAR'. (OPT-319)
Information: Complementing port 'scan_in' in design 'pe_top_0_1_72'.
	 The new name of the port is 'scan_in_BAR'. (OPT-319)
Information: Complementing port 'scan_out' in design 'pe_top_0_1_73'.
	 The new name of the port is 'scan_out_BAR'. (OPT-319)
Information: Complementing port 'scan_in' in design 'sol_acc_1_72'.
	 The new name of the port is 'scan_in_BAR'. (OPT-319)
Information: Complementing port 'scan_out' in design 'sol_acc_1_73'.
	 The new name of the port is 'scan_out_BAR'. (OPT-319)
Information: Complementing port 'scan_in' in design 'pe_top_0_1_73'.
	 The new name of the port is 'scan_in_BAR'. (OPT-319)
Information: Complementing port 'scan_out' in design 'pe_top_0_1_74'.
	 The new name of the port is 'scan_out_BAR'. (OPT-319)
Information: Complementing port 'scan_in' in design 'sol_acc_1_73'.
	 The new name of the port is 'scan_in_BAR'. (OPT-319)
Information: Complementing port 'scan_out' in design 'sol_acc_1_74'.
	 The new name of the port is 'scan_out_BAR'. (OPT-319)
Information: Complementing port 'scan_in' in design 'pe_top_0_1_74'.
	 The new name of the port is 'scan_in_BAR'. (OPT-319)
Information: Complementing port 'scan_out' in design 'pe_top_0_1_75'.
	 The new name of the port is 'scan_out_BAR'. (OPT-319)
Information: Complementing port 'scan_in' in design 'sol_acc_1_74'.
	 The new name of the port is 'scan_in_BAR'. (OPT-319)
Information: Complementing port 'scan_out' in design 'sol_acc_1_75'.
	 The new name of the port is 'scan_out_BAR'. (OPT-319)
Information: Complementing port 'scan_in' in design 'pe_top_0_1_75'.
	 The new name of the port is 'scan_in_BAR'. (OPT-319)
Information: Complementing port 'scan_out' in design 'pe_top_0_1_76'.
	 The new name of the port is 'scan_out_BAR'. (OPT-319)
Information: Complementing port 'scan_in' in design 'sol_acc_1_75'.
	 The new name of the port is 'scan_in_BAR'. (OPT-319)
Information: Complementing port 'scan_out' in design 'sol_acc_1_76'.
	 The new name of the port is 'scan_out_BAR'. (OPT-319)
Information: Complementing port 'scan_in' in design 'pe_top_0_1_76'.
	 The new name of the port is 'scan_in_BAR'. (OPT-319)
Information: Complementing port 'scan_out' in design 'pe_top_0_1_77'.
	 The new name of the port is 'scan_out_BAR'. (OPT-319)
Information: Complementing port 'scan_in' in design 'sol_acc_1_76'.
	 The new name of the port is 'scan_in_BAR'. (OPT-319)
Information: Complementing port 'scan_out' in design 'sol_acc_1_77'.
	 The new name of the port is 'scan_out_BAR'. (OPT-319)
Information: Complementing port 'scan_in' in design 'pe_top_0_1_77'.
	 The new name of the port is 'scan_in_BAR'. (OPT-319)
Information: Complementing port 'scan_out' in design 'pe_top_0_1_78'.
	 The new name of the port is 'scan_out_BAR'. (OPT-319)
Information: Complementing port 'scan_in' in design 'sol_acc_1_77'.
	 The new name of the port is 'scan_in_BAR'. (OPT-319)
Information: Complementing port 'scan_out' in design 'sol_acc_1_78'.
	 The new name of the port is 'scan_out_BAR'. (OPT-319)
Information: Complementing port 'scan_in' in design 'pe_top_0_1_78'.
	 The new name of the port is 'scan_in_BAR'. (OPT-319)
Information: Complementing port 'scan_out' in design 'pe_top_0_1_79'.
	 The new name of the port is 'scan_out_BAR'. (OPT-319)
Information: Complementing port 'scan_in' in design 'sol_acc_1_78'.
	 The new name of the port is 'scan_in_BAR'. (OPT-319)
Information: Complementing port 'scan_out' in design 'sol_acc_1_79'.
	 The new name of the port is 'scan_out_BAR'. (OPT-319)
Information: Complementing port 'scan_in' in design 'pe_top_0_1_79'.
	 The new name of the port is 'scan_in_BAR'. (OPT-319)
Information: Complementing port 'scan_out' in design 'pe_top_1_1_80'.
	 The new name of the port is 'scan_out_BAR'. (OPT-319)
Information: Complementing port 'scan_in' in design 'sol_acc_1_79'.
	 The new name of the port is 'scan_in_BAR'. (OPT-319)
Information: Complementing port 'scan_out' in design 'sol_acc_0_80'.
	 The new name of the port is 'scan_out_BAR'. (OPT-319)
Information: Complementing port 'scan_in' in design 'pe_top_1_1_80'.
	 The new name of the port is 'scan_in_BAR'. (OPT-319)
Information: Complementing port 'scan_out' in design 'pe_top_1_1_81'.
	 The new name of the port is 'scan_out_BAR'. (OPT-319)
Information: Complementing port 'scan_in' in design 'sol_acc_0_80'.
	 The new name of the port is 'scan_in_BAR'. (OPT-319)
Information: Complementing port 'scan_out' in design 'sol_acc_0_81'.
	 The new name of the port is 'scan_out_BAR'. (OPT-319)
Information: Complementing port 'scan_in' in design 'pe_top_1_1_81'.
	 The new name of the port is 'scan_in_BAR'. (OPT-319)
Information: Complementing port 'scan_out' in design 'pe_top_1_1_82'.
	 The new name of the port is 'scan_out_BAR'. (OPT-319)
Information: Complementing port 'scan_in' in design 'sol_acc_0_81'.
	 The new name of the port is 'scan_in_BAR'. (OPT-319)
Information: Complementing port 'scan_out' in design 'sol_acc_0_82'.
	 The new name of the port is 'scan_out_BAR'. (OPT-319)
Information: Complementing port 'scan_in' in design 'pe_top_1_1_82'.
	 The new name of the port is 'scan_in_BAR'. (OPT-319)
Information: Complementing port 'scan_out' in design 'pe_top_1_1_83'.
	 The new name of the port is 'scan_out_BAR'. (OPT-319)
Information: Complementing port 'scan_in' in design 'sol_acc_0_82'.
	 The new name of the port is 'scan_in_BAR'. (OPT-319)
Information: Complementing port 'scan_out' in design 'sol_acc_0_83'.
	 The new name of the port is 'scan_out_BAR'. (OPT-319)
Information: Complementing port 'scan_in' in design 'pe_top_1_1_83'.
	 The new name of the port is 'scan_in_BAR'. (OPT-319)
Information: Complementing port 'scan_out' in design 'pe_top_1_1_84'.
	 The new name of the port is 'scan_out_BAR'. (OPT-319)
Information: Complementing port 'scan_in' in design 'sol_acc_0_83'.
	 The new name of the port is 'scan_in_BAR'. (OPT-319)
Information: Complementing port 'scan_out' in design 'sol_acc_0_84'.
	 The new name of the port is 'scan_out_BAR'. (OPT-319)
Information: Complementing port 'scan_in' in design 'pe_top_1_1_84'.
	 The new name of the port is 'scan_in_BAR'. (OPT-319)
Information: Complementing port 'scan_out' in design 'pe_top_1_1_85'.
	 The new name of the port is 'scan_out_BAR'. (OPT-319)
Information: Complementing port 'scan_in' in design 'sol_acc_0_84'.
	 The new name of the port is 'scan_in_BAR'. (OPT-319)
Information: Complementing port 'scan_out' in design 'sol_acc_0_85'.
	 The new name of the port is 'scan_out_BAR'. (OPT-319)
Information: Complementing port 'scan_in' in design 'pe_top_1_1_85'.
	 The new name of the port is 'scan_in_BAR'. (OPT-319)
Information: Complementing port 'scan_out' in design 'pe_top_1_1_86'.
	 The new name of the port is 'scan_out_BAR'. (OPT-319)
Information: Complementing port 'scan_in' in design 'sol_acc_0_85'.
	 The new name of the port is 'scan_in_BAR'. (OPT-319)
Information: Complementing port 'scan_out' in design 'sol_acc_0_86'.
	 The new name of the port is 'scan_out_BAR'. (OPT-319)
Information: Complementing port 'scan_in' in design 'pe_top_1_1_86'.
	 The new name of the port is 'scan_in_BAR'. (OPT-319)
Information: Complementing port 'scan_out' in design 'pe_top_1_1_87'.
	 The new name of the port is 'scan_out_BAR'. (OPT-319)
Information: Complementing port 'scan_in' in design 'sol_acc_0_86'.
	 The new name of the port is 'scan_in_BAR'. (OPT-319)
Information: Complementing port 'scan_out' in design 'sol_acc_0_87'.
	 The new name of the port is 'scan_out_BAR'. (OPT-319)
Information: Complementing port 'scan_in' in design 'pe_top_1_1_87'.
	 The new name of the port is 'scan_in_BAR'. (OPT-319)
Information: Complementing port 'scan_out' in design 'pe_top_1_1_88'.
	 The new name of the port is 'scan_out_BAR'. (OPT-319)
Information: Complementing port 'scan_in' in design 'sol_acc_0_87'.
	 The new name of the port is 'scan_in_BAR'. (OPT-319)
Information: Complementing port 'scan_out' in design 'sol_acc_0_88'.
	 The new name of the port is 'scan_out_BAR'. (OPT-319)
Information: Complementing port 'scan_in' in design 'pe_top_1_1_88'.
	 The new name of the port is 'scan_in_BAR'. (OPT-319)
Information: Complementing port 'scan_out' in design 'pe_top_1_1_89'.
	 The new name of the port is 'scan_out_BAR'. (OPT-319)
Information: Complementing port 'scan_in' in design 'sol_acc_0_88'.
	 The new name of the port is 'scan_in_BAR'. (OPT-319)
Information: Complementing port 'scan_out' in design 'sol_acc_0_89'.
	 The new name of the port is 'scan_out_BAR'. (OPT-319)
Information: Complementing port 'scan_in' in design 'pe_top_1_1_89'.
	 The new name of the port is 'scan_in_BAR'. (OPT-319)
Information: Complementing port 'scan_out' in design 'pe_top_0_1_80'.
	 The new name of the port is 'scan_out_BAR'. (OPT-319)
Information: Complementing port 'scan_in' in design 'sol_acc_0_89'.
	 The new name of the port is 'scan_in_BAR'. (OPT-319)
Information: Complementing port 'scan_out' in design 'sol_acc_1_80'.
	 The new name of the port is 'scan_out_BAR'. (OPT-319)
Information: Complementing port 'scan_in' in design 'pe_top_0_1_80'.
	 The new name of the port is 'scan_in_BAR'. (OPT-319)
Information: Complementing port 'scan_out' in design 'pe_top_0_1_81'.
	 The new name of the port is 'scan_out_BAR'. (OPT-319)
Information: Complementing port 'scan_in' in design 'sol_acc_1_80'.
	 The new name of the port is 'scan_in_BAR'. (OPT-319)
Information: Complementing port 'scan_out' in design 'sol_acc_1_81'.
	 The new name of the port is 'scan_out_BAR'. (OPT-319)
Information: Complementing port 'scan_in' in design 'pe_top_0_1_81'.
	 The new name of the port is 'scan_in_BAR'. (OPT-319)
Information: Complementing port 'scan_out' in design 'pe_top_0_1_82'.
	 The new name of the port is 'scan_out_BAR'. (OPT-319)
Information: Complementing port 'scan_in' in design 'sol_acc_1_81'.
	 The new name of the port is 'scan_in_BAR'. (OPT-319)
Information: Complementing port 'scan_out' in design 'sol_acc_1_82'.
	 The new name of the port is 'scan_out_BAR'. (OPT-319)
Information: Complementing port 'scan_in' in design 'pe_top_0_1_82'.
	 The new name of the port is 'scan_in_BAR'. (OPT-319)
Information: Complementing port 'scan_out' in design 'pe_top_0_1_83'.
	 The new name of the port is 'scan_out_BAR'. (OPT-319)
Information: Complementing port 'scan_in' in design 'sol_acc_1_82'.
	 The new name of the port is 'scan_in_BAR'. (OPT-319)
Information: Complementing port 'scan_out' in design 'sol_acc_1_83'.
	 The new name of the port is 'scan_out_BAR'. (OPT-319)
Information: Complementing port 'scan_in' in design 'pe_top_0_1_83'.
	 The new name of the port is 'scan_in_BAR'. (OPT-319)
Information: Complementing port 'scan_out' in design 'pe_top_0_1_84'.
	 The new name of the port is 'scan_out_BAR'. (OPT-319)
Information: Complementing port 'scan_in' in design 'sol_acc_1_83'.
	 The new name of the port is 'scan_in_BAR'. (OPT-319)
Information: Complementing port 'scan_out' in design 'sol_acc_1_84'.
	 The new name of the port is 'scan_out_BAR'. (OPT-319)
Information: Complementing port 'scan_in' in design 'pe_top_0_1_84'.
	 The new name of the port is 'scan_in_BAR'. (OPT-319)
Information: Complementing port 'scan_out' in design 'pe_top_0_1_85'.
	 The new name of the port is 'scan_out_BAR'. (OPT-319)
Information: Complementing port 'scan_in' in design 'sol_acc_1_84'.
	 The new name of the port is 'scan_in_BAR'. (OPT-319)
Information: Complementing port 'scan_out' in design 'sol_acc_1_85'.
	 The new name of the port is 'scan_out_BAR'. (OPT-319)
Information: Complementing port 'scan_in' in design 'pe_top_0_1_85'.
	 The new name of the port is 'scan_in_BAR'. (OPT-319)
Information: Complementing port 'scan_out' in design 'pe_top_0_1_86'.
	 The new name of the port is 'scan_out_BAR'. (OPT-319)
Information: Complementing port 'scan_in' in design 'sol_acc_1_85'.
	 The new name of the port is 'scan_in_BAR'. (OPT-319)
Information: Complementing port 'scan_out' in design 'sol_acc_1_86'.
	 The new name of the port is 'scan_out_BAR'. (OPT-319)
Information: Complementing port 'scan_in' in design 'pe_top_0_1_86'.
	 The new name of the port is 'scan_in_BAR'. (OPT-319)
Information: Complementing port 'scan_out' in design 'pe_top_0_1_87'.
	 The new name of the port is 'scan_out_BAR'. (OPT-319)
Information: Complementing port 'scan_in' in design 'sol_acc_1_86'.
	 The new name of the port is 'scan_in_BAR'. (OPT-319)
Information: Complementing port 'scan_out' in design 'sol_acc_1_87'.
	 The new name of the port is 'scan_out_BAR'. (OPT-319)
Information: Complementing port 'scan_in' in design 'pe_top_0_1_87'.
	 The new name of the port is 'scan_in_BAR'. (OPT-319)
Information: Complementing port 'scan_out' in design 'pe_top_0_1_88'.
	 The new name of the port is 'scan_out_BAR'. (OPT-319)
Information: Complementing port 'scan_in' in design 'sol_acc_1_87'.
	 The new name of the port is 'scan_in_BAR'. (OPT-319)
Information: Complementing port 'scan_out' in design 'sol_acc_1_88'.
	 The new name of the port is 'scan_out_BAR'. (OPT-319)
Information: Complementing port 'scan_in' in design 'pe_top_0_1_88'.
	 The new name of the port is 'scan_in_BAR'. (OPT-319)
Information: Complementing port 'scan_out' in design 'pe_top_0_1_89'.
	 The new name of the port is 'scan_out_BAR'. (OPT-319)
Information: Complementing port 'scan_in' in design 'sol_acc_1_88'.
	 The new name of the port is 'scan_in_BAR'. (OPT-319)
Information: Complementing port 'scan_out' in design 'sol_acc_1_89'.
	 The new name of the port is 'scan_out_BAR'. (OPT-319)
Information: Complementing port 'scan_in' in design 'pe_top_0_1_89'.
	 The new name of the port is 'scan_in_BAR'. (OPT-319)
Information: Complementing port 'scan_out' in design 'pe_top_1_1_90'.
	 The new name of the port is 'scan_out_BAR'. (OPT-319)
Information: Complementing port 'scan_in' in design 'sol_acc_1_89'.
	 The new name of the port is 'scan_in_BAR'. (OPT-319)
Information: Complementing port 'scan_out' in design 'sol_acc_0_90'.
	 The new name of the port is 'scan_out_BAR'. (OPT-319)
Information: Complementing port 'scan_in' in design 'pe_top_1_1_90'.
	 The new name of the port is 'scan_in_BAR'. (OPT-319)
Information: Complementing port 'scan_out' in design 'pe_top_1_1_91'.
	 The new name of the port is 'scan_out_BAR'. (OPT-319)
Information: Complementing port 'scan_in' in design 'sol_acc_0_90'.
	 The new name of the port is 'scan_in_BAR'. (OPT-319)
Information: Complementing port 'scan_out' in design 'sol_acc_0_91'.
	 The new name of the port is 'scan_out_BAR'. (OPT-319)
Information: Complementing port 'scan_in' in design 'pe_top_1_1_91'.
	 The new name of the port is 'scan_in_BAR'. (OPT-319)
Information: Complementing port 'scan_out' in design 'pe_top_1_1_92'.
	 The new name of the port is 'scan_out_BAR'. (OPT-319)
Information: Complementing port 'scan_in' in design 'sol_acc_0_91'.
	 The new name of the port is 'scan_in_BAR'. (OPT-319)
Information: Complementing port 'scan_out' in design 'sol_acc_0_92'.
	 The new name of the port is 'scan_out_BAR'. (OPT-319)
Information: Complementing port 'scan_in' in design 'pe_top_1_1_92'.
	 The new name of the port is 'scan_in_BAR'. (OPT-319)
Information: Complementing port 'scan_out' in design 'pe_top_1_1_93'.
	 The new name of the port is 'scan_out_BAR'. (OPT-319)
Information: Complementing port 'scan_in' in design 'sol_acc_0_92'.
	 The new name of the port is 'scan_in_BAR'. (OPT-319)
Information: Complementing port 'scan_out' in design 'sol_acc_0_93'.
	 The new name of the port is 'scan_out_BAR'. (OPT-319)
Information: Complementing port 'scan_in' in design 'pe_top_1_1_93'.
	 The new name of the port is 'scan_in_BAR'. (OPT-319)
Information: Complementing port 'scan_out' in design 'pe_top_1_1_94'.
	 The new name of the port is 'scan_out_BAR'. (OPT-319)
Information: Complementing port 'scan_in' in design 'sol_acc_0_93'.
	 The new name of the port is 'scan_in_BAR'. (OPT-319)
Information: Complementing port 'scan_out' in design 'sol_acc_0_94'.
	 The new name of the port is 'scan_out_BAR'. (OPT-319)
Information: Complementing port 'scan_in' in design 'pe_top_1_1_94'.
	 The new name of the port is 'scan_in_BAR'. (OPT-319)
Information: Complementing port 'scan_out' in design 'pe_top_1_1_95'.
	 The new name of the port is 'scan_out_BAR'. (OPT-319)
Information: Complementing port 'scan_in' in design 'sol_acc_0_94'.
	 The new name of the port is 'scan_in_BAR'. (OPT-319)
Information: Complementing port 'scan_out' in design 'sol_acc_0_95'.
	 The new name of the port is 'scan_out_BAR'. (OPT-319)
Information: Complementing port 'scan_in' in design 'pe_top_1_1_95'.
	 The new name of the port is 'scan_in_BAR'. (OPT-319)
Information: Complementing port 'scan_out' in design 'pe_top_1_1_96'.
	 The new name of the port is 'scan_out_BAR'. (OPT-319)
Information: Complementing port 'scan_in' in design 'sol_acc_0_95'.
	 The new name of the port is 'scan_in_BAR'. (OPT-319)
Information: Complementing port 'scan_out' in design 'sol_acc_0_96'.
	 The new name of the port is 'scan_out_BAR'. (OPT-319)
Information: Complementing port 'scan_in' in design 'pe_top_1_1_96'.
	 The new name of the port is 'scan_in_BAR'. (OPT-319)
Information: Complementing port 'scan_out' in design 'pe_top_1_1_97'.
	 The new name of the port is 'scan_out_BAR'. (OPT-319)
Information: Complementing port 'scan_in' in design 'sol_acc_0_96'.
	 The new name of the port is 'scan_in_BAR'. (OPT-319)
Information: Complementing port 'scan_out' in design 'sol_acc_0_97'.
	 The new name of the port is 'scan_out_BAR'. (OPT-319)
Information: Complementing port 'scan_in' in design 'pe_top_1_1_97'.
	 The new name of the port is 'scan_in_BAR'. (OPT-319)
Information: Complementing port 'scan_out' in design 'pe_top_1_1_98'.
	 The new name of the port is 'scan_out_BAR'. (OPT-319)
Information: Complementing port 'scan_in' in design 'sol_acc_0_97'.
	 The new name of the port is 'scan_in_BAR'. (OPT-319)
Information: Complementing port 'scan_out' in design 'sol_acc_0_98'.
	 The new name of the port is 'scan_out_BAR'. (OPT-319)
Information: Complementing port 'scan_in' in design 'pe_top_1_1_98'.
	 The new name of the port is 'scan_in_BAR'. (OPT-319)
Information: Complementing port 'scan_out' in design 'pe_top_1_1_99'.
	 The new name of the port is 'scan_out_BAR'. (OPT-319)
Information: Complementing port 'scan_in' in design 'sol_acc_0_98'.
	 The new name of the port is 'scan_in_BAR'. (OPT-319)
Information: Complementing port 'scan_out' in design 'sol_acc_0_99'.
	 The new name of the port is 'scan_out_BAR'. (OPT-319)
Information: Complementing port 'scan_in' in design 'pe_top_1_1_99'.
	 The new name of the port is 'scan_in_BAR'. (OPT-319)
Information: Complementing port 'scan_out' in design 'pe_top_0_1_90'.
	 The new name of the port is 'scan_out_BAR'. (OPT-319)
Information: Complementing port 'scan_in' in design 'sol_acc_0_99'.
	 The new name of the port is 'scan_in_BAR'. (OPT-319)
Information: Complementing port 'scan_out' in design 'sol_acc_1_90'.
	 The new name of the port is 'scan_out_BAR'. (OPT-319)
Information: Complementing port 'scan_in' in design 'pe_top_0_1_90'.
	 The new name of the port is 'scan_in_BAR'. (OPT-319)
Information: Complementing port 'scan_out' in design 'pe_top_0_1_91'.
	 The new name of the port is 'scan_out_BAR'. (OPT-319)
Information: Complementing port 'scan_in' in design 'sol_acc_1_90'.
	 The new name of the port is 'scan_in_BAR'. (OPT-319)
Information: Complementing port 'scan_out' in design 'sol_acc_1_91'.
	 The new name of the port is 'scan_out_BAR'. (OPT-319)
Information: Complementing port 'scan_in' in design 'pe_top_0_1_91'.
	 The new name of the port is 'scan_in_BAR'. (OPT-319)
Information: Complementing port 'scan_out' in design 'pe_top_0_1_92'.
	 The new name of the port is 'scan_out_BAR'. (OPT-319)
Information: Complementing port 'scan_in' in design 'sol_acc_1_91'.
	 The new name of the port is 'scan_in_BAR'. (OPT-319)
Information: Complementing port 'scan_out' in design 'sol_acc_1_92'.
	 The new name of the port is 'scan_out_BAR'. (OPT-319)
Information: Complementing port 'scan_in' in design 'pe_top_0_1_92'.
	 The new name of the port is 'scan_in_BAR'. (OPT-319)
Information: Complementing port 'scan_out' in design 'pe_top_0_1_93'.
	 The new name of the port is 'scan_out_BAR'. (OPT-319)
Information: Complementing port 'scan_in' in design 'sol_acc_1_92'.
	 The new name of the port is 'scan_in_BAR'. (OPT-319)
Information: Complementing port 'scan_out' in design 'sol_acc_1_93'.
	 The new name of the port is 'scan_out_BAR'. (OPT-319)
Information: Complementing port 'scan_in' in design 'pe_top_0_1_93'.
	 The new name of the port is 'scan_in_BAR'. (OPT-319)
Information: Complementing port 'scan_out' in design 'pe_top_0_1_94'.
	 The new name of the port is 'scan_out_BAR'. (OPT-319)
Information: Complementing port 'scan_in' in design 'sol_acc_1_93'.
	 The new name of the port is 'scan_in_BAR'. (OPT-319)
Information: Complementing port 'scan_out' in design 'sol_acc_1_94'.
	 The new name of the port is 'scan_out_BAR'. (OPT-319)
Information: Complementing port 'scan_in' in design 'pe_top_0_1_94'.
	 The new name of the port is 'scan_in_BAR'. (OPT-319)
Information: Complementing port 'scan_out' in design 'pe_top_0_1_95'.
	 The new name of the port is 'scan_out_BAR'. (OPT-319)
Information: Complementing port 'scan_in' in design 'sol_acc_1_94'.
	 The new name of the port is 'scan_in_BAR'. (OPT-319)
Information: Complementing port 'scan_out' in design 'sol_acc_1_95'.
	 The new name of the port is 'scan_out_BAR'. (OPT-319)
Information: Complementing port 'scan_in' in design 'pe_top_0_1_95'.
	 The new name of the port is 'scan_in_BAR'. (OPT-319)
Information: Complementing port 'scan_out' in design 'pe_top_0_1_96'.
	 The new name of the port is 'scan_out_BAR'. (OPT-319)
Information: Complementing port 'scan_in' in design 'sol_acc_1_95'.
	 The new name of the port is 'scan_in_BAR'. (OPT-319)
Information: Complementing port 'scan_out' in design 'sol_acc_1_96'.
	 The new name of the port is 'scan_out_BAR'. (OPT-319)
Information: Complementing port 'scan_in' in design 'pe_top_0_1_96'.
	 The new name of the port is 'scan_in_BAR'. (OPT-319)
Information: Complementing port 'scan_out' in design 'pe_top_0_1_97'.
	 The new name of the port is 'scan_out_BAR'. (OPT-319)
Information: Complementing port 'scan_in' in design 'sol_acc_1_96'.
	 The new name of the port is 'scan_in_BAR'. (OPT-319)
Information: Complementing port 'scan_out' in design 'sol_acc_1_97'.
	 The new name of the port is 'scan_out_BAR'. (OPT-319)
Information: Complementing port 'scan_in' in design 'pe_top_0_1_97'.
	 The new name of the port is 'scan_in_BAR'. (OPT-319)
Information: Complementing port 'scan_out' in design 'pe_top_0_1_98'.
	 The new name of the port is 'scan_out_BAR'. (OPT-319)
Information: Complementing port 'scan_in' in design 'sol_acc_1_97'.
	 The new name of the port is 'scan_in_BAR'. (OPT-319)
Information: Complementing port 'scan_out' in design 'sol_acc_1_98'.
	 The new name of the port is 'scan_out_BAR'. (OPT-319)
Information: Complementing port 'scan_in' in design 'pe_top_0_1_98'.
	 The new name of the port is 'scan_in_BAR'. (OPT-319)
Information: Complementing port 'scan_out' in design 'pe_top_0_1_99'.
	 The new name of the port is 'scan_out_BAR'. (OPT-319)
Information: Complementing port 'scan_in' in design 'sol_acc_1_98'.
	 The new name of the port is 'scan_in_BAR'. (OPT-319)
Information: Complementing port 'scan_out' in design 'sol_acc_1_99'.
	 The new name of the port is 'scan_out_BAR'. (OPT-319)
    0:04:30  402392.2      0.00       0.0       1.8                           78991.1250
    0:04:30  402392.2      0.00       0.0       1.8                           78991.1250
    0:04:30  402392.2      0.00       0.0       1.8                           78991.1250
    0:04:35  402391.8      0.00       0.0       2.4                           78834.1406
    0:04:35  402391.8      0.00       0.0       2.4                           78834.1406
    0:04:35  402391.8      0.00       0.0       2.4                           78834.1406
    0:04:35  402391.8      0.00       0.0       2.4                           78834.1406
    0:04:35  402391.8      0.00       0.0       2.4                           78834.1406
    0:04:35  402391.8      0.00       0.0       2.4                           78834.1406
    0:04:35  402391.8      0.00       0.0       2.4                           78834.1406
    0:04:35  402391.8      0.00       0.0       2.4                           78834.1406
    0:04:35  402391.8      0.00       0.0       2.4                           78834.1406
    0:04:35  402391.8      0.00       0.0       2.4                           78834.1406
    0:04:35  402391.8      0.00       0.0       2.4                           78834.1406
    0:04:35  402391.8      0.00       0.0       2.4                           78834.1406
    0:04:35  402391.8      0.00       0.0       2.4                           78834.1406
    0:04:35  402391.8      0.00       0.0       2.4                           78834.1406
    0:04:35  402391.8      0.00       0.0       2.4                           78834.1406
    0:04:35  402391.8      0.00       0.0       2.4                           78834.1406
    0:04:35  402391.8      0.00       0.0       2.4                           78834.1406
    0:04:35  402391.8      0.00       0.0       2.4                           78834.1406
    0:04:35  402391.8      0.00       0.0       2.4                           78834.1406
    0:04:37  402388.9      0.00       0.0       2.4                           78834.9531

                                  TOTAL                                                
   ELAPSED            WORST NEG   SETUP    DESIGN                              LEAKAGE 
    TIME      AREA      SLACK     COST    RULE COST         ENDPOINT            POWER  
  --------- --------- --------- --------- --------- ------------------------- ---------
    0:04:40  402388.9      0.00       0.0       2.4                           78834.9531
    0:04:44  402359.0      0.00       0.0       8.1                           78730.7969
    0:04:44  402359.0      0.00       0.0       8.1                           78730.7969
    0:04:45  402359.0      0.00       0.0       8.1                           78730.7969
    0:04:48  402359.0      0.00       0.0       6.7                           78720.6094
    0:04:55  402357.6      0.00       0.0       6.7                           78720.1250
    0:04:57  402361.6      0.00       0.0       1.0                           78725.8906
    0:04:57  402361.6      0.00       0.0       1.0                           78725.8906
    0:04:57  402361.6      0.00       0.0       1.0                           78725.8906
    0:04:57  402361.6      0.00       0.0       1.0                           78725.8906
    0:04:57  402361.6      0.00       0.0       1.0                           78725.8906
    0:04:57  402361.6      0.00       0.0       1.0                           78725.8906
    0:04:59  402359.4      0.00       0.0       1.1                           78724.5078
Loading db file '/home/soleil/code/DigitalIC/stdlib/tsmc65/tcbn65lp_200b/Front_End/timing_power_noise/CCS/tcbn65lpwc_ccs.db'


Note: Symbol # after min delay cost means estimated hold TNS across all active scenarios 


  Optimization Complete
  ---------------------
Warning: Design 'pde_chip_top_safe' contains 2 high-fanout nets. A fanout number of 1000 will be used for delay calculations involving these nets. (TIM-134)
     Net 'u_impl/u_core/g_row[0].g_col[1].u_pe/u_dsm/clk': 23905 load(s), 1 driver(s)
     Net 'u_impl/u_core/g_row[0].g_col[1].u_pe/u_dsm/rst_n': 16227 load(s), 1 driver(s)
Information: State dependent leakage is now switched from off to on.
Information: Propagating switching activity (low effort zero delay simulation). (PWR-6)
1
change_names -rules verilog -hierarchy
1
redirect -file [file join $REPORT_DIR check_design.rpt] {
  check_design
}
redirect -file [file join $REPORT_DIR check_timing.rpt] {
  check_timing
}
redirect -file [file join $REPORT_DIR qor.rpt] {
  report_qor
}
redirect -file [file join $REPORT_DIR area_hier.rpt] {
  report_area -hierarchy
}
redirect -file [file join $REPORT_DIR timing_max.rpt] {
  report_timing -delay_type max -max_paths 50 -nworst 2 -input_pins -nets
}
redirect -file [file join $REPORT_DIR timing_min.rpt] {
  report_timing -delay_type min -max_paths 20 -nworst 1 -input_pins -nets
}
redirect -file [file join $REPORT_DIR constraints.rpt] {
  report_constraint -all_violators
}
redirect -file [file join $REPORT_DIR power.rpt] {
  report_power -hierarchy
}
redirect -file [file join $REPORT_DIR clocks.rpt] {
  report_clock
}
redirect -file [file join $REPORT_DIR high_fanout.rpt] {
  report_net_fanout -threshold 32
}
redirect -file [file join $REPORT_DIR resources.rpt] {
  report_resources -hierarchy
}
write -format ddc -hierarchy -output [file join $RESULT_DIR ${TOP}.ddc]
Writing ddc file '/home/soleil/code/DigitalIC/PDE/pdeMujunjie/flow/local_runs/full_clean_20260804/dc/results/pde_chip_top_safe.ddc'.
1
write_file -format verilog -hierarchy -output [file join $RESULT_DIR ${TOP}.v]
Writing verilog file '/home/soleil/code/DigitalIC/PDE/pdeMujunjie/flow/local_runs/full_clean_20260804/dc/results/pde_chip_top_safe.v'.
1
write_sdc [file join $RESULT_DIR ${TOP}.sdc]
1
write_sdf -version 2.1 [file join $RESULT_DIR ${TOP}.sdf]
Information: Annotated 'cell' delays are assumed to include load delay. (UID-282)
Information: Writing timing information to file '/home/soleil/code/DigitalIC/PDE/pdeMujunjie/flow/local_runs/full_clean_20260804/dc/results/pde_chip_top_safe.sdf'. (WT-3)
1
puts "PDE_DC_DONE top=$TOP clock_period=$CLOCK_PERIOD result_dir=$RESULT_DIR"
PDE_DC_DONE top=pde_chip_top_safe clock_period=10.000 result_dir=/home/soleil/code/DigitalIC/PDE/pdeMujunjie/flow/local_runs/full_clean_20260804/dc/results
quit

Memory usage for this session 1438 Mbytes.
Memory usage for this session including child processes 2110 Mbytes.
CPU usage for this session 576 seconds ( 0.16 hours ).
Elapsed time for this session 339 seconds ( 0.09 hours ).

Thank you...
=== DC synthesis end Tue 04 Aug 2026 03:42:06 PM CST ===
RESULT: OK
total 246M
-rw-r--r-- 1 soleil soleil  14M Aug  4 15:42 pde_chip_top_safe.ddc
-rw-r--r-- 1 soleil soleil 9.1K Aug  4 15:42 pde_chip_top_safe.sdc
-rw-r--r-- 1 soleil soleil 221M Aug  4 15:42 pde_chip_top_safe.sdf
-rw-r--r-- 1 soleil soleil 140K Aug  4 15:42 pde_chip_top_safe.svf
-rw-r--r-- 1 soleil soleil  12M Aug  4 15:42 pde_chip_top_safe.v
=== P&R 尝试 1/25 开始 Tue 04 Aug 2026 03:42:06 PM CST ===



                              IC Compiler II (TM)

                  Version W-2024.09 for linux64 - Aug 26, 2024
  This release has significant feature enhancements. Please review the Release
                       Notes associated with this release.

                    Copyright (c) 1988 - 2024 Synopsys, Inc.
   This software and the associated documentation are proprietary to Synopsys,
 Inc. This software may only be used in accordance with the terms and conditions
 of a written license agreement with Synopsys, Inc. All other use, reproduction,
   or distribution of this software is strictly prohibited.  Licensed Products
     communicate with Synopsys servers for the purpose of providing software
    updates, detecting software piracy and verifying that customers are using
    Licensed Products in conformity with the applicable License Key for such
  Licensed Products. Synopsys will use information gathered in connection with
    this process to deliver software updates and pursue software pirates and
                                   infringers.

 Inclusivity & Diversity - Visit SolvNetPlus to read the "Synopsys Statement on
            Inclusivity and Diversity" (Refer to article 000036315 at
                        https://solvnetplus.synopsys.com)
 
# 本地 P&R 入口。
#
# 从 EDAServer 带过来的 flow/icc2/pnr.tcl 是 ICC2 O-2018.06-SP1 时代写的，
# 本地是 W-2024.09，中间隔了六年，有少量 API 语义变化。这里在加载时按下面的
# 替换表生成隔离输出目录下的 work/icc2/pnr.patched.tcl 再 source ——
# 补丁后的脚本是落盘的，改了哪几处可以直接 diff 出来。
#
# （试过用 rename + proc 做运行时垫片，ICC2 不允许 rename 内建命令：
#   "Error: command cannot be renamed"。）
# 这台机器 32 线程 / 31G 内存。93k 个 leaf cell 的块，8 核是稳妥值；
# 调高要先确认 license 里的多核 feature，否则 place_opt 会退回单核并告警。
set_host_options -max_cores 8
1
set src [file join $env(PDE_REPO_ROOT) flow icc2 pnr.tcl]
/home/soleil/code/DigitalIC/PDE/pdeMujunjie/flow/icc2/pnr.tcl
set dst [file join $env(PDE_ICC2_OUTPUT_ROOT) work icc2 pnr.patched.tcl]
/home/soleil/code/DigitalIC/PDE/pdeMujunjie/flow/local_runs/full_clean_20260804/icc2/work/icc2/pnr.patched.tcl
file mkdir [file dirname $dst]
set fh [open $src r]
file26
set body [read $fh]
# ICC2 place-and-route flow for pde_chip_top_safe on TSMC65LP RVT 6LM-T1.
# Run with: icc2_shell -f flow/icc2/pnr.tcl

proc env_or_default {name fallback} {
  if {[info exists ::env($name)] && [string trim $::env($name)] ne ""} {
    return $::env($name)
  }
  return $fallback
}

proc require_regular_file {path description} {
  if {![file exists $path] || ![file isfile $path] || ![file readable $path]} {
    error "$description is missing or unreadable: $path"
  }
}

proc require_path {path description} {
  if {![file exists $path] || ![file readable $path]} {
    error "$description is missing or unreadable: $path"
  }
}

proc require_command {name} {
  if {[llength [info commands $name]] == 0} {
    error "Required ICC2 command is unavailable in this release: $name"
  }
}

proc require_one_lib_cell {master} {
  set matches [get_lib_cells -quiet "*/$master"]
  if {[sizeof_collection $matches] == 0} {
    error "Required RVT library master is absent from the NDM: $master"
  }
  return $matches
}

proc connect_named_pg_pins {} {
  set vdd_pins [get_pins -hierarchical -physical_context -quiet */VDD]
  set vss_pins [get_pins -hierarchical -physical_context -quiet */VSS]
  if {[sizeof_collection $vdd_pins] == 0} {
    error "No physical VDD pins were found; verify the RVT NDM and netlist link"
  }
  if {[sizeof_collection $vss_pins] == 0} {
    error "No physical VSS pins were found; verify the RVT NDM and netlist link"
  }
  connect_pg_net -net VDD $vdd_pins
  connect_pg_net -net VSS $vss_pins
}

set SCRIPT_DIR [file dirname [file normalize [info script]]]
set REPO_ROOT [file normalize [env_or_default PDE_REPO_ROOT \
  [file join $SCRIPT_DIR .. ..]]]
set TOP [env_or_default PDE_TOP pde_chip_top_safe]

set RVT_ROOT "/ssd0/PDKs/TSMC65nm/STDCELL/std/STD_Cell/tcbn65lp_200b"
set RVT_MW [file join $RVT_ROOT Back_End milkyway tcbn65lp_200a]

set NETLIST [file normalize [env_or_default PDE_DC_NETLIST \
  [file join $REPO_ROOT flow results dc ${TOP}.v]]]
set SDC [file normalize [env_or_default PDE_DC_SDC \
  [file join $REPO_ROOT flow results dc ${TOP}.sdc]]]
set REF_NDM [file normalize [env_or_default PDE_REF_NDM \
  [file join $REPO_ROOT flow work icc2 ref tcbn65lp_6lmT1.ndm]]]
set TLU_WORST [env_or_default PDE_TLUPLUS_MAX \
  [file join $RVT_MW techfiles tluplus cln65lp_1p06m+alrdl_rcworst_top1.tluplus]]
set TLU_BEST [env_or_default PDE_TLUPLUS_MIN \
  [file join $RVT_MW techfiles tluplus cln65lp_1p06m+alrdl_rcbest_top1.tluplus]]
set TLU_MAP [env_or_default PDE_TLUPLUS_MAP \
  [file join $RVT_MW techfiles tluplus star.map_6M]]
set GDS_MAP [env_or_default PDE_GDS_MAP \
  [file join $RVT_MW gdsout_3X1Z.map]]
set GDS_MAP_FORMAT [env_or_default PDE_GDS_MAP_FORMAT icc_default]

set OUTPUT_ROOT [file normalize [env_or_default PDE_ICC2_OUTPUT_ROOT \
  [file join $REPO_ROOT flow]]]
set WORK_DIR [file join $OUTPUT_ROOT work icc2]
set RESULT_DIR [file join $OUTPUT_ROOT results icc2]
set REPORT_DIR [file join $OUTPUT_ROOT reports icc2]
set DESIGN_LIB [file normalize [env_or_default PDE_ICC2_DESIGN_LIB \
  [file join $WORK_DIR ${TOP}.dlib]]]

foreach item [list \
  [list $NETLIST "DC gate-level netlist"] \
  [list $SDC "DC SDC"] \
  [list $TLU_WORST "RC-worst TLU+"] \
  [list $TLU_BEST "RC-best TLU+"] \
  [list $TLU_MAP "6M TLU+ layer map"] \
  [list $GDS_MAP "RVT stream-out map"]] {
  require_regular_file [lindex $item 0] [lindex $item 1]
}
require_path $REF_NDM "RVT reference NDM"

file mkdir $WORK_DIR
file mkdir $RESULT_DIR
file mkdir $REPORT_DIR
if {[file exists $DESIGN_LIB]} {
  error "Refusing to overwrite existing ICC2 design library: $DESIGN_LIB"
}

puts "PDE_ICC2: top=$TOP"
puts "PDE_ICC2: netlist=$NETLIST"
puts "PDE_ICC2: sdc=$SDC"
puts "PDE_ICC2: ref_ndm=$REF_NDM"

create_lib -use_technology_lib $REF_NDM -ref_libs [list $REF_NDM] $DESIGN_LIB
read_verilog -top $TOP [list $NETLIST]
current_block $TOP
link_block

redirect -file [file join $REPORT_DIR link_check.rpt] {
  check_design -checks {netlist unbound}
}

# Build one functional mode and explicit WC/BC timing/RC corners.  The NDM was
# created with matching uppercase process labels in create_ndm.tcl.
remove_scenarios -all
remove_modes -all
remove_corners -all
create_mode FUNC
create_corner WC
create_corner BC
create_scenario -mode FUNC -corner WC -name FUNC_WC
create_scenario -mode FUNC -corner BC -name FUNC_BC

current_mode FUNC
read_sdc $SDC
# read_sdc in this mode/scenario configuration does not deliver an unqualified
# SDC clock uncertainty to setup analysis (observed on W-2024.09: 0.2 reached
# hold checks only).  Pin the intended split explicitly in every scenario so
# optimization and signoff reporting share the same targets.
foreach unc_scenario {FUNC_WC FUNC_BC} {
  current_scenario $unc_scenario
  set_clock_uncertainty -setup 0.2 [all_clocks]
  set_clock_uncertainty -hold 0.05 [all_clocks]
}
set_process_label WC -corners [get_corners WC]
set_process_label BC -corners [get_corners BC]
# Pin per-corner V/T to the CCS characterization points (tcbn65lpwc 1.08V/125C,
# tcbn65lpbc 1.32V/0C).  Without this the BC corner keeps default V/T and
# report_pvt flags voltage+temperature mismatches on every cell (the eco03
# finding; command form probe-verified on W-2024.09).
set_temperature 125 -corners [get_corners WC]
set_temperature 0 -corners [get_corners BC]
set_voltage 1.08 -min 1.08 -corners [get_corners WC]
set_voltage 1.32 -min 1.32 -corners [get_corners BC]

read_parasitic_tech -tlup $TLU_WORST -layermap $TLU_MAP -name RC_WORST
read_parasitic_tech -tlup $TLU_BEST -layermap $TLU_MAP -name RC_BEST
set_parasitic_parameters -corners [get_corners WC] \
  -early_spec RC_WORST -late_spec RC_WORST
set_parasitic_parameters -corners [get_corners BC] \
  -early_spec RC_BEST -late_spec RC_BEST

set_scenario_status [get_scenarios FUNC_WC] \
  -active true -setup true -hold false \
  -max_transition true -max_capacitance true \
  -leakage_power true -dynamic_power true
set_scenario_status [get_scenarios FUNC_BC] \
  -active true -setup false -hold true \
  -max_transition true -max_capacitance true \
  -leakage_power false -dynamic_power false
current_scenario FUNC_WC

# Constrain signal routing to the six-layer stack.  M5 is horizontal and M6
# vertical in the selected foundry TF/LEF.
foreach layer_name {M1 M3 M4 M5 M6} {
  if {[sizeof_collection [get_layers -quiet $layer_name]] == 0} {
    error "Required routing layer is missing from 6LM-T1 technology: $layer_name"
  }
}
set_ignored_layers -min_routing_layer M1 -max_routing_layer M6

# Square, 55%-utilized core.  The 10 um core-to-die margin contains the two-net
# ring with the conservative baseline widths below.
initialize_floorplan -control_type core -shape R -side_ratio {1.0 1.0} \
  -core_utilization 0.55 -core_offset 10.0
set_block_pin_constraints -self -allowed_layers [get_layers {M3 M4}] \
  -corner_keepout_num_tracks 2 -pin_spacing 0.4 -allow_feedthroughs false
place_pins -self

# This design has no pad ring or qualified supply-pin locations.  Create named
# PG nets and connect every RVT leaf PG pin; do not invent pad cells or bumps.
if {[sizeof_collection [get_nets -quiet VDD]] == 0} {
  create_net -power VDD
} else {
  set_attribute [get_nets VDD] net_type power
}
if {[sizeof_collection [get_nets -quiet VSS]] == 0} {
  create_net -ground VSS
} else {
  set_attribute [get_nets VSS] net_type ground
}
connect_named_pg_pins

# Guard the ICC2 pattern API and the concrete layer/cell assumptions before PG
# compilation.  Widths/spacing are an implementation baseline, not an IR/EM-
# signed-off grid; update them only from a qualified power-budget analysis.
foreach pg_command {create_pg_ring_pattern create_pg_std_cell_conn_pattern set_pg_strategy compile_pg} {
  require_command $pg_command
}
if {[catch {
  create_pg_ring_pattern PDE_CORE_RING \
    -horizontal_layer M5 -vertical_layer M6 \
    -horizontal_width 1.6 -vertical_width 1.6 \
    -horizontal_spacing 0.8 -vertical_spacing 0.8
  set_pg_strategy PDE_CORE_RING_STRATEGY -core \
    -pattern {{name: PDE_CORE_RING} {nets: {VDD VSS}} {offset: {2.0 2.0}}}
  compile_pg -strategies {PDE_CORE_RING_STRATEGY}

  # Standard-cell rails must follow the M1 power pins; M5/M6 form the ring.
  create_pg_std_cell_conn_pattern PDE_STDCELL_RAILS \
    -layers {M1} -mark_as_follow_pin true
  set_pg_strategy PDE_STDCELL_RAIL_STRATEGY -core \
    -pattern {{name: PDE_STDCELL_RAILS} {nets: {VDD VSS}}} \
    -extension {{stop: innermost_ring}}
  compile_pg -strategies {PDE_STDCELL_RAIL_STRATEGY}
} pg_error]} {
  error "PG pattern compilation failed; verify the foundry via rules and qualified grid dimensions: $pg_error"
}
connect_named_pg_pins

# The block has no pad ring; connect_pg_net auto-creates VDD/VSS ports with no
# physical shape and check_lvs flags them as unplaced supply ports.  Give each
# port a top-level M5 terminal carved from its bottommost horizontal ring
# segment — a 1.6 um window at the segment's x-center (the eco02 geometry,
# create_terminal -boundary form probe-verified on W-2024.09).
foreach pg_port {VDD VSS} {
  if {[sizeof_collection [get_ports -quiet $pg_port]] != 1} {
    error "Expected auto-created supply port $pg_port before terminal creation"
  }
  set ring_shapes [get_shapes -quiet -of_objects [get_nets $pg_port] \
    -filter "layer_name==M5 && shape_use==ring"]
  if {[sizeof_collection $ring_shapes] == 0} {
    error "No M5 ring shape found for $pg_port terminal creation"
  }
  set term_lly ""
  foreach_in_collection ring_shape $ring_shapes {
    set bb [get_attribute $ring_shape bbox]
    set llx [lindex $bb 0 0]
    set lly [lindex $bb 0 1]
    set urx [lindex $bb 1 0]
    set ury [lindex $bb 1 1]
    if {[expr {$urx - $llx}] <= [expr {$ury - $lly}]} continue
    if {$term_lly eq "" || $lly < $term_lly} {
      set term_lly $lly
      set term_ury $ury
      set term_cx [expr {($llx + $urx) / 2.0}]
    }
  }
  if {$term_lly eq ""} {
    error "No horizontal M5 ring segment found for $pg_port"
  }
  set term_x1 [expr {$term_cx - 0.8}]
  set term_x2 [expr {$term_cx + 0.8}]
  create_terminal -port $pg_port -layer M5 -boundary \
    [list [list $term_x1 $term_lly] [list $term_x2 $term_ury]]
  puts "PDE_ICC2: $pg_port terminal M5 ($term_x1,$term_lly)-($term_x2,$term_ury)"
}
save_block

# Do not invent tap/endcap masters: the installed library contains variants,
# but no project/foundry-approved tap/endcap selection or spacing rule was
# supplied.  This omission is explicit and must be resolved before tapeout.
puts "PDE_ICC2_WARNING: tap/endcap insertion intentionally omitted pending approved masters/rules"

set ANTENNA_CELLS [require_one_lib_cell ANTENNA]
set FILLER_MASTERS {FILL64 FILL32 FILL16 FILL8 FILL4 FILL2 FILL1}
set filler_patterns {}
foreach filler_master $FILLER_MASTERS {
  require_one_lib_cell $filler_master
  lappend filler_patterns "*/$filler_master"
}
set FILLER_CELLS [get_lib_cells -quiet $filler_patterns]
set_lib_cell_purpose -include optimization $ANTENNA_CELLS
set_lib_cell_purpose -include none $FILLER_CELLS

# Enable the documented O-2018.06-SP1 antenna flow and the real RVT diode.
set_app_options -name route.detail.antenna -value true
set_app_options -name route.detail.diode_libcell_names -value {ANTENNA}
set_app_options -name route.detail.insert_diodes_during_routing -value true
set_app_options -name route.detail.antenna_fixing_preference -value use_diodes
set_app_options -name route.detail.diode_insertion_mode -value new

redirect -file [file join $REPORT_DIR pre_place_check.rpt] {
  check_design -checks pre_placement_stage
}
place_opt
save_block

redirect -file [file join $REPORT_DIR pre_cts_check.rpt] {
  check_design -checks pre_clock_tree_stage
}
clock_opt
save_block

redirect -file [file join $REPORT_DIR pre_route_check.rpt] {
  check_design -checks pre_route_stage
}
route_auto
route_opt
save_block

# Fill every legal row gap using only the explicitly verified RVT FILL family.
create_stdcell_fillers -lib_cells $FILLER_CELLS -prefix PDE_FILLER_
connect_named_pg_pins
save_block

redirect -file [file join $REPORT_DIR final_design.rpt] {
  report_design -all
}
redirect -file [file join $REPORT_DIR final_qor.rpt] {
  report_qor -nosplit
}
redirect -file [file join $REPORT_DIR final_setup_timing.rpt] {
  report_timing -delay_type max -scenarios [get_scenarios FUNC_WC] \
    -max_paths 50 -sort_by slack -physical -nosplit
}
redirect -file [file join $REPORT_DIR final_hold_timing.rpt] {
  report_timing -delay_type min -scenarios [get_scenarios FUNC_BC] \
    -max_paths 50 -sort_by slack -physical -nosplit
}
redirect -file [file join $REPORT_DIR final_constraints.rpt] {
  report_constraints -all_violators -nosplit
}
redirect -file [file join $REPORT_DIR final_power.rpt] {
  report_power -scenarios [get_scenarios FUNC_WC] -verbose -nosplit
}
redirect -file [file join $REPORT_DIR final_utilization.rpt] {
  report_utilization -verbose
}
redirect -file [file join $REPORT_DIR final_congestion.rpt] {
  report_congestion -mode summary -nosplit
}
redirect -file [file join $REPORT_DIR final_clock_qor.rpt] {
  report_clock_qor -all -nosplit
}
redirect -file [file join $REPORT_DIR final_legality.rpt] {
  check_legality -verbose
}
redirect -file [file join $REPORT_DIR final_pg_connectivity.rpt] {
  check_pg_connectivity -nets [get_nets {VDD VSS}] \
    -check_std_cell_pins all -check_block_pins none -check_pad_pins none
}
redirect -file [file join $REPORT_DIR final_routes.rpt] {
  check_routes -open_net true -drc true -antenna true
}
redirect -file [file join $REPORT_DIR final_lvs.rpt] {
  check_lvs -checks all -max_errors 200
}

set FINAL_GDS [file join $RESULT_DIR ${TOP}.gds]
set FINAL_DEF [file join $RESULT_DIR ${TOP}.def]
set FINAL_NETLIST [file join $RESULT_DIR ${TOP}.postroute.v]
set FINAL_WC_SPEF [file join $RESULT_DIR ${TOP}.WC.spef]
set FINAL_BC_SPEF [file join $RESULT_DIR ${TOP}.BC.spef]

write_verilog -include all $FINAL_NETLIST
write_def $FINAL_DEF
write_parasitics -format spef -corner WC -output $FINAL_WC_SPEF
write_parasitics -format spef -corner BC -output $FINAL_BC_SPEF
write_gds -hierarchy all -lib_cell_view layout -long_names \
  -output_pin all -fill include -layer_map $GDS_MAP \
  -layer_map_format $GDS_MAP_FORMAT $FINAL_GDS

save_block
save_lib
puts "PDE_ICC2_DONE gds=$FINAL_GDS def=$FINAL_DEF netlist=$FINAL_NETLIST"

close $fh
# ---- 替换表：{正则  替换  说明} ----
# -pin_spacing 在 O-2018.06 里是微米（浮点），W-2024.09 改成了轨道数（整数）。
# M3 pitch 是 0.2 um，所以原来的 0.4 um 等价于 2 条轨道，物理意图不变。
set patches {
  {-pin_spacing 0\.4}  {-pin_spacing 2}
  {W-2024.09 的 -pin_spacing 单位是轨道数(整数)，0.4um / 0.2um pitch = 2 tracks}
}

  {-pin_spacing 0\.4}  {-pin_spacing 2}
  {W-2024.09 的 -pin_spacing 单位是轨道数(整数)，0.4um / 0.2um pitch = 2 tracks}

# The rebuilt NDM preserves the LEF SITE core on every standard/filler cell.
# Select that site explicitly; otherwise initialize_floorplan picks the smaller
# default site named unit and later filler insertion cannot use the core cells.
if {[info exists ::env(PDE_SITE_DEF)] && [string trim $::env(PDE_SITE_DEF)] ne ""} {
  set site_def [string trim $::env(PDE_SITE_DEF)]
  if {![regexp {^[A-Za-z0-9_./:-]+$} $site_def]} {
    error "PDE_SITE_DEF contains unsupported characters: $site_def"
  }
  lappend patches \
    {-core_utilization 0\.55 -core_offset 10\.0} \
    "-core_utilization 0.55 -core_offset 10.0 -site_def $site_def" \
    "select the rebuilt NDM standard-cell site '$site_def'"
}
{-pin_spacing 0\.4} {-pin_spacing 2} {W-2024.09 的 -pin_spacing 单位是轨道数(整数)，0.4um / 0.2um pitch = 2 tracks} {-core_utilization 0\.55 -core_offset 10\.0} {-core_utilization 0.55 -core_offset 10.0 -site_def core} {select the rebuilt NDM standard-cell site 'core'}
set total 0
0
foreach {pat rep desc} $patches {
  # 必须有 --：模式以 '-' 开头，否则 regsub 会把它当成自己的选项
  set n [regsub -all -- $pat $body $rep body]
  puts "PDE_COMPAT: $n 处 -- $desc"
  incr total $n
  if {$n == 0} {
    puts "PDE_COMPAT_WARNING: 上面这条补丁没匹配到任何内容，pnr.tcl 可能已经变了"
  }
}
PDE_COMPAT: 1 处 -- W-2024.09 的 -pin_spacing 单位是轨道数(整数)，0.4um / 0.2um pitch = 2 tracks
PDE_COMPAT: 1 处 -- select the rebuilt NDM standard-cell site 'core'
puts "PDE_COMPAT: 共替换 $total 处，补丁后脚本写到 $dst"
PDE_COMPAT: 共替换 2 处，补丁后脚本写到 /home/soleil/code/DigitalIC/PDE/pdeMujunjie/flow/local_runs/full_clean_20260804/icc2/work/icc2/pnr.patched.tcl
set fh [open $dst w]
file26
puts -nonewline $fh $body
close $fh
source $dst
PDE_ICC2: top=pde_chip_top_safe
PDE_ICC2: netlist=/home/soleil/code/DigitalIC/PDE/pdeMujunjie/flow/local_runs/full_clean_20260804/dc/results/pde_chip_top_safe.v
PDE_ICC2: sdc=/home/soleil/code/DigitalIC/PDE/pdeMujunjie/flow/local_runs/full_clean_20260804/dc/results/pde_chip_top_safe.sdc
PDE_ICC2: ref_ndm=/home/soleil/code/DigitalIC/PDE/pdeMujunjie/flow/work/icc2/ref_rebuilt/tcbn65lp_6lmT1.ndm
Information: Reading Verilog into new design 'pde_chip_top_safe' in library 'pde_chip_top_safe.dlib'. (VR-012)
Loading verilog file '/home/soleil/code/DigitalIC/PDE/pdeMujunjie/flow/local_runs/full_clean_20260804/dc/results/pde_chip_top_safe.v'
Number of modules read: 1606
Top level ports: 57
Total ports in all modules: 76356
Total nets in all modules: 206524
Total instances in all modules: 109390
Elapsed = 00:00:00.92, CPU = 00:00:00.91
Using libraries: pde_chip_top_safe.dlib tcbn65lp_6lmT1
Linking block pde_chip_top_safe.dlib:pde_chip_top_safe.design
Information: User units loaded from library 'tcbn65lp_6lmT1' (LNK-040)
Design 'pde_chip_top_safe' was successfully linked.
Created scenario FUNC_WC for mode FUNC and corner WC
All analysis types are activated.
Created scenario FUNC_BC for mode FUNC and corner BC
All analysis types are activated.
Information: Loading SDC version 2.1 file '/home/soleil/code/DigitalIC/PDE/pdeMujunjie/flow/local_runs/full_clean_20260804/dc/results/pde_chip_top_safe.sdc' (FILE-007)
Warning: The 'set_max_fanout' command is not supported in this program.  The command will be ignored. (CSTR-011)
Information: Timer using 8 threads
Warning: Layer mapping file warning. Tech layer 'metal1' mapped in layer mapping file is mask name of 'M1'. (TLUP-011)
Warning: Layer mapping file warning. Tech layer 'metal2' mapped in layer mapping file is mask name of 'M2'. (TLUP-011)
Warning: Layer mapping file warning. Tech layer 'metal3' mapped in layer mapping file is mask name of 'M3'. (TLUP-011)
Warning: Layer mapping file warning. Tech layer 'metal4' mapped in layer mapping file is mask name of 'M4'. (TLUP-011)
Warning: Layer mapping file warning. Tech layer 'metal5' mapped in layer mapping file is mask name of 'M5'. (TLUP-011)
Warning: Layer mapping file warning. Tech layer 'metal6' mapped in layer mapping file is mask name of 'M6'. (TLUP-011)
Warning: Layer mapping file warning. Tech layer 'metal7' mapped in layer mapping file is mask name of 'AP'. (TLUP-011)
Warning: Layer mapping file warning. Tech layer 'poly' mapped in layer mapping file is mask name of 'PO'. (TLUP-011)
Warning: Layer mapping file warning. Tech layer 'polyCont' mapped in layer mapping file is mask name of 'CO'. (TLUP-011)
Warning: Layer mapping file warning. Tech layer 'via1' mapped in layer mapping file is mask name of 'VIA1'. (TLUP-011)
Warning: Layer mapping file warning. Tech layer 'via2' mapped in layer mapping file is mask name of 'VIA2'. (TLUP-011)
Warning: Layer mapping file warning. Tech layer 'via3' mapped in layer mapping file is mask name of 'VIA3'. (TLUP-011)
Warning: Layer mapping file warning. Tech layer 'via4' mapped in layer mapping file is mask name of 'VIA4'. (TLUP-011)
Warning: Layer mapping file warning. Tech layer 'via5' mapped in layer mapping file is mask name of 'VIA5'. (TLUP-011)
Warning: Layer mapping file warning. Tech layer 'via6' mapped in layer mapping file is mask name of 'RV'. (TLUP-011)
Warning: Layer mapping file warning. Tech layer 'metal1' mapped in layer mapping file is mask name of 'M1'. (TLUP-011)
Warning: Layer mapping file warning. Tech layer 'metal2' mapped in layer mapping file is mask name of 'M2'. (TLUP-011)
Warning: Layer mapping file warning. Tech layer 'metal3' mapped in layer mapping file is mask name of 'M3'. (TLUP-011)
Warning: Layer mapping file warning. Tech layer 'metal4' mapped in layer mapping file is mask name of 'M4'. (TLUP-011)
Warning: Layer mapping file warning. Tech layer 'metal5' mapped in layer mapping file is mask name of 'M5'. (TLUP-011)
Warning: Layer mapping file warning. Tech layer 'metal6' mapped in layer mapping file is mask name of 'M6'. (TLUP-011)
Warning: Layer mapping file warning. Tech layer 'metal7' mapped in layer mapping file is mask name of 'AP'. (TLUP-011)
Warning: Layer mapping file warning. Tech layer 'poly' mapped in layer mapping file is mask name of 'PO'. (TLUP-011)
Warning: Layer mapping file warning. Tech layer 'polyCont' mapped in layer mapping file is mask name of 'CO'. (TLUP-011)
Warning: Layer mapping file warning. Tech layer 'via1' mapped in layer mapping file is mask name of 'VIA1'. (TLUP-011)
Warning: Layer mapping file warning. Tech layer 'via2' mapped in layer mapping file is mask name of 'VIA2'. (TLUP-011)
Warning: Layer mapping file warning. Tech layer 'via3' mapped in layer mapping file is mask name of 'VIA3'. (TLUP-011)
Warning: Layer mapping file warning. Tech layer 'via4' mapped in layer mapping file is mask name of 'VIA4'. (TLUP-011)
Warning: Layer mapping file warning. Tech layer 'via5' mapped in layer mapping file is mask name of 'VIA5'. (TLUP-011)
Warning: Layer mapping file warning. Tech layer 'via6' mapped in layer mapping file is mask name of 'RV'. (TLUP-011)
Scenario FUNC_WC (mode FUNC corner WC) is active for setup/leakage_power/dynamic_power/max_transition/max_capacitance/min_capacitance/si_noise analysis.
Scenario FUNC_BC (mode FUNC corner BC) is active for hold/max_transition/max_capacitance/min_capacitance/si_noise analysis.
Removing existing floorplan objects
Creating core...
Core utilization ratio = 55.01%
Unplacing all cells...
Creating site array...
Creating routing tracks...
Initializing floorplan completed.
Information: The command 'set_block_pin_constraints' cleared the undo history. (UNDO-016)
Information: Block pin constraints allow_feedthroughs, corner_keepout_num_tracks, pin_spacing, allowed_layers are set for top block pde_chip_top_safe. (DPPA-403)
Information: Starting 'place_pins' (FLW-8000)
Information: Time: 2026-08-04 15:42:23 / Session:  00:00:16 / Command:  00:00:00 / CPU:  00:00:00 / Memory: 2101 MB (FLW-8100)
Load DB...
CPU Time for load db: 00:00:00.04u 00:00:00.00s 00:00:00.04e: 

Min routing layer: M1
Max routing layer: M6

Non default block pin constraint setting(s) of top block: pde_chip_top_safe
corner_keepout_num_tracks: 2
pin_spacing:               2
allowed_layers:            M3 M4 

CPU Time for Top Level Pre-Route Processing: 00:00:00.00u 00:00:00.00s 00:00:00.00e: 
CPU Time for Leaf Level Pre-Route Processing: 00:00:00.00u 00:00:00.00s 00:00:00.00e: 
Number of block ports: 57
Number of block pin locations assigned from router: 0
CPU Time for Pin Preparation: 00:00:00.01u 00:00:00.00s 00:00:00.01e: 
Number of PG ports on blocks: 0
Number of pins created: 57
CPU Time for Pin Creation: 00:00:00.01u 00:00:00.00s 00:00:00.01e: 
Total Pin Placement CPU Time: 00:00:00.08u 00:00:00.00s 00:00:00.08e: 
Information: Ending   'place_pins' (FLW-8001)
Information: Time: 2026-08-04 15:42:23 / Session:  00:00:16 / Command:  00:00:00 / CPU:  00:00:00 / Memory: 2101 MB (FLW-8100)
Information: The command 'create_pg_ring_pattern' cleared the undo history. (UNDO-016)
Successfully create PG ring pattern PDE_CORE_RING.
Successfully set PG strategy PDE_CORE_RING_STRATEGY.
Sanity check for inputs.
No strategy-level via rule is specified, the default rule will be applied.
Automatic PG net connection through connect_pg_net is disabled.
Updating PG strategies.
Updating strategy PDE_CORE_RING_STRATEGY.
Loading library and design information.
Number of Standard Cells: 0
Number of Hard Macros: 0
Number of Pads: 0
Creating rings.
Creating via connection between strategies and existing shapes.
via connection runtime: 0 seconds.
Removing dangling/floating wire/vias after DRC check.
Start iteration 1:
Checking potential dangling/floating power plan wires.
Checking dangling/floating vias inside strategy PDE_CORE_RING_STRATEGY.
Checking 8 stacked vias: 0% 100%
Finish removing all dangling or floating wires and vias.
Commiting wires and vias.
Committing wires takes 0.00 seconds.
Committing vias takes 0.00 seconds.
Committed 8 wires.
Committed 8 vias.
Committed 0 wires for via creation.
Overall PG creation runtime: 0 seconds.
Successfully compiled PG.
Overall runtime: 0 seconds.
Successfully create standard cell rail pattern PDE_STDCELL_RAILS.
Successfully set PG strategy PDE_STDCELL_RAIL_STRATEGY.
Sanity check for inputs.
No strategy-level via rule is specified, the default rule will be applied.
Automatic PG net connection through connect_pg_net is disabled.
Updating PG strategies.
Updating strategy PDE_STDCELL_RAIL_STRATEGY.
Loading library and design information.
Number of Standard Cells: 0
Number of Hard Macros: 0
Number of Pads: 0
Creating standard cell rails.
Creating standard cell rails for strategy PDE_STDCELL_RAIL_STRATEGY.
DRC checking and fixing for standard cell rail strategy PDE_STDCELL_RAIL_STRATEGY.
Number of threads: 8
Number of partitions: 44
Direction of partitions: horizontal
Number of wires: 476
Checking DRC for 476 wires: 0% 100%
Creating 476 wires after DRC fixing.
Wire DRC checking runtime 0.00 seconds.
Creating via connection between strategies and existing shapes.
Check and fix DRCs for 952 stacked vias.
Number of threads: 8
Number of partitions: 44
Direction of partitions: horizontal
Number of vias: 952
Checking DRC for 952 stacked vias:: 0% 100%
Via DRC checking runtime 0.00 seconds.
via connection runtime: 0 seconds.
Removing dangling/floating wire/vias after DRC check.
Start iteration 1:
Checking potential dangling/floating power plan wires.
Checking dangling/floating vias between strategies and existing shapes.
Checking 952 stacked vias: 0% 100%
Finish removing all dangling or floating wires and vias.
Commiting wires and vias.
Committing wires takes 0.00 seconds.
Committing vias takes 0.00 seconds.
Committed 476 wires.
Committed 4760 vias.
Committed 0 wires for via creation.
Overall PG creation runtime: 0 seconds.
Successfully compiled PG.
Overall runtime: 0 seconds.
Error: Expected auto-created supply port VDD before terminal creation
      	Use error_info for more info. (CMD-013)
Information: script '/home/soleil/code/DigitalIC/PDE/pdeMujunjie/flow/local_runs/full_clean_20260804/icc2/work/icc2/pnr.patched.tcl'
            	stopped at line 227 due to error. (CMD-081)
Extended error info:
Expected auto-created supply port VDD before terminal creation
    while executing
"error "Expected auto-created supply port $pg_port before terminal creation""
    ("foreach" body line 3)
    invoked from within
"foreach pg_port {VDD VSS} {
  if {[sizeof_collection [get_ports -quiet $pg_port]] != 1} {
    error "Expected auto-created supply port $pg_port before..."
    (file "/home/soleil/code/DigitalIC/PDE/pdeMujunjie/flow/local_runs/full_clean_20260804/icc2/work/icc2/pnr.patched.tcl" line 227)
 -- End Extended Error Info
Information: script '/home/soleil/code/DigitalIC/PDE/pdeMujunjie/flow/local/pnr_local.tcl'
            	stopped at line 61 due to error. (CMD-081)
Extended error info:
Expected auto-created supply port VDD before terminal creation
    while executing
"error "Expected auto-created supply port $pg_port before terminal creation""
    ("foreach" body line 3)
    invoked from within
"foreach pg_port {VDD VSS} {
  if {[sizeof_collection [get_ports -quiet $pg_port]] != 1} {
    error "Expected auto-created supply port $pg_port before..."
    (file "/home/soleil/code/DigitalIC/PDE/pdeMujunjie/flow/local_runs/full_clean_20260804/icc2/work/icc2/pnr.patched.tcl" line 227)
    invoked from within
"source $dst"
    (file "/home/soleil/code/DigitalIC/PDE/pdeMujunjie/flow/local/pnr_local.tcl" line 61)
 -- End Extended Error Info
icc2_shell> Maximum memory usage for this session: 2100.96 MB
Maximum memory usage for this session including child processes: 2100.96 MB
CPU usage for this session:     11 seconds (  0.00 hours)
Elapsed time for this session:     18 seconds (  0.01 hours)
Thank you for using IC Compiler II.
=== P&R 尝试 1 结束 Tue 04 Aug 2026 03:42:25 PM CST ===
RESULT: FAILED — 已经进入流程后失败，不是启动崩溃。看 /home/soleil/code/DigitalIC/PDE/pdeMujunjie/flow/local_runs/full_clean_20260804/icc2/reports/icc2/pnr.local.log
