=== P&R 尝试 1/25 开始 Tue 04 Aug 2026 04:12:41 PM CST ===



                              IC Compiler II (TM)

                  Version W-2024.09 for linux64 - Aug 26, 2024
  This release has significant feature enhancements. Please review the Release
                       Notes associated with this release.

                    Copyright (c) 1988 - 2024 Synopsys, Inc.
   This software and the associated documentation are proprietary to Synopsys,
 Inc. This software may only be used in accordance with the terms and conditions
 of a written license agreement with Synopsys, Inc. All other use, reproduction,
   or distribution of this software is strictly prohibited.  Licensed Products
     communicate with Synopsys servers for the purpose of providing software
    updates, detecting software piracy and verifying that customers are using
    Licensed Products in conformity with the applicable License Key for such
  Licensed Products. Synopsys will use information gathered in connection with
    this process to deliver software updates and pursue software pirates and
                                   infringers.

 Inclusivity & Diversity - Visit SolvNetPlus to read the "Synopsys Statement on
            Inclusivity and Diversity" (Refer to article 000036315 at
                        https://solvnetplus.synopsys.com)
 
# 本地 P&R 入口。
#
# 从 EDAServer 带过来的 flow/icc2/pnr.tcl 是 ICC2 O-2018.06-SP1 时代写的，
# 本地是 W-2024.09，中间隔了六年，有少量 API 语义变化。这里在加载时按下面的
# 替换表生成隔离输出目录下的 work/icc2/pnr.patched.tcl 再 source ——
# 补丁后的脚本是落盘的，改了哪几处可以直接 diff 出来。
#
# （试过用 rename + proc 做运行时垫片，ICC2 不允许 rename 内建命令：
#   "Error: command cannot be renamed"。）
# 这台机器 32 线程 / 31G 内存。93k 个 leaf cell 的块，8 核是稳妥值；
# 调高要先确认 license 里的多核 feature，否则 place_opt 会退回单核并告警。
set_host_options -max_cores 8
1
set src [file join $env(PDE_REPO_ROOT) flow icc2 pnr.tcl]
/home/soleil/code/DigitalIC/PDE/pdeMujunjie/flow/icc2/pnr.tcl
set dst [file join $env(PDE_ICC2_OUTPUT_ROOT) work icc2 pnr.patched.tcl]
/home/soleil/code/DigitalIC/PDE/pdeMujunjie/flow/local_runs/full_clean_20260804/icc2/work/icc2/pnr.patched.tcl
file mkdir [file dirname $dst]
set fh [open $src r]
file26
set body [read $fh]
# ICC2 place-and-route flow for pde_chip_top_safe on TSMC65LP RVT 6LM-T1.
# Run with: icc2_shell -f flow/icc2/pnr.tcl

proc env_or_default {name fallback} {
  if {[info exists ::env($name)] && [string trim $::env($name)] ne ""} {
    return $::env($name)
  }
  return $fallback
}

proc require_regular_file {path description} {
  if {![file exists $path] || ![file isfile $path] || ![file readable $path]} {
    error "$description is missing or unreadable: $path"
  }
}

proc require_path {path description} {
  if {![file exists $path] || ![file readable $path]} {
    error "$description is missing or unreadable: $path"
  }
}

proc require_command {name} {
  if {[llength [info commands $name]] == 0} {
    error "Required ICC2 command is unavailable in this release: $name"
  }
}

proc require_one_lib_cell {master} {
  set matches [get_lib_cells -quiet "*/$master"]
  if {[sizeof_collection $matches] == 0} {
    error "Required RVT library master is absent from the NDM: $master"
  }
  return $matches
}

proc connect_named_pg_pins {} {
  set vdd_pins [get_pins -hierarchical -physical_context -quiet */VDD]
  set vss_pins [get_pins -hierarchical -physical_context -quiet */VSS]
  if {[sizeof_collection $vdd_pins] == 0} {
    error "No physical VDD pins were found; verify the RVT NDM and netlist link"
  }
  if {[sizeof_collection $vss_pins] == 0} {
    error "No physical VSS pins were found; verify the RVT NDM and netlist link"
  }
  connect_pg_net -net VDD $vdd_pins
  connect_pg_net -net VSS $vss_pins
}

set SCRIPT_DIR [file dirname [file normalize [info script]]]
set REPO_ROOT [file normalize [env_or_default PDE_REPO_ROOT \
  [file join $SCRIPT_DIR .. ..]]]
set TOP [env_or_default PDE_TOP pde_chip_top_safe]

set RVT_ROOT "/ssd0/PDKs/TSMC65nm/STDCELL/std/STD_Cell/tcbn65lp_200b"
set RVT_MW [file join $RVT_ROOT Back_End milkyway tcbn65lp_200a]

set NETLIST [file normalize [env_or_default PDE_DC_NETLIST \
  [file join $REPO_ROOT flow results dc ${TOP}.v]]]
set SDC [file normalize [env_or_default PDE_DC_SDC \
  [file join $REPO_ROOT flow results dc ${TOP}.sdc]]]
set REF_NDM [file normalize [env_or_default PDE_REF_NDM \
  [file join $REPO_ROOT flow work icc2 ref tcbn65lp_6lmT1.ndm]]]
set TLU_WORST [env_or_default PDE_TLUPLUS_MAX \
  [file join $RVT_MW techfiles tluplus cln65lp_1p06m+alrdl_rcworst_top1.tluplus]]
set TLU_BEST [env_or_default PDE_TLUPLUS_MIN \
  [file join $RVT_MW techfiles tluplus cln65lp_1p06m+alrdl_rcbest_top1.tluplus]]
set TLU_MAP [env_or_default PDE_TLUPLUS_MAP \
  [file join $RVT_MW techfiles tluplus star.map_6M]]
set GDS_MAP [env_or_default PDE_GDS_MAP \
  [file join $RVT_MW gdsout_3X1Z.map]]
set GDS_MAP_FORMAT [env_or_default PDE_GDS_MAP_FORMAT icc_default]

set OUTPUT_ROOT [file normalize [env_or_default PDE_ICC2_OUTPUT_ROOT \
  [file join $REPO_ROOT flow]]]
set WORK_DIR [file join $OUTPUT_ROOT work icc2]
set RESULT_DIR [file join $OUTPUT_ROOT results icc2]
set REPORT_DIR [file join $OUTPUT_ROOT reports icc2]
set DESIGN_LIB [file normalize [env_or_default PDE_ICC2_DESIGN_LIB \
  [file join $WORK_DIR ${TOP}.dlib]]]

foreach item [list \
  [list $NETLIST "DC gate-level netlist"] \
  [list $SDC "DC SDC"] \
  [list $TLU_WORST "RC-worst TLU+"] \
  [list $TLU_BEST "RC-best TLU+"] \
  [list $TLU_MAP "6M TLU+ layer map"] \
  [list $GDS_MAP "RVT stream-out map"]] {
  require_regular_file [lindex $item 0] [lindex $item 1]
}
require_path $REF_NDM "RVT reference NDM"

file mkdir $WORK_DIR
file mkdir $RESULT_DIR
file mkdir $REPORT_DIR
if {[file exists $DESIGN_LIB]} {
  error "Refusing to overwrite existing ICC2 design library: $DESIGN_LIB"
}

puts "PDE_ICC2: top=$TOP"
puts "PDE_ICC2: netlist=$NETLIST"
puts "PDE_ICC2: sdc=$SDC"
puts "PDE_ICC2: ref_ndm=$REF_NDM"

create_lib -use_technology_lib $REF_NDM -ref_libs [list $REF_NDM] $DESIGN_LIB
read_verilog -top $TOP [list $NETLIST]
current_block $TOP
link_block

redirect -file [file join $REPORT_DIR link_check.rpt] {
  check_design -checks {netlist unbound}
}

# Build one functional mode and explicit WC/BC timing/RC corners.  The NDM was
# created with matching uppercase process labels in create_ndm.tcl.
remove_scenarios -all
remove_modes -all
remove_corners -all
create_mode FUNC
create_corner WC
create_corner BC
create_scenario -mode FUNC -corner WC -name FUNC_WC
create_scenario -mode FUNC -corner BC -name FUNC_BC

# Import the SDC once per scenario.  A mode-context read_sdc here delivers
# every scenario-scoped constraint (I/O delays, port loads, transitions,
# design max_transition/max_fanout, uncertainty) only to whichever scenario is
# current at import time — FUNC_WC then analyzes setup with no I/O constraints
# at all (W-2024.09, root-caused 2026-08-04).  Re-running create_clock per
# scenario is harmless pre-CTS.  The explicit uncertainty split after each
# import guards against the unqualified SDC value landing hold-only.
foreach sdc_scenario {FUNC_WC FUNC_BC} {
  current_scenario $sdc_scenario
  read_sdc $SDC
  set_clock_uncertainty -setup 0.2 [all_clocks]
  set_clock_uncertainty -hold 0.05 [all_clocks]
}
set_process_label WC -corners [get_corners WC]
set_process_label BC -corners [get_corners BC]
# Pin per-corner V/T to the CCS characterization points (tcbn65lpwc 1.08V/125C,
# tcbn65lpbc 1.32V/0C).  Without this the BC corner keeps default V/T and
# report_pvt flags voltage+temperature mismatches on every cell (the eco03
# finding; command form probe-verified on W-2024.09).
set_temperature 125 -corners [get_corners WC]
set_temperature 0 -corners [get_corners BC]
set_voltage 1.08 -min 1.08 -corners [get_corners WC]
set_voltage 1.32 -min 1.32 -corners [get_corners BC]

read_parasitic_tech -tlup $TLU_WORST -layermap $TLU_MAP -name RC_WORST
read_parasitic_tech -tlup $TLU_BEST -layermap $TLU_MAP -name RC_BEST
set_parasitic_parameters -corners [get_corners WC] \
  -early_spec RC_WORST -late_spec RC_WORST
set_parasitic_parameters -corners [get_corners BC] \
  -early_spec RC_BEST -late_spec RC_BEST

set_scenario_status [get_scenarios FUNC_WC] \
  -active true -setup true -hold false \
  -max_transition true -max_capacitance true \
  -leakage_power true -dynamic_power true
set_scenario_status [get_scenarios FUNC_BC] \
  -active true -setup false -hold true \
  -max_transition true -max_capacitance true \
  -leakage_power false -dynamic_power false
current_scenario FUNC_WC

# Constrain signal routing to the six-layer stack.  M5 is horizontal and M6
# vertical in the selected foundry TF/LEF.
foreach layer_name {M1 M3 M4 M5 M6} {
  if {[sizeof_collection [get_layers -quiet $layer_name]] == 0} {
    error "Required routing layer is missing from 6LM-T1 technology: $layer_name"
  }
}
set_ignored_layers -min_routing_layer M1 -max_routing_layer M6

# Square, 55%-utilized core.  The 10 um core-to-die margin contains the two-net
# ring with the conservative baseline widths below.
initialize_floorplan -control_type core -shape R -side_ratio {1.0 1.0} \
  -core_utilization 0.55 -core_offset 10.0
set_block_pin_constraints -self -allowed_layers [get_layers {M3 M4}] \
  -corner_keepout_num_tracks 2 -pin_spacing 0.4 -allow_feedthroughs false
place_pins -self

# This design has no pad ring or qualified supply-pin locations.  Create named
# PG nets and connect every RVT leaf PG pin; do not invent pad cells or bumps.
if {[sizeof_collection [get_nets -quiet VDD]] == 0} {
  create_net -power VDD
} else {
  set_attribute [get_nets VDD] net_type power
}
if {[sizeof_collection [get_nets -quiet VSS]] == 0} {
  create_net -ground VSS
} else {
  set_attribute [get_nets VSS] net_type ground
}
connect_named_pg_pins

# Guard the ICC2 pattern API and the concrete layer/cell assumptions before PG
# compilation.  Widths/spacing are an implementation baseline, not an IR/EM-
# signed-off grid; update them only from a qualified power-budget analysis.
foreach pg_command {create_pg_ring_pattern create_pg_std_cell_conn_pattern set_pg_strategy compile_pg} {
  require_command $pg_command
}
if {[catch {
  create_pg_ring_pattern PDE_CORE_RING \
    -horizontal_layer M5 -vertical_layer M6 \
    -horizontal_width 1.6 -vertical_width 1.6 \
    -horizontal_spacing 0.8 -vertical_spacing 0.8
  set_pg_strategy PDE_CORE_RING_STRATEGY -core \
    -pattern {{name: PDE_CORE_RING} {nets: {VDD VSS}} {offset: {2.0 2.0}}}
  compile_pg -strategies {PDE_CORE_RING_STRATEGY}

  # Standard-cell rails must follow the M1 power pins; M5/M6 form the ring.
  create_pg_std_cell_conn_pattern PDE_STDCELL_RAILS \
    -layers {M1} -mark_as_follow_pin true
  set_pg_strategy PDE_STDCELL_RAIL_STRATEGY -core \
    -pattern {{name: PDE_STDCELL_RAILS} {nets: {VDD VSS}}} \
    -extension {{stop: innermost_ring}}
  compile_pg -strategies {PDE_STDCELL_RAIL_STRATEGY}
} pg_error]} {
  error "PG pattern compilation failed; verify the foundry via rules and qualified grid dimensions: $pg_error"
}
connect_named_pg_pins

# The block has no pad ring; connect_pg_net auto-creates VDD/VSS ports with no
# physical shape and check_lvs flags them as unplaced supply ports.  Give each
# port a top-level M5 terminal carved from its bottommost horizontal ring
# segment — a 1.6 um window at the segment's x-center (the eco02 geometry,
# create_terminal -boundary form probe-verified on W-2024.09).
foreach pg_port {VDD VSS} {
  if {[sizeof_collection [get_ports -quiet $pg_port]] == 0} {
    create_port -direction inout $pg_port
    puts "PDE_ICC2: created supply port $pg_port (port_type=[get_attribute -quiet [get_ports $pg_port] port_type])"
  }
  set ring_shapes [get_shapes -quiet -of_objects [get_nets $pg_port] \
    -filter "layer_name==M5 && shape_use==ring"]
  if {[sizeof_collection $ring_shapes] == 0} {
    error "No M5 ring shape found for $pg_port terminal creation"
  }
  set term_lly ""
  foreach_in_collection ring_shape $ring_shapes {
    set bb [get_attribute $ring_shape bbox]
    set llx [lindex $bb 0 0]
    set lly [lindex $bb 0 1]
    set urx [lindex $bb 1 0]
    set ury [lindex $bb 1 1]
    if {[expr {$urx - $llx}] <= [expr {$ury - $lly}]} continue
    if {$term_lly eq "" || $lly < $term_lly} {
      set term_lly $lly
      set term_ury $ury
      set term_cx [expr {($llx + $urx) / 2.0}]
    }
  }
  if {$term_lly eq ""} {
    error "No horizontal M5 ring segment found for $pg_port"
  }
  set term_x1 [expr {$term_cx - 0.8}]
  set term_x2 [expr {$term_cx + 0.8}]
  create_terminal -port $pg_port -layer M5 -boundary \
    [list [list $term_x1 $term_lly] [list $term_x2 $term_ury]]
  puts "PDE_ICC2: $pg_port terminal M5 ($term_x1,$term_lly)-($term_x2,$term_ury)"
}
save_block

# Do not invent tap/endcap masters: the installed library contains variants,
# but no project/foundry-approved tap/endcap selection or spacing rule was
# supplied.  This omission is explicit and must be resolved before tapeout.
puts "PDE_ICC2_WARNING: tap/endcap insertion intentionally omitted pending approved masters/rules"

set ANTENNA_CELLS [require_one_lib_cell ANTENNA]
set FILLER_MASTERS {FILL64 FILL32 FILL16 FILL8 FILL4 FILL2 FILL1}
set filler_patterns {}
foreach filler_master $FILLER_MASTERS {
  require_one_lib_cell $filler_master
  lappend filler_patterns "*/$filler_master"
}
set FILLER_CELLS [get_lib_cells -quiet $filler_patterns]
set_lib_cell_purpose -include optimization $ANTENNA_CELLS
set_lib_cell_purpose -include none $FILLER_CELLS

# Enable the documented O-2018.06-SP1 antenna flow and the real RVT diode.
set_app_options -name route.detail.antenna -value true
set_app_options -name route.detail.diode_libcell_names -value {ANTENNA}
set_app_options -name route.detail.insert_diodes_during_routing -value true
set_app_options -name route.detail.antenna_fixing_preference -value use_diodes
set_app_options -name route.detail.diode_insertion_mode -value new

redirect -file [file join $REPORT_DIR pre_place_check.rpt] {
  check_design -checks pre_placement_stage
}
place_opt
save_block

redirect -file [file join $REPORT_DIR pre_cts_check.rpt] {
  check_design -checks pre_clock_tree_stage
}
clock_opt
save_block

redirect -file [file join $REPORT_DIR pre_route_check.rpt] {
  check_design -checks pre_route_stage
}
route_auto
route_opt
save_block

# Fill every legal row gap using only the explicitly verified RVT FILL family.
create_stdcell_fillers -lib_cells $FILLER_CELLS -prefix PDE_FILLER_
connect_named_pg_pins
save_block

redirect -file [file join $REPORT_DIR final_design.rpt] {
  report_design -all
}
redirect -file [file join $REPORT_DIR final_qor.rpt] {
  report_qor -nosplit
}
redirect -file [file join $REPORT_DIR final_setup_timing.rpt] {
  report_timing -delay_type max -scenarios [get_scenarios FUNC_WC] \
    -max_paths 50 -sort_by slack -physical -nosplit
}
redirect -file [file join $REPORT_DIR final_hold_timing.rpt] {
  report_timing -delay_type min -scenarios [get_scenarios FUNC_BC] \
    -max_paths 50 -sort_by slack -physical -nosplit
}
redirect -file [file join $REPORT_DIR final_constraints.rpt] {
  report_constraints -all_violators -nosplit
}
redirect -file [file join $REPORT_DIR final_power.rpt] {
  report_power -scenarios [get_scenarios FUNC_WC] -verbose -nosplit
}
redirect -file [file join $REPORT_DIR final_utilization.rpt] {
  report_utilization -verbose
}
redirect -file [file join $REPORT_DIR final_congestion.rpt] {
  report_congestion -mode summary -nosplit
}
redirect -file [file join $REPORT_DIR final_clock_qor.rpt] {
  report_clock_qor -all -nosplit
}
redirect -file [file join $REPORT_DIR final_legality.rpt] {
  check_legality -verbose
}
redirect -file [file join $REPORT_DIR final_pg_connectivity.rpt] {
  check_pg_connectivity -nets [get_nets {VDD VSS}] \
    -check_std_cell_pins all -check_block_pins none -check_pad_pins none
}
redirect -file [file join $REPORT_DIR final_routes.rpt] {
  check_routes -open_net true -drc true -antenna true
}
redirect -file [file join $REPORT_DIR final_lvs.rpt] {
  check_lvs -checks all -max_errors 200
}

set FINAL_GDS [file join $RESULT_DIR ${TOP}.gds]
set FINAL_DEF [file join $RESULT_DIR ${TOP}.def]
set FINAL_NETLIST [file join $RESULT_DIR ${TOP}.postroute.v]
set FINAL_WC_SPEF [file join $RESULT_DIR ${TOP}.WC.spef]
set FINAL_BC_SPEF [file join $RESULT_DIR ${TOP}.BC.spef]

write_verilog -include all $FINAL_NETLIST
write_def $FINAL_DEF
write_parasitics -format spef -corner WC -output $FINAL_WC_SPEF
write_parasitics -format spef -corner BC -output $FINAL_BC_SPEF
write_gds -hierarchy all -lib_cell_view layout -long_names \
  -output_pin all -fill include -layer_map $GDS_MAP \
  -layer_map_format $GDS_MAP_FORMAT $FINAL_GDS

save_block
save_lib
puts "PDE_ICC2_DONE gds=$FINAL_GDS def=$FINAL_DEF netlist=$FINAL_NETLIST"

close $fh
# ---- 替换表：{正则  替换  说明} ----
# -pin_spacing 在 O-2018.06 里是微米（浮点），W-2024.09 改成了轨道数（整数）。
# M3 pitch 是 0.2 um，所以原来的 0.4 um 等价于 2 条轨道，物理意图不变。
set patches {
  {-pin_spacing 0\.4}  {-pin_spacing 2}
  {W-2024.09 的 -pin_spacing 单位是轨道数(整数)，0.4um / 0.2um pitch = 2 tracks}
}

  {-pin_spacing 0\.4}  {-pin_spacing 2}
  {W-2024.09 的 -pin_spacing 单位是轨道数(整数)，0.4um / 0.2um pitch = 2 tracks}

# The rebuilt NDM preserves the LEF SITE core on every standard/filler cell.
# Select that site explicitly; otherwise initialize_floorplan picks the smaller
# default site named unit and later filler insertion cannot use the core cells.
if {[info exists ::env(PDE_SITE_DEF)] && [string trim $::env(PDE_SITE_DEF)] ne ""} {
  set site_def [string trim $::env(PDE_SITE_DEF)]
  if {![regexp {^[A-Za-z0-9_./:-]+$} $site_def]} {
    error "PDE_SITE_DEF contains unsupported characters: $site_def"
  }
  lappend patches \
    {-core_utilization 0\.55 -core_offset 10\.0} \
    "-core_utilization 0.55 -core_offset 10.0 -site_def $site_def" \
    "select the rebuilt NDM standard-cell site '$site_def'"
}
{-pin_spacing 0\.4} {-pin_spacing 2} {W-2024.09 的 -pin_spacing 单位是轨道数(整数)，0.4um / 0.2um pitch = 2 tracks} {-core_utilization 0\.55 -core_offset 10\.0} {-core_utilization 0.55 -core_offset 10.0 -site_def core} {select the rebuilt NDM standard-cell site 'core'}
set total 0
0
foreach {pat rep desc} $patches {
  # 必须有 --：模式以 '-' 开头，否则 regsub 会把它当成自己的选项
  set n [regsub -all -- $pat $body $rep body]
  puts "PDE_COMPAT: $n 处 -- $desc"
  incr total $n
  if {$n == 0} {
    puts "PDE_COMPAT_WARNING: 上面这条补丁没匹配到任何内容，pnr.tcl 可能已经变了"
  }
}
PDE_COMPAT: 1 处 -- W-2024.09 的 -pin_spacing 单位是轨道数(整数)，0.4um / 0.2um pitch = 2 tracks
PDE_COMPAT: 1 处 -- select the rebuilt NDM standard-cell site 'core'
puts "PDE_COMPAT: 共替换 $total 处，补丁后脚本写到 $dst"
PDE_COMPAT: 共替换 2 处，补丁后脚本写到 /home/soleil/code/DigitalIC/PDE/pdeMujunjie/flow/local_runs/full_clean_20260804/icc2/work/icc2/pnr.patched.tcl
set fh [open $dst w]
file26
puts -nonewline $fh $body
close $fh
source $dst
PDE_ICC2: top=pde_chip_top_safe
PDE_ICC2: netlist=/home/soleil/code/DigitalIC/PDE/pdeMujunjie/flow/local_runs/full_clean_20260804/dc/results/pde_chip_top_safe.v
PDE_ICC2: sdc=/home/soleil/code/DigitalIC/PDE/pdeMujunjie/flow/local_runs/full_clean_20260804/dc/results/pde_chip_top_safe.sdc
PDE_ICC2: ref_ndm=/home/soleil/code/DigitalIC/PDE/pdeMujunjie/flow/work/icc2/ref_rebuilt/tcbn65lp_6lmT1.ndm
Information: Reading Verilog into new design 'pde_chip_top_safe' in library 'pde_chip_top_safe.dlib'. (VR-012)
Loading verilog file '/home/soleil/code/DigitalIC/PDE/pdeMujunjie/flow/local_runs/full_clean_20260804/dc/results/pde_chip_top_safe.v'
Number of modules read: 1606
Top level ports: 57
Total ports in all modules: 76356
Total nets in all modules: 206524
Total instances in all modules: 109390
Elapsed = 00:00:00.84, CPU = 00:00:00.83
Using libraries: pde_chip_top_safe.dlib tcbn65lp_6lmT1
Linking block pde_chip_top_safe.dlib:pde_chip_top_safe.design
Information: User units loaded from library 'tcbn65lp_6lmT1' (LNK-040)
Design 'pde_chip_top_safe' was successfully linked.
Created scenario FUNC_WC for mode FUNC and corner WC
All analysis types are activated.
Created scenario FUNC_BC for mode FUNC and corner BC
All analysis types are activated.
Information: Loading SDC version 2.1 file '/home/soleil/code/DigitalIC/PDE/pdeMujunjie/flow/local_runs/full_clean_20260804/dc/results/pde_chip_top_safe.sdc' (FILE-007)
Warning: The 'set_max_fanout' command is not supported in this program.  The command will be ignored. (CSTR-011)
Information: Timer using 8 threads
Information: Loading SDC version 2.1 file '/home/soleil/code/DigitalIC/PDE/pdeMujunjie/flow/local_runs/full_clean_20260804/dc/results/pde_chip_top_safe.sdc' (FILE-007)
Warning: Redefining clock 'core_clk'.  
        Previously defined at: /home/soleil/code/DigitalIC/PDE/pdeMujunjie/flow/local_runs/full_clean_20260804/dc/results/pde_chip_top_safe.sdc, line 34 (UIC-034)
Warning: Layer mapping file warning. Tech layer 'metal1' mapped in layer mapping file is mask name of 'M1'. (TLUP-011)
Warning: Layer mapping file warning. Tech layer 'metal2' mapped in layer mapping file is mask name of 'M2'. (TLUP-011)
Warning: Layer mapping file warning. Tech layer 'metal3' mapped in layer mapping file is mask name of 'M3'. (TLUP-011)
Warning: Layer mapping file warning. Tech layer 'metal4' mapped in layer mapping file is mask name of 'M4'. (TLUP-011)
Warning: Layer mapping file warning. Tech layer 'metal5' mapped in layer mapping file is mask name of 'M5'. (TLUP-011)
Warning: Layer mapping file warning. Tech layer 'metal6' mapped in layer mapping file is mask name of 'M6'. (TLUP-011)
Warning: Layer mapping file warning. Tech layer 'metal7' mapped in layer mapping file is mask name of 'AP'. (TLUP-011)
Warning: Layer mapping file warning. Tech layer 'poly' mapped in layer mapping file is mask name of 'PO'. (TLUP-011)
Warning: Layer mapping file warning. Tech layer 'polyCont' mapped in layer mapping file is mask name of 'CO'. (TLUP-011)
Warning: Layer mapping file warning. Tech layer 'via1' mapped in layer mapping file is mask name of 'VIA1'. (TLUP-011)
Warning: Layer mapping file warning. Tech layer 'via2' mapped in layer mapping file is mask name of 'VIA2'. (TLUP-011)
Warning: Layer mapping file warning. Tech layer 'via3' mapped in layer mapping file is mask name of 'VIA3'. (TLUP-011)
Warning: Layer mapping file warning. Tech layer 'via4' mapped in layer mapping file is mask name of 'VIA4'. (TLUP-011)
Warning: Layer mapping file warning. Tech layer 'via5' mapped in layer mapping file is mask name of 'VIA5'. (TLUP-011)
Warning: Layer mapping file warning. Tech layer 'via6' mapped in layer mapping file is mask name of 'RV'. (TLUP-011)
Warning: Layer mapping file warning. Tech layer 'metal1' mapped in layer mapping file is mask name of 'M1'. (TLUP-011)
Warning: Layer mapping file warning. Tech layer 'metal2' mapped in layer mapping file is mask name of 'M2'. (TLUP-011)
Warning: Layer mapping file warning. Tech layer 'metal3' mapped in layer mapping file is mask name of 'M3'. (TLUP-011)
Warning: Layer mapping file warning. Tech layer 'metal4' mapped in layer mapping file is mask name of 'M4'. (TLUP-011)
Warning: Layer mapping file warning. Tech layer 'metal5' mapped in layer mapping file is mask name of 'M5'. (TLUP-011)
Warning: Layer mapping file warning. Tech layer 'metal6' mapped in layer mapping file is mask name of 'M6'. (TLUP-011)
Warning: Layer mapping file warning. Tech layer 'metal7' mapped in layer mapping file is mask name of 'AP'. (TLUP-011)
Warning: Layer mapping file warning. Tech layer 'poly' mapped in layer mapping file is mask name of 'PO'. (TLUP-011)
Warning: Layer mapping file warning. Tech layer 'polyCont' mapped in layer mapping file is mask name of 'CO'. (TLUP-011)
Warning: Layer mapping file warning. Tech layer 'via1' mapped in layer mapping file is mask name of 'VIA1'. (TLUP-011)
Warning: Layer mapping file warning. Tech layer 'via2' mapped in layer mapping file is mask name of 'VIA2'. (TLUP-011)
Warning: Layer mapping file warning. Tech layer 'via3' mapped in layer mapping file is mask name of 'VIA3'. (TLUP-011)
Warning: Layer mapping file warning. Tech layer 'via4' mapped in layer mapping file is mask name of 'VIA4'. (TLUP-011)
Warning: Layer mapping file warning. Tech layer 'via5' mapped in layer mapping file is mask name of 'VIA5'. (TLUP-011)
Warning: Layer mapping file warning. Tech layer 'via6' mapped in layer mapping file is mask name of 'RV'. (TLUP-011)
Scenario FUNC_WC (mode FUNC corner WC) is active for setup/leakage_power/dynamic_power/max_transition/max_capacitance/min_capacitance/si_noise analysis.
Scenario FUNC_BC (mode FUNC corner BC) is active for hold/max_transition/max_capacitance/min_capacitance/si_noise analysis.
Removing existing floorplan objects
Creating core...
Core utilization ratio = 55.01%
Unplacing all cells...
Creating site array...
Creating routing tracks...
Initializing floorplan completed.
Information: The command 'set_block_pin_constraints' cleared the undo history. (UNDO-016)
Information: Block pin constraints allow_feedthroughs, corner_keepout_num_tracks, pin_spacing, allowed_layers are set for top block pde_chip_top_safe. (DPPA-403)
Information: Starting 'place_pins' (FLW-8000)
Information: Time: 2026-08-04 16:12:57 / Session:  00:00:15 / Command:  00:00:00 / CPU:  00:00:00 / Memory: 2101 MB (FLW-8100)
Load DB...
CPU Time for load db: 00:00:00.04u 00:00:00.00s 00:00:00.04e: 

Min routing layer: M1
Max routing layer: M6

Non default block pin constraint setting(s) of top block: pde_chip_top_safe
corner_keepout_num_tracks: 2
pin_spacing:               2
allowed_layers:            M3 M4 

CPU Time for Top Level Pre-Route Processing: 00:00:00.00u 00:00:00.00s 00:00:00.00e: 
CPU Time for Leaf Level Pre-Route Processing: 00:00:00.00u 00:00:00.00s 00:00:00.00e: 
Number of block ports: 57
Number of block pin locations assigned from router: 0
CPU Time for Pin Preparation: 00:00:00.01u 00:00:00.00s 00:00:00.01e: 
Number of PG ports on blocks: 0
Number of pins created: 57
CPU Time for Pin Creation: 00:00:00.01u 00:00:00.00s 00:00:00.01e: 
Total Pin Placement CPU Time: 00:00:00.08u 00:00:00.00s 00:00:00.08e: 
Information: Ending   'place_pins' (FLW-8001)
Information: Time: 2026-08-04 16:12:57 / Session:  00:00:15 / Command:  00:00:00 / CPU:  00:00:00 / Memory: 2101 MB (FLW-8100)
Information: The command 'create_pg_ring_pattern' cleared the undo history. (UNDO-016)
Successfully create PG ring pattern PDE_CORE_RING.
Successfully set PG strategy PDE_CORE_RING_STRATEGY.
Sanity check for inputs.
No strategy-level via rule is specified, the default rule will be applied.
Automatic PG net connection through connect_pg_net is disabled.
Updating PG strategies.
Updating strategy PDE_CORE_RING_STRATEGY.
Loading library and design information.
Number of Standard Cells: 0
Number of Hard Macros: 0
Number of Pads: 0
Creating rings.
Creating via connection between strategies and existing shapes.
via connection runtime: 0 seconds.
Removing dangling/floating wire/vias after DRC check.
Start iteration 1:
Checking potential dangling/floating power plan wires.
Checking dangling/floating vias inside strategy PDE_CORE_RING_STRATEGY.
Checking 8 stacked vias: 0% 100%
Finish removing all dangling or floating wires and vias.
Commiting wires and vias.
Committing wires takes 0.00 seconds.
Committing vias takes 0.00 seconds.
Committed 8 wires.
Committed 8 vias.
Committed 0 wires for via creation.
Overall PG creation runtime: 0 seconds.
Successfully compiled PG.
Overall runtime: 0 seconds.
Successfully create standard cell rail pattern PDE_STDCELL_RAILS.
Successfully set PG strategy PDE_STDCELL_RAIL_STRATEGY.
Sanity check for inputs.
No strategy-level via rule is specified, the default rule will be applied.
Automatic PG net connection through connect_pg_net is disabled.
Updating PG strategies.
Updating strategy PDE_STDCELL_RAIL_STRATEGY.
Loading library and design information.
Number of Standard Cells: 0
Number of Hard Macros: 0
Number of Pads: 0
Creating standard cell rails.
Creating standard cell rails for strategy PDE_STDCELL_RAIL_STRATEGY.
DRC checking and fixing for standard cell rail strategy PDE_STDCELL_RAIL_STRATEGY.
Number of threads: 8
Number of partitions: 44
Direction of partitions: horizontal
Number of wires: 476
Checking DRC for 476 wires: 0% 100%
Creating 476 wires after DRC fixing.
Wire DRC checking runtime 0.00 seconds.
Creating via connection between strategies and existing shapes.
Check and fix DRCs for 952 stacked vias.
Number of threads: 8
Number of partitions: 44
Direction of partitions: horizontal
Number of vias: 952
Checking DRC for 952 stacked vias:: 0% 100%
Via DRC checking runtime 0.00 seconds.
via connection runtime: 0 seconds.
Removing dangling/floating wire/vias after DRC check.
Start iteration 1:
Checking potential dangling/floating power plan wires.
Checking dangling/floating vias between strategies and existing shapes.
Checking 952 stacked vias: 0% 100%
Finish removing all dangling or floating wires and vias.
Commiting wires and vias.
Committing wires takes 0.00 seconds.
Committing vias takes 0.00 seconds.
Committed 476 wires.
Committed 4760 vias.
Committed 0 wires for via creation.
Overall PG creation runtime: 1 seconds.
Successfully compiled PG.
Overall runtime: 1 seconds.
PDE_ICC2: created supply port VDD (port_type=signal)
PDE_ICC2: VDD terminal M5 (436.7,6.4000)-(438.3,8.0000)
PDE_ICC2: created supply port VSS (port_type=signal)
PDE_ICC2: VSS terminal M5 (436.7,4.0000)-(438.3,5.6000)
Information: The command 'save_block' cleared the undo history. (UNDO-016)
Information: Saving block 'pde_chip_top_safe.dlib:pde_chip_top_safe.design'
PDE_ICC2_WARNING: tap/endcap insertion intentionally omitted pending approved masters/rules
Information: The design specific attribute override for lib_cell 'tcbn65lp_6lmT1:ANTENNA.timing' is set in the current block 'pde_chip_top_safe', because the actual library setting may not be overwritten. (ATTR-12)
Warning: The 'set_lib_cell_purpose' command cannot be used on library cell 'tcbn65lp_6lmT1:FILL64.frame' which has no logical model. (NDMUI-010)
Warning: The 'set_lib_cell_purpose' command cannot be used on library cell 'tcbn65lp_6lmT1:FILL32.frame' which has no logical model. (NDMUI-010)
Warning: The 'set_lib_cell_purpose' command cannot be used on library cell 'tcbn65lp_6lmT1:FILL16.frame' which has no logical model. (NDMUI-010)
Warning: The 'set_lib_cell_purpose' command cannot be used on library cell 'tcbn65lp_6lmT1:FILL8.frame' which has no logical model. (NDMUI-010)
Warning: The 'set_lib_cell_purpose' command cannot be used on library cell 'tcbn65lp_6lmT1:FILL4.frame' which has no logical model. (NDMUI-010)
Warning: The 'set_lib_cell_purpose' command cannot be used on library cell 'tcbn65lp_6lmT1:FILL2.frame' which has no logical model. (NDMUI-010)
Warning: The 'set_lib_cell_purpose' command cannot be used on library cell 'tcbn65lp_6lmT1:FILL1.frame' which has no logical model. (NDMUI-010)
Information: Starting 'place_opt' (FLW-8000)
Information: Time: 2026-08-04 16:13:02 / Session:  00:00:21 / Command:  00:00:00 / CPU:  00:00:00 / Memory: 2101 MB (FLW-8100)
INFO: place_opt is running in balanced flow mode
INFO: Total Power Aware Optimization Enabled (Dynamic + Leakage)
INFO: disable CRPR-based timing. 
Information: The stitching and editing of coupling caps is turned OFF for design 'pde_chip_top_safe.dlib:pde_chip_top_safe.design'. (TIM-125)
Information: Design Average RC for design pde_chip_top_safe  (NEX-011)
Information: r = 0.919784 ohm/um, via_r = 1.497048 ohm/cut, c = 0.093540 ff/um, cc = 0.000000 ff/um (X dir) (NEX-017)
Information: r = 0.825266 ohm/um, via_r = 1.718437 ohm/cut, c = 0.102201 ff/um, cc = 0.000000 ff/um (Y dir) (NEX-017)
Number of Site types in the design = 1
Setting up Chip Core
Chip Core shape: (100000 100000) (8650000 8650000)
Number of VARs = 1
Number of unique PDs = 1
Number of Power Domains = 1
Number of Voltage Areas = 1
Number of supply Nets = 2
Number of used supplies = 0
Blocked VAs: 
INFO: Running power improvement flow (1)
Warning: No clock routing rules were specified. Use set_clock_routing_rules to specify routing rules for accurate clock latency estimation. (OPT-902)
Warning: No clock routing rules were specified. Use set_clock_routing_rules to specify routing rules for accurate clock latency estimation. (OPT-902)
Information: Estimating clock gate latencies for scenario 'FUNC_WC'. (OPT-909)
Warning: No clock routing rules were specified. Use set_clock_routing_rules to specify routing rules for accurate clock latency estimation. (OPT-902)
Information: Estimating clock gate latencies for scenario 'FUNC_BC'. (OPT-909)

----------------------------------------------------------------------------------------------------------
Information: Starting place_opt / initial_place (FLW-8000)
Information: Time: 2026-08-04 16:13:04 / Session:  00:00:22 / Command:  00:00:01 / CPU:  00:00:02 / Memory: 2101 MB (FLW-8100)
----------------------------------------------------------------------------------------------------------


Information: Starting place_opt / initial_place / Initial Placement (FLW-8000)
Information: Time: 2026-08-04 16:13:04 / Session:  00:00:22 / Command:  00:00:01 / CPU:  00:00:02 / Memory: 2101 MB (FLW-8100)
Information: The RC mode used is VR for design 'pde_chip_top_safe'. (NEX-022)
Information: Update timing completed net estimation for all the timing graph nets (TIM-111)
Information: Net estimation statistics: timing graph nets = 110822, routed nets = 0, across physical hierarchy nets = 0, parasitics cached nets = 0, delay annotated nets = 0, parasitics annotated nets = 0, multi-voltage nets = 0. (TIM-112)
************************************************************
Timer Settings:
Delay Calculation Style:                   auto
Signal Integrity Analysis:                 disabled
Timing Window Analysis:                    disabled
Advanced Waveform Propagation:             disabled
Variation Type:                            fixed_derate
Clock Reconvergence Pessimism Removal:     disabled
Advanced Receiver Model:                   disabled
LLE:                                       disabled
ML Acceleration:                           off
Smart Arc Optimization:                    disabled
************************************************************
Running merge clock gates
************************************************************
* CTS STEP: Clock Gate Merging
************************************************************
Setting for clock gate merging......
Setting all modes active.
Information: CTS will work on the following scenarios. (CTS-101)
   FUNC_BC	(Mode: FUNC; Corner: BC)
   FUNC_WC	(Mode: FUNC; Corner: WC)
Information: CTS will work on all clocks in active scenarios, including 1 master clocks and 0 generated clocks. (CTS-107)
Output units used in this log:
   Time        : 1.00ns
   Resistance  : 1.00kOhm
   Capacitance : 1.00pF
   Power       : 1.00nW
   Length      : 1.00um
Information: Clock derating is enabled

CTS related app options set by user:
   No CTS related app option is set.

Collecting ICGs in clock trees......

Searching for equivalent ICGs......
Warning: Mapping to scan cell 'GSDFCNQD1' in library is not possible because cell has 'dont_use' attribute. (SQM-1067)

Merging equivalent ICGs......

Clearing settings of clock gate merging......
Clearing enable all modes setting.

Information: Total 0 ICGs are not considered in merging for reasons: don't touch - 0; fixed - 0; other reasons - 0. (CTS-124)
 - message 'CTS-125' limit is (10).

Information: Total 0 ICGs are unique in the design. (CTS-126)
 - message 'CTS-127' limit is (10).

************************************************************
* CTS STEP: Summary
************************************************************
merge_clock_gates Statistics: Total
    ICG                       0
    Merged                    0
    Survived                  0
    Removed                   0
    ICG at the end            0


Summary of messages during CTS:
===============================================================
  Tag   Count  Type           Description
---------------------------------------------------------------
 No error or warning message.
Number of Site types in the design = 1
Setting up Chip Core
Chip Core shape: (100000 100000) (8650000 8650000)
Number of VARs = 1
Number of unique PDs = 1
Number of Power Domains = 1
Number of Voltage Areas = 1
Number of supply Nets = 2
Number of used supplies = 0
Blocked VAs: 
INFO: sweep stats: 0 gates / 0 nets gobbled, 0 gates (0 seq) simplified
Running initial placement
----------------------------------------------------------------
running create_placement
Warning: No clock routing rules were specified. Use set_clock_routing_rules to specify routing rules for accurate clock latency estimation. (OPT-902)
CGRW: permuting timing equivalent pins only
Corner Scaling is off, multiplier is 1.000000
Information: timingScenario FUNC_WC timingCorner WC.  Using corner WC for worst leakage corner. (OPT-078)
Information: Using default layer M4 (OPT-079)
Information: Nominal = 0.0716771  Design MT = 0.500000  Target = 0.3723819  MaxRC = 0.216269 Fast Target = 0.123376 (OPT-081)
nplLib: default vr hor dist = 1037
nplLib: default vr ver dist = 1037
nplLib: default vr buf size = 6
nplLib: default vr buf size = 2
Placer using max_unbuffered_distance = 1036.63
Info: embedded eLpp will optimize for scenario FUNC_WC
Information: Activity propagation will be performed for scenario FUNC_WC.
Information: Doing activity propagation for mode 'FUNC' and corner 'WC' with effort level 'medium'. (POW-024)
Information: Timer-derived activity data is cached on scenario FUNC_WC (POW-052)
Information: Running switching activity propagation with 8 threads!

 **** Information : No. of simulation cycles = 6 ****
Info: e-eLpp used with low effort

Placement Options:
Effort:                        high_effort         
Timing Driven:                 true                
Buffering Aware Timing Driven: true                
Seed locs:                     false               
Incremental:                   false               
Congestion:                    false               
Fix Macros:                    true                
Place Macros:                  false               
Channel Size Macros:           false               


Start transferring placement data.
Warning: a large fraction of the nets have zero toggle rate (98.5752%)
****** eLpp estimated wire length 
0.205942% of the net wire length are clock nets
0% of the clock net wire length has no activity
Clock net wire length: 4.43115e+06
Total net wire length: 2.15165e+09
****** eLpp weights (no caps) (no lengths)
Number of nets: 110822, of which 110821 non-clock nets
Number of nets with 0 toggle rate: 109243 (98.5752%)
Max toggle rate = 0.2, average toggle rate = 4.207e-05
Max non-clock toggle rate = 0.0101115
eLpp weight range = (0, 4753.98)
*** 20006 nets are filtered out
****** Net weight manager: report ******
Weights included: eLpp  PostEffort  
Number of nets with non-default weights: 110822
Amt power = 0.1
Non-default weight range: (0.9, 24)
                             Min         Max         Avg       Stdev        Skew
       Toggle Rates            0         0.2 4.20704e-05 0.000841028     126.798
      Power Weights            0         191    0.811665     11.5477     15.6838
      Final Weights          0.9          24    0.981203     1.15542      15.688
Information: Automatic repeater spreading is enabled.
Restructuring in 1606 hierarchies
CGRW: importing permutable pins & pairs, size 8 and above
Information: Automatic timing control is enabled.
checking app option clockgate_objective_weight : none
Information: Clock gate latency aware placement is enabled. (PLACE-085)
Using worst RC corner 'WC' for buffer aware analysis.
DTDP placement: scenario=FUNC_WC
Factor(1) = 1
Factor(2) = 0.461125
Factor(BASE) = 1
skew 0 name=clk included=1
Completed transferring placement data.
Running placement using 8 thread(s)
Information: Enhanced Auto Density Control is used. (PLACE-098)
Information: Enhanced auto density configuration is 13179.
Information: Automatic density control has selected the following settings: max_density 0.60, congestion_driven_max_util 0.87. (PLACE-027)
Information: HFW control 'on' invoked.
Creating placement from scratch.
coarse place 0% done.
Selected 802 sequential cells for slack balancing.
coarse place 5% done.
coarse place 10% done.
coarse place 15% done.
coarse place 20% done.
coarse place 25% done.
coarse place 30% done.
coarse place 35% done.
coarse place 40% done.
coarse place 45% done.
Warning: a large fraction of the nets have zero toggle rate (98.6293%)
coarse place 50% done.
Warning: a large fraction of the nets have zero toggle rate (98.6275%)
coarse place 55% done.
Warning: a large fraction of the nets have zero toggle rate (98.6393%)
coarse place 60% done.
Warning: a large fraction of the nets have zero toggle rate (98.6384%)
coarse place 65% done.
Warning: a large fraction of the nets have zero toggle rate (98.6411%)
coarse place 70% done.
Warning: a large fraction of the nets have zero toggle rate (98.632%)
coarse place 75% done.
Warning: a large fraction of the nets have zero toggle rate (98.6248%)
coarse place 80% done.
Warning: a large fraction of the nets have zero toggle rate (98.6212%)
coarse place 85% done.
Warning: a large fraction of the nets have zero toggle rate (98.6338%)
coarse place 90% done.
Warning: a large fraction of the nets have zero toggle rate (98.6329%)
coarse place 95% done.
Warning: a large fraction of the nets have zero toggle rate (98.632%)
coarse place 100% done.
Information: Coarse placer wire length estimate = 5.18396e+06
Information: Coarse placer active wire length estimate = 877.518
Information: Coarse placer weighted wire length estimate = 6.41636e+06
Information: Extraction observers are detached as design net change threshold is reached.
Stored 0 bounds for preserving balanced registers 
Information: The value of option cts.compile.enable_cell_relocation has been overridden to "leaf_only" to support latency-driven placement. (CTS-973)
Warning: No clock routing rules were specified. Use set_clock_routing_rules to specify routing rules for accurate clock latency estimation. (OPT-902)
Warning: No clock routing rules were specified. Use set_clock_routing_rules to specify routing rules for accurate clock latency estimation. (OPT-902)
Information: Estimating clock gate latencies for scenario 'FUNC_WC'. (OPT-909)
Warning: No clock routing rules were specified. Use set_clock_routing_rules to specify routing rules for accurate clock latency estimation. (OPT-902)
Information: Estimating clock gate latencies for scenario 'FUNC_BC'. (OPT-909)
START_CMD: optimize_dft        CPU:    490 s ( 0.14 hr) ELAPSE:    160 s ( 0.04 hr) MEM-PEAK:  2100 Mb Tue Aug  4 16:15:21 2026
END_CMD: optimize_dft          CPU:    490 s ( 0.14 hr) ELAPSE:    160 s ( 0.04 hr) MEM-PEAK:  2100 Mb Tue Aug  4 16:15:21 2026
----------------------------------------------------------------
Information: Ending   place_opt / initial_place / Initial Placement (FLW-8001)
Information: Time: 2026-08-04 16:15:21 / Session:  00:02:39 / Command:  00:02:18 / CPU:  00:07:40 / Memory: 2101 MB (FLW-8100)


Information: Ending   place_opt / initial_place (FLW-8001)
Information: Time: 2026-08-04 16:15:21 / Session:  00:02:39 / Command:  00:02:18 / CPU:  00:07:40 / Memory: 2101 MB (FLW-8100)

----------------------------------------------------------------------------------------------------------
Information: Starting place_opt / initial_drc (FLW-8000)
Information: Time: 2026-08-04 16:15:21 / Session:  00:02:39 / Command:  00:02:18 / CPU:  00:07:40 / Memory: 2101 MB (FLW-8100)
----------------------------------------------------------------------------------------------------------


Information: Starting place_opt / initial_drc / High Fanout Synthesis (FLW-8000)
Information: Time: 2026-08-04 16:15:21 / Session:  00:02:39 / Command:  00:02:18 / CPU:  00:07:40 / Memory: 2101 MB (FLW-8100)
Information: The stitching and editing of coupling caps is turned OFF for design 'pde_chip_top_safe.dlib:pde_chip_top_safe.design'. (TIM-125)
Information: Design Average RC for design pde_chip_top_safe  (NEX-011)
Information: r = 1.192041 ohm/um, via_r = 1.495580 ohm/cut, c = 0.180999 ff/um, cc = 0.000000 ff/um (X dir) (NEX-017)
Information: r = 1.071982 ohm/um, via_r = 1.718437 ohm/cut, c = 0.194607 ff/um, cc = 0.000000 ff/um (Y dir) (NEX-017)
Information: The RC mode used is VR for design 'pde_chip_top_safe'. (NEX-022)
Information: Update timing completed net estimation for all the timing graph nets (TIM-111)
Information: Net estimation statistics: timing graph nets = 110822, routed nets = 0, across physical hierarchy nets = 0, parasitics cached nets = 110817, delay annotated nets = 0, parasitics annotated nets = 0, multi-voltage nets = 0. (TIM-112)
Running initial HFS and DRC step.
Information: Initializing classic cellmap without advanced rules enabled and without PDC enabled
Information: The following app options are used in cellmap
        place.legalize.enable_color_aware_placement : false
        place.legalize.use_nll_query_cm : false
        place.legalize.enable_advanced_legalizer : false
        place.legalize.enable_prerouted_net_check : true
        place.legalize.enable_advanced_prerouted_net_check : false
        place.legalize.always_continue : true
        place.legalize.limit_legality_checks : false
        place.common.pnet_aware_density : 1.0000
        place.common.pnet_aware_min_width : 0.0000
        place.common.pnet_aware_layers : {}
        place.common.use_placement_model : false
        place.common.enable_advanced_placement_model : true
        cts.placement.cell_spacing_rule_style : maximum
Total 0.1412 seconds to build cellmap data
INFO: creating 50(r) x 50(c) GridCells YDim 17.5 XDim 17.5
INFO: number of GridCells (pde_chip_top_safe): 2500
INFO: creating 50(r) x 50(c) GridCells YDim 17.5 XDim 17.5
INFO: number of GridCells (pde_chip_top_safe): 2500
Total 0.6897 seconds to load 107785 cell instances into cellmap, 107785 cells are off site row
Moveable cells: 107785; Application fixed cells: 0; Macro cells: 0; User fixed cells: 0
Average cell width 2.0727, cell height 1.8000, cell area 3.7309 for total 107785 placed and application fixed cells
Information: Current block utilization is '0.55010', effective utilization is '0.55010'. (OPT-055)

    Scenario FUNC_WC  WNS = 12.686003, TNS = 183255.978617, NVP = 23746

     ELAPSED  WORST NEG TOTAL NEG              MAX       MAX     BUFFER    INVERTER   LVTH      LVTH      PEAK   
      TIME      SLACK     SLACK     AREA    TRAN COST CAP COST    COUNT     COUNT     COUNT    PERCENT   MEMORY  
    --------- --------- --------- --------- --------- --------- --------- --------- --------- --------- ---------
      0:02:43    12.686 1.833e+05 4.021e+05 13776.190   363.984      2306     15350         0     0.000      2100 

APSINFO: No multi-Vth libcells found, turning off percentage LVT optimization flow
APS-CHARZ: Performing leakage analysis
START_FUNC: psynopt_delay_opto CPU:    522 s ( 0.14 hr) ELAPSE:    168 s ( 0.05 hr) MEM-PEAK:  2100 Mb Tue Aug  4 16:15:29 2026

    Processing cells .....10%.....20%.....30%.....40%.....50%.....60%.....70%.....80%.....90%.....100%
INFO: sweep stats: 0 gates / 39641 nets gobbled, 0 gates (0 seq) simplified
Isolated 0 ports, skipped 0 ports
Already Isolated 0 ports, Deleted 0 existing Isolation cells 

    Processing cells .....10%.....20%.....30%.....40%.....50%.....60%.....70%.....80%.....90%.....100%

    Scenario FUNC_WC  WNS = 12.686003, TNS = 183255.978617, NVP = 23746

     ELAPSED  WORST NEG TOTAL NEG              MAX       MAX     BUFFER    INVERTER   LVTH      LVTH      PEAK   
      TIME      SLACK     SLACK     AREA    TRAN COST CAP COST    COUNT     COUNT     COUNT    PERCENT   MEMORY  
    --------- --------- --------- --------- --------- --------- --------- --------- --------- --------- ---------
      0:02:51    12.686 1.833e+05 4.021e+05 13776.190   363.984      2306     15350         0     0.000      2100 

END_FUNC: psynopt_delay_opto   CPU:    525 s ( 0.15 hr) ELAPSE:    171 s ( 0.05 hr) MEM-PEAK:  2100 Mb Tue Aug  4 16:15:32 2026
min assign layer = M2
max assign layer = M6
Corner Scaling is off, multiplier is 1.000000

    Scenario FUNC_BC  WNS = invalid, TNS = invalid (DRC only), NVP = 0
    Scenario FUNC_WC  WNS = 12.686003, TNS = 183255.978617, NVP = 23746
    Scenario FUNC_BC  WNHS = 0.000000, TNHS = 0.000000, NHVP = 0

     ELAPSED  WORST NEG TOTAL NEG              MAX       MAX     BUFFER    INVERTER   LVTH      LVTH      PEAK     MIN DELAY 
      TIME      SLACK     SLACK     AREA    TRAN COST CAP COST    COUNT     COUNT     COUNT    PERCENT   MEMORY       COST   
    --------- --------- --------- --------- --------- --------- --------- --------- --------- --------- --------- -----------
      0:02:52    12.686 1.833e+05 4.021e+05 13776.190   522.018      2306     15350         0     0.000      2100     0.047

Information: timingScenario FUNC_WC timingCorner WC.  Using corner WC for worst leakage corner. (OPT-078)
Information: Using default layer M4 (OPT-079)
Information: Nominal = 0.0716771  Design MT = 0.500000  Target = 0.3723819  MaxRC = 0.216269 Fast Target = 0.123376 (OPT-081)
Collecting Drivers ...  
Design max_transition = 0.500
Design max_capacitance = inf
Using layer M4 for buffering distances
GRE layer bins: None, M2
Running clock data isolation flow.
Found 0 buffer-tree drivers
No violators found
Running tristate isolation flow.
TSI: added 0 repeaters
Running mv isolation flow.
Found 0 buffer-tree drivers
No violators found
Found 18025 buffer-tree drivers

Roi-HfsDrc SN: 1798569713 435980330 0 67108865 (1126.273926)

Processing Buffer Trees  (ROI) ... 

    [1803]  10% ...
    [3606]  20% ...
    [5409]  30% ...
    [7212]  40% ...
    [9015]  50% ...
    [10818]  60% ...
    [12621]  70% ...
    [14424]  80% ...
    [16227]  90% ...
    [18025] 100% Done

                  Deleted        Added
------------ ------------ ------------
    Buffers:         2188        15787
  Inverters:         6760         4058
------------ ------------ ------------
      Total:         8948        19845
------------ ------------ ------------

Number of Drivers Sized: 9971 [55.32%]

                      P: 8948 [49.64%]
                      N: 1023 [5.68%]

Zbuf-RUNTIME (Hr:Min:Sec)  CPU 0 hr : 1 min : 17.40 sec ELAPSE 0 hr : 0 min : 14.08 sec
Zbuf-RUNTIME         (Min) CPU 1 min ELAPSE 0 min
ZBuf-MEM(max-mem) total 2151384 K / inuse 1667304 K
Information: The net parasitics of block pde_chip_top_safe are cleared. (TIM-123)
Information: The stitching and editing of coupling caps is turned OFF for design 'pde_chip_top_safe.dlib:pde_chip_top_safe.design'. (TIM-125)
Information: Design Average RC for design pde_chip_top_safe  (NEX-011)
Information: r = 1.193189 ohm/um, via_r = 1.495405 ohm/cut, c = 0.180938 ff/um, cc = 0.000000 ff/um (X dir) (NEX-017)
Information: r = 1.066666 ohm/um, via_r = 1.718437 ohm/cut, c = 0.193909 ff/um, cc = 0.000000 ff/um (Y dir) (NEX-017)
Information: The RC mode used is VR for design 'pde_chip_top_safe'. (NEX-022)
Information: Update timing completed net estimation for all the timing graph nets (TIM-111)
Information: Net estimation statistics: timing graph nets = 121719, routed nets = 0, across physical hierarchy nets = 0, parasitics cached nets = 121714, delay annotated nets = 0, parasitics annotated nets = 0, multi-voltage nets = 0. (TIM-112)

    Scenario FUNC_WC  WNS = 0.000000, TNS = 0.000000, NVP = 0

     ELAPSED  WORST NEG TOTAL NEG              MAX       MAX     BUFFER    INVERTER   LVTH      LVTH      PEAK   
      TIME      SLACK     SLACK     AREA    TRAN COST CAP COST    COUNT     COUNT     COUNT    PERCENT   MEMORY  
    --------- --------- --------- --------- --------- --------- --------- --------- --------- --------- ---------
      0:03:08     0.000     0.000 4.720e+05    15.005     0.084     15905     12648         0     0.000      2100 


    Scenario FUNC_WC  WNS = 0.000000, TNS = 0.000000, NVP = 0

     ELAPSED  WORST NEG TOTAL NEG              MAX       MAX     BUFFER    INVERTER   LVTH      LVTH      PEAK   
      TIME      SLACK     SLACK     AREA    TRAN COST CAP COST    COUNT     COUNT     COUNT    PERCENT   MEMORY  
    --------- --------- --------- --------- --------- --------- --------- --------- --------- --------- ---------
      0:03:08     0.000     0.000 4.720e+05    15.005     0.084     15905     12648         0     0.000      2100 

Information: Ending   place_opt / initial_drc / High Fanout Synthesis (FLW-8001)
Information: Time: 2026-08-04 16:15:49 / Session:  00:03:08 / Command:  00:02:47 / CPU:  00:09:47 / Memory: 2101 MB (FLW-8100)


Information: Ending   place_opt / initial_drc (FLW-8001)
Information: Time: 2026-08-04 16:15:49 / Session:  00:03:08 / Command:  00:02:47 / CPU:  00:09:47 / Memory: 2101 MB (FLW-8100)

----------------------------------------------------------------------------------------------------------
Information: Starting place_opt / initial_opto (FLW-8000)
Information: Time: 2026-08-04 16:15:49 / Session:  00:03:08 / Command:  00:02:47 / CPU:  00:09:47 / Memory: 2101 MB (FLW-8100)
----------------------------------------------------------------------------------------------------------


Information: Starting place_opt / initial_opto / Optimization (FLW-8000)
Information: Time: 2026-08-04 16:15:49 / Session:  00:03:08 / Command:  00:02:47 / CPU:  00:09:47 / Memory: 2101 MB (FLW-8100)

Information: The net parasitics of block pde_chip_top_safe are cleared. (TIM-123)
Information: The stitching and editing of coupling caps is turned OFF for design 'pde_chip_top_safe.dlib:pde_chip_top_safe.design'. (TIM-125)
Information: Design Average RC for design pde_chip_top_safe  (NEX-011)
Information: r = 1.193189 ohm/um, via_r = 1.495405 ohm/cut, c = 0.180938 ff/um, cc = 0.000000 ff/um (X dir) (NEX-017)
Information: r = 1.066666 ohm/um, via_r = 1.718437 ohm/cut, c = 0.193909 ff/um, cc = 0.000000 ff/um (Y dir) (NEX-017)
Number of Site types in the design = 1
Setting up Chip Core
Chip Core shape: (100000 100000) (8650000 8650000)
Number of VARs = 1
Number of unique PDs = 1
Number of Power Domains = 1
Number of Voltage Areas = 1
Number of supply Nets = 2
Number of used supplies = 0
Blocked VAs: 
Information: The RC mode used is VR for design 'pde_chip_top_safe'. (NEX-022)
Information: Update timing completed net estimation for all the timing graph nets (TIM-111)
Information: Net estimation statistics: timing graph nets = 121719, routed nets = 0, across physical hierarchy nets = 0, parasitics cached nets = 121714, delay annotated nets = 0, parasitics annotated nets = 0, multi-voltage nets = 0. (TIM-112)

    Scenario FUNC_BC  WNS = invalid, TNS = invalid (DRC only), NVP = 0
    Scenario FUNC_WC  WNS = 0.000000, TNS = 0.000000, NVP = 0

     ELAPSED  WORST NEG TOTAL NEG              MAX       MAX     BUFFER    INVERTER   LVTH      LVTH      PEAK   
      TIME      SLACK     SLACK     AREA    TRAN COST CAP COST    COUNT     COUNT     COUNT    PERCENT   MEMORY  
    --------- --------- --------- --------- --------- --------- --------- --------- --------- --------- ---------
      0:03:11     0.000     0.000 4.720e+05    15.010     0.085     15905     12648         0     0.000      2100 

Running initial optimization step.
Place-opt command begin                   CPU:   623 s (  0.17 hr )  ELAPSE:   192 s (  0.05 hr )  MEM-PEAK:  2100 MB
Info: update em.

Place-opt timing update complete          CPU:   624 s (  0.17 hr )  ELAPSE:   192 s (  0.05 hr )  MEM-PEAK:  2100 MB
INFO: Propagating Switching Activities
Information: Activity propagation will be performed for scenario FUNC_WC.
Information: Doing activity propagation for mode 'FUNC' and corner 'WC' with effort level 'medium'. (POW-024)
Information: Timer-derived activity data is cached on scenario FUNC_WC (POW-052)
Information: Running switching activity propagation with 8 threads!

 **** Information : No. of simulation cycles = 6 ****
INFO: Switching Activity propagation took     0.00001 sec
INFO: Propagating Switching Activity for all power flows 

Place-opt initial QoR
_____________________
Scenario Mapping Table
1: FUNC_BC
2: FUNC_WC

Pathgroup Mapping Table
1: **default**
2: **async_default**
3: **clock_gating_default**
4: **in2reg_default**
5: **reg2out_default**
6: **in2out_default**
7: core_clk

-------------------------------------------------------------------------------------------------------------------------------------------------------------
PATHGROUP QOR 
-------------------------------------------------------------------------------------------------------------------------------------------------------------
Scene  PG      WNS        TNS    NSV      WHV        THV    NHV
    2   1   0.0000     0.0000      0        -          -      -
    2   2   0.0000     0.0000      0        -          -      -
    2   3   0.0000     0.0000      0        -          -      -
    2   4   0.0000     0.0000      0        -          -      -
    2   5   0.0000     0.0000      0        -          -      -
    2   6   0.0000     0.0000      0        -          -      -
    2   7   0.0000     0.0000      0        -          -      -
----------------------------------------------------------------------------------------------------------------------------------------------------------------------
SCENARIO QOR 
----------------------------------------------------------------------------------------------------------------------------------------------------------------------
Scene  PG      WNS        TNS   R2RTNS    NSV      WHV        THV    NHV  MaxTrnV   MaxTranC  MaxCapV    Leakage
    1   *        -          -        -      -        -          -      -       16     0.6188       27          -
    2   *   0.0000     0.0000   0.0000      0        -          -      -      173    15.0104       41 137575.844
----------------------------------------------------------------------------------------------------------------------------------------------------------------------
DESIGN QOR 
----------------------------------------------------------------------------------------------------------------------------------------------------------------------
Scene  PG      WNS        TNS   R2RTNS    NSV      WHV        THV    NHV  MaxTrnV   MaxTranC  MaxCapV    Leakage         Area    InstCnt     BufCnt     InvCnt
    *   *   0.0000     0.0000   0.0000      0   0.0000     0.0000      0      173    15.0104       41 137575.844    472036.31     118682      15905      12648
----------------------------------------------------------------------------------------------------------------------------------------------------------------------

Place-opt initial QoR Summary       WNS        TNS   R2RTNS    NSV      WHV        THV    NHV  MaxTrnV  MaxCapV    Leakage         Area    InstCnt
Place-opt initial QoR Summary    0.0000     0.0000   0.0000      0   0.0000     0.0000      0      173       41 137575.844    472036.31     118682
Information: The netlist change observers are disabled for incremental extraction. (TIM-126)
INFO: using 8 threads
Place-opt initialization complete         CPU:   671 s (  0.19 hr )  ELAPSE:   202 s (  0.06 hr )  MEM-PEAK:  2100 MB
Place-opt optimization summary            SETUP-COST    R2R-COST HOLD-COST LDRC-COST          AREA     LEAKAGE     INSTCNT            ELAPSE       MEM
WARNING: Net clk is a high-fanout net with 23905 sinks; skipping this net during optimization. 
WARNING: Net rst_n is a high-fanout net with 16227 sinks; skipping this net during optimization. 
Information: The netlist change observers are enabled for incremental extraction. (TIM-127)

Place-opt optimization Phase 15 Iter  1         0.00        0.00      0.00       214     472036.31   137575.84      118682              0.06      2100

Information: Initializing classic cellmap without advanced rules enabled and without PDC enabled
Information: The following app options are used in cellmap
        place.legalize.enable_color_aware_placement : false
        place.legalize.use_nll_query_cm : false
        place.legalize.enable_advanced_legalizer : false
        place.legalize.enable_prerouted_net_check : true
        place.legalize.enable_advanced_prerouted_net_check : false
        place.legalize.always_continue : true
        place.legalize.limit_legality_checks : false
        place.common.pnet_aware_density : 1.0000
        place.common.pnet_aware_min_width : 0.0000
        place.common.pnet_aware_layers : {}
        place.common.use_placement_model : false
        place.common.enable_advanced_placement_model : true
        cts.placement.cell_spacing_rule_style : maximum
Total 0.1146 seconds to build cellmap data
INFO: creating 163(r) x 163(c) GridCells YDim 5.4 XDim 5.4
INFO: number of GridCells (pde_chip_top_safe): 26569
INFO: creating 163(r) x 163(c) GridCells YDim 5.4 XDim 5.4
INFO: number of GridCells (pde_chip_top_safe): 26569
Total 0.6950 seconds to load 118682 cell instances into cellmap, 98837 cells are off site row
Moveable cells: 118682; Application fixed cells: 0; Macro cells: 0; User fixed cells: 0
Average cell width 2.2096, cell height 1.8000, cell area 3.9773 for total 118682 placed and application fixed cells
Place-opt optimization Phase 16 Iter  1         0.00        0.00      0.00       213     472036.31   137575.84      118682              0.06      2100

Place-opt optimization Phase 17 Iter  1         0.00        0.00      0.00       213     472036.31   137575.84      118682              0.06      2100

Place-opt optimization Phase 18 Iter  1         0.00        0.00      0.00       213     440727.47   101448.42      118682              0.06      2100
INFO: New Levelizer turned on
Place-opt optimization Phase 18 Iter  2         0.00        0.00      0.00       213     440727.47   101448.42      118682              0.06      2100
Place-opt optimization Phase 18 Iter  3         0.00        0.00      0.00       213     441245.88   101955.73      118682              0.06      2100
Place-opt optimization Phase 18 Iter  4         0.00        0.00      0.00       213     441254.53   101966.82      118682              0.06      2100
Place-opt optimization Phase 18 Iter  5         0.00        0.00      0.00       213     441255.25   101967.92      118682              0.06      2100

Multi-thread GR for layer opto ...
Start Global Route ... 
[Init] Elapsed real time: 0:00:00 
[Init] Elapsed cpu  time: sys=0:00:00 usr=0:00:00 total=0:00:00
[Init] Stage (MB): Used    0  Alloctr    0  Proc    0 
[Init] Total (MB): Used    7  Alloctr    7  Proc 5586 
Printing options for 'route.common.*'

Printing options for 'route.global.*'
global.deterministic                                    :	 on                  
global.timing_driven                                    :	 false               

Begin global routing.
Warning: Cell contains tie connections which are not connected to real PG. (ZRT-511)
Cell Min-Routing-Layer = M1
Cell Max-Routing-Layer = M6
Turn off antenna since no rule is specified
Information: Option route.detail.force_end_on_preferred_grid will be ignored since none of the layers have preferred grid. (ZRT-703)
Info: number of net_type_blockage: 0 
Information: Via ladder engine would be activated for pattern must join connection in certain commands. Please refer to man-page for the command list. (ZRT-619)
Via on layer (VIA1) needs more than one tracks
Warning: Layer M1 default pitch 0.200 may be too small to handle up/down via. Note, that minimum requirements are "wire/via-down 0.180" & "wire/via-up 0.225". (ZRT-026)
Via on layer (VIA5) needs more than one tracks
Warning: Layer M5 default pitch 0.200 may be too small to handle up/down via. Note, that minimum requirements are "wire/via-down 0.200" & "wire/via-up 0.350". (ZRT-026)
Via on layer (RV) needs more than one tracks
Warning: Layer M6 default pitch 0.800 may be too small to handle up/down via. Note, that minimum requirements are "wire/via-down 0.800" & "wire/via-up 3.600". (ZRT-026)
Information: When applicable Min-max layer allow_pin_connection mode will allow paths of length 3.00 outside the layer range. (ZRT-707)
Information: When applicable Min-max layer allow_pin_connection mode will allow paths of length 3.00 outside the layer range on clock nets. (ZRT-718)
Information: When applicable layer based tapering will taper up to 0.00 in distance from the pin. (ZRT-706)
Warning: Cell u_impl/u_core/g_row_5__g_col_8__u_pe/u_sol/U104 is placed overlapping with other cells at {{219.312 26.875} {221.112 28.675}}. (ZRT-763)
Warning: Cell u_impl/u_core/g_row_6__g_col_0__u_pe/u_sol/U42 is placed overlapping with other cells at {{271.011 21.619} {271.611 23.419}}. (ZRT-763)
Warning: Cell u_impl/u_core/g_row_2__g_col_0__u_pe/u_sol/U16 is placed overlapping with other cells at {{372.120 13.401} {373.520 15.201}}. (ZRT-763)
Warning: Cell u_impl/u_core/g_row_6__g_col_4__u_pe/u_sol/u_red_q_reg_1_ is placed overlapping with other cells at {{398.545 13.274} {402.945 15.074}}. (ZRT-763)
Warning: Cell u_impl/u_core/g_row_2__g_col_8__u_pe/u_sol/u_red_q_reg_14_ is placed overlapping with other cells at {{480.012 10.500} {484.412 12.300}}. (ZRT-763)
Warning: Cell u_impl/u_core/g_row_4__g_col_8__u_pe/u_sol/U6 is placed overlapping with other cells at {{587.122 13.148} {587.722 14.948}}. (ZRT-763)
Warning: Cell u_impl/u_core/g_row_4__g_col_6__u_pe/u_sol/U50 is placed overlapping with other cells at {{676.114 13.450} {676.714 15.250}}. (ZRT-763)
Warning: Cell u_impl/u_core/g_row_4__g_col_1__u_pe/u_sol/intadd_180_U11 is placed overlapping with other cells at {{720.957 19.063} {725.957 20.864}}. (ZRT-763)
Warning: Cell u_impl/u_core/g_row_3__g_col_7__u_pe/u_sol/U86 is placed overlapping with other cells at {{803.360 78.258} {805.161 80.058}}. (ZRT-763)
Warning: Cell u_impl/u_core/g_row_5__g_col_6__u_pe/u_sol/U96 is placed overlapping with other cells at {{136.830 96.377} {137.430 98.177}}. (ZRT-763)
Warning: Cell u_impl/u_core/g_row_5__g_col_2__u_pe/u_sol/u_black_q_reg_1_ is placed overlapping with other cells at {{165.810 78.842} {170.210 80.642}}. (ZRT-763)
Warning: Cell u_impl/u_core/g_row_5__g_col_8__u_pe/u_ctrl/U13 is placed overlapping with other cells at {{258.477 80.415} {259.877 82.215}}. (ZRT-763)
Warning: Cell u_impl/u_core/g_row_6__g_col_0__u_pe/u_sol/HFSINV_138_11553 is placed overlapping with other cells at {{320.200 78.400} {321.400 80.200}}. (ZRT-763)
Warning: Cell u_impl/u_core/g_row_6__g_col_4__u_pe/u_status/U11 is placed overlapping with other cells at {{411.685 83.144} {413.285 84.944}}. (ZRT-763)
Warning: Cell u_impl/u_core/g_row_3__g_col_0__u_pe/u_status/U12 is placed overlapping with other cells at {{536.870 83.094} {537.670 84.894}}. (ZRT-763)
Warning: Cell u_impl/u_core/g_row_5__g_col_0__u_pe/u_ctrl/U13 is placed overlapping with other cells at {{579.884 79.067} {581.284 80.867}}. (ZRT-763)
Warning: Cell u_impl/u_core/g_row_4__g_col_4__u_pe/u_status/U18 is placed overlapping with other cells at {{641.399 80.009} {642.799 81.809}}. (ZRT-763)
Warning: Cell u_impl/u_core/g_row_3__g_col_7__u_pe/u_sol/intadd_85_U13 is placed overlapping with other cells at {{779.802 80.804} {784.802 82.604}}. (ZRT-763)
Warning: Cell u_impl/u_core/g_row_3__g_col_7__u_pe/u_sol/U46 is placed overlapping with other cells at {{806.310 84.229} {806.910 86.029}}. (ZRT-763)
Warning: Cell u_impl/u_core/g_row_8__g_col_6__u_pe/u_sol/U21 is placed overlapping with other cells at {{74.765 187.091} {76.165 188.891}}. (ZRT-763)
Warning: Cell u_impl/u_core/g_row_8__g_col_1__u_pe/u_sol/U32 is placed overlapping with other cells at {{100.659 161.664} {102.059 163.464}}. (ZRT-763)
Warning: Cell u_impl/u_core/g_row_7__g_col_7__u_pe/u_sol/U29 is placed overlapping with other cells at {{162.911 162.564} {164.311 164.364}}. (ZRT-763)
Warning: Cell u_impl/u_core/g_row_5__g_col_6__u_pe/u_alu/U17 is placed overlapping with other cells at {{245.722 162.146} {247.322 163.946}}. (ZRT-763)
Warning: Cell u_impl/u_core/g_row_5__g_col_9__u_pe/u_r_red/q_reg_2_ is placed overlapping with other cells at {{317.742 159.605} {322.142 161.405}}. (ZRT-763)
Warning: Cell u_impl/u_core/g_row_6__g_col_0__u_pe/u_alu/HFSINV_1243_16959 is placed overlapping with other cells at {{418.400 163.000} {419.600 164.800}}. (ZRT-763)
Warning: Cell u_impl/u_core/g_row_2__g_col_6__u_pe/u_r_black/U3 is placed overlapping with other cells at {{494.797 160.155} {495.596 161.955}}. (ZRT-763)
Warning: Cell u_impl/u_core/g_row_4__g_col_9__u_pe/u_r_black/U3 is placed overlapping with other cells at {{594.123 163.026} {594.923 164.826}}. (ZRT-763)
Warning: Cell u_impl/u_core/g_row_4__g_col_0__u_pe/U33 is placed overlapping with other cells at {{645.706 163.208} {647.106 165.008}}. (ZRT-763)
Warning: Cell u_impl/u_core/g_row_3__g_col_7__u_pe/u_r_black/U5 is placed overlapping with other cells at {{719.302 163.905} {720.102 165.705}}. (ZRT-763)
Warning: Cell u_impl/u_core/g_row_1__g_col_8__u_pe/u_sol/HFSINV_106183_20305 is placed overlapping with other cells at {{804.000 163.000} {805.400 164.800}}. (ZRT-763)
Warning: Cell u_impl/u_core/g_row_9__g_col_2__u_pe/u_sol/u_black_q_reg_8_ is placed overlapping with other cells at {{44.358 251.442} {48.758 253.242}}. (ZRT-763)
Warning: Cell u_impl/u_core/g_row_8__g_col_4__u_pe/u_ctrl/U9 is placed overlapping with other cells at {{81.000 240.348} {82.400 242.148}}. (ZRT-763)
Warning: Cell u_impl/u_core/g_row_7__g_col_9__u_pe/u_dsm/U5 is placed overlapping with other cells at {{161.632 240.977} {162.832 242.777}}. (ZRT-763)
Warning: Cell u_impl/u_core/g_row_7__g_col_5__u_pe/HFSBUF_62705_20237 is placed overlapping with other cells at {{241.000 240.400} {242.200 242.200}}. (ZRT-763)
Warning: Cell u_impl/u_core/g_row_5__g_col_2__u_pe/u_r_black/q_reg_12_ is placed overlapping with other cells at {{322.623 242.352} {327.023 244.152}}. (ZRT-763)
Warning: Cell u_impl/black_shadow_reg_81__1_ is placed overlapping with other cells at {{403.425 238.612} {407.425 240.412}}. (ZRT-763)
Warning: Cell u_impl/red_shadow_reg_46__10_ is placed overlapping with other cells at {{499.578 244.352} {503.578 246.152}}. (ZRT-763)
Warning: Cell u_impl/black_shadow_reg_45__9_ is placed overlapping with other cells at {{563.725 239.282} {567.725 241.082}}. (ZRT-763)
Warning: Cell u_impl/u_core/g_row_3__g_col_2__u_pe/u_status/HFSINV_246_13399 is placed overlapping with other cells at {{659.600 238.600} {660.800 240.400}}. (ZRT-763)
Warning: Cell u_impl/u_core/g_row_1__g_col_6__u_pe/u_r_red/U3 is placed overlapping with other cells at {{720.422 239.531} {722.822 241.331}}. (ZRT-763)
Warning: Cell u_impl/u_core/U296 is placed overlapping with other cells at {{801.805 243.653} {803.205 245.453}}. (ZRT-763)
Warning: Cell u_impl/u_core/g_row_9__g_col_4__u_pe/u_sol/U15 is placed overlapping with other cells at {{15.187 320.431} {16.587 322.231}}. (ZRT-763)
Warning: Cell u_impl/u_core/g_row_8__g_col_7__u_pe/u_ctrl/U12 is placed overlapping with other cells at {{128.531 320.383} {129.331 322.183}}. (ZRT-763)
Warning: Cell u_impl/u_core/g_row_9__g_col_1__u_pe/u_alu/U19 is placed overlapping with other cells at {{177.195 321.535} {178.395 323.335}}. (ZRT-763)
Warning: Cell u_impl/u_core/g_row_9__g_col_5__u_pe/u_r_red/U3 is placed overlapping with other cells at {{242.143 321.058} {242.943 322.858}}. (ZRT-763)
Warning: Cell u_impl/U9336 is placed overlapping with other cells at {{329.834 319.629} {331.634 321.429}}. (ZRT-763)
Warning: Cell u_impl/U2395 is placed overlapping with other cells at {{403.321 322.087} {404.721 323.887}}. (ZRT-763)
Warning: Cell u_impl/black_shadow_reg_100__11_ is placed overlapping with other cells at {{478.580 322.522} {483.180 324.322}}. (ZRT-763)
Warning: Cell u_impl/red_shadow_reg_42__0_ is placed overlapping with other cells at {{559.987 320.970} {563.987 322.770}}. (ZRT-763)
Warning: Cell u_impl/U2021 is placed overlapping with other cells at {{649.430 319.095} {650.830 320.895}}. (ZRT-763)
Warning: Cell u_impl/u_core/g_row_0__g_col_6__u_pe/u_r_red/q_reg_7_ is placed overlapping with other cells at {{718.095 323.449} {722.495 325.249}}. (ZRT-763)
Warning: Cell u_impl/u_core/g_row_1__g_col_0__u_pe/u_sol/u_red_q_reg_9_ is placed overlapping with other cells at {{802.795 321.438} {807.195 323.238}}. (ZRT-763)
Warning: Cell u_impl/u_core/g_row_10__g_col_4__u_pe/u_sol/U64 is placed overlapping with other cells at {{39.245 400.336} {39.845 402.136}}. (ZRT-763)
Warning: Cell u_impl/u_core/g_row_10__g_col_5__u_pe/u_sol/U48 is placed overlapping with other cells at {{81.972 404.311} {83.772 406.111}}. (ZRT-763)
Warning: Cell u_impl/u_core/g_row_10__g_col_4__u_pe/u_alu/U17 is placed overlapping with other cells at {{163.498 400.569} {164.898 402.369}}. (ZRT-763)
Warning: Cell u_impl/u_core/g_row_10__g_col_4__u_pe/u_r_black/U6 is placed overlapping with other cells at {{241.109 401.302} {241.909 403.102}}. (ZRT-763)
Warning: Cell u_impl/U12501 is placed overlapping with other cells at {{324.045 402.086} {325.845 403.886}}. (ZRT-763)
Warning: Cell u_impl/east_shadow_reg_10__7_ is placed overlapping with other cells at {{398.545 402.647} {402.545 404.447}}. (ZRT-763)
Warning: Cell HFSBUF_11_4961 is placed overlapping with other cells at {{506.000 404.200} {510.400 406.000}}. (ZRT-763)
Warning: Cell u_impl/HFSBUF_2_426 is placed overlapping with other cells at {{584.600 404.200} {585.400 406.000}}. (ZRT-763)
Warning: Cell u_impl/U8160 is placed overlapping with other cells at {{639.925 402.447} {641.725 404.247}}. (ZRT-763)
Warning: Cell u_impl/u_core/g_row_0__g_col_1__u_pe/u_sol/HFSINV_129_6216 is placed overlapping with other cells at {{728.400 398.800} {729.600 400.600}}. (ZRT-763)
Warning: Cell u_impl/u_core/g_row_0__g_col_1__u_pe/u_sol/U8 is placed overlapping with other cells at {{822.414 403.014} {823.014 404.814}}. (ZRT-763)
Warning: Cell u_impl/u_core/g_row_10__g_col_7__u_pe/u_sol/U20 is placed overlapping with other cells at {{28.136 482.413} {29.536 484.213}}. (ZRT-763)
Warning: Cell u_impl/u_core/g_row_10__g_col_7__u_pe/u_alu/U24 is placed overlapping with other cells at {{98.220 483.465} {98.820 485.265}}. (ZRT-763)
Warning: Cell u_impl/u_core/HFSBUF_41245_20683 is placed overlapping with other cells at {{166.600 481.600} {169.800 483.400}}. (ZRT-763)
Warning: Cell u_impl/u_core/g_row_11__g_col_0__u_pe/u_r_red/U8 is placed overlapping with other cells at {{250.522 482.267} {252.922 484.067}}. (ZRT-763)
Warning: Cell u_impl/U14190 is placed overlapping with other cells at {{323.928 481.064} {325.728 482.864}}. (ZRT-763)
Warning: Cell u_impl/U5824 is placed overlapping with other cells at {{410.101 481.665} {411.501 483.465}}. (ZRT-763)
Warning: Cell u_impl/u_core/u_boundary/U966 is placed overlapping with other cells at {{483.621 481.007} {485.021 482.807}}. (ZRT-763)
Warning: Cell u_impl/U896 is placed overlapping with other cells at {{561.822 483.417} {563.222 485.217}}. (ZRT-763)
Warning: Cell u_impl/u_core/u_tcu/upd_q_reg_29_ is placed overlapping with other cells at {{708.688 483.247} {713.088 485.047}}. (ZRT-763)
Warning: Cell u_impl/u_core/u_tcu/U97 is placed overlapping with other cells at {{721.506 483.504} {723.106 485.304}}. (ZRT-763)
Warning: Cell u_impl/u_core/g_row_19__g_col_8__u_pe/u_sol/U32 is placed overlapping with other cells at {{832.873 480.183} {834.273 481.983}}. (ZRT-763)
Warning: Cell u_impl/u_core/g_row_11__g_col_4__u_pe/u_sol/U100 is placed overlapping with other cells at {{49.863 563.286} {50.463 565.086}}. (ZRT-763)
Warning: Cell u_impl/u_core/g_row_11__g_col_7__u_pe/u_r_red/q_reg_14_ is placed overlapping with other cells at {{96.279 562.074} {100.679 563.874}}. (ZRT-763)
Warning: Cell u_impl/u_core/g_row_11__g_col_8__u_pe/u_r_black/U3 is placed overlapping with other cells at {{183.014 559.679} {183.814 561.479}}. (ZRT-763)
Warning: Cell u_impl/u_core/g_row_15__g_col_9__u_pe/u_r_black/q_reg_1_ is placed overlapping with other cells at {{250.459 558.845} {254.859 560.645}}. (ZRT-763)
Warning: Cell u_impl/red_shadow_reg_150__12_ is placed overlapping with other cells at {{329.227 558.668} {333.227 560.468}}. (ZRT-763)
Warning: Cell u_impl/red_shadow_reg_114__7_ is placed overlapping with other cells at {{398.407 558.430} {402.407 560.229}}. (ZRT-763)
Warning: Cell u_impl/U6348 is placed overlapping with other cells at {{491.496 563.031} {492.896 564.831}}. (ZRT-763)
Warning: Cell u_impl/black_shadow_reg_178__4_ is placed overlapping with other cells at {{561.122 562.815} {565.122 564.615}}. (ZRT-763)
Warning: Cell u_impl/u_core/g_row_18__g_col_1__u_pe/u_alu/HFSINV_825_15848 is placed overlapping with other cells at {{686.400 559.000} {687.600 560.800}}. (ZRT-763)
Warning: Cell u_impl/u_core/g_row_18__g_col_2__u_pe/u_alu/HFSINV_1115_15850 is placed overlapping with other cells at {{728.000 559.000} {729.200 560.800}}. (ZRT-763)
Warning: Cell u_impl/u_core/g_row_19__g_col_3__u_pe/u_sol/U37 is placed overlapping with other cells at {{830.613 560.602} {831.213 562.402}}. (ZRT-763)
Warning: Cell u_impl/u_core/g_row_15__g_col_7__u_pe/u_sol/intadd_25_U11 is placed overlapping with other cells at {{29.254 640.157} {34.254 641.957}}. (ZRT-763)
Warning: Cell u_impl/u_core/g_row_15__g_col_9__u_pe/u_sol/HFSINV_44_8382 is placed overlapping with other cells at {{113.000 640.000} {114.400 641.800}}. (ZRT-763)
Warning: Cell u_impl/u_core/g_row_16__g_col_5__u_pe/u_r_red/U6 is placed overlapping with other cells at {{166.784 639.110} {167.584 640.910}}. (ZRT-763)
Warning: Cell u_impl/u_core/g_row_16__g_col_3__u_pe/u_r_black/q_reg_1_ is placed overlapping with other cells at {{257.360 640.839} {261.760 642.639}}. (ZRT-763)
Warning: Cell u_impl/u_core/g_row_17__g_col_6__u_pe/u_r_black/q_reg_2_ is placed overlapping with other cells at {{344.927 642.192} {349.327 643.992}}. (ZRT-763)
Warning: Cell u_impl/U1381 is placed overlapping with other cells at {{450.924 643.079} {452.724 644.879}}. (ZRT-763)
Warning: Cell u_impl/U2365 is placed overlapping with other cells at {{486.869 640.168} {488.269 641.968}}. (ZRT-763)
Warning: Cell u_impl/U2637 is placed overlapping with other cells at {{595.649 639.618} {597.049 641.418}}. (ZRT-763)
Warning: Cell u_impl/u_core/g_row_12__g_col_9__u_pe/u_sol/HFSBUF_139_7417 is placed overlapping with other cells at {{642.400 641.800} {643.200 643.600}}. (ZRT-763)
Warning: Cell u_impl/u_core/g_row_18__g_col_2__u_pe/u_status/U10 is placed overlapping with other cells at {{761.880 643.824} {762.680 645.624}}. (ZRT-763)
Warning: Cell u_impl/u_core/HFSBUF_9164_20779 is placed overlapping with other cells at {{817.400 640.000} {818.600 641.800}}. (ZRT-763)
Warning: Cell u_impl/u_core/g_row_16__g_col_5__u_pe/u_sol/U20 is placed overlapping with other cells at {{66.770 718.818} {68.170 720.618}}. (ZRT-763)
Warning: Cell u_impl/u_core/g_row_16__g_col_4__u_pe/u_sol/intadd_117_U2 is placed overlapping with other cells at {{97.294 722.447} {102.294 724.247}}. (ZRT-763)
Warning: Cell u_impl/u_core/g_row_17__g_col_0__u_pe/u_sol/U6 is placed overlapping with other cells at {{163.294 722.857} {163.894 724.657}}. (ZRT-763)
Warning: Cell u_impl/u_core/g_row_16__g_col_3__u_pe/u_alu/U7 is placed overlapping with other cells at {{254.005 722.039} {255.605 723.839}}. (ZRT-763)
Warning: Cell u_impl/u_core/g_row_15__g_col_4__u_pe/u_r_black/q_reg_6_ is placed overlapping with other cells at {{335.355 719.525} {339.755 721.325}}. (ZRT-763)
Warning: Cell u_impl/u_core/g_row_11__g_col_9__u_pe/u_r_black/q_reg_4_ is placed overlapping with other cells at {{407.385 723.000} {411.785 724.800}}. (ZRT-763)
Warning: Cell u_impl/u_core/g_row_12__g_col_4__u_pe/u_r_red/U7 is placed overlapping with other cells at {{482.666 723.461} {483.466 725.261}}. (ZRT-763)
Warning: Cell u_impl/u_core/g_row_13__g_col_8__u_pe/u_r_red/U8 is placed overlapping with other cells at {{575.931 720.343} {576.731 722.143}}. (ZRT-763)
Warning: Cell u_impl/u_core/g_row_13__g_col_5__u_pe/U28 is placed overlapping with other cells at {{645.934 724.041} {646.734 725.841}}. (ZRT-763)
Warning: Cell u_impl/u_core/g_row_13__g_col_1__u_pe/u_sol/U10 is placed overlapping with other cells at {{729.052 722.076} {730.452 723.876}}. (ZRT-763)
Warning: Cell u_impl/u_core/g_row_18__g_col_4__u_pe/u_sol/U88 is placed overlapping with other cells at {{802.231 723.625} {804.031 725.425}}. (ZRT-763)
Warning: Cell u_impl/u_core/g_row_16__g_col_1__u_pe/u_sol/HFSINV_7_8482 is placed overlapping with other cells at {{153.600 803.800} {154.200 805.600}}. (ZRT-763)
Warning: Cell u_impl/u_core/g_row_16__g_col_1__u_pe/u_sol/HFSBUF_345_14422 is placed overlapping with other cells at {{161.800 803.800} {162.600 805.600}}. (ZRT-763)
Warning: Cell u_impl/u_core/g_row_17__g_col_3__u_pe/u_sol/intadd_19_U11 is placed overlapping with other cells at {{274.689 799.015} {279.689 800.815}}. (ZRT-763)
Warning: Cell u_impl/u_core/g_row_14__g_col_7__u_pe/u_dsm/U8 is placed overlapping with other cells at {{330.176 803.751} {331.976 805.551}}. (ZRT-763)
Warning: Cell u_impl/u_core/g_row_14__g_col_5__u_pe/u_status/U4 is placed overlapping with other cells at {{404.768 803.790} {406.368 805.590}}. (ZRT-763)
Warning: Cell u_impl/u_core/g_row_14__g_col_3__u_pe/u_dsm/U10 is placed overlapping with other cells at {{498.054 801.964} {499.854 803.764}}. (ZRT-763)
Warning: Cell u_impl/u_core/U335 is placed overlapping with other cells at {{595.817 804.205} {597.217 806.005}}. (ZRT-763)
Warning: Cell u_impl/u_core/g_row_12__g_col_8__u_pe/u_sol/U27 is placed overlapping with other cells at {{651.744 799.112} {653.144 800.912}}. (ZRT-763)
Current Stage stats:
[End of Read DB] Elapsed real time: 0:00:01 
[End of Read DB] Elapsed cpu  time: sys=0:00:00 usr=0:00:04 total=0:00:04
[End of Read DB] Stage (MB): Used  153  Alloctr  155  Proc  -32 
[End of Read DB] Total (MB): Used  160  Alloctr  163  Proc 5554 
Constructing data structure ...
Design statistics:
Design Bounding Box (0.00um,0.00um,875.00um,875.00um)
Number of routing layers = 7
layer M1, dir Hor, min width = 0.09um, min space = 0.09um pitch = 0.2um
layer M2, dir Ver, min width = 0.1um, min space = 0.1um pitch = 0.2um
layer M3, dir Hor, min width = 0.1um, min space = 0.1um pitch = 0.2um
layer M4, dir Ver, min width = 0.1um, min space = 0.1um pitch = 0.2um
layer M5, dir Hor, min width = 0.1um, min space = 0.1um pitch = 0.2um
layer M6, dir Ver, min width = 0.4um, min space = 0.4um pitch = 0.8um
layer AP, dir Hor, min width = 3um, min space = 2um pitch = 6.5um
Current Stage stats:
[End of Build Tech Data] Elapsed real time: 0:00:00 
[End of Build Tech Data] Elapsed cpu  time: sys=0:00:00 usr=0:00:00 total=0:00:00
[End of Build Tech Data] Stage (MB): Used    4  Alloctr    4  Proc    0 
[End of Build Tech Data] Total (MB): Used  165  Alloctr  167  Proc 5554 
Net statistics:
Total number of nets     = 121721
Number of nets to route  = 120957
764 nets are fully connected,
 of which 764 are detail routed and 0 are global routed.
Net length statistics: 
Net Count(Ignore Fully Rted) 120957, Total Half Perimeter Wire Length (HPWL) 4861010 microns
HPWL   0 ~   50 microns: Net Count   100036	Total HPWL      1078002 microns
HPWL  50 ~  100 microns: Net Count     5826	Total HPWL       433390 microns
HPWL 100 ~  200 microns: Net Count     8601	Total HPWL      1231900 microns
HPWL 200 ~  300 microns: Net Count     3408	Total HPWL       827783 microns
HPWL 300 ~  400 microns: Net Count     1620	Total HPWL       560312 microns
HPWL 400 ~  500 microns: Net Count      893	Total HPWL       396802 microns
HPWL 500 ~  600 microns: Net Count      442	Total HPWL       238751 microns
HPWL 600 ~  700 microns: Net Count       85	Total HPWL        55240 microns
HPWL 700 ~  800 microns: Net Count       24	Total HPWL        17768 microns
HPWL 800 ~  900 microns: Net Count       15	Total HPWL        12822 microns
HPWL 900 ~ 1000 microns: Net Count        3	Total HPWL         2737 microns
HPWL     > 1000 microns: Net Count        4	Total HPWL         5501 microns
Current Stage stats:
[End of Build All Nets] Elapsed real time: 0:00:00 
[End of Build All Nets] Elapsed cpu  time: sys=0:00:00 usr=0:00:00 total=0:00:00
[End of Build All Nets] Stage (MB): Used   88  Alloctr   88  Proc    0 
[End of Build All Nets] Total (MB): Used  253  Alloctr  256  Proc 5554 
Number of partitions: 1 (1 x 1)
Size of partitions: 487 gCells x 487 gCells
Average gCell capacity  1.64	 on layer (1)	 M1
Average gCell capacity  8.95	 on layer (2)	 M2
Average gCell capacity  8.97	 on layer (3)	 M3
Average gCell capacity  8.95	 on layer (4)	 M4
Average gCell capacity  8.86	 on layer (5)	 M5
Average gCell capacity  2.22	 on layer (6)	 M6
Average gCell capacity  0.28	 on layer (7)	 AP
Average number of tracks per gCell 8.99	 on layer (1)	 M1
Average number of tracks per gCell 8.99	 on layer (2)	 M2
Average number of tracks per gCell 8.99	 on layer (3)	 M3
Average number of tracks per gCell 8.99	 on layer (4)	 M4
Average number of tracks per gCell 8.99	 on layer (5)	 M5
Average number of tracks per gCell 2.25	 on layer (6)	 M6
Average number of tracks per gCell 0.28	 on layer (7)	 AP
Number of gCells = 1660183
Current Stage stats:
[End of Build Congestion Map] Elapsed real time: 0:00:01 
[End of Build Congestion Map] Elapsed cpu  time: sys=0:00:00 usr=0:00:01 total=0:00:01
[End of Build Congestion Map] Stage (MB): Used   30  Alloctr   30  Proc    0 
[End of Build Congestion Map] Total (MB): Used  284  Alloctr  287  Proc 5554 
Number of partitions: 1 (1 x 1)
Size of partitions: 487 gCells x 487 gCells
Current Stage stats:
[End of Add Nets Demand] Elapsed real time: 0:00:00 
[End of Add Nets Demand] Elapsed cpu  time: sys=0:00:00 usr=0:00:00 total=0:00:00
[End of Add Nets Demand] Stage (MB): Used    4  Alloctr    4  Proc    0 
[End of Add Nets Demand] Total (MB): Used  288  Alloctr  291  Proc 5554 
Number of user frozen nets = 0
Total stats:
[End of Build Data] Elapsed real time: 0:00:01 
[End of Build Data] Elapsed cpu  time: sys=0:00:00 usr=0:00:02 total=0:00:02
[End of Build Data] Stage (MB): Used  127  Alloctr  128  Proc    0 
[End of Build Data] Total (MB): Used  288  Alloctr  291  Proc 5554 
Number of partitions: 1 (1 x 1)
Size of partitions: 487 gCells x 487 gCells
Current Stage stats:
[End of Blocked Pin Detection] Elapsed real time: 0:00:05 
[End of Blocked Pin Detection] Elapsed cpu  time: sys=0:00:00 usr=0:00:05 total=0:00:05
[End of Blocked Pin Detection] Stage (MB): Used  104  Alloctr  104  Proc    0 
[End of Blocked Pin Detection] Total (MB): Used  392  Alloctr  395  Proc 5554 
Information: Using 8 threads for routing. (ZRT-444)
Information: Placement fast mode ON
Information: Multiple gcell levels ON
Information: Buffer distance is estimated to be ~1417.0000um (787 gCells)

Start GR phase 0
Number of partitions: 1 (1 x 1)
Size of partitions: 487 gCells x 487 gCells
10% of nets complete Elapsed cpu time: 0:00:08 Elapsed real time: 0:00:08
20% of nets complete Elapsed cpu time: 0:00:09 Elapsed real time: 0:00:09
30% of nets complete Elapsed cpu time: 0:00:09 Elapsed real time: 0:00:09
40% of nets complete Elapsed cpu time: 0:00:09 Elapsed real time: 0:00:09
50% of nets complete Elapsed cpu time: 0:00:09 Elapsed real time: 0:00:09
60% of nets complete Elapsed cpu time: 0:00:10 Elapsed real time: 0:00:10
70% of nets complete Elapsed cpu time: 0:00:10 Elapsed real time: 0:00:10
80% of nets complete Elapsed cpu time: 0:00:11 Elapsed real time: 0:00:11
90% of nets complete Elapsed cpu time: 0:00:14 Elapsed real time: 0:00:14
[rtAllBotParts] Elapsed real time: 0:00:36 
[rtAllBotParts] Elapsed cpu  time: sys=0:00:00 usr=0:00:36 total=0:00:36
[rtTop] Elapsed real time: 0:00:00 
[rtTop] Elapsed cpu  time: sys=0:00:00 usr=0:00:00 total=0:00:00
Current Stage stats:
[End of Initial Routing] Elapsed real time: 0:00:36 
[End of Initial Routing] Elapsed cpu  time: sys=0:00:00 usr=0:00:36 total=0:00:36
[End of Initial Routing] Stage (MB): Used   88  Alloctr   89  Proc   20 
[End of Initial Routing] Total (MB): Used  480  Alloctr  485  Proc 5574 
Initial. Routing result:
Initial. Both Dirs: Dmd-Cap  = 73362 Max = 13 GRCs = 29669 (6.25%)
Initial. H routing: Dmd-Cap  = 32295 Max = 11 (GRCs =   2) GRCs = 15960 (6.73%)
Initial. V routing: Dmd-Cap  = 41066 Max = 13 (GRCs =   6) GRCs = 13709 (5.78%)
Initial. Both Dirs: Overflow = 92628 Max = 9 GRCs = 65415 (13.79%)
Initial. H routing: Overflow = 45368 Max = 7 (GRCs =   3) GRCs = 35012 (14.76%)
Initial. V routing: Overflow = 47260 Max = 9 (GRCs =   4) GRCs = 30403 (12.82%)
Initial. M1         Overflow =   267 Max = 1 (GRCs = 392) GRCs =   392 (0.17%)
Initial. M2         Overflow = 26950 Max = 9 (GRCs =   4) GRCs = 16960 (7.15%)
Initial. M3         Overflow = 23575 Max = 7 (GRCs =   2) GRCs = 20953 (8.83%)
Initial. M4         Overflow = 19559 Max = 7 (GRCs =   2) GRCs = 12699 (5.35%)
Initial. M5         Overflow = 21526 Max = 7 (GRCs =   1) GRCs = 13667 (5.76%)
Initial. M6         Overflow =   751 Max = 2 (GRCs =   7) GRCs =   744 (0.31%)
Initial. AP         Overflow =     0 Max = 0 (GRCs =   0) GRCs =     0 (0.00%)

Initial. Total Wire Length = 5225213.97
Initial. Layer M1 wire length = 31327.64
Initial. Layer M2 wire length = 1107585.42
Initial. Layer M3 wire length = 1491336.25
Initial. Layer M4 wire length = 1201644.50
Initial. Layer M5 wire length = 1205741.57
Initial. Layer M6 wire length = 187578.60
Initial. Layer AP wire length = 0.00
Initial. Total Number of Contacts = 935749
Initial. Via VIA12_HV count = 439809
Initial. Via VIA23 count = 391596
Initial. Via VIA34 count = 60151
Initial. Via VIA45 count = 39831
Initial. Via VIA56 count = 4362
Initial. Via VIA67 count = 0
Initial. completed.

Start GR phase 1
Tue Aug  4 16:17:18 2026
Number of partitions: 4 (2 x 2)
Size of partitions: 256 gCells x 256 gCells
10% of nets complete Elapsed cpu time: 0:00:27 Elapsed real time: 0:00:26
20% of nets complete Elapsed cpu time: 0:00:28 Elapsed real time: 0:00:26
30% of nets complete Elapsed cpu time: 0:00:28 Elapsed real time: 0:00:26
40% of nets complete Elapsed cpu time: 0:00:58 Elapsed real time: 0:00:41
50% of nets complete Elapsed cpu time: 0:01:09 Elapsed real time: 0:00:46
60% of nets complete Elapsed cpu time: 0:01:10 Elapsed real time: 0:00:47
70% of nets complete Elapsed cpu time: 0:01:10 Elapsed real time: 0:00:47
80% of nets complete Elapsed cpu time: 0:01:10 Elapsed real time: 0:00:47
90% of nets complete Elapsed cpu time: 0:01:13 Elapsed real time: 0:00:50
[rtAllParts] Elapsed real time: 0:00:50 
[rtAllParts] Elapsed cpu  time: sys=0:00:00 usr=0:01:13 total=0:01:14
Number of partitions: 4 (2 x 2)
Size of partitions: 256 gCells x 256 gCells
[updNetsDmd] Elapsed real time: 0:00:00 
[updNetsDmd] Elapsed cpu  time: sys=0:00:00 usr=0:00:01 total=0:00:01
Current Stage stats:
[End of Phase1 Routing] Elapsed real time: 0:00:51 
[End of Phase1 Routing] Elapsed cpu  time: sys=0:00:00 usr=0:01:14 total=0:01:15
[End of Phase1 Routing] Stage (MB): Used    6  Alloctr   20  Proc    0 
[End of Phase1 Routing] Total (MB): Used  486  Alloctr  506  Proc 5574 
phase1. Routing result:
phase1. Both Dirs: Dmd-Cap  = 31563 Max = 11 GRCs = 15100 (3.18%)
phase1. H routing: Dmd-Cap  = 13474 Max = 9 (GRCs =   2) GRCs =  6817 (2.87%)
phase1. V routing: Dmd-Cap  = 18089 Max = 11 (GRCs =   4) GRCs =  8283 (3.49%)
phase1. Both Dirs: Overflow = 40104 Max = 7 GRCs = 28708 (6.05%)
phase1. H routing: Overflow = 19419 Max = 6 (GRCs =   1) GRCs = 14002 (5.90%)
phase1. V routing: Overflow = 20685 Max = 7 (GRCs =   2) GRCs = 14706 (6.20%)
phase1. M1         Overflow =   377 Max = 2 (GRCs =   6) GRCs =   516 (0.22%)
phase1. M2         Overflow =  9575 Max = 7 (GRCs =   2) GRCs =  7130 (3.01%)
phase1. M3         Overflow = 10163 Max = 6 (GRCs =   1) GRCs =  7008 (2.95%)
phase1. M4         Overflow = 10808 Max = 6 (GRCs =   2) GRCs =  7274 (3.07%)
phase1. M5         Overflow =  8879 Max = 5 (GRCs =  13) GRCs =  6478 (2.73%)
phase1. M6         Overflow =   302 Max = 1 (GRCs = 302) GRCs =   302 (0.13%)
phase1. AP         Overflow =     0 Max = 0 (GRCs =   0) GRCs =     0 (0.00%)

phase1. Total Wire Length = 5453982.14
phase1. Layer M1 wire length = 40126.75
phase1. Layer M2 wire length = 1143378.61
phase1. Layer M3 wire length = 1492031.80
phase1. Layer M4 wire length = 1289435.44
phase1. Layer M5 wire length = 1270667.71
phase1. Layer M6 wire length = 218341.83
phase1. Layer AP wire length = 0.00
phase1. Total Number of Contacts = 981620
phase1. Via VIA12_HV count = 444424
phase1. Via VIA23 count = 400687
phase1. Via VIA34 count = 76005
phase1. Via VIA45 count = 54793
phase1. Via VIA56 count = 5711
phase1. Via VIA67 count = 0
phase1. completed.
[End of Whole Chip Routing] Elapsed real time: 0:01:35 
[End of Whole Chip Routing] Elapsed cpu  time: sys=0:00:00 usr=0:01:59 total=0:02:00
[End of Whole Chip Routing] Stage (MB): Used  325  Alloctr  342  Proc   20 
[End of Whole Chip Routing] Total (MB): Used  486  Alloctr  506  Proc 5574 

Information: Global Routing didn't terminate early. (ZRT-103)

Congestion utilization per direction:
Average vertical track utilization   = 39.46 %
Peak    vertical track utilization   = 155.00 %
Average horizontal track utilization = 38.66 %
Peak    horizontal track utilization = 150.00 %

[End of Global Routing] Elapsed real time: 0:01:35 
[End of Global Routing] Elapsed cpu  time: sys=0:00:00 usr=0:01:59 total=0:02:00
[End of Global Routing] Stage (MB): Used  296  Alloctr  313  Proc   20 
[End of Global Routing] Total (MB): Used  457  Alloctr  476  Proc 5574 
Writing out congestion map...
Updating congestion ...
Updating congestion ...
[End of dbOut] Elapsed real time: 0:00:00 
[End of dbOut] Elapsed cpu  time: sys=0:00:00 usr=0:00:00 total=0:00:00
[End of dbOut] Stage (MB): Used -249  Alloctr -268  Proc    0 
[End of dbOut] Total (MB): Used   36  Alloctr   37  Proc 5574 
Convert timing mode ...
Place-opt optimization Phase 19 Iter  1         0.00        0.00      0.00       213     441255.25   101967.92      118682              0.09      2121
Place-opt optimization Phase 19 Iter  2         0.00        0.00      0.00       213     441255.25   101967.92      118682              0.09      2121
Place-opt optimization Phase 19 Iter  3         0.00        0.00      0.00       213     441255.25   101967.92      118682              0.09      2121
Place-opt optimization Phase 19 Iter  4         0.00        0.00      0.00       213     441255.25   101967.92      118682              0.09      2121
Number of Site types in the design = 1
INFO: Skipping activation of hold scenarios prior to CUS.
Information: The value of option cts.compile.enable_cell_relocation has been overridden to "leaf_only" to support latency-driven placement. (CTS-973)
Information: CTS will work on the following scenarios. (CTS-101)
Information: CTS will work on all clocks in active scenarios, including 1 master clocks and 0 generated clocks. (CTS-107)
Information: 'WC' is identified as primary corner for initial clock tree building. (CTS-103)
CCD app option: ccd.targeted_ccd_path_groups:  **clock_gating_default**
Target path group: scenario FUNC_BC pathgroup **clock_gating_default**
Target path group: scenario FUNC_WC pathgroup **clock_gating_default**
Information: CCD will use corner WC for honoring max prepone/postpone limits

Summary of messages during CTS:
===============================================================
  Tag   Count  Type           Description
---------------------------------------------------------------
 No error or warning message.
Information: The value of option cts.compile.enable_cell_relocation has been overridden to "leaf_only" to support latency-driven placement. (CTS-973)
Warning: No clock routing rules were specified. Use set_clock_routing_rules to specify routing rules for accurate clock latency estimation. (OPT-902)
Warning: No clock routing rules were specified. Use set_clock_routing_rules to specify routing rules for accurate clock latency estimation. (OPT-902)
Information: Estimating clock gate latencies for scenario 'FUNC_WC'. (OPT-909)
Warning: No clock routing rules were specified. Use set_clock_routing_rules to specify routing rules for accurate clock latency estimation. (OPT-902)
Information: Estimating clock gate latencies for scenario 'FUNC_BC'. (OPT-909)
INFO: Skipping deactivation of hold scenarios after CUS.
Number of Site types in the design = 1
Corner Scaling is off, multiplier is 1.000000
Information: Using default layer M4 (OPT-079)
bmap: stepx = stepy = 175000
creating bmap
DB units per micron : 10000
Place-opt optimization Phase 19 Iter  5         0.00        0.00      0.00       213     441255.25   101967.92      118682              0.09      2121
Place-opt optimization Phase 19 Iter  6         0.00        0.00      0.00       213     441255.25   101967.92      118682              0.09      2121
Place-opt optimization Phase 19 Iter  7         0.00        0.00      0.00       213     441255.25   101967.92      118682              0.09      2121
Place-opt optimization Phase 19 Iter  8         0.00        0.00      0.00       213     441255.25   101967.92      118682              0.09      2121
Place-opt optimization Phase 19 Iter  9         0.00        0.00      0.00       213     441255.25   101967.92      118682              0.09      2121
Place-opt optimization Phase 19 Iter 10         0.00        0.00      0.00       213     441255.25   101967.92      118682              0.09      2121
Place-opt optimization Phase 19 Iter 11         0.00        0.00      0.00       213     441255.25   101967.92      118682              0.09      2121
Place-opt optimization Phase 19 Iter 12         0.00        0.00      0.00       213     441255.25   101967.92      118682              0.09      2121
Number of Site types in the design = 1
INFO: Skipping activation of hold scenarios prior to CUS.
Information: The value of option cts.compile.enable_cell_relocation has been overridden to "leaf_only" to support latency-driven placement. (CTS-973)
Information: CTS will work on the following scenarios. (CTS-101)
Information: CTS will work on all clocks in active scenarios, including 1 master clocks and 0 generated clocks. (CTS-107)
Information: 'WC' is identified as primary corner for initial clock tree building. (CTS-103)
CCD app option: ccd.targeted_ccd_path_groups:  **clock_gating_default**
Target path group: scenario FUNC_BC pathgroup **clock_gating_default**
Target path group: scenario FUNC_WC pathgroup **clock_gating_default**
Information: CCD will use corner WC for honoring max prepone/postpone limits

Summary of messages during CTS:
===============================================================
  Tag   Count  Type           Description
---------------------------------------------------------------
 No error or warning message.
Information: The value of option cts.compile.enable_cell_relocation has been overridden to "leaf_only" to support latency-driven placement. (CTS-973)
Warning: No clock routing rules were specified. Use set_clock_routing_rules to specify routing rules for accurate clock latency estimation. (OPT-902)
Warning: No clock routing rules were specified. Use set_clock_routing_rules to specify routing rules for accurate clock latency estimation. (OPT-902)
Information: Estimating clock gate latencies for scenario 'FUNC_WC'. (OPT-909)
Warning: No clock routing rules were specified. Use set_clock_routing_rules to specify routing rules for accurate clock latency estimation. (OPT-902)
Information: Estimating clock gate latencies for scenario 'FUNC_BC'. (OPT-909)
INFO: Skipping deactivation of hold scenarios after CUS.
Number of Site types in the design = 1
Place-opt optimization Phase 19 Iter 13         0.00        0.00      0.00       213     441255.25   101967.92      118682              0.09      2121
Place-opt optimization Phase 19 Iter 14         0.00        0.00      0.00       213     441255.25   101967.92      118682              0.09      2121
Place-opt optimization Phase 19 Iter 15         0.00        0.00      0.00       213     441255.25   101967.92      118682              0.09      2121
Place-opt optimization Phase 19 Iter 16         0.00        0.00      0.00       213     441255.25   101967.92      118682              0.09      2121
Place-opt optimization Phase 19 Iter 17         0.00        0.00      0.00       213     441255.25   101967.92      118682              0.09      2121
Place-opt optimization Phase 19 Iter 18         0.00        0.00      0.00       213     441255.25   101967.92      118682              0.09      2121

Place-opt optimization Phase 20 Iter  1         0.00        0.00      0.00       213     441255.25   101967.92      118682              0.09      2121

Disable clock slack update for ideal clocks
Place-opt optimization summary            SETUP-COST    R2R-COST HOLD-COST LDRC-COST          AREA     LEAKAGE     INSTCNT            ELAPSE       MEM
Place-opt optimization Phase 21 Iter  1         0.00        0.00      0.00       213     435707.28   100559.16      114954              0.10      2121
INFO: cellmap features:  adv-rules=(N), pdc=(N), clock-rules=(Y)

Place-opt optimization Phase 22 Iter  1         0.00        0.00      0.00       213     435701.53   100554.82      114954              0.11      2121
Place-opt optimization Phase 22 Iter  2         0.00        0.00      0.00       213     435701.53   100554.82      114954              0.11      2121
Warning: Restoring scoped app option 'xform.commit_density_threshold' to original value 'unset' (from current value '1', which is different from the scoped value '1.0'). (FLW-2892)
Warning: Restoring scoped app option 'opt.internal.levfilter_arec_slack' to original value 'unset' (from current value '-1', which is different from the scoped value '-1.0'). (FLW-2892)

Place-opt optimization Phase 23 Iter  1         0.00        0.00      0.00       213     433249.91   100811.75      113481              0.11      2121
INFO: New Levelizer turned on

Disable clock slack update for ideal clocks
Information: Activity propagation will be performed for scenario FUNC_WC.
Information: Doing activity propagation for mode 'FUNC' and corner 'WC' with effort level 'medium'. (POW-024)
Information: Timer-derived activity data is cached on scenario FUNC_WC (POW-052)
Information: Running switching activity propagation with 8 threads!

 **** Information : No. of simulation cycles = 6 ****
Place-opt optimization Phase 24 Iter  1         0.00        0.00      0.00       213     422796.97    91238.38      113481              0.11      2121
INFO: cellmap features:  adv-rules=(N), pdc=(N), clock-rules=(Y)

Place-opt optimization Phase 25 Iter  1         0.00        0.00      0.00       213     422796.59    91237.91      113481              0.11      2121
INFO: New Levelizer turned on

Place-opt optimization Phase 26 Iter  1         0.00        0.00      0.00       213     422793.38    90297.74      113481              0.12      2121


Information: Ending   place_opt / initial_opto / Optimization (FLW-8001)
Information: Time: 2026-08-04 16:19:49 / Session:  00:07:07 / Command:  00:06:46 / CPU:  00:26:17 / Memory: 2121 MB (FLW-8100)

Place-opt optimization Phase 29 Iter  1         0.00        0.00      0.00      1390     422793.38    90297.74      113481              0.12      2121

Information: Ending   place_opt / initial_opto (FLW-8001)
Information: Time: 2026-08-04 16:19:49 / Session:  00:07:08 / Command:  00:06:47 / CPU:  00:26:18 / Memory: 2121 MB (FLW-8100)

----------------------------------------------------------------------------------------------------------
Information: Starting place_opt / final_place (FLW-8000)
Information: Time: 2026-08-04 16:19:49 / Session:  00:07:08 / Command:  00:06:47 / CPU:  00:26:19 / Memory: 2121 MB (FLW-8100)
----------------------------------------------------------------------------------------------------------


Information: Starting place_opt / final_place / Timing and Congestion Driven Placement with Legalization (FLW-8000)
Information: Time: 2026-08-04 16:19:50 / Session:  00:07:08 / Command:  00:06:47 / CPU:  00:26:20 / Memory: 2121 MB (FLW-8100)
Place-opt optimization Phase 33 Iter  1         0.00        0.00      0.00      1389     422793.38    90297.74      113481              0.12      2121
Running final (timing-driven) placement step.
----------------------------------------------------------------
Running congestion-aware direct-timing-driven placement
Start Timing-driven placement
Information: Disabling integrated legalization, because it requires that the advanced legalizer is enabled.
Start transferring placement data.
Warning: To enable pin track alignment feature, the advanced legalizer has to be turned on using app option "place.legalize.enable_advanced_legalizer".
Warning: Pin track alignment feature will be disabled in this run
Information: Initializing classic cellmap without advanced rules enabled and without PDC enabled
Information: The following app options are used in cellmap
        place.legalize.enable_color_aware_placement : false
        place.legalize.use_nll_query_cm : false
        place.legalize.enable_advanced_legalizer : false
        place.legalize.enable_prerouted_net_check : true
        place.legalize.enable_advanced_prerouted_net_check : false
        place.legalize.always_continue : true
        place.legalize.limit_legality_checks : false
        place.common.pnet_aware_density : 1.0000
        place.common.pnet_aware_min_width : 0.0000
        place.common.pnet_aware_layers : {}
        place.common.use_placement_model : false
        place.common.enable_advanced_placement_model : true
        cts.placement.cell_spacing_rule_style : maximum
Total 0.1116 seconds to build cellmap data
Information: Extraction observers are detached as design net change threshold is reached.
Snapped 113481 standard cells to the nearest cellrow to improve the accuracy of congestion analysis.
Start Global Route ... 
[Init] Elapsed real time: 0:00:00 
[Init] Elapsed cpu  time: sys=0:00:00 usr=0:00:00 total=0:00:00
[Init] Stage (MB): Used    0  Alloctr    0  Proc    0 
[Init] Total (MB): Used    7  Alloctr    7  Proc 5606 
Printing options for 'route.common.*'

Printing options for 'route.global.*'
global.deterministic                                    :	 on                  
global.timing_driven                                    :	 false               

Begin global routing.
Warning: Cell contains tie connections which are not connected to real PG. (ZRT-511)
Cell Min-Routing-Layer = M1
Cell Max-Routing-Layer = M6
Turn off antenna since no rule is specified
Information: Option route.detail.force_end_on_preferred_grid will be ignored since none of the layers have preferred grid. (ZRT-703)
Info: number of net_type_blockage: 0 
Information: Via ladder engine would be activated for pattern must join connection in certain commands. Please refer to man-page for the command list. (ZRT-619)
Via on layer (VIA1) needs more than one tracks
Warning: Layer M1 default pitch 0.200 may be too small to handle up/down via. Note, that minimum requirements are "wire/via-down 0.180" & "wire/via-up 0.225". (ZRT-026)
Via on layer (VIA5) needs more than one tracks
Warning: Layer M5 default pitch 0.200 may be too small to handle up/down via. Note, that minimum requirements are "wire/via-down 0.200" & "wire/via-up 0.350". (ZRT-026)
Via on layer (RV) needs more than one tracks
Warning: Layer M6 default pitch 0.800 may be too small to handle up/down via. Note, that minimum requirements are "wire/via-down 0.800" & "wire/via-up 3.600". (ZRT-026)
Information: When applicable Min-max layer allow_pin_connection mode will allow paths of length 3.00 outside the layer range. (ZRT-707)
Information: When applicable Min-max layer allow_pin_connection mode will allow paths of length 3.00 outside the layer range on clock nets. (ZRT-718)
Information: When applicable layer based tapering will taper up to 0.00 in distance from the pin. (ZRT-706)
Warning: Cell u_impl/u_core/g_row_5__g_col_8__u_pe/u_sol/U13 is placed overlapping with other cells at {{214.200 37.000} {215.600 38.800}}. (ZRT-763)
Warning: Cell u_impl/u_core/g_row_6__g_col_0__u_pe/u_sol/U86 is placed overlapping with other cells at {{284.000 19.000} {284.600 20.800}}. (ZRT-763)
Warning: Cell u_impl/u_core/g_row_2__g_col_0__u_pe/u_sol/U58 is placed overlapping with other cells at {{371.800 13.600} {372.400 15.400}}. (ZRT-763)
Warning: Cell u_impl/u_core/g_row_6__g_col_4__u_pe/u_sol/u_red_q_reg_1_ is placed overlapping with other cells at {{398.600 13.600} {403.000 15.400}}. (ZRT-763)
Warning: Cell u_impl/u_core/g_row_2__g_col_6__u_pe/u_sol/U3 is placed overlapping with other cells at {{507.000 19.000} {508.400 20.800}}. (ZRT-763)
Warning: Cell u_impl/u_core/g_row_4__g_col_8__u_pe/u_sol/U6 is placed overlapping with other cells at {{587.200 13.600} {587.800 15.400}}. (ZRT-763)
Warning: Cell u_impl/u_core/g_row_4__g_col_6__u_pe/u_sol/U25 is placed overlapping with other cells at {{676.200 13.600} {677.600 15.400}}. (ZRT-763)
Warning: Cell u_impl/u_core/g_row_4__g_col_1__u_pe/u_sol/intadd_180_U11 is placed overlapping with other cells at {{721.000 19.000} {726.000 20.800}}. (ZRT-763)
Warning: Cell u_impl/u_core/g_row_5__g_col_6__u_pe/u_sol/U40 is placed overlapping with other cells at {{151.200 100.000} {152.000 101.800}}. (ZRT-763)
Warning: Cell u_impl/u_core/g_row_5__g_col_3__u_pe/u_sol/U19 is placed overlapping with other cells at {{185.600 80.200} {187.000 82.000}}. (ZRT-763)
Warning: Cell u_impl/u_core/U300 is placed overlapping with other cells at {{313.000 82.000} {314.400 83.800}}. (ZRT-763)
Warning: Cell u_impl/u_core/g_row_6__g_col_0__u_pe/U6 is placed overlapping with other cells at {{320.000 82.000} {320.800 83.800}}. (ZRT-763)
Warning: Cell u_impl/u_core/g_row_2__g_col_9__u_pe/u_status/U18 is placed overlapping with other cells at {{443.400 78.400} {444.800 80.200}}. (ZRT-763)
Warning: Cell u_impl/u_core/U309 is placed overlapping with other cells at {{545.200 82.000} {546.600 83.800}}. (ZRT-763)
Warning: Cell u_impl/u_core/g_row_5__g_col_0__u_pe/u_ctrl/U13 is placed overlapping with other cells at {{579.800 78.400} {581.200 80.200}}. (ZRT-763)
Warning: Cell u_impl/u_core/g_row_3__g_col_1__u_pe/u_sol/U36 is placed overlapping with other cells at {{703.400 82.000} {704.200 83.800}}. (ZRT-763)
Warning: Cell u_impl/u_core/HFSBUF_102156_20298 is placed overlapping with other cells at {{785.800 92.800} {786.600 94.600}}. (ZRT-763)
Warning: Cell u_impl/u_core/g_row_3__g_col_7__u_pe/u_sol/U4 is placed overlapping with other cells at {{806.000 83.800} {807.400 85.600}}. (ZRT-763)
Warning: Cell u_impl/u_core/g_row_8__g_col_6__u_pe/u_sol/U6 is placed overlapping with other cells at {{78.800 193.600} {79.400 195.400}}. (ZRT-763)
Warning: Cell u_impl/u_core/g_row_8__g_col_0__u_pe/u_sol/intadd_161_U12 is placed overlapping with other cells at {{127.600 163.000} {132.600 164.800}}. (ZRT-763)
Warning: Cell u_impl/u_core/g_row_7__g_col_6__u_pe/u_sol/intadd_66_U13 is placed overlapping with other cells at {{179.400 161.200} {184.400 163.000}}. (ZRT-763)
Warning: Cell u_impl/u_core/g_row_5__g_col_2__u_pe/u_alu/ctmTdsLR_1_22283 is placed overlapping with other cells at {{269.400 159.400} {271.000 161.200}}. (ZRT-763)
Warning: Cell u_impl/u_core/g_row_6__g_col_3__u_pe/u_r_black/U4 is placed overlapping with other cells at {{354.200 163.000} {355.000 164.800}}. (ZRT-763)
Warning: Cell u_impl/u_core/g_row_5__g_col_1__u_pe/u_alu/U39 is placed overlapping with other cells at {{420.800 159.400} {422.400 161.200}}. (ZRT-763)
Warning: Cell u_impl/u_core/g_row_1__g_col_5__u_pe/u_alu/HFSINV_1353_17211 is placed overlapping with other cells at {{531.200 163.000} {532.000 164.800}}. (ZRT-763)
Warning: Cell u_impl/u_core/HFSINV_56415_19653 is placed overlapping with other cells at {{624.600 159.400} {625.800 161.200}}. (ZRT-763)
Warning: Cell u_impl/u_core/g_row_4__g_col_2__u_pe/u_sol/HFSINV_136_10925 is placed overlapping with other cells at {{671.800 163.000} {672.400 164.800}}. (ZRT-763)
Warning: Cell u_impl/u_core/HFSINV_104148_20307 is placed overlapping with other cells at {{737.000 163.000} {738.200 164.800}}. (ZRT-763)
Warning: Cell u_impl/u_core/g_row_1__g_col_8__u_pe/u_sol/HFSINV_106183_20305 is placed overlapping with other cells at {{804.000 163.000} {804.600 164.800}}. (ZRT-763)
Warning: Cell u_impl/u_core/HFSINV_68739_20722 is placed overlapping with other cells at {{43.800 253.000} {44.600 254.800}}. (ZRT-763)
Warning: Cell u_impl/u_core/g_row_8__g_col_4__u_pe/u_ctrl/U9 is placed overlapping with other cells at {{81.000 240.400} {82.400 242.200}}. (ZRT-763)
Warning: Cell u_impl/u_core/g_row_7__g_col_9__u_pe/u_dsm/U5 is placed overlapping with other cells at {{161.600 240.400} {162.800 242.200}}. (ZRT-763)
Warning: Cell u_impl/u_core/g_row_7__g_col_5__u_pe/HFSBUF_62705_20237 is placed overlapping with other cells at {{241.000 240.400} {242.200 242.200}}. (ZRT-763)
Warning: Cell u_impl/black_shadow_reg_75__15_ is placed overlapping with other cells at {{395.200 244.000} {399.200 245.800}}. (ZRT-763)
Warning: Cell u_impl/black_shadow_reg_50__5_ is placed overlapping with other cells at {{451.200 242.200} {455.200 244.000}}. (ZRT-763)
Warning: Cell u_impl/U10218 is placed overlapping with other cells at {{487.400 253.000} {489.200 254.800}}. (ZRT-763)
Warning: Cell u_impl/red_shadow_reg_164__6_ is placed overlapping with other cells at {{568.400 254.800} {572.200 256.600}}. (ZRT-763)
Warning: Cell u_impl/u_core/g_row_1__g_col_9__u_pe/u_status/HFSINV_256_13379 is placed overlapping with other cells at {{676.800 240.400} {677.400 242.200}}. (ZRT-763)
Warning: Cell u_impl/u_core/g_row_0__g_col_6__u_pe/u_alu/HFSINV_926_17193 is placed overlapping with other cells at {{739.800 238.600} {740.400 240.400}}. (ZRT-763)
Warning: Cell u_impl/u_core/U296 is placed overlapping with other cells at {{801.800 244.000} {803.200 245.800}}. (ZRT-763)
Warning: Cell u_impl/u_core/g_row_9__g_col_3__u_pe/u_sol/U75 is placed overlapping with other cells at {{52.800 326.800} {53.600 328.600}}. (ZRT-763)
Warning: Cell u_impl/u_core/g_row_8__g_col_7__u_pe/u_ctrl/U12 is placed overlapping with other cells at {{128.600 319.600} {129.400 321.400}}. (ZRT-763)
Warning: Cell u_impl/u_core/g_row_9__g_col_0__u_pe/u_alu/U6 is placed overlapping with other cells at {{187.600 323.200} {188.400 325.000}}. (ZRT-763)
Warning: Cell u_impl/u_core/g_row_9__g_col_1__u_pe/u_status/HFSINV_225_13513 is placed overlapping with other cells at {{254.200 319.600} {254.800 321.400}}. (ZRT-763)
Warning: Cell u_impl/U3768 is placed overlapping with other cells at {{354.800 323.200} {356.200 325.000}}. (ZRT-763)
Warning: Cell u_impl/black_shadow_reg_72__0_ is placed overlapping with other cells at {{409.200 319.600} {413.200 321.400}}. (ZRT-763)
Warning: Cell u_impl/black_shadow_reg_100__11_ is placed overlapping with other cells at {{478.600 323.200} {483.200 325.000}}. (ZRT-763)
Warning: Cell u_impl/HFSBUF_2_1293 is placed overlapping with other cells at {{572.200 323.200} {573.000 325.000}}. (ZRT-763)
Warning: Cell u_impl/U2021 is placed overlapping with other cells at {{649.400 319.600} {650.800 321.400}}. (ZRT-763)
Warning: Cell u_impl/u_core/g_row_0__g_col_6__u_pe/u_r_black/U3 is placed overlapping with other cells at {{731.800 319.600} {733.200 321.400}}. (ZRT-763)
Warning: Cell u_impl/u_core/U361 is placed overlapping with other cells at {{803.200 323.200} {805.200 325.000}}. (ZRT-763)
Warning: Cell u_impl/u_core/g_row_10__g_col_4__u_pe/u_sol/U64 is placed overlapping with other cells at {{39.200 400.600} {39.800 402.400}}. (ZRT-763)
Warning: Cell u_impl/u_core/g_row_10__g_col_4__u_pe/u_alu/U12 is placed overlapping with other cells at {{152.600 400.600} {153.800 402.400}}. (ZRT-763)
Warning: Cell u_impl/u_core/g_row_8__g_col_9__u_pe/u_alu/ctmTdsLR_1_22754 is placed overlapping with other cells at {{181.200 402.400} {182.800 404.200}}. (ZRT-763)
Warning: Cell u_impl/u_core/g_row_9__g_col_6__u_pe/u_r_black/U3 is placed overlapping with other cells at {{259.200 404.200} {260.000 406.000}}. (ZRT-763)
Warning: Cell u_impl/U13954 is placed overlapping with other cells at {{321.800 404.200} {323.400 406.000}}. (ZRT-763)
Warning: Cell u_impl/north_shadow_reg_15__7_ is placed overlapping with other cells at {{402.200 400.600} {406.200 402.400}}. (ZRT-763)
Warning: Cell u_impl/U8988 is placed overlapping with other cells at {{479.400 407.800} {481.000 409.600}}. (ZRT-763)
Warning: Cell u_impl/ctmTdsLR_1_22796 is placed overlapping with other cells at {{576.600 402.400} {578.200 404.200}}. (ZRT-763)
Warning: Cell u_impl/U8160 is placed overlapping with other cells at {{640.000 402.400} {641.800 404.200}}. (ZRT-763)
Warning: Cell u_impl/u_core/g_row_0__g_col_1__u_pe/u_sol/HFSINV_134_6232 is placed overlapping with other cells at {{726.400 400.600} {727.000 402.400}}. (ZRT-763)
Warning: Cell u_impl/u_core/g_row_0__g_col_2__u_pe/u_ctrl/U14 is placed overlapping with other cells at {{832.400 404.200} {833.800 406.000}}. (ZRT-763)
Warning: Cell u_impl/u_core/HFSBUF_7650_19489 is placed overlapping with other cells at {{58.800 487.000} {60.000 488.800}}. (ZRT-763)
Warning: Cell u_impl/u_core/g_row_9__g_col_7__u_pe/u_alu/HFSINV_434_16995 is placed overlapping with other cells at {{122.000 481.600} {122.600 483.400}}. (ZRT-763)
Warning: Cell u_impl/u_core/g_row_10__g_col_9__u_pe/u_alu/U31 is placed overlapping with other cells at {{172.200 483.400} {175.600 485.200}}. (ZRT-763)
Warning: Cell u_impl/u_core/HFSBUF_54888_19812 is placed overlapping with other cells at {{240.400 496.000} {243.600 497.800}}. (ZRT-763)
Warning: Cell u_impl/U14020 is placed overlapping with other cells at {{325.200 483.400} {326.800 485.200}}. (ZRT-763)
Warning: Cell u_impl/U5824 is placed overlapping with other cells at {{410.200 481.600} {411.600 483.400}}. (ZRT-763)
Warning: Cell u_impl/U2940 is placed overlapping with other cells at {{485.800 479.800} {487.200 481.600}}. (ZRT-763)
Warning: Cell u_impl/U187 is placed overlapping with other cells at {{571.400 479.800} {572.200 481.600}}. (ZRT-763)
Warning: Cell u_impl/u_core/u_tcu/upd_q_reg_29_ is placed overlapping with other cells at {{708.600 483.400} {713.000 485.200}}. (ZRT-763)
Warning: Cell u_impl/u_core/g_row_19__g_col_8__u_pe/u_alu/ctmTdsLR_1_22486 is placed overlapping with other cells at {{790.000 479.800} {791.600 481.600}}. (ZRT-763)
Warning: Cell u_impl/u_core/HFSINV_3287_20834 is placed overlapping with other cells at {{845.600 479.800} {846.400 481.600}}. (ZRT-763)
Warning: Cell u_impl/u_core/g_row_11__g_col_4__u_pe/u_sol/U76 is placed overlapping with other cells at {{64.600 562.600} {66.400 564.400}}. (ZRT-763)
Warning: Cell u_impl/u_core/g_row_11__g_col_7__u_pe/u_r_red/U3 is placed overlapping with other cells at {{99.200 559.000} {100.000 560.800}}. (ZRT-763)
Warning: Cell u_impl/u_core/g_row_11__g_col_8__u_pe/u_r_black/U4 is placed overlapping with other cells at {{186.200 562.600} {187.000 564.400}}. (ZRT-763)
Warning: Cell u_impl/u_core/g_row_15__g_col_9__u_pe/u_r_black/q_reg_1_ is placed overlapping with other cells at {{250.400 559.000} {254.800 560.800}}. (ZRT-763)
Warning: Cell u_impl/U770 is placed overlapping with other cells at {{343.000 559.000} {344.400 560.800}}. (ZRT-763)
Warning: Cell u_impl/red_shadow_reg_114__7_ is placed overlapping with other cells at {{398.400 559.000} {402.400 560.800}}. (ZRT-763)
Warning: Cell u_impl/U6348 is placed overlapping with other cells at {{491.400 562.600} {492.800 564.400}}. (ZRT-763)
Warning: Cell u_impl/black_shadow_reg_178__4_ is placed overlapping with other cells at {{561.200 562.600} {565.200 564.400}}. (ZRT-763)
Warning: Cell u_impl/u_core/g_row_18__g_col_1__u_pe/u_alu/HFSINV_825_15848 is placed overlapping with other cells at {{686.400 559.000} {687.000 560.800}}. (ZRT-763)
Warning: Cell u_impl/u_core/g_row_18__g_col_2__u_pe/u_alu/HFSINV_1115_15850 is placed overlapping with other cells at {{728.000 559.000} {728.600 560.800}}. (ZRT-763)
Warning: Cell u_impl/u_core/g_row_19__g_col_4__u_pe/u_sol/U25 is placed overlapping with other cells at {{849.000 569.800} {850.400 571.600}}. (ZRT-763)
Warning: Cell u_impl/u_core/g_row_16__g_col_6__u_pe/u_sol/U24 is placed overlapping with other cells at {{62.600 643.600} {64.000 645.400}}. (ZRT-763)
Warning: Cell u_impl/u_core/g_row_15__g_col_9__u_pe/u_sol/HFSINV_44_8373 is placed overlapping with other cells at {{113.600 640.000} {114.200 641.800}}. (ZRT-763)
Warning: Cell u_impl/u_core/g_row_12__g_col_6__u_pe/u_sol/HFSINV_122_7315 is placed overlapping with other cells at {{177.400 643.600} {178.200 645.400}}. (ZRT-763)
Warning: Cell u_impl/u_core/g_row_16__g_col_3__u_pe/u_r_black/q_reg_1_ is placed overlapping with other cells at {{257.400 640.000} {261.800 641.800}}. (ZRT-763)
Warning: Cell u_impl/red_shadow_reg_176__0_ is placed overlapping with other cells at {{369.600 638.200} {373.400 640.000}}. (ZRT-763)
Warning: Cell u_impl/U1381 is placed overlapping with other cells at {{451.000 643.600} {452.800 645.400}}. (ZRT-763)
Warning: Cell u_impl/U8792 is placed overlapping with other cells at {{483.400 638.200} {485.200 640.000}}. (ZRT-763)
Warning: Cell u_impl/cfg_rdata_reg_15_ is placed overlapping with other cells at {{572.800 640.000} {577.200 641.800}}. (ZRT-763)
Warning: Cell u_impl/u_core/g_row_12__g_col_9__u_pe/u_sol/HFSBUF_139_7417 is placed overlapping with other cells at {{642.400 641.800} {643.200 643.600}}. (ZRT-763)
Warning: Cell u_impl/u_core/HFSBUF_10903_20778 is placed overlapping with other cells at {{775.000 638.200} {776.200 640.000}}. (ZRT-763)
Warning: Cell u_impl/u_core/HFSBUF_9164_20779 is placed overlapping with other cells at {{817.400 640.000} {818.600 641.800}}. (ZRT-763)
Warning: Cell u_impl/u_core/g_row_16__g_col_5__u_pe/u_sol/U20 is placed overlapping with other cells at {{66.800 719.200} {68.200 721.000}}. (ZRT-763)
Warning: Cell u_impl/u_core/g_row_16__g_col_4__u_pe/u_sol/intadd_117_U2 is placed overlapping with other cells at {{97.200 722.800} {102.200 724.600}}. (ZRT-763)
Warning: Cell u_impl/u_core/g_row_17__g_col_1__u_pe/u_sol/U5 is placed overlapping with other cells at {{198.800 719.200} {199.400 721.000}}. (ZRT-763)
Warning: Cell u_impl/u_core/g_row_16__g_col_0__u_pe/u_alu/ctmTdsLR_1_22438 is placed overlapping with other cells at {{295.400 721.000} {297.000 722.800}}. (ZRT-763)
Warning: Cell u_impl/u_core/g_row_16__g_col_2__u_pe/HFSBUF_11795_20086 is placed overlapping with other cells at {{344.800 721.000} {346.000 722.800}}. (ZRT-763)
Warning: Cell u_impl/u_core/g_row_17__g_col_8__u_pe/u_sol/HFSINV_134_9111 is placed overlapping with other cells at {{433.800 719.200} {434.400 721.000}}. (ZRT-763)
Warning: Cell u_impl/u_core/g_row_12__g_col_5__u_pe/ctmTdsLR_1_22874 is placed overlapping with other cells at {{505.000 722.800} {506.600 724.600}}. (ZRT-763)
Warning: Cell u_impl/u_core/g_row_14__g_col_0__u_pe/HFSBUF_793_17440 is placed overlapping with other cells at {{594.600 719.200} {595.400 721.000}}. (ZRT-763)
Warning: Cell u_impl/u_core/g_row_13__g_col_5__u_pe/u_sol/HFSINV_122_7615 is placed overlapping with other cells at {{655.000 721.000} {655.600 722.800}}. (ZRT-763)
Warning: Cell u_impl/u_core/g_row_18__g_col_3__u_pe/u_sol/U24 is placed overlapping with other cells at {{759.800 739.000} {761.200 740.800}}. (ZRT-763)
Warning: Cell u_impl/u_core/g_row_16__g_col_1__u_pe/u_sol/U32 is placed overlapping with other cells at {{150.400 800.200} {151.800 802.000}}. (ZRT-763)
Warning: Cell u_impl/u_core/g_row_16__g_col_2__u_pe/u_sol/intadd_119_U13 is placed overlapping with other cells at {{184.600 798.400} {189.600 800.200}}. (ZRT-763)
Warning: Cell u_impl/u_core/g_row_17__g_col_3__u_pe/u_sol/U3 is placed overlapping with other cells at {{281.200 803.800} {282.600 805.600}}. (ZRT-763)
Warning: Cell u_impl/u_core/g_row_14__g_col_8__u_pe/u_alu/ctmTdsLR_1_21935 is placed overlapping with other cells at {{347.600 803.800} {349.200 805.600}}. (ZRT-763)
Warning: Cell u_impl/u_core/g_row_11__g_col_9__u_pe/u_sol/U73 is placed overlapping with other cells at {{435.600 798.400} {436.400 800.200}}. (ZRT-763)
Warning: Cell u_impl/u_core/g_row_14__g_col_2__u_pe/ctmTdsLR_1_21826 is placed overlapping with other cells at {{514.800 798.400} {516.400 800.200}}. (ZRT-763)
Warning: Cell u_impl/u_core/g_row_14__g_col_0__u_pe/u_sol/U40 is placed overlapping with other cells at {{618.600 800.200} {619.400 802.000}}. (ZRT-763)
Warning: Cell u_impl/u_core/g_row_13__g_col_2__u_pe/u_sol/U32 is placed overlapping with other cells at {{718.200 803.800} {719.600 805.600}}. (ZRT-763)
Current Stage stats:
[End of Read DB] Elapsed real time: 0:00:01 
[End of Read DB] Elapsed cpu  time: sys=0:00:00 usr=0:00:03 total=0:00:03
[End of Read DB] Stage (MB): Used  149  Alloctr  151  Proc  -32 
[End of Read DB] Total (MB): Used  156  Alloctr  159  Proc 5574 
Constructing data structure ...
Design statistics:
Design Bounding Box (0.00um,0.00um,875.00um,875.00um)
Number of routing layers = 7
layer M1, dir Hor, min width = 0.09um, min space = 0.09um pitch = 0.2um
layer M2, dir Ver, min width = 0.1um, min space = 0.1um pitch = 0.2um
layer M3, dir Hor, min width = 0.1um, min space = 0.1um pitch = 0.2um
layer M4, dir Ver, min width = 0.1um, min space = 0.1um pitch = 0.2um
layer M5, dir Hor, min width = 0.1um, min space = 0.1um pitch = 0.2um
layer M6, dir Ver, min width = 0.4um, min space = 0.4um pitch = 0.8um
layer AP, dir Hor, min width = 3um, min space = 2um pitch = 6.5um
Current Stage stats:
[End of Build Tech Data] Elapsed real time: 0:00:00 
[End of Build Tech Data] Elapsed cpu  time: sys=0:00:00 usr=0:00:00 total=0:00:00
[End of Build Tech Data] Stage (MB): Used    4  Alloctr    4  Proc    0 
[End of Build Tech Data] Total (MB): Used  161  Alloctr  163  Proc 5574 
Net statistics:
Total number of nets     = 116520
Number of nets to route  = 115832
688 nets are fully connected,
 of which 688 are detail routed and 0 are global routed.
Net length statistics: 
Net Count(Ignore Fully Rted) 115832, Total Half Perimeter Wire Length (HPWL) 4842155 microns
HPWL   0 ~   50 microns: Net Count    94913	Total HPWL      1060165 microns
HPWL  50 ~  100 microns: Net Count     5858	Total HPWL       436302 microns
HPWL 100 ~  200 microns: Net Count     8570	Total HPWL      1227415 microns
HPWL 200 ~  300 microns: Net Count     3411	Total HPWL       828543 microns
HPWL 300 ~  400 microns: Net Count     1611	Total HPWL       557048 microns
HPWL 400 ~  500 microns: Net Count      894	Total HPWL       397772 microns
HPWL 500 ~  600 microns: Net Count      441	Total HPWL       238453 microns
HPWL 600 ~  700 microns: Net Count       87	Total HPWL        56566 microns
HPWL 700 ~  800 microns: Net Count       22	Total HPWL        16289 microns
HPWL 800 ~  900 microns: Net Count       18	Total HPWL        15363 microns
HPWL 900 ~ 1000 microns: Net Count        3	Total HPWL         2736 microns
HPWL     > 1000 microns: Net Count        4	Total HPWL         5501 microns
Current Stage stats:
[End of Build All Nets] Elapsed real time: 0:00:00 
[End of Build All Nets] Elapsed cpu  time: sys=0:00:00 usr=0:00:00 total=0:00:00
[End of Build All Nets] Stage (MB): Used   82  Alloctr   82  Proc    0 
[End of Build All Nets] Total (MB): Used  243  Alloctr  246  Proc 5574 
Number of partitions: 1 (1 x 1)
Size of partitions: 487 gCells x 487 gCells
Average gCell capacity  2.65	 on layer (1)	 M1
Average gCell capacity  8.95	 on layer (2)	 M2
Average gCell capacity  8.97	 on layer (3)	 M3
Average gCell capacity  8.95	 on layer (4)	 M4
Average gCell capacity  8.86	 on layer (5)	 M5
Average gCell capacity  2.22	 on layer (6)	 M6
Average gCell capacity  0.28	 on layer (7)	 AP
Average number of tracks per gCell 8.99	 on layer (1)	 M1
Average number of tracks per gCell 8.99	 on layer (2)	 M2
Average number of tracks per gCell 8.99	 on layer (3)	 M3
Average number of tracks per gCell 8.99	 on layer (4)	 M4
Average number of tracks per gCell 8.99	 on layer (5)	 M5
Average number of tracks per gCell 2.25	 on layer (6)	 M6
Average number of tracks per gCell 0.28	 on layer (7)	 AP
Number of gCells = 1660183
Current Stage stats:
[End of Build Congestion Map] Elapsed real time: 0:00:01 
[End of Build Congestion Map] Elapsed cpu  time: sys=0:00:00 usr=0:00:01 total=0:00:01
[End of Build Congestion Map] Stage (MB): Used   30  Alloctr   30  Proc    0 
[End of Build Congestion Map] Total (MB): Used  273  Alloctr  276  Proc 5574 
Number of partitions: 1 (1 x 1)
Size of partitions: 487 gCells x 487 gCells
Current Stage stats:
[End of Add Nets Demand] Elapsed real time: 0:00:00 
[End of Add Nets Demand] Elapsed cpu  time: sys=0:00:00 usr=0:00:00 total=0:00:00
[End of Add Nets Demand] Stage (MB): Used    4  Alloctr    4  Proc    0 
[End of Add Nets Demand] Total (MB): Used  277  Alloctr  280  Proc 5574 
Number of user frozen nets = 0
Total stats:
[End of Build Data] Elapsed real time: 0:00:01 
[End of Build Data] Elapsed cpu  time: sys=0:00:00 usr=0:00:01 total=0:00:01
[End of Build Data] Stage (MB): Used  120  Alloctr  121  Proc    0 
[End of Build Data] Total (MB): Used  277  Alloctr  280  Proc 5574 
Number of partitions: 1 (1 x 1)
Size of partitions: 487 gCells x 487 gCells
Current Stage stats:
[End of Blocked Pin Detection] Elapsed real time: 0:00:04 
[End of Blocked Pin Detection] Elapsed cpu  time: sys=0:00:00 usr=0:00:04 total=0:00:04
[End of Blocked Pin Detection] Stage (MB): Used  104  Alloctr  104  Proc   10 
[End of Blocked Pin Detection] Total (MB): Used  381  Alloctr  384  Proc 5585 
Information: Using 8 threads for routing. (ZRT-444)
Information: Placement fast mode ON
Information: Multiple gcell levels ON
Information: Buffer distance is estimated to be ~1417.0000um (787 gCells)

Start GR phase 0
Number of partitions: 1 (1 x 1)
Size of partitions: 487 gCells x 487 gCells
10% of nets complete Elapsed cpu time: 0:00:08 Elapsed real time: 0:00:08
20% of nets complete Elapsed cpu time: 0:00:09 Elapsed real time: 0:00:09
30% of nets complete Elapsed cpu time: 0:00:09 Elapsed real time: 0:00:09
40% of nets complete Elapsed cpu time: 0:00:09 Elapsed real time: 0:00:09
50% of nets complete Elapsed cpu time: 0:00:09 Elapsed real time: 0:00:09
60% of nets complete Elapsed cpu time: 0:00:10 Elapsed real time: 0:00:10
70% of nets complete Elapsed cpu time: 0:00:10 Elapsed real time: 0:00:10
80% of nets complete Elapsed cpu time: 0:00:11 Elapsed real time: 0:00:11
90% of nets complete Elapsed cpu time: 0:00:14 Elapsed real time: 0:00:14
[rtAllBotParts] Elapsed real time: 0:00:36 
[rtAllBotParts] Elapsed cpu  time: sys=0:00:00 usr=0:00:36 total=0:00:36
[rtTop] Elapsed real time: 0:00:00 
[rtTop] Elapsed cpu  time: sys=0:00:00 usr=0:00:00 total=0:00:00
Current Stage stats:
[End of Initial Routing] Elapsed real time: 0:00:36 
[End of Initial Routing] Elapsed cpu  time: sys=0:00:00 usr=0:00:36 total=0:00:36
[End of Initial Routing] Stage (MB): Used   88  Alloctr   89  Proc  189 
[End of Initial Routing] Total (MB): Used  470  Alloctr  475  Proc 5774 
Initial. Routing result:
Initial. Both Dirs: Dmd-Cap  = 72021 Max = 15 GRCs = 27634 (5.83%)
Initial. H routing: Dmd-Cap  = 28347 Max = 11 (GRCs =  4) GRCs = 13608 (5.74%)
Initial. V routing: Dmd-Cap  = 43674 Max = 15 (GRCs =  1) GRCs = 14026 (5.91%)
Initial. Both Dirs: Overflow = 93368 Max = 10 GRCs = 63666 (13.42%)
Initial. H routing: Overflow = 42363 Max =  8 (GRCs =  1) GRCs = 32645 (13.76%)
Initial. V routing: Overflow = 51004 Max = 10 (GRCs =  2) GRCs = 31021 (13.08%)
Initial. M1         Overflow =   481 Max =  2 (GRCs =  4) GRCs =   552 (0.23%)
Initial. M2         Overflow = 29523 Max = 10 (GRCs =  2) GRCs = 18155 (7.65%)
Initial. M3         Overflow = 22503 Max =  8 (GRCs =  1) GRCs = 19804 (8.35%)
Initial. M4         Overflow = 20717 Max =  7 (GRCs =  3) GRCs = 12109 (5.11%)
Initial. M5         Overflow = 19379 Max =  7 (GRCs =  3) GRCs = 12289 (5.18%)
Initial. M6         Overflow =   763 Max =  2 (GRCs =  6) GRCs =   757 (0.32%)
Initial. AP         Overflow =     0 Max =  0 (GRCs =  0) GRCs =     0 (0.00%)

Initial. Total Wire Length = 5267700.95
Initial. Layer M1 wire length = 61700.88
Initial. Layer M2 wire length = 1124793.92
Initial. Layer M3 wire length = 1471073.86
Initial. Layer M4 wire length = 1227131.38
Initial. Layer M5 wire length = 1191593.04
Initial. Layer M6 wire length = 191407.87
Initial. Layer AP wire length = 0.00
Initial. Total Number of Contacts = 934224
Initial. Via VIA12_HV count = 440693
Initial. Via VIA23 count = 386385
Initial. Via VIA34 count = 63326
Initial. Via VIA45 count = 39266
Initial. Via VIA56 count = 4554
Initial. Via VIA67 count = 0
Initial. completed.

Start GR phase 1
Tue Aug  4 16:20:35 2026
Number of partitions: 4 (2 x 2)
Size of partitions: 256 gCells x 256 gCells
10% of nets complete Elapsed cpu time: 0:00:28 Elapsed real time: 0:00:26
20% of nets complete Elapsed cpu time: 0:00:28 Elapsed real time: 0:00:26
30% of nets complete Elapsed cpu time: 0:00:28 Elapsed real time: 0:00:26
40% of nets complete Elapsed cpu time: 0:00:57 Elapsed real time: 0:00:40
50% of nets complete Elapsed cpu time: 0:01:08 Elapsed real time: 0:00:46
60% of nets complete Elapsed cpu time: 0:01:09 Elapsed real time: 0:00:46
70% of nets complete Elapsed cpu time: 0:01:09 Elapsed real time: 0:00:46
80% of nets complete Elapsed cpu time: 0:01:09 Elapsed real time: 0:00:46
90% of nets complete Elapsed cpu time: 0:01:12 Elapsed real time: 0:00:49
[rtAllParts] Elapsed real time: 0:00:50 
[rtAllParts] Elapsed cpu  time: sys=0:00:00 usr=0:01:12 total=0:01:13
Number of partitions: 4 (2 x 2)
Size of partitions: 256 gCells x 256 gCells
[updNetsDmd] Elapsed real time: 0:00:00 
[updNetsDmd] Elapsed cpu  time: sys=0:00:00 usr=0:00:01 total=0:00:01
Current Stage stats:
[End of Phase1 Routing] Elapsed real time: 0:00:50 
[End of Phase1 Routing] Elapsed cpu  time: sys=0:00:00 usr=0:01:14 total=0:01:14
[End of Phase1 Routing] Stage (MB): Used    6  Alloctr   21  Proc    0 
[End of Phase1 Routing] Total (MB): Used  476  Alloctr  496  Proc 5774 
phase1. Routing result:
phase1. Both Dirs: Dmd-Cap  = 30203 Max = 12 GRCs = 14138 (2.98%)
phase1. H routing: Dmd-Cap  = 11630 Max = 9 (GRCs =   1) GRCs =  5755 (2.43%)
phase1. V routing: Dmd-Cap  = 18573 Max = 12 (GRCs =   1) GRCs =  8383 (3.53%)
phase1. Both Dirs: Overflow = 38583 Max = 7 GRCs = 27260 (5.75%)
phase1. H routing: Overflow = 17450 Max = 5 (GRCs =   8) GRCs = 12538 (5.29%)
phase1. V routing: Overflow = 21133 Max = 7 (GRCs =   5) GRCs = 14722 (6.21%)
phase1. M1         Overflow =   684 Max = 3 (GRCs =   1) GRCs =   766 (0.32%)
phase1. M2         Overflow =  9877 Max = 7 (GRCs =   5) GRCs =  7201 (3.04%)
phase1. M3         Overflow =  8964 Max = 5 (GRCs =   3) GRCs =  6103 (2.57%)
phase1. M4         Overflow = 11003 Max = 6 (GRCs =   1) GRCs =  7268 (3.06%)
phase1. M5         Overflow =  7802 Max = 5 (GRCs =   5) GRCs =  5669 (2.39%)
phase1. M6         Overflow =   253 Max = 1 (GRCs = 253) GRCs =   253 (0.11%)
phase1. AP         Overflow =     0 Max = 0 (GRCs =   0) GRCs =     0 (0.00%)

phase1. Total Wire Length = 5504117.76
phase1. Layer M1 wire length = 99345.52
phase1. Layer M2 wire length = 1149350.93
phase1. Layer M3 wire length = 1462582.44
phase1. Layer M4 wire length = 1319504.26
phase1. Layer M5 wire length = 1249251.36
phase1. Layer M6 wire length = 224083.25
phase1. Layer AP wire length = 0.00
phase1. Total Number of Contacts = 990847
phase1. Via VIA12_HV count = 457522
phase1. Via VIA23 count = 393624
phase1. Via VIA34 count = 80510
phase1. Via VIA45 count = 53373
phase1. Via VIA56 count = 5818
phase1. Via VIA67 count = 0
phase1. completed.
[End of Whole Chip Routing] Elapsed real time: 0:01:33 
[End of Whole Chip Routing] Elapsed cpu  time: sys=0:00:01 usr=0:01:57 total=0:01:58
[End of Whole Chip Routing] Stage (MB): Used  319  Alloctr  337  Proc  199 
[End of Whole Chip Routing] Total (MB): Used  476  Alloctr  496  Proc 5774 

Information: Global Routing didn't terminate early. (ZRT-103)

Congestion utilization per direction:
Average vertical track utilization   = 40.20 %
Peak    vertical track utilization   = 157.14 %
Average horizontal track utilization = 37.07 %
Peak    horizontal track utilization = 150.00 %

[End of Global Routing] Elapsed real time: 0:01:33 
[End of Global Routing] Elapsed cpu  time: sys=0:00:01 usr=0:01:57 total=0:01:58
[End of Global Routing] Stage (MB): Used  290  Alloctr  308  Proc  199 
[End of Global Routing] Total (MB): Used  447  Alloctr  467  Proc 5774 
Writing out congestion map...
Updating congestion ...
Updating congestion ...
[End of dbOut] Elapsed real time: 0:00:00 
[End of dbOut] Elapsed cpu  time: sys=0:00:00 usr=0:00:00 total=0:00:00
[End of dbOut] Stage (MB): Used -245  Alloctr -265  Proc    0 
[End of dbOut] Total (MB): Used   36  Alloctr   37  Proc 5774 
Using per-layer congestion maps for congestion reduction.
Information: 21.14% of design has horizontal routing density above target_routing_density of 0.80.
Information: 17.93% of design has vertical routing density above target_routing_density of 0.80.
Completed transferring placement data.
Running placement using 8 thread(s)
Information: Enhanced Auto Density Control is used. (PLACE-098)
Information: Enhanced auto density configuration is 13179.
Information: Automatic density control has selected the following settings: max_density 0.70, congestion_driven_max_util 0.89. (PLACE-027)
Information: HFW control 'on' invoked.
coarse place 100% done.
Information: Reducing cell density for 21.6% of the movable cells to alleviate congestion. This changes the average cell density in non-congested areas from 0.578 to 0.648. (PLACE-030)
Information: The value of option cts.compile.enable_cell_relocation has been overridden to "leaf_only" to support latency-driven placement. (CTS-973)
Warning: No clock routing rules were specified. Use set_clock_routing_rules to specify routing rules for accurate clock latency estimation. (OPT-902)
Information: The RC mode used is VR for design 'pde_chip_top_safe'. (NEX-022)
Information: Update timing completed net estimation for all the timing graph nets (TIM-111)
Information: Net estimation statistics: timing graph nets = 116518, routed nets = 0, across physical hierarchy nets = 0, parasitics cached nets = 116513, delay annotated nets = 0, parasitics annotated nets = 0, multi-voltage nets = 0. (TIM-112)
CGRW: permuting timing equivalent pins only
Corner Scaling is off, multiplier is 1.000000
Information: timingScenario FUNC_WC timingCorner WC.  Using corner WC for worst leakage corner. (OPT-078)
Information: Using default layer M4 (OPT-079)
Information: Nominal = 0.0716771  Design MT = 0.500000  Target = 0.3723819  MaxRC = 0.216269 Fast Target = 0.123376 (OPT-081)
nplLib: default vr hor dist = 1037
nplLib: default vr ver dist = 1037
nplLib: default vr buf size = 6
nplLib: default vr buf size = 2
Placer using max_unbuffered_distance = 1036.63

Placement Options:
Effort:                        medium_effort       
Timing Driven:                 true                
Buffering Aware Timing Driven: false               
Seed locs:                     true                
Incremental:                   false               
Congestion:                    true                
Congestion Effort:             medium              
Fix Macros:                    true                
Place Macros:                  false               
Channel Size Macros:           false               


Information: Activity for scenario FUNC_WC was cached, no propagation required. (POW-005)
Warning: a large fraction of the nets have zero toggle rate (98.2089%)
****** eLpp estimated wire length 
0.0339709% of the net wire length are clock nets
0% of the clock net wire length has no activity
Clock net wire length: 1.71457e+07
Total net wire length: 5.04718e+10
****** eLpp weights (with caps) (no lengths)
Number of nets: 116518, of which 116517 non-clock nets
Number of nets with 0 toggle rate: 114431 (98.2089%)
Max toggle rate = 0.2, average toggle rate = 4.54836e-05
Max non-clock toggle rate = 0.0101115
eLpp weight range = (0, 1195.68)
*** 205 nets are filtered out
Start transferring placement data.
****** Net weight manager: report ******
Weights included: eLpp  PostEffort  
Number of nets with non-default weights: 116518
Amt power = 0.1
Non-default weight range: (0.9, 24)
                             Min         Max         Avg       Stdev        Skew
       Toggle Rates            0         0.2 4.54834e-05 0.000843505     120.087
      Power Weights            0         191    0.263296     3.67122     16.1473
      Final Weights          0.9          24    0.926364    0.369087     16.8028
Information: Automatic repeater spreading is enabled.
Information: Automatic timing control is enabled.
checking app option clockgate_objective_weight : none
Information: Clock gate latency aware placement is enabled. (PLACE-085)
Information: The value of option cts.compile.enable_cell_relocation has been overridden to "leaf_only" to support latency-driven placement. (CTS-973)
DTDP placement: scenario=FUNC_WC
Factor(1) = 1
Factor(2) = 0.461125
Factor(BASE) = 1
Information: The net parasitics of block pde_chip_top_safe are cleared. (TIM-123)
skew 226962 name=clk included=1
Completed transferring placement data.
Running placement using 8 thread(s)
Information: Enhanced Auto Density Control is used. (PLACE-098)
Information: Enhanced auto density configuration is 13179.
Information: Automatic density control has selected the following settings: max_density 0.70, congestion_driven_max_util 0.89. (PLACE-027)
Information: HFW control 'on' invoked.
coarse place 50% done.
coarse place 60% done.
coarse place 70% done.
coarse place 80% done.
coarse place 90% done.
coarse place 100% done.
Information: Coarse placer wire length estimate = 4.60585e+06
Information: Coarse placer active wire length estimate = 1163.14
Information: Coarse placer weighted wire length estimate = 5.29372e+06
Information: Extraction observers are detached as design net change threshold is reached.
Information: The value of option cts.compile.enable_cell_relocation has been overridden to "leaf_only" to support latency-driven placement. (CTS-973)
Warning: No clock routing rules were specified. Use set_clock_routing_rules to specify routing rules for accurate clock latency estimation. (OPT-902)
Warning: No clock routing rules were specified. Use set_clock_routing_rules to specify routing rules for accurate clock latency estimation. (OPT-902)
Information: Estimating clock gate latencies for scenario 'FUNC_WC'. (OPT-909)
----------------------------------------------------------------
Fixing logic constant
Fixing logic constant
Information: The stitching and editing of coupling caps is turned OFF for design 'pde_chip_top_safe.dlib:pde_chip_top_safe.design'. (TIM-125)
Information: Design Average RC for design pde_chip_top_safe  (NEX-011)
Information: r = 1.167840 ohm/um, via_r = 1.495507 ohm/cut, c = 0.175197 ff/um, cc = 0.000000 ff/um (X dir) (NEX-017)
Information: r = 1.050617 ohm/um, via_r = 1.718437 ohm/cut, c = 0.188873 ff/um, cc = 0.000000 ff/um (Y dir) (NEX-017)
Information: The RC mode used is VR for design 'pde_chip_top_safe'. (NEX-022)
Information: Update timing completed net estimation for all the timing graph nets (TIM-111)
Information: Net estimation statistics: timing graph nets = 116518, routed nets = 0, across physical hierarchy nets = 0, parasitics cached nets = 116513, delay annotated nets = 0, parasitics annotated nets = 0, multi-voltage nets = 0. (TIM-112)
Information: Initializing classic cellmap without advanced rules enabled and without PDC enabled
Information: The following app options are used in cellmap
        place.legalize.enable_color_aware_placement : false
        place.legalize.use_nll_query_cm : false
        place.legalize.enable_advanced_legalizer : false
        place.legalize.enable_prerouted_net_check : true
        place.legalize.enable_advanced_prerouted_net_check : false
        place.legalize.always_continue : true
        place.legalize.limit_legality_checks : false
        place.common.pnet_aware_density : 1.0000
        place.common.pnet_aware_min_width : 0.0000
        place.common.pnet_aware_layers : {}
        place.common.use_placement_model : false
        place.common.enable_advanced_placement_model : true
        cts.placement.cell_spacing_rule_style : maximum
Total 0.1311 seconds to build cellmap data
INFO: creating 98(r) x 98(c) GridCells YDim 9 XDim 9
INFO: number of GridCells (pde_chip_top_safe): 9604
INFO: creating 98(r) x 98(c) GridCells YDim 9 XDim 9
INFO: number of GridCells (pde_chip_top_safe): 9604
Total 0.7421 seconds to load 113481 cell instances into cellmap, 113481 cells are off site row
Moveable cells: 113481; Application fixed cells: 0; Macro cells: 0; User fixed cells: 0
Average cell width 2.0698, cell height 1.8000, cell area 3.7257 for total 113481 placed and application fixed cells
Warning: Skipping pin u_impl/u_core/g_row_19__g_col_9__u_pe/u_sol/U104/VDD. Reason - Power/Ground pin. (OPT-069)
Warning: Skipping pin u_impl/u_core/g_row_19__g_col_9__u_pe/u_sol/U103/VDD. Reason - Power/Ground pin. (OPT-069)
Warning: Skipping pin u_impl/u_core/g_row_19__g_col_9__u_pe/u_sol/U102/VDD. Reason - Power/Ground pin. (OPT-069)
Warning: Skipping pin u_impl/u_core/g_row_19__g_col_9__u_pe/u_sol/U101/VDD. Reason - Power/Ground pin. (OPT-069)
Warning: Skipping pin u_impl/u_core/g_row_19__g_col_9__u_pe/u_sol/U100/VDD. Reason - Power/Ground pin. (OPT-069)
Warning: Skipping pin u_impl/u_core/g_row_19__g_col_9__u_pe/u_sol/U99/VDD. Reason - Power/Ground pin. (OPT-069)
Warning: Skipping pin u_impl/u_core/g_row_19__g_col_9__u_pe/u_sol/U98/VDD. Reason - Power/Ground pin. (OPT-069)
Warning: Skipping pin u_impl/u_core/g_row_19__g_col_9__u_pe/u_sol/U97/VDD. Reason - Power/Ground pin. (OPT-069)
Warning: Skipping pin u_impl/u_core/g_row_19__g_col_9__u_pe/u_sol/U96/VDD. Reason - Power/Ground pin. (OPT-069)
Warning: Skipping pin u_impl/u_core/g_row_19__g_col_9__u_pe/u_sol/U95/VDD. Reason - Power/Ground pin. (OPT-069)
Note - message 'OPT-069' limit (10) exceeded. Remainder will be suppressed.
INFO: total number of constant pins: 1
INFO: constant pins which are scan-pins: 0
INFO: constant pins that are not scan-pins: 1
Completed Timing-driven placement, Elapsed time =   0: 2: 5 
----------------------------------------------------------------
Running legalize_placement
Start Legalization
nplDplc2Placer::setParam(effort,1)
nplDplc2Placer::setParam(debug,0)
nplDplc2Placer::setParam(site_check,2)
nplDplc2Placer::setParam(app_firm_wgt,0)
Warning: Routing direction of metal layer PO is neither "horizontal" nor "vertical".  PDC checks will not be performed on this layer. (PDC-003)
PDC app_options settings =========
	place.legalize.enable_prerouted_net_check: 1
	place.legalize.num_tracks_for_access_check: 1
	place.legalize.use_eol_spacing_for_access_check: 0
	place.legalize.allow_touch_track_for_access_check: 1
	place.legalize.reduce_conservatism_in_eol_check: 0
	place.legalize.preroute_shape_merge_distance: 0.0
	place.legalize.enable_non_preferred_direction_span_check: 0

Layer M1: cached 0 shapes out of 476 total shapes.
Layer M2: cached 0 shapes out of 0 total shapes.
Cached 0 vias out of 4768 total vias.

Legalizing Top Level Design pde_chip_top_safe ... 
Information: Initializing classic cellmap without advanced rules enabled and without PDC enabled
Information: The following app options are used in cellmap
        place.legalize.enable_color_aware_placement : false
        place.legalize.use_nll_query_cm : false
        place.legalize.enable_advanced_legalizer : false
        place.legalize.enable_prerouted_net_check : true
        place.legalize.enable_advanced_prerouted_net_check : false
        place.legalize.always_continue : true
        place.legalize.limit_legality_checks : false
        place.common.pnet_aware_density : 1.0000
        place.common.pnet_aware_min_width : 0.0000
        place.common.pnet_aware_layers : {}
        place.common.use_placement_model : false
        place.common.enable_advanced_placement_model : true
        cts.placement.cell_spacing_rule_style : maximum
Total 0.1233 seconds to build cellmap data
Information: Creating classic rule checker.
Warning: Routing direction of metal layer PO is neither "horizontal" nor "vertical".  PDC checks will not be performed on this layer. (PDC-003)
=====> Processed 141 ref cells (0 fillers) from library

Bounds/Regions In This Design:
        Area    Num Cells  Exclusive Name
 (square um)
      731025       113481        Yes DEFAULT_VA

Warning: max_legality_failures=5000 ignored.
	To use it, set limit_legality_checks to true.
Warning: max_legality_check_range=500 ignored.
	To use it, set limit_legality_checks to true.
Starting legalizer.
Warning: Exclusive bound 'DEFAULT' has no cells.
Optimizing Exclusive Bound 'DEFAULT_VA' (2/2)
    Done Exclusive Bound 'DEFAULT_VA' (2/2) (3 sec)
Legalization complete (4 total sec)

****************************************
  Report : Placement Attempts
  Site   : core
****************************************

number of cells:                 113481
number of references:               141
number of site rows:                475
number of locations attempted:  2940611
number of locations failed:           0  (0.0%)

Legality of references at locations:
0 references had failures.

Legality of references in rows:
0 references had row failures.

****************************************
  Report : Cell Displacements
****************************************

number of cells aggregated:      113481 (1174426 total sites)
avg row height over cells:        1.800 um
rms cell displacement:            0.558 um ( 0.31 row height)
rms weighted cell displacement:   0.558 um ( 0.31 row height)
max cell displacement:            2.684 um ( 1.49 row height)
avg cell displacement:            0.490 um ( 0.27 row height)
avg weighted cell displacement:   0.490 um ( 0.27 row height)
number of cells moved:           113481
number of large displacements:        0
large displacement threshold:     3.000 row height

Displacements of worst 10 cells:
Cell: u_impl/u_core/g_row_19__g_col_1__u_pe/u_sol/HFSBUF_107_9578 (BUFFD1)
  Input location: (823.234,601.317)
  Legal location: (823.2,604)
  Displacement:   2.684 um ( 1.49 row height)
Cell: u_impl/u_core/g_row_7__g_col_5__u_pe/u_alu/HFSINV_589_17327 (INVD1)
  Input location: (141.56,273.68)
  Legal location: (141.6,271)
  Displacement:   2.680 um ( 1.49 row height)
Cell: u_impl/u_core/g_row_6__g_col_4__u_pe/u_alu/U4 (CKND0)
  Input location: (388.241,104.452)
  Legal location: (388.2,101.8)
  Displacement:   2.652 um ( 1.47 row height)
Cell: u_impl/u_core/g_row_6__g_col_2__u_pe/U47 (INVD0)
  Input location: (310.041,136.953)
  Legal location: (310,139.6)
  Displacement:   2.647 um ( 1.47 row height)
Cell: u_impl/u_core/HFSINV_101111_20303 (CKND2)
  Input location: (818.864,100.956)
  Legal location: (818.8,103.6)
  Displacement:   2.645 um ( 1.47 row height)
Cell: u_impl/u_core/g_row_9__g_col_7__u_pe/u_sol/U63 (CKND0)
  Input location: (11.8918,360.035)
  Legal location: (11.8,357.4)
  Displacement:   2.637 um ( 1.46 row height)
Cell: u_impl/u_core/g_row_18__g_col_8__u_pe/u_sol/HFSINV_140_9465 (INVD1)
  Input location: (833.776,590.415)
  Legal location: (833.8,587.8)
  Displacement:   2.615 um ( 1.45 row height)
Cell: u_impl/u_core/g_row_15__g_col_5__u_pe/u_sol/U84 (CKND0)
  Input location: (130.482,743.608)
  Legal location: (130.4,746.2)
  Displacement:   2.593 um ( 1.44 row height)
Cell: u_impl/u_core/g_row_14__g_col_2__u_pe/u_sol/U74 (CKND0)
  Input location: (536.649,849.588)
  Legal location: (536.6,847)
  Displacement:   2.588 um ( 1.44 row height)
Cell: u_impl/u_core/g_row_12__g_col_2__u_pe/u_sol/HFSBUF_122_7145 (BUFFD1)
  Input location: (551.241,815.388)
  Legal location: (551.2,812.8)
  Displacement:   2.588 um ( 1.44 row height)

Information: Extraction observers are detached as design net change threshold is reached.
Completed Legalization, Elapsed time =   0: 0: 5 
Moved 113481 out of 113481 cells, ratio = 1.000000
Total displacement = 68088.257812(um)
Max displacement = 3.269300(um), u_impl/u_core/g_row_13__g_col_3__u_pe/u_r_black/U6 (644.799316, 705.531372, 6) => (647.000000, 706.599976, 6)
Displacement histogram:
  0 ~  10% cells displacement <=      0.17(um)
  0 ~  20% cells displacement <=      0.28(um)
  0 ~  30% cells displacement <=      0.38(um)
  0 ~  40% cells displacement <=      0.48(um)
  0 ~  50% cells displacement <=      0.58(um)
  0 ~  60% cells displacement <=      0.68(um)
  0 ~  70% cells displacement <=      0.77(um)
  0 ~  80% cells displacement <=      0.87(um)
  0 ~  90% cells displacement <=      1.00(um)
  0 ~ 100% cells displacement <=      3.27(um)
Information: The net parasitics of block pde_chip_top_safe are cleared. (TIM-123)
Legalization succeeded.
----------------------------------------------------------------
Information: The stitching and editing of coupling caps is turned OFF for design 'pde_chip_top_safe.dlib:pde_chip_top_safe.design'. (TIM-125)
Information: Design Average RC for design pde_chip_top_safe  (NEX-011)
Information: r = 1.167840 ohm/um, via_r = 1.495507 ohm/cut, c = 0.175197 ff/um, cc = 0.000000 ff/um (X dir) (NEX-017)
Information: r = 1.050617 ohm/um, via_r = 1.718437 ohm/cut, c = 0.188873 ff/um, cc = 0.000000 ff/um (Y dir) (NEX-017)
Information: The RC mode used is VR for design 'pde_chip_top_safe'. (NEX-022)
Information: Update timing completed net estimation for all the timing graph nets (TIM-111)
Information: Net estimation statistics: timing graph nets = 116518, routed nets = 0, across physical hierarchy nets = 0, parasitics cached nets = 116513, delay annotated nets = 0, parasitics annotated nets = 0, multi-voltage nets = 0. (TIM-112)
Information: Ending   place_opt / final_place / Timing and Congestion Driven Placement with Legalization (FLW-8001)
Information: Time: 2026-08-04 16:22:03 / Session:  00:09:22 / Command:  00:09:01 / CPU:  00:30:25 / Memory: 2411 MB (FLW-8100)


Information: Ending   place_opt / final_place (FLW-8001)
Information: Time: 2026-08-04 16:22:03 / Session:  00:09:22 / Command:  00:09:01 / CPU:  00:30:26 / Memory: 2411 MB (FLW-8100)

----------------------------------------------------------------------------------------------------------
Information: Starting place_opt / final_opto (FLW-8000)
Information: Time: 2026-08-04 16:22:03 / Session:  00:09:22 / Command:  00:09:01 / CPU:  00:30:27 / Memory: 2411 MB (FLW-8100)
----------------------------------------------------------------------------------------------------------

Place-opt optimization Phase 37 Iter  1         0.00        0.00      0.00      1389     422793.38    90297.74      113481              0.16      2411
Information: The value of option cts.compile.enable_cell_relocation has been overridden to "leaf_only" to support latency-driven placement. (CTS-973)
Warning: No clock routing rules were specified. Use set_clock_routing_rules to specify routing rules for accurate clock latency estimation. (OPT-902)
Warning: No clock routing rules were specified. Use set_clock_routing_rules to specify routing rules for accurate clock latency estimation. (OPT-902)
Information: Estimating clock gate latencies for scenario 'FUNC_WC'. (OPT-909)
Warning: No clock routing rules were specified. Use set_clock_routing_rules to specify routing rules for accurate clock latency estimation. (OPT-902)
Information: Estimating clock gate latencies for scenario 'FUNC_BC'. (OPT-909)
Information: The net parasitics of block pde_chip_top_safe are cleared. (TIM-123)
Information: The stitching and editing of coupling caps is turned OFF for design 'pde_chip_top_safe.dlib:pde_chip_top_safe.design'. (TIM-125)
Information: Design Average RC for design pde_chip_top_safe  (NEX-011)
Information: r = 1.167840 ohm/um, via_r = 1.495507 ohm/cut, c = 0.175197 ff/um, cc = 0.000000 ff/um (X dir) (NEX-017)
Information: r = 1.050617 ohm/um, via_r = 1.718437 ohm/cut, c = 0.188873 ff/um, cc = 0.000000 ff/um (Y dir) (NEX-017)
Number of Site types in the design = 1
Setting up Chip Core
Chip Core shape: (100000 100000) (8650000 8650000)
Number of VARs = 1
Number of unique PDs = 1
Number of Power Domains = 1
Number of Voltage Areas = 1
Number of supply Nets = 2
Number of used supplies = 0
Blocked VAs: 
Information: The RC mode used is VR for design 'pde_chip_top_safe'. (NEX-022)
Information: Update timing completed net estimation for all the timing graph nets (TIM-111)
Information: Net estimation statistics: timing graph nets = 116518, routed nets = 0, across physical hierarchy nets = 0, parasitics cached nets = 116513, delay annotated nets = 0, parasitics annotated nets = 0, multi-voltage nets = 0. (TIM-112)
Running final optimization step.

Information: Starting place_opt / final_opto / Optimization (1) (FLW-8000)
Information: Time: 2026-08-04 16:22:07 / Session:  00:09:25 / Command:  00:09:04 / CPU:  00:30:45 / Memory: 2411 MB (FLW-8100)

WARNING: Net clk is a high-fanout net with 23905 sinks; skipping this net during optimization. 
WARNING: Net rst_n is a high-fanout net with 16227 sinks; skipping this net during optimization. 
Information: Initializing classic cellmap without advanced rules enabled and without PDC enabled
Information: The following app options are used in cellmap
        place.legalize.enable_color_aware_placement : false
        place.legalize.use_nll_query_cm : false
        place.legalize.enable_advanced_legalizer : false
        place.legalize.enable_prerouted_net_check : true
        place.legalize.enable_advanced_prerouted_net_check : false
        place.legalize.always_continue : true
        place.legalize.limit_legality_checks : false
        place.common.pnet_aware_density : 1.0000
        place.common.pnet_aware_min_width : 0.0000
        place.common.pnet_aware_layers : {}
        place.common.use_placement_model : false
        place.common.enable_advanced_placement_model : true
        cts.placement.cell_spacing_rule_style : maximum
Total 0.1228 seconds to build cellmap data
INFO: creating 163(r) x 163(c) GridCells YDim 5.4 XDim 5.4
INFO: number of GridCells (pde_chip_top_safe): 26569
INFO: creating 163(r) x 163(c) GridCells YDim 5.4 XDim 5.4
INFO: number of GridCells (pde_chip_top_safe): 26569
Total 0.7329 seconds to load 113481 cell instances into cellmap
Moveable cells: 113481; Application fixed cells: 0; Macro cells: 0; User fixed cells: 0
Average cell width 2.0698, cell height 1.8000, cell area 3.7257 for total 113481 placed and application fixed cells

Information: Initializing classic cellmap without advanced rules enabled and without PDC enabled
Information: The following app options are used in cellmap
        place.legalize.enable_color_aware_placement : false
        place.legalize.use_nll_query_cm : false
        place.legalize.enable_advanced_legalizer : false
        place.legalize.enable_prerouted_net_check : true
        place.legalize.enable_advanced_prerouted_net_check : false
        place.legalize.always_continue : true
        place.legalize.limit_legality_checks : false
        place.common.pnet_aware_density : 1.0000
        place.common.pnet_aware_min_width : 0.0000
        place.common.pnet_aware_layers : {}
        place.common.use_placement_model : false
        place.common.enable_advanced_placement_model : true
        cts.placement.cell_spacing_rule_style : maximum
Total 0.1226 seconds to build cellmap data
INFO: creating 163(r) x 163(c) GridCells YDim 5.4 XDim 5.4
INFO: number of GridCells (pde_chip_top_safe): 26569
INFO: creating 163(r) x 163(c) GridCells YDim 5.4 XDim 5.4
INFO: number of GridCells (pde_chip_top_safe): 26569
Total 0.7407 seconds to load 113481 cell instances into cellmap
Moveable cells: 113481; Application fixed cells: 0; Macro cells: 0; User fixed cells: 0
Average cell width 2.0698, cell height 1.8000, cell area 3.7257 for total 113481 placed and application fixed cells
Place-opt optimization Phase 40 Iter  1         0.00        0.00      0.00      6173     422793.38    90297.74      113481              0.16      2411
Isolated 0 ports, skipped 0 ports
Already Isolated 0 ports, Deleted 0 existing Isolation cells 

Place-opt optimization Phase 41 Iter  1         0.00        0.00      0.00      6173     422793.38    90297.74      113481              0.16      2411
Corner Scaling is off, multiplier is 1.000000
Information: timingScenario FUNC_WC timingCorner WC.  Using corner WC for worst leakage corner. (OPT-078)
Information: Using default layer M4 (OPT-079)
Information: Nominal = 0.0716771  Design MT = 0.500000  Target = 0.3723819  MaxRC = 0.216269 Fast Target = 0.123376 (OPT-081)
Collecting Drivers ...  
Design max_transition = 0.500
Design max_capacitance = inf
Using layer M4 for buffering distances
GRE layer bins: None, M2
Found 1 buffer-tree drivers

Roi-HfsDrc SN: 1798569713 435980330 0 67108865 (1126.273926)

Processing Buffer Trees  (ROI) ... 

    [1]  10% ...
    [1] 100% Done

                  Deleted        Added
------------ ------------ ------------
    Buffers:            0            0
  Inverters:            0            0
------------ ------------ ------------
      Total:            0            0
------------ ------------ ------------

Number of Drivers Sized: 0 [0.00%]

                      P: 0 [0.00%]
                      N: 0 [0.00%]

Zbuf-RUNTIME (Hr:Min:Sec)  CPU 0 hr : 0 min : 0.19 sec ELAPSE 0 hr : 0 min : 0.19 sec
Zbuf-RUNTIME         (Min) CPU 0 min ELAPSE 0 min
ZBuf-MEM(max-mem) total 2468920 K / inuse 1740792 K
Corner Scaling is off, multiplier is 1.000000
Information: Using default layer M4 (OPT-079)
bmap: stepx = stepy = 175000
creating bmap
DB units per micron : 10000
INFO: New Levelizer turned on
Place-opt optimization Phase 41 Iter  2         0.00        0.00      0.00      6173     422793.38    90297.74      113481              0.16      2411
Place-opt optimization Phase 41 Iter  3         0.00        0.00      0.00         0     428805.38    93320.08      113481              0.17      2411
Place-opt optimization Phase 41 Iter  4         0.00        0.00      0.00         0     428805.38    93320.08      113481              0.17      2411
Place-opt optimization Phase 41 Iter  5         0.00        0.00      0.00         0     428807.16    93321.43      113481              0.17      2411

Convert timing mode ...
Place-opt optimization Phase 42 Iter  1         0.00        0.00      0.00         0     428807.16    93321.43      116590              0.17      2411
Place-opt optimization Phase 42 Iter  2         0.00        0.00      0.00         0     428807.16    93321.43      116590              0.17      2411
Place-opt optimization Phase 42 Iter  3         0.00        0.00      0.00         0     428807.16    93321.43      116590              0.17      2411
Place-opt optimization Phase 42 Iter  4         0.00        0.00      0.00         0     428807.16    93321.43      116590              0.17      2411
Number of Site types in the design = 1
INFO: Skipping activation of hold scenarios prior to CUS.
Information: The value of option cts.compile.enable_cell_relocation has been overridden to "leaf_only" to support latency-driven placement. (CTS-973)
Information: CTS will work on the following scenarios. (CTS-101)
Information: CTS will work on all clocks in active scenarios, including 1 master clocks and 0 generated clocks. (CTS-107)
Information: 'WC' is identified as primary corner for initial clock tree building. (CTS-103)
CCD app option: ccd.targeted_ccd_path_groups:  **clock_gating_default**
Target path group: scenario FUNC_BC pathgroup **clock_gating_default**
Target path group: scenario FUNC_WC pathgroup **clock_gating_default**
Information: CCD will use corner WC for honoring max prepone/postpone limits

Summary of messages during CTS:
===============================================================
  Tag   Count  Type           Description
---------------------------------------------------------------
 No error or warning message.
Information: The value of option cts.compile.enable_cell_relocation has been overridden to "leaf_only" to support latency-driven placement. (CTS-973)
Warning: No clock routing rules were specified. Use set_clock_routing_rules to specify routing rules for accurate clock latency estimation. (OPT-902)
Warning: No clock routing rules were specified. Use set_clock_routing_rules to specify routing rules for accurate clock latency estimation. (OPT-902)
Information: Estimating clock gate latencies for scenario 'FUNC_WC'. (OPT-909)
Warning: No clock routing rules were specified. Use set_clock_routing_rules to specify routing rules for accurate clock latency estimation. (OPT-902)
Information: Estimating clock gate latencies for scenario 'FUNC_BC'. (OPT-909)
INFO: Skipping deactivation of hold scenarios after CUS.
Number of Site types in the design = 1
Place-opt optimization Phase 42 Iter  5         0.00        0.00      0.00         0     428807.16    93321.43      116590              0.17      2411
Place-opt optimization Phase 42 Iter  6         0.00        0.00      0.00         0     428807.16    93321.43      116590              0.17      2411
Place-opt optimization Phase 42 Iter  7         0.00        0.00      0.00         0     428807.16    93321.43      116590              0.17      2411
Place-opt optimization Phase 42 Iter  8         0.00        0.00      0.00         0     428807.16    93321.43      116590              0.17      2411
Corner Scaling is off, multiplier is 1.000000
Information: Using default layer M4 (OPT-079)
bmap: stepx = stepy = 175000
creating bmap
DB units per micron : 10000
Place-opt optimization Phase 42 Iter  9         0.00        0.00      0.00         0     428807.16    93321.43      116590              0.17      2411
Place-opt optimization Phase 42 Iter 10         0.00        0.00      0.00         0     428807.16    93321.43      116590              0.17      2411
Number of Site types in the design = 1
INFO: Skipping activation of hold scenarios prior to CUS.
Information: The value of option cts.compile.enable_cell_relocation has been overridden to "leaf_only" to support latency-driven placement. (CTS-973)
Information: CTS will work on the following scenarios. (CTS-101)
Information: CTS will work on all clocks in active scenarios, including 1 master clocks and 0 generated clocks. (CTS-107)
Information: 'WC' is identified as primary corner for initial clock tree building. (CTS-103)
CCD app option: ccd.targeted_ccd_path_groups:  **clock_gating_default**
Target path group: scenario FUNC_BC pathgroup **clock_gating_default**
Target path group: scenario FUNC_WC pathgroup **clock_gating_default**
Information: CCD will use corner WC for honoring max prepone/postpone limits

Summary of messages during CTS:
===============================================================
  Tag   Count  Type           Description
---------------------------------------------------------------
 No error or warning message.
Information: The value of option cts.compile.enable_cell_relocation has been overridden to "leaf_only" to support latency-driven placement. (CTS-973)
Warning: No clock routing rules were specified. Use set_clock_routing_rules to specify routing rules for accurate clock latency estimation. (OPT-902)
Warning: No clock routing rules were specified. Use set_clock_routing_rules to specify routing rules for accurate clock latency estimation. (OPT-902)
Information: Estimating clock gate latencies for scenario 'FUNC_WC'. (OPT-909)
Warning: No clock routing rules were specified. Use set_clock_routing_rules to specify routing rules for accurate clock latency estimation. (OPT-902)
Information: Estimating clock gate latencies for scenario 'FUNC_BC'. (OPT-909)
INFO: Skipping deactivation of hold scenarios after CUS.
Number of Site types in the design = 1
Place-opt optimization Phase 42 Iter 11         0.00        0.00      0.00         0     428807.16    93321.43      116590              0.17      2411
Place-opt optimization Phase 42 Iter 12         0.00        0.00      0.00         0     428807.16    93321.43      116590              0.17      2411
Place-opt optimization Phase 42 Iter 13         0.00        0.00      0.00         0     428807.16    93321.43      116590              0.17      2411
Place-opt optimization summary            SETUP-COST    R2R-COST HOLD-COST LDRC-COST          AREA     LEAKAGE     INSTCNT            ELAPSE       MEM
Place-opt optimization Phase 42 Iter 14         0.00        0.00      0.00         0     428807.16    93321.43      116590              0.17      2411
Place-opt optimization Phase 42 Iter 15         0.00        0.00      0.00         0     428807.16    93321.43      116590              0.17      2411
Place-opt optimization Phase 42 Iter 16         0.00        0.00      0.00         0     428807.16    93321.43      116590              0.17      2411
Place-opt optimization Phase 42 Iter 17         0.00        0.00      0.00         0     428807.16    93321.43      116590              0.17      2411

Place-opt optimization Phase 43 Iter  1         0.00        0.00      0.00         0     428807.16    93321.43      116590              0.17      2411

Convert timing mode ...
Place-opt optimization Phase 44 Iter  1         0.00        0.00      0.00         0     428406.47    92676.91      116590              0.17      2411
Corner Scaling is off, multiplier is 1.000000
Information: Using default layer M4 (OPT-079)
bmap: stepx = stepy = 175000
creating bmap
DB units per micron : 10000
Place-opt optimization Phase 44 Iter  2         0.00        0.00      0.00         0     428406.47    92676.91      116590              0.17      2411
Place-opt optimization Phase 44 Iter  3         0.00        0.00      0.00         0     428406.47    92676.91      116590              0.17      2411
Place-opt optimization Phase 44 Iter  4         0.00        0.00      0.00         0     428406.47    92676.91      116590              0.17      2411

Disable clock slack update for ideal clocks
Place-opt optimization Phase 45 Iter  1         0.00        0.00      0.00         0     428406.47    92676.91      116590              0.17      2411
INFO: cellmap features:  adv-rules=(N), pdc=(N), clock-rules=(Y)

Place-opt optimization Phase 46 Iter  1         0.00        0.00      0.00         0     428406.47    92676.91      116590              0.17      2411
Convert timing mode ...
INFO: New Levelizer turned on

Place-opt optimization Phase 47 Iter  1         0.00        0.00      0.00         0     428406.47    92676.91      116590              0.17      2411

Disable clock slack update for ideal clocks
Information: Activity propagation will be performed for scenario FUNC_WC.
Information: Doing activity propagation for mode 'FUNC' and corner 'WC' with effort level 'medium'. (POW-024)
Information: Timer-derived activity data is cached on scenario FUNC_WC (POW-052)
Information: Running switching activity propagation with 8 threads!

 **** Information : No. of simulation cycles = 6 ****
Place-opt optimization Phase 48 Iter  1         0.00        0.00      0.00         0     421180.91    90521.94      111714              0.18      2411
INFO: cellmap features:  adv-rules=(N), pdc=(N), clock-rules=(Y)

Place-opt optimization Phase 49 Iter  1         0.00        0.00      0.00         0     420635.53    89823.72      111714              0.18      2411
INFO: New Levelizer turned on
[ISR-TRACE] Potential Bucket: Pass 1  Index 0  #Total-cands   4310 ( 4.91%) SumPotEst 0.02098354 (78.30%) 
[ISR-TRACE] Potential Bucket: Pass 1  Index 1  #Total-cands   4690 ( 5.34%) SumPotEst 0.00304685 (11.37%) 
[ISR-TRACE] Potential Bucket: Pass 1  Index 2  #Total-cands  78807 (89.75%) SumPotEst 0.00276690 (10.32%) 
[ISR-TRACE] Pass 1  Bucket 1  #Batches   79  #Initial-Cands   4310  #PostFilter-Cands   4310  #Comitted  944 (21.90%)
[ISR-TRACE] Pass 1  Bucket 2  #Batches   69  #Initial-Cands   4690  #PostFilter-Cands   4690  #Comitted 1553 (33.11%)
[ISR-TRACE] Pass 1  Bucket 3  #Batches  117  #Initial-Cands  78807  #PostFilter-Cands  48019  #Comitted 3383 ( 7.05%)  #isDownsizable-filter 21892  #lowRoi-filter  8896
[ISR-TRACE] Pass 1    Filter stats     #static   #dynamic
[ISR-TRACE]            bufrem-filter       0 |      0 
[ISR-TRACE]          holdviol-filter       0 |      0 
[ISR-TRACE]     isDownsizable-filter       0 |  21892 
[ISR-TRACE]            lowRoi-filter       0 |   8896 
[ISR-TRACE]         ok-driver-filter   47812 |      0 
[ISR-TRACE]             slack-filter       0 |      0 


Place-opt optimization Phase 50 Iter  1         0.00        0.00      0.00         0     419324.03    86867.33      111714              0.19      2411
INFO: total number of constant pins: 0
INFO: constant pins which are scan-pins: 0
INFO: constant pins that are not scan-pins: 0

Place-opt optimization Phase 51 Iter  1         0.00        0.00      0.00         0     419324.03    86867.33      111714              0.19      2411

Place-opt optimization Phase 52 Iter  1         0.00        0.00      0.00         0     419324.03    86867.33      111714              0.19      2411

Information: Ending   place_opt / final_opto / Optimization (1) (FLW-8001)
Information: Time: 2026-08-04 16:23:56 / Session:  00:11:15 / Command:  00:10:54 / CPU:  00:41:25 / Memory: 2411 MB (FLW-8100)

Information: Starting place_opt / final_opto / Legalization (1) (FLW-8000)
Information: Time: 2026-08-04 16:23:57 / Session:  00:11:15 / Command:  00:10:54 / CPU:  00:41:26 / Memory: 2411 MB (FLW-8100)

START_FUNC : legalize_placement_pre_run_core CPU :   2504 s ( 0.70 hr) ELAPSE :    675 s ( 0.19 hr) MEM-PEAK :  2411 Mb
END_FUNC : legalize_placement_pre_run_core CPU :   2504 s ( 0.70 hr) ELAPSE :    675 s ( 0.19 hr) MEM-PEAK :  2411 Mb
START_FUNC: legalize_placement_run_core CPU:   2538 s ( 0.70 hr) ELAPSE:    676 s ( 0.19 hr) MEM-PEAK:  2411 Mb Tue Aug  4 16:23:57 2026
Place-opt optimization Phase 55 Iter  1         0.00        0.00      0.00         0     419324.03    86867.33      111714              0.19      2411
nplDplc2Placer::setParam(effort,1)
nplDplc2Placer::setParam(debug,0)
nplDplc2Placer::setParam(site_check,2)
nplDplc2Placer::setParam(app_firm_wgt,0)
Warning: Routing direction of metal layer PO is neither "horizontal" nor "vertical".  PDC checks will not be performed on this layer. (PDC-003)
PDC app_options settings =========
	place.legalize.enable_prerouted_net_check: 1
	place.legalize.num_tracks_for_access_check: 1
	place.legalize.use_eol_spacing_for_access_check: 0
	place.legalize.allow_touch_track_for_access_check: 1
	place.legalize.reduce_conservatism_in_eol_check: 0
	place.legalize.preroute_shape_merge_distance: 0.0
	place.legalize.enable_non_preferred_direction_span_check: 0

Layer M1: cached 0 shapes out of 476 total shapes.
Layer M2: cached 0 shapes out of 0 total shapes.
Cached 0 vias out of 4768 total vias.

Legalizing Top Level Design pde_chip_top_safe ... 
Information: Initializing classic cellmap without advanced rules enabled and without PDC enabled
Information: The following app options are used in cellmap
        place.legalize.enable_color_aware_placement : false
        place.legalize.use_nll_query_cm : false
        place.legalize.enable_advanced_legalizer : false
        place.legalize.enable_prerouted_net_check : true
        place.legalize.enable_advanced_prerouted_net_check : false
        place.legalize.always_continue : true
        place.legalize.limit_legality_checks : false
        place.common.pnet_aware_density : 1.0000
        place.common.pnet_aware_min_width : 0.0000
        place.common.pnet_aware_layers : {}
        place.common.use_placement_model : false
        place.common.enable_advanced_placement_model : true
        cts.placement.cell_spacing_rule_style : maximum
Total 0.1244 seconds to build cellmap data
Information: Creating classic rule checker.
Warning: Routing direction of metal layer PO is neither "horizontal" nor "vertical".  PDC checks will not be performed on this layer. (PDC-003)
=====> Processed 164 ref cells (0 fillers) from library

Bounds/Regions In This Design:
        Area    Num Cells  Exclusive Name
 (square um)
      731025       111714        Yes DEFAULT_VA

Starting legalizer.
Warning: Exclusive bound 'DEFAULT' has no cells.
Optimizing Exclusive Bound 'DEFAULT_VA' (2/2)
    Done Exclusive Bound 'DEFAULT_VA' (2/2) (2 sec)
Legalization complete (4 total sec)

****************************************
  Report : Placement Attempts
  Site   : core
****************************************

number of cells:                 111714
number of references:               164
number of site rows:                475
number of locations attempted:  2585226
number of locations failed:           0  (0.0%)

Legality of references at locations:
0 references had failures.

Legality of references in rows:
0 references had row failures.

****************************************
  Report : Cell Displacements
****************************************

number of cells aggregated:      111714 (1164789 total sites)
avg row height over cells:        1.800 um
rms cell displacement:            0.089 um ( 0.05 row height)
rms weighted cell displacement:   0.089 um ( 0.05 row height)
max cell displacement:            2.280 um ( 1.27 row height)
avg cell displacement:            0.013 um ( 0.01 row height)
avg weighted cell displacement:   0.013 um ( 0.01 row height)
number of cells moved:             5425
number of large displacements:        0
large displacement threshold:     3.000 row height

Displacements of worst 10 cells:
Cell: u_impl/u_core/g_row_5__g_col_3__u_pe/ZBUF_68_inst_25604 (CKBD0)
  Input location: (289,164.8)
  Legal location: (287.6,163)
  Displacement:   2.280 um ( 1.27 row height)
Cell: u_impl/u_core/g_row_4__g_col_3__u_pe/ZBUF_24_inst_25603 (CKBD0)
  Input location: (646.4,139.6)
  Legal location: (645.4,141.4)
  Displacement:   2.059 um ( 1.14 row height)
Cell: u_impl/u_core/g_row_7__g_col_2__u_pe/ZBUF_45_inst_25196 (CKBD0)
  Input location: (258,172)
  Legal location: (259,173.8)
  Displacement:   2.059 um ( 1.14 row height)
Cell: u_impl/u_core/HFSINV_54853_20009 (CKND1)
  Input location: (689.6,164.8)
  Legal location: (690.4,163)
  Displacement:   1.970 um ( 1.09 row height)
Cell: u_impl/u_core/g_row_1__g_col_9__u_pe/U55 (CKND2D0)
  Input location: (705.4,199)
  Legal location: (706.2,197.2)
  Displacement:   1.970 um ( 1.09 row height)
Cell: u_impl/u_core/g_row_17__g_col_6__u_pe/ZBUF_60_inst_25201 (CKBD0)
  Input location: (313.2,699.4)
  Legal location: (312.6,697.6)
  Displacement:   1.897 um ( 1.05 row height)
Cell: u_impl/u_core/g_row_4__g_col_2__u_pe/ZBUF_17_inst_24810 (CKBD0)
  Input location: (680.4,137.8)
  Legal location: (679.8,136)
  Displacement:   1.897 um ( 1.05 row height)
Cell: u_impl/u_core/g_row_4__g_col_0__u_pe/ZBUF_2_inst_25223 (CKBD0)
  Input location: (673.2,116.2)
  Legal location: (672.6,114.4)
  Displacement:   1.897 um ( 1.05 row height)
Cell: u_impl/u_core/g_row_5__g_col_0__u_pe/ZBUF_24_inst_24801 (CKBD0)
  Input location: (576.8,170.2)
  Legal location: (577.4,168.4)
  Displacement:   1.897 um ( 1.05 row height)
Cell: u_impl/u_core/g_row_7__g_col_0__u_pe/ZBUF_17_inst_24840 (CKBD0)
  Input location: (427.6,148.6)
  Legal location: (427,146.8)
  Displacement:   1.897 um ( 1.05 row height)

Information: The net parasitics of block pde_chip_top_safe are cleared. (TIM-123)
Information: The stitching and editing of coupling caps is turned OFF for design 'pde_chip_top_safe.dlib:pde_chip_top_safe.design'. (TIM-125)
Information: Design Average RC for design pde_chip_top_safe  (NEX-011)
Information: r = 1.166645 ohm/um, via_r = 1.495522 ohm/cut, c = 0.174969 ff/um, cc = 0.000000 ff/um (X dir) (NEX-017)
Information: r = 1.050617 ohm/um, via_r = 1.718437 ohm/cut, c = 0.188769 ff/um, cc = 0.000000 ff/um (Y dir) (NEX-017)
Information: The RC mode used is VR for design 'pde_chip_top_safe'. (NEX-022)
Information: Update timing completed net estimation for all the timing graph nets (TIM-111)
Information: Net estimation statistics: timing graph nets = 114751, routed nets = 0, across physical hierarchy nets = 0, parasitics cached nets = 114746, delay annotated nets = 0, parasitics annotated nets = 0, multi-voltage nets = 0. (TIM-112)
END_FUNC: legalize_placement_run_core CPU:   2560 s ( 0.71 hr) ELAPSE:    683 s ( 0.19 hr) MEM-PEAK:  2411 Mb Tue Aug  4 16:24:04 2026

Information: Ending   place_opt / final_opto / Legalization (1) (FLW-8001)
Information: Time: 2026-08-04 16:24:04 / Session:  00:11:23 / Command:  00:11:02 / CPU:  00:41:49 / Memory: 2411 MB (FLW-8100)

Information: Starting place_opt / final_opto / Optimization (2) (FLW-8000)
Information: Time: 2026-08-04 16:24:05 / Session:  00:11:23 / Command:  00:11:02 / CPU:  00:41:50 / Memory: 2411 MB (FLW-8100)
INFO: Enabled CLO at stage after_LGL1.

INFO: place.legalize.enable_advanced_legalizer not set - need to revert CLO
INFO: First Place-opt did not mark run with CLO enabled/disabled property
INFO: Concurrent Legalization and Optimization (CLO) Reverted

Information: Initializing classic cellmap without advanced rules enabled and without PDC enabled
Information: The following app options are used in cellmap
        place.legalize.enable_color_aware_placement : false
        place.legalize.use_nll_query_cm : false
        place.legalize.enable_advanced_legalizer : false
        place.legalize.enable_prerouted_net_check : true
        place.legalize.enable_advanced_prerouted_net_check : false
        place.legalize.always_continue : true
        place.legalize.limit_legality_checks : false
        place.common.pnet_aware_density : 1.0000
        place.common.pnet_aware_min_width : 0.0000
        place.common.pnet_aware_layers : {}
        place.common.use_placement_model : false
        place.common.enable_advanced_placement_model : true
        cts.placement.cell_spacing_rule_style : maximum
Total 0.1235 seconds to build cellmap data
INFO: creating 163(r) x 163(c) GridCells YDim 5.4 XDim 5.4
INFO: number of GridCells (pde_chip_top_safe): 26569
INFO: creating 163(r) x 163(c) GridCells YDim 5.4 XDim 5.4
INFO: number of GridCells (pde_chip_top_safe): 26569
Total 0.7735 seconds to load 111714 cell instances into cellmap
Moveable cells: 111714; Application fixed cells: 0; Macro cells: 0; User fixed cells: 0
Average cell width 2.0853, cell height 1.8000, cell area 3.7535 for total 111714 placed and application fixed cells
Place-opt optimization Phase 59 Iter  1         0.00        0.00      0.00       308     419324.03    86867.33      111714              0.19      2411
Convert timing mode ...
INFO: New Levelizer turned on

Place-opt optimization Phase 60 Iter  1         0.00        0.00      0.00       308     419324.03    86867.33      111714              0.19      2411
INFO: New Levelizer turned on
Place-opt optimization Phase 60 Iter  2         0.00        0.00      0.00       308     419324.03    86867.33      111714              0.19      2411
Place-opt optimization Phase 60 Iter  3         0.00        0.00      0.00       155     419249.16    86904.30      111714              0.19      2411
Place-opt optimization Phase 60 Iter  4         0.00        0.00      0.00       155     419249.16    86904.30      111714              0.19      2411
Place-opt optimization Phase 60 Iter  5         0.00        0.00      0.00       149     419252.75    86908.93      111714              0.19      2411

Convert timing mode ...
Place-opt optimization Phase 61 Iter  1         0.00        0.00      0.00       148     419252.75    86908.93      111714              0.19      2411
Place-opt optimization Phase 61 Iter  2         0.00        0.00      0.00       148     419252.75    86908.93      111714              0.19      2411
Place-opt optimization Phase 61 Iter  3         0.00        0.00      0.00       148     419252.75    86908.93      111714              0.19      2411
Place-opt optimization Phase 61 Iter  4         0.00        0.00      0.00       148     419252.75    86908.93      111714              0.19      2411
Place-opt optimization Phase 61 Iter  5         0.00        0.00      0.00       148     419252.75    86908.93      111714              0.19      2411
Place-opt optimization summary            SETUP-COST    R2R-COST HOLD-COST LDRC-COST          AREA     LEAKAGE     INSTCNT            ELAPSE       MEM
Place-opt optimization Phase 61 Iter  6         0.00        0.00      0.00       148     419252.75    86908.93      111714              0.19      2411
Corner Scaling is off, multiplier is 1.000000
Information: Using default layer M4 (OPT-079)
bmap: stepx = stepy = 175000
creating bmap
DB units per micron : 10000
Place-opt optimization Phase 61 Iter  7         0.00        0.00      0.00       148     419252.75    86908.93      111714              0.19      2411
Place-opt optimization Phase 61 Iter  8         0.00        0.00      0.00       148     419252.75    86908.93      111714              0.19      2411

Place-opt optimization Phase 62 Iter  1         0.00        0.00      0.00       148     419252.75    86908.93      111714              0.19      2411

Place-opt optimization Phase 63 Iter  1         0.00        0.00      0.00       148     418933.09    86863.47      111495              0.20      2411
Corner Scaling is off, multiplier is 1.000000
Information: timingScenario FUNC_WC timingCorner WC.  Using corner WC for worst leakage corner. (OPT-078)
Information: Using default layer M4 (OPT-079)
Information: Nominal = 0.0716771  Design MT = 0.500000  Target = 0.3723819  MaxRC = 0.216269 Fast Target = 0.123376 (OPT-081)
Collecting Drivers ...  
Design max_transition = 0.500
Design max_capacitance = inf
Using layer M4 for buffering distances
GRE layer bins: None, M2
Found 1 buffer-tree drivers

Roi-HfsDrc SN: 1798569713 435980330 0 67108865 (1126.273926)

Processing Buffer Trees  (ROI) ... 

    [1]  10% ...
    [1] 100% Done

                  Deleted        Added
------------ ------------ ------------
    Buffers:            0            0
  Inverters:            0            0
------------ ------------ ------------
      Total:            0            0
------------ ------------ ------------

Number of Drivers Sized: 0 [0.00%]

                      P: 0 [0.00%]
                      N: 0 [0.00%]

Zbuf-RUNTIME (Hr:Min:Sec)  CPU 0 hr : 0 min : 0.17 sec ELAPSE 0 hr : 0 min : 0.17 sec
Zbuf-RUNTIME         (Min) CPU 0 min ELAPSE 0 min
ZBuf-MEM(max-mem) total 2468920 K / inuse 1797888 K
Corner Scaling is off, multiplier is 1.000000
Information: Using default layer M4 (OPT-079)
bmap: stepx = stepy = 175000
creating bmap
DB units per micron : 10000
INFO: New Levelizer turned on
Place-opt optimization Phase 63 Iter  2         0.00        0.00      0.00       148     418933.09    86863.47      111495              0.20      2411
Place-opt optimization Phase 63 Iter  3         0.00        0.00      0.00         0     419504.75    87109.13      111495              0.20      2411
Place-opt optimization Phase 63 Iter  4         0.00        0.00      0.00         0     419504.75    87109.13      111495              0.20      2411

Information: Ending   place_opt / final_opto / Optimization (2) (FLW-8001)
Information: Time: 2026-08-04 16:24:28 / Session:  00:11:47 / Command:  00:11:25 / CPU:  00:44:20 / Memory: 2411 MB (FLW-8100)

Information: Starting place_opt / final_opto / Legalization (2) (FLW-8000)
Information: Time: 2026-08-04 16:24:28 / Session:  00:11:47 / Command:  00:11:26 / CPU:  00:44:20 / Memory: 2411 MB (FLW-8100)

START_FUNC : legalize_placement_pre_run_core CPU :   2679 s ( 0.74 hr) ELAPSE :    707 s ( 0.20 hr) MEM-PEAK :  2411 Mb
END_FUNC : legalize_placement_pre_run_core CPU :   2679 s ( 0.74 hr) ELAPSE :    707 s ( 0.20 hr) MEM-PEAK :  2411 Mb
START_FUNC: legalize_placement_run_core CPU:   2715 s ( 0.75 hr) ELAPSE:    707 s ( 0.20 hr) MEM-PEAK:  2411 Mb Tue Aug  4 16:24:28 2026
Place-opt optimization Phase 66 Iter  1         0.00        0.00      0.00         0     419504.75    87109.13      111823              0.20      2411
nplDplc2Placer::setParam(effort,1)
nplDplc2Placer::setParam(debug,0)
nplDplc2Placer::setParam(site_check,2)
nplDplc2Placer::setParam(app_firm_wgt,0)
Warning: Routing direction of metal layer PO is neither "horizontal" nor "vertical".  PDC checks will not be performed on this layer. (PDC-003)
PDC app_options settings =========
	place.legalize.enable_prerouted_net_check: 1
	place.legalize.num_tracks_for_access_check: 1
	place.legalize.use_eol_spacing_for_access_check: 0
	place.legalize.allow_touch_track_for_access_check: 1
	place.legalize.reduce_conservatism_in_eol_check: 0
	place.legalize.preroute_shape_merge_distance: 0.0
	place.legalize.enable_non_preferred_direction_span_check: 0

Layer M1: cached 0 shapes out of 476 total shapes.
Layer M2: cached 0 shapes out of 0 total shapes.
Cached 0 vias out of 4768 total vias.

Legalizing Top Level Design pde_chip_top_safe ... 
Information: Initializing classic cellmap without advanced rules enabled and without PDC enabled
Information: The following app options are used in cellmap
        place.legalize.enable_color_aware_placement : false
        place.legalize.use_nll_query_cm : false
        place.legalize.enable_advanced_legalizer : false
        place.legalize.enable_prerouted_net_check : true
        place.legalize.enable_advanced_prerouted_net_check : false
        place.legalize.always_continue : true
        place.legalize.limit_legality_checks : false
        place.common.pnet_aware_density : 1.0000
        place.common.pnet_aware_min_width : 0.0000
        place.common.pnet_aware_layers : {}
        place.common.use_placement_model : false
        place.common.enable_advanced_placement_model : true
        cts.placement.cell_spacing_rule_style : maximum
Total 0.1121 seconds to build cellmap data
Information: Creating classic rule checker.
Warning: Routing direction of metal layer PO is neither "horizontal" nor "vertical".  PDC checks will not be performed on this layer. (PDC-003)
=====> Processed 164 ref cells (0 fillers) from library

Bounds/Regions In This Design:
        Area    Num Cells  Exclusive Name
 (square um)
      731025       111823        Yes DEFAULT_VA

Starting legalizer.
Warning: Exclusive bound 'DEFAULT' has no cells.
Optimizing Exclusive Bound 'DEFAULT_VA' (2/2)
    Done Exclusive Bound 'DEFAULT_VA' (2/2) (2 sec)
Legalization complete (3 total sec)

****************************************
  Report : Placement Attempts
  Site   : core
****************************************

number of cells:                 111823
number of references:               164
number of site rows:                475
number of locations attempted:  2564154
number of locations failed:           0  (0.0%)

Legality of references at locations:
0 references had failures.

Legality of references in rows:
0 references had row failures.

****************************************
  Report : Cell Displacements
****************************************

number of cells aggregated:      111823 (1165291 total sites)
avg row height over cells:        1.800 um
rms cell displacement:            0.037 um ( 0.02 row height)
rms weighted cell displacement:   0.037 um ( 0.02 row height)
max cell displacement:            1.897 um ( 1.05 row height)
avg cell displacement:            0.002 um ( 0.00 row height)
avg weighted cell displacement:   0.002 um ( 0.00 row height)
number of cells moved:              684
number of large displacements:        0
large displacement threshold:     3.000 row height

Displacements of worst 10 cells:
Cell: u_impl/ZBUF_66_inst_26554 (CKBD2)
  Input location: (307.4,272.8)
  Legal location: (306.8,271)
  Displacement:   1.897 um ( 1.05 row height)
Cell: u_impl/u_core/g_row_1__g_col_0__u_pe/u_r_red/ZBUF_9_inst_26511 (CKBD0)
  Input location: (644.8,299.8)
  Legal location: (644.4,301.6)
  Displacement:   1.844 um ( 1.02 row height)
Cell: u_impl/u_core/g_row_19__g_col_7__u_pe/u_r_red/ZBUF_47_inst_26302 (BUFFD1)
  Input location: (678.6,368.2)
  Legal location: (679,370)
  Displacement:   1.844 um ( 1.02 row height)
Cell: u_impl/ZBUF_54_inst_26594 (CKBD2)
  Input location: (341.4,332.2)
  Legal location: (341.2,330.4)
  Displacement:   1.811 um ( 1.01 row height)
Cell: u_impl/ZBUF_45_inst_26525 (CKBD0)
  Input location: (313.4,262)
  Legal location: (313.6,260.2)
  Displacement:   1.811 um ( 1.01 row height)
Cell: u_impl/ZBUF_45_inst_26497 (CKBD0)
  Input location: (382.6,370)
  Legal location: (382.6,371.8)
  Displacement:   1.800 um ( 1.00 row height)
Cell: u_impl/u_core/g_row_19__g_col_9__u_pe/u_r_black/ZBUF_45_inst_26339 (BUFFD1)
  Input location: (662,512.2)
  Legal location: (662,510.4)
  Displacement:   1.800 um ( 1.00 row height)
Cell: u_impl/ZBUF_74_inst_26298 (CKBD2)
  Input location: (669,377.2)
  Legal location: (669,379)
  Displacement:   1.800 um ( 1.00 row height)
Cell: u_impl/ZBUF_51_inst_26300 (CKBD2)
  Input location: (669.4,371.8)
  Legal location: (669.4,370)
  Displacement:   1.800 um ( 1.00 row height)
Cell: u_impl/ZBUF_26_inst_26399 (CKBD0)
  Input location: (440.8,501.4)
  Legal location: (440.8,499.6)
  Displacement:   1.800 um ( 1.00 row height)

Information: The net parasitics of block pde_chip_top_safe are cleared. (TIM-123)
Information: The stitching and editing of coupling caps is turned OFF for design 'pde_chip_top_safe.dlib:pde_chip_top_safe.design'. (TIM-125)
Information: Design Average RC for design pde_chip_top_safe  (NEX-011)
Information: r = 1.166645 ohm/um, via_r = 1.495522 ohm/cut, c = 0.174969 ff/um, cc = 0.000000 ff/um (X dir) (NEX-017)
Information: r = 1.050617 ohm/um, via_r = 1.718437 ohm/cut, c = 0.188769 ff/um, cc = 0.000000 ff/um (Y dir) (NEX-017)
Information: The RC mode used is VR for design 'pde_chip_top_safe'. (NEX-022)
Information: Update timing completed net estimation for all the timing graph nets (TIM-111)
Information: Net estimation statistics: timing graph nets = 114860, routed nets = 0, across physical hierarchy nets = 0, parasitics cached nets = 114855, delay annotated nets = 0, parasitics annotated nets = 0, multi-voltage nets = 0. (TIM-112)
END_FUNC: legalize_placement_run_core CPU:   2735 s ( 0.76 hr) ELAPSE:    714 s ( 0.20 hr) MEM-PEAK:  2411 Mb Tue Aug  4 16:24:35 2026

Information: Ending   place_opt / final_opto / Legalization (2) (FLW-8001)
Information: Time: 2026-08-04 16:24:35 / Session:  00:11:54 / Command:  00:11:33 / CPU:  00:44:43 / Memory: 2411 MB (FLW-8100)

Information: Initializing classic cellmap without advanced rules enabled and without PDC enabled
Information: The following app options are used in cellmap
        place.legalize.enable_color_aware_placement : false
        place.legalize.use_nll_query_cm : false
        place.legalize.enable_advanced_legalizer : false
        place.legalize.enable_prerouted_net_check : true
        place.legalize.enable_advanced_prerouted_net_check : false
        place.legalize.always_continue : true
        place.legalize.limit_legality_checks : false
        place.common.pnet_aware_density : 1.0000
        place.common.pnet_aware_min_width : 0.0000
        place.common.pnet_aware_layers : {}
        place.common.use_placement_model : false
        place.common.enable_advanced_placement_model : true
        cts.placement.cell_spacing_rule_style : maximum
Total 0.1124 seconds to build cellmap data
INFO: creating 163(r) x 163(c) GridCells YDim 5.4 XDim 5.4
INFO: number of GridCells (pde_chip_top_safe): 26569
INFO: creating 163(r) x 163(c) GridCells YDim 5.4 XDim 5.4
INFO: number of GridCells (pde_chip_top_safe): 26569
Total 0.6974 seconds to load 111823 cell instances into cellmap
Moveable cells: 111823; Application fixed cells: 0; Macro cells: 0; User fixed cells: 0
Average cell width 2.0842, cell height 1.8000, cell area 3.7515 for total 111823 placed and application fixed cells
Place-opt optimization Phase 68 Iter  1         0.00        0.00      0.00        26     419504.75    87109.13      111823              0.20      2411

Place-opt optimization Phase 69 Iter  1         0.00        0.00      0.00        26     419504.75    87109.13      111823              0.20      2411

Information: Ending   place_opt / final_opto (FLW-8001)
Information: Time: 2026-08-04 16:24:38 / Session:  00:11:57 / Command:  00:11:35 / CPU:  00:44:48 / Memory: 2411 MB (FLW-8100)
Number of Site types in the design = 1
Setting up Chip Core
Chip Core shape: (100000 100000) (8650000 8650000)
Number of VARs = 1
Number of unique PDs = 1
Number of Power Domains = 1
Number of Voltage Areas = 1
Number of supply Nets = 2
Number of used supplies = 0
Blocked VAs: 
INFO: Running FTB cleanup in end of npo flow.
Enable dominated scenarios

Place-opt optimization complete                 0.00        0.00      0.00        25     419504.75    87109.13      111823              0.20      2411
Co-efficient Ratio Summary:
4.193421605155  6.578038173730  2.479639287277  7.744187540401  0.485050000353  3.179565833784  5.567214754587  2.894461687461  6.565922718806  9.017931605874  3.117327384208  9.800632130001  6.089981164085  2.745798841123  8.319379404907
9.699225026083  2.464623950064  1.382370221226  9.387184029619  3.142429406669  0.968752789964  6.613180723294  4.146585093224  7.876359419155  2.191139203696  0.976481625369  2.747341074031  3.851218264440  3.751796553169  7.664612642299
6.212201167950  7.759678473967  7.862243056717  0.402387977150  0.032845095897  0.596111512371  4.701287396892  7.205142812169  8.278352899201  1.183729290997  3.347183982519  5.804802362872  7.184652585364  9.660309499761  7.592641147087
7.632106393266  7.679078063326  9.831314288630  1.878805817928  3.230072343539  1.226270037326  7.050450494780  2.403123373631  6.139863719539  4.100210666110  1.284852321732  4.514718399838  5.635636008820  7.827347753678  4.750397218263
5.409027926377  2.609823652834  0.626142538674  6.381676652919  9.187474022495  0.513656796621  5.027570618562  6.119918146103  6.181477864809  1.581675765776  7.496137514284  9.528687984756  2.052585587119  3.922650367338  0.651642482345
9.472458902409  3.368484394994  4.897111549020  6.860149244452  2.000104051691  9.095345907689  2.197041709512  0.915005667443  5.466097850007  8.142690455883  4.617289957301  8.288588219567  3.515638905451  1.683206512888  7.174697518510
9.939562708373  3.617852772683  8.946772637652  1.169969532707  4.529946656262  3.090979409795  5.580726136993  1.131492363510  0.721704140370  7.515947817690  0.659377115777  1.050501761638  5.822904066269  5.827947583342  4.340547092435
0.216216918317  9.612142422527  7.311156782104  0.823519141628  0.356161286693  8.022019569284  2.603132585844  5.024907151363  1.359354046479  5.407563851201  2.814178859549  1.208870105325  0.428155713533  1.834089165081  6.449711537188
4.848373112548  2.936801055033  8.671494124225  4.212305316610  9.007627270112  3.308107178452  5.607471109985  8.514860740423  2.764689126888  9.324229538770  1.561170054997  2.343822192240  0.765923130179  1.962638111696  2.782497641418
3.355375155650  9.437909893602  9.136702642545  9.020209208464  9.978471495117  7.467457734047  3.171274721421  9.815046540044  4.331427653564  0.413536484361  3.308029773765  7.494967892978  1.913165024529  5.624614959547  7.260457308696
3.367403103784  7.093641515702  7.411336156476  6.944246976650  5.239565921087  4.802189647382  3.894401463832  4.531736219342  1.605168673239  8.173742747963  9.286390465814  7.582670697870  0.011691417956  5.834991256721  4.755671589445
4.387461656592  1.217863901793  7.505874310467  0.800933986343  9.509851607812  3.964085274420  8.341123831811  5.604023569922  5.026096248267  3.950076538237  0.220245602927  4.061888641742  9.417907196875  2.780171361318  0.724388714657
8.793224787635  8.918112219113  5.103696096373  4.141094270014  8.443881384045  0.064440375020  6.053169766345  8.842315221220  1.167963777762  8.473979186224  3.055736714447  7.919329330784  5.006135159611  1.513588170128  7.397986020513
5.512169827835  1.398268118372  5.190997333443  6.408244586760  9.731622717389  4.385364966981  9.999761759148  7.347103363210  6.393279769702  8.063338383131  4.287659851099  5.859197650507  2.354877222627  0.038533405045  0.495874540392
8.173631613985  2.544054410021  0.066110127471  8.589655457074  6.653063562487  8.808820782685  7.253678475913  3.418389140902  7.926380262787  3.652846462614  2.537693302376  6.694188245247  4.033733151365  6.797838202757  0.619656911981
3.446103618147  2.312107158167  5.365776748604  1.822107958456  2.469756204172  7.387119392116  0.867338065048  8.682461547245  8.902412338643  4.394906889711  1.548049350223  9.286621537510  4.062939009534  5.908896919704  1.700606391590
0.067443546609  2.308426814269  0.055883460719  3.265224824446  3.794567350487  0.705451168271  6.012888717343  3.718636593956  2.708386363580  2.772695294677  2.636671880105  9.574976789494  6.667500409097  9.400902258072  6.137087413139
7.763510072170  9.625254751594  7.417690064932  2.209371101703  1.043513581151  9.666269582673  0.883342434938  3.292863621621  6.918304509562  2.422675031115  6.781123756560  9.183897362116  1.297931902201  9.560491960313  2.586938802480
2.551363135935  9.521353540756  3.451201280412  3.477518126530  0.052200041776  0.313533183387  2.465081644855  7.737516084837  3.112535831938  1.055181167149  4.123244195449  5.358889237262  7.281450430810  7.179669260747  1.100079151474
3.640423276467  6.979434932421  6.938770155119  9.989997230050  8.202625075468  5.030179196142  1.411696278130  3.341846935537  5.155647581048  9.893750213670  2.641564676239  9.240633224347  1.406455846745  7.735254017127  4.722515281592
0.740044433141  4.637138041352  4.984361330991  0.198619745279  8.206103190282  7.924529562340  7.259547726936  3.008024936740  3.103771347612  1.515870441133  6.155495368633  6.918829850456  5.932325580218  9.648599089440  1.464926753161
0.419342160515  5.657803817373  0.247963928727  7.774418754040  1.048505000035  3.317956583378  4.556721475458  7.289873038746  1.656589769034  3.901861450587  4.319486754202  3.928512287485  1.618150496408  5.275637534112  3.832905860490
7.969922502608  3.246462395006  4.138237022122  6.938718402961  9.314242940666  9.096875278996  4.661318072329  4.414657879322  4.787635891811  2.219113510369  6.095605556068  4.212894559903  1.395694006444  0.376548205316  9.767439184229
9.621220116795  0.775967847396  7.786224305671  7.040238797715  0.003284509589  7.059611151237  1.470128739689  2.720513551216  9.827835139826  8.118372519099  7.332775782783  4.528540688787  2.728938438536  4.967409599976  1.750232034708
7.763210639326  6.767907806332  6.983131428863  0.187880581792  8.323007234353  9.122627003732  6.705045049478  0.240314717363  1.613986760997  4.410021106611  0.126638448580  5.499814201171  3.573036880882  0.783103325367  8.476007641826
3.540902792637  7.260982365283  4.062614253867  4.638167665291  9.918747402249  5.051365679662  1.502757061856  2.611903244610  3.618148747702  7.158167636577  6.747861772835  7.990296882740  6.215721738711  9.393634686733  8.066132168234
5.947245890240  9.336848439499  4.489711154902  0.686014924445  2.200010405169  1.909534590768  9.219704170951  2.091512906744  3.546600746334  6.814269105588  3.469976916147  4.866286915221  7.361036070545  1.169799201288  8.718437671851
0.993956270837  3.361785277268  3.894677263765  2.116996953270  7.452994665626  2.309097940979  5.558072613699  3.113151676351  0.072171478017  4.751594841769  0.063199810552  1.143543740126  3.592700966626  9.583191688334  2.435022629243
5.021621691831  7.961214242252  7.731115678210  4.082351914162  8.035616128669  3.802201956928  4.260313258584  4.502403455136  3.135936343471  3.540756445120  1.289464430401  8.168648095845  0.052847431353  3.184328246508  1.645949073718
8.484837311254  8.293680105503  3.867149412422  5.421230531661  0.900762727011  2.330810717845  2.560747110998  5.851499464042  3.276468190865  4.932421793877  0.153091269764  7.272013373387  5.086539903017  9.197183141169  6.279224634141
8.335537515565  0.943790989360  2.913670264254  5.902020920846  4.997847149511  7.746745773404  7.317127472142  1.981516874004  4.433142851244  8.041352598436  1.338577741674  9.786101223735  3.101353192452  9.563381725954  7.727020600869
6.336740310378  4.709364151570  2.741133615647  6.694424697665  0.523956592108  7.480218964738  2.389440146383  2.453185841934  2.160516953211  3.817373124796  3.926303409254  8.795972507975  5.011106731795  6.584319455672  1.476542028944
5.438746165659  2.121786390179  3.750587431046  7.080093398634  3.950985160781  2.396408527442  0.834112383181  1.560414596992  2.502609712177  2.395006513823  7.020708325684  8.443893334549  2.951737309687  5.279937466131  8.073413741465
7.879322478763  5.891811221911  3.510369609637  3.414109427001  4.844388138404  5.006444037502  0.605316976634  5.884243762122  0.116796465027  7.847396878622  4.303257436836  8.738647403443  4.510650105961  1.152278147012  8.730773572051
3.551216982783  5.139826811837  2.519099733344  3.640824458676  0.973162271738  9.438536496698  1.999976175914  8.734722576321  0.639327064221  7.806332798313  1.426449740591  0.522624235425  7.245424312262  7.004773670504  5.040562324039
2.817363161398  5.254405441002  1.006611012747  1.858965545707  4.665306356248  7.880882078268  5.725367847591  3.341840154090  2.792638114529  2.365283506261  4.251443195629  7.606123394999  7.413310905136  5.670603150275  7.062940561198
1.344610361814  7.231210715816  7.536577674860  4.182210795845  6.246975620417  2.738711939211  6.086733806504  8.868264294724  5.890241455312  8.439499548971  1.152588790414  4.965377623126  0.416230590953  4.591709921970  4.171045509159
0.006744354660  9.230842681426  9.005588346071  9.326522482444  6.379456735048  7.070545116827  1.601288871734  3.371881799395  6.270838858806  5.277268489467  7.261341943402  6.994102148314  4.676797630909  7.941910555807  2.614783611313
9.776351007217  0.962525475159  4.741769006493  2.220937110170  3.104351358115  1.966626958267  3.088334243493  8.329273202162  1.691832218859  4.242252873111  5.676896130048  1.955094206686  6.139730780220  1.957969426031  3.259678750248
0.255136313593  5.952135354075  6.345120128041  2.347751812653  0.005220004177  6.031353318338  7.246508164485  5.773748548483  7.311255341096  0.105503486714  9.410008274936  0.572593493191  2.738182633081  0.718886256074  7.111082885147
4.364042327646  7.697943493242  1.693877015511  9.998999723005  0.820262507546  8.503017919614  2.141169627813  0.334155733553  7.515565830976  0.989360291367  0.262844382161  0.961761664784  7.150682174674  5.774445731712  7.473236498159
2.074004443314  1.463713804135  2.498436133099  1.019861974527  9.820610319028  2.792452956234  0.725954772693  6.300873533674  0.310378216533  4.151570274113  3.613237451301  4.638580227395  6.503279148021  8.965779238944  0.147477545316
1.041934216051  5.565780381737  3.024796392872  7.777441875404  0.104850500003  5.331795658337  8.455672147545  8.728959643874  6.165659058785  6.390179375058  7.439622044874  3.339427694363  5.171820739640  8.528451183411  2.384275456049
0.796992250260  8.324646239500  6.413823702212  2.693871840296  1.931424294066  6.909687527899  6.466131807232  9.441465787932  2.478763589181  1.221911351036  9.607347254691  9.468951859438  8.149586800644  4.038553960531  6.977728888422
9.962122011679  5.077596784739  6.778622430567  1.704023879771  5.000328450958  9.705961115123  7.147012873968  9.272051355121  6.982783513982  6.811837251909  9.731054277263  4.499526462316  2.282810243853  6.497649099997  6.176008173470
8.776321063932  6.676790780633  2.698313142886  3.018788058179  2.832300723435  3.912262700373  2.670504504947  8.024039281736  3.161398525440  5.441002100661  1.010457098077  5.586657831530  6.367320088088  2.079219472536  7.848685634182
6.354090279263  7.726098236528  3.406261425386  7.463816766529  1.991874740224  9.505136567966  2.150275706185  6.261190734461  0.361814724721  0.715816753657  7.672570321402  0.736795099697  5.631599573871  1.930262508673  3.807698186823
4.594724589024  0.933684843949  9.448971115490  2.068601492444  5.220001040516  9.190953459076  8.921970417095  1.209151600674  4.354660924684  2.681426900558  8.344781845833  2.423394002945  6.746120007054  5.117878060128  8.872828637185
1.099395627083  7.336178527726  8.389467726376  5.211699695327  0.745299466562  6.230909794097  9.555807261369  9.311315577635  1.007217097852  5.475159474176  9.004103135274  7.151020785435  1.369297496662  6.959218208833  4.244587132924
3.502162169183  1.796121424225  2.773111567821  0.408235191416  2.803561612866  9.380220195692  8.426031325858  4.450240625513  6.313593596813  5.354075634512  0.126751147956  1.853503475522  0.015259903135  3.319389624650  8.165579877371
8.848483731125  4.829368010550  3.386714941242  2.542123053166  1.090076272701  1.233081071784  5.256074711099  8.585149036404  2.327646760394  3.493242169387  7.013221802070  9.764955457026  2.518628150301  7.910665114116  9.628907333414

Place-opt final QoR
___________________
Scenario Mapping Table
1: FUNC_BC
2: FUNC_WC

Pathgroup Mapping Table
1: **default**
2: **async_default**
3: **clock_gating_default**
4: **in2reg_default**
5: **reg2out_default**
6: **in2out_default**
7: core_clk

-------------------------------------------------------------------------------------------------------------------------------------------------------------
PATHGROUP QOR 
-------------------------------------------------------------------------------------------------------------------------------------------------------------
Scene  PG      WNS        TNS    NSV      WHV        THV    NHV
    1   1        -          -      -   0.0000     0.0000      0
    1   2        -          -      -   0.0000     0.0000      0
    1   3        -          -      -   0.0000     0.0000      0
    1   4        -          -      -   0.0000     0.0000      0
    1   5        -          -      -   0.0000     0.0000      0
    1   6        -          -      -   0.0000     0.0000      0
    1   7        -          -      -   0.0000     0.0000      0
    2   1   0.0000     0.0000      0        -          -      -
    2   2   0.0000     0.0000      0        -          -      -
    2   3   0.0000     0.0000      0        -          -      -
    2   4   0.0000     0.0000      0        -          -      -
    2   5   0.0000     0.0000      0        -          -      -
    2   6   0.0000     0.0000      0        -          -      -
    2   7   0.0000     0.0000      0        -          -      -
----------------------------------------------------------------------------------------------------------------------------------------------------------------------
SCENARIO QOR 
----------------------------------------------------------------------------------------------------------------------------------------------------------------------
Scene  PG      WNS        TNS   R2RTNS    NSV      WHV        THV    NHV  MaxTrnV   MaxTranC  MaxCapV    Leakage
    1   *        -          -        -      -   0.0000     0.0000      0        0     0.0000        0          -
    2   *   0.0000     0.0000   0.0000      0        -          -      -       26     0.0160        0  87109.133
----------------------------------------------------------------------------------------------------------------------------------------------------------------------
DESIGN QOR 
----------------------------------------------------------------------------------------------------------------------------------------------------------------------
Scene  PG      WNS        TNS   R2RTNS    NSV      WHV        THV    NHV  MaxTrnV   MaxTranC  MaxCapV    Leakage         Area    InstCnt     BufCnt     InvCnt
    *   *   0.0000     0.0000   0.0000      0   0.0000     0.0000      0       26     0.0160        0  87109.133    419504.75     111823      10519      11943
----------------------------------------------------------------------------------------------------------------------------------------------------------------------

Place-opt final QoR Summary         WNS        TNS   R2RTNS    NSV      WHV        THV    NHV  MaxTrnV  MaxCapV    Leakage         Area    InstCnt
Place-opt final QoR Summary      0.0000     0.0000   0.0000      0   0.0000     0.0000      0       26        0  87109.133    419504.75     111823

Place-opt command complete                CPU:  2722 s (  0.76 hr )  ELAPSE:   721 s (  0.20 hr )  MEM-PEAK:  2411 MB
Place-opt command statistics  CPU=2098 sec (0.58 hr) ELAPSED=529 sec (0.15 hr) MEM-PEAK=2.354 GB
Information: Running auto PG connection. (NDM-099)
Information: Total 3212 netlist change(s) and disconnections have been made to resolve conflicts between power intent and PG netlist. (UPF-073)
Information: Ending   'place_opt' (FLW-8001)
Information: Time: 2026-08-04 16:24:42 / Session:  00:12:01 / Command:  00:11:40 / CPU:  00:45:04 / Memory: 2411 MB (FLW-8100)
Information: Saving block 'pde_chip_top_safe.dlib:pde_chip_top_safe.design'
Information: Starting 'clock_opt' (FLW-8000)
Information: Time: 2026-08-04 16:24:46 / Session:  00:12:04 / Command:  00:00:00 / CPU:  00:00:00 / Memory: 2411 MB (FLW-8100)
INFO: clock_opt is running in balanced flow mode.
INFO: Total Power Aware Optimization Enabled (Dynamic + Leakage)
Number of Site types in the design = 1
Setting up Chip Core
Chip Core shape: (100000 100000) (8650000 8650000)
Number of VARs = 1
Number of unique PDs = 1
Number of Power Domains = 1
Number of Voltage Areas = 1
Number of supply Nets = 2
Number of used supplies = 0
Blocked VAs: 
TEST: runCore upFront-init
TEST: runCore upFront-end
INFO: run stage build_clock (init -> end)
TEST: runCore bldClkInit-init


----------------------------------------------------------------------------------------------------------
Information: Starting clock_opt / build_clock (FLW-8000)
Information: Time: 2026-08-04 16:24:46 / Session:  00:12:05 / Command:  00:00:00 / CPU:  00:00:00 / Memory: 2411 MB (FLW-8100)
----------------------------------------------------------------------------------------------------------

Information: Starting clock_opt / build_clock / Trial CTS (FLW-8000)
Information: Time: 2026-08-04 16:24:46 / Session:  00:12:05 / Command:  00:00:00 / CPU:  00:00:00 / Memory: 2411 MB (FLW-8100)
Running clock synthesis step.
Info: Enabling GR in trial CTO
Information: The value of option cts.compile.enable_cell_relocation has been overridden to "leaf_only" to support latency-driven placement. (CTS-973)
************************************************************
* CTS STEP: Design Initialization for Trial Synthesis
************************************************************
Information: All clock objects will be converted from ideal to propagated clock during CTS. (CTS-105)
Information: CTS will work on the following scenarios. (CTS-101)
   FUNC_BC	(Mode: FUNC; Corner: BC)
   FUNC_WC	(Mode: FUNC; Corner: WC)
Information: CTS will work on all clocks in active scenarios, including 1 master clocks and 0 generated clocks. (CTS-107)
Output units used in this log:
   Time        : 1.00ns
   Resistance  : 1.00kOhm
   Capacitance : 1.00pF
   Power       : 1.00nW
   Length      : 1.00um
Information: Clock derating is enabled

CTS related app options set by user:
   cts.common.copy_balance_points_to_missing_modes = true
   cts.compile.enable_local_skew = true
   cts.optimize.enable_global_route = true
   cts.optimize.enable_local_skew = true

Buffer/Inverter reference list for clock tree synthesis:
   tcbn65lp_6lmT1/BUFFD0
   tcbn65lp_6lmT1/BUFFD1
   tcbn65lp_6lmT1/BUFFD12
   tcbn65lp_6lmT1/BUFFD16
   tcbn65lp_6lmT1/BUFFD2
   tcbn65lp_6lmT1/BUFFD3
   tcbn65lp_6lmT1/BUFFD4
   tcbn65lp_6lmT1/BUFFD6
   tcbn65lp_6lmT1/BUFFD8
   tcbn65lp_6lmT1/CKBD0
   tcbn65lp_6lmT1/CKBD1
   tcbn65lp_6lmT1/CKBD12
   tcbn65lp_6lmT1/CKBD16
   tcbn65lp_6lmT1/CKBD2
   tcbn65lp_6lmT1/CKBD3
   tcbn65lp_6lmT1/CKBD4
   tcbn65lp_6lmT1/CKBD6
   tcbn65lp_6lmT1/CKBD8
   tcbn65lp_6lmT1/DEL0
   tcbn65lp_6lmT1/DEL005
   tcbn65lp_6lmT1/DEL01
   tcbn65lp_6lmT1/DEL015
   tcbn65lp_6lmT1/DEL02
   tcbn65lp_6lmT1/DEL1
   tcbn65lp_6lmT1/DEL2
   tcbn65lp_6lmT1/DEL3
   tcbn65lp_6lmT1/DEL4
   tcbn65lp_6lmT1/CKND0
   tcbn65lp_6lmT1/CKND1
   tcbn65lp_6lmT1/CKND12
   tcbn65lp_6lmT1/CKND16
   tcbn65lp_6lmT1/CKND2
   tcbn65lp_6lmT1/CKND3
   tcbn65lp_6lmT1/CKND4
   tcbn65lp_6lmT1/CKND6
   tcbn65lp_6lmT1/CKND8
   tcbn65lp_6lmT1/INVD0
   tcbn65lp_6lmT1/INVD1
   tcbn65lp_6lmT1/INVD12
   tcbn65lp_6lmT1/INVD16
   tcbn65lp_6lmT1/INVD2
   tcbn65lp_6lmT1/INVD3
   tcbn65lp_6lmT1/INVD4
   tcbn65lp_6lmT1/INVD6
   tcbn65lp_6lmT1/INVD8

ICG reference list:
   tcbn65lp_6lmT1/CKLHQD1
   tcbn65lp_6lmT1/CKLHQD12
   tcbn65lp_6lmT1/CKLHQD16
   tcbn65lp_6lmT1/CKLHQD2
   tcbn65lp_6lmT1/CKLHQD3
   tcbn65lp_6lmT1/CKLHQD4
   tcbn65lp_6lmT1/CKLHQD6
   tcbn65lp_6lmT1/CKLHQD8
   tcbn65lp_6lmT1/CKLNQD1
   tcbn65lp_6lmT1/CKLNQD12
   tcbn65lp_6lmT1/CKLNQD16
   tcbn65lp_6lmT1/CKLNQD2
   tcbn65lp_6lmT1/CKLNQD3
   tcbn65lp_6lmT1/CKLNQD4
   tcbn65lp_6lmT1/CKLNQD6
   tcbn65lp_6lmT1/CKLNQD8

Information: 'WC' is identified as primary corner for initial clock tree building. (CTS-103)
Number of Site types in the design = 1
Setting up Chip Core
Chip Core shape: (100000 100000) (8650000 8650000)
Number of VARs = 1
Number of unique PDs = 1
Number of Power Domains = 1
Number of Voltage Areas = 1
Number of supply Nets = 2
Number of used supplies = 0
Blocked VAs: 
Warning: No clock routing rule is specified. (CTS-038)

Clock cell spacing rule list:
   No clock cell spacing rule is found.
Information: The run time for design initialization is 0 hr : 0 min : 1.69 sec, cpu time is 0 hr : 0 min : 3.17 sec. (CTS-104)
************************************************************
* CTS STEP: Existing Clock Tree Removal
************************************************************

No buffer or inverter has been removed.
Information: The run time for existing clock tree removal is 0 hr : 0 min : 0.02 sec, cpu time is 0 hr : 0 min : 0.02 sec. (CTS-104)
************************************************************
* CTS STEP: Clock Tree Initialization
************************************************************
Drc Mode Option: auto
Information: Initializing classic cellmap without advanced rules enabled and with PDC enabled
Information: The following app options are used in cellmap
        place.legalize.enable_color_aware_placement : false
        place.legalize.use_nll_query_cm : false
        place.legalize.enable_advanced_legalizer : false
        place.legalize.enable_prerouted_net_check : true
        place.legalize.enable_advanced_prerouted_net_check : false
        place.legalize.always_continue : true
        place.legalize.limit_legality_checks : false
        place.common.pnet_aware_density : 1.0000
        place.common.pnet_aware_min_width : 0.0000
        place.common.pnet_aware_layers : {}
        place.common.use_placement_model : false
        place.common.enable_advanced_placement_model : true
        cts.placement.cell_spacing_rule_style : maximum
Information: Creating classic rule checker.
Warning: Routing direction of metal layer PO is neither "horizontal" nor "vertical".  PDC checks will not be performed on this layer. (PDC-003)
PDC app_options settings =========
	place.legalize.enable_prerouted_net_check: 1
	place.legalize.num_tracks_for_access_check: 1
	place.legalize.use_eol_spacing_for_access_check: 0
	place.legalize.allow_touch_track_for_access_check: 1
	place.legalize.reduce_conservatism_in_eol_check: 0
	place.legalize.preroute_shape_merge_distance: 0.0
	place.legalize.enable_non_preferred_direction_span_check: 0

Layer M1: cached 0 shapes out of 476 total shapes.
Layer M2: cached 0 shapes out of 0 total shapes.
Cached 0 vias out of 4768 total vias.
Total 0.2492 seconds to build cellmap data
INFO: creating 50(r) x 50(c) GridCells YDim 17.5 XDim 17.5
INFO: number of GridCells (pde_chip_top_safe): 2500
INFO: creating 50(r) x 50(c) GridCells YDim 17.5 XDim 17.5
INFO: number of GridCells (pde_chip_top_safe): 2500
Total 1.0482 seconds to load 111823 cell instances into cellmap
Moveable cells: 111823; Application fixed cells: 0; Macro cells: 0; User fixed cells: 0
Average cell width 2.0842, cell height 1.8000, cell area 3.7515 for total 111823 placed and application fixed cells
Information: Legalizer's PDC rule check is enabled
Information: Legalizer's advanced rule check is enabled

Start Auto-Exception Derivations...
 No internal pin was found.
 No conflict pin was found.
 No macro pin was found for clock balance point settings.
 No macro pin was found for disabling self arcs.
Info: 23905 sinks and boundary insts are collected
Information: The run time for clock tree initialization is 0 hr : 0 min : 1.46 sec, cpu time is 0 hr : 0 min : 1.46 sec. (CTS-104)
Using the hold scaling of 1.000000 for scenario: CTS_DRC_OFF_SCEN0
Setting target skew for clock: core_clk (mode FUNC corner BC) as 1.500000
Drc Mode Option: auto
Corner Scaling is off, multiplier is 1.000000
Automatic Zbuf-CTS Mode: total_powerInformation: Running Max-CTS
Enable multi-thread Tasks, number of thread is 8
Info: run cts with the following settings: _runCts 1 _runCto 1 _runSnapClockSinks 1
Information: The stitching and editing of coupling caps is turned OFF for design 'pde_chip_top_safe.dlib:pde_chip_top_safe.design'. (TIM-125)
Information: Update timing completed net estimation for all the timing graph nets (TIM-111)
Information: Net estimation statistics: timing graph nets = 114860, routed nets = 0, across physical hierarchy nets = 0, parasitics cached nets = 0, delay annotated nets = 0, parasitics annotated nets = 0, multi-voltage nets = 0. (TIM-112)
************************************************************
* CTS STEP: Clock Cell Relocation
************************************************************
Warning: No clock routing rules were specified. Use set_clock_routing_rules to specify routing rules for accurate clock latency estimation. (OPT-902)
A total of 0 clock cells have been relocated
Information: The run time for clock cell relocation is 0 hr : 0 min : 0.28 sec, cpu time is 0 hr : 0 min : 0.28 sec. (CTS-104)
Information: The run time for netlink placement is 0 hr : 0 min : 0.00 sec, cpu time is 0 hr : 0 min : 0.00 sec. (CTS-104)
************************************************************
* CTS STEP: Gate-By-Gate Clock Tree Synthesis
************************************************************
Design rule constraints:
     max fanout  = 1000000
Computing criticality for all echelons
Warning: No clock routing rules were specified. Use set_clock_routing_rules to specify routing rules for accurate clock latency estimation. (OPT-902)
Num of echelons 1
  Level 0 Num Nodes: 1
Processing Echelon 1
Processing parameter set (max_tran 0.500000 max_cap 0.600000)
Warning: No default voltage defined in the design, taking it as zero for power calculations. (POW-080)
Warning: No default voltage defined in the design, taking it as zero for power calculations. (POW-080)
Warning: No default voltage defined in the design, taking it as zero for power calculations. (POW-080)
Warning: No default voltage defined in the design, taking it as zero for power calculations. (POW-080)
Warning: No default voltage defined in the design, taking it as zero for power calculations. (POW-080)
Warning: No default voltage defined in the design, taking it as zero for power calculations. (POW-080)
Warning: No default voltage defined in the design, taking it as zero for power calculations. (POW-080)
Warning: No default voltage defined in the design, taking it as zero for power calculations. (POW-080)
Warning: No default voltage defined in the design, taking it as zero for power calculations. (POW-080)
Warning: No default voltage defined in the design, taking it as zero for power calculations. (POW-080)
Note - message 'POW-080' limit (10) exceeded. Remainder will be suppressed.
Information: timingScenario CTS_DRC_OFF_SCEN1 timingCorner WC.  Using corner WC for worst leakage corner. Using corner WC for worst dynamic corner. (OPT-078)
Information: Using default layer M4 (OPT-079)
Information: Nominal = 0.0716771  Design MT = 0.475000  Target = 0.3755323  MaxRC = 0.218318 Fast Target = 0.124386 (OPT-081)
Using layer M4 for buffering distances
bmap: stepx = stepy = 175000
creating bmap
DB units per micron : 10000
Core Area = 50 X 50 ()
   10% ...Number of Drivers Sized: 0 [0.00%]

-------------------------------------------------------------
 Echelon 1 gate by gate clock synthesis
 Gate level 1 clock tree synthesis
 Driving pin = clk
 Clocks: 
     core_clk (FUNC)
 Design rule constraints:
     max transition = 0.500000
     max capacitance = 0.600000
 Number of Sinks = 23905
 Number of Gates = 0
 Number of Loads = 23905
 Added 590 Repeaters (B: 459 I: 131). Built 4 Repeater Levels for driver clk
 Phase delay: (max r/f: 0.778046/nan  min r/f: 0.778046/nan) : clk
Information: The run time for gate-by-gate clock tree synthesis is 0 hr : 0 min : 36.64 sec, cpu time is 0 hr : 0 min : 37.59 sec. (CTS-104)
************************************************************
* CTS STEP: Latency Bottleneck Analysis
************************************************************
The longest paths are reported for the primary corner.

Information: Latency Bottleneck Path for clock 'core_clk' and skew group 'default' in mode 'FUNC' for clock root 'clk': (CTS-141)
(1) clk [Location: (437.00, 0.26)] [Pre-CTS Fanout: 23905] [Phase Delay: (Rise: 0.778046, Fall: nan)]
 (2) u_impl/u_core/g_row_15__g_col_1__u_pe/u_sol/u_red_q_reg_8_/CP [Location: (189.32, 864.10)] [SINK PIN]

Information: The run time for Latency Bottleneck Analysis is 0 hr : 0 min : 0.00 sec, cpu time is 0 hr : 0 min : 0.00 sec. (CTS-104)
************************************************************
* CTS STEP: DRC Fixing Beyond Exceptions
************************************************************
Warning: No clock routing rules were specified. Use set_clock_routing_rules to specify routing rules for accurate clock latency estimation. (OPT-902)
Design rule constraints:
     max fanout  = 1000000
Num of echelons 0
Information: The run time for DRC fixing beyond exceptions is 0 hr : 0 min : 0.29 sec, cpu time is 0 hr : 0 min : 0.29 sec. (CTS-104)
There are 459 buffers and 131 inverters added (total area 3856.32) by Clock Tree Synthesis.
Information: 0 out of 590 clock cells have been moved due to NDR or via ladder related legalization rules.
Info: Clock cell and register co-legalization is disabled since advanced legalizer is disabled.
==============================Displacement Report for clock sink==============================
Clock sink moved: 395 out of 23905, orientation changed without moving: 11992
Clock sink displacement max = 3.800000 um, average = 0.025886 um
Clock sink with large displacement: 0 (Threshold: 5.400000 um)
Largest displacement cells:
Clock sink inst 'u_impl/u_core/g_row_0__g_col_1__u_pe/u_r_black/q_reg_11_' snapped from (732.80, 375.40) (R0) to (734.80, 373.60) (MX) displacement = 3.800000 um.
Clock sink inst 'u_impl/north_shadow_reg_18__2_' snapped from (525.40, 557.20) (MX) to (525.40, 560.80) (MX) displacement = 3.600000 um.
Clock sink inst 'u_impl/red_shadow_reg_165__7_' snapped from (543.40, 330.40) (R180) to (543.40, 334.00) (MX) displacement = 3.600000 um.
Clock sink inst 'u_impl/red_shadow_reg_119__12_' snapped from (394.40, 593.20) (MX) to (394.40, 596.80) (MX) displacement = 3.600000 um.
Clock sink inst 'u_impl/u_core/g_row_5__g_col_8__u_pe/u_status/small_q_reg' snapped from (242.00, 76.60) (MY) to (242.00, 73.00) (R0) displacement = 3.600000 um.
Clock sink inst 'u_impl/u_core/g_row_8__g_col_1__u_pe/u_r_black/q_reg_15_' snapped from (181.60, 202.60) (R0) to (181.60, 206.20) (R0) displacement = 3.600000 um.
Clock sink inst 'u_impl/u_core/g_row_10__g_col_1__u_pe/u_r_black/q_reg_5_' snapped from (152.00, 424.00) (MX) to (152.00, 427.60) (MX) displacement = 3.600000 um.
Clock sink inst 'u_impl/u_core/g_row_13__g_col_3__u_pe/u_r_black/q_reg_3_' snapped from (642.00, 690.40) (MX) to (638.40, 690.40) (MX) displacement = 3.600000 um.
Clock sink inst 'u_impl/u_core/g_row_17__g_col_7__u_pe/u_r_black/q_reg_7_' snapped from (358.00, 715.60) (MX) to (358.00, 719.20) (MX) displacement = 3.600000 um.
Clock sink inst 'u_impl/south_valid_q_reg_11_' snapped from (726.20, 406.00) (R180) to (729.60, 406.00) (MX) displacement = 3.400000 um.
==============================================================================================
Information: The run time for snapping registers is 0 hr : 0 min : 0.48 sec, cpu time is 0 hr : 0 min : 0.48 sec. (CTS-104)
Cell Min-Routing-Layer = M1
Cell Max-Routing-Layer = M6
Turn off antenna since no rule is specified
Information: Option route.detail.force_end_on_preferred_grid will be ignored since none of the layers have preferred grid. (ZRT-703)
Info: number of net_type_blockage: 0 
Information: Via ladder engine would be activated for pattern must join connection in certain commands. Please refer to man-page for the command list. (ZRT-619)
Via on layer (VIA1) needs more than one tracks
Warning: Layer M1 default pitch 0.200 may be too small to handle up/down via. Note, that minimum requirements are "wire/via-down 0.180" & "wire/via-up 0.225". (ZRT-026)
Via on layer (VIA5) needs more than one tracks
Warning: Layer M5 default pitch 0.200 may be too small to handle up/down via. Note, that minimum requirements are "wire/via-down 0.200" & "wire/via-up 0.350". (ZRT-026)
Via on layer (RV) needs more than one tracks
Warning: Layer M6 default pitch 0.800 may be too small to handle up/down via. Note, that minimum requirements are "wire/via-down 0.800" & "wire/via-up 3.600". (ZRT-026)
Information: When applicable Min-max layer allow_pin_connection mode will allow paths of length 3.00 outside the layer range. (ZRT-707)
Information: When applicable Min-max layer allow_pin_connection mode will allow paths of length 3.00 outside the layer range on clock nets. (ZRT-718)
Information: When applicable layer based tapering will taper up to 0.00 in distance from the pin. (ZRT-706)
Warning: Cell u_impl/u_core/g_row_5__g_col_9__u_pe/u_sol/u_black_q_reg_4_ is placed overlapping with other cells at {{240.000 29.800} {244.400 31.600}}. (ZRT-763)
Warning: Cell u_impl/u_core/g_row_2__g_col_0__u_pe/u_sol/u_black_q_reg_11_ is placed overlapping with other cells at {{347.800 26.200} {352.200 28.000}}. (ZRT-763)
Warning: Cell u_impl/u_core/g_row_2__g_col_9__u_pe/u_status/fit12_q_reg is placed overlapping with other cells at {{449.400 69.400} {453.800 71.200}}. (ZRT-763)
Warning: Cell u_impl/u_core/g_row_3__g_col_0__u_pe/u_sol/u_black_q_reg_13_ is placed overlapping with other cells at {{540.000 28.000} {544.400 29.800}}. (ZRT-763)
Warning: Cell u_impl/u_core/g_row_4__g_col_2__u_pe/u_sol/u_red_q_reg_14_ is placed overlapping with other cells at {{723.000 29.800} {727.400 31.600}}. (ZRT-763)
Warning: Cell u_impl/u_core/ZCTSBUF_795808_27194 is placed overlapping with other cells at {{324.600 91.000} {329.000 92.800}}. (ZRT-763)
Warning: Cell u_impl/u_core/g_row_2__g_col_5__u_pe/u_dsm/err_red_q_reg_1_ is placed overlapping with other cells at {{690.000 116.200} {694.400 118.000}}. (ZRT-763)
Warning: Cell u_impl/u_core/g_row_1__g_col_7__u_pe/u_dsm/err_black_q_reg_1_ is placed overlapping with other cells at {{778.200 148.600} {782.600 150.400}}. (ZRT-763)
Warning: Cell u_impl/u_core/g_row_3__g_col_6__u_pe/u_sol/u_red_q_reg_3_ is placed overlapping with other cells at {{844.600 98.200} {849.000 100.000}}. (ZRT-763)
Warning: Cell u_impl/u_core/g_row_8__g_col_2__u_pe/u_sol/u_black_q_reg_1_ is placed overlapping with other cells at {{88.400 191.800} {92.800 193.600}}. (ZRT-763)
Warning: Cell u_impl/u_core/g_row_7__g_col_7__u_pe/u_dsm/rem_q_reg_1_ is placed overlapping with other cells at {{176.800 202.600} {181.200 204.400}}. (ZRT-763)
Warning: Cell u_impl/u_core/g_row_5__g_col_3__u_pe/u_r_black/q_reg_4_ is placed overlapping with other cells at {{316.400 181.000} {320.800 182.800}}. (ZRT-763)
Warning: Cell u_impl/ZCTSBUF_644253_27055 is placed overlapping with other cells at {{373.400 182.800} {377.800 184.600}}. (ZRT-763)
Warning: Cell u_impl/black_shadow_reg_64__6_ is placed overlapping with other cells at {{423.200 213.400} {427.000 215.200}}. (ZRT-763)
Warning: Cell u_impl/ZCTSBUF_668964_27069 is placed overlapping with other cells at {{508.600 231.400} {513.000 233.200}}. (ZRT-763)
Warning: Cell u_impl/red_shadow_reg_44__14_ is placed overlapping with other cells at {{632.200 197.200} {636.000 199.000}}. (ZRT-763)
Warning: Cell u_impl/u_core/g_row_3__g_col_5__u_pe/u_r_black/U9 is placed overlapping with other cells at {{754.600 179.200} {757.000 181.000}}. (ZRT-763)
Warning: Cell u_impl/u_core/g_row_8__g_col_7__u_pe/u_sol/u_black_q_reg_13_ is placed overlapping with other cells at {{77.800 272.800} {82.200 274.600}}. (ZRT-763)
Warning: Cell u_impl/u_core/g_row_9__g_col_5__u_pe/u_r_black/q_reg_6_ is placed overlapping with other cells at {{211.400 317.800} {215.800 319.600}}. (ZRT-763)
Warning: Cell u_impl/ZCTSBUF_665682_27066 is placed overlapping with other cells at {{469.400 251.200} {473.800 253.000}}. (ZRT-763)
Warning: Cell u_impl/ZCTSBUF_686108_27089 is placed overlapping with other cells at {{551.600 289.000} {556.000 290.800}}. (ZRT-763)
Warning: Cell u_impl/u_core/g_row_1__g_col_3__u_pe/u_r_black/q_reg_4_ is placed overlapping with other cells at {{707.800 242.200} {712.200 244.000}}. (ZRT-763)
Warning: Cell u_impl/u_core/g_row_1__g_col_4__u_pe/u_alu/carry_q_reg_3_ is placed overlapping with other cells at {{785.000 242.200} {789.400 244.000}}. (ZRT-763)
Warning: Cell u_impl/u_core/ZCTSBUF_492895_26633 is placed overlapping with other cells at {{836.000 294.400} {840.400 296.200}}. (ZRT-763)
Warning: Cell u_impl/u_core/g_row_10__g_col_3__u_pe/u_r_black/q_reg_12_ is placed overlapping with other cells at {{110.600 393.400} {115.000 395.200}}. (ZRT-763)
Warning: Cell u_impl/u_core/g_row_8__g_col_9__u_pe/u_r_black/U3 is placed overlapping with other cells at {{185.200 382.600} {187.600 384.400}}. (ZRT-763)
Warning: Cell u_impl/ZCTSINV_602328_27014 is placed overlapping with other cells at {{301.800 362.800} {305.200 364.600}}. (ZRT-763)
Warning: Cell u_impl/red_shadow_reg_86__7_ is placed overlapping with other cells at {{358.800 321.400} {362.800 323.200}}. (ZRT-763)
Warning: Cell u_impl/ZCTSBUF_701984_27098 is placed overlapping with other cells at {{574.600 321.400} {579.000 323.200}}. (ZRT-763)
Warning: Cell u_impl/ZCTSBUF_555408_26655 is placed overlapping with other cells at {{710.800 335.800} {715.200 337.600}}. (ZRT-763)
Warning: Cell u_impl/u_core/g_row_0__g_col_1__u_pe/u_r_black/q_reg_9_ is placed overlapping with other cells at {{735.800 379.000} {740.200 380.800}}. (ZRT-763)
Warning: Cell u_impl/u_core/g_row_0__g_col_8__u_pe/u_sol/u_black_q_reg_9_ is placed overlapping with other cells at {{847.000 348.400} {851.400 350.200}}. (ZRT-763)
Warning: Cell u_impl/u_core/g_row_10__g_col_5__u_pe/u_sol/u_black_q_reg_5_ is placed overlapping with other cells at {{55.600 406.000} {60.000 407.800}}. (ZRT-763)
Warning: Cell u_impl/u_core/g_row_10__g_col_1__u_pe/u_r_black/q_reg_13_ is placed overlapping with other cells at {{148.000 424.000} {152.400 425.800}}. (ZRT-763)
Warning: Cell u_impl/ZCTSBUF_411389_26701 is placed overlapping with other cells at {{199.400 469.000} {203.800 470.800}}. (ZRT-763)
Warning: Cell u_impl/ZCTSINV_613869_27003 is placed overlapping with other cells at {{359.200 413.200} {362.600 415.000}}. (ZRT-763)
Warning: Cell u_impl/ZCTSBUF_189516_26989 is placed overlapping with other cells at {{423.800 422.200} {428.200 424.000}}. (ZRT-763)
Warning: Cell u_impl/ZCTSBUF_497404_26669 is placed overlapping with other cells at {{710.800 404.200} {715.200 406.000}}. (ZRT-763)
Warning: Cell u_impl/south_valid_q_reg_11_ is placed overlapping with other cells at {{729.600 406.000} {734.000 407.800}}. (ZRT-763)
Warning: Cell u_impl/u_core/ZCTSBUF_392411_26711 is placed overlapping with other cells at {{60.200 530.200} {64.600 532.000}}. (ZRT-763)
Warning: Cell u_impl/u_core/g_row_10__g_col_8__u_pe/u_r_black/q_reg_4_ is placed overlapping with other cells at {{128.400 519.400} {132.800 521.200}}. (ZRT-763)
Warning: Cell u_impl/u_core/ZCTSBUF_408521_26704 is placed overlapping with other cells at {{166.800 508.600} {171.200 510.400}}. (ZRT-763)
Warning: Cell u_impl/ZCTSINV_569905_27023 is placed overlapping with other cells at {{327.800 510.400} {331.200 512.200}}. (ZRT-763)
Warning: Cell u_impl/ZCTSBUF_194248_26766 is placed overlapping with other cells at {{458.000 546.400} {462.400 548.200}}. (ZRT-763)
Warning: Cell u_impl/ZCTSBUF_513577_26673 is placed overlapping with other cells at {{652.400 479.800} {656.800 481.600}}. (ZRT-763)
Warning: Cell u_impl/u_core/g_row_19__g_col_6__u_pe/u_dsm/err_black_q_reg_1_ is placed overlapping with other cells at {{793.600 515.800} {798.000 517.600}}. (ZRT-763)
Warning: Cell u_impl/u_core/ZCTSBUF_460951_26611 is placed overlapping with other cells at {{811.400 483.400} {815.800 485.200}}. (ZRT-763)
Warning: Cell u_impl/u_core/ZCTSBUF_396151_26706 is placed overlapping with other cells at {{27.400 560.800} {30.600 562.600}}. (ZRT-763)
Warning: Cell u_impl/u_core/ZCTSINV_427132_26719 is placed overlapping with other cells at {{132.200 605.800} {135.600 607.600}}. (ZRT-763)
Warning: Cell u_impl/ZCTSINV_417634_26752 is placed overlapping with other cells at {{181.800 571.600} {185.200 573.400}}. (ZRT-763)
Warning: Cell u_impl/u_core/g_row_17__g_col_0__u_pe/u_r_red/q_reg_1_ is placed overlapping with other cells at {{249.400 632.800} {253.800 634.600}}. (ZRT-763)
Warning: Cell u_impl/black_shadow_reg_118__5_ is placed overlapping with other cells at {{339.000 559.000} {343.000 560.800}}. (ZRT-763)
Warning: Cell u_impl/ZCTSBUF_197151_26759 is placed overlapping with other cells at {{461.600 573.400} {466.000 575.200}}. (ZRT-763)
Warning: Cell u_impl/cfg_rdata_reg_12_ is placed overlapping with other cells at {{604.000 640.000} {608.400 641.800}}. (ZRT-763)
Warning: Cell u_impl/ZCTSBUF_250917_26834 is placed overlapping with other cells at {{665.000 564.400} {669.400 566.200}}. (ZRT-763)
Warning: Cell u_impl/ZCTSBUF_468671_26615 is placed overlapping with other cells at {{735.600 560.800} {740.000 562.600}}. (ZRT-763)
Warning: Cell u_impl/u_core/g_row_18__g_col_8__u_pe/u_status/small_q_reg is placed overlapping with other cells at {{809.600 577.000} {814.000 578.800}}. (ZRT-763)
Warning: Cell u_impl/u_core/ZCTSBUF_451862_26734 is placed overlapping with other cells at {{103.800 663.400} {108.200 665.200}}. (ZRT-763)
Warning: Cell u_impl/u_core/ZCTSBUF_325818_26886 is placed overlapping with other cells at {{281.400 677.800} {285.800 679.600}}. (ZRT-763)
Warning: Cell u_impl/ZCTSBUF_328417_26888 is placed overlapping with other cells at {{322.400 650.800} {326.800 652.600}}. (ZRT-763)
Warning: Cell u_impl/ZCTSINV_243155_26791 is placed overlapping with other cells at {{607.200 659.800} {611.600 661.600}}. (ZRT-763)
Warning: Cell u_impl/u_core/ZCTSBUF_276613_26812 is placed overlapping with other cells at {{640.800 656.200} {645.200 658.000}}. (ZRT-763)
Warning: Cell u_impl/u_core/ZCTSBUF_282503_26817 is placed overlapping with other cells at {{730.200 640.000} {734.600 641.800}}. (ZRT-763)
Warning: Cell u_impl/u_core/ZCTSBUF_455670_26728 is placed overlapping with other cells at {{204.600 764.200} {207.800 766.000}}. (ZRT-763)
Warning: Cell u_impl/u_core/ZCTSBUF_312987_26901 is placed overlapping with other cells at {{277.200 749.800} {279.000 751.600}}. (ZRT-763)
Warning: Cell u_impl/u_core/g_row_17__g_col_7__u_pe/u_r_black/q_reg_1_ is placed overlapping with other cells at {{359.600 722.800} {364.000 724.600}}. (ZRT-763)
Warning: Cell u_impl/u_core/g_row_17__g_col_8__u_pe/u_r_black/q_reg_8_ is placed overlapping with other cells at {{433.400 722.800} {437.800 724.600}}. (ZRT-763)
Warning: Cell u_impl/u_core/ZCTSINV_370948_26846 is placed overlapping with other cells at {{541.400 782.200} {544.800 784.000}}. (ZRT-763)
Warning: Cell u_impl/u_core/ZCTSINV_225727_26778 is placed overlapping with other cells at {{607.000 749.800} {610.400 751.600}}. (ZRT-763)
Warning: Cell u_impl/u_core/ZCTSBUF_263192_26804 is placed overlapping with other cells at {{684.600 751.600} {687.800 753.400}}. (ZRT-763)
Warning: Cell u_impl/u_core/g_row_18__g_col_0__u_pe/u_sol/u_red_q_reg_11_ is placed overlapping with other cells at {{743.800 755.200} {748.200 757.000}}. (ZRT-763)
Warning: Cell u_impl/u_core/g_row_15__g_col_1__u_pe/u_dsm/rem_q_reg_1_ is placed overlapping with other cells at {{285.800 798.400} {290.200 800.200}}. (ZRT-763)
Warning: Cell u_impl/u_core/ZCTSBUF_320300_26895 is placed overlapping with other cells at {{318.400 820.000} {322.800 821.800}}. (ZRT-763)
Warning: Cell u_impl/u_core/ZCTSBUF_356100_26859 is placed overlapping with other cells at {{453.200 800.200} {457.600 802.000}}. (ZRT-763)
Warning: Cell u_impl/u_core/ZCTSBUF_272537_26800 is placed overlapping with other cells at {{634.800 811.000} {638.000 812.800}}. (ZRT-763)
CTO: setting route_reuse..
************************************************************
* CTS STEP: Clock Net Global Routing
************************************************************
Performing initial clock net global routing ...
Loading parastics information to the router ...
parastics information loaded to the router.
[End of Loading Timing] Elapsed real time: 0:00:00 
[End of Loading Timing] Elapsed cpu  time: sys=0:00:00 usr=0:00:00 total=0:00:00
Information: The net parasitics of block pde_chip_top_safe are cleared. (TIM-123)
Total number of global routed clock nets: 591
Information: The run time for clock net global routing is 0 hr : 0 min : 2.21 sec, cpu time is 0 hr : 0 min : 2.84 sec. (CTS-104)
Information: The stitching and editing of coupling caps is turned OFF for design 'pde_chip_top_safe.dlib:pde_chip_top_safe.design'. (TIM-125)
Information: Design pde_chip_top_safe has 115452 nets, 591 global routed, 0 detail routed. (NEX-024)
Information: The RC mode used is CTO for design 'pde_chip_top_safe'. (NEX-022)
Information: Update timing completed net estimation for all the timing graph nets (TIM-111)
Information: Net estimation statistics: timing graph nets = 115450, routed nets = 591, across physical hierarchy nets = 0, parasitics cached nets = 591, delay annotated nets = 0, parasitics annotated nets = 0, multi-voltage nets = 0. (TIM-112)
Information: The netlist change observers are disabled for incremental timing updates. (TIM-119)
Information: The netlist change observers are disabled for incremental extraction. (TIM-126)
CTSSC route status detected: clock (VR 0, GR 47797, DR 0), data (VR 114859, GR 0, DR 0); stage = auto, isPostRoute = FALSE
Information: 'WC' is identified as primary corner for initial clock tree building. (CTS-103)
Cell Min-Routing-Layer = M1
Cell Max-Routing-Layer = M6
Turn off antenna since no rule is specified
Information: Option route.detail.force_end_on_preferred_grid will be ignored since none of the layers have preferred grid. (ZRT-703)
Info: number of net_type_blockage: 0 
Information: Via ladder engine would be activated for pattern must join connection in certain commands. Please refer to man-page for the command list. (ZRT-619)
Via on layer (VIA1) needs more than one tracks
Warning: Layer M1 default pitch 0.200 may be too small to handle up/down via. Note, that minimum requirements are "wire/via-down 0.180" & "wire/via-up 0.225". (ZRT-026)
Via on layer (VIA5) needs more than one tracks
Warning: Layer M5 default pitch 0.200 may be too small to handle up/down via. Note, that minimum requirements are "wire/via-down 0.200" & "wire/via-up 0.350". (ZRT-026)
Via on layer (RV) needs more than one tracks
Warning: Layer M6 default pitch 0.800 may be too small to handle up/down via. Note, that minimum requirements are "wire/via-down 0.800" & "wire/via-up 3.600". (ZRT-026)
Information: When applicable Min-max layer allow_pin_connection mode will allow paths of length 3.00 outside the layer range. (ZRT-707)
Information: When applicable Min-max layer allow_pin_connection mode will allow paths of length 3.00 outside the layer range on clock nets. (ZRT-718)
Information: When applicable layer based tapering will taper up to 0.00 in distance from the pin. (ZRT-706)
Warning: Cell u_impl/u_core/g_row_5__g_col_8__u_pe/u_status/small_q_reg is placed overlapping with other cells at {{242.000 73.000} {246.400 74.800}}. (ZRT-763)
Warning: Cell u_impl/u_core/g_row_2__g_col_0__u_pe/u_sol/u_black_q_reg_11_ is placed overlapping with other cells at {{347.800 26.200} {352.200 28.000}}. (ZRT-763)
Warning: Cell u_impl/u_core/g_row_2__g_col_9__u_pe/u_status/fit12_q_reg is placed overlapping with other cells at {{449.400 69.400} {453.800 71.200}}. (ZRT-763)
Warning: Cell u_impl/u_core/g_row_3__g_col_0__u_pe/u_sol/u_black_q_reg_13_ is placed overlapping with other cells at {{540.000 28.000} {544.400 29.800}}. (ZRT-763)
Warning: Cell u_impl/u_core/g_row_4__g_col_5__u_pe/u_r_red/U7 is placed overlapping with other cells at {{615.400 69.400} {617.800 71.200}}. (ZRT-763)
Warning: Cell u_impl/u_core/g_row_4__g_col_6__u_pe/u_sol/u_red_q_reg_15_ is placed overlapping with other cells at {{662.400 26.200} {666.800 28.000}}. (ZRT-763)
Warning: Cell u_impl/u_core/g_row_4__g_col_2__u_pe/u_sol/u_red_q_reg_14_ is placed overlapping with other cells at {{723.000 29.800} {727.400 31.600}}. (ZRT-763)
Warning: Cell u_impl/u_core/g_row_2__g_col_5__u_pe/u_dsm/err_red_q_reg_1_ is placed overlapping with other cells at {{690.000 116.200} {694.400 118.000}}. (ZRT-763)
Warning: Cell u_impl/u_core/g_row_1__g_col_7__u_pe/u_dsm/err_black_q_reg_1_ is placed overlapping with other cells at {{778.200 148.600} {782.600 150.400}}. (ZRT-763)
Warning: Cell u_impl/u_core/g_row_3__g_col_6__u_pe/u_sol/u_red_q_reg_3_ is placed overlapping with other cells at {{844.600 98.200} {849.000 100.000}}. (ZRT-763)
Warning: Cell u_impl/u_core/g_row_8__g_col_2__u_pe/u_sol/u_black_q_reg_1_ is placed overlapping with other cells at {{88.400 191.800} {92.800 193.600}}. (ZRT-763)
Warning: Cell u_impl/u_core/g_row_7__g_col_7__u_pe/u_dsm/rem_q_reg_1_ is placed overlapping with other cells at {{176.800 202.600} {181.200 204.400}}. (ZRT-763)
Warning: Cell u_impl/u_core/g_row_7__g_col_3__u_pe/u_r_black/q_reg_0_ is placed overlapping with other cells at {{239.800 227.800} {244.200 229.600}}. (ZRT-763)
Warning: Cell u_impl/red_shadow_reg_63__6_ is placed overlapping with other cells at {{385.800 213.400} {389.600 215.200}}. (ZRT-763)
Warning: Cell u_impl/black_shadow_reg_64__6_ is placed overlapping with other cells at {{423.200 213.400} {427.000 215.200}}. (ZRT-763)
Warning: Cell u_impl/ZCTSBUF_668964_27069 is placed overlapping with other cells at {{508.600 231.400} {513.000 233.200}}. (ZRT-763)
Warning: Cell u_impl/red_shadow_reg_44__14_ is placed overlapping with other cells at {{632.200 197.200} {636.000 199.000}}. (ZRT-763)
Warning: Cell u_impl/u_core/g_row_3__g_col_5__u_pe/u_r_black/U9 is placed overlapping with other cells at {{754.600 179.200} {757.000 181.000}}. (ZRT-763)
Warning: Cell u_impl/u_core/g_row_8__g_col_7__u_pe/u_sol/u_black_q_reg_13_ is placed overlapping with other cells at {{77.800 272.800} {82.200 274.600}}. (ZRT-763)
Warning: Cell u_impl/u_core/g_row_9__g_col_5__u_pe/u_r_black/q_reg_6_ is placed overlapping with other cells at {{211.400 317.800} {215.800 319.600}}. (ZRT-763)
Warning: Cell u_impl/ZCTSBUF_665682_27066 is placed overlapping with other cells at {{469.400 251.200} {473.800 253.000}}. (ZRT-763)
Warning: Cell u_impl/ZCTSBUF_686108_27089 is placed overlapping with other cells at {{551.600 289.000} {556.000 290.800}}. (ZRT-763)
Warning: Cell u_impl/u_core/g_row_1__g_col_3__u_pe/u_r_black/q_reg_4_ is placed overlapping with other cells at {{707.800 242.200} {712.200 244.000}}. (ZRT-763)
Warning: Cell u_impl/u_core/g_row_1__g_col_4__u_pe/u_alu/carry_q_reg_3_ is placed overlapping with other cells at {{785.000 242.200} {789.400 244.000}}. (ZRT-763)
Warning: Cell u_impl/u_core/ZCTSBUF_492895_26633 is placed overlapping with other cells at {{836.000 294.400} {840.400 296.200}}. (ZRT-763)
Warning: Cell u_impl/u_core/g_row_10__g_col_3__u_pe/u_r_black/q_reg_12_ is placed overlapping with other cells at {{110.600 393.400} {115.000 395.200}}. (ZRT-763)
Warning: Cell u_impl/u_core/g_row_8__g_col_9__u_pe/u_r_black/U3 is placed overlapping with other cells at {{185.200 382.600} {187.600 384.400}}. (ZRT-763)
Warning: Cell u_impl/ZCTSINV_602328_27014 is placed overlapping with other cells at {{301.800 362.800} {305.200 364.600}}. (ZRT-763)
Warning: Cell u_impl/red_shadow_reg_86__7_ is placed overlapping with other cells at {{358.800 321.400} {362.800 323.200}}. (ZRT-763)
Warning: Cell u_impl/ZCTSBUF_701984_27098 is placed overlapping with other cells at {{574.600 321.400} {579.000 323.200}}. (ZRT-763)
Warning: Cell u_impl/ZCTSBUF_555408_26655 is placed overlapping with other cells at {{710.800 335.800} {715.200 337.600}}. (ZRT-763)
Warning: Cell u_impl/u_core/g_row_0__g_col_1__u_pe/u_r_black/q_reg_9_ is placed overlapping with other cells at {{735.800 379.000} {740.200 380.800}}. (ZRT-763)
Warning: Cell u_impl/u_core/g_row_0__g_col_8__u_pe/u_sol/u_black_q_reg_9_ is placed overlapping with other cells at {{847.000 348.400} {851.400 350.200}}. (ZRT-763)
Warning: Cell u_impl/u_core/g_row_10__g_col_5__u_pe/u_sol/u_black_q_reg_5_ is placed overlapping with other cells at {{55.600 406.000} {60.000 407.800}}. (ZRT-763)
Warning: Cell u_impl/u_core/g_row_10__g_col_1__u_pe/u_r_black/q_reg_13_ is placed overlapping with other cells at {{148.000 424.000} {152.400 425.800}}. (ZRT-763)
Warning: Cell u_impl/ZCTSBUF_410015_26700 is placed overlapping with other cells at {{199.400 465.400} {203.800 467.200}}. (ZRT-763)
Warning: Cell u_impl/ZCTSINV_613869_27003 is placed overlapping with other cells at {{359.200 413.200} {362.600 415.000}}. (ZRT-763)
Warning: Cell u_impl/ZCTSBUF_189516_26989 is placed overlapping with other cells at {{423.800 422.200} {428.200 424.000}}. (ZRT-763)
Warning: Cell u_impl/ZCTSBUF_497404_26669 is placed overlapping with other cells at {{710.800 404.200} {715.200 406.000}}. (ZRT-763)
Warning: Cell u_impl/south_valid_q_reg_11_ is placed overlapping with other cells at {{729.600 406.000} {734.000 407.800}}. (ZRT-763)
Warning: Cell u_impl/u_core/ZCTSBUF_392411_26711 is placed overlapping with other cells at {{60.200 530.200} {64.600 532.000}}. (ZRT-763)
Warning: Cell u_impl/u_core/g_row_10__g_col_8__u_pe/u_r_black/q_reg_4_ is placed overlapping with other cells at {{128.400 519.400} {132.800 521.200}}. (ZRT-763)
Warning: Cell u_impl/u_core/ZCTSBUF_408521_26704 is placed overlapping with other cells at {{166.800 508.600} {171.200 510.400}}. (ZRT-763)
Warning: Cell u_impl/ZCTSINV_569905_27023 is placed overlapping with other cells at {{327.800 510.400} {331.200 512.200}}. (ZRT-763)
Warning: Cell u_impl/ZCTSBUF_194248_26766 is placed overlapping with other cells at {{458.000 546.400} {462.400 548.200}}. (ZRT-763)
Warning: Cell u_impl/ZCTSBUF_520222_26677 is placed overlapping with other cells at {{706.200 514.000} {710.600 515.800}}. (ZRT-763)
Warning: Cell u_impl/u_core/g_row_19__g_col_6__u_pe/u_dsm/err_black_q_reg_1_ is placed overlapping with other cells at {{793.600 515.800} {798.000 517.600}}. (ZRT-763)
Warning: Cell u_impl/u_core/ZCTSBUF_460951_26611 is placed overlapping with other cells at {{811.400 483.400} {815.800 485.200}}. (ZRT-763)
Warning: Cell u_impl/u_core/ZCTSBUF_396151_26706 is placed overlapping with other cells at {{27.400 560.800} {30.600 562.600}}. (ZRT-763)
Warning: Cell u_impl/u_core/ZCTSINV_427132_26719 is placed overlapping with other cells at {{132.200 605.800} {135.600 607.600}}. (ZRT-763)
Warning: Cell u_impl/u_core/g_row_11__g_col_8__u_pe/u_r_red/q_reg_1_ is placed overlapping with other cells at {{167.800 580.600} {172.200 582.400}}. (ZRT-763)
Warning: Cell u_impl/u_core/g_row_17__g_col_0__u_pe/u_r_red/q_reg_1_ is placed overlapping with other cells at {{249.400 632.800} {253.800 634.600}}. (ZRT-763)
Warning: Cell u_impl/black_shadow_reg_118__5_ is placed overlapping with other cells at {{339.000 559.000} {343.000 560.800}}. (ZRT-763)
Warning: Cell u_impl/ZCTSBUF_197151_26759 is placed overlapping with other cells at {{461.600 573.400} {466.000 575.200}}. (ZRT-763)
Warning: Cell u_impl/cfg_rdata_reg_12_ is placed overlapping with other cells at {{604.000 640.000} {608.400 641.800}}. (ZRT-763)
Warning: Cell u_impl/ZCTSBUF_250917_26834 is placed overlapping with other cells at {{665.000 564.400} {669.400 566.200}}. (ZRT-763)
Warning: Cell u_impl/ZCTSBUF_468671_26615 is placed overlapping with other cells at {{735.600 560.800} {740.000 562.600}}. (ZRT-763)
Warning: Cell u_impl/u_core/g_row_18__g_col_8__u_pe/u_status/small_q_reg is placed overlapping with other cells at {{809.600 577.000} {814.000 578.800}}. (ZRT-763)
Warning: Cell u_impl/u_core/ZCTSBUF_451862_26734 is placed overlapping with other cells at {{103.800 663.400} {108.200 665.200}}. (ZRT-763)
Warning: Cell u_impl/u_core/ZCTSBUF_325818_26886 is placed overlapping with other cells at {{281.400 677.800} {285.800 679.600}}. (ZRT-763)
Warning: Cell u_impl/ZCTSBUF_328417_26888 is placed overlapping with other cells at {{322.400 650.800} {326.800 652.600}}. (ZRT-763)
Warning: Cell u_impl/ZCTSINV_243155_26791 is placed overlapping with other cells at {{607.200 659.800} {611.600 661.600}}. (ZRT-763)
Warning: Cell u_impl/u_core/ZCTSBUF_276613_26812 is placed overlapping with other cells at {{640.800 656.200} {645.200 658.000}}. (ZRT-763)
Warning: Cell u_impl/u_core/ZCTSBUF_282503_26817 is placed overlapping with other cells at {{730.200 640.000} {734.600 641.800}}. (ZRT-763)
Warning: Cell u_impl/u_core/ZCTSBUF_455670_26728 is placed overlapping with other cells at {{204.600 764.200} {207.800 766.000}}. (ZRT-763)
Warning: Cell u_impl/u_core/ZCTSBUF_312987_26901 is placed overlapping with other cells at {{277.200 749.800} {279.000 751.600}}. (ZRT-763)
Warning: Cell u_impl/u_core/g_row_17__g_col_7__u_pe/u_r_black/q_reg_1_ is placed overlapping with other cells at {{359.600 722.800} {364.000 724.600}}. (ZRT-763)
Warning: Cell u_impl/u_core/g_row_17__g_col_8__u_pe/u_r_black/q_reg_8_ is placed overlapping with other cells at {{433.400 722.800} {437.800 724.600}}. (ZRT-763)
Warning: Cell u_impl/u_core/ZCTSINV_370948_26846 is placed overlapping with other cells at {{541.400 782.200} {544.800 784.000}}. (ZRT-763)
Warning: Cell u_impl/u_core/ZCTSINV_229798_26781 is placed overlapping with other cells at {{607.000 742.600} {610.400 744.400}}. (ZRT-763)
Warning: Cell u_impl/u_core/ZCTSBUF_263192_26804 is placed overlapping with other cells at {{684.600 751.600} {687.800 753.400}}. (ZRT-763)
Warning: Cell u_impl/u_core/g_row_18__g_col_0__u_pe/u_sol/u_red_q_reg_11_ is placed overlapping with other cells at {{743.800 755.200} {748.200 757.000}}. (ZRT-763)
Warning: Cell u_impl/u_core/g_row_15__g_col_1__u_pe/u_dsm/rem_q_reg_1_ is placed overlapping with other cells at {{285.800 798.400} {290.200 800.200}}. (ZRT-763)
Warning: Cell u_impl/u_core/ZCTSBUF_320300_26895 is placed overlapping with other cells at {{318.400 820.000} {322.800 821.800}}. (ZRT-763)
Warning: Cell u_impl/u_core/ZCTSBUF_356100_26859 is placed overlapping with other cells at {{453.200 800.200} {457.600 802.000}}. (ZRT-763)
Warning: Cell u_impl/u_core/ZCTSBUF_272537_26800 is placed overlapping with other cells at {{634.800 811.000} {638.000 812.800}}. (ZRT-763)
GR Routing Service: Started IMRD 
GR Routing Service: ndmAttrDef 'usr_tmng_crit' created with default value 0 
GR Routing Service: ndmAttrDef 'rted_by_minDly' created with default value 0 
GR Routing Service: ndmAttrDef 'port_subnet_crit_blkConn' created with default value 0 
GR Routing Service: ndmAttrDef 'port_subnet_crit_blkPort' created with default value 0 
Loading timing information to the router ...
Design  Scenario FUNC_WC (Mode FUNC Corner WC)
Timing information loaded to the router.
GR Routing Service: Setting costIdx to 3 
GR Routing Service: rebuildCongmap: itr = 3 
Number of partitions: 1 (1 x 1)
Size of partitions: 487 gCells x 487 gCells
Average gCell capacity  2.27	 on layer (1)	 M1
Average gCell capacity  8.95	 on layer (2)	 M2
Average gCell capacity  8.97	 on layer (3)	 M3
Average gCell capacity  8.95	 on layer (4)	 M4
Average gCell capacity  8.86	 on layer (5)	 M5
Average gCell capacity  2.22	 on layer (6)	 M6
Average gCell capacity  0.28	 on layer (7)	 AP
Average number of tracks per gCell 8.99	 on layer (1)	 M1
Average number of tracks per gCell 8.99	 on layer (2)	 M2
Average number of tracks per gCell 8.99	 on layer (3)	 M3
Average number of tracks per gCell 8.99	 on layer (4)	 M4
Average number of tracks per gCell 8.99	 on layer (5)	 M5
Average number of tracks per gCell 2.25	 on layer (6)	 M6
Average number of tracks per gCell 0.28	 on layer (7)	 AP
Number of gCells = 1660183
Number of partitions: 16 (4 x 4)
Size of partitions: 128 gCells x 128 gCells
[updNetsDmd] Elapsed real time: 0:00:00 
[updNetsDmd] Elapsed cpu  time: sys=0:00:00 usr=0:00:00 total=0:00:00
Created 8 thread routing service with costIdx = 3. (tbbMode 0)
GR Routing Service: Setting costIdx to 1 
rtapi Thread-server 7: startup 
rtapi Thread-server 0: startup 
rtapi Thread-server 5: startup 
rtapi Thread-server 1: startup 
rtapi Thread-server 2: startup 
rtapi Thread-server 4: startup 
rtapi Thread-server 3: startup 
rtapi Thread-server 6: startup 

************************************************************
* CTS STEP: Initial DRC fixing
************************************************************

[cto] Starting InitDrc.1
START_FUNC: cto:InitDrc.1      CPU:   2830 s ( 0.79 hr) ELAPSE:    777 s ( 0.22 hr) MEM-PEAK:  2603 Mb Tue Aug  4 16:25:38 2026
start cto; name: pde_chip_top_safe; type: design; tot_drc_vio: 0; buf_ct: 590; buf_area: 3856.320000; cell_area: 3856.320000
start cto; name: FUNC:core_clk; type: clock; latency: 0.781994; gskew: 0.399055; tot_drc_vio: 0; wtran: 0.000000; wcap: 0.000000; buf_ct: 590; buf_area: 3856.320000; cell_area: 3856.320000
-------------------------------------------------------------
Optimizing clock tree DRC
clock: core_clk mode: FUNC root: clk
Clock QoR Before DRC Optimization:
Clock: core_clk, Mode: FUNC, Root: clk
Information: CTS QoR Pre Initial DRC Fixing: GlobalSkew = 0.1688; ID = 0.3429; NetsWithDRC = 0; Worst Tran/Cap cost = 0.0000/0.0000; ClockBufCount = 590; ClockBufArea = 3856.3201; ClockCellArea = 3856.3201; ClockWireLen = 137270.4200; Clock = core_clk; Mode = FUNC; Corner = BC; ClockRoot = clk. (CTS-037)
Information: CTS QoR Pre Initial DRC Fixing: GlobalSkew = 0.3991; ID = 0.7820; NetsWithDRC = 0; Worst Tran/Cap cost = 0.0000/0.0000; ClockBufCount = 590; ClockBufArea = 3856.3201; ClockCellArea = 3856.3201; ClockWireLen = 137270.4200; Clock = core_clk; Mode = FUNC; Corner = WC; ClockRoot = clk. (CTS-037)

Begin Pre-Opt Drc Fixing
Starting multithread based drc fixing Pre opt drc fixing
Iteration 1 (effort: high)
Iteration 2 (effort: high)

    Optimization Summary 		

-------------------------------------------------

	# Drivers Attempted               =          0
	# Skipped during isValid and estimate          =          0
	# Failed subgraph evaluation           =          0
	# Failed main graph committ          =          0
	# Successful main graph commit      =          0
	# NumCTCells changed               =          0


	# Total CPU time                  = 00h:00m:00s
	# Total elapsed time              = 00h:00m:00s
	# Flow total speed up             =     0.9999

-------------------------------------------------

Pre-Opt drc fixing cpu time 00:00:01.15u 00:00:00.00s 00:00:01.14e: 
Clock QoR After Pre-Opt Drc Fixing:
Clock: core_clk, Mode: FUNC, Root: clk
Information: CTS QoR Post Initial DRC Fixing: GlobalSkew = 0.1688; ID = 0.3429; NetsWithDRC = 0; Worst Tran/Cap cost = 0.0000/0.0000; ClockBufCount = 590; ClockBufArea = 3856.3201; ClockCellArea = 3856.3201; ClockWireLen = 137270.4200; Clock = core_clk; Mode = FUNC; Corner = BC; ClockRoot = clk. (CTS-037)
Information: CTS QoR Post Initial DRC Fixing: GlobalSkew = 0.3991; ID = 0.7820; NetsWithDRC = 0; Worst Tran/Cap cost = 0.0000/0.0000; ClockBufCount = 590; ClockBufArea = 3856.3201; ClockCellArea = 3856.3201; ClockWireLen = 137270.4200; Clock = core_clk; Mode = FUNC; Corner = WC; ClockRoot = clk. (CTS-037)
The elapsed time for optimization of clock tree is 0 hr : 0 min : 1.43 sec, cpu time is 0 hr : 0 min : 1.82 sec.
Information: The run time for Initial DRC fixing is 0 hr : 0 min : 1.55 sec, cpu time is 0 hr : 0 min : 1.96 sec. (CTS-104)
END_FUNC: cto:InitDrc.1        CPU:   2832 s ( 0.79 hr) ELAPSE:    779 s ( 0.22 hr) MEM-PEAK:  2603 Mb Tue Aug  4 16:25:39 2026
end cto:InitDrc.1; cpu_time: 2832; elapsed_time: 779; curr_mem: 2356; peak_mem: 2603
[cto] Finished InitDrc.1: PASS

************************************************************
* CTS STEP: Path-based global latency and skew optimization
************************************************************

[cto] Starting GLS.1
START_FUNC: cto:GLS.1          CPU:   2832 s ( 0.79 hr) ELAPSE:    779 s ( 0.22 hr) MEM-PEAK:  2603 Mb Tue Aug  4 16:25:39 2026
No corner selected from constraint nor user primary corner
Selecting clock core_clk mode FUNC corner:  BC	 WC	
-------------------------------------------------------------
Optimizing clock tree global latency and skew
clock: core_clk mode: FUNC root: clk
Clock QoR Before Global latency and skew opt:
Clock: core_clk, Mode: FUNC, Root: clk
Information: CTS QoR Pre Optimization: GlobalSkew = 0.1688; ID = 0.3429; NetsWithDRC = 0; Worst Tran/Cap cost = 0.0000/0.0000; ClockBufCount = 590; ClockBufArea = 3856.3201; ClockCellArea = 3856.3201; ClockWireLen = 137270.4200; Clock = core_clk; Mode = FUNC; Corner = BC; ClockRoot = clk. (CTS-037)
Information: CTS QoR Pre Optimization: GlobalSkew = 0.3991; ID = 0.7820; NetsWithDRC = 0; Worst Tran/Cap cost = 0.0000/0.0000; ClockBufCount = 590; ClockBufArea = 3856.3201; ClockCellArea = 3856.3201; ClockWireLen = 137270.4200; Clock = core_clk; Mode = FUNC; Corner = WC; ClockRoot = clk. (CTS-037)

Begin Global Latency and Skew Optimization
Starting multithread based global latency and skew optimization
START_FUNC: CTSSC GLS phase    CPU:   2832 s ( 0.79 hr) ELAPSE:    779 s ( 0.22 hr) MEM-PEAK:  2603 Mb Tue Aug  4 16:25:40 2026

    Optimization Summary 		

-------------------------------------------------

	# Drivers Attempted               =          1
	# Skipped during isValid and estimate          =          0
	# Failed subgraph evaluation           =          0
	# Failed main graph committ          =          0
	# Successful main graph commit      =          1
	# Subgraph evaluation success rate in percent =     1.0000
	# Sg2Main acceptance ratio in percent      =     1.0000
	# NumCTCells changed               =          1

	# Accepted      buffering moves =        1

	# Total CPU time                  = 00h:00m:00s
	# Total elapsed time              = 00h:00m:00s
	# Flow total speed up             =     2.3272
	# Commit CPU time                 = 00h:00m:00s
	# Commit elapsed time             = 00h:00m:00s
	# Commit speed up                 =     6.9880
	# Generator CPU time              = 00h:00m:00s
	# Generator elapsed time          = 00h:00m:00s
	# Generator speed up              =     6.3172
	# Sg CPU time                     = 00h:00m:00s
	# Sg elapsed time                 = 00h:00m:00s
	# Sg speed up                     =     1.2712
	# The rest of flow speed up       =     1.5066

-------------------------------------------------


    Optimization Summary 		

-------------------------------------------------

	# Drivers Attempted               =          0
	# Skipped during isValid and estimate          =          0
	# Failed subgraph evaluation           =          0
	# Failed main graph committ          =          0
	# Successful main graph commit      =          0
	# NumCTCells changed               =          0


	# Total CPU time                  = 00h:00m:00s
	# Total elapsed time              = 00h:00m:00s
	# Flow total speed up             =     1.9805

-------------------------------------------------

END_FUNC: CTSSC GLS phase      CPU:   2832 s ( 0.79 hr) ELAPSE:    779 s ( 0.22 hr) MEM-PEAK:  2603 Mb Tue Aug  4 16:25:40 2026
Global latency and skew opt cpu time 00:00:00.35u 00:00:00.01s 00:00:00.16e: 
Clock QoR After Global latency and skew opt:
Clock: core_clk, Mode: FUNC, Root: clk
Information: CTS QoR Post Network Flow Optimization: GlobalSkew = 0.1336; ID = 0.3383; NetsWithDRC = 0; Worst Tran/Cap cost = 0.0000/0.0000; ClockBufCount = 591; ClockBufArea = 3864.2400; ClockCellArea = 3864.2400; ClockWireLen = 137586.3200; Clock = core_clk; Mode = FUNC; Corner = BC; ClockRoot = clk. (CTS-037)
Longest path:
  (0) 0.0086		0.0000		ZCTSBUF_559198_26990/I
  (1) 0.0565		0.0479		ZCTSBUF_559198_26990/Z
  (2) 0.0621		0.0056		u_impl/ZCTSBUF_189516_26989/I
  (3) 0.1221		0.0600		u_impl/ZCTSBUF_189516_26989/Z
  (4) 0.1496		0.0275		u_impl/ZCTSBUF_159397_26948/I
  (5) 0.2572		0.1077		u_impl/ZCTSBUF_159397_26948/Z
  (6) 0.2613		0.0040		u_impl/ZCTSBUF_152286_26935/I
  (7) 0.3361		0.0748		u_impl/ZCTSBUF_152286_26935/Z
  (8) 0.3383		0.0023		u_impl/red_shadow_reg_81__0_/CP
Shortest path:
  (0) 0.0086		0.0000		ZCTSBUF_559198_26990/I
  (1) 0.0565		0.0479		ZCTSBUF_559198_26990/Z
  (2) 0.0683		0.0117		u_impl/ZCTSBUF_379127_26909/I
  (3) 0.1249		0.0567		u_impl/ZCTSBUF_379127_26909/Z
  (4) 0.1348		0.0098		u_impl/u_core/ZCTSBUF_332850_26883/I
  (5) 0.2029		0.0681		u_impl/u_core/ZCTSBUF_332850_26883/Z
  (6) 0.2047		0.0018		u_impl/u_core/g_row_17__g_col_7__u_pe/u_alu/carry_q_reg_3_/CP
Information: CTS QoR Post Network Flow Optimization: GlobalSkew = 0.3180; ID = 0.7716; NetsWithDRC = 0; Worst Tran/Cap cost = 0.0000/0.0000; ClockBufCount = 591; ClockBufArea = 3864.2400; ClockCellArea = 3864.2400; ClockWireLen = 137586.3200; Clock = core_clk; Mode = FUNC; Corner = WC; ClockRoot = clk. (CTS-037)
Longest path:
  (0) 0.0155		0.0000		ZCTSBUF_559198_26990/I
  (1) 0.1189		0.1034		ZCTSBUF_559198_26990/Z
  (2) 0.1295		0.0106		u_impl/ZCTSBUF_189516_26989/I
  (3) 0.2689		0.1393		u_impl/ZCTSBUF_189516_26989/Z
  (4) 0.3206		0.0517		u_impl/ZCTSBUF_159397_26948/I
  (5) 0.5626		0.2420		u_impl/ZCTSBUF_159397_26948/Z
  (6) 0.5744		0.0118		u_impl/ZCTSBUF_141111_26939/I
  (7) 0.7677		0.1933		u_impl/ZCTSBUF_141111_26939/Z
  (8) 0.7716		0.0040		u_impl/scan_count_q_reg_11_/CP
Shortest path:
  (0) 0.0155		0.0000		ZCTSBUF_559198_26990/I
  (1) 0.1189		0.1034		ZCTSBUF_559198_26990/Z
  (2) 0.1404		0.0215		u_impl/ZCTSBUF_379127_26909/I
  (3) 0.2750		0.1346		u_impl/ZCTSBUF_379127_26909/Z
  (4) 0.2939		0.0189		u_impl/u_core/ZCTSBUF_332850_26883/I
  (5) 0.4494		0.1555		u_impl/u_core/ZCTSBUF_332850_26883/Z
  (6) 0.4536		0.0042		u_impl/u_core/g_row_17__g_col_7__u_pe/u_alu/carry_q_reg_3_/CP
The elapsed time for optimization of clock tree is 0 hr : 0 min : 0.45 sec, cpu time is 0 hr : 0 min : 1.01 sec.
Information: The run time for Path-based global latency and skew optimization is 0 hr : 0 min : 0.48 sec, cpu time is 0 hr : 0 min : 1.04 sec. (CTS-104)
END_FUNC: cto:GLS.1            CPU:   2833 s ( 0.79 hr) ELAPSE:    779 s ( 0.22 hr) MEM-PEAK:  2603 Mb Tue Aug  4 16:25:40 2026
end cto:GLS.1; cpu_time: 2833; elapsed_time: 779; curr_mem: 2371; peak_mem: 2603
[cto] Finished GLS.1: PASS

************************************************************
* CTS STEP: Area recovery
************************************************************

[cto] Starting AR.1
START_FUNC: cto:AR.1           CPU:   2833 s ( 0.79 hr) ELAPSE:    779 s ( 0.22 hr) MEM-PEAK:  2603 Mb Tue Aug  4 16:25:40 2026
No corner selected from constraint nor user primary corner
Selecting clock core_clk mode FUNC corner:  BC	 WC	
-------------------------------------------------------------
Optimizing clock tree area
clock: core_clk mode: FUNC root: clk
Starting multithread based area recovery and subtree balancing
Iteration 2 (effort: low)

    Optimization Summary 		

-------------------------------------------------

	# Drivers Attempted               =       1839
	# Skipped during isValid and estimate          =          0
	# Failed subgraph evaluation           =       1218
	# Failed main graph committ          =          4
	# Successful main graph commit      =        617
	# Subgraph evaluation success rate in percent =     0.3377
	# Sg2Main acceptance ratio in percent      =     0.9936
	# NumCTCells changed               =        -80

	# Accepted         sizing moves =      537
	# Accepted        removal moves =       80

	# Total CPU time                  = 00h:01m:08s
	# Total elapsed time              = 00h:00m:16s
	# Flow total speed up             =     4.1153
	# Commit CPU time                 = 00h:00m:14s
	# Commit elapsed time             = 00h:00m:02s
	# Commit speed up                 =     5.0358
	# Generator CPU time              = 00h:00m:00s
	# Generator elapsed time          = 00h:00m:00s
	# Generator speed up              =     1.0361
	# Sg CPU time                     = 00h:00m:53s
	# Sg elapsed time                 = 00h:00m:13s
	# Sg speed up                     =     4.0085
	# The rest of flow speed up       =     3.9272

-------------------------------------------------

Clock QoR After Area Recovery and Subtree Balancing:
Clock: core_clk, Mode: FUNC, Root: clk
Information: CTS QoR Post Area Recovery Resizing: GlobalSkew = 0.1313; ID = 0.3381; NetsWithDRC = 0; Worst Tran/Cap cost = 0.0000/0.0000; ClockBufCount = 511; ClockBufArea = 2221.9199; ClockCellArea = 2221.9199; ClockWireLen = 136552.5550; Clock = core_clk; Mode = FUNC; Corner = BC; ClockRoot = clk. (CTS-037)
Information: CTS QoR Post Area Recovery Resizing: GlobalSkew = 0.3194; ID = 0.7681; NetsWithDRC = 0; Worst Tran/Cap cost = 0.0000/0.0000; ClockBufCount = 511; ClockBufArea = 2221.9199; ClockCellArea = 2221.9199; ClockWireLen = 136552.5550; Clock = core_clk; Mode = FUNC; Corner = WC; ClockRoot = clk. (CTS-037)
Area recovery and subtree balancing cpu time 00:01:08.71u 00:00:00.33s 00:00:17.08e: 
The elapsed time for optimization of clock tree is 0 hr : 0 min : 17.08 sec, cpu time is 0 hr : 1 min : 9.04 sec.
Information: The run time for Area recovery is 0 hr : 0 min : 17.11 sec, cpu time is 0 hr : 1 min : 9.06 sec. (CTS-104)
END_FUNC: cto:AR.1             CPU:   2902 s ( 0.81 hr) ELAPSE:    796 s ( 0.22 hr) MEM-PEAK:  2615 Mb Tue Aug  4 16:25:57 2026
end cto:AR.1; cpu_time: 2902; elapsed_time: 796; curr_mem: 2495; peak_mem: 2615
[cto] Finished AR.1: PASS

************************************************************
* CTS STEP: Final DRC fixing
************************************************************

[cto] Starting PostDrc.1
START_FUNC: cto:PostDrc.1      CPU:   2902 s ( 0.81 hr) ELAPSE:    796 s ( 0.22 hr) MEM-PEAK:  2615 Mb Tue Aug  4 16:25:57 2026
-------------------------------------------------------------
Optimizing clock tree DRC
clock: core_clk mode: FUNC root: clk
Clock QoR Before DRC Optimization:
Clock: core_clk, Mode: FUNC, Root: clk
Information: CTS QoR Pre Final DRC Fixing: GlobalSkew = 0.1313; ID = 0.3381; NetsWithDRC = 0; Worst Tran/Cap cost = 0.0000/0.0000; ClockBufCount = 511; ClockBufArea = 2221.9199; ClockCellArea = 2221.9199; ClockWireLen = 136552.5550; Clock = core_clk; Mode = FUNC; Corner = BC; ClockRoot = clk. (CTS-037)
Information: CTS QoR Pre Final DRC Fixing: GlobalSkew = 0.3194; ID = 0.7681; NetsWithDRC = 0; Worst Tran/Cap cost = 0.0000/0.0000; ClockBufCount = 511; ClockBufArea = 2221.9199; ClockCellArea = 2221.9199; ClockWireLen = 136552.5550; Clock = core_clk; Mode = FUNC; Corner = WC; ClockRoot = clk. (CTS-037)

Begin Post-Opt Drc Fixing
Starting multithread based drc fixing Post opt drc fixing
START_FUNC: CTSSC DRC phase    CPU:   2902 s ( 0.81 hr) ELAPSE:    796 s ( 0.22 hr) MEM-PEAK:  2615 Mb Tue Aug  4 16:25:57 2026

    Optimization Summary 		

-------------------------------------------------

	# Drivers Attempted               =          0
	# Skipped during isValid and estimate          =          0
	# Failed subgraph evaluation           =          0
	# Failed main graph committ          =          0
	# Successful main graph commit      =          0
	# NumCTCells changed               =          0


	# Total CPU time                  = 00h:00m:00s
	# Total elapsed time              = 00h:00m:00s
	# Flow total speed up             =     0.9999

-------------------------------------------------

END_FUNC: CTSSC DRC phase      CPU:   2902 s ( 0.81 hr) ELAPSE:    797 s ( 0.22 hr) MEM-PEAK:  2615 Mb Tue Aug  4 16:25:57 2026
Post-Opt drc fixing cpu time 00:00:00.23u 00:00:00.00s 00:00:00.23e: 
Clock QoR After Post-Opt Drc Fixing:
Clock: core_clk, Mode: FUNC, Root: clk
Information: CTS QoR Post Final DRC Fixing: GlobalSkew = 0.1313; ID = 0.3381; NetsWithDRC = 0; Worst Tran/Cap cost = 0.0000/0.0000; ClockBufCount = 511; ClockBufArea = 2221.9199; ClockCellArea = 2221.9199; ClockWireLen = 136552.5550; Clock = core_clk; Mode = FUNC; Corner = BC; ClockRoot = clk. (CTS-037)
Information: CTS QoR Post Final DRC Fixing: GlobalSkew = 0.3194; ID = 0.7681; NetsWithDRC = 0; Worst Tran/Cap cost = 0.0000/0.0000; ClockBufCount = 511; ClockBufArea = 2221.9199; ClockCellArea = 2221.9199; ClockWireLen = 136552.5550; Clock = core_clk; Mode = FUNC; Corner = WC; ClockRoot = clk. (CTS-037)
The elapsed time for optimization of clock tree is 0 hr : 0 min : 0.52 sec, cpu time is 0 hr : 0 min : 0.91 sec.
Information: The run time for Final DRC fixing is 0 hr : 0 min : 0.52 sec, cpu time is 0 hr : 0 min : 0.91 sec. (CTS-104)
END_FUNC: cto:PostDrc.1        CPU:   2903 s ( 0.81 hr) ELAPSE:    797 s ( 0.22 hr) MEM-PEAK:  2615 Mb Tue Aug  4 16:25:58 2026
end cto:PostDrc.1; cpu_time: 2903; elapsed_time: 797; curr_mem: 2495; peak_mem: 2615
[cto] Finished PostDrc.1: PASS
[cto] Starting CtoAppOptionReset.1
START_FUNC: cto:CtoAppOptionReset.1 CPU:   2903 s ( 0.81 hr) ELAPSE:    797 s ( 0.22 hr) MEM-PEAK:  2615 Mb Tue Aug  4 16:25:58 2026
END_FUNC: cto:CtoAppOptionReset.1 CPU:   2903 s ( 0.81 hr) ELAPSE:    797 s ( 0.22 hr) MEM-PEAK:  2615 Mb Tue Aug  4 16:25:58 2026
end cto:CtoAppOptionReset.1; cpu_time: 2903; elapsed_time: 797; curr_mem: 2495; peak_mem: 2615
[cto] Finished CtoAppOptionReset.1: PASS

************************************************************
* CTS STEP: Local skew optimization
************************************************************

[cto] Starting SolverBasedCto.1
START_FUNC: cto:SolverBasedCto.1 CPU:   2903 s ( 0.81 hr) ELAPSE:    797 s ( 0.22 hr) MEM-PEAK:  2615 Mb Tue Aug  4 16:25:58 2026
Information: The stitching and editing of coupling caps is turned OFF for design 'pde_chip_top_safe.dlib:pde_chip_top_safe.design'. (TIM-125)
Information: Update timing completed net estimation for all the timing graph nets (TIM-111)
Information: Net estimation statistics: timing graph nets = 115371, routed nets = 512, across physical hierarchy nets = 0, parasitics cached nets = 512, delay annotated nets = 0, parasitics annotated nets = 0, multi-voltage nets = 0. (TIM-112)

Mode:FUNC             Latency(early)   Latency(late)
Clock        Updated   rise    fall    rise    fall   Corner
------------------------------------------------------------
core_clk     Yes     0.7208  0.7208  0.7262  0.7262   WC
core_clk     Yes     0.3230  0.3230  0.3268  0.3268   BC

Information: The stitching and editing of coupling caps is turned OFF for design 'pde_chip_top_safe.dlib:pde_chip_top_safe.design'. (TIM-125)
Information: Design Average RC for design pde_chip_top_safe  (NEX-011)
Information: r = 1.175509 ohm/um, via_r = 1.495507 ohm/cut, c = 0.176977 ff/um, cc = 0.000000 ff/um (X dir) (NEX-017)
Information: r = 1.055983 ohm/um, via_r = 1.718437 ohm/cut, c = 0.190476 ff/um, cc = 0.000000 ff/um (Y dir) (NEX-017)
Information: Update timing completed net estimation for all the timing graph nets (TIM-111)
Information: Net estimation statistics: timing graph nets = 115371, routed nets = 512, across physical hierarchy nets = 0, parasitics cached nets = 115367, delay annotated nets = 0, parasitics annotated nets = 0, multi-voltage nets = 0. (TIM-112)
Clock: core_clk, Mode: FUNC, Root: clk
Information: CTS QoR Pre Local Skew Optimization: GlobalSkew = nan; ID = nan; NetsWithDRC = 0; Worst Tran/Cap cost = 0.0000/0.0000; ClockBufCount = 511; ClockBufArea = 2221.9199; ClockCellArea = 2221.9199; ClockWireLen = 136552.5550; Clock = core_clk; Mode = FUNC; Corner = BC; ClockRoot = clk. (CTS-037)
Information: CTS QoR Pre Local Skew Optimization: GlobalSkew = nan; ID = nan; NetsWithDRC = 0; Worst Tran/Cap cost = 0.0000/0.0000; ClockBufCount = 511; ClockBufArea = 2221.9199; ClockCellArea = 2221.9199; ClockWireLen = 136552.5550; Clock = core_clk; Mode = FUNC; Corner = WC; ClockRoot = clk. (CTS-037)
CCD MOO settings for (cto1, last_qor_strategy): 4 engines
    Engine R2R_TNS has 7 objectives, 3 enabled moves, iterationLimit = 1, solverType = CG_LP, estimateFanoutPower = 0, mergeIOWithR2R = 1, areaOnly = 0, useOldEngine = 0, preponeOpt = 1
                tns300Cutoff = 300, capAllowance = 1.600000, cgccdScaleBack = 5, powerccdScaleBack = 0, needTrialSeedGeneration = 0, drcMargin = 0.000000, commitOneByOne = 0
            R2R_TNS: priority 10, weight 10.000000, degradationPercentAllowed 0.010000, step back 0.090000, isTargeted 1, isMaximize 1
            HOLD_TNS: priority 20, weight 5.000000, degradationPercentAllowed 0.050000, step back 0.050000, isTargeted 1, isMaximize 1
            NONE_POWER: priority 30, weight 1.000000, degradationPercentAllowed 0.005000, step back 0.050000, isTargeted 1, isMaximize 0
            R2R_WNS: priority 50, weight 5.000000, degradationPercentAllowed 0.050000, step back 0.050000, isTargeted 1, isMaximize 1
            HOLD_WNS: priority 60, weight 5.000000, degradationPercentAllowed 0.050000, step back 0.050000, isTargeted 0, isMaximize 1
            IO_TNS: priority 70, weight 1.000000, degradationPercentAllowed 0.050000, step back 0.050000, isTargeted 0, isMaximize 1
            NONE_TOTAL_OFFSET: priority 99, weight 1.000000, degradationPercentAllowed nan, step back 0.050000, isTargeted 0, isMaximize 1
        Moves enabled: SIZE_CLOCK_TIMING, BUFFER_REMOVAL_CLOCK_TIMING, REPARENTING_CLOCK_TIMING, 
    Engine HOLD_TNS has 8 objectives, 2 enabled moves, iterationLimit = 1, solverType = CG_LP, estimateFanoutPower = 0, mergeIOWithR2R = 1, areaOnly = 0, useOldEngine = 0, preponeOpt = 0
                tns300Cutoff = 300, capAllowance = 1.600000, cgccdScaleBack = 5, powerccdScaleBack = 0, needTrialSeedGeneration = 0, drcMargin = 0.000000, commitOneByOne = 0
            HOLD_TNS: priority 10, weight 2.000000, degradationPercentAllowed 0.010000, step back 0.090000, isTargeted 1, isMaximize 1
            R2R_TNS: priority 20, weight 2.000000, degradationPercentAllowed 0.025000, step back 0.050000, isTargeted 1, isMaximize 1
            NONE_POWER: priority 30, weight 1.000000, degradationPercentAllowed 0.004000, step back 0.050000, isTargeted 1, isMaximize 0
            NONE_BUFFER_COUNT: priority 40, weight 5.000000, degradationPercentAllowed 0.005000, step back 0.100000, isTargeted 1, isMaximize 0
            R2R_WNS: priority 50, weight 1.000000, degradationPercentAllowed 0.010000, step back 0.050000, isTargeted 1, isMaximize 1
            HOLD_WNS: priority 60, weight 1.000000, degradationPercentAllowed 0.050000, step back 0.050000, isTargeted 0, isMaximize 1
            IO_TNS: priority 70, weight 1.000000, degradationPercentAllowed 0.050000, step back 0.050000, isTargeted 0, isMaximize 1
            NONE_TOTAL_OFFSET: priority 100, weight 1.000000, degradationPercentAllowed nan, step back 0.050000, isTargeted 0, isMaximize 1
        Moves enabled: SIZE_CLOCK_TIMING, BUFFER_CLOCK, 
    Engine R2R_TNS has 8 objectives, 2 enabled moves, iterationLimit = 1, solverType = CG_LP, estimateFanoutPower = 0, mergeIOWithR2R = 1, areaOnly = 0, useOldEngine = 0, preponeOpt = 0
                tns300Cutoff = 300, capAllowance = 1.600000, cgccdScaleBack = 5, powerccdScaleBack = 0, needTrialSeedGeneration = 1, drcMargin = 0.000000, commitOneByOne = 0
            R2R_TNS: priority 10, weight 10.000000, degradationPercentAllowed 0.010000, step back 0.090000, isTargeted 1, isMaximize 1
            HOLD_TNS: priority 20, weight 5.000000, degradationPercentAllowed 0.050000, step back 0.050000, isTargeted 1, isMaximize 1
            NONE_POWER: priority 30, weight 1.000000, degradationPercentAllowed 0.005000, step back 0.050000, isTargeted 1, isMaximize 0
            NONE_BUFFER_COUNT: priority 40, weight 5.000000, degradationPercentAllowed 0.005000, step back 0.100000, isTargeted 1, isMaximize 0
            R2R_WNS: priority 50, weight 5.000000, degradationPercentAllowed 0.050000, step back 0.050000, isTargeted 1, isMaximize 1
            HOLD_WNS: priority 60, weight 5.000000, degradationPercentAllowed 0.050000, step back 0.050000, isTargeted 0, isMaximize 1
            IO_TNS: priority 70, weight 1.000000, degradationPercentAllowed 0.050000, step back 0.050000, isTargeted 0, isMaximize 1
            NONE_TOTAL_OFFSET: priority 100, weight 1.000000, degradationPercentAllowed nan, step back 0.050000, isTargeted 0, isMaximize 1
          Objectives for trial seed generation: 
            R2R_TNS: priority 10, weight 10.000000, degradationPercentAllowed 0.010000, step back 0.070000, isTargeted 1, isMaximize 1
            NONE_BUFFER_COUNT: priority 20, weight 1.000000, degradationPercentAllowed 0.100000, step back 0.050000, isTargeted 1, isMaximize 0
            NONE_TOTAL_OFFSET: priority 30, weight 1.000000, degradationPercentAllowed nan, step back 0.050000, isTargeted 1, isMaximize 1
            R2R_WNS: priority 40, weight 5.000000, degradationPercentAllowed 0.010000, step back 0.050000, isTargeted 0, isMaximize 1
            HOLD_TNS: priority 50, weight 10.000000, degradationPercentAllowed 0.010000, step back 0.030000, isTargeted 0, isMaximize 1
            HOLD_WNS: priority 60, weight 1.000000, degradationPercentAllowed 0.010000, step back 0.030000, isTargeted 0, isMaximize 1
            IO_TNS: priority 70, weight 1.000000, degradationPercentAllowed 0.050000, step back 0.050000, isTargeted 0, isMaximize 1
        Moves enabled: SIZE_CLOCK_TIMING, BUFFER_CLOCK, 
    Engine NONE_POWER has 8 objectives, 2 enabled moves, iterationLimit = 1, solverType = CG_LP, estimateFanoutPower = 1, mergeIOWithR2R = 1, areaOnly = 0, useOldEngine = 0, preponeOpt = 0
                tns300Cutoff = 300, capAllowance = 100.000000, cgccdScaleBack = 5, powerccdScaleBack = 0, needTrialSeedGeneration = 0, drcMargin = 0.000000, commitOneByOne = 0
            NONE_POWER: priority 10, weight 20.000000, degradationPercentAllowed 0.005000, step back 0.050000, isTargeted 1, isMaximize 0
            NONE_BUFFER_COUNT: priority 20, weight 10.000000, degradationPercentAllowed 0.005000, step back 0.050000, isTargeted 1, isMaximize 0
            R2R_TNS: priority 30, weight 2.000000, degradationPercentAllowed 0.050000, step back 0.100000, isTargeted 1, isMaximize 1
            HOLD_TNS: priority 40, weight 1.000000, degradationPercentAllowed 0.000000, step back 0.050000, isTargeted 1, isMaximize 1
            R2R_WNS: priority 50, weight 1.000000, degradationPercentAllowed 0.005000, step back 0.050000, isTargeted 1, isMaximize 1
            HOLD_WNS: priority 60, weight 1.000000, degradationPercentAllowed 0.100000, step back 0.050000, isTargeted 0, isMaximize 1
            IO_TNS: priority 70, weight 1.000000, degradationPercentAllowed 0.050000, step back 0.050000, isTargeted 0, isMaximize 1
            NONE_TOTAL_OFFSET: priority 100, weight 1.000000, degradationPercentAllowed nan, step back 0.050000, isTargeted 0, isMaximize 1
        Moves enabled: SIZE_CLOCK_POWER, BUFFER_REMOVAL_CLOCK_POWER, 
DBG: ccdInfra::ccdInfra
Drc Mode Option: auto
CCD blasted path groups
DBG: ccdInfra::initAppOptions
DBG: ccdInfra::initCtsFixedBalancePins

CCD-Info: App options set by user
   No CCD app option is set.
CCD: using 8 threads
CTSSC route status detected: clock (VR 0, GR 48180, DR 0), data (VR 114859, GR 0, DR 0); stage = auto, isPostRoute = FALSE
Information: Activity propagation will be performed for scenario FUNC_WC.
Information: Doing activity propagation for mode 'FUNC' and corner 'WC' with effort level 'low'. (POW-024)
Information: Timer-derived activity data is cached on scenario FUNC_WC (POW-052)
Information: Running switching activity propagation with 8 threads!

 **** Information : No. of simulation cycles = 4 ****
Total power = 23.586506, Leakage = 0.089006, Internal = 18.468248, Switching = 5.029251
Information: 'WC' is identified as primary corner for initial clock tree building. (CTS-103)

CCD: Initial QOR:
---------------------------------------------------------------------------------------------
 Design (setup) WNS = 1.086768, TNS = 0.000000, NVP = 0
 Design (hold) WNHS = -0.033236, TNHS = -0.087432, NHVP = 4

    Scenario FUNC_WC  WNS = 1.086768, TNS = 0.000000, NVP = 0
    Scenario FUNC_BC  WNHS = -0.033236, TNHS = -0.087432, NHVP = 4
---------------------------------------------------------------------------------------------
CCD-QoR: Timing: WNS = 1.087, TNS = 0.000, NVP = 0, UNWEIGHTED_TNS = 0.000, WNHS = -0.033, TNHS = -0.087, NHVP = 4, UNWEIGHTED_TNHS = -0.087, R2R(wns=1.086768, tns=0.000000, nvp=0)
 All scenarios used by CCD
    scenario 0: FUNC_BC , isMaxTran, isMaxCap
          mode: FUNC, id = 1
          corner: BC, id = 2
          isHold: wns = -0.033236, unweighted tns = -0.087432

    scenario 1: FUNC_WC , isDynamicPower, isLeakagePower, isMaxTran, isMaxCap, hold blocked 
          mode: FUNC, id = 1
          corner: WC, id = 1
          isSetup: wns = 1.086768, unweighted tns = 0.000000

Enable clock slack update

    Optimization Summary 		

-------------------------------------------------

  # Seeds generated                              0
  # Valid linear regressions                     0
  # Seeds with valid budget                      0
  # Seeds with accepted implementation           0
  # NumCTCells changed                           0


  # Total CPU time                               00h:00m:05s
  # Total elapsed time                           00h:00m:01s
  # Flow total speed up                          3.323174
  # Init lazy tns CPU time                       00h:00m:04s
  # Init lazy tns elapsed time                   00h:00m:01s
  # Init lazy tns speed up                       3.394886
  # Seed generation CPU time                     00h:00m:00s
  # Seed generation elapsed time                 00h:00m:00s
  # Seed generation speed up                     0.999797

-------------------------------------------------


CCD: After FMAX optimization:cto1_HOLD_TNS1
---------------------------------------------------------------------------------------------
 Design (setup) WNS = 1.086768, TNS = 0.000000, NVP = 0
 Design (hold) WNHS = -0.033236, TNHS = -0.087432, NHVP = 4

    Scenario FUNC_WC  WNS = 1.086768, TNS = 0.000000, NVP = 0
    Scenario FUNC_BC  WNHS = -0.033236, TNHS = -0.087432, NHVP = 4
---------------------------------------------------------------------------------------------
CCD-QoR: Timing: WNS = 1.087, TNS = 0.000, NVP = 0, UNWEIGHTED_TNS = 0.000, WNHS = -0.033, TNHS = -0.087, NHVP = 4, UNWEIGHTED_TNHS = -0.087, R2R(wns=1.086768, tns=0.000000, nvp=0)

    Optimization Summary 		

-------------------------------------------------

  # Seeds generated                              86
  # Valid linear regressions                     86
  # Seeds with valid budget                      64
  # Seeds with accepted implementation           64
  # NumCTCells changed                           -23

  # Number of cells sized                        54
  # Number of cells added                        0
  # Number of cells removed                      23
  # Number of cells relocated                    0
  # Number of cells flipped rotated              0

  # Total CPU time                               00h:00m:28s
  # Total elapsed time                           00h:00m:04s
  # Flow total speed up                          5.965151
  # Init lazy tns CPU time                       00h:00m:04s
  # Init lazy tns elapsed time                   00h:00m:00s
  # Init lazy tns speed up                       6.532624
  # Seed generation CPU time                     00h:00m:00s
  # Seed generation elapsed time                 00h:00m:00s
  # Seed generation speed up                     2.027889
  # Linear regression CPU time                   00h:00m:04s
  # Linear regression elapsed time               00h:00m:00s
  # Linear regression speed up                   7.334801
  # LP solver CPU time                           00h:00m:00s
  # LP solver elapsed time                       00h:00m:00s
  # LP solver speed up                           1.646165
  # Breakdown of elapsed runtime for solver:     
     Lazy model initializations:                 81.75%
     Prepare moo/get initial QOR:                15.05%
     Commit/annotate budget:                     0.00%
     Solve runtime: 2.94% of which 0.42% is incremental-LP runtime
     Other:                                      0.26%
  # Sg implementation CPU time                   00h:00m:03s
  # Sg implementation elapsed time               00h:00m:00s
  # Sg speed up                                  5.883144
  # Commit CPU time                              00h:00m:14s
  # Commit elapsed time                          00h:00m:02s
  # Commit speed up                              7.029435

-------------------------------------------------


CCD: After FMAX optimization:cto1_NONE_POWER3
---------------------------------------------------------------------------------------------
 Design (setup) WNS = 1.076013, TNS = 0.000000, NVP = 0
 Design (hold) WNHS = -0.027801, TNHS = -0.055258, NHVP = 2

    Scenario FUNC_WC  WNS = 1.076013, TNS = 0.000000, NVP = 0
    Scenario FUNC_BC  WNHS = -0.027801, TNHS = -0.055258, NHVP = 2
---------------------------------------------------------------------------------------------
CCD-QoR: Timing: WNS = 1.076, TNS = 0.000, NVP = 0, UNWEIGHTED_TNS = 0.000, WNHS = -0.028, TNHS = -0.055, NHVP = 2, UNWEIGHTED_TNHS = -0.055, R2R(wns=1.076013, tns=0.000000, nvp=0)
Mark clock trees...
Marking clock synthesized attributes

Marking spacing rules

Clock cell spacing rule list:
   No clock cell spacing rule is found.
CCD unblasted path groups
Clock: core_clk, Mode: FUNC, Root: clk
Information: CTS QoR Post Local Skew Optimization: GlobalSkew = nan; ID = nan; NetsWithDRC = 0; Worst Tran/Cap cost = 0.0000/0.0000; ClockBufCount = 488; ClockBufArea = 1995.1200; ClockCellArea = 1995.1200; ClockWireLen = 136193.9000; Clock = core_clk; Mode = FUNC; Corner = BC; ClockRoot = clk. (CTS-037)
Information: CTS QoR Post Local Skew Optimization: GlobalSkew = nan; ID = nan; NetsWithDRC = 0; Worst Tran/Cap cost = 0.0000/0.0000; ClockBufCount = 488; ClockBufArea = 1995.1200; ClockCellArea = 1995.1200; ClockWireLen = 136193.9000; Clock = core_clk; Mode = FUNC; Corner = WC; ClockRoot = clk. (CTS-037)
Information: The run time for Local skew optimization is 0 hr : 0 min : 18.66 sec, cpu time is 0 hr : 1 min : 32.67 sec. (CTS-104)
END_FUNC: cto:SolverBasedCto.1 CPU:   2995 s ( 0.83 hr) ELAPSE:    815 s ( 0.23 hr) MEM-PEAK:  2878 Mb Tue Aug  4 16:26:16 2026
end cto:SolverBasedCto.1; cpu_time: 2995; elapsed_time: 815; curr_mem: 2629; peak_mem: 2878
[cto] Finished SolverBasedCto.1: PASS
rtapi Thread-server 1: shutdown 
rtapi Thread-server 7: shutdown 
rtapi Thread-server 0: shutdown 
rtapi Thread-server 3: shutdown 
rtapi Thread-server 6: shutdown 
rtapi Thread-server 2: shutdown 
rtapi Thread-server 5: shutdown 
rtapi Thread-server 4: shutdown 

No. startProblems      =  1990 

No. doRoutes           =   892 
No. doUnroutes         =  1772 
No. redoRoutes         =     2 
No. redoUnroutes       =     1 
No. undoRoutes         =   763 
No. undoUnroutes       =  1514 
No. commitRoutes       =   109 
No. commitUnroutes     =   215 
No. uncommitRoutes     =     4 
No. uncommitUnroutes   =     8 
No. doRoute fails      =     0 
No. doUnroute fails    =     0 

No. viaLadderQueries   =     0 
No. doDelVias          =     0 
No. doAddVias          =     0 
No. redoDelVias        =     0 
No. redoAddVias        =     0 
No. undoDelVias        =     0 
No. undoAddVias        =     0 
No. commitChangeVias   =     0 
No. uncommitChangeVias =     0 
No. doDelVias fails    =     0 
No. doAddVias fails    =     0 

Updating congestion ...
Updating congestion ...
GR Routing Service: Wrote GR congmap to NDM 
Information: The netlist change observers are enabled for incremental timing updates. (TIM-120)
Information: The netlist change observers are enabled for incremental extraction. (TIM-127)
Information: The net parasitics of block pde_chip_top_safe are cleared. (TIM-123)
Cell Min-Routing-Layer = M1
Cell Max-Routing-Layer = M6
Turn off antenna since no rule is specified
Information: Option route.detail.force_end_on_preferred_grid will be ignored since none of the layers have preferred grid. (ZRT-703)
Info: number of net_type_blockage: 0 
Information: Via ladder engine would be activated for pattern must join connection in certain commands. Please refer to man-page for the command list. (ZRT-619)
Via on layer (VIA1) needs more than one tracks
Warning: Layer M1 default pitch 0.200 may be too small to handle up/down via. Note, that minimum requirements are "wire/via-down 0.180" & "wire/via-up 0.225". (ZRT-026)
Via on layer (VIA5) needs more than one tracks
Warning: Layer M5 default pitch 0.200 may be too small to handle up/down via. Note, that minimum requirements are "wire/via-down 0.200" & "wire/via-up 0.350". (ZRT-026)
Via on layer (RV) needs more than one tracks
Warning: Layer M6 default pitch 0.800 may be too small to handle up/down via. Note, that minimum requirements are "wire/via-down 0.800" & "wire/via-up 3.600". (ZRT-026)
Information: When applicable Min-max layer allow_pin_connection mode will allow paths of length 3.00 outside the layer range. (ZRT-707)
Information: When applicable Min-max layer allow_pin_connection mode will allow paths of length 3.00 outside the layer range on clock nets. (ZRT-718)
Information: When applicable layer based tapering will taper up to 0.00 in distance from the pin. (ZRT-706)
Warning: Cell u_impl/u_core/g_row_5__g_col_9__u_pe/u_sol/u_black_q_reg_4_ is placed overlapping with other cells at {{240.000 29.800} {244.400 31.600}}. (ZRT-763)
Warning: Cell u_impl/u_core/g_row_2__g_col_0__u_pe/u_sol/u_black_q_reg_11_ is placed overlapping with other cells at {{347.800 26.200} {352.200 28.000}}. (ZRT-763)
Warning: Cell u_impl/u_core/g_row_2__g_col_9__u_pe/u_status/fit12_q_reg is placed overlapping with other cells at {{449.400 69.400} {453.800 71.200}}. (ZRT-763)
Warning: Cell u_impl/u_core/g_row_3__g_col_0__u_pe/u_sol/u_black_q_reg_13_ is placed overlapping with other cells at {{540.000 28.000} {544.400 29.800}}. (ZRT-763)
Warning: Cell u_impl/u_core/g_row_4__g_col_2__u_pe/u_sol/u_red_q_reg_14_ is placed overlapping with other cells at {{723.000 29.800} {727.400 31.600}}. (ZRT-763)
Warning: Cell u_impl/u_core/g_row_2__g_col_5__u_pe/u_dsm/err_red_q_reg_1_ is placed overlapping with other cells at {{690.000 116.200} {694.400 118.000}}. (ZRT-763)
Warning: Cell u_impl/u_core/g_row_1__g_col_7__u_pe/u_dsm/err_black_q_reg_1_ is placed overlapping with other cells at {{778.200 148.600} {782.600 150.400}}. (ZRT-763)
Warning: Cell u_impl/u_core/g_row_3__g_col_6__u_pe/u_sol/u_red_q_reg_3_ is placed overlapping with other cells at {{844.600 98.200} {849.000 100.000}}. (ZRT-763)
Warning: Cell u_impl/u_core/g_row_8__g_col_2__u_pe/u_sol/u_black_q_reg_1_ is placed overlapping with other cells at {{88.400 191.800} {92.800 193.600}}. (ZRT-763)
Warning: Cell u_impl/u_core/g_row_7__g_col_7__u_pe/u_dsm/rem_q_reg_1_ is placed overlapping with other cells at {{176.800 202.600} {181.200 204.400}}. (ZRT-763)
Warning: Cell u_impl/u_core/g_row_5__g_col_3__u_pe/u_r_black/q_reg_4_ is placed overlapping with other cells at {{316.400 181.000} {320.800 182.800}}. (ZRT-763)
Warning: Cell u_impl/ZCTSBUF_644253_27055 is placed overlapping with other cells at {{373.400 182.800} {375.800 184.600}}. (ZRT-763)
Warning: Cell u_impl/black_shadow_reg_64__6_ is placed overlapping with other cells at {{423.200 213.400} {427.000 215.200}}. (ZRT-763)
Warning: Cell u_impl/ZCTSBUF_668964_27069 is placed overlapping with other cells at {{508.600 231.400} {511.800 233.200}}. (ZRT-763)
Warning: Cell u_impl/red_shadow_reg_44__14_ is placed overlapping with other cells at {{632.200 197.200} {636.000 199.000}}. (ZRT-763)
Warning: Cell u_impl/u_core/g_row_1__g_col_8__u_pe/u_r_red/q_reg_15_ is placed overlapping with other cells at {{762.600 184.600} {767.000 186.400}}. (ZRT-763)
Warning: Cell u_impl/u_core/g_row_8__g_col_7__u_pe/u_sol/u_black_q_reg_13_ is placed overlapping with other cells at {{77.800 272.800} {82.200 274.600}}. (ZRT-763)
Warning: Cell u_impl/u_core/g_row_9__g_col_5__u_pe/u_r_black/q_reg_6_ is placed overlapping with other cells at {{211.400 317.800} {215.800 319.600}}. (ZRT-763)
Warning: Cell u_impl/ZCTSBUF_630307_27038 is placed overlapping with other cells at {{425.000 265.600} {427.400 267.400}}. (ZRT-763)
Warning: Cell u_impl/ZCTSBUF_691608_27088 is placed overlapping with other cells at {{518.600 298.000} {521.800 299.800}}. (ZRT-763)
Warning: Cell u_impl/u_core/g_row_1__g_col_3__u_pe/u_r_black/q_reg_4_ is placed overlapping with other cells at {{707.800 242.200} {712.200 244.000}}. (ZRT-763)
Warning: Cell u_impl/u_core/g_row_1__g_col_4__u_pe/u_alu/carry_q_reg_3_ is placed overlapping with other cells at {{785.000 242.200} {789.400 244.000}}. (ZRT-763)
Warning: Cell u_impl/u_core/g_row_10__g_col_3__u_pe/u_r_black/q_reg_12_ is placed overlapping with other cells at {{110.600 393.400} {115.000 395.200}}. (ZRT-763)
Warning: Cell u_impl/red_shadow_reg_86__7_ is placed overlapping with other cells at {{358.800 321.400} {362.800 323.200}}. (ZRT-763)
Warning: Cell u_impl/ZCTSBUF_535304_26650 is placed overlapping with other cells at {{604.800 388.000} {607.200 389.800}}. (ZRT-763)
Warning: Cell u_impl/black_shadow_reg_196__7_ is placed overlapping with other cells at {{674.200 348.400} {678.000 350.200}}. (ZRT-763)
Warning: Cell u_impl/u_core/g_row_0__g_col_1__u_pe/u_r_black/q_reg_9_ is placed overlapping with other cells at {{735.800 379.000} {740.200 380.800}}. (ZRT-763)
Warning: Cell u_impl/u_core/g_row_0__g_col_8__u_pe/u_sol/u_black_q_reg_9_ is placed overlapping with other cells at {{847.000 348.400} {851.400 350.200}}. (ZRT-763)
Warning: Cell u_impl/u_core/g_row_10__g_col_5__u_pe/u_sol/u_black_q_reg_5_ is placed overlapping with other cells at {{55.600 406.000} {60.000 407.800}}. (ZRT-763)
Warning: Cell u_impl/u_core/g_row_10__g_col_1__u_pe/u_r_black/q_reg_13_ is placed overlapping with other cells at {{148.000 424.000} {152.400 425.800}}. (ZRT-763)
Warning: Cell u_impl/ZCTSBUF_411389_26701 is placed overlapping with other cells at {{199.400 469.000} {201.800 470.800}}. (ZRT-763)
Warning: Cell u_impl/ZCTSINV_613869_27003 is placed overlapping with other cells at {{359.200 413.200} {361.000 415.000}}. (ZRT-763)
Warning: Cell u_impl/ZCTSBUF_189516_26989 is placed overlapping with other cells at {{423.800 422.200} {428.200 424.000}}. (ZRT-763)
Warning: Cell u_impl/ZCTSBUF_497404_26669 is placed overlapping with other cells at {{710.800 404.200} {712.600 406.000}}. (ZRT-763)
Warning: Cell u_impl/south_valid_q_reg_11_ is placed overlapping with other cells at {{729.600 406.000} {734.000 407.800}}. (ZRT-763)
Warning: Cell u_impl/u_core/g_row_11__g_col_3__u_pe/u_sol/u_red_q_reg_7_ is placed overlapping with other cells at {{65.600 537.400} {70.000 539.200}}. (ZRT-763)
Warning: Cell u_impl/u_core/g_row_10__g_col_8__u_pe/u_r_black/q_reg_4_ is placed overlapping with other cells at {{128.400 519.400} {132.800 521.200}}. (ZRT-763)
Warning: Cell u_impl/u_core/ZCTSBUF_408521_26704 is placed overlapping with other cells at {{166.800 508.600} {169.200 510.400}}. (ZRT-763)
Warning: Cell u_impl/red_shadow_reg_113__6_ is placed overlapping with other cells at {{376.600 551.800} {380.600 553.600}}. (ZRT-763)
Warning: Cell u_impl/ZCTSBUF_513577_26673 is placed overlapping with other cells at {{652.400 479.800} {655.600 481.600}}. (ZRT-763)
Warning: Cell u_impl/u_core/g_row_19__g_col_6__u_pe/u_dsm/err_black_q_reg_1_ is placed overlapping with other cells at {{793.600 515.800} {798.000 517.600}}. (ZRT-763)
Warning: Cell u_impl/ZCTSBUF_479355_26628 is placed overlapping with other cells at {{798.000 515.800} {803.600 517.600}}. (ZRT-763)
Warning: Cell u_impl/u_core/ZCTSBUF_396151_26706 is placed overlapping with other cells at {{27.400 560.800} {29.200 562.600}}. (ZRT-763)
Warning: Cell u_impl/u_core/g_row_11__g_col_8__u_pe/u_r_red/q_reg_1_ is placed overlapping with other cells at {{167.800 580.600} {172.200 582.400}}. (ZRT-763)
Warning: Cell u_impl/u_core/g_row_17__g_col_0__u_pe/u_r_red/q_reg_1_ is placed overlapping with other cells at {{249.400 632.800} {253.800 634.600}}. (ZRT-763)
Warning: Cell u_impl/black_shadow_reg_118__5_ is placed overlapping with other cells at {{339.000 559.000} {343.000 560.800}}. (ZRT-763)
Warning: Cell u_impl/cfg_rdata_reg_12_ is placed overlapping with other cells at {{604.000 640.000} {608.400 641.800}}. (ZRT-763)
Warning: Cell u_impl/u_core/g_row_18__g_col_2__u_pe/u_r_black/q_reg_1_ is placed overlapping with other cells at {{725.800 625.600} {730.200 627.400}}. (ZRT-763)
Warning: Cell u_impl/u_core/g_row_18__g_col_8__u_pe/u_status/small_q_reg is placed overlapping with other cells at {{809.600 577.000} {814.000 578.800}}. (ZRT-763)
Warning: Cell u_impl/u_core/g_row_17__g_col_4__u_pe/u_r_black/q_reg_7_ is placed overlapping with other cells at {{279.200 679.600} {283.600 681.400}}. (ZRT-763)
Warning: Cell u_impl/ZCTSINV_243155_26791 is placed overlapping with other cells at {{607.200 659.800} {609.000 661.600}}. (ZRT-763)
Warning: Cell u_impl/u_core/ZCTSBUF_276613_26812 is placed overlapping with other cells at {{640.800 656.200} {646.400 658.000}}. (ZRT-763)
Warning: Cell u_impl/u_core/ZCTSBUF_282503_26817 is placed overlapping with other cells at {{730.200 640.000} {733.400 641.800}}. (ZRT-763)
Warning: Cell u_impl/u_core/ZCTSBUF_294729_26820 is placed overlapping with other cells at {{802.400 661.600} {804.200 663.400}}. (ZRT-763)
Warning: Cell u_impl/u_core/ZCTSBUF_439725_26742 is placed overlapping with other cells at {{173.000 767.800} {176.200 769.600}}. (ZRT-763)
Warning: Cell u_impl/u_core/ZCTSBUF_312987_26901 is placed overlapping with other cells at {{277.200 749.800} {279.000 751.600}}. (ZRT-763)
Warning: Cell u_impl/u_core/g_row_17__g_col_7__u_pe/u_r_black/q_reg_1_ is placed overlapping with other cells at {{359.600 722.800} {364.000 724.600}}. (ZRT-763)
Warning: Cell u_impl/u_core/g_row_17__g_col_8__u_pe/u_r_black/q_reg_8_ is placed overlapping with other cells at {{433.400 722.800} {437.800 724.600}}. (ZRT-763)
Warning: Cell u_impl/u_core/ZCTSINV_229798_26781 is placed overlapping with other cells at {{607.000 742.600} {607.800 744.400}}. (ZRT-763)
Warning: Cell u_impl/u_core/ZCTSBUF_263192_26804 is placed overlapping with other cells at {{684.600 751.600} {687.000 753.400}}. (ZRT-763)
Warning: Cell u_impl/u_core/g_row_18__g_col_0__u_pe/u_sol/u_red_q_reg_11_ is placed overlapping with other cells at {{743.800 755.200} {748.200 757.000}}. (ZRT-763)
Warning: Cell u_impl/u_core/g_row_15__g_col_1__u_pe/u_dsm/rem_q_reg_1_ is placed overlapping with other cells at {{285.800 798.400} {290.200 800.200}}. (ZRT-763)
Warning: Cell u_impl/u_core/ZCTSBUF_320300_26895 is placed overlapping with other cells at {{318.400 820.000} {321.600 821.800}}. (ZRT-763)
Warning: Cell u_impl/u_core/ZCTSBUF_356100_26859 is placed overlapping with other cells at {{453.200 800.200} {456.400 802.000}}. (ZRT-763)
Warning: Cell u_impl/u_core/ZCTSBUF_272537_26800 is placed overlapping with other cells at {{634.800 811.000} {636.600 812.800}}. (ZRT-763)
Start Global Route ... 
[Init] Elapsed real time: 0:00:00 
[Init] Elapsed cpu  time: sys=0:00:00 usr=0:00:00 total=0:00:00
[Init] Stage (MB): Used    0  Alloctr    0  Proc    0 
[Init] Total (MB): Used  160  Alloctr  165  Proc 6331 
Printing options for 'route.common.*'
common.verbose_level                                    :	 0                   

Printing options for 'route.global.*'
global.crosstalk_driven                                 :	 false               
global.timing_driven                                    :	 false               

Begin global routing.
Loading parastics information to the router ...
parastics information loaded to the router.
[End of Loading Timing] Elapsed real time: 0:00:00 
[End of Loading Timing] Elapsed cpu  time: sys=0:00:00 usr=0:00:00 total=0:00:00
Constructing data structure ...
Design statistics:
Design Bounding Box (0.00um,0.00um,875.00um,875.00um)
Number of routing layers = 7
layer M1, dir Hor, min width = 0.09um, min space = 0.09um pitch = 0.2um
layer M2, dir Ver, min width = 0.1um, min space = 0.1um pitch = 0.2um
layer M3, dir Hor, min width = 0.1um, min space = 0.1um pitch = 0.2um
layer M4, dir Ver, min width = 0.1um, min space = 0.1um pitch = 0.2um
layer M5, dir Hor, min width = 0.1um, min space = 0.1um pitch = 0.2um
layer M6, dir Ver, min width = 0.4um, min space = 0.4um pitch = 0.8um
layer AP, dir Hor, min width = 3um, min space = 2um pitch = 6.5um
Current Stage stats:
[End of Build Tech Data] Elapsed real time: 0:00:00 
[End of Build Tech Data] Elapsed cpu  time: sys=0:00:00 usr=0:00:00 total=0:00:00
[End of Build Tech Data] Stage (MB): Used    4  Alloctr    4  Proc    0 
[End of Build Tech Data] Total (MB): Used  168  Alloctr  173  Proc 6331 
Net statistics:
Total number of nets     = 115350
Number of nets to route  = 489
321 nets are partially connected,
 of which 0 are detail routed and 321 are global routed.
176 nets are fully connected,
 of which 8 are detail routed and 168 are global routed.
Net length statistics: 
Net Count(Ignore Fully Rted) 321, Total Half Perimeter Wire Length (HPWL) 31853 microns
HPWL   0 ~   50 microns: Net Count        2	Total HPWL           90 microns
HPWL  50 ~  100 microns: Net Count      255	Total HPWL        20820 microns
HPWL 100 ~  200 microns: Net Count       46	Total HPWL         5466 microns
HPWL 200 ~  300 microns: Net Count       11	Total HPWL         2727 microns
HPWL 300 ~  400 microns: Net Count        4	Total HPWL         1373 microns
HPWL 400 ~  500 microns: Net Count        2	Total HPWL          869 microns
HPWL 500 ~  600 microns: Net Count        1	Total HPWL          508 microns
HPWL 600 ~  700 microns: Net Count        0	Total HPWL            0 microns
HPWL 700 ~  800 microns: Net Count        0	Total HPWL            0 microns
HPWL 800 ~  900 microns: Net Count        0	Total HPWL            0 microns
HPWL 900 ~ 1000 microns: Net Count        0	Total HPWL            0 microns
HPWL     > 1000 microns: Net Count        0	Total HPWL            0 microns
Current Stage stats:
[End of Build All Nets] Elapsed real time: 0:00:00 
[End of Build All Nets] Elapsed cpu  time: sys=0:00:00 usr=0:00:00 total=0:00:00
[End of Build All Nets] Stage (MB): Used   81  Alloctr   82  Proc    0 
[End of Build All Nets] Total (MB): Used  249  Alloctr  255  Proc 6331 
Number of partitions: 1 (1 x 1)
Size of partitions: 487 gCells x 487 gCells
Average gCell capacity  2.28	 on layer (1)	 M1
Average gCell capacity  8.95	 on layer (2)	 M2
Average gCell capacity  8.97	 on layer (3)	 M3
Average gCell capacity  8.95	 on layer (4)	 M4
Average gCell capacity  8.86	 on layer (5)	 M5
Average gCell capacity  2.22	 on layer (6)	 M6
Average gCell capacity  0.28	 on layer (7)	 AP
Average number of tracks per gCell 8.99	 on layer (1)	 M1
Average number of tracks per gCell 8.99	 on layer (2)	 M2
Average number of tracks per gCell 8.99	 on layer (3)	 M3
Average number of tracks per gCell 8.99	 on layer (4)	 M4
Average number of tracks per gCell 8.99	 on layer (5)	 M5
Average number of tracks per gCell 2.25	 on layer (6)	 M6
Average number of tracks per gCell 0.28	 on layer (7)	 AP
Number of gCells = 1660183
Current Stage stats:
[End of Build Congestion Map] Elapsed real time: 0:00:01 
[End of Build Congestion Map] Elapsed cpu  time: sys=0:00:00 usr=0:00:00 total=0:00:00
[End of Build Congestion Map] Stage (MB): Used   29  Alloctr   30  Proc    0 
[End of Build Congestion Map] Total (MB): Used  279  Alloctr  285  Proc 6331 
Number of partitions: 1 (1 x 1)
Size of partitions: 487 gCells x 487 gCells
Current Stage stats:
[End of Add Nets Demand] Elapsed real time: 0:00:00 
[End of Add Nets Demand] Elapsed cpu  time: sys=0:00:00 usr=0:00:00 total=0:00:00
[End of Add Nets Demand] Stage (MB): Used    0  Alloctr    0  Proc    0 
[End of Add Nets Demand] Total (MB): Used  279  Alloctr  286  Proc 6331 
Number of user frozen nets = 0
Information: RC layer preference is turned off for this design. (ZRT-613)
Total stats:
[End of Build Data] Elapsed real time: 0:00:01 
[End of Build Data] Elapsed cpu  time: sys=0:00:00 usr=0:00:01 total=0:00:01
[End of Build Data] Stage (MB): Used  116  Alloctr  117  Proc    0 
[End of Build Data] Total (MB): Used  279  Alloctr  286  Proc 6331 
Number of partitions: 1 (1 x 1)
Size of partitions: 487 gCells x 487 gCells
Current Stage stats:
[End of Blocked Pin Detection] Elapsed real time: 0:00:00 
[End of Blocked Pin Detection] Elapsed cpu  time: sys=0:00:00 usr=0:00:00 total=0:00:00
[End of Blocked Pin Detection] Stage (MB): Used   68  Alloctr   68  Proc    0 
[End of Blocked Pin Detection] Total (MB): Used  347  Alloctr  354  Proc 6331 
Information: Using 8 threads for routing. (ZRT-444)
Information: Multiple gcell levels ON
Information: Buffer distance is estimated to be ~1417.0000um (787 gCells)

Start GR phase 0
Number of partitions: 1 (1 x 1)
Size of partitions: 487 gCells x 487 gCells
[rtAllBotParts] Elapsed real time: 0:00:00 
[rtAllBotParts] Elapsed cpu  time: sys=0:00:00 usr=0:00:00 total=0:00:00
[rtTop] Elapsed real time: 0:00:00 
[rtTop] Elapsed cpu  time: sys=0:00:00 usr=0:00:00 total=0:00:00
Current Stage stats:
[End of Initial Routing] Elapsed real time: 0:00:00 
[End of Initial Routing] Elapsed cpu  time: sys=0:00:00 usr=0:00:00 total=0:00:00
[End of Initial Routing] Stage (MB): Used    0  Alloctr    0  Proc    0 
[End of Initial Routing] Total (MB): Used  348  Alloctr  355  Proc 6331 
Initial. Routing result:
Initial. Both Dirs: Dmd-Cap  =     0 Max = 0 GRCs =     0 (0.00%)
Initial. H routing: Dmd-Cap  =     0 Max = 0 (GRCs =  0) GRCs =     0 (0.00%)
Initial. V routing: Dmd-Cap  =     0 Max = 0 (GRCs =  0) GRCs =     0 (0.00%)
Initial. Both Dirs: Overflow =     7 Max = 1 GRCs =     7 (0.00%)
Initial. H routing: Overflow =     7 Max = 1 (GRCs =  7) GRCs =     7 (0.00%)
Initial. V routing: Overflow =     0 Max = 0 (GRCs =  0) GRCs =     0 (0.00%)
Initial. M1         Overflow =     7 Max = 1 (GRCs =  7) GRCs =     7 (0.00%)
Initial. M2         Overflow =     0 Max = 0 (GRCs =  0) GRCs =     0 (0.00%)
Initial. M3         Overflow =     0 Max = 0 (GRCs =  0) GRCs =     0 (0.00%)
Initial. M4         Overflow =     0 Max = 0 (GRCs =  0) GRCs =     0 (0.00%)
Initial. M5         Overflow =     0 Max = 0 (GRCs =  0) GRCs =     0 (0.00%)
Initial. M6         Overflow =     0 Max = 0 (GRCs =  0) GRCs =     0 (0.00%)
Initial. AP         Overflow =     0 Max = 0 (GRCs =  0) GRCs =     0 (0.00%)

Initial. Total Wire Length = 131147.53
Initial. Layer M1 wire length = 76.46
Initial. Layer M2 wire length = 16006.85
Initial. Layer M3 wire length = 63381.81
Initial. Layer M4 wire length = 50818.05
Initial. Layer M5 wire length = 864.36
Initial. Layer M6 wire length = 0.00
Initial. Layer AP wire length = 0.00
Initial. Total Number of Contacts = 73141
Initial. Via VIA12_HV count = 24914
Initial. Via VIA23 count = 25224
Initial. Via VIA34 count = 22687
Initial. Via VIA45 count = 316
Initial. Via VIA56 count = 0
Initial. Via VIA67 count = 0
Initial. completed.
[End of Whole Chip Routing] Elapsed real time: 0:00:01 
[End of Whole Chip Routing] Elapsed cpu  time: sys=0:00:00 usr=0:00:02 total=0:00:02
[End of Whole Chip Routing] Stage (MB): Used  184  Alloctr  186  Proc    0 
[End of Whole Chip Routing] Total (MB): Used  348  Alloctr  354  Proc 6331 

Information: Global Routing didn't terminate early. (ZRT-103)

Congestion utilization per direction:
Average vertical track utilization   =  1.49 %
Peak    vertical track utilization   = 25.00 %
Average horizontal track utilization =  1.60 %
Peak    horizontal track utilization = 23.81 %

[End of Global Routing] Elapsed real time: 0:00:02 
[End of Global Routing] Elapsed cpu  time: sys=0:00:00 usr=0:00:02 total=0:00:02
[End of Global Routing] Stage (MB): Used  157  Alloctr  159  Proc    0 
[End of Global Routing] Total (MB): Used  321  Alloctr  327  Proc 6331 
Updating congestion ...
Updating congestion ...
[End of dbOut] Elapsed real time: 0:00:00 
[End of dbOut] Elapsed cpu  time: sys=0:00:00 usr=0:00:00 total=0:00:00
[End of dbOut] Stage (MB): Used   -6  Alloctr   -6  Proc    0 
[End of dbOut] Total (MB): Used  192  Alloctr  198  Proc 6331 
Skip track assign
Skip detail route
Updating the database ...
There are 102 buffers reduced and 0 inverters added by Clock Tree Optimization.
************************************************************
* CTS STEP: Postlude
************************************************************
Info: 23905 sinks and boundary insts are set as application_fixed
Information: The run time for postlude is 0 hr : 0 min : 0.08 sec, cpu time is 0 hr : 0 min : 0.09 sec. (CTS-104)
************************************************************
* CTS STEP: Summary report
************************************************************
There are 489 flat clock tree nets.
There are 488 non-sink instances (total area 1995.12) on clock trees including 0 instances dont_touch.
Clock tree synthesize and optimization added 357 buffers and 131 inverters (total area 1995.12).
 Compilation of clock trees finished successfully
 Run time for cts 00:03:58.18u 00:00:02.85s 00:01:34.18e: 

Summary of messages during CTS:
===============================================================
  Tag   Count  Type           Description
---------------------------------------------------------------
CTS-038    1  Warning  No clock routing rule is specified.

No clock balance group was found, so skip the balance
Info: clearing CTS-GR option
Info: clearinf CTO-GR option
Information: Ending   clock_opt / build_clock / Trial CTS (FLW-8001)
Information: Time: 2026-08-04 16:26:21 / Session:  00:13:39 / Command:  00:01:34 / CPU:  00:03:59 / Memory: 2878 MB (FLW-8100)

Information: The stitching and editing of coupling caps is turned OFF for design 'pde_chip_top_safe.dlib:pde_chip_top_safe.design'. (TIM-125)
Information: Design pde_chip_top_safe has 115350 nets, 489 global routed, 0 detail routed. (NEX-024)
Information: The RC mode used is CTO for design 'pde_chip_top_safe'. (NEX-022)
Information: Design Average RC for design pde_chip_top_safe  (NEX-011)
Information: r = 1.175509 ohm/um, via_r = 1.495507 ohm/cut, c = 0.176977 ff/um, cc = 0.000000 ff/um (X dir) (NEX-017)
Information: r = 1.055983 ohm/um, via_r = 1.718437 ohm/cut, c = 0.190476 ff/um, cc = 0.000000 ff/um (Y dir) (NEX-017)
Information: Update timing completed net estimation for all the timing graph nets (TIM-111)
Information: Net estimation statistics: timing graph nets = 115348, routed nets = 489, across physical hierarchy nets = 0, parasitics cached nets = 115344, delay annotated nets = 0, parasitics annotated nets = 0, multi-voltage nets = 0. (TIM-112)
Clock-opt command begin                   CPU:  2987 s (  0.83 hr )  ELAPSE:   823 s (  0.23 hr )  MEM-PEAK:  2878 MB
Info: update em.

Clock-opt timing update complete          CPU:  2987 s (  0.83 hr )  ELAPSE:   823 s (  0.23 hr )  MEM-PEAK:  2878 MB
INFO: Propagating Switching Activities
Information: Activity propagation will be performed for scenario FUNC_WC.
Information: Doing activity propagation for mode 'FUNC' and corner 'WC' with effort level 'medium'. (POW-024)
Information: Timer-derived activity data is cached on scenario FUNC_WC (POW-052)
Information: Running switching activity propagation with 8 threads!

 **** Information : No. of simulation cycles = 6 ****
INFO: Switching Activity propagation took     0.00001 sec
INFO: Propagating Switching Activity for all power flows 

Clock-opt initial QoR
_____________________
Scenario Mapping Table
1: FUNC_BC
2: FUNC_WC

Pathgroup Mapping Table
1: **default**
2: **async_default**
3: **clock_gating_default**
4: **in2reg_default**
5: **reg2out_default**
6: **in2out_default**
7: core_clk

-------------------------------------------------------------------------------------------------------------------------------------------------------------
PATHGROUP QOR 
-------------------------------------------------------------------------------------------------------------------------------------------------------------
Scene  PG      WNS        TNS    NSV      WHV        THV    NHV
    1   1        -          -      -   0.0000     0.0000      0
    1   2        -          -      -   0.0000     0.0000      0
    1   3        -          -      -   0.0000     0.0000      0
    1   4        -          -      -   0.0000     0.0000      0
    1   5        -          -      -   0.0000     0.0000      0
    1   6        -          -      -   0.0000     0.0000      0
    1   7        -          -      -   0.0288     0.0580      3
    2   1   0.0000     0.0000      0        -          -      -
    2   2   0.0000     0.0000      0        -          -      -
    2   3   0.0000     0.0000      0        -          -      -
    2   4   0.0000     0.0000      0        -          -      -
    2   5   0.0000     0.0000      0        -          -      -
    2   6   0.0000     0.0000      0        -          -      -
    2   7   0.0000     0.0000      0        -          -      -
----------------------------------------------------------------------------------------------------------------------------------------------------------------------
SCENARIO QOR 
----------------------------------------------------------------------------------------------------------------------------------------------------------------------
Scene  PG      WNS        TNS   R2RTNS    NSV      WHV        THV    NHV  MaxTrnV   MaxTranC  MaxCapV    Leakage
    1   *        -          -        -      -   0.0288     0.0580      3        0     0.0000        0          -
    2   *   0.0000     0.0000   0.0000      0        -          -      -      186     0.4041        0  88777.984
----------------------------------------------------------------------------------------------------------------------------------------------------------------------
DESIGN QOR 
----------------------------------------------------------------------------------------------------------------------------------------------------------------------
Scene  PG      WNS        TNS   R2RTNS    NSV      WHV        THV    NHV  MaxTrnV   MaxTranC  MaxCapV    Leakage         Area    InstCnt     BufCnt     InvCnt
    *   *   0.0000     0.0000   0.0000      0   0.0288     0.0580      3      186     0.4041        0  88777.984    421499.88     112311      10876      12074
----------------------------------------------------------------------------------------------------------------------------------------------------------------------

Clock-opt initial QoR Summary       WNS        TNS   R2RTNS    NSV      WHV        THV    NHV  MaxTrnV  MaxCapV    Leakage         Area    InstCnt
Clock-opt initial QoR Summary    0.0000     0.0000   0.0000      0   0.0288     0.0580      3      186        0  88777.984    421499.88     112311
Information: The netlist change observers are disabled for incremental extraction. (TIM-126)
INFO: using 8 threads
Clock-opt initialization complete         CPU:  3031 s (  0.84 hr )  ELAPSE:   832 s (  0.23 hr )  MEM-PEAK:  2878 MB
Clock-opt optimization summary            SETUP-COST    R2R-COST HOLD-COST LDRC-COST          AREA     LEAKAGE     INSTCNT            ELAPSE       MEM
WARNING: Net rst_n is a high-fanout net with 16227 sinks; skipping this net during optimization. 
Number of Site types in the design = 1
Setting up Chip Core
Chip Core shape: (100000 100000) (8650000 8650000)
Number of VARs = 1
Number of unique PDs = 1
Number of Power Domains = 1
Number of Voltage Areas = 1
Number of supply Nets = 2
Number of used supplies = 0
Blocked VAs: 

    Scenario FUNC_BC  WNS = invalid, TNS = invalid (DRC only), NVP = 0
    Scenario FUNC_WC  WNS = 0.000000, TNS = 0.000000, NVP = 0
    Scenario FUNC_BC  WNHS = invalid, TNHS = 0.000000, NHVP = 0

     ELAPSED  WORST NEG TOTAL NEG              MAX       MAX     BUFFER    INVERTER   LVTH      LVTH      PEAK   
      TIME      SLACK     SLACK     AREA    TRAN COST CAP COST    COUNT     COUNT     COUNT    PERCENT   MEMORY  
    --------- --------- --------- --------- --------- --------- --------- --------- --------- --------- ---------
      0:13:53     0.000     0.000 4.215e+05     0.404     0.000     10876     12074         0     0.000      2878 

Information: The netlist change observers are enabled for incremental extraction. (TIM-127)

Information: Initializing classic cellmap without advanced rules enabled and without PDC enabled
Information: The following app options are used in cellmap
        place.legalize.enable_color_aware_placement : false
        place.legalize.use_nll_query_cm : false
        place.legalize.enable_advanced_legalizer : false
        place.legalize.enable_prerouted_net_check : true
        place.legalize.enable_advanced_prerouted_net_check : false
        place.legalize.always_continue : true
        place.legalize.limit_legality_checks : false
        place.common.pnet_aware_density : 1.0000
        place.common.pnet_aware_min_width : 0.0000
        place.common.pnet_aware_layers : {}
        place.common.use_placement_model : false
        place.common.enable_advanced_placement_model : true
        cts.placement.cell_spacing_rule_style : maximum
Total 0.1095 seconds to build cellmap data
INFO: creating 163(r) x 163(c) GridCells YDim 5.4 XDim 5.4
INFO: number of GridCells (pde_chip_top_safe): 26569
INFO: creating 163(r) x 163(c) GridCells YDim 5.4 XDim 5.4
INFO: number of GridCells (pde_chip_top_safe): 26569
Total 0.6916 seconds to load 112311 cell instances into cellmap
Moveable cells: 87918; Application fixed cells: 24393; Macro cells: 0; User fixed cells: 0
Average cell width 2.0850, cell height 1.8000, cell area 3.7530 for total 112311 placed and application fixed cells
Clock-opt optimization Phase 5 Iter  1          0.00        0.00      0.06       185     421499.88    88777.98      112311              0.23      2878

APSINFO: No multi-Vth libcells found, turning off percentage LVT optimization flow
Clock-opt optimization Phase 6 Iter  1          0.00        0.00      0.06       185     421485.12    88772.05      112311              0.23      2878
Corner Scaling is off, multiplier is 1.000000

    Scenario FUNC_BC  WNS = invalid, TNS = invalid (DRC only), NVP = 0
    Scenario FUNC_WC  WNS = 0.000000, TNS = 0.000000, NVP = 0
    Scenario FUNC_BC  WNHS = invalid, TNHS = 0.000000, NHVP = 0

     ELAPSED  WORST NEG TOTAL NEG              MAX       MAX     BUFFER    INVERTER   LVTH      LVTH      PEAK   
      TIME      SLACK     SLACK     AREA    TRAN COST CAP COST    COUNT     COUNT     COUNT    PERCENT   MEMORY  
    --------- --------- --------- --------- --------- --------- --------- --------- --------- --------- ---------
      0:13:59     0.000     0.000 4.215e+05     0.635     0.000     10876     12074         0     0.000      2878 

Information: timingScenario FUNC_WC timingCorner WC.  Using corner WC for worst leakage corner. (OPT-078)
Information: Using default layer M4 (OPT-079)
Information: Nominal = 0.0716771  Design MT = 0.500000  Target = 0.3723819  MaxRC = 0.216269 Fast Target = 0.123376 (OPT-081)
Collecting Drivers ...  
Design max_transition = 0.500
Design max_capacitance = inf
Using layer M4 for buffering distances
GRE layer bins: None, M2
Found 1 buffer-tree drivers

Roi-HfsDrc SN: 1798569713 435980330 0 67108865 (1126.273926)

Processing Buffer Trees  (ROI) ... 

    [1]  10% ...
    [1] 100% Done

                  Deleted        Added
------------ ------------ ------------
    Buffers:            0            0
  Inverters:            0            0
------------ ------------ ------------
      Total:            0            0
------------ ------------ ------------

Number of Drivers Sized: 0 [0.00%]

                      P: 0 [0.00%]
                      N: 0 [0.00%]

Zbuf-RUNTIME (Hr:Min:Sec)  CPU 0 hr : 0 min : 0.20 sec ELAPSE 0 hr : 0 min : 0.20 sec
Zbuf-RUNTIME         (Min) CPU 0 min ELAPSE 0 min
ZBuf-MEM(max-mem) total 2947424 K / inuse 1926784 K

    Scenario FUNC_BC  WNS = invalid, TNS = invalid (DRC only), NVP = 0
    Scenario FUNC_WC  WNS = 0.000000, TNS = 0.000000, NVP = 0
    Scenario FUNC_BC  WNHS = invalid, TNHS = 0.000000, NHVP = 0

     ELAPSED  WORST NEG TOTAL NEG              MAX       MAX     BUFFER    INVERTER   LVTH      LVTH      PEAK   
      TIME      SLACK     SLACK     AREA    TRAN COST CAP COST    COUNT     COUNT     COUNT    PERCENT   MEMORY  
    --------- --------- --------- --------- --------- --------- --------- --------- --------- --------- ---------
      0:13:59     0.000     0.000 4.215e+05     0.635     0.000     10876     12074         0     0.000      2878 

Corner Scaling is off, multiplier is 1.000000
Information: Using default layer M4 (OPT-079)
bmap: stepx = stepy = 175000
creating bmap
DB units per micron : 10000
Core Area = 50 X 50 ()
INFO: New Levelizer turned on
Clock-opt optimization Phase 6 Iter  2          0.00        0.00      0.06       185     421485.12    88772.05      112311              0.23      2878
Clock-opt optimization Phase 6 Iter  3          0.00        0.00      0.06       185     421485.12    88772.05      112311              0.23      2878
Clock-opt optimization Phase 6 Iter  4          0.00        0.00      0.06       185     421485.12    88772.05      112311              0.23      2878

Layer name: M1, Mask name: metal1, Layer number: 31
Layer name: M2, Mask name: metal2, Layer number: 32
Layer name: M3, Mask name: metal3, Layer number: 33
Layer name: M4, Mask name: metal4, Layer number: 34
Layer name: M5, Mask name: metal5, Layer number: 35
Layer name: M6, Mask name: metal6, Layer number: 36
Convert timing mode ...
Clock-opt optimization Phase 7 Iter  1          0.00        0.00      0.06       185     421684.56    88881.42      112392              0.23      2878
Clock-opt optimization Phase 7 Iter  2          0.00        0.00      0.06       185     421684.56    88881.42      112392              0.23      2878
Clock-opt optimization Phase 7 Iter  3          0.00        0.00      0.06       185     421684.56    88881.42      112392              0.23      2878
Clock-opt optimization Phase 7 Iter  4          0.00        0.00      0.06       185     421684.56    88881.42      112392              0.23      2878
Corner Scaling is off, multiplier is 1.000000
Information: Using default layer M4 (OPT-079)
bmap: stepx = stepy = 175000
creating bmap
DB units per micron : 10000
Core Area = 50 X 50 ()
Clock-opt optimization Phase 7 Iter  5          0.00        0.00      0.06       185     421684.56    88881.42      112392              0.23      2878
Clock-opt optimization Phase 7 Iter  6          0.00        0.00      0.06       185     421684.56    88881.42      112392              0.23      2878
Clock-opt optimization Phase 7 Iter  7          0.00        0.00      0.06       185     421684.56    88881.42      112392              0.23      2878
Clock-opt optimization Phase 7 Iter  8          0.00        0.00      0.06       185     421684.56    88881.42      112392              0.23      2878
Clock-opt optimization summary            SETUP-COST    R2R-COST HOLD-COST LDRC-COST          AREA     LEAKAGE     INSTCNT            ELAPSE       MEM
Clock-opt optimization Phase 7 Iter  9          0.00        0.00      0.06       185     421684.56    88881.42      112392              0.23      2878
Clock-opt optimization Phase 7 Iter 10          0.00        0.00      0.06       185     421684.56    88881.42      112392              0.23      2878
Clock-opt optimization Phase 7 Iter 11          0.00        0.00      0.06       185     421684.56    88881.42      112392              0.23      2878
Clock-opt optimization Phase 7 Iter 12          0.00        0.00      0.06       185     421684.56    88881.42      112392              0.23      2878
Clock-opt optimization Phase 7 Iter 13          0.00        0.00      0.06       185     421684.56    88881.42      112392              0.23      2878
Clock-opt optimization Phase 7 Iter 14          0.00        0.00      0.06       185     421684.56    88881.42      112392              0.23      2878
Clock-opt optimization Phase 7 Iter 15          0.00        0.00      0.06       185     421684.56    88881.42      112392              0.23      2878
Clock-opt optimization Phase 7 Iter 16          0.00        0.00      0.06       185     421684.56    88881.42      112392              0.23      2878
Clock-opt optimization Phase 7 Iter 17          0.00        0.00      0.06       185     421684.56    88881.42      112392              0.23      2878
Clock-opt optimization Phase 7 Iter 18          0.00        0.00      0.06       185     421684.56    88881.42      112392              0.23      2878
Clock-opt optimization Phase 7 Iter 19          0.00        0.00      0.06       185     421684.56    88881.42      112392              0.23      2878

Clock-opt optimization Phase 8 Iter  1          0.00        0.00      0.06       185     421684.56    88881.42      112392              0.23      2878

Information: Starting clock_opt / build_clock / CTS (FLW-8000)
Information: Time: 2026-08-04 16:26:42 / Session:  00:14:01 / Command:  00:01:56 / CPU:  00:05:46 / Memory: 2878 MB (FLW-8100)
Clock-opt optimization Phase 9 Iter  1          0.00        0.00      0.06       185     421684.56    88881.42      112392              0.23      2878
Info: Enabling GR in final CTS
Info: Enabling GR in final CTO
************************************************************
* CTS STEP: Design Initialization for Clock Synthesis
************************************************************
Information: The stitching and editing of coupling caps is turned OFF for design 'pde_chip_top_safe.dlib:pde_chip_top_safe.design'. (TIM-125)
Information: Update timing completed net estimation for all the timing graph nets (TIM-111)
Information: Net estimation statistics: timing graph nets = 115429, routed nets = 489, across physical hierarchy nets = 0, parasitics cached nets = 489, delay annotated nets = 0, parasitics annotated nets = 0, multi-voltage nets = 0. (TIM-112)
Information: CTS will work on the following scenarios. (CTS-101)
   FUNC_BC	(Mode: FUNC; Corner: BC)
   FUNC_WC	(Mode: FUNC; Corner: WC)
Information: CTS will work on all clocks in active scenarios, including 1 master clocks and 0 generated clocks. (CTS-107)
Output units used in this log:
   Time        : 1.00ns
   Resistance  : 1.00kOhm
   Capacitance : 1.00pF
   Power       : 1.00nW
   Length      : 1.00um
Information: Clock derating is enabled

CTS related app options set by user:
   cts.common.copy_balance_points_to_missing_modes = true
   cts.compile.enable_cell_relocation = none
   cts.compile.enable_global_route = true
   cts.compile.enable_local_skew = true
   cts.optimize.enable_global_route = true
   cts.optimize.enable_local_skew = true

Buffer/Inverter reference list for clock tree synthesis:
   tcbn65lp_6lmT1/BUFFD0
   tcbn65lp_6lmT1/BUFFD1
   tcbn65lp_6lmT1/BUFFD12
   tcbn65lp_6lmT1/BUFFD16
   tcbn65lp_6lmT1/BUFFD2
   tcbn65lp_6lmT1/BUFFD3
   tcbn65lp_6lmT1/BUFFD4
   tcbn65lp_6lmT1/BUFFD6
   tcbn65lp_6lmT1/BUFFD8
   tcbn65lp_6lmT1/CKBD0
   tcbn65lp_6lmT1/CKBD1
   tcbn65lp_6lmT1/CKBD12
   tcbn65lp_6lmT1/CKBD16
   tcbn65lp_6lmT1/CKBD2
   tcbn65lp_6lmT1/CKBD3
   tcbn65lp_6lmT1/CKBD4
   tcbn65lp_6lmT1/CKBD6
   tcbn65lp_6lmT1/CKBD8
   tcbn65lp_6lmT1/DEL0
   tcbn65lp_6lmT1/DEL005
   tcbn65lp_6lmT1/DEL01
   tcbn65lp_6lmT1/DEL015
   tcbn65lp_6lmT1/DEL02
   tcbn65lp_6lmT1/DEL1
   tcbn65lp_6lmT1/DEL2
   tcbn65lp_6lmT1/DEL3
   tcbn65lp_6lmT1/DEL4
   tcbn65lp_6lmT1/CKND0
   tcbn65lp_6lmT1/CKND1
   tcbn65lp_6lmT1/CKND12
   tcbn65lp_6lmT1/CKND16
   tcbn65lp_6lmT1/CKND2
   tcbn65lp_6lmT1/CKND3
   tcbn65lp_6lmT1/CKND4
   tcbn65lp_6lmT1/CKND6
   tcbn65lp_6lmT1/CKND8
   tcbn65lp_6lmT1/INVD0
   tcbn65lp_6lmT1/INVD1
   tcbn65lp_6lmT1/INVD12
   tcbn65lp_6lmT1/INVD16
   tcbn65lp_6lmT1/INVD2
   tcbn65lp_6lmT1/INVD3
   tcbn65lp_6lmT1/INVD4
   tcbn65lp_6lmT1/INVD6
   tcbn65lp_6lmT1/INVD8

ICG reference list:
   tcbn65lp_6lmT1/CKLHQD1
   tcbn65lp_6lmT1/CKLHQD12
   tcbn65lp_6lmT1/CKLHQD16
   tcbn65lp_6lmT1/CKLHQD2
   tcbn65lp_6lmT1/CKLHQD3
   tcbn65lp_6lmT1/CKLHQD4
   tcbn65lp_6lmT1/CKLHQD6
   tcbn65lp_6lmT1/CKLHQD8
   tcbn65lp_6lmT1/CKLNQD1
   tcbn65lp_6lmT1/CKLNQD12
   tcbn65lp_6lmT1/CKLNQD16
   tcbn65lp_6lmT1/CKLNQD2
   tcbn65lp_6lmT1/CKLNQD3
   tcbn65lp_6lmT1/CKLNQD4
   tcbn65lp_6lmT1/CKLNQD6
   tcbn65lp_6lmT1/CKLNQD8

Information: 'WC' is identified as primary corner for initial clock tree building. (CTS-103)
Number of Site types in the design = 1
Setting up Chip Core
Chip Core shape: (100000 100000) (8650000 8650000)
Number of VARs = 1
Number of unique PDs = 1
Number of Power Domains = 1
Number of Voltage Areas = 1
Number of supply Nets = 2
Number of used supplies = 0
Blocked VAs: 
Warning: No clock routing rule is specified. (CTS-038)

Clock cell spacing rule list:
   No clock cell spacing rule is found.
************************************************************
* CTS STEP: Clock Tree Initialization
************************************************************
Drc Mode Option: auto
Information: Initializing classic cellmap without advanced rules enabled and with PDC enabled
Information: The following app options are used in cellmap
        place.legalize.enable_color_aware_placement : false
        place.legalize.use_nll_query_cm : false
        place.legalize.enable_advanced_legalizer : false
        place.legalize.enable_prerouted_net_check : true
        place.legalize.enable_advanced_prerouted_net_check : false
        place.legalize.always_continue : true
        place.legalize.limit_legality_checks : false
        place.common.pnet_aware_density : 1.0000
        place.common.pnet_aware_min_width : 0.0000
        place.common.pnet_aware_layers : {}
        place.common.use_placement_model : false
        place.common.enable_advanced_placement_model : true
        cts.placement.cell_spacing_rule_style : maximum
Information: Creating classic rule checker.
Warning: Routing direction of metal layer PO is neither "horizontal" nor "vertical".  PDC checks will not be performed on this layer. (PDC-003)
PDC app_options settings =========
	place.legalize.enable_prerouted_net_check: 1
	place.legalize.num_tracks_for_access_check: 1
	place.legalize.use_eol_spacing_for_access_check: 0
	place.legalize.allow_touch_track_for_access_check: 1
	place.legalize.reduce_conservatism_in_eol_check: 0
	place.legalize.preroute_shape_merge_distance: 0.0
	place.legalize.enable_non_preferred_direction_span_check: 0

Layer M1: cached 0 shapes out of 10022 total shapes.
Layer M2: cached 0 shapes out of 4072 total shapes.
Cached 0 vias out of 77909 total vias.
Total 0.2664 seconds to build cellmap data
INFO: creating 98(r) x 98(c) GridCells YDim 9 XDim 9
INFO: number of GridCells (pde_chip_top_safe): 9604
INFO: creating 98(r) x 98(c) GridCells YDim 9 XDim 9
INFO: number of GridCells (pde_chip_top_safe): 9604
Total 1.0935 seconds to load 112392 cell instances into cellmap
Moveable cells: 87999; Application fixed cells: 24393; Macro cells: 0; User fixed cells: 0
Average cell width 2.0844, cell height 1.8000, cell area 3.7519 for total 112392 placed and application fixed cells
Information: Legalizer's PDC rule check is enabled
Information: Legalizer's advanced rule check is enabled

Start Auto-Exception Derivations...
 No internal pin was found.
 No conflict pin was found.
 No macro pin was found for clock balance point settings.
 No macro pin was found for disabling self arcs.
Information: The run time for clock tree initialization is 0 hr : 0 min : 1.51 sec, cpu time is 0 hr : 0 min : 1.51 sec. (CTS-104)
Drc Mode Option: auto
Enable multi-thread Tasks, number of thread is 8
Design checksums     = 0x1AAA113B (loc)  0xD67ADAEF (lcell)  0x4A5C093C (name), 0x643BCD68 (net)
CTS: Design checksums = 0x1AAA113B (loc)  0xD67ADAEF (lcell)  0x4A5C093C (name), 0x643BCD68 (net)
CTS: Clock tree checksums = 0x6B2F6511 (loc)  0x74D131F7 (lcell)  0x9A0F0F73 (term), 0x9A9D1FC4 (net)  0x69345531 (netLen)
CTS: 4d71a4ed (loc) d67adaef (lcell) 4a5c093c (name) 643bcd68 (net) 1353b269 (graph) 0 (slack) 0 (para) 
Information: The netlist change observers are disabled for incremental timing updates. (TIM-119)
Information: The netlist change observers are disabled for incremental extraction. (TIM-126)
CTSSC route status detected: clock (VR 0, GR 48003, DR 0), data (VR 114940, GR 0, DR 0); stage = auto, isPostRoute = FALSE
Information: 'WC' is identified as primary corner for initial clock tree building. (CTS-103)
Cell Min-Routing-Layer = M1
Cell Max-Routing-Layer = M6
Turn off antenna since no rule is specified
Information: Option route.detail.force_end_on_preferred_grid will be ignored since none of the layers have preferred grid. (ZRT-703)
Info: number of net_type_blockage: 0 
Information: Via ladder engine would be activated for pattern must join connection in certain commands. Please refer to man-page for the command list. (ZRT-619)
Via on layer (VIA1) needs more than one tracks
Warning: Layer M1 default pitch 0.200 may be too small to handle up/down via. Note, that minimum requirements are "wire/via-down 0.180" & "wire/via-up 0.225". (ZRT-026)
Via on layer (VIA5) needs more than one tracks
Warning: Layer M5 default pitch 0.200 may be too small to handle up/down via. Note, that minimum requirements are "wire/via-down 0.200" & "wire/via-up 0.350". (ZRT-026)
Via on layer (RV) needs more than one tracks
Warning: Layer M6 default pitch 0.800 may be too small to handle up/down via. Note, that minimum requirements are "wire/via-down 0.800" & "wire/via-up 3.600". (ZRT-026)
Information: When applicable Min-max layer allow_pin_connection mode will allow paths of length 3.00 outside the layer range. (ZRT-707)
Information: When applicable Min-max layer allow_pin_connection mode will allow paths of length 3.00 outside the layer range on clock nets. (ZRT-718)
Information: When applicable layer based tapering will taper up to 0.00 in distance from the pin. (ZRT-706)
Warning: Cell u_impl/u_core/g_row_5__g_col_8__u_pe/u_status/small_q_reg is placed overlapping with other cells at {{242.000 73.000} {246.400 74.800}}. (ZRT-763)
Warning: Cell u_impl/u_core/g_row_2__g_col_0__u_pe/u_sol/u_black_q_reg_11_ is placed overlapping with other cells at {{347.800 26.200} {352.200 28.000}}. (ZRT-763)
Warning: Cell u_impl/u_core/g_row_2__g_col_9__u_pe/u_status/fit12_q_reg is placed overlapping with other cells at {{449.400 69.400} {453.800 71.200}}. (ZRT-763)
Warning: Cell u_impl/u_core/g_row_3__g_col_0__u_pe/u_sol/u_black_q_reg_13_ is placed overlapping with other cells at {{540.000 28.000} {544.400 29.800}}. (ZRT-763)
Warning: Cell u_impl/u_core/g_row_4__g_col_5__u_pe/u_r_red/U7 is placed overlapping with other cells at {{615.400 69.400} {617.800 71.200}}. (ZRT-763)
Warning: Cell u_impl/u_core/g_row_4__g_col_6__u_pe/u_sol/u_red_q_reg_15_ is placed overlapping with other cells at {{662.400 26.200} {666.800 28.000}}. (ZRT-763)
Warning: Cell u_impl/u_core/g_row_4__g_col_2__u_pe/u_sol/u_red_q_reg_14_ is placed overlapping with other cells at {{723.000 29.800} {727.400 31.600}}. (ZRT-763)
Warning: Cell u_impl/u_core/g_row_6__g_col_1__u_pe/U11 is placed overlapping with other cells at {{301.000 137.800} {303.400 139.600}}. (ZRT-763)
Warning: Cell u_impl/u_core/g_row_2__g_col_5__u_pe/u_dsm/err_red_q_reg_1_ is placed overlapping with other cells at {{690.000 116.200} {694.400 118.000}}. (ZRT-763)
Warning: Cell u_impl/u_core/g_row_1__g_col_7__u_pe/u_dsm/err_black_q_reg_1_ is placed overlapping with other cells at {{778.200 148.600} {782.600 150.400}}. (ZRT-763)
Warning: Cell u_impl/u_core/g_row_3__g_col_6__u_pe/u_sol/u_red_q_reg_3_ is placed overlapping with other cells at {{844.600 98.200} {849.000 100.000}}. (ZRT-763)
Warning: Cell u_impl/u_core/g_row_8__g_col_2__u_pe/u_sol/u_black_q_reg_1_ is placed overlapping with other cells at {{88.400 191.800} {92.800 193.600}}. (ZRT-763)
Warning: Cell u_impl/u_core/g_row_7__g_col_7__u_pe/u_dsm/rem_q_reg_1_ is placed overlapping with other cells at {{176.800 202.600} {181.200 204.400}}. (ZRT-763)
Warning: Cell u_impl/u_core/g_row_7__g_col_3__u_pe/u_r_black/q_reg_0_ is placed overlapping with other cells at {{239.800 227.800} {244.200 229.600}}. (ZRT-763)
Warning: Cell u_impl/red_shadow_reg_63__6_ is placed overlapping with other cells at {{385.800 213.400} {389.600 215.200}}. (ZRT-763)
Warning: Cell u_impl/black_shadow_reg_64__6_ is placed overlapping with other cells at {{423.200 213.400} {427.000 215.200}}. (ZRT-763)
Warning: Cell u_impl/ZCTSBUF_668964_27069 is placed overlapping with other cells at {{508.600 231.400} {511.800 233.200}}. (ZRT-763)
Warning: Cell u_impl/red_shadow_reg_44__14_ is placed overlapping with other cells at {{632.200 197.200} {636.000 199.000}}. (ZRT-763)
Warning: Cell u_impl/u_core/g_row_1__g_col_8__u_pe/u_r_red/q_reg_15_ is placed overlapping with other cells at {{762.600 184.600} {767.000 186.400}}. (ZRT-763)
Warning: Cell u_impl/u_core/g_row_8__g_col_7__u_pe/u_sol/u_black_q_reg_13_ is placed overlapping with other cells at {{77.800 272.800} {82.200 274.600}}. (ZRT-763)
Warning: Cell u_impl/u_core/g_row_9__g_col_5__u_pe/u_r_black/q_reg_6_ is placed overlapping with other cells at {{211.400 317.800} {215.800 319.600}}. (ZRT-763)
Warning: Cell u_impl/u_core/g_row_7__g_col_9__u_pe/u_r_black/U3 is placed overlapping with other cells at {{250.200 276.400} {251.000 278.200}}. (ZRT-763)
Warning: Cell u_impl/ZCTSBUF_630307_27038 is placed overlapping with other cells at {{425.000 265.600} {427.400 267.400}}. (ZRT-763)
Warning: Cell u_impl/ZCTSBUF_691608_27088 is placed overlapping with other cells at {{518.600 298.000} {521.800 299.800}}. (ZRT-763)
Warning: Cell u_impl/u_core/g_row_1__g_col_3__u_pe/u_r_black/q_reg_4_ is placed overlapping with other cells at {{707.800 242.200} {712.200 244.000}}. (ZRT-763)
Warning: Cell u_impl/u_core/g_row_1__g_col_4__u_pe/u_alu/carry_q_reg_3_ is placed overlapping with other cells at {{785.000 242.200} {789.400 244.000}}. (ZRT-763)
Warning: Cell u_impl/u_core/g_row_10__g_col_3__u_pe/u_r_black/q_reg_12_ is placed overlapping with other cells at {{110.600 393.400} {115.000 395.200}}. (ZRT-763)
Warning: Cell u_impl/red_shadow_reg_86__7_ is placed overlapping with other cells at {{358.800 321.400} {362.800 323.200}}. (ZRT-763)
Warning: Cell u_impl/black_shadow_reg_196__7_ is placed overlapping with other cells at {{674.200 348.400} {678.000 350.200}}. (ZRT-763)
Warning: Cell u_impl/u_core/g_row_0__g_col_1__u_pe/u_r_black/q_reg_9_ is placed overlapping with other cells at {{735.800 379.000} {740.200 380.800}}. (ZRT-763)
Warning: Cell u_impl/u_core/g_row_0__g_col_8__u_pe/u_sol/u_black_q_reg_9_ is placed overlapping with other cells at {{847.000 348.400} {851.400 350.200}}. (ZRT-763)
Warning: Cell u_impl/u_core/g_row_10__g_col_5__u_pe/u_sol/u_black_q_reg_5_ is placed overlapping with other cells at {{55.600 406.000} {60.000 407.800}}. (ZRT-763)
Warning: Cell u_impl/u_core/g_row_10__g_col_1__u_pe/u_r_black/q_reg_13_ is placed overlapping with other cells at {{148.000 424.000} {152.400 425.800}}. (ZRT-763)
Warning: Cell u_impl/ZCTSBUF_411389_26701 is placed overlapping with other cells at {{199.400 469.000} {201.800 470.800}}. (ZRT-763)
Warning: Cell u_impl/ZCTSINV_613869_27003 is placed overlapping with other cells at {{359.200 413.200} {361.000 415.000}}. (ZRT-763)
Warning: Cell u_impl/ZCTSBUF_189516_26989 is placed overlapping with other cells at {{423.800 422.200} {428.200 424.000}}. (ZRT-763)
Warning: Cell u_impl/ZCTSBUF_497404_26669 is placed overlapping with other cells at {{710.800 404.200} {712.600 406.000}}. (ZRT-763)
Warning: Cell u_impl/south_valid_q_reg_11_ is placed overlapping with other cells at {{729.600 406.000} {734.000 407.800}}. (ZRT-763)
Warning: Cell u_impl/u_core/g_row_11__g_col_3__u_pe/u_sol/u_red_q_reg_7_ is placed overlapping with other cells at {{65.600 537.400} {70.000 539.200}}. (ZRT-763)
Warning: Cell u_impl/u_core/g_row_10__g_col_8__u_pe/u_r_black/q_reg_4_ is placed overlapping with other cells at {{128.400 519.400} {132.800 521.200}}. (ZRT-763)
Warning: Cell u_impl/u_core/ZCTSBUF_408521_26704 is placed overlapping with other cells at {{166.800 508.600} {169.200 510.400}}. (ZRT-763)
Warning: Cell u_impl/red_shadow_reg_113__6_ is placed overlapping with other cells at {{376.600 551.800} {380.600 553.600}}. (ZRT-763)
Warning: Cell u_impl/u_core/g_row_19__g_col_6__u_pe/u_dsm/err_black_q_reg_1_ is placed overlapping with other cells at {{793.600 515.800} {798.000 517.600}}. (ZRT-763)
Warning: Cell u_impl/ZCTSBUF_479355_26628 is placed overlapping with other cells at {{798.000 515.800} {803.600 517.600}}. (ZRT-763)
Warning: Cell u_impl/u_core/ZCTSBUF_396151_26706 is placed overlapping with other cells at {{27.400 560.800} {29.200 562.600}}. (ZRT-763)
Warning: Cell u_impl/u_core/g_row_11__g_col_8__u_pe/u_r_red/q_reg_1_ is placed overlapping with other cells at {{167.800 580.600} {172.200 582.400}}. (ZRT-763)
Warning: Cell u_impl/u_core/g_row_17__g_col_0__u_pe/u_r_red/q_reg_1_ is placed overlapping with other cells at {{249.400 632.800} {253.800 634.600}}. (ZRT-763)
Warning: Cell u_impl/black_shadow_reg_118__5_ is placed overlapping with other cells at {{339.000 559.000} {343.000 560.800}}. (ZRT-763)
Warning: Cell u_impl/u_core/g_row_18__g_col_4__u_pe/u_r_red/ZBUF_12_inst_27493 is placed overlapping with other cells at {{443.800 593.200} {445.000 595.000}}. (ZRT-763)
Warning: Cell u_impl/cfg_rdata_reg_12_ is placed overlapping with other cells at {{604.000 640.000} {608.400 641.800}}. (ZRT-763)
Warning: Cell u_impl/u_core/g_row_14__g_col_0__u_pe/u_r_black/ZBUF_5_inst_27487 is placed overlapping with other cells at {{640.600 573.400} {641.400 575.200}}. (ZRT-763)
Warning: Cell u_impl/u_core/g_row_19__g_col_3__u_pe/u_dsm/err_red_q_reg_0_ is placed overlapping with other cells at {{782.000 559.000} {786.400 560.800}}. (ZRT-763)
Warning: Cell u_impl/u_core/g_row_18__g_col_8__u_pe/u_status/small_q_reg is placed overlapping with other cells at {{809.600 577.000} {814.000 578.800}}. (ZRT-763)
Warning: Cell u_impl/u_core/g_row_17__g_col_4__u_pe/u_r_black/q_reg_7_ is placed overlapping with other cells at {{279.200 679.600} {283.600 681.400}}. (ZRT-763)
Warning: Cell u_impl/u_core/g_row_15__g_col_5__u_pe/u_r_red/ZBUF_12_inst_27505 is placed overlapping with other cells at {{367.800 643.600} {369.000 645.400}}. (ZRT-763)
Warning: Cell u_impl/ZCTSINV_243155_26791 is placed overlapping with other cells at {{607.200 659.800} {609.000 661.600}}. (ZRT-763)
Warning: Cell u_impl/u_core/ZCTSBUF_276613_26812 is placed overlapping with other cells at {{640.800 656.200} {646.400 658.000}}. (ZRT-763)
Warning: Cell u_impl/u_core/ZCTSBUF_282503_26817 is placed overlapping with other cells at {{730.200 640.000} {733.400 641.800}}. (ZRT-763)
Warning: Cell u_impl/u_core/ZCTSBUF_294729_26820 is placed overlapping with other cells at {{802.400 661.600} {804.200 663.400}}. (ZRT-763)
Warning: Cell u_impl/u_core/ZCTSBUF_439725_26742 is placed overlapping with other cells at {{173.000 767.800} {176.200 769.600}}. (ZRT-763)
Warning: Cell u_impl/u_core/ZCTSBUF_312987_26901 is placed overlapping with other cells at {{277.200 749.800} {279.000 751.600}}. (ZRT-763)
Warning: Cell u_impl/u_core/g_row_17__g_col_7__u_pe/u_r_black/q_reg_1_ is placed overlapping with other cells at {{359.600 722.800} {364.000 724.600}}. (ZRT-763)
Warning: Cell u_impl/u_core/g_row_17__g_col_8__u_pe/u_r_black/q_reg_8_ is placed overlapping with other cells at {{433.400 722.800} {437.800 724.600}}. (ZRT-763)
Warning: Cell u_impl/u_core/ZCTSINV_229798_26781 is placed overlapping with other cells at {{607.000 742.600} {607.800 744.400}}. (ZRT-763)
Warning: Cell u_impl/u_core/ZCTSBUF_263192_26804 is placed overlapping with other cells at {{684.600 751.600} {687.000 753.400}}. (ZRT-763)
Warning: Cell u_impl/u_core/g_row_18__g_col_0__u_pe/u_sol/u_red_q_reg_11_ is placed overlapping with other cells at {{743.800 755.200} {748.200 757.000}}. (ZRT-763)
Warning: Cell u_impl/u_core/g_row_15__g_col_1__u_pe/u_dsm/rem_q_reg_1_ is placed overlapping with other cells at {{285.800 798.400} {290.200 800.200}}. (ZRT-763)
Warning: Cell u_impl/u_core/ZCTSBUF_320300_26895 is placed overlapping with other cells at {{318.400 820.000} {321.600 821.800}}. (ZRT-763)
Warning: Cell u_impl/u_core/ZCTSBUF_356100_26859 is placed overlapping with other cells at {{453.200 800.200} {456.400 802.000}}. (ZRT-763)
Warning: Cell u_impl/u_core/ZCTSBUF_272537_26800 is placed overlapping with other cells at {{634.800 811.000} {636.600 812.800}}. (ZRT-763)
GR Routing Service: Started IMRD 
GR Routing Service: ndmAttrDef 'usr_tmng_crit' created with default value 0 
GR Routing Service: ndmAttrDef 'rted_by_minDly' created with default value 0 
GR Routing Service: ndmAttrDef 'port_subnet_crit_blkConn' created with default value 0 
GR Routing Service: ndmAttrDef 'port_subnet_crit_blkPort' created with default value 0 
Loading timing information to the router ...
Design  Scenario FUNC_WC (Mode FUNC Corner WC)
Timing information loaded to the router.
GR Routing Service: Setting costIdx to 3 
GR Routing Service: rebuildCongmap: itr = 3 
Number of partitions: 1 (1 x 1)
Size of partitions: 487 gCells x 487 gCells
Average gCell capacity  2.28	 on layer (1)	 M1
Average gCell capacity  8.95	 on layer (2)	 M2
Average gCell capacity  8.97	 on layer (3)	 M3
Average gCell capacity  8.95	 on layer (4)	 M4
Average gCell capacity  8.86	 on layer (5)	 M5
Average gCell capacity  2.22	 on layer (6)	 M6
Average gCell capacity  0.28	 on layer (7)	 AP
Average number of tracks per gCell 8.99	 on layer (1)	 M1
Average number of tracks per gCell 8.99	 on layer (2)	 M2
Average number of tracks per gCell 8.99	 on layer (3)	 M3
Average number of tracks per gCell 8.99	 on layer (4)	 M4
Average number of tracks per gCell 8.99	 on layer (5)	 M5
Average number of tracks per gCell 2.25	 on layer (6)	 M6
Average number of tracks per gCell 0.28	 on layer (7)	 AP
Number of gCells = 1660183
Number of partitions: 16 (4 x 4)
Size of partitions: 128 gCells x 128 gCells
[updNetsDmd] Elapsed real time: 0:00:00 
[updNetsDmd] Elapsed cpu  time: sys=0:00:00 usr=0:00:00 total=0:00:00
Created 8 thread routing service with costIdx = 3. (tbbMode 0)
GR Routing Service: Setting costIdx to 1 
rtapi Thread-server 3: startup 
rtapi Thread-server 2: startup 
rtapi Thread-server 6: startup 
rtapi Thread-server 4: startup 
rtapi Thread-server 7: startup 
rtapi Thread-server 0: startup 
rtapi Thread-server 1: startup 
rtapi Thread-server 5: startup 

************************************************************
* CTS STEP: Initial DRC fixing
************************************************************

[cto] Starting InitDrc.1
START_FUNC: cto:InitDrc.1      CPU:   3134 s ( 0.87 hr) ELAPSE:    851 s ( 0.24 hr) MEM-PEAK:  2878 Mb Tue Aug  4 16:26:52 2026
start cto; name: pde_chip_top_safe; type: design; name: pde_chip_top_safe; type: design; tot_drc_vio: 0; buf_ct: 488; buf_area: 1995.120000; cell_area: 1995.120000
start cto; name: FUNC:core_clk; type: clock; name: FUNC:core_clk; type: clock; latency: 0.904102; gskew: 0.437069; tot_drc_vio: 0; wtran: 0.000000; wcap: 0.000000; buf_ct: 488; buf_area: 1995.120000; cell_area: 1995.120000
-------------------------------------------------------------
Optimizing clock tree DRC
clock: core_clk mode: FUNC root: clk
Clock QoR Before DRC Optimization:
Clock: core_clk, Mode: FUNC, Root: clk
Information: CTS QoR Pre Initial DRC Fixing: GlobalSkew = 0.1751; ID = 0.4080; NetsWithDRC = 0; Worst Tran/Cap cost = 0.0000/0.0000; ClockBufCount = 488; ClockBufArea = 1995.1200; ClockCellArea = 1995.1200; ClockWireLen = 136290.6100; Clock = core_clk; Mode = FUNC; Corner = BC; ClockRoot = clk. (CTS-037)
Information: CTS QoR Pre Initial DRC Fixing: GlobalSkew = 0.4371; ID = 0.9041; NetsWithDRC = 0; Worst Tran/Cap cost = 0.0000/0.0000; ClockBufCount = 488; ClockBufArea = 1995.1200; ClockCellArea = 1995.1200; ClockWireLen = 136290.6100; Clock = core_clk; Mode = FUNC; Corner = WC; ClockRoot = clk. (CTS-037)

Begin Pre-Opt Drc Fixing
Starting multithread based drc fixing Pre opt drc fixing
Iteration 1 (effort: high)
Iteration 2 (effort: high)

    Optimization Summary 		

-------------------------------------------------

	# Drivers Attempted               =          0
	# Skipped during isValid and estimate          =          0
	# Failed subgraph evaluation           =          0
	# Failed main graph committ          =          0
	# Successful main graph commit      =          0
	# NumCTCells changed               =          0


	# Total CPU time                  = 00h:00m:00s
	# Total elapsed time              = 00h:00m:00s
	# Flow total speed up             =     0.9998

-------------------------------------------------

Pre-Opt drc fixing cpu time 00:00:00.95u 00:00:00.00s 00:00:00.95e: 
Clock QoR After Pre-Opt Drc Fixing:
Clock: core_clk, Mode: FUNC, Root: clk
Information: CTS QoR Post Initial DRC Fixing: GlobalSkew = 0.1751; ID = 0.4080; NetsWithDRC = 0; Worst Tran/Cap cost = 0.0000/0.0000; ClockBufCount = 488; ClockBufArea = 1995.1200; ClockCellArea = 1995.1200; ClockWireLen = 136290.6100; Clock = core_clk; Mode = FUNC; Corner = BC; ClockRoot = clk. (CTS-037)
Information: CTS QoR Post Initial DRC Fixing: GlobalSkew = 0.4371; ID = 0.9041; NetsWithDRC = 0; Worst Tran/Cap cost = 0.0000/0.0000; ClockBufCount = 488; ClockBufArea = 1995.1200; ClockCellArea = 1995.1200; ClockWireLen = 136290.6100; Clock = core_clk; Mode = FUNC; Corner = WC; ClockRoot = clk. (CTS-037)
The elapsed time for optimization of clock tree is 0 hr : 0 min : 1.21 sec, cpu time is 0 hr : 0 min : 1.56 sec.
Information: The run time for Initial DRC fixing is 0 hr : 0 min : 1.32 sec, cpu time is 0 hr : 0 min : 1.70 sec. (CTS-104)
END_FUNC: cto:InitDrc.1        CPU:   3135 s ( 0.87 hr) ELAPSE:    853 s ( 0.24 hr) MEM-PEAK:  2878 Mb Tue Aug  4 16:26:54 2026
end cto:InitDrc.1; cpu_time: 3135; elapsed_time: 853; curr_mem: 2658; peak_mem: 2878
[cto] Finished InitDrc.1: PASS

************************************************************
* CTS STEP: Multi-objective Clock Optimization
************************************************************

[cto] Starting MultiObjectiveCto.1
START_FUNC: cto:MultiObjectiveCto.1 CPU:   3135 s ( 0.87 hr) ELAPSE:    853 s ( 0.24 hr) MEM-PEAK:  2878 Mb Tue Aug  4 16:26:54 2026
Mark clock trees...
Marking clock synthesized attributes

Marking spacing rules

Clock cell spacing rule list:
   No clock cell spacing rule is found.
Information: The stitching and editing of coupling caps is turned OFF for design 'pde_chip_top_safe.dlib:pde_chip_top_safe.design'. (TIM-125)
Information: Update timing completed net estimation for all the timing graph nets (TIM-111)
Information: Net estimation statistics: timing graph nets = 115429, routed nets = 115425, across physical hierarchy nets = 0, parasitics cached nets = 115425, delay annotated nets = 0, parasitics annotated nets = 0, multi-voltage nets = 0. (TIM-112)
Information: 'WC' is identified as primary corner for initial clock tree building. (CTS-103)
CCD app option: ccd.targeted_ccd_path_groups:  **clock_gating_default**
Target path group: scenario FUNC_BC pathgroup **clock_gating_default**
Target path group: scenario FUNC_WC pathgroup **clock_gating_default**
Information: CCD will use corner WC for honoring max prepone/postpone limits
CCD-Info: Adjusting IO clock latencies to improve timing (ccd.adjust_io_clock_latency = true)
@ CG solver holdWeight = 0.100000
@ CG solver setupWeight = 1.000000
@ CG solver delayCostWeight = 5.000000
@ CG solver zeroDirWeight = 5.000000
@ CG solver wnsWeight = 10.000000
INFO: Clock latencies not changed
CUS IO adjustment before multi-objective clock optimization did not change IO
CCD MOO settings for (budget_implementation, last_qor_strategy): 5 engines
    Engine R2R_TNS has 6 objectives, 3 enabled moves, iterationLimit = 2, solverType = CG_LP, estimateFanoutPower = 0, mergeIOWithR2R = 1, areaOnly = 0, useOldEngine = 0, preponeOpt = 1
                tns300Cutoff = 300, capAllowance = 1.600000, cgccdScaleBack = 5, powerccdScaleBack = 0, needTrialSeedGeneration = 0, drcMargin = 0.000000, commitOneByOne = 0
            R2R_TNS: priority 10, weight 10.000000, degradationPercentAllowed 0.010000, step back 0.100000, isTargeted 1, isMaximize 1
            IO_TNS: priority 10, weight 10.000000, degradationPercentAllowed 0.010000, step back 0.050000, isTargeted 0, isMaximize 1
            R2R_WNS: priority 20, weight 5.000000, degradationPercentAllowed 0.050000, step back 0.050000, isTargeted 1, isMaximize 1
            HOLD_TNS: priority 30, weight 5.000000, degradationPercentAllowed 0.500000, step back 0.050000, isTargeted 1, isMaximize 1
            NONE_POWER: priority 40, weight 1.000000, degradationPercentAllowed 0.010000, step back 0.010000, isTargeted 1, isMaximize 0
            NONE_TOTAL_OFFSET: priority 99, weight 1.000000, degradationPercentAllowed nan, step back 0.050000, isTargeted 0, isMaximize 1
        Moves enabled: SIZE_CLOCK_TIMING, BUFFER_REMOVAL_CLOCK_TIMING, REPARENTING_CLOCK_TIMING, 
    Engine R2R_TNS has 7 objectives, 2 enabled moves, iterationLimit = 1, solverType = CG_LP, estimateFanoutPower = 0, mergeIOWithR2R = 1, areaOnly = 0, useOldEngine = 0, preponeOpt = 0
                tns300Cutoff = 300, capAllowance = 1.600000, cgccdScaleBack = 5, powerccdScaleBack = 0, needTrialSeedGeneration = 1, drcMargin = 0.000000, commitOneByOne = 0
            R2R_TNS: priority 10, weight 10.000000, degradationPercentAllowed 0.010000, step back 0.100000, isTargeted 1, isMaximize 1
            IO_TNS: priority 10, weight 10.000000, degradationPercentAllowed 0.010000, step back 0.050000, isTargeted 0, isMaximize 1
            R2R_WNS: priority 11, weight 5.000000, degradationPercentAllowed 0.050000, step back 0.050000, isTargeted 1, isMaximize 1
            HOLD_TNS: priority 20, weight 5.000000, degradationPercentAllowed 0.500000, step back 0.050000, isTargeted 1, isMaximize 1
            NONE_POWER: priority 30, weight 1.000000, degradationPercentAllowed 0.010000, step back 0.010000, isTargeted 1, isMaximize 0
            NONE_BUFFER_COUNT: priority 40, weight 1.000000, degradationPercentAllowed 0.010000, step back 0.100000, isTargeted 1, isMaximize 0
            NONE_TOTAL_OFFSET: priority 100, weight 1.000000, degradationPercentAllowed nan, step back 0.050000, isTargeted 0, isMaximize 1
          Objectives for trial seed generation: 
            R2R_TNS: priority 10, weight 10.000000, degradationPercentAllowed 0.010000, step back 0.070000, isTargeted 1, isMaximize 1
            NONE_BUFFER_COUNT: priority 20, weight 1.000000, degradationPercentAllowed 0.100000, step back 0.050000, isTargeted 1, isMaximize 0
            NONE_TOTAL_OFFSET: priority 30, weight 1.000000, degradationPercentAllowed nan, step back 0.050000, isTargeted 1, isMaximize 1
            R2R_WNS: priority 40, weight 5.000000, degradationPercentAllowed 0.010000, step back 0.050000, isTargeted 0, isMaximize 1
            HOLD_TNS: priority 50, weight 10.000000, degradationPercentAllowed 0.010000, step back 0.030000, isTargeted 0, isMaximize 1
            HOLD_WNS: priority 60, weight 1.000000, degradationPercentAllowed 0.010000, step back 0.030000, isTargeted 0, isMaximize 1
            IO_TNS: priority 70, weight 1.000000, degradationPercentAllowed 0.050000, step back 0.050000, isTargeted 0, isMaximize 1
        Moves enabled: SIZE_CLOCK_TIMING, BUFFER_CLOCK, 
    Engine R2R_TNS has 7 objectives, 2 enabled moves, iterationLimit = 1, solverType = CG_LP, estimateFanoutPower = 0, mergeIOWithR2R = 1, areaOnly = 0, useOldEngine = 0, preponeOpt = 0
                tns300Cutoff = 300, capAllowance = 1.600000, cgccdScaleBack = 5, powerccdScaleBack = 0, needTrialSeedGeneration = 0, drcMargin = 0.000000, commitOneByOne = 0
            R2R_TNS: priority 10, weight 10.000000, degradationPercentAllowed 0.010000, step back 0.100000, isTargeted 1, isMaximize 1
            IO_TNS: priority 10, weight 10.000000, degradationPercentAllowed 0.010000, step back 0.050000, isTargeted 0, isMaximize 1
            R2R_WNS: priority 11, weight 5.000000, degradationPercentAllowed 0.050000, step back 0.050000, isTargeted 1, isMaximize 1
            HOLD_TNS: priority 20, weight 5.000000, degradationPercentAllowed 0.500000, step back 0.050000, isTargeted 1, isMaximize 1
            NONE_POWER: priority 30, weight 1.000000, degradationPercentAllowed 0.010000, step back 0.010000, isTargeted 1, isMaximize 0
            NONE_BUFFER_COUNT: priority 40, weight 1.000000, degradationPercentAllowed 0.010000, step back 0.100000, isTargeted 1, isMaximize 0
            NONE_TOTAL_OFFSET: priority 100, weight 1.000000, degradationPercentAllowed nan, step back 0.050000, isTargeted 0, isMaximize 1
        Moves enabled: SIZE_CLOCK_TIMING, BUFFER_CLOCK, 
    Engine HOLD_TNS has 8 objectives, 2 enabled moves, iterationLimit = 1, solverType = CG_LP, estimateFanoutPower = 0, mergeIOWithR2R = 1, areaOnly = 0, useOldEngine = 0, preponeOpt = 0
                tns300Cutoff = 300, capAllowance = 1.600000, cgccdScaleBack = 5, powerccdScaleBack = 0, needTrialSeedGeneration = 0, drcMargin = 0.000000, commitOneByOne = 0
            HOLD_TNS: priority 10, weight 2.000000, degradationPercentAllowed 0.010000, step back 0.090000, isTargeted 1, isMaximize 1
            R2R_TNS: priority 20, weight 2.000000, degradationPercentAllowed 0.025000, step back 0.050000, isTargeted 1, isMaximize 1
            R2R_WNS: priority 25, weight 1.000000, degradationPercentAllowed 0.010000, step back 0.050000, isTargeted 1, isMaximize 1
            NONE_POWER: priority 30, weight 1.000000, degradationPercentAllowed 0.004000, step back 0.010000, isTargeted 1, isMaximize 0
            NONE_BUFFER_COUNT: priority 40, weight 5.000000, degradationPercentAllowed 0.005000, step back 0.100000, isTargeted 1, isMaximize 0
            HOLD_WNS: priority 60, weight 1.000000, degradationPercentAllowed 0.050000, step back 0.050000, isTargeted 0, isMaximize 1
            IO_TNS: priority 70, weight 1.000000, degradationPercentAllowed nan, step back 0.050000, isTargeted 0, isMaximize 1
            NONE_TOTAL_OFFSET: priority 100, weight 1.000000, degradationPercentAllowed nan, step back 0.050000, isTargeted 0, isMaximize 1
        Moves enabled: SIZE_CLOCK_TIMING, BUFFER_CLOCK, 
    Engine R2R_WNS has 8 objectives, 4 enabled moves, iterationLimit = 1, solverType = LP_ONLY, estimateFanoutPower = 0, mergeIOWithR2R = 1, areaOnly = 0, useOldEngine = 0, preponeOpt = 0
                tns300Cutoff = 300, capAllowance = 1.600000, cgccdScaleBack = 5, powerccdScaleBack = 0, needTrialSeedGeneration = 0, drcMargin = 0.000000, commitOneByOne = 0
            R2R_WNS: priority 10, weight 10.000000, degradationPercentAllowed 0.000000, step back 0.005000, isTargeted 1, isMaximize 1
            R2R_TNS: priority 20, weight 5.000000, degradationPercentAllowed 0.050000, step back 0.050000, isTargeted 1, isMaximize 1
            NONE_BUFFER_COUNT: priority 30, weight 1.000000, degradationPercentAllowed 0.010000, step back 0.100000, isTargeted 1, isMaximize 0
            NONE_TOTAL_OFFSET: priority 33, weight 1.000000, degradationPercentAllowed nan, step back 0.000000, isTargeted 1, isMaximize 1
            NONE_POWER: priority 35, weight 20.000000, degradationPercentAllowed 0.010000, step back 0.010000, isTargeted 0, isMaximize 0
            HOLD_TNS: priority 60, weight 1.000000, degradationPercentAllowed 0.100000, step back 0.100000, isTargeted 0, isMaximize 1
            IO_TNS: priority 70, weight 1.000000, degradationPercentAllowed 0.100000, step back 0.050000, isTargeted 0, isMaximize 1
            IO_WNS: priority 80, weight 1.000000, degradationPercentAllowed 0.100000, step back 0.050000, isTargeted 0, isMaximize 1
        Moves enabled: SIZE_CLOCK_TIMING, BUFFER_CLOCK, BUFFER_REMOVAL_CLOCK_TIMING, REPARENTING_CLOCK_TIMING, 
DBG: ccdInfra::ccdInfra
Drc Mode Option: auto
CCD blasted path groups
DBG: ccdInfra::initAppOptions
DBG: ccdInfra::initCtsFixedBalancePins

CCD-Info: App options set by user
   No CCD app option is set.
CCD: using 8 threads
CTSSC route status detected: clock (VR 0, GR 48003, DR 0), data (VR 114940, GR 0, DR 0); stage = auto, isPostRoute = FALSE
Total power = 23.448837, Leakage = 0.088881, Internal = 18.354126, Switching = 5.005830
Information: 'WC' is identified as primary corner for initial clock tree building. (CTS-103)

CCD: Initial QOR:
---------------------------------------------------------------------------------------------
 Design (setup) WNS = 1.078139, TNS = 0.000000, NVP = 0
 Design (hold) WNHS = -0.028832, TNHS = -0.058026, NHVP = 3

    Scenario FUNC_WC  WNS = 1.078139, TNS = 0.000000, NVP = 0
    Scenario FUNC_BC  WNHS = -0.028832, TNHS = -0.058026, NHVP = 3
---------------------------------------------------------------------------------------------
CCD-QoR: Timing: WNS = 1.078, TNS = 0.000, NVP = 0, UNWEIGHTED_TNS = 0.000, WNHS = -0.029, TNHS = -0.058, NHVP = 3, UNWEIGHTED_TNHS = -0.058, R2R(wns=1.078139, tns=0.000000, nvp=0)
 All scenarios used by CCD
    scenario 0: FUNC_BC , isMaxTran, isMaxCap
          mode: FUNC, id = 1
          corner: BC, id = 2
          isHold: wns = -0.028832, unweighted tns = -0.058026

    scenario 1: FUNC_WC , isDynamicPower, isLeakagePower, isMaxTran, isMaxCap, hold blocked 
          mode: FUNC, id = 1
          corner: WC, id = 1
          isSetup: wns = 1.078139, unweighted tns = 0.000000

Enable clock slack update

    Optimization Summary 		

-------------------------------------------------

  # Seeds generated                              0
  # Valid linear regressions                     0
  # Seeds with valid budget                      0
  # Seeds with accepted implementation           0
  # NumCTCells changed                           0


  # Total CPU time                               00h:00m:05s
  # Total elapsed time                           00h:00m:01s
  # Flow total speed up                          3.222920
  # Init lazy tns CPU time                       00h:00m:05s
  # Init lazy tns elapsed time                   00h:00m:01s
  # Init lazy tns speed up                       3.296860
  # Seed generation CPU time                     00h:00m:00s
  # Seed generation elapsed time                 00h:00m:00s
  # Seed generation speed up                     0.999828

-------------------------------------------------


CCD: After FMAX optimization:budget_implementation_HOLD_TNS3
---------------------------------------------------------------------------------------------
 Design (setup) WNS = 1.078139, TNS = 0.000000, NVP = 0
 Design (hold) WNHS = -0.028832, TNHS = -0.058026, NHVP = 3

    Scenario FUNC_WC  WNS = 1.078139, TNS = 0.000000, NVP = 0
    Scenario FUNC_BC  WNHS = -0.028832, TNHS = -0.058026, NHVP = 3
---------------------------------------------------------------------------------------------
CCD-QoR: Timing: WNS = 1.078, TNS = 0.000, NVP = 0, UNWEIGHTED_TNS = 0.000, WNHS = -0.029, TNHS = -0.058, NHVP = 3, UNWEIGHTED_TNHS = -0.058, R2R(wns=1.078139, tns=0.000000, nvp=0)
Mark clock trees...
Marking clock synthesized attributes

Marking spacing rules

Clock cell spacing rule list:
   No clock cell spacing rule is found.
CCD unblasted path groups
Information: The run time for Multi-objective Clock Optimization is 0 hr : 0 min : 10.16 sec, cpu time is 0 hr : 0 min : 42.13 sec. (CTS-104)
END_FUNC: cto:MultiObjectiveCto.1 CPU:   3178 s ( 0.88 hr) ELAPSE:    863 s ( 0.24 hr) MEM-PEAK:  3057 Mb Tue Aug  4 16:27:04 2026
end cto:MultiObjectiveCto.1; cpu_time: 3178; elapsed_time: 863; curr_mem: 2656; peak_mem: 3057
[cto] Finished MultiObjectiveCto.1: PASS
rtapi Thread-server 2: shutdown 
rtapi Thread-server 4: shutdown 
rtapi Thread-server 0: shutdown 
rtapi Thread-server 5: shutdown 
rtapi Thread-server 1: shutdown 
rtapi Thread-server 6: shutdown 
rtapi Thread-server 7: shutdown 
rtapi Thread-server 3: shutdown 

No. startProblems      =     0 

No. doRoutes           =     0 
No. doUnroutes         =     0 
No. redoRoutes         =     0 
No. redoUnroutes       =     0 
No. undoRoutes         =     0 
No. undoUnroutes       =     0 
No. commitRoutes       =     0 
No. commitUnroutes     =     0 
No. uncommitRoutes     =     0 
No. uncommitUnroutes   =     0 
No. doRoute fails      =     0 
No. doUnroute fails    =     0 

No. viaLadderQueries   =     0 
No. doDelVias          =     0 
No. doAddVias          =     0 
No. redoDelVias        =     0 
No. redoAddVias        =     0 
No. undoDelVias        =     0 
No. undoAddVias        =     0 
No. commitChangeVias   =     0 
No. uncommitChangeVias =     0 
No. doDelVias fails    =     0 
No. doAddVias fails    =     0 

Updating congestion ...
Updating congestion ...
GR Routing Service: Wrote GR congmap to NDM 
Information: The netlist change observers are enabled for incremental timing updates. (TIM-120)
Information: The netlist change observers are enabled for incremental extraction. (TIM-127)
Information: The net parasitics of block pde_chip_top_safe are cleared. (TIM-123)
Cell Min-Routing-Layer = M1
Cell Max-Routing-Layer = M6
Turn off antenna since no rule is specified
Information: Option route.detail.force_end_on_preferred_grid will be ignored since none of the layers have preferred grid. (ZRT-703)
Info: number of net_type_blockage: 0 
Information: Via ladder engine would be activated for pattern must join connection in certain commands. Please refer to man-page for the command list. (ZRT-619)
Via on layer (VIA1) needs more than one tracks
Warning: Layer M1 default pitch 0.200 may be too small to handle up/down via. Note, that minimum requirements are "wire/via-down 0.180" & "wire/via-up 0.225". (ZRT-026)
Via on layer (VIA5) needs more than one tracks
Warning: Layer M5 default pitch 0.200 may be too small to handle up/down via. Note, that minimum requirements are "wire/via-down 0.200" & "wire/via-up 0.350". (ZRT-026)
Via on layer (RV) needs more than one tracks
Warning: Layer M6 default pitch 0.800 may be too small to handle up/down via. Note, that minimum requirements are "wire/via-down 0.800" & "wire/via-up 3.600". (ZRT-026)
Information: When applicable Min-max layer allow_pin_connection mode will allow paths of length 3.00 outside the layer range. (ZRT-707)
Information: When applicable Min-max layer allow_pin_connection mode will allow paths of length 3.00 outside the layer range on clock nets. (ZRT-718)
Information: When applicable layer based tapering will taper up to 0.00 in distance from the pin. (ZRT-706)
Warning: Cell u_impl/u_core/g_row_5__g_col_9__u_pe/u_sol/u_black_q_reg_4_ is placed overlapping with other cells at {{240.000 29.800} {244.400 31.600}}. (ZRT-763)
Warning: Cell u_impl/u_core/g_row_2__g_col_0__u_pe/u_sol/u_black_q_reg_11_ is placed overlapping with other cells at {{347.800 26.200} {352.200 28.000}}. (ZRT-763)
Warning: Cell u_impl/u_core/g_row_2__g_col_9__u_pe/u_status/fit12_q_reg is placed overlapping with other cells at {{449.400 69.400} {453.800 71.200}}. (ZRT-763)
Warning: Cell u_impl/u_core/g_row_3__g_col_0__u_pe/u_sol/u_black_q_reg_13_ is placed overlapping with other cells at {{540.000 28.000} {544.400 29.800}}. (ZRT-763)
Warning: Cell u_impl/u_core/g_row_4__g_col_2__u_pe/u_sol/u_red_q_reg_14_ is placed overlapping with other cells at {{723.000 29.800} {727.400 31.600}}. (ZRT-763)
Warning: Cell u_impl/u_core/g_row_6__g_col_1__u_pe/U11 is placed overlapping with other cells at {{301.000 137.800} {303.400 139.600}}. (ZRT-763)
Warning: Cell u_impl/u_core/g_row_2__g_col_5__u_pe/u_dsm/err_red_q_reg_1_ is placed overlapping with other cells at {{690.000 116.200} {694.400 118.000}}. (ZRT-763)
Warning: Cell u_impl/u_core/g_row_1__g_col_7__u_pe/u_dsm/err_black_q_reg_1_ is placed overlapping with other cells at {{778.200 148.600} {782.600 150.400}}. (ZRT-763)
Warning: Cell u_impl/u_core/g_row_3__g_col_6__u_pe/u_sol/u_red_q_reg_3_ is placed overlapping with other cells at {{844.600 98.200} {849.000 100.000}}. (ZRT-763)
Warning: Cell u_impl/u_core/g_row_8__g_col_2__u_pe/u_sol/u_black_q_reg_1_ is placed overlapping with other cells at {{88.400 191.800} {92.800 193.600}}. (ZRT-763)
Warning: Cell u_impl/u_core/g_row_7__g_col_7__u_pe/u_dsm/rem_q_reg_1_ is placed overlapping with other cells at {{176.800 202.600} {181.200 204.400}}. (ZRT-763)
Warning: Cell u_impl/u_core/g_row_5__g_col_3__u_pe/u_r_black/q_reg_4_ is placed overlapping with other cells at {{316.400 181.000} {320.800 182.800}}. (ZRT-763)
Warning: Cell u_impl/ZCTSBUF_644253_27055 is placed overlapping with other cells at {{373.400 182.800} {375.800 184.600}}. (ZRT-763)
Warning: Cell u_impl/black_shadow_reg_64__6_ is placed overlapping with other cells at {{423.200 213.400} {427.000 215.200}}. (ZRT-763)
Warning: Cell u_impl/ZCTSBUF_668964_27069 is placed overlapping with other cells at {{508.600 231.400} {511.800 233.200}}. (ZRT-763)
Warning: Cell u_impl/red_shadow_reg_44__14_ is placed overlapping with other cells at {{632.200 197.200} {636.000 199.000}}. (ZRT-763)
Warning: Cell u_impl/u_core/g_row_1__g_col_8__u_pe/u_r_red/q_reg_15_ is placed overlapping with other cells at {{762.600 184.600} {767.000 186.400}}. (ZRT-763)
Warning: Cell u_impl/u_core/g_row_8__g_col_7__u_pe/u_sol/u_black_q_reg_13_ is placed overlapping with other cells at {{77.800 272.800} {82.200 274.600}}. (ZRT-763)
Warning: Cell u_impl/u_core/g_row_8__g_col_4__u_pe/U13 is placed overlapping with other cells at {{164.800 271.000} {167.200 272.800}}. (ZRT-763)
Warning: Cell u_impl/u_core/g_row_7__g_col_9__u_pe/u_r_black/U3 is placed overlapping with other cells at {{250.200 276.400} {251.000 278.200}}. (ZRT-763)
Warning: Cell u_impl/ZCTSBUF_630307_27038 is placed overlapping with other cells at {{425.000 265.600} {427.400 267.400}}. (ZRT-763)
Warning: Cell u_impl/ZCTSBUF_691608_27088 is placed overlapping with other cells at {{518.600 298.000} {521.800 299.800}}. (ZRT-763)
Warning: Cell u_impl/u_core/g_row_1__g_col_3__u_pe/u_r_black/q_reg_4_ is placed overlapping with other cells at {{707.800 242.200} {712.200 244.000}}. (ZRT-763)
Warning: Cell u_impl/u_core/g_row_1__g_col_4__u_pe/u_alu/carry_q_reg_3_ is placed overlapping with other cells at {{785.000 242.200} {789.400 244.000}}. (ZRT-763)
Warning: Cell u_impl/u_core/g_row_10__g_col_3__u_pe/u_r_black/q_reg_12_ is placed overlapping with other cells at {{110.600 393.400} {115.000 395.200}}. (ZRT-763)
Warning: Cell u_impl/red_shadow_reg_86__7_ is placed overlapping with other cells at {{358.800 321.400} {362.800 323.200}}. (ZRT-763)
Warning: Cell u_impl/ZCTSBUF_535304_26650 is placed overlapping with other cells at {{604.800 388.000} {607.200 389.800}}. (ZRT-763)
Warning: Cell u_impl/black_shadow_reg_196__7_ is placed overlapping with other cells at {{674.200 348.400} {678.000 350.200}}. (ZRT-763)
Warning: Cell u_impl/u_core/g_row_0__g_col_1__u_pe/u_r_black/q_reg_9_ is placed overlapping with other cells at {{735.800 379.000} {740.200 380.800}}. (ZRT-763)
Warning: Cell u_impl/u_core/g_row_0__g_col_8__u_pe/u_sol/u_black_q_reg_9_ is placed overlapping with other cells at {{847.000 348.400} {851.400 350.200}}. (ZRT-763)
Warning: Cell u_impl/u_core/g_row_10__g_col_5__u_pe/u_sol/u_black_q_reg_5_ is placed overlapping with other cells at {{55.600 406.000} {60.000 407.800}}. (ZRT-763)
Warning: Cell u_impl/u_core/g_row_10__g_col_1__u_pe/u_r_black/q_reg_13_ is placed overlapping with other cells at {{148.000 424.000} {152.400 425.800}}. (ZRT-763)
Warning: Cell u_impl/ZCTSBUF_411389_26701 is placed overlapping with other cells at {{199.400 469.000} {201.800 470.800}}. (ZRT-763)
Warning: Cell u_impl/ZCTSINV_613869_27003 is placed overlapping with other cells at {{359.200 413.200} {361.000 415.000}}. (ZRT-763)
Warning: Cell u_impl/ZCTSBUF_189516_26989 is placed overlapping with other cells at {{423.800 422.200} {428.200 424.000}}. (ZRT-763)
Warning: Cell u_impl/ZCTSBUF_497404_26669 is placed overlapping with other cells at {{710.800 404.200} {712.600 406.000}}. (ZRT-763)
Warning: Cell u_impl/south_valid_q_reg_11_ is placed overlapping with other cells at {{729.600 406.000} {734.000 407.800}}. (ZRT-763)
Warning: Cell u_impl/u_core/g_row_11__g_col_3__u_pe/u_sol/u_red_q_reg_7_ is placed overlapping with other cells at {{65.600 537.400} {70.000 539.200}}. (ZRT-763)
Warning: Cell u_impl/u_core/g_row_10__g_col_8__u_pe/u_r_black/q_reg_4_ is placed overlapping with other cells at {{128.400 519.400} {132.800 521.200}}. (ZRT-763)
Warning: Cell u_impl/u_core/ZCTSBUF_408521_26704 is placed overlapping with other cells at {{166.800 508.600} {169.200 510.400}}. (ZRT-763)
Warning: Cell u_impl/red_shadow_reg_113__6_ is placed overlapping with other cells at {{376.600 551.800} {380.600 553.600}}. (ZRT-763)
Warning: Cell u_impl/ZCTSBUF_513577_26673 is placed overlapping with other cells at {{652.400 479.800} {655.600 481.600}}. (ZRT-763)
Warning: Cell u_impl/u_core/g_row_19__g_col_6__u_pe/u_dsm/err_black_q_reg_1_ is placed overlapping with other cells at {{793.600 515.800} {798.000 517.600}}. (ZRT-763)
Warning: Cell u_impl/ZCTSBUF_479355_26628 is placed overlapping with other cells at {{798.000 515.800} {803.600 517.600}}. (ZRT-763)
Warning: Cell u_impl/u_core/ZCTSBUF_396151_26706 is placed overlapping with other cells at {{27.400 560.800} {29.200 562.600}}. (ZRT-763)
Warning: Cell u_impl/u_core/g_row_11__g_col_8__u_pe/u_r_red/q_reg_1_ is placed overlapping with other cells at {{167.800 580.600} {172.200 582.400}}. (ZRT-763)
Warning: Cell u_impl/u_core/g_row_17__g_col_0__u_pe/u_r_red/q_reg_1_ is placed overlapping with other cells at {{249.400 632.800} {253.800 634.600}}. (ZRT-763)
Warning: Cell u_impl/black_shadow_reg_118__5_ is placed overlapping with other cells at {{339.000 559.000} {343.000 560.800}}. (ZRT-763)
Warning: Cell u_impl/u_core/g_row_18__g_col_4__u_pe/u_r_red/ZBUF_12_inst_27493 is placed overlapping with other cells at {{443.800 593.200} {445.000 595.000}}. (ZRT-763)
Warning: Cell u_impl/cfg_rdata_reg_12_ is placed overlapping with other cells at {{604.000 640.000} {608.400 641.800}}. (ZRT-763)
Warning: Cell u_impl/u_core/g_row_14__g_col_0__u_pe/u_r_black/ZBUF_5_inst_27487 is placed overlapping with other cells at {{640.600 573.400} {641.400 575.200}}. (ZRT-763)
Warning: Cell u_impl/u_core/g_row_18__g_col_2__u_pe/u_r_black/q_reg_1_ is placed overlapping with other cells at {{725.800 625.600} {730.200 627.400}}. (ZRT-763)
Warning: Cell u_impl/u_core/g_row_18__g_col_8__u_pe/u_status/small_q_reg is placed overlapping with other cells at {{809.600 577.000} {814.000 578.800}}. (ZRT-763)
Warning: Cell u_impl/u_core/g_row_17__g_col_4__u_pe/u_r_black/q_reg_7_ is placed overlapping with other cells at {{279.200 679.600} {283.600 681.400}}. (ZRT-763)
Warning: Cell u_impl/u_core/g_row_15__g_col_5__u_pe/u_r_red/ZBUF_12_inst_27505 is placed overlapping with other cells at {{367.800 643.600} {369.000 645.400}}. (ZRT-763)
Warning: Cell u_impl/ZCTSINV_243155_26791 is placed overlapping with other cells at {{607.200 659.800} {609.000 661.600}}. (ZRT-763)
Warning: Cell u_impl/u_core/ZCTSBUF_276613_26812 is placed overlapping with other cells at {{640.800 656.200} {646.400 658.000}}. (ZRT-763)
Warning: Cell u_impl/u_core/ZCTSBUF_282503_26817 is placed overlapping with other cells at {{730.200 640.000} {733.400 641.800}}. (ZRT-763)
Warning: Cell u_impl/u_core/ZCTSBUF_294729_26820 is placed overlapping with other cells at {{802.400 661.600} {804.200 663.400}}. (ZRT-763)
Warning: Cell u_impl/u_core/ZCTSBUF_439725_26742 is placed overlapping with other cells at {{173.000 767.800} {176.200 769.600}}. (ZRT-763)
Warning: Cell u_impl/u_core/ZCTSBUF_312987_26901 is placed overlapping with other cells at {{277.200 749.800} {279.000 751.600}}. (ZRT-763)
Warning: Cell u_impl/u_core/g_row_17__g_col_7__u_pe/u_r_black/q_reg_1_ is placed overlapping with other cells at {{359.600 722.800} {364.000 724.600}}. (ZRT-763)
Warning: Cell u_impl/u_core/g_row_17__g_col_8__u_pe/u_r_black/q_reg_8_ is placed overlapping with other cells at {{433.400 722.800} {437.800 724.600}}. (ZRT-763)
Warning: Cell u_impl/u_core/ZCTSINV_229798_26781 is placed overlapping with other cells at {{607.000 742.600} {607.800 744.400}}. (ZRT-763)
Warning: Cell u_impl/u_core/ZCTSBUF_263192_26804 is placed overlapping with other cells at {{684.600 751.600} {687.000 753.400}}. (ZRT-763)
Warning: Cell u_impl/u_core/g_row_18__g_col_0__u_pe/u_sol/u_red_q_reg_11_ is placed overlapping with other cells at {{743.800 755.200} {748.200 757.000}}. (ZRT-763)
Warning: Cell u_impl/u_core/g_row_16__g_col_2__u_pe/u_sol/intadd_119_U10 is placed overlapping with other cells at {{196.200 809.200} {201.200 811.000}}. (ZRT-763)
Warning: Cell u_impl/u_core/g_row_15__g_col_1__u_pe/u_dsm/rem_q_reg_1_ is placed overlapping with other cells at {{285.800 798.400} {290.200 800.200}}. (ZRT-763)
Warning: Cell u_impl/u_core/ZCTSBUF_320300_26895 is placed overlapping with other cells at {{318.400 820.000} {321.600 821.800}}. (ZRT-763)
Warning: Cell u_impl/u_core/ZCTSBUF_356100_26859 is placed overlapping with other cells at {{453.200 800.200} {456.400 802.000}}. (ZRT-763)
Warning: Cell u_impl/u_core/g_row_12__g_col_5__u_pe/u_status/ZBUF_13_inst_27479 is placed overlapping with other cells at {{509.200 805.600} {510.000 807.400}}. (ZRT-763)
Warning: Cell u_impl/u_core/ZCTSBUF_272537_26800 is placed overlapping with other cells at {{634.800 811.000} {636.600 812.800}}. (ZRT-763)
Start Global Route ... 
[Init] Elapsed real time: 0:00:00 
[Init] Elapsed cpu  time: sys=0:00:00 usr=0:00:00 total=0:00:00
[Init] Stage (MB): Used    0  Alloctr    0  Proc    0 
[Init] Total (MB): Used  160  Alloctr  164  Proc 6514 
Printing options for 'route.common.*'
common.verbose_level                                    :	 0                   

Printing options for 'route.global.*'
global.crosstalk_driven                                 :	 false               
global.timing_driven                                    :	 false               

Begin global routing.
Loading parastics information to the router ...
parastics information loaded to the router.
[End of Loading Timing] Elapsed real time: 0:00:00 
[End of Loading Timing] Elapsed cpu  time: sys=0:00:00 usr=0:00:00 total=0:00:00
Constructing data structure ...
Design statistics:
Design Bounding Box (0.00um,0.00um,875.00um,875.00um)
Number of routing layers = 7
layer M1, dir Hor, min width = 0.09um, min space = 0.09um pitch = 0.2um
layer M2, dir Ver, min width = 0.1um, min space = 0.1um pitch = 0.2um
layer M3, dir Hor, min width = 0.1um, min space = 0.1um pitch = 0.2um
layer M4, dir Ver, min width = 0.1um, min space = 0.1um pitch = 0.2um
layer M5, dir Hor, min width = 0.1um, min space = 0.1um pitch = 0.2um
layer M6, dir Ver, min width = 0.4um, min space = 0.4um pitch = 0.8um
layer AP, dir Hor, min width = 3um, min space = 2um pitch = 6.5um
Current Stage stats:
[End of Build Tech Data] Elapsed real time: 0:00:00 
[End of Build Tech Data] Elapsed cpu  time: sys=0:00:00 usr=0:00:00 total=0:00:00
[End of Build Tech Data] Stage (MB): Used    4  Alloctr    4  Proc    0 
[End of Build Tech Data] Total (MB): Used  168  Alloctr  172  Proc 6514 
Net statistics:
Total number of nets     = 115431
Number of nets to route  = 489
499 nets are fully connected,
 of which 10 are detail routed and 489 are global routed.
Net length statistics: 
Net Count(Ignore Fully Rted) 0, Total Half Perimeter Wire Length (HPWL) 0 microns
HPWL   0 ~   50 microns: Net Count        0	Total HPWL            0 microns
HPWL  50 ~  100 microns: Net Count        0	Total HPWL            0 microns
HPWL 100 ~  200 microns: Net Count        0	Total HPWL            0 microns
HPWL 200 ~  300 microns: Net Count        0	Total HPWL            0 microns
HPWL 300 ~  400 microns: Net Count        0	Total HPWL            0 microns
HPWL 400 ~  500 microns: Net Count        0	Total HPWL            0 microns
HPWL 500 ~  600 microns: Net Count        0	Total HPWL            0 microns
HPWL 600 ~  700 microns: Net Count        0	Total HPWL            0 microns
HPWL 700 ~  800 microns: Net Count        0	Total HPWL            0 microns
HPWL 800 ~  900 microns: Net Count        0	Total HPWL            0 microns
HPWL 900 ~ 1000 microns: Net Count        0	Total HPWL            0 microns
HPWL     > 1000 microns: Net Count        0	Total HPWL            0 microns
Current Stage stats:
[End of Build All Nets] Elapsed real time: 0:00:00 
[End of Build All Nets] Elapsed cpu  time: sys=0:00:00 usr=0:00:00 total=0:00:00
[End of Build All Nets] Stage (MB): Used   81  Alloctr   82  Proc    0 
[End of Build All Nets] Total (MB): Used  249  Alloctr  255  Proc 6514 
Number of partitions: 1 (1 x 1)
Size of partitions: 487 gCells x 487 gCells
Average gCell capacity  2.28	 on layer (1)	 M1
Average gCell capacity  8.95	 on layer (2)	 M2
Average gCell capacity  8.97	 on layer (3)	 M3
Average gCell capacity  8.95	 on layer (4)	 M4
Average gCell capacity  8.86	 on layer (5)	 M5
Average gCell capacity  2.22	 on layer (6)	 M6
Average gCell capacity  0.28	 on layer (7)	 AP
Average number of tracks per gCell 8.99	 on layer (1)	 M1
Average number of tracks per gCell 8.99	 on layer (2)	 M2
Average number of tracks per gCell 8.99	 on layer (3)	 M3
Average number of tracks per gCell 8.99	 on layer (4)	 M4
Average number of tracks per gCell 8.99	 on layer (5)	 M5
Average number of tracks per gCell 2.25	 on layer (6)	 M6
Average number of tracks per gCell 0.28	 on layer (7)	 AP
Number of gCells = 1660183
Current Stage stats:
[End of Build Congestion Map] Elapsed real time: 0:00:00 
[End of Build Congestion Map] Elapsed cpu  time: sys=0:00:00 usr=0:00:00 total=0:00:00
[End of Build Congestion Map] Stage (MB): Used   29  Alloctr   30  Proc    0 
[End of Build Congestion Map] Total (MB): Used  279  Alloctr  285  Proc 6514 
Number of partitions: 1 (1 x 1)
Size of partitions: 487 gCells x 487 gCells
Current Stage stats:
[End of Add Nets Demand] Elapsed real time: 0:00:00 
[End of Add Nets Demand] Elapsed cpu  time: sys=0:00:00 usr=0:00:00 total=0:00:00
[End of Add Nets Demand] Stage (MB): Used    0  Alloctr    0  Proc    0 
[End of Add Nets Demand] Total (MB): Used  280  Alloctr  285  Proc 6514 
Number of user frozen nets = 0
Information: RC layer preference is turned off for this design. (ZRT-613)
Total stats:
[End of Build Data] Elapsed real time: 0:00:01 
[End of Build Data] Elapsed cpu  time: sys=0:00:00 usr=0:00:01 total=0:00:01
[End of Build Data] Stage (MB): Used  116  Alloctr  117  Proc    0 
[End of Build Data] Total (MB): Used  280  Alloctr  285  Proc 6514 
Current Stage stats:
[End of Blocked Pin Detection] Elapsed real time: 0:00:00 
[End of Blocked Pin Detection] Elapsed cpu  time: sys=0:00:00 usr=0:00:00 total=0:00:00
[End of Blocked Pin Detection] Stage (MB): Used    0  Alloctr    0  Proc    0 
[End of Blocked Pin Detection] Total (MB): Used  280  Alloctr  285  Proc 6514 
Information: Using 8 threads for routing. (ZRT-444)
Information: Multiple gcell levels ON
Information: Buffer distance is estimated to be ~1417.0000um (787 gCells)

Start GR phase 0
Number of partitions: 1 (1 x 1)
Size of partitions: 487 gCells x 487 gCells
[rtAllBotParts] Elapsed real time: 0:00:00 
[rtAllBotParts] Elapsed cpu  time: sys=0:00:00 usr=0:00:00 total=0:00:00
[rtTop] Elapsed real time: 0:00:00 
[rtTop] Elapsed cpu  time: sys=0:00:00 usr=0:00:00 total=0:00:00
Current Stage stats:
[End of Initial Routing] Elapsed real time: 0:00:00 
[End of Initial Routing] Elapsed cpu  time: sys=0:00:00 usr=0:00:00 total=0:00:00
[End of Initial Routing] Stage (MB): Used   68  Alloctr   68  Proc    0 
[End of Initial Routing] Total (MB): Used  348  Alloctr  354  Proc 6514 
Initial. Routing result:
Initial. Both Dirs: Dmd-Cap  =     0 Max = 0 GRCs =     0 (0.00%)
Initial. H routing: Dmd-Cap  =     0 Max = 0 (GRCs =  0) GRCs =     0 (0.00%)
Initial. V routing: Dmd-Cap  =     0 Max = 0 (GRCs =  0) GRCs =     0 (0.00%)
Initial. Both Dirs: Overflow =     0 Max = 0 GRCs =     0 (0.00%)
Initial. H routing: Overflow =     0 Max = 0 (GRCs =  0) GRCs =     0 (0.00%)
Initial. V routing: Overflow =     0 Max = 0 (GRCs =  0) GRCs =     0 (0.00%)
Initial. M1         Overflow =     0 Max = 0 (GRCs =  0) GRCs =     0 (0.00%)
Initial. M2         Overflow =     0 Max = 0 (GRCs =  0) GRCs =     0 (0.00%)
Initial. M3         Overflow =     0 Max = 0 (GRCs =  0) GRCs =     0 (0.00%)
Initial. M4         Overflow =     0 Max = 0 (GRCs =  0) GRCs =     0 (0.00%)
Initial. M5         Overflow =     0 Max = 0 (GRCs =  0) GRCs =     0 (0.00%)
Initial. M6         Overflow =     0 Max = 0 (GRCs =  0) GRCs =     0 (0.00%)
Initial. AP         Overflow =     0 Max = 0 (GRCs =  0) GRCs =     0 (0.00%)

Initial. Total Wire Length = 131147.53
Initial. Layer M1 wire length = 76.46
Initial. Layer M2 wire length = 16006.85
Initial. Layer M3 wire length = 63381.81
Initial. Layer M4 wire length = 50818.05
Initial. Layer M5 wire length = 864.36
Initial. Layer M6 wire length = 0.00
Initial. Layer AP wire length = 0.00
Initial. Total Number of Contacts = 73141
Initial. Via VIA12_HV count = 24914
Initial. Via VIA23 count = 25224
Initial. Via VIA34 count = 22687
Initial. Via VIA45 count = 316
Initial. Via VIA56 count = 0
Initial. Via VIA67 count = 0
Initial. completed.
[End of Whole Chip Routing] Elapsed real time: 0:00:01 
[End of Whole Chip Routing] Elapsed cpu  time: sys=0:00:00 usr=0:00:01 total=0:00:01
[End of Whole Chip Routing] Stage (MB): Used  184  Alloctr  185  Proc    0 
[End of Whole Chip Routing] Total (MB): Used  348  Alloctr  354  Proc 6514 

Information: Global Routing didn't terminate early. (ZRT-103)

Congestion utilization per direction:
Average vertical track utilization   =  1.49 %
Peak    vertical track utilization   = 25.00 %
Average horizontal track utilization =  1.60 %
Peak    horizontal track utilization = 23.81 %

[End of Global Routing] Elapsed real time: 0:00:01 
[End of Global Routing] Elapsed cpu  time: sys=0:00:00 usr=0:00:01 total=0:00:01
[End of Global Routing] Stage (MB): Used  157  Alloctr  158  Proc    0 
[End of Global Routing] Total (MB): Used  321  Alloctr  327  Proc 6514 
Updating congestion ...
Updating congestion ...
[End of dbOut] Elapsed real time: 0:00:00 
[End of dbOut] Elapsed cpu  time: sys=0:00:00 usr=0:00:00 total=0:00:00
[End of dbOut] Stage (MB): Used   -6  Alloctr   -6  Proc    0 
[End of dbOut] Total (MB): Used  192  Alloctr  197  Proc 6514 
Skip track assign
Skip detail route
Updating the database ...
************************************************************
* CTS STEP: Postlude
************************************************************
nplDplc2Placer::setParam(effort,1)
nplDplc2Placer::setParam(debug,0)
nplDplc2Placer::setParam(site_check,2)
nplDplc2Placer::setParam(app_firm_wgt,0)
Warning: Routing direction of metal layer PO is neither "horizontal" nor "vertical".  PDC checks will not be performed on this layer. (PDC-003)
PDC app_options settings =========
	place.legalize.enable_prerouted_net_check: 1
	place.legalize.num_tracks_for_access_check: 1
	place.legalize.use_eol_spacing_for_access_check: 0
	place.legalize.allow_touch_track_for_access_check: 1
	place.legalize.reduce_conservatism_in_eol_check: 0
	place.legalize.preroute_shape_merge_distance: 0.0
	place.legalize.enable_non_preferred_direction_span_check: 0

Layer M1: cached 0 shapes out of 10022 total shapes.
Layer M2: cached 0 shapes out of 4072 total shapes.
Cached 0 vias out of 77909 total vias.

Legalizing Top Level Design pde_chip_top_safe ... 
Information: Initializing classic cellmap without advanced rules enabled and without PDC enabled
Information: The following app options are used in cellmap
        place.legalize.enable_color_aware_placement : false
        place.legalize.use_nll_query_cm : false
        place.legalize.enable_advanced_legalizer : false
        place.legalize.enable_prerouted_net_check : true
        place.legalize.enable_advanced_prerouted_net_check : false
        place.legalize.always_continue : true
        place.legalize.limit_legality_checks : false
        place.common.pnet_aware_density : 1.0000
        place.common.pnet_aware_min_width : 0.0000
        place.common.pnet_aware_layers : {}
        place.common.use_placement_model : false
        place.common.enable_advanced_placement_model : true
        cts.placement.cell_spacing_rule_style : maximum
Total 0.1181 seconds to build cellmap data
Information: Creating classic rule checker.
Warning: Routing direction of metal layer PO is neither "horizontal" nor "vertical".  PDC checks will not be performed on this layer. (PDC-003)
=====> Processed 169 ref cells (0 fillers) from library

Bounds/Regions In This Design:
        Area    Num Cells  Exclusive Name
 (square um)
      731025       112392        Yes DEFAULT_VA

Starting legalizer.
Warning: Exclusive bound 'DEFAULT' has no cells.
Optimizing Exclusive Bound 'DEFAULT_VA' (2/2)
    Done Exclusive Bound 'DEFAULT_VA' (2/2) (1 sec)
Legalization complete (2 total sec)

****************************************
  Report : Placement Attempts
  Site   : core
****************************************

number of cells:                 112392
number of references:               169
number of site rows:                475
number of locations attempted:  1628039
number of locations failed:           0  (0.0%)

Legality of references at locations:
0 references had failures.

Legality of references in rows:
0 references had row failures.

****************************************
  Report : Cell Displacements
****************************************

number of cells aggregated:       87999 (658928 total sites)
avg row height over cells:        1.800 um
rms cell displacement:            0.162 um ( 0.09 row height)
rms weighted cell displacement:   0.162 um ( 0.09 row height)
max cell displacement:            4.025 um ( 2.24 row height)
avg cell displacement:            0.017 um ( 0.01 row height)
avg weighted cell displacement:   0.017 um ( 0.01 row height)
number of cells moved:             1576
number of large displacements:        0
large displacement threshold:     3.000 row height

Displacements of worst 10 cells:
Cell: u_impl/u_core/g_row_16__g_col_8__u_pe/u_r_black/U10 (AO222D0)
  Input location: (180.8,613)
  Legal location: (179,609.4)
  Displacement:   4.025 um ( 2.24 row height)
Cell: u_impl/u_core/g_row_12__g_col_9__u_pe/u_r_black/U5 (NR2XD1)
  Input location: (642.4,656.2)
  Legal location: (646.4,656.2)
  Displacement:   4.000 um ( 2.22 row height)
Cell: u_impl/u_core/g_row_7__g_col_1__u_pe/u_r_red/HFSBUF_487_15529 (CKBD0)
  Input location: (432.8,181)
  Legal location: (434.4,177.4)
  Displacement:   3.940 um ( 2.19 row height)
Cell: u_impl/u_core/g_row_3__g_col_0__u_pe/u_sol/intadd_92_U4 (FA1D0)
  Input location: (535,26.2)
  Legal location: (533.6,29.8)
  Displacement:   3.863 um ( 2.15 row height)
Cell: u_impl/u_core/HFSBUF_202134_20048 (CKBD8)
  Input location: (754,492.4)
  Legal location: (754.6,488.8)
  Displacement:   3.650 um ( 2.03 row height)
Cell: u_impl/u_core/g_row_12__g_col_9__u_pe/u_r_black/U20 (AOI22D0)
  Input location: (640,656.2)
  Legal location: (639.4,659.8)
  Displacement:   3.650 um ( 2.03 row height)
Cell: u_impl/u_core/g_row_0__g_col_9__u_pe/u_sol/intadd_192_U14 (FA1D0)
  Input location: (833,298)
  Legal location: (833.2,301.6)
  Displacement:   3.606 um ( 2.00 row height)
Cell: u_impl/u_core/g_row_2__g_col_2__u_pe/u_r_red/U4 (NR2XD1)
  Input location: (381.2,145)
  Legal location: (381.2,148.6)
  Displacement:   3.600 um ( 2.00 row height)
Cell: u_impl/u_core/g_row_11__g_col_3__u_pe/u_sol/U91 (CKND0)
  Input location: (67.8,537.4)
  Legal location: (70.4,539.2)
  Displacement:   3.162 um ( 1.76 row height)
Cell: u_impl/u_core/g_row_15__g_col_2__u_pe/u_sol/intadd_30_U14 (FA1D0)
  Input location: (273.2,839.8)
  Legal location: (276.2,839.8)
  Displacement:   3.000 um ( 1.67 row height)

 Successfully legalize placement.
Info: 23905 sinks and boundary insts are collected
Info: 23905 sinks and boundary insts are unset from application_fixed
************************************************************
* CTS STEP: Summary report
************************************************************
There are 489 flat clock tree nets.
There are 488 non-sink instances (total area 1995.12) on clock trees including 0 instances dont_touch.
Clock tree synthesize and optimization added 357 buffers and 131 inverters (total area 1995.12).
 Compilation of clock trees finished successfully
 Run time for cts 00:01:15.39u 00:00:00.46s 00:00:28.79e: 

Summary of messages during CTS:
===============================================================
  Tag   Count  Type           Description
---------------------------------------------------------------
CTS-038    1  Warning  No clock routing rule is specified.
Info: clearing CTS-GR option
Info: clearinf CTO-GR option
Information: The stitching and editing of coupling caps is turned OFF for design 'pde_chip_top_safe.dlib:pde_chip_top_safe.design'. (TIM-125)
Information: Design pde_chip_top_safe has 115431 nets, 489 global routed, 0 detail routed. (NEX-024)
Number of Site types in the design = 1
Setting up Chip Core
Chip Core shape: (100000 100000) (8650000 8650000)
Number of VARs = 1
Number of unique PDs = 1
Number of Power Domains = 1
Number of Voltage Areas = 1
Number of supply Nets = 2
Number of used supplies = 0
Blocked VAs: 
Information: Initializing classic cellmap without advanced rules enabled and without PDC enabled
Information: The following app options are used in cellmap
        place.legalize.enable_color_aware_placement : false
        place.legalize.use_nll_query_cm : false
        place.legalize.enable_advanced_legalizer : false
        place.legalize.enable_prerouted_net_check : true
        place.legalize.enable_advanced_prerouted_net_check : false
        place.legalize.always_continue : true
        place.legalize.limit_legality_checks : false
        place.common.pnet_aware_density : 1.0000
        place.common.pnet_aware_min_width : 0.0000
        place.common.pnet_aware_layers : {}
        place.common.use_placement_model : false
        place.common.enable_advanced_placement_model : true
        cts.placement.cell_spacing_rule_style : maximum
Total 0.1201 seconds to build cellmap data
INFO: creating 98(r) x 98(c) GridCells YDim 9 XDim 9
INFO: number of GridCells (pde_chip_top_safe): 9604
INFO: creating 98(r) x 98(c) GridCells YDim 9 XDim 9
INFO: number of GridCells (pde_chip_top_safe): 9604
Total 0.7580 seconds to load 112392 cell instances into cellmap
Moveable cells: 111904; Application fixed cells: 488; Macro cells: 0; User fixed cells: 0
Average cell width 2.0844, cell height 1.8000, cell area 3.7519 for total 112392 placed and application fixed cells
Information: Current block utilization is '0.57680', effective utilization is '0.57684'. (OPT-055)
Information: The RC mode used is CTO for design 'pde_chip_top_safe'. (NEX-022)
Information: Design Average RC for design pde_chip_top_safe  (NEX-011)
Information: r = 1.175509 ohm/um, via_r = 1.495507 ohm/cut, c = 0.176977 ff/um, cc = 0.000000 ff/um (X dir) (NEX-017)
Information: r = 1.055983 ohm/um, via_r = 1.718437 ohm/cut, c = 0.190476 ff/um, cc = 0.000000 ff/um (Y dir) (NEX-017)
Information: Update timing completed net estimation for all the timing graph nets (TIM-111)
Information: Net estimation statistics: timing graph nets = 115429, routed nets = 489, across physical hierarchy nets = 0, parasitics cached nets = 115425, delay annotated nets = 0, parasitics annotated nets = 0, multi-voltage nets = 0. (TIM-112)

    Scenario FUNC_WC  WNS = 0.000000, TNS = 0.000000, NVP = 0

     ELAPSED  WORST NEG TOTAL NEG              MAX       MAX     BUFFER    INVERTER   LVTH      LVTH      PEAK   
      TIME      SLACK     SLACK     AREA    TRAN COST CAP COST    COUNT     COUNT     COUNT    PERCENT   MEMORY  
    --------- --------- --------- --------- --------- --------- --------- --------- --------- --------- ---------
      0:14:33     0.000     0.000 4.217e+05     0.021     0.000     10957     12074         0     0.000      3057 

Information: Ending   clock_opt / build_clock / CTS (FLW-8001)
Information: Time: 2026-08-04 16:27:16 / Session:  00:14:35 / Command:  00:02:30 / CPU:  00:07:25 / Memory: 3057 MB (FLW-8100)
Information: The value of option cts.compile.enable_cell_relocation has been overridden to "leaf_only" to support latency-driven placement. (CTS-973)

Clock-opt optimization Phase 10 Iter  1         0.00        0.00      0.06        14     421684.56    88881.42      112392              0.24      3057

Enable dominated scenarios

Clock-opt optimization complete                 0.00        0.00      0.06        14     421684.56    88881.42      112392              0.24      3057
Co-efficient Ratio Summary:
4.193421605155  6.578038173730  2.479639287277  7.744187540401  0.485050002136  3.179565838587  5.567214054587  2.894462987461  6.565921257262  9.017937505874  3.102447598361  9.805578486351  6.089354064085  2.745285941123  8.319312004907
9.699225026083  2.464623950064  1.382370221226  9.387184029619  3.142429406669  0.968752789964  6.613180723294  4.146587893224  7.876358971632  2.191135103696  0.961501346453  2.742286955381  3.851681164440  3.751283653169  7.664655242299
6.212201167950  7.759678473967  7.862243056717  0.402387977150  0.032845095897  0.596111512371  4.701287396892  7.205135512169  8.278351398268  1.183725190997  3.332214540321  5.809767187872  7.184023585364  9.660804699761  7.592684747087
7.632106393266  7.679078063326  9.831314288630  1.878805817928  3.230072343539  1.226270037326  7.050450494780  2.403928173631  6.139852544054  4.100210066110  1.272596621732  4.512804009213  5.635007008820  7.827842953678  4.750330818263
5.409027926377  2.609823652834  0.626142538674  6.381676652919  9.187474022495  0.513656796621  5.027570618562  6.119813446103  6.181472312107  1.581675365776  7.484829964284  9.526620815906  2.052956587119  3.922155567338  0.651685082345
9.472458902409  3.368484394994  4.897111549020  6.860149244452  2.000104051691  9.095345907689  2.197041709512  0.915901567443  5.466092300543  8.142690055883  4.605971307301  8.286521140717  3.515009905451  1.683701712888  7.174630118510
9.939562708373  3.617852772683  8.946772637652  1.169969532707  4.529946656262  3.090979409795  5.580726136993  1.131398263510  0.721709627371  7.515947417690  0.647100341458  1.059199499763  5.822748866269  5.827725583342  4.340580692435
Information: The net parasitics of block pde_chip_top_safe are cleared. (TIM-123)
Information: The stitching and editing of coupling caps is turned OFF for design 'pde_chip_top_safe.dlib:pde_chip_top_safe.design'. (TIM-125)
Information: Design pde_chip_top_safe has 115431 nets, 489 global routed, 0 detail routed. (NEX-024)
Information: The RC mode used is CTO for design 'pde_chip_top_safe'. (NEX-022)
Information: Design Average RC for design pde_chip_top_safe  (NEX-011)
Information: r = 1.175509 ohm/um, via_r = 1.495507 ohm/cut, c = 0.176977 ff/um, cc = 0.000000 ff/um (X dir) (NEX-017)
Information: r = 1.055983 ohm/um, via_r = 1.718437 ohm/cut, c = 0.190476 ff/um, cc = 0.000000 ff/um (Y dir) (NEX-017)
Information: Update timing completed net estimation for all the timing graph nets (TIM-111)
Information: Net estimation statistics: timing graph nets = 115429, routed nets = 489, across physical hierarchy nets = 0, parasitics cached nets = 115425, delay annotated nets = 0, parasitics annotated nets = 0, multi-voltage nets = 0. (TIM-112)

Clock-opt final QoR
___________________
Scenario Mapping Table
1: FUNC_BC
2: FUNC_WC

Pathgroup Mapping Table
1: **default**
2: **async_default**
3: **clock_gating_default**
4: **in2reg_default**
5: **reg2out_default**
6: **in2out_default**
7: core_clk

-------------------------------------------------------------------------------------------------------------------------------------------------------------
PATHGROUP QOR 
-------------------------------------------------------------------------------------------------------------------------------------------------------------
Scene  PG      WNS        TNS    NSV      WHV        THV    NHV
    1   1        -          -      -   0.0000     0.0000      0
    1   2        -          -      -   0.0000     0.0000      0
    1   3        -          -      -   0.0000     0.0000      0
    1   4        -          -      -   0.0000     0.0000      0
    1   5        -          -      -   0.0000     0.0000      0
    1   6        -          -      -   0.0000     0.0000      0
    1   7        -          -      -   0.0288     0.0578      3
    2   1   0.0000     0.0000      0        -          -      -
    2   2   0.0000     0.0000      0        -          -      -
    2   3   0.0000     0.0000      0        -          -      -
    2   4   0.0000     0.0000      0        -          -      -
    2   5   0.0000     0.0000      0        -          -      -
    2   6   0.0000     0.0000      0        -          -      -
    2   7   0.0000     0.0000      0        -          -      -
----------------------------------------------------------------------------------------------------------------------------------------------------------------------
SCENARIO QOR 
----------------------------------------------------------------------------------------------------------------------------------------------------------------------
Scene  PG      WNS        TNS   R2RTNS    NSV      WHV        THV    NHV  MaxTrnV   MaxTranC  MaxCapV    Leakage
    1   *        -          -        -      -   0.0288     0.0578      3        0     0.0000        0          -
    2   *   0.0000     0.0000   0.0000      0        -          -      -       15     0.0213        0  88881.422
----------------------------------------------------------------------------------------------------------------------------------------------------------------------
DESIGN QOR 
----------------------------------------------------------------------------------------------------------------------------------------------------------------------
Scene  PG      WNS        TNS   R2RTNS    NSV      WHV        THV    NHV  MaxTrnV   MaxTranC  MaxCapV    Leakage         Area    InstCnt     BufCnt     InvCnt
    *   *   0.0000     0.0000   0.0000      0   0.0288     0.0578      3       15     0.0213        0  88881.422    421684.56     112392      10957      12074
----------------------------------------------------------------------------------------------------------------------------------------------------------------------

Clock-opt final QoR Summary         WNS        TNS   R2RTNS    NSV      WHV        THV    NHV  MaxTrnV  MaxCapV    Leakage         Area    InstCnt
Clock-opt final QoR Summary      0.0000     0.0000   0.0000      0   0.0288     0.0578      3       15        0  88881.422    421684.56     112392

Clock-opt command complete                CPU:  3206 s (  0.89 hr )  ELAPSE:   881 s (  0.24 hr )  MEM-PEAK:  3057 MB
Clock-opt command statistics  CPU=219 sec (0.06 hr) ELAPSED=58 sec (0.02 hr) MEM-PEAK=2.985 GB

Information: Ending   clock_opt / build_clock (FLW-8001)
Information: Time: 2026-08-04 16:27:22 / Session:  00:14:41 / Command:  00:02:36 / CPU:  00:08:01 / Memory: 3057 MB (FLW-8100)
TEST: runCore bldClkEnd-end
INFO: run stage route_clock (init -> end)
TEST: runCore rteClkInit-init

----------------------------------------------------------------------------------------------------------
Information: Starting clock_opt / route_clock (FLW-8000)
Information: Time: 2026-08-04 16:27:22 / Session:  00:14:41 / Command:  00:02:36 / CPU:  00:08:01 / Memory: 3057 MB (FLW-8100)
----------------------------------------------------------------------------------------------------------

Information: Starting clock_opt / route_clock / Clock Routing (FLW-8000)
Information: Time: 2026-08-04 16:27:23 / Session:  00:14:41 / Command:  00:02:36 / CPU:  00:08:02 / Memory: 3057 MB (FLW-8100)
Clock-opt optimization Phase 2 Iter  1          0.00        0.00      0.06        14     421684.56    88881.42      112392              0.24      3057
Running clock routing step.
set_app_options -as_user_default -list {route.global.global_route_topology_style 1}
Warning: Ignoring -as_user_default option since application option <route.global.global_route_topology_style> is global scoped. (NDMUI-1004)
route_group -all_clock_nets -reuse_existing_global_route true
Information: The net parasitics of block pde_chip_top_safe are cleared. (TIM-123)
Cell Min-Routing-Layer = M1
Cell Max-Routing-Layer = M6
Turn off antenna since no rule is specified
Information: Option route.detail.force_end_on_preferred_grid will be ignored since none of the layers have preferred grid. (ZRT-703)
Info: number of net_type_blockage: 0 
Information: Via ladder engine would be activated for pattern must join connection in certain commands. Please refer to man-page for the command list. (ZRT-619)
Via on layer (VIA1) needs more than one tracks
Warning: Layer M1 default pitch 0.200 may be too small to handle up/down via. Note, that minimum requirements are "wire/via-down 0.180" & "wire/via-up 0.225". (ZRT-026)
Via on layer (VIA5) needs more than one tracks
Warning: Layer M5 default pitch 0.200 may be too small to handle up/down via. Note, that minimum requirements are "wire/via-down 0.200" & "wire/via-up 0.350". (ZRT-026)
Via on layer (RV) needs more than one tracks
Warning: Layer M6 default pitch 0.800 may be too small to handle up/down via. Note, that minimum requirements are "wire/via-down 0.800" & "wire/via-up 3.600". (ZRT-026)
Information: When applicable Min-max layer allow_pin_connection mode will allow paths of length 3.00 outside the layer range. (ZRT-707)
Information: When applicable Min-max layer allow_pin_connection mode will allow paths of length 3.00 outside the layer range on clock nets. (ZRT-718)
Information: When applicable layer based tapering will taper up to 0.00 in distance from the pin. (ZRT-706)

    Found 0 via ladders to verify.

VIA LADDER INFO: found 0 via ladder DRCs across 0 nets.
Updating the database ...

    Via ladders will be inserted on 0 of 0 ports with via ladder constraints.

Updating the database ...
[Arrange data for GR] Elapsed real time: 0:00:00 
[Arrange data for GR] Elapsed cpu  time: sys=0:00:00 usr=0:00:00 total=0:00:00
[Arrange data for GR] Stage (MB): Used    0  Alloctr    0  Proc    0 
[Arrange data for GR] Total (MB): Used  124  Alloctr  130  Proc 6386 
Start Global Route ... 
[Init] Elapsed real time: 0:00:00 
[Init] Elapsed cpu  time: sys=0:00:00 usr=0:00:00 total=0:00:00
[Init] Stage (MB): Used    0  Alloctr    0  Proc    0 
[Init] Total (MB): Used  163  Alloctr  166  Proc 6386 
GR will route in ATREE-style.
Printing options for 'route.common.*'
common.verbose_level                                    :	 0                   

Printing options for 'route.global.*'
global.crosstalk_driven                                 :	 false               
global.timing_driven                                    :	 false               

Begin global routing.
Loading parastics information to the router ...
parastics information loaded to the router.
[End of Loading Timing] Elapsed real time: 0:00:00 
[End of Loading Timing] Elapsed cpu  time: sys=0:00:00 usr=0:00:00 total=0:00:00
Constructing data structure ...
Design statistics:
Design Bounding Box (0.00um,0.00um,875.00um,875.00um)
Number of routing layers = 7
layer M1, dir Hor, min width = 0.09um, min space = 0.09um pitch = 0.2um
layer M2, dir Ver, min width = 0.1um, min space = 0.1um pitch = 0.2um
layer M3, dir Hor, min width = 0.1um, min space = 0.1um pitch = 0.2um
layer M4, dir Ver, min width = 0.1um, min space = 0.1um pitch = 0.2um
layer M5, dir Hor, min width = 0.1um, min space = 0.1um pitch = 0.2um
layer M6, dir Ver, min width = 0.4um, min space = 0.4um pitch = 0.8um
layer AP, dir Hor, min width = 3um, min space = 2um pitch = 6.5um
Current Stage stats:
[End of Build Tech Data] Elapsed real time: 0:00:00 
[End of Build Tech Data] Elapsed cpu  time: sys=0:00:00 usr=0:00:00 total=0:00:00
[End of Build Tech Data] Stage (MB): Used    4  Alloctr    4  Proc    0 
[End of Build Tech Data] Total (MB): Used  171  Alloctr  174  Proc 6386 
Net statistics:
Total number of nets     = 115431
Number of nets to route  = 489
491 nets are fully connected,
 of which 2 are detail routed and 489 are global routed.
Net length statistics: 
Net Count(Ignore Fully Rted) 0, Total Half Perimeter Wire Length (HPWL) 0 microns
HPWL   0 ~   50 microns: Net Count        0	Total HPWL            0 microns
HPWL  50 ~  100 microns: Net Count        0	Total HPWL            0 microns
HPWL 100 ~  200 microns: Net Count        0	Total HPWL            0 microns
HPWL 200 ~  300 microns: Net Count        0	Total HPWL            0 microns
HPWL 300 ~  400 microns: Net Count        0	Total HPWL            0 microns
HPWL 400 ~  500 microns: Net Count        0	Total HPWL            0 microns
HPWL 500 ~  600 microns: Net Count        0	Total HPWL            0 microns
HPWL 600 ~  700 microns: Net Count        0	Total HPWL            0 microns
HPWL 700 ~  800 microns: Net Count        0	Total HPWL            0 microns
HPWL 800 ~  900 microns: Net Count        0	Total HPWL            0 microns
HPWL 900 ~ 1000 microns: Net Count        0	Total HPWL            0 microns
HPWL     > 1000 microns: Net Count        0	Total HPWL            0 microns
Current Stage stats:
[End of Build All Nets] Elapsed real time: 0:00:00 
[End of Build All Nets] Elapsed cpu  time: sys=0:00:00 usr=0:00:00 total=0:00:00
[End of Build All Nets] Stage (MB): Used   81  Alloctr   82  Proc    0 
[End of Build All Nets] Total (MB): Used  253  Alloctr  256  Proc 6386 
Number of partitions: 1 (1 x 1)
Size of partitions: 487 gCells x 487 gCells
Average gCell capacity  2.27	 on layer (1)	 M1
Average gCell capacity  8.95	 on layer (2)	 M2
Average gCell capacity  8.97	 on layer (3)	 M3
Average gCell capacity  8.95	 on layer (4)	 M4
Average gCell capacity  8.86	 on layer (5)	 M5
Average gCell capacity  2.22	 on layer (6)	 M6
Average gCell capacity  0.28	 on layer (7)	 AP
Average number of tracks per gCell 8.99	 on layer (1)	 M1
Average number of tracks per gCell 8.99	 on layer (2)	 M2
Average number of tracks per gCell 8.99	 on layer (3)	 M3
Average number of tracks per gCell 8.99	 on layer (4)	 M4
Average number of tracks per gCell 8.99	 on layer (5)	 M5
Average number of tracks per gCell 2.25	 on layer (6)	 M6
Average number of tracks per gCell 0.28	 on layer (7)	 AP
Number of gCells = 1660183
Current Stage stats:
[End of Build Congestion Map] Elapsed real time: 0:00:00 
[End of Build Congestion Map] Elapsed cpu  time: sys=0:00:00 usr=0:00:00 total=0:00:00
[End of Build Congestion Map] Stage (MB): Used   29  Alloctr   30  Proc    0 
[End of Build Congestion Map] Total (MB): Used  283  Alloctr  286  Proc 6386 
Number of partitions: 1 (1 x 1)
Size of partitions: 487 gCells x 487 gCells
Current Stage stats:
[End of Add Nets Demand] Elapsed real time: 0:00:00 
[End of Add Nets Demand] Elapsed cpu  time: sys=0:00:00 usr=0:00:00 total=0:00:00
[End of Add Nets Demand] Stage (MB): Used    0  Alloctr    0  Proc    0 
[End of Add Nets Demand] Total (MB): Used  283  Alloctr  287  Proc 6386 
Number of user frozen nets = 0
Information: RC layer preference is turned off for this design. (ZRT-613)
Total stats:
[End of Build Data] Elapsed real time: 0:00:01 
[End of Build Data] Elapsed cpu  time: sys=0:00:00 usr=0:00:01 total=0:00:01
[End of Build Data] Stage (MB): Used  116  Alloctr  117  Proc    0 
[End of Build Data] Total (MB): Used  283  Alloctr  287  Proc 6386 
Current Stage stats:
[End of Blocked Pin Detection] Elapsed real time: 0:00:00 
[End of Blocked Pin Detection] Elapsed cpu  time: sys=0:00:00 usr=0:00:00 total=0:00:00
[End of Blocked Pin Detection] Stage (MB): Used    0  Alloctr    0  Proc    0 
[End of Blocked Pin Detection] Total (MB): Used  283  Alloctr  287  Proc 6386 
Information: Using 8 threads for routing. (ZRT-444)
Information: Multiple gcell levels ON
Information: Buffer distance is estimated to be ~1417.0000um (787 gCells)

Start GR phase 0
Number of partitions: 1 (1 x 1)
Size of partitions: 487 gCells x 487 gCells
[rtAllBotParts] Elapsed real time: 0:00:00 
[rtAllBotParts] Elapsed cpu  time: sys=0:00:00 usr=0:00:00 total=0:00:00
[rtTop] Elapsed real time: 0:00:00 
[rtTop] Elapsed cpu  time: sys=0:00:00 usr=0:00:00 total=0:00:00
Current Stage stats:
[End of Initial Routing] Elapsed real time: 0:00:00 
[End of Initial Routing] Elapsed cpu  time: sys=0:00:00 usr=0:00:00 total=0:00:00
[End of Initial Routing] Stage (MB): Used  176  Alloctr  176  Proc    0 
[End of Initial Routing] Total (MB): Used  459  Alloctr  463  Proc 6386 
Initial. Routing result:
Initial. Both Dirs: Dmd-Cap  =     0 Max = 0 GRCs =     0 (0.00%)
Initial. H routing: Dmd-Cap  =     0 Max = 0 (GRCs =  0) GRCs =     0 (0.00%)
Initial. V routing: Dmd-Cap  =     0 Max = 0 (GRCs =  0) GRCs =     0 (0.00%)
Initial. Both Dirs: Overflow =     1 Max = 1 GRCs =     2 (0.00%)
Initial. H routing: Overflow =     1 Max = 1 (GRCs =  2) GRCs =     2 (0.00%)
Initial. V routing: Overflow =     0 Max = 0 (GRCs =  0) GRCs =     0 (0.00%)
Initial. M1         Overflow =     1 Max = 1 (GRCs =  2) GRCs =     2 (0.00%)
Initial. M2         Overflow =     0 Max = 0 (GRCs =  0) GRCs =     0 (0.00%)
Initial. M3         Overflow =     0 Max = 0 (GRCs =  0) GRCs =     0 (0.00%)
Initial. M4         Overflow =     0 Max = 0 (GRCs =  0) GRCs =     0 (0.00%)
Initial. M5         Overflow =     0 Max = 0 (GRCs =  0) GRCs =     0 (0.00%)
Initial. M6         Overflow =     0 Max = 0 (GRCs =  0) GRCs =     0 (0.00%)
Initial. AP         Overflow =     0 Max = 0 (GRCs =  0) GRCs =     0 (0.00%)

Initial. Total Wire Length = 131147.53
Initial. Layer M1 wire length = 76.46
Initial. Layer M2 wire length = 16006.85
Initial. Layer M3 wire length = 63381.81
Initial. Layer M4 wire length = 50818.05
Initial. Layer M5 wire length = 864.36
Initial. Layer M6 wire length = 0.00
Initial. Layer AP wire length = 0.00
Initial. Total Number of Contacts = 73141
Initial. Via VIA12_HV count = 24914
Initial. Via VIA23 count = 25224
Initial. Via VIA34 count = 22687
Initial. Via VIA45 count = 316
Initial. Via VIA56 count = 0
Initial. Via VIA67 count = 0
Initial. completed.

Start GR phase 1
Tue Aug  4 16:27:26 2026
Number of partitions: 4 (2 x 2)
Size of partitions: 256 gCells x 256 gCells
[rtAllParts] Elapsed real time: 0:00:00 
[rtAllParts] Elapsed cpu  time: sys=0:00:00 usr=0:00:00 total=0:00:00
Current Stage stats:
[End of Phase1 Routing] Elapsed real time: 0:00:00 
[End of Phase1 Routing] Elapsed cpu  time: sys=0:00:00 usr=0:00:00 total=0:00:00
[End of Phase1 Routing] Stage (MB): Used    0  Alloctr    0  Proc    0 
[End of Phase1 Routing] Total (MB): Used  459  Alloctr  463  Proc 6386 
phase1. Routing result:
phase1. Both Dirs: Dmd-Cap  =     0 Max = 0 GRCs =     0 (0.00%)
phase1. H routing: Dmd-Cap  =     0 Max = 0 (GRCs =  0) GRCs =     0 (0.00%)
phase1. V routing: Dmd-Cap  =     0 Max = 0 (GRCs =  0) GRCs =     0 (0.00%)
phase1. Both Dirs: Overflow =     0 Max = 0 GRCs =     0 (0.00%)
phase1. H routing: Overflow =     0 Max = 0 (GRCs =  0) GRCs =     0 (0.00%)
phase1. V routing: Overflow =     0 Max = 0 (GRCs =  0) GRCs =     0 (0.00%)
phase1. M1         Overflow =     0 Max = 0 (GRCs =  0) GRCs =     0 (0.00%)
phase1. M2         Overflow =     0 Max = 0 (GRCs =  0) GRCs =     0 (0.00%)
phase1. M3         Overflow =     0 Max = 0 (GRCs =  0) GRCs =     0 (0.00%)
phase1. M4         Overflow =     0 Max = 0 (GRCs =  0) GRCs =     0 (0.00%)
phase1. M5         Overflow =     0 Max = 0 (GRCs =  0) GRCs =     0 (0.00%)
phase1. M6         Overflow =     0 Max = 0 (GRCs =  0) GRCs =     0 (0.00%)
phase1. AP         Overflow =     0 Max = 0 (GRCs =  0) GRCs =     0 (0.00%)

phase1. Total Wire Length = 131147.73
phase1. Layer M1 wire length = 74.86
phase1. Layer M2 wire length = 16008.65
phase1. Layer M3 wire length = 63381.81
phase1. Layer M4 wire length = 50818.05
phase1. Layer M5 wire length = 864.36
phase1. Layer M6 wire length = 0.00
phase1. Layer AP wire length = 0.00
phase1. Total Number of Contacts = 73140
phase1. Via VIA12_HV count = 24913
phase1. Via VIA23 count = 25224
phase1. Via VIA34 count = 22687
phase1. Via VIA45 count = 316
phase1. Via VIA56 count = 0
phase1. Via VIA67 count = 0
phase1. completed.

Start GR phase 2
Tue Aug  4 16:27:26 2026
Number of partitions: 4 (2 x 2)
Size of partitions: 256 gCells x 256 gCells
[rtAllParts] Elapsed real time: 0:00:00 
[rtAllParts] Elapsed cpu  time: sys=0:00:00 usr=0:00:00 total=0:00:00
Number of partitions: 4 (2 x 2)
Size of partitions: 256 gCells x 256 gCells
[updNetsDmd] Elapsed real time: 0:00:00 
[updNetsDmd] Elapsed cpu  time: sys=0:00:00 usr=0:00:00 total=0:00:00
Current Stage stats:
[End of Phase2 Routing] Elapsed real time: 0:00:00 
[End of Phase2 Routing] Elapsed cpu  time: sys=0:00:00 usr=0:00:00 total=0:00:00
[End of Phase2 Routing] Stage (MB): Used    0  Alloctr    0  Proc    0 
[End of Phase2 Routing] Total (MB): Used  459  Alloctr  463  Proc 6386 
phase2. Routing result:
phase2. Both Dirs: Dmd-Cap  =     0 Max = 0 GRCs =     0 (0.00%)
phase2. H routing: Dmd-Cap  =     0 Max = 0 (GRCs =  0) GRCs =     0 (0.00%)
phase2. V routing: Dmd-Cap  =     0 Max = 0 (GRCs =  0) GRCs =     0 (0.00%)
phase2. Both Dirs: Overflow =     0 Max = 0 GRCs =     0 (0.00%)
phase2. H routing: Overflow =     0 Max = 0 (GRCs =  0) GRCs =     0 (0.00%)
phase2. V routing: Overflow =     0 Max = 0 (GRCs =  0) GRCs =     0 (0.00%)
phase2. M1         Overflow =     0 Max = 0 (GRCs =  0) GRCs =     0 (0.00%)
phase2. M2         Overflow =     0 Max = 0 (GRCs =  0) GRCs =     0 (0.00%)
phase2. M3         Overflow =     0 Max = 0 (GRCs =  0) GRCs =     0 (0.00%)
phase2. M4         Overflow =     0 Max = 0 (GRCs =  0) GRCs =     0 (0.00%)
phase2. M5         Overflow =     0 Max = 0 (GRCs =  0) GRCs =     0 (0.00%)
phase2. M6         Overflow =     0 Max = 0 (GRCs =  0) GRCs =     0 (0.00%)
phase2. AP         Overflow =     0 Max = 0 (GRCs =  0) GRCs =     0 (0.00%)

phase2. Total Wire Length = 131147.73
phase2. Layer M1 wire length = 74.86
phase2. Layer M2 wire length = 16008.65
phase2. Layer M3 wire length = 63381.81
phase2. Layer M4 wire length = 50818.05
phase2. Layer M5 wire length = 864.36
phase2. Layer M6 wire length = 0.00
phase2. Layer AP wire length = 0.00
phase2. Total Number of Contacts = 73140
phase2. Via VIA12_HV count = 24913
phase2. Via VIA23 count = 25224
phase2. Via VIA34 count = 22687
phase2. Via VIA45 count = 316
phase2. Via VIA56 count = 0
phase2. Via VIA67 count = 0
phase2. completed.
[End of Whole Chip Routing] Elapsed real time: 0:00:01 
[End of Whole Chip Routing] Elapsed cpu  time: sys=0:00:00 usr=0:00:02 total=0:00:02
[End of Whole Chip Routing] Stage (MB): Used  292  Alloctr  293  Proc    0 
[End of Whole Chip Routing] Total (MB): Used  459  Alloctr  463  Proc 6386 

Information: Global Routing terminated early. (ZRT-103)

Congestion utilization per direction:
Average vertical track utilization   =  1.42 %
Peak    vertical track utilization   = 25.00 %
Average horizontal track utilization =  1.11 %
Peak    horizontal track utilization = 21.05 %

[End of Global Routing] Elapsed real time: 0:00:01 
[End of Global Routing] Elapsed cpu  time: sys=0:00:00 usr=0:00:02 total=0:00:02
[End of Global Routing] Stage (MB): Used  265  Alloctr  267  Proc    0 
[End of Global Routing] Total (MB): Used  433  Alloctr  436  Proc 6386 
Updating congestion ...
Updating congestion ...
[End of dbOut] Elapsed real time: 0:00:00 
[End of dbOut] Elapsed cpu  time: sys=0:00:00 usr=0:00:00 total=0:00:00
[End of dbOut] Stage (MB): Used   -6  Alloctr   -6  Proc    0 
[End of dbOut] Total (MB): Used  192  Alloctr  195  Proc 6386 

Start track assignment

Printing options for 'route.common.*'
common.verbose_level                                    :	 0                   

Printing options for 'route.track.*'
track.crosstalk_driven                                  :	 false               
track.timing_driven                                     :	 false               

Information: Using 8 threads for routing. (ZRT-444)
Information: RC layer preference is turned off for this design. (ZRT-613)

[Track Assign: TA init] Elapsed real time: 0:00:00 
[Track Assign: TA init] Elapsed cpu  time: sys=0:00:00 usr=0:00:00 total=0:00:00
[Track Assign: TA init] Stage (MB): Used   24  Alloctr   24  Proc    0 
[Track Assign: TA init] Total (MB): Used  180  Alloctr  184  Proc 6386 

Start initial assignment

Assign Horizontal partitions, iteration 0 
Routed partition 1/31       
Routed partition 2/31       
Routed partition 3/31       
Routed partition 4/31       
Routed partition 5/31       
Routed partition 6/31       
Routed partition 7/31       
Routed partition 8/31       
Routed partition 9/31       
Routed partition 10/31      
Routed partition 11/31      
Routed partition 12/31      
Routed partition 13/31      
Routed partition 14/31      
Routed partition 15/31      
Routed partition 16/31      
Routed partition 17/31      
Routed partition 18/31      
Routed partition 19/31      
Routed partition 20/31      
Routed partition 21/31      
Routed partition 22/31      
Routed partition 23/31      
Routed partition 24/31      
Routed partition 25/31      
Routed partition 26/31      
Routed partition 27/31      
Routed partition 28/31      
Routed partition 29/31      
Routed partition 30/31      
Routed partition 31/31      

Assign Vertical partitions, iteration 0 
Routed partition 1/31       
Routed partition 2/31       
Routed partition 3/31       
Routed partition 4/31       
Routed partition 5/31       
Routed partition 6/31       
Routed partition 7/31       
Routed partition 8/31       
Routed partition 9/31       
Routed partition 10/31      
Routed partition 11/31      
Routed partition 12/31      
Routed partition 13/31      
Routed partition 14/31      
Routed partition 15/31      
Routed partition 16/31      
Routed partition 17/31      
Routed partition 18/31      
Routed partition 19/31      
Routed partition 20/31      
Routed partition 21/31      
Routed partition 22/31      
Routed partition 23/31      
Routed partition 24/31      
Routed partition 25/31      
Routed partition 26/31      
Routed partition 27/31      
Routed partition 28/31      
Routed partition 29/31      
Routed partition 30/31      
Routed partition 31/31      

Number of wires with overlap after iteration 0 = 32212 of 108109


[Track Assign: Iteration 0] Elapsed real time: 0:00:00 
[Track Assign: Iteration 0] Elapsed cpu  time: sys=0:00:00 usr=0:00:03 total=0:00:03
[Track Assign: Iteration 0] Stage (MB): Used   26  Alloctr   27  Proc    0 
[Track Assign: Iteration 0] Total (MB): Used  182  Alloctr  186  Proc 6386 

Reroute to fix overlaps (iter = 1)

Assign Horizontal partitions, iteration 1 
Routed partition 1/31       
Routed partition 2/31       
Routed partition 3/31       
Routed partition 4/31       
Routed partition 5/31       
Routed partition 6/31       
Routed partition 7/31       
Routed partition 8/31       
Routed partition 9/31       
Routed partition 10/31      
Routed partition 11/31      
Routed partition 12/31      
Routed partition 13/31      
Routed partition 14/31      
Routed partition 15/31      
Routed partition 16/31      
Routed partition 17/31      
Routed partition 18/31      
Routed partition 19/31      
Routed partition 20/31      
Routed partition 21/31      
Routed partition 22/31      
Routed partition 23/31      
Routed partition 24/31      
Routed partition 25/31      
Routed partition 26/31      
Routed partition 27/31      
Routed partition 28/31      
Routed partition 29/31      
Routed partition 30/31      
Routed partition 31/31      

Assign Vertical partitions, iteration 1 
Routed partition 1/31       
Routed partition 2/31       
Routed partition 3/31       
Routed partition 4/31       
Routed partition 5/31       
Routed partition 6/31       
Routed partition 7/31       
Routed partition 8/31       
Routed partition 9/31       
Routed partition 10/31      
Routed partition 11/31      
Routed partition 12/31      
Routed partition 13/31      
Routed partition 14/31      
Routed partition 15/31      
Routed partition 16/31      
Routed partition 17/31      
Routed partition 18/31      
Routed partition 19/31      
Routed partition 20/31      
Routed partition 21/31      
Routed partition 22/31      
Routed partition 23/31      
Routed partition 24/31      
Routed partition 25/31      
Routed partition 26/31      
Routed partition 27/31      
Routed partition 28/31      
Routed partition 29/31      
Routed partition 30/31      
Routed partition 31/31      

[Track Assign: Iteration 1] Elapsed real time: 0:00:01 
[Track Assign: Iteration 1] Elapsed cpu  time: sys=0:00:00 usr=0:00:06 total=0:00:07
[Track Assign: Iteration 1] Stage (MB): Used   26  Alloctr   27  Proc    0 
[Track Assign: Iteration 1] Total (MB): Used  182  Alloctr  186  Proc 6386 

Number of wires with overlap after iteration 1 = 22105 of 73045


Wire length and via report:
---------------------------
Number of M1 wires: 14653 		 CONT1: 0
Number of M2 wires: 9475 		 VIA12_HV: 24903
Number of M3 wires: 31837 		 VIA23: 27343
Number of M4 wires: 16903 		 VIA34: 23825
Number of M5 wires: 177 		 VIA45: 339
Number of M6 wires: 0 		 VIA56: 0
Number of AP wires: 0 		 VIA67: 0
Total number of wires: 73045 		 vias: 76410

Total M1 wire length: 2242.8
Total M2 wire length: 17580.0
Total M3 wire length: 64746.8
Total M4 wire length: 48866.7
Total M5 wire length: 861.4
Total M6 wire length: 0.0
Total AP wire length: 0.0
Total wire length: 134297.8

Longest M1 wire length: 4.4
Longest M2 wire length: 305.6
Longest M3 wire length: 284.4
Longest M4 wire length: 302.0
Longest M5 wire length: 30.0
Longest M6 wire length: 0.0
Longest AP wire length: 0.0


[Track Assign: Done] Elapsed real time: 0:00:01 
[Track Assign: Done] Elapsed cpu  time: sys=0:00:01 usr=0:00:06 total=0:00:07
[Track Assign: Done] Stage (MB): Used   13  Alloctr   14  Proc    0 
[Track Assign: Done] Total (MB): Used  169  Alloctr  173  Proc 6386 
Printing options for 'route.common.*'
common.verbose_level                                    :	 0                   

Printing options for 'route.detail.*'
detail.antenna                                          :	 true                
detail.antenna_fixing_preference                        :	 use_diodes          
detail.diode_insertion_mode                             :	 new                 
detail.diode_libcell_names                              :	 ANTENNA             
detail.insert_diodes_during_routing                     :	 true                
detail.timing_driven                                    :	 false               

Printing options for 'route.auto_via_ladder.*'

Information: RC layer preference is turned off for this design. (ZRT-613)
[Dr init] Elapsed real time: 0:00:00 
[Dr init] Elapsed cpu  time: sys=0:00:00 usr=0:00:00 total=0:00:00
[Dr init] Stage (MB): Used   46  Alloctr   46  Proc    0 
[Dr init] Total (MB): Used  216  Alloctr  220  Proc 6386 
Warning: Ignoring diode_preference setting as diode_insertion_mode is not set to new_and_spare. (ZRT-317)
Total number of nets = 115431, of which 0 are not extracted
Total number of open nets = 114940, of which 0 are frozen
Information: Using 8 threads for routing. (ZRT-444)

Switch to reduced partition bloat for speedup (DRC report is not accurate)
Start DR iteration 0: uniform partition
Routed	198/2401 Partitions, Violations =	1
Routed	199/2401 Partitions, Violations =	7
Routed	200/2401 Partitions, Violations =	10
Routed	201/2401 Partitions, Violations =	12
Routed	202/2401 Partitions, Violations =	12
Routed	203/2401 Partitions, Violations =	17
Routed	204/2401 Partitions, Violations =	17
Routed	205/2401 Partitions, Violations =	17
Routed	206/2401 Partitions, Violations =	25
Routed	207/2401 Partitions, Violations =	27
Routed	208/2401 Partitions, Violations =	31
Routed	209/2401 Partitions, Violations =	31
Routed	210/2401 Partitions, Violations =	37
Routed	211/2401 Partitions, Violations =	37
Routed	212/2401 Partitions, Violations =	45
Routed	213/2401 Partitions, Violations =	51
Routed	214/2401 Partitions, Violations =	53
Routed	215/2401 Partitions, Violations =	56
Routed	216/2401 Partitions, Violations =	56
Routed	228/2401 Partitions, Violations =	101
Routed	240/2401 Partitions, Violations =	117
Routed	252/2401 Partitions, Violations =	157
Routed	264/2401 Partitions, Violations =	183
Routed	276/2401 Partitions, Violations =	227
Routed	288/2401 Partitions, Violations =	278
Routed	300/2401 Partitions, Violations =	297
Routed	312/2401 Partitions, Violations =	301
Routed	324/2401 Partitions, Violations =	293
Routed	336/2401 Partitions, Violations =	296
Routed	348/2401 Partitions, Violations =	306
Routed	360/2401 Partitions, Violations =	309
Routed	372/2401 Partitions, Violations =	319
Routed	384/2401 Partitions, Violations =	324
Routed	396/2401 Partitions, Violations =	343
Routed	408/2401 Partitions, Violations =	399
Routed	420/2401 Partitions, Violations =	421
Routed	432/2401 Partitions, Violations =	473
Routed	444/2401 Partitions, Violations =	518
Routed	456/2401 Partitions, Violations =	541
Routed	468/2401 Partitions, Violations =	570
Routed	480/2401 Partitions, Violations =	600
Routed	492/2401 Partitions, Violations =	629
Routed	504/2401 Partitions, Violations =	671
Routed	516/2401 Partitions, Violations =	694
Routed	528/2401 Partitions, Violations =	711
Routed	540/2401 Partitions, Violations =	727
Routed	552/2401 Partitions, Violations =	737
Routed	564/2401 Partitions, Violations =	756
Routed	576/2401 Partitions, Violations =	769
Routed	588/2401 Partitions, Violations =	781
Routed	600/2401 Partitions, Violations =	811
Routed	612/2401 Partitions, Violations =	845
Routed	624/2401 Partitions, Violations =	857
Routed	636/2401 Partitions, Violations =	878
Routed	648/2401 Partitions, Violations =	880
Routed	660/2401 Partitions, Violations =	886
Routed	672/2401 Partitions, Violations =	899
Routed	684/2401 Partitions, Violations =	913
Routed	696/2401 Partitions, Violations =	936
Routed	708/2401 Partitions, Violations =	929
Routed	720/2401 Partitions, Violations =	931
Routed	732/2401 Partitions, Violations =	936
Routed	744/2401 Partitions, Violations =	948
Routed	756/2401 Partitions, Violations =	945
Routed	768/2401 Partitions, Violations =	952
Routed	780/2401 Partitions, Violations =	967
Routed	792/2401 Partitions, Violations =	974
Routed	804/2401 Partitions, Violations =	989
Routed	816/2401 Partitions, Violations =	994
Routed	828/2401 Partitions, Violations =	999
Routed	840/2401 Partitions, Violations =	1012
Routed	852/2401 Partitions, Violations =	1021
Routed	864/2401 Partitions, Violations =	1034
Routed	876/2401 Partitions, Violations =	1047
Routed	888/2401 Partitions, Violations =	1054
Routed	900/2401 Partitions, Violations =	1071
Routed	912/2401 Partitions, Violations =	1070
Routed	924/2401 Partitions, Violations =	1075
Routed	936/2401 Partitions, Violations =	1082
Routed	948/2401 Partitions, Violations =	1096
Routed	960/2401 Partitions, Violations =	1095
Routed	972/2401 Partitions, Violations =	1100
Routed	984/2401 Partitions, Violations =	1122
Routed	996/2401 Partitions, Violations =	1134
Routed	1008/2401 Partitions, Violations =	1136
Routed	1020/2401 Partitions, Violations =	1142
Routed	1032/2401 Partitions, Violations =	1155
Routed	1044/2401 Partitions, Violations =	1171
Routed	1056/2401 Partitions, Violations =	1178
Routed	1068/2401 Partitions, Violations =	1176
Routed	1080/2401 Partitions, Violations =	1187
Routed	1092/2401 Partitions, Violations =	1214
Routed	1104/2401 Partitions, Violations =	1237
Routed	1116/2401 Partitions, Violations =	1239
Routed	1128/2401 Partitions, Violations =	1225
Routed	1140/2401 Partitions, Violations =	1230
Routed	1152/2401 Partitions, Violations =	1227
Routed	1164/2401 Partitions, Violations =	1228
Routed	1176/2401 Partitions, Violations =	1243
Routed	1188/2401 Partitions, Violations =	1252
Routed	1200/2401 Partitions, Violations =	1243
Routed	1212/2401 Partitions, Violations =	1240
Routed	1224/2401 Partitions, Violations =	1226
Routed	1236/2401 Partitions, Violations =	1231
Routed	1248/2401 Partitions, Violations =	1249
Routed	1260/2401 Partitions, Violations =	1252
Routed	1272/2401 Partitions, Violations =	1256
Routed	1284/2401 Partitions, Violations =	1261
Routed	1296/2401 Partitions, Violations =	1280
Routed	1308/2401 Partitions, Violations =	1302
Routed	1320/2401 Partitions, Violations =	1301
Routed	1332/2401 Partitions, Violations =	1308
Routed	1344/2401 Partitions, Violations =	1306
Routed	1356/2401 Partitions, Violations =	1307
Routed	1368/2401 Partitions, Violations =	1316
Routed	1380/2401 Partitions, Violations =	1325
Routed	1392/2401 Partitions, Violations =	1328
Routed	1404/2401 Partitions, Violations =	1348
Routed	1416/2401 Partitions, Violations =	1365
Routed	1428/2401 Partitions, Violations =	1386
Routed	1440/2401 Partitions, Violations =	1386
Routed	1452/2401 Partitions, Violations =	1407
Routed	1464/2401 Partitions, Violations =	1396
Routed	1476/2401 Partitions, Violations =	1386
Routed	1488/2401 Partitions, Violations =	1365
Routed	1500/2401 Partitions, Violations =	1362
Routed	1512/2401 Partitions, Violations =	1352
Routed	1524/2401 Partitions, Violations =	1335
Routed	1536/2401 Partitions, Violations =	1303
Routed	1548/2401 Partitions, Violations =	1311
Routed	1560/2401 Partitions, Violations =	1316
Routed	1572/2401 Partitions, Violations =	1314
Routed	1584/2401 Partitions, Violations =	1301
Routed	1596/2401 Partitions, Violations =	1304
Routed	1608/2401 Partitions, Violations =	1286
Routed	1620/2401 Partitions, Violations =	1255
Routed	1632/2401 Partitions, Violations =	1252
Routed	1644/2401 Partitions, Violations =	1214
Routed	1656/2401 Partitions, Violations =	1228
Routed	1668/2401 Partitions, Violations =	1213
Routed	1680/2401 Partitions, Violations =	1202
Routed	1692/2401 Partitions, Violations =	1183
Routed	1704/2401 Partitions, Violations =	1183
Routed	1716/2401 Partitions, Violations =	1177
Routed	1728/2401 Partitions, Violations =	1181
Routed	1740/2401 Partitions, Violations =	1176
Routed	1752/2401 Partitions, Violations =	1161
Routed	1764/2401 Partitions, Violations =	1125
Routed	1776/2401 Partitions, Violations =	1121
Routed	1788/2401 Partitions, Violations =	1119
Routed	1800/2401 Partitions, Violations =	1109
Routed	1812/2401 Partitions, Violations =	1068
Routed	1824/2401 Partitions, Violations =	1048
Routed	1836/2401 Partitions, Violations =	1030
Routed	1848/2401 Partitions, Violations =	1017
Routed	1860/2401 Partitions, Violations =	993
Routed	1872/2401 Partitions, Violations =	985
Routed	1884/2401 Partitions, Violations =	967
Routed	1896/2401 Partitions, Violations =	948
Routed	1908/2401 Partitions, Violations =	946
Routed	1920/2401 Partitions, Violations =	932
Routed	1932/2401 Partitions, Violations =	929
Routed	1944/2401 Partitions, Violations =	909
Routed	1956/2401 Partitions, Violations =	897
Routed	1968/2401 Partitions, Violations =	866
Routed	1980/2401 Partitions, Violations =	860
Routed	1992/2401 Partitions, Violations =	854
Routed	2004/2401 Partitions, Violations =	832
Routed	2016/2401 Partitions, Violations =	808
Routed	2028/2401 Partitions, Violations =	805
Routed	2040/2401 Partitions, Violations =	780
Routed	2052/2401 Partitions, Violations =	753
Routed	2064/2401 Partitions, Violations =	737
Routed	2076/2401 Partitions, Violations =	729
Routed	2088/2401 Partitions, Violations =	691
Routed	2100/2401 Partitions, Violations =	658
Routed	2112/2401 Partitions, Violations =	637
Routed	2124/2401 Partitions, Violations =	602
Routed	2136/2401 Partitions, Violations =	588
Routed	2148/2401 Partitions, Violations =	559
Routed	2160/2401 Partitions, Violations =	544
Routed	2172/2401 Partitions, Violations =	531
Routed	2184/2401 Partitions, Violations =	494
Routed	2196/2401 Partitions, Violations =	494
Routed	2208/2401 Partitions, Violations =	469
Routed	2220/2401 Partitions, Violations =	466
Routed	2232/2401 Partitions, Violations =	458
Routed	2244/2401 Partitions, Violations =	433
Routed	2257/2401 Partitions, Violations =	408
Routed	2268/2401 Partitions, Violations =	387
Routed	2280/2401 Partitions, Violations =	341
Routed	2292/2401 Partitions, Violations =	310
Routed	2304/2401 Partitions, Violations =	285
Routed	2316/2401 Partitions, Violations =	233
Routed	2328/2401 Partitions, Violations =	207
Routed	2340/2401 Partitions, Violations =	168
Routed	2352/2401 Partitions, Violations =	120
Routed	2364/2401 Partitions, Violations =	76
Routed	2376/2401 Partitions, Violations =	55
Routed	2388/2401 Partitions, Violations =	33
Routed	2400/2401 Partitions, Violations =	14

DRC-SUMMARY:
	@@@@@@@ TOTAL VIOLATIONS =	14
	End of line spacing : 1
	Less than minimum area : 1
	Less than minimum edge length : 1
	Same net spacing : 11

[Iter 0] Elapsed real time: 0:00:04 
[Iter 0] Elapsed cpu  time: sys=0:00:00 usr=0:00:31 total=0:00:32
[Iter 0] Stage (MB): Used  127  Alloctr  127  Proc    0 
[Iter 0] Total (MB): Used  297  Alloctr  301  Proc 6386 

End DR iteration 0 with 2401 parts

Start DR iteration 1: non-uniform partition
Routed	1/31 Partitions, Violations =	14
Routed	2/31 Partitions, Violations =	14
Routed	3/31 Partitions, Violations =	14
Routed	4/31 Partitions, Violations =	14
Routed	5/31 Partitions, Violations =	14
Routed	6/31 Partitions, Violations =	14
Routed	7/31 Partitions, Violations =	12
Routed	8/31 Partitions, Violations =	8
Routed	9/31 Partitions, Violations =	8
Routed	10/31 Partitions, Violations =	8
Routed	11/31 Partitions, Violations =	8
Routed	12/31 Partitions, Violations =	8
Routed	13/31 Partitions, Violations =	8
Routed	14/31 Partitions, Violations =	8
Routed	15/31 Partitions, Violations =	8
Routed	16/31 Partitions, Violations =	8
Routed	17/31 Partitions, Violations =	5
Routed	18/31 Partitions, Violations =	5
Routed	19/31 Partitions, Violations =	5
Routed	20/31 Partitions, Violations =	5
Routed	21/31 Partitions, Violations =	5
Routed	22/31 Partitions, Violations =	5
Routed	23/31 Partitions, Violations =	5
Routed	24/31 Partitions, Violations =	1
Routed	25/31 Partitions, Violations =	1
Routed	26/31 Partitions, Violations =	1
Routed	27/31 Partitions, Violations =	1
Routed	28/31 Partitions, Violations =	1
Routed	29/31 Partitions, Violations =	0
Routed	30/31 Partitions, Violations =	0
Routed	31/31 Partitions, Violations =	0

DRC-SUMMARY:
	@@@@@@@ TOTAL VIOLATIONS =	0

[Iter 1] Elapsed real time: 0:00:04 
[Iter 1] Elapsed cpu  time: sys=0:00:00 usr=0:00:32 total=0:00:33
[Iter 1] Stage (MB): Used  127  Alloctr  127  Proc    0 
[Iter 1] Total (MB): Used  297  Alloctr  300  Proc 6386 

End DR iteration 1 with 31 parts


Switch back to normal partition bloat and recalculate DRC:

Begin full DRC check ...

Information: Using 8 threads for routing. (ZRT-444)
Checked	13/169 Partitions, Violations =	0
Checked	14/169 Partitions, Violations =	0
Checked	15/169 Partitions, Violations =	0
Checked	18/169 Partitions, Violations =	0
Checked	24/169 Partitions, Violations =	0
Checked	30/169 Partitions, Violations =	0
Checked	36/169 Partitions, Violations =	0
Checked	42/169 Partitions, Violations =	0
Checked	48/169 Partitions, Violations =	0
Checked	54/169 Partitions, Violations =	0
Checked	60/169 Partitions, Violations =	0
Checked	66/169 Partitions, Violations =	0
Checked	72/169 Partitions, Violations =	0
Checked	78/169 Partitions, Violations =	0
Checked	84/169 Partitions, Violations =	0
Checked	90/169 Partitions, Violations =	0
Checked	96/169 Partitions, Violations =	0
Checked	102/169 Partitions, Violations =	0
Checked	108/169 Partitions, Violations =	0
Checked	114/169 Partitions, Violations =	0
Checked	120/169 Partitions, Violations =	0
Checked	126/169 Partitions, Violations =	0
Checked	132/169 Partitions, Violations =	0
Checked	138/169 Partitions, Violations =	0
Checked	144/169 Partitions, Violations =	0
Checked	150/169 Partitions, Violations =	0
Checked	156/169 Partitions, Violations =	0
Checked	162/169 Partitions, Violations =	0
Checked	168/169 Partitions, Violations =	0
[DRC CHECK] Elapsed real time: 0:00:05 
[DRC CHECK] Elapsed cpu  time: sys=0:00:01 usr=0:00:42 total=0:00:43
[DRC CHECK] Stage (MB): Used  127  Alloctr  127  Proc    0 
[DRC CHECK] Total (MB): Used  297  Alloctr  301  Proc 6386 
Finish DR since reached 0 DRC

Information: Detail Routing terminated early because DRCs were not converging: false (ZRT-312)
[DR] Elapsed real time: 0:00:05 
[DR] Elapsed cpu  time: sys=0:00:01 usr=0:00:42 total=0:00:43
[DR] Stage (MB): Used   10  Alloctr    9  Proc    0 
[DR] Total (MB): Used  179  Alloctr  183  Proc 6386 
[DR: Done] Elapsed real time: 0:00:05 
[DR: Done] Elapsed cpu  time: sys=0:00:01 usr=0:00:42 total=0:00:43
[DR: Done] Stage (MB): Used   10  Alloctr    9  Proc    0 
[DR: Done] Total (MB): Used  179  Alloctr  183  Proc 6386 

DR finished with 0 open nets, of which 0 are frozen

DR finished with 0 violations

DRC-SUMMARY:
	@@@@@@@ TOTAL VIOLATIONS =	0



Total Wire Length =                    139459 micron
Total Number of Contacts =             72304
Total Number of Wires =                59559
Total Number of PtConns =              19868
Total Number of Routed Wires =       53959
Total Routed Wire Length =           132101 micron
Total Number of Routed Contacts =       72304
	Layer             M1 :       1115 micron
	Layer             M2 :      21602 micron
	Layer             M3 :      63529 micron
	Layer             M4 :      44993 micron
	Layer             M5 :        861 micron
	Layer             M6 :          0 micron
	Layer             AP :          0 micron
	Via            VIA45 :        327
	Via            VIA34 :      20861
	Via            VIA23 :      26217
	Via       VIA23(rot) :          2
	Via            VIA12 :      12455
	Via         VIA12_HV :      12015
	Via    VIA12_HV(rot) :          4
	Via   VIA12(rot)_1x2 :         67
	Via        VIA12_1x2 :        356

 
Redundant via conversion report:
--------------------------------

  Total optimized via conversion rate =  0.59% (423 / 72304 vias)
 
    Layer VIA1       =  1.70% (423    / 24897   vias)
        Weight 1     =  1.70% (423     vias)
        Un-optimized =  0.00% (0       vias)
        Un-mapped    = 98.30% (24474   vias)
    Layer VIA2       =  0.00% (0      / 26219   vias)
        Un-optimized =  0.00% (0       vias)
        Un-mapped    = 100.00% (26219   vias)
    Layer VIA3       =  0.00% (0      / 20861   vias)
        Un-optimized =  0.00% (0       vias)
        Un-mapped    = 100.00% (20861   vias)
    Layer VIA4       =  0.00% (0      / 327     vias)
        Un-optimized =  0.00% (0       vias)
        Un-mapped    = 100.00% (327     vias)
 
  Total double via conversion rate    =  0.59% (423 / 72304 vias)
 
    Layer VIA1       =  1.70% (423    / 24897   vias)
    Layer VIA2       =  0.00% (0      / 26219   vias)
    Layer VIA3       =  0.00% (0      / 20861   vias)
    Layer VIA4       =  0.00% (0      / 327     vias)
 
  The optimized via conversion rate based on total routed via count =  0.59% (423 / 72304 vias)
 
    Layer VIA1       =  1.70% (423    / 24897   vias)
        Weight 1     =  1.70% (423     vias)
        Un-optimized =  0.00% (0       vias)
        Un-mapped    = 98.30% (24474   vias)
    Layer VIA2       =  0.00% (0      / 26219   vias)
        Un-optimized =  0.00% (0       vias)
        Un-mapped    = 100.00% (26219   vias)
    Layer VIA3       =  0.00% (0      / 20861   vias)
        Un-optimized =  0.00% (0       vias)
        Un-mapped    = 100.00% (20861   vias)
    Layer VIA4       =  0.00% (0      / 327     vias)
        Un-optimized =  0.00% (0       vias)
        Un-mapped    = 100.00% (327     vias)
 

Total number of nets = 115431
0 open nets, of which 0 are frozen
Total number of excluded ports = 0 ports of 0 unplaced cells connected to 0 nets
                                 0 ports without pins of 0 cells connected to 0 nets
                                 0 ports of 0 cover cells connected to 0 non-pg nets
Total number of DRCs = 0
Total number of antenna violations = antenna checking not active
Information: Routes in non-preferred voltage areas = 0 (ZRT-559)

Updating the database ...
set_app_options -as_user_default -list {route.global.global_route_topology_style 0}
Warning: Ignoring -as_user_default option since application option <route.global.global_route_topology_style> is global scoped. (NDMUI-1004)
Information: Ending   clock_opt / route_clock / Clock Routing (FLW-8001)
Information: Time: 2026-08-04 16:27:34 / Session:  00:14:52 / Command:  00:02:47 / CPU:  00:09:00 / Memory: 3057 MB (FLW-8100)

Information: Ending   clock_opt / route_clock (FLW-8001)
Information: Time: 2026-08-04 16:27:34 / Session:  00:14:52 / Command:  00:02:48 / CPU:  00:09:00 / Memory: 3057 MB (FLW-8100)
TEST: runCore rteClkEnd-end
INFO: run stage final_opto (init -> end)
TEST: runCore finalOptoInit-init

----------------------------------------------------------------------------------------------------------
Information: Starting clock_opt / final_opto (FLW-8000)
Information: Time: 2026-08-04 16:27:34 / Session:  00:14:53 / Command:  00:02:48 / CPU:  00:09:01 / Memory: 3057 MB (FLW-8100)
----------------------------------------------------------------------------------------------------------

Information: The value of option cts.compile.enable_cell_relocation has been overridden to "leaf_only" to support latency-driven placement. (CTS-973)
Information: The stitching and editing of coupling caps is turned OFF for design 'pde_chip_top_safe.dlib:pde_chip_top_safe.design'. (TIM-125)
Information: Design pde_chip_top_safe has 115431 nets, 0 global routed, 489 detail routed. (NEX-024)
Information: The RC mode used is CTO for design 'pde_chip_top_safe'. (NEX-022)
Information: Design Average RC for design pde_chip_top_safe  (NEX-011)
Information: r = 1.175509 ohm/um, via_r = 1.495507 ohm/cut, c = 0.176977 ff/um, cc = 0.000000 ff/um (X dir) (NEX-017)
Information: r = 1.055983 ohm/um, via_r = 1.718437 ohm/cut, c = 0.190476 ff/um, cc = 0.000000 ff/um (Y dir) (NEX-017)
Information: Update timing completed net estimation for all the timing graph nets (TIM-111)
Information: Net estimation statistics: timing graph nets = 115429, routed nets = 489, across physical hierarchy nets = 0, parasitics cached nets = 115425, delay annotated nets = 0, parasitics annotated nets = 0, multi-voltage nets = 0. (TIM-112)
Clock-opt command begin                   CPU:  3290 s (  0.91 hr )  ELAPSE:   896 s (  0.25 hr )  MEM-PEAK:  3057 MB
INFO: Removed total 0 routing shapes from 176790 signal nets.
Info: update em.

Clock-opt timing update complete          CPU:  3290 s (  0.91 hr )  ELAPSE:   897 s (  0.25 hr )  MEM-PEAK:  3057 MB
INFO: Propagating Switching Activities
Information: Activity propagation will be performed for scenario FUNC_WC.
Information: Doing activity propagation for mode 'FUNC' and corner 'WC' with effort level 'medium'. (POW-024)
Information: Timer-derived activity data is cached on scenario FUNC_WC (POW-052)
Information: Running switching activity propagation with 8 threads!

 **** Information : No. of simulation cycles = 6 ****
INFO: Switching Activity propagation took     0.00001 sec
INFO: Propagating Switching Activity for all power flows 

Clock-opt initial QoR
_____________________
Scenario Mapping Table
1: FUNC_BC
2: FUNC_WC

Pathgroup Mapping Table
1: **default**
2: **async_default**
3: **clock_gating_default**
4: **in2reg_default**
5: **reg2out_default**
6: **in2out_default**
7: core_clk

-------------------------------------------------------------------------------------------------------------------------------------------------------------
PATHGROUP QOR 
-------------------------------------------------------------------------------------------------------------------------------------------------------------
Scene  PG      WNS        TNS    NSV      WHV        THV    NHV
    1   1        -          -      -   0.0000     0.0000      0
    1   2        -          -      -   0.0000     0.0000      0
    1   3        -          -      -   0.0000     0.0000      0
    1   4        -          -      -   0.0000     0.0000      0
    1   5        -          -      -   0.0000     0.0000      0
    1   6        -          -      -   0.0000     0.0000      0
    1   7        -          -      -   0.0295     0.0604      3
    2   1   0.0000     0.0000      0        -          -      -
    2   2   0.0000     0.0000      0        -          -      -
    2   3   0.0000     0.0000      0        -          -      -
    2   4   0.0000     0.0000      0        -          -      -
    2   5   0.0000     0.0000      0        -          -      -
    2   6   0.0000     0.0000      0        -          -      -
    2   7   0.0000     0.0000      0        -          -      -
----------------------------------------------------------------------------------------------------------------------------------------------------------------------
SCENARIO QOR 
----------------------------------------------------------------------------------------------------------------------------------------------------------------------
Scene  PG      WNS        TNS   R2RTNS    NSV      WHV        THV    NHV  MaxTrnV   MaxTranC  MaxCapV    Leakage
    1   *        -          -        -      -   0.0295     0.0604      3        0     0.0000        0          -
    2   *   0.0000     0.0000   0.0000      0        -          -      -       15     0.0212        0  88881.422
----------------------------------------------------------------------------------------------------------------------------------------------------------------------
DESIGN QOR 
----------------------------------------------------------------------------------------------------------------------------------------------------------------------
Scene  PG      WNS        TNS   R2RTNS    NSV      WHV        THV    NHV  MaxTrnV   MaxTranC  MaxCapV    Leakage         Area    InstCnt     BufCnt     InvCnt
    *   *   0.0000     0.0000   0.0000      0   0.0295     0.0604      3       15     0.0212        0  88881.422    421684.56     112392      10957      12074
----------------------------------------------------------------------------------------------------------------------------------------------------------------------

Clock-opt initial QoR Summary       WNS        TNS   R2RTNS    NSV      WHV        THV    NHV  MaxTrnV  MaxCapV    Leakage         Area    InstCnt
Clock-opt initial QoR Summary    0.0000     0.0000   0.0000      0   0.0295     0.0604      3       15        0  88881.422    421684.56     112392
Information: The netlist change observers are disabled for incremental extraction. (TIM-126)
INFO: using 8 threads
Clock-opt initialization complete         CPU:  3334 s (  0.93 hr )  ELAPSE:   906 s (  0.25 hr )  MEM-PEAK:  3057 MB
Clock-opt optimization summary            SETUP-COST    R2R-COST HOLD-COST LDRC-COST          AREA     LEAKAGE     INSTCNT            ELAPSE       MEM
WARNING: Net rst_n is a high-fanout net with 16227 sinks; skipping this net during optimization. 
Number of Site types in the design = 1
Setting up Chip Core
Chip Core shape: (100000 100000) (8650000 8650000)
Number of VARs = 1
Number of unique PDs = 1
Number of Power Domains = 1
Number of Voltage Areas = 1
Number of supply Nets = 2
Number of used supplies = 0
Blocked VAs: 
Information: The netlist change observers are enabled for incremental extraction. (TIM-127)

Information: Initializing classic cellmap without advanced rules enabled and without PDC enabled
Information: The following app options are used in cellmap
        place.legalize.enable_color_aware_placement : false
        place.legalize.use_nll_query_cm : false
        place.legalize.enable_advanced_legalizer : false
        place.legalize.enable_prerouted_net_check : true
        place.legalize.enable_advanced_prerouted_net_check : false
        place.legalize.always_continue : true
        place.legalize.limit_legality_checks : false
        place.common.pnet_aware_density : 1.0000
        place.common.pnet_aware_min_width : 0.0000
        place.common.pnet_aware_layers : {}
        place.common.use_placement_model : false
        place.common.enable_advanced_placement_model : true
        cts.placement.cell_spacing_rule_style : maximum
Total 0.1266 seconds to build cellmap data
INFO: creating 163(r) x 163(c) GridCells YDim 5.4 XDim 5.4
INFO: number of GridCells (pde_chip_top_safe): 26569
INFO: creating 163(r) x 163(c) GridCells YDim 5.4 XDim 5.4
INFO: number of GridCells (pde_chip_top_safe): 26569
Total 0.7644 seconds to load 112392 cell instances into cellmap
Moveable cells: 111904; Application fixed cells: 488; Macro cells: 0; User fixed cells: 0
0 out of 114940 data nets is detail routed, 489 out of 489 clock nets are detail routed and total 115429 nets have been analyzed
Only clock route nets/shapes. Estimated current stage is after clock detail route stage
Average cell width 2.0844, cell height 1.8000, cell area 3.7519 for total 112392 placed and application fixed cells
Clock-opt optimization Phase 3 Iter  1          0.00        0.00      0.06        14     421684.56    88881.42      112392              0.25      3057
Number of Site types in the design = 1
Setting up Chip Core
Chip Core shape: (100000 100000) (8650000 8650000)
Number of VARs = 1
Number of unique PDs = 1
Number of Power Domains = 1
Number of Voltage Areas = 1
Number of supply Nets = 2
Number of used supplies = 0
Blocked VAs: 

Clock-opt optimization Phase 4 Iter  1          0.00        0.00      0.06        14     421684.56    88881.42      112392              0.25      3057
Corner Scaling is off, multiplier is 1.000000
Information: timingScenario FUNC_WC timingCorner WC.  Using corner WC for worst leakage corner. (OPT-078)
Information: Using default layer M4 (OPT-079)
Information: Nominal = 0.0716771  Design MT = 0.500000  Target = 0.3723819  MaxRC = 0.216269 Fast Target = 0.123376 (OPT-081)
Collecting Drivers ...  
Design max_transition = 0.500
Design max_capacitance = inf
Using layer M4 for buffering distances
GRE layer bins: None, M2
Found 1 buffer-tree drivers

Roi-HfsDrc SN: 1798569713 435980330 0 67108865 (1126.273926)

Processing Buffer Trees  (ROI) ... 

    [1]  10% ...
    [1] 100% Done

                  Deleted        Added
------------ ------------ ------------
    Buffers:            0            0
  Inverters:            0            0
------------ ------------ ------------
      Total:            0            0
------------ ------------ ------------

Number of Drivers Sized: 0 [0.00%]

                      P: 0 [0.00%]
                      N: 0 [0.00%]

Zbuf-RUNTIME (Hr:Min:Sec)  CPU 0 hr : 0 min : 0.20 sec ELAPSE 0 hr : 0 min : 0.20 sec
Zbuf-RUNTIME         (Min) CPU 0 min ELAPSE 0 min
ZBuf-MEM(max-mem) total 3130544 K / inuse 1902624 K
Corner Scaling is off, multiplier is 1.000000
Information: Using default layer M4 (OPT-079)
bmap: stepx = stepy = 175000
creating bmap
DB units per micron : 10000
INFO: New Levelizer turned on
Clock-opt optimization Phase 4 Iter  2          0.00        0.00      0.06        14     421684.56    88881.42      112392              0.25      3057
Clock-opt optimization Phase 4 Iter  3          0.00        0.00      0.06        14     421684.56    88881.42      112392              0.25      3057
Clock-opt optimization Phase 4 Iter  4          0.00        0.00      0.06        14     421684.56    88881.42      112392              0.25      3057

Clock-opt optimization Phase 5 Iter  1          0.00        0.00      0.06        14     421701.12    88888.74      112399              0.25      3057

Convert timing mode ...
Clock-opt optimization Phase 6 Iter  1          0.00        0.00      0.06         6     421684.19    88881.46      112399              0.25      3057
Clock-opt optimization Phase 6 Iter  2          0.00        0.00      0.06         6     421684.19    88881.46      112399              0.25      3057
Clock-opt optimization Phase 6 Iter  3          0.00        0.00      0.06         6     421684.19    88881.46      112399              0.25      3057
Clock-opt optimization summary            SETUP-COST    R2R-COST HOLD-COST LDRC-COST          AREA     LEAKAGE     INSTCNT            ELAPSE       MEM
Clock-opt optimization Phase 6 Iter  4          0.00        0.00      0.06         6     421684.19    88881.46      112399              0.25      3057
Corner Scaling is off, multiplier is 1.000000
Information: Using default layer M4 (OPT-079)
bmap: stepx = stepy = 175000
creating bmap
DB units per micron : 10000
Clock-opt optimization Phase 6 Iter  5          0.00        0.00      0.06         6     421684.19    88881.46      112399              0.25      3057
Clock-opt optimization Phase 6 Iter  6          0.00        0.00      0.06         6     421684.19    88881.46      112399              0.25      3057
Clock-opt optimization Phase 6 Iter  7          0.00        0.00      0.06         6     421684.19    88881.46      112399              0.25      3057
Clock-opt optimization Phase 6 Iter  8          0.00        0.00      0.06         6     421684.19    88881.46      112399              0.25      3057
Clock-opt optimization Phase 6 Iter  9          0.00        0.00      0.06         6     421684.19    88881.46      112399              0.25      3057
Clock-opt optimization Phase 6 Iter 10          0.00        0.00      0.06         6     421684.19    88881.46      112399              0.25      3057
Clock-opt optimization Phase 6 Iter 11          0.00        0.00      0.06         6     421684.19    88881.46      112399              0.25      3057
Clock-opt optimization Phase 6 Iter 12          0.00        0.00      0.06         6     421684.19    88881.46      112399              0.25      3057
Clock-opt optimization Phase 6 Iter 13          0.00        0.00      0.06         6     421684.19    88881.46      112399              0.25      3057
Clock-opt optimization Phase 6 Iter 14          0.00        0.00      0.06         6     421684.19    88881.46      112399              0.25      3057
Clock-opt optimization Phase 6 Iter 15          0.00        0.00      0.06         6     421684.19    88881.46      112399              0.25      3057
Clock-opt optimization Phase 6 Iter 16          0.00        0.00      0.06         6     421684.19    88881.46      112399              0.25      3057
Clock-opt optimization Phase 6 Iter 17          0.00        0.00      0.06         6     421684.19    88881.46      112399              0.25      3057
Clock-opt optimization Phase 6 Iter 18          0.00        0.00      0.06         6     421684.19    88881.46      112399              0.25      3057
Clock-opt optimization Phase 6 Iter 19          0.00        0.00      0.06         6     421684.19    88881.46      112399              0.25      3057
Clock-opt optimization Phase 6 Iter 20          0.00        0.00      0.06         6     421684.19    88881.46      112399              0.25      3057
Clock-opt optimization Phase 6 Iter 21          0.00        0.00      0.06         6     421684.19    88881.46      112399              0.25      3057
Clock-opt optimization Phase 6 Iter 22          0.00        0.00      0.06         6     421684.19    88881.46      112399              0.25      3057
Clock-opt optimization Phase 6 Iter 23          0.00        0.00      0.06         6     421684.19    88881.46      112399              0.25      3057
Clock-opt optimization Phase 6 Iter 24          0.00        0.00      0.06         6     421684.19    88881.46      112399              0.25      3057
Clock-opt optimization Phase 6 Iter 25          0.00        0.00      0.06         6     421684.19    88881.46      112399              0.25      3057
Clock-opt optimization Phase 6 Iter 26          0.00        0.00      0.06         6     421684.19    88881.46      112399              0.25      3057
Clock-opt optimization Phase 6 Iter 27          0.00        0.00      0.06         6     421684.19    88881.46      112399              0.25      3057
Clock-opt optimization Phase 6 Iter 28          0.00        0.00      0.06         6     421684.19    88881.46      112399              0.25      3057
Clock-opt optimization Phase 6 Iter 29          0.00        0.00      0.06         6     421684.19    88881.46      112399              0.25      3057
Clock-opt optimization Phase 6 Iter 30          0.00        0.00      0.06         6     421684.19    88881.46      112399              0.25      3057

Clock-opt optimization Phase 7 Iter  1          0.00        0.00      0.06         6     421684.19    88881.46      112399              0.25      3057
Clock-opt optimization Phase 7 Iter  2          0.00        0.00      0.06         6     421684.19    88881.46      112399              0.25      3057
Warning: Restoring scoped app option 'xform.commit_density_threshold' to original value 'unset' (from current value '1', which is different from the scoped value '1.0'). (FLW-2892)
Warning: Restoring scoped app option 'opt.internal.levfilter_arec_slack' to original value 'unset' (from current value '-1', which is different from the scoped value '-1.0'). (FLW-2892)
Information: Configuring Design Fusion Restructuring for total power ...
Clock-opt optimization summary            SETUP-COST    R2R-COST HOLD-COST LDRC-COST          AREA     LEAKAGE     INSTCNT            ELAPSE       MEM
Clock-opt optimization Phase 7 Iter  3          0.00        0.00      0.06         6     421684.19    88881.46      112399              0.26      3057
Warning: Restoring scoped app option 'xform.commit_density_threshold' to original value 'unset' (from current value '1', which is different from the scoped value '1.0'). (FLW-2892)
Warning: Restoring scoped app option 'opt.internal.levfilter_arec_slack' to original value 'unset' (from current value '-1', which is different from the scoped value '-1.0'). (FLW-2892)
LR XFORM: End Prediction Mode

Clock-opt optimization Phase 8 Iter  1          0.00        0.00      0.06         6     421563.25    88962.24      112380              0.26      3057
INFO: New Levelizer turned on
INFO: New Levelizer turned on

Clock-opt optimization Phase 9 Iter  1          0.00        0.00      0.06         6     421065.72    88816.80      112025              0.27      3057
ISR: Running first pass 
INFO: New Levelizer turned on
[ISR-TRACE] Potential Bucket: Pass 1  Index 0  #Total-cands   4072 ( 4.65%) SumPotEst 0.01873586 (81.12%) 
[ISR-TRACE] Potential Bucket: Pass 1  Index 1  #Total-cands   3586 ( 4.09%) SumPotEst 0.00232077 (10.05%) 
[ISR-TRACE] Potential Bucket: Pass 1  Index 2  #Total-cands  79972 (91.26%) SumPotEst 0.00203785 ( 8.82%) 
[ISR-TRACE] Pass 1  Bucket 1  #Batches   72  #Initial-Cands   4072  #PostFilter-Cands   4072  #Comitted   47 ( 1.15%)
[ISR-TRACE] Pass 1    Filter stats     #static   #dynamic
[ISR-TRACE]            bufrem-filter       0 |      0 
[ISR-TRACE]          holdviol-filter       0 |      0 
[ISR-TRACE]     isDownsizable-filter       0 |      0 
[ISR-TRACE]            lowRoi-filter       0 |      0 
[ISR-TRACE]         ok-driver-filter   48300 |      0 
[ISR-TRACE]             slack-filter       0 |      0 

ISR: Running second pass 
INFO: New Levelizer turned on
[ISR-TRACE] Potential Bucket: Pass 2  Index 0  #Total-cands   3085 ( 3.52%) SumPotEst 0.32499069 (97.55%) 
[ISR-TRACE] Potential Bucket: Pass 2  Index 1  #Total-cands   7395 ( 8.44%) SumPotEst 0.00578710 ( 1.74%) 
[ISR-TRACE] Potential Bucket: Pass 2  Index 2  #Total-cands  77150 (88.04%) SumPotEst 0.00236574 ( 0.71%) 
[ISR-TRACE] Pass 2  Bucket 1  #Batches   89  #Initial-Cands   3085  #PostFilter-Cands   2339  #Comitted  374 (15.99%)  #lowRoi-filter   746
[ISR-TRACE] Pass 2  Bucket 2  #Batches  109  #Initial-Cands   7395  #PostFilter-Cands   4821  #Comitted   13 ( 0.27%)  #lowRoi-filter  2574
[ISR-TRACE] Pass 2  Bucket 3  #Batches  256  #Initial-Cands  77150  #PostFilter-Cands  43754  #Comitted    6 ( 0.01%)  #isDownsizable-filter 21434  #lowRoi-filter 11962
[ISR-TRACE] Pass 2    Filter stats     #static   #dynamic
[ISR-TRACE]            bufrem-filter       0 |      0 
[ISR-TRACE]          holdviol-filter       0 |      0 
[ISR-TRACE]     isDownsizable-filter       0 |  21434 
[ISR-TRACE]            lowRoi-filter       0 |  15282 
[ISR-TRACE]         ok-driver-filter   48300 |      0 
[ISR-TRACE]             slack-filter       0 |      0 

Clock-opt optimization Phase 9 Iter  2          0.00        0.00      0.06         6     421065.72    88816.80      112025              0.28      3057
INFO: New Levelizer turned on
[ISR-TRACE] Potential Bucket: Pass 1  Index 0  #Total-cands   7376 ( 8.42%) SumPotEst 0.01992304 (90.47%) 
[ISR-TRACE] Potential Bucket: Pass 1  Index 1  #Total-cands   7556 ( 8.62%) SumPotEst 0.00173388 ( 7.87%) 
[ISR-TRACE] Potential Bucket: Pass 1  Index 2  #Total-cands  72684 (82.96%) SumPotEst 0.00036313 ( 1.65%) 
[ISR-TRACE] Pass 1  Bucket 1  #Batches   93  #Initial-Cands   7376  #PostFilter-Cands   7376  #Comitted 1078 (14.61%)
[ISR-TRACE] Pass 1  Bucket 2  #Batches   76  #Initial-Cands   7556  #PostFilter-Cands   5613  #Comitted  783 (13.95%)  #lowRoi-filter  1943
[ISR-TRACE] Pass 1  Bucket 3  #Batches  119  #Initial-Cands  72684  #PostFilter-Cands  40577  #Comitted    0 ( 0.00%)  #isDownsizable-filter 25038  #lowRoi-filter  7069
[ISR-TRACE] Pass 1    Filter stats     #static   #dynamic
[ISR-TRACE]            bufrem-filter       0 |      0 
[ISR-TRACE]          holdviol-filter       0 |      0 
[ISR-TRACE]     isDownsizable-filter       0 |  25038 
[ISR-TRACE]            lowRoi-filter       0 |   9012 
[ISR-TRACE]         ok-driver-filter   48300 |      0 
[ISR-TRACE]             slack-filter       0 |      0 


Clock-opt optimization Phase 10 Iter  1         0.00        0.00      0.06         6     420950.88    88075.72      112011              0.28      3057
Corner Scaling is off, multiplier is 1.000000
Information: timingScenario FUNC_WC timingCorner WC.  Using corner WC for worst leakage corner. (OPT-078)
Information: Using default layer M4 (OPT-079)
Information: Nominal = 0.0716771  Design MT = 0.500000  Target = 0.3723819  MaxRC = 0.216269 Fast Target = 0.123376 (OPT-081)
Collecting Drivers ...  
Design max_transition = 0.500
Design max_capacitance = inf
Using layer M4 for buffering distances
GRE layer bins: None, M2
Found 1 buffer-tree drivers

Roi-HfsDrc SN: 1798569713 435980330 0 67108865 (1126.273926)

Processing Buffer Trees  (ROI) ... 

    [1]  10% ...
    [1] 100% Done

                  Deleted        Added
------------ ------------ ------------
    Buffers:            0            0
  Inverters:            0            0
------------ ------------ ------------
      Total:            0            0
------------ ------------ ------------

Number of Drivers Sized: 0 [0.00%]

                      P: 0 [0.00%]
                      N: 0 [0.00%]

Zbuf-RUNTIME (Hr:Min:Sec)  CPU 0 hr : 0 min : 0.18 sec ELAPSE 0 hr : 0 min : 0.18 sec
Zbuf-RUNTIME         (Min) CPU 0 min ELAPSE 0 min
ZBuf-MEM(max-mem) total 3130544 K / inuse 1965632 K
Corner Scaling is off, multiplier is 1.000000
Information: Using default layer M4 (OPT-079)
bmap: stepx = stepy = 175000
creating bmap
DB units per micron : 10000
INFO: New Levelizer turned on
Clock-opt optimization Phase 10 Iter  2         0.00        0.00      0.06         6     420950.88    88075.72      112011              0.28      3057
Clock-opt optimization Phase 10 Iter  3         0.00        0.00      0.06         6     420950.88    88075.72      112011              0.28      3057
Clock-opt optimization Phase 10 Iter  4         0.00        0.00      0.06         6     420950.88    88075.72      112011              0.28      3057

Clock-opt optimization Phase 11 Iter  1         0.00        0.00      0.06         6     420980.75    88095.94      112013              0.28      3057
Clock-opt optimization Phase 11 Iter  2         0.00        0.00      0.06         6     420980.75    88095.94      112013              0.28      3057
Warning: Design includes unreasonable large hold violation(s). (OPT-209)
Clock-opt optimization Phase 11 Iter  3         0.00        0.00      0.06         6     420980.75    88095.94      112013              0.28      3057
Warning: Design includes unreasonable large hold violation(s). (OPT-209)
Clock-opt optimization Phase 11 Iter  4         0.00        0.00      0.06         6     420980.75    88095.94      112013              0.28      3057
INFO: updating slack distrubution time borrowing 
updateTimeBorrowsAndSi elapsed: 1.858000

Clock-opt optimization Phase 12 Iter  1         0.00        0.00      0.06         6     420985.09    88096.80      112016              0.28      3057
Running post-clock timing-driven placement.
Turning on CRPR.
Information: Initializing classic cellmap without advanced rules enabled and without PDC enabled
Information: The following app options are used in cellmap
        place.legalize.enable_color_aware_placement : false
        place.legalize.use_nll_query_cm : false
        place.legalize.enable_advanced_legalizer : false
        place.legalize.enable_prerouted_net_check : true
        place.legalize.enable_advanced_prerouted_net_check : false
        place.legalize.always_continue : true
        place.legalize.limit_legality_checks : false
        place.common.pnet_aware_density : 1.0000
        place.common.pnet_aware_min_width : 0.0000
        place.common.pnet_aware_layers : {}
        place.common.use_placement_model : false
        place.common.enable_advanced_placement_model : true
        cts.placement.cell_spacing_rule_style : maximum
Total 0.1110 seconds to build cellmap data
INFO: creating 98(r) x 98(c) GridCells YDim 9 XDim 9
INFO: number of GridCells (pde_chip_top_safe): 9604
INFO: creating 98(r) x 98(c) GridCells YDim 9 XDim 9
INFO: number of GridCells (pde_chip_top_safe): 9604
Total 0.7353 seconds to load 112016 cell instances into cellmap
Moveable cells: 111528; Application fixed cells: 488; Macro cells: 0; User fixed cells: 0
0 out of 114718 data nets is detail routed, 489 out of 489 clock nets are detail routed and total 115207 nets have been analyzed
Only clock route nets/shapes. Estimated current stage is after clock detail route stage
Average cell width 2.0879, cell height 1.8000, cell area 3.7583 for total 112016 placed and application fixed cells
Information: Current block utilization is '0.57590', effective utilization is '0.57588'. (OPT-055)
----------------------------------------------------------------
Running congestion-aware direct-timing-driven placement
Start Timing-driven placement
Start transferring placement data.
Warning: To enable pin track alignment feature, the advanced legalizer has to be turned on using app option "place.legalize.enable_advanced_legalizer".
Warning: Pin track alignment feature will be disabled in this run
Information: Initializing classic cellmap without advanced rules enabled and without PDC enabled
Information: The following app options are used in cellmap
        place.legalize.enable_color_aware_placement : false
        place.legalize.use_nll_query_cm : false
        place.legalize.enable_advanced_legalizer : false
        place.legalize.enable_prerouted_net_check : true
        place.legalize.enable_advanced_prerouted_net_check : false
        place.legalize.always_continue : true
        place.legalize.limit_legality_checks : false
        place.common.pnet_aware_density : 1.0000
        place.common.pnet_aware_min_width : 0.0000
        place.common.pnet_aware_layers : {}
        place.common.use_placement_model : false
        place.common.enable_advanced_placement_model : true
        cts.placement.cell_spacing_rule_style : maximum
Total 0.1094 seconds to build cellmap data
Snapped 111528 standard cells to the nearest cellrow to improve the accuracy of congestion analysis.
Start Global Route ... 
[Init] Elapsed real time: 0:00:00 
[Init] Elapsed cpu  time: sys=0:00:00 usr=0:00:00 total=0:00:00
[Init] Stage (MB): Used    0  Alloctr    0  Proc    0 
[Init] Total (MB): Used    7  Alloctr    8  Proc 6546 
Printing options for 'route.common.*'
common.verbose_level                                    :	 0                   

Printing options for 'route.global.*'
global.crosstalk_driven                                 :	 false               
global.timing_driven                                    :	 false               

Begin global routing.
Cell Min-Routing-Layer = M1
Cell Max-Routing-Layer = M6
Turn off antenna since no rule is specified
Information: Option route.detail.force_end_on_preferred_grid will be ignored since none of the layers have preferred grid. (ZRT-703)
Info: number of net_type_blockage: 0 
Information: Via ladder engine would be activated for pattern must join connection in certain commands. Please refer to man-page for the command list. (ZRT-619)
Via on layer (VIA1) needs more than one tracks
Warning: Layer M1 default pitch 0.200 may be too small to handle up/down via. Note, that minimum requirements are "wire/via-down 0.180" & "wire/via-up 0.225". (ZRT-026)
Via on layer (VIA5) needs more than one tracks
Warning: Layer M5 default pitch 0.200 may be too small to handle up/down via. Note, that minimum requirements are "wire/via-down 0.200" & "wire/via-up 0.350". (ZRT-026)
Via on layer (RV) needs more than one tracks
Warning: Layer M6 default pitch 0.800 may be too small to handle up/down via. Note, that minimum requirements are "wire/via-down 0.800" & "wire/via-up 3.600". (ZRT-026)
Information: When applicable Min-max layer allow_pin_connection mode will allow paths of length 3.00 outside the layer range. (ZRT-707)
Information: When applicable Min-max layer allow_pin_connection mode will allow paths of length 3.00 outside the layer range on clock nets. (ZRT-718)
Information: When applicable layer based tapering will taper up to 0.00 in distance from the pin. (ZRT-706)
Warning: Cell u_impl/u_core/g_row_6__g_col_3__u_pe/u_sol/copt_h_inst_27891 is placed overlapping with other cells at {{335.600 26.200} {336.400 28.000}}. (ZRT-763)
Warning: Cell u_impl/u_core/g_row_6__g_col_0__u_pe/HFSBUF_20325_20109 is placed overlapping with other cells at {{314.200 101.800} {315.400 103.600}}. (ZRT-763)
Warning: Cell u_impl/u_core/g_row_2__g_col_3__u_pe/u_alu/U33 is placed overlapping with other cells at {{369.400 154.000} {371.200 155.800}}. (ZRT-763)
Warning: Cell u_impl/u_core/g_row_2__g_col_8__u_pe/u_alu/U33 is placed overlapping with other cells at {{503.000 103.600} {504.800 105.400}}. (ZRT-763)
Warning: Cell u_impl/u_core/g_row_4__g_col_4__u_pe/u_alu/U19 is placed overlapping with other cells at {{617.400 101.800} {618.600 103.600}}. (ZRT-763)
Warning: Cell u_impl/u_core/g_row_4__g_col_1__u_pe/u_alu/U33 is placed overlapping with other cells at {{671.000 92.800} {672.800 94.600}}. (ZRT-763)
Warning: Cell u_impl/u_core/g_row_3__g_col_7__u_pe/u_alu/ctmTdsLR_2_21545 is placed overlapping with other cells at {{737.400 112.600} {739.000 114.400}}. (ZRT-763)
Warning: Cell u_impl/u_core/g_row_8__g_col_2__u_pe/u_alu/U33 is placed overlapping with other cells at {{154.800 220.600} {156.400 222.400}}. (ZRT-763)
Warning: Cell u_impl/u_core/g_row_1__g_col_8__u_pe/u_alu/ctmTdsLR_1_27805 is placed overlapping with other cells at {{767.400 177.400} {769.200 179.200}}. (ZRT-763)
Warning: Cell u_impl/u_core/g_row_0__g_col_6__u_pe/u_alu/ctmTdsLR_1_21977 is placed overlapping with other cells at {{792.400 276.400} {794.000 278.200}}. (ZRT-763)
Warning: Cell u_impl/ctmTdsLR_1_27845 is placed overlapping with other cells at {{446.000 325.000} {446.800 326.800}}. (ZRT-763)
Warning: Cell u_impl/ctmTdsLR_1_27839 is placed overlapping with other cells at {{494.800 398.800} {495.600 400.600}}. (ZRT-763)
Warning: Cell u_impl/ctmTdsLR_1_27833 is placed overlapping with other cells at {{622.200 350.200} {623.800 352.000}}. (ZRT-763)
Warning: Cell u_impl/u_core/g_row_10__g_col_0__u_pe/u_alu/U3 is placed overlapping with other cells at {{148.200 451.000} {150.200 452.800}}. (ZRT-763)
Warning: Cell u_impl/ctmTdsLR_1_27717 is placed overlapping with other cells at {{551.800 465.400} {554.200 467.200}}. (ZRT-763)
Warning: Cell u_impl/ctmTdsLR_3_27652 is placed overlapping with other cells at {{583.000 425.800} {584.600 427.600}}. (ZRT-763)
Warning: Cell u_impl/u_core/g_row_19__g_col_9__u_pe/u_alu/ctmTdsLR_1_27796 is placed overlapping with other cells at {{804.800 472.600} {806.600 474.400}}. (ZRT-763)
Warning: Cell u_impl/u_core/g_row_11__g_col_5__u_pe/u_alu/U39 is placed overlapping with other cells at {{126.000 553.600} {127.600 555.400}}. (ZRT-763)
Warning: Cell u_impl/ctmTdsLR_1_27849 is placed overlapping with other cells at {{485.800 550.000} {486.400 551.800}}. (ZRT-763)
Warning: Cell u_impl/ctmTdsLR_1_27722 is placed overlapping with other cells at {{576.400 490.600} {578.200 492.400}}. (ZRT-763)
Warning: Cell u_impl/U7992 is placed overlapping with other cells at {{659.200 542.800} {660.800 544.600}}. (ZRT-763)
Warning: Cell u_impl/u_core/g_row_19__g_col_7__u_pe/u_alu/ctmTdsLR_1_27790 is placed overlapping with other cells at {{799.600 501.400} {801.400 503.200}}. (ZRT-763)
Warning: Cell u_impl/u_core/g_row_19__g_col_8__u_pe/u_alu/ctmTdsLR_2_27794 is placed overlapping with other cells at {{801.600 488.800} {803.400 490.600}}. (ZRT-763)
Warning: Cell u_impl/u_core/g_row_11__g_col_6__u_pe/u_alu/U29 is placed overlapping with other cells at {{107.400 598.600} {109.400 600.400}}. (ZRT-763)
Warning: Cell u_impl/ctmTdsLR_1_27825 is placed overlapping with other cells at {{278.000 562.600} {278.800 564.400}}. (ZRT-763)
Warning: Cell u_impl/ctmTdsLR_3_27755 is placed overlapping with other cells at {{352.800 577.000} {354.200 578.800}}. (ZRT-763)
Warning: Cell u_impl/ctmTdsLR_1_27851 is placed overlapping with other cells at {{630.800 611.200} {632.000 613.000}}. (ZRT-763)
Warning: Cell u_impl/u_core/g_row_19__g_col_3__u_pe/u_alu/ctmTdsLR_2_27732 is placed overlapping with other cells at {{763.000 560.800} {764.800 562.600}}. (ZRT-763)
Warning: Cell u_impl/u_core/g_row_16__g_col_5__u_pe/u_alu/ctmTdsLR_1_27728 is placed overlapping with other cells at {{129.800 692.200} {131.600 694.000}}. (ZRT-763)
Warning: Cell u_impl/u_core/g_row_15__g_col_8__u_pe/u_alu/ctmTdsLR_2_21319 is placed overlapping with other cells at {{172.000 667.000} {173.600 668.800}}. (ZRT-763)
Warning: Cell u_impl/u_core/g_row_17__g_col_4__u_pe/u_alu/ctmTdsLR_1_27820 is placed overlapping with other cells at {{248.600 695.800} {250.400 697.600}}. (ZRT-763)
Warning: Cell u_impl/ctmTdsLR_1_27823 is placed overlapping with other cells at {{588.000 645.400} {589.200 647.200}}. (ZRT-763)
Warning: Cell u_impl/u_core/g_row_12__g_col_1__u_pe/u_alu/U30 is placed overlapping with other cells at {{387.800 737.200} {389.800 739.000}}. (ZRT-763)
Current Stage stats:
[End of Read DB] Elapsed real time: 0:00:01 
[End of Read DB] Elapsed cpu  time: sys=0:00:00 usr=0:00:04 total=0:00:04
[End of Read DB] Stage (MB): Used  158  Alloctr  161  Proc  -32 
[End of Read DB] Total (MB): Used  166  Alloctr  169  Proc 6514 
Loading parastics information to the router ...
parastics information loaded to the router.
[End of Loading Timing] Elapsed real time: 0:00:00 
[End of Loading Timing] Elapsed cpu  time: sys=0:00:00 usr=0:00:00 total=0:00:00
Constructing data structure ...
Design statistics:
Design Bounding Box (0.00um,0.00um,875.00um,875.00um)
Number of routing layers = 7
layer M1, dir Hor, min width = 0.09um, min space = 0.09um pitch = 0.2um
layer M2, dir Ver, min width = 0.1um, min space = 0.1um pitch = 0.2um
layer M3, dir Hor, min width = 0.1um, min space = 0.1um pitch = 0.2um
layer M4, dir Ver, min width = 0.1um, min space = 0.1um pitch = 0.2um
layer M5, dir Hor, min width = 0.1um, min space = 0.1um pitch = 0.2um
layer M6, dir Ver, min width = 0.4um, min space = 0.4um pitch = 0.8um
layer AP, dir Hor, min width = 3um, min space = 2um pitch = 6.5um
Current Stage stats:
[End of Build Tech Data] Elapsed real time: 0:00:00 
[End of Build Tech Data] Elapsed cpu  time: sys=0:00:00 usr=0:00:00 total=0:00:00
[End of Build Tech Data] Stage (MB): Used    4  Alloctr    4  Proc    0 
[End of Build Tech Data] Total (MB): Used  170  Alloctr  173  Proc 6514 
Net statistics:
Total number of nets     = 115055
Number of nets to route  = 114556
499 nets are fully connected,
 of which 499 are detail routed and 0 are global routed.
Net length statistics: 
Net Count(Ignore Fully Rted) 114556, Total Half Perimeter Wire Length (HPWL) 4377348 microns
HPWL   0 ~   50 microns: Net Count    95681	Total HPWL      1112496 microns
HPWL  50 ~  100 microns: Net Count     7208	Total HPWL       524523 microns
HPWL 100 ~  200 microns: Net Count     6377	Total HPWL       904316 microns
HPWL 200 ~  300 microns: Net Count     2613	Total HPWL       637611 microns
HPWL 300 ~  400 microns: Net Count     1178	Total HPWL       400690 microns
HPWL 400 ~  500 microns: Net Count      698	Total HPWL       317119 microns
HPWL 500 ~  600 microns: Net Count      500	Total HPWL       272608 microns
HPWL 600 ~  700 microns: Net Count      207	Total HPWL       133004 microns
HPWL 700 ~  800 microns: Net Count       65	Total HPWL        48058 microns
HPWL 800 ~  900 microns: Net Count       19	Total HPWL        16296 microns
HPWL 900 ~ 1000 microns: Net Count        6	Total HPWL         5701 microns
HPWL     > 1000 microns: Net Count        4	Total HPWL         4926 microns
Current Stage stats:
[End of Build All Nets] Elapsed real time: 0:00:00 
[End of Build All Nets] Elapsed cpu  time: sys=0:00:00 usr=0:00:00 total=0:00:00
[End of Build All Nets] Stage (MB): Used   81  Alloctr   81  Proc    0 
[End of Build All Nets] Total (MB): Used  251  Alloctr  255  Proc 6514 
Number of partitions: 1 (1 x 1)
Size of partitions: 487 gCells x 487 gCells
Average gCell capacity  2.27	 on layer (1)	 M1
Average gCell capacity  8.95	 on layer (2)	 M2
Average gCell capacity  8.97	 on layer (3)	 M3
Average gCell capacity  8.95	 on layer (4)	 M4
Average gCell capacity  8.86	 on layer (5)	 M5
Average gCell capacity  2.22	 on layer (6)	 M6
Average gCell capacity  0.28	 on layer (7)	 AP
Average number of tracks per gCell 8.99	 on layer (1)	 M1
Average number of tracks per gCell 8.99	 on layer (2)	 M2
Average number of tracks per gCell 8.99	 on layer (3)	 M3
Average number of tracks per gCell 8.99	 on layer (4)	 M4
Average number of tracks per gCell 8.99	 on layer (5)	 M5
Average number of tracks per gCell 2.25	 on layer (6)	 M6
Average number of tracks per gCell 0.28	 on layer (7)	 AP
Number of gCells = 1660183
Current Stage stats:
[End of Build Congestion Map] Elapsed real time: 0:00:01 
[End of Build Congestion Map] Elapsed cpu  time: sys=0:00:00 usr=0:00:01 total=0:00:01
[End of Build Congestion Map] Stage (MB): Used   30  Alloctr   30  Proc    0 
[End of Build Congestion Map] Total (MB): Used  282  Alloctr  285  Proc 6514 
Number of partitions: 1 (1 x 1)
Size of partitions: 487 gCells x 487 gCells
Current Stage stats:
[End of Add Nets Demand] Elapsed real time: 0:00:00 
[End of Add Nets Demand] Elapsed cpu  time: sys=0:00:00 usr=0:00:00 total=0:00:00
[End of Add Nets Demand] Stage (MB): Used    4  Alloctr    4  Proc    0 
[End of Add Nets Demand] Total (MB): Used  286  Alloctr  290  Proc 6514 
Number of user frozen nets = 0
Information: RC layer preference is turned off for this design. (ZRT-613)
Total stats:
[End of Build Data] Elapsed real time: 0:00:01 
[End of Build Data] Elapsed cpu  time: sys=0:00:00 usr=0:00:02 total=0:00:02
[End of Build Data] Stage (MB): Used  120  Alloctr  120  Proc    0 
[End of Build Data] Total (MB): Used  286  Alloctr  290  Proc 6514 
Number of partitions: 1 (1 x 1)
Size of partitions: 487 gCells x 487 gCells
Current Stage stats:
[End of Blocked Pin Detection] Elapsed real time: 0:00:04 
[End of Blocked Pin Detection] Elapsed cpu  time: sys=0:00:00 usr=0:00:04 total=0:00:04
[End of Blocked Pin Detection] Stage (MB): Used  104  Alloctr  104  Proc    0 
[End of Blocked Pin Detection] Total (MB): Used  390  Alloctr  394  Proc 6514 
Information: Using 8 threads for routing. (ZRT-444)
Information: Placement fast mode ON
Information: Multiple gcell levels ON
Information: Buffer distance is estimated to be ~1417.0000um (787 gCells)

Start GR phase 0
Number of partitions: 1 (1 x 1)
Size of partitions: 487 gCells x 487 gCells
10% of nets complete Elapsed cpu time: 0:00:03 Elapsed real time: 0:00:03
20% of nets complete Elapsed cpu time: 0:00:04 Elapsed real time: 0:00:04
30% of nets complete Elapsed cpu time: 0:00:04 Elapsed real time: 0:00:04
40% of nets complete Elapsed cpu time: 0:00:04 Elapsed real time: 0:00:04
50% of nets complete Elapsed cpu time: 0:00:04 Elapsed real time: 0:00:04
60% of nets complete Elapsed cpu time: 0:00:05 Elapsed real time: 0:00:05
70% of nets complete Elapsed cpu time: 0:00:05 Elapsed real time: 0:00:05
80% of nets complete Elapsed cpu time: 0:00:06 Elapsed real time: 0:00:06
90% of nets complete Elapsed cpu time: 0:00:08 Elapsed real time: 0:00:08
[rtAllBotParts] Elapsed real time: 0:00:18 
[rtAllBotParts] Elapsed cpu  time: sys=0:00:00 usr=0:00:18 total=0:00:18
[rtTop] Elapsed real time: 0:00:00 
[rtTop] Elapsed cpu  time: sys=0:00:00 usr=0:00:00 total=0:00:00
Current Stage stats:
[End of Initial Routing] Elapsed real time: 0:00:18 
[End of Initial Routing] Elapsed cpu  time: sys=0:00:00 usr=0:00:18 total=0:00:18
[End of Initial Routing] Stage (MB): Used   81  Alloctr   82  Proc    0 
[End of Initial Routing] Total (MB): Used  471  Alloctr  477  Proc 6514 
Initial. Routing result:
Initial. Both Dirs: Dmd-Cap  =   419 Max = 5 GRCs =   716 (0.15%)
Initial. H routing: Dmd-Cap  =   138 Max = 4 (GRCs =  1) GRCs =   333 (0.14%)
Initial. V routing: Dmd-Cap  =   281 Max = 5 (GRCs =  1) GRCs =   383 (0.16%)
Initial. Both Dirs: Overflow =  5281 Max = 8 GRCs =  9469 (2.00%)
Initial. H routing: Overflow =  1670 Max = 3 (GRCs = 11) GRCs =  3934 (1.66%)
Initial. V routing: Overflow =  3610 Max = 8 (GRCs =  1) GRCs =  5535 (2.33%)
Initial. M1         Overflow =   610 Max = 2 (GRCs =  4) GRCs =   677 (0.29%)
Initial. M2         Overflow =  3410 Max = 8 (GRCs =  1) GRCs =  5051 (2.13%)
Initial. M3         Overflow =   678 Max = 3 (GRCs =  7) GRCs =  2931 (1.24%)
Initial. M4         Overflow =   200 Max = 3 (GRCs =  1) GRCs =   484 (0.20%)
Initial. M5         Overflow =   382 Max = 3 (GRCs =  4) GRCs =   326 (0.14%)
Initial. M6         Overflow =     0 Max = 0 (GRCs =  0) GRCs =     0 (0.00%)
Initial. AP         Overflow =     0 Max = 0 (GRCs =  0) GRCs =     0 (0.00%)

Initial. Total Wire Length = 4556349.23
Initial. Layer M1 wire length = 32236.84
Initial. Layer M2 wire length = 1098782.01
Initial. Layer M3 wire length = 1430640.73
Initial. Layer M4 wire length = 992418.29
Initial. Layer M5 wire length = 882576.35
Initial. Layer M6 wire length = 119695.01
Initial. Layer AP wire length = 0.00
Initial. Total Number of Contacts = 848737
Initial. Via VIA12_HV count = 418993
Initial. Via VIA23 count = 363063
Initial. Via VIA34 count = 43356
Initial. Via VIA45 count = 21216
Initial. Via VIA56 count = 2109
Initial. Via VIA67 count = 0
Initial. completed.

Start GR phase 1
Tue Aug  4 16:30:03 2026
Number of partitions: 4 (2 x 2)
Size of partitions: 256 gCells x 256 gCells
10% of nets complete Elapsed cpu time: 0:00:05 Elapsed real time: 0:00:04
20% of nets complete Elapsed cpu time: 0:00:05 Elapsed real time: 0:00:04
30% of nets complete Elapsed cpu time: 0:00:05 Elapsed real time: 0:00:04
40% of nets complete Elapsed cpu time: 0:00:08 Elapsed real time: 0:00:05
50% of nets complete Elapsed cpu time: 0:00:09 Elapsed real time: 0:00:06
60% of nets complete Elapsed cpu time: 0:00:09 Elapsed real time: 0:00:06
70% of nets complete Elapsed cpu time: 0:00:09 Elapsed real time: 0:00:06
80% of nets complete Elapsed cpu time: 0:00:09 Elapsed real time: 0:00:06
90% of nets complete Elapsed cpu time: 0:00:09 Elapsed real time: 0:00:06
[rtAllParts] Elapsed real time: 0:00:06 
[rtAllParts] Elapsed cpu  time: sys=0:00:00 usr=0:00:09 total=0:00:10
Number of partitions: 4 (2 x 2)
Size of partitions: 256 gCells x 256 gCells
[updNetsDmd] Elapsed real time: 0:00:00 
[updNetsDmd] Elapsed cpu  time: sys=0:00:00 usr=0:00:01 total=0:00:01
Current Stage stats:
[End of Phase1 Routing] Elapsed real time: 0:00:06 
[End of Phase1 Routing] Elapsed cpu  time: sys=0:00:00 usr=0:00:11 total=0:00:11
[End of Phase1 Routing] Stage (MB): Used    3  Alloctr    7  Proc    0 
[End of Phase1 Routing] Total (MB): Used  474  Alloctr  484  Proc 6514 
phase1. Routing result:
phase1. Both Dirs: Dmd-Cap  =     3 Max = 3 GRCs =     3 (0.00%)
phase1. H routing: Dmd-Cap  =     3 Max = 3 (GRCs =  1) GRCs =     1 (0.00%)
phase1. V routing: Dmd-Cap  =     0 Max = 1 (GRCs =  2) GRCs =     2 (0.00%)
phase1. Both Dirs: Overflow =   353 Max = 6 GRCs =   429 (0.09%)
phase1. H routing: Overflow =   337 Max = 4 (GRCs =  1) GRCs =   413 (0.17%)
phase1. V routing: Overflow =    15 Max = 6 (GRCs =  1) GRCs =    16 (0.01%)
phase1. M1         Overflow =   326 Max = 2 (GRCs =  2) GRCs =   405 (0.17%)
phase1. M2         Overflow =    14 Max = 6 (GRCs =  1) GRCs =    15 (0.01%)
phase1. M3         Overflow =     0 Max = 0 (GRCs =  0) GRCs =     0 (0.00%)
phase1. M4         Overflow =     1 Max = 1 (GRCs =  1) GRCs =     1 (0.00%)
phase1. M5         Overflow =    11 Max = 4 (GRCs =  1) GRCs =     8 (0.00%)
phase1. M6         Overflow =     0 Max = 0 (GRCs =  0) GRCs =     0 (0.00%)
phase1. AP         Overflow =     0 Max = 0 (GRCs =  0) GRCs =     0 (0.00%)

phase1. Total Wire Length = 4572472.16
phase1. Layer M1 wire length = 39362.63
phase1. Layer M2 wire length = 1065081.74
phase1. Layer M3 wire length = 1386588.98
phase1. Layer M4 wire length = 1030200.80
phase1. Layer M5 wire length = 927010.91
phase1. Layer M6 wire length = 124227.10
phase1. Layer AP wire length = 0.00
phase1. Total Number of Contacts = 867193
phase1. Via VIA12_HV count = 422008
phase1. Via VIA23 count = 366177
phase1. Via VIA34 count = 51592
phase1. Via VIA45 count = 25096
phase1. Via VIA56 count = 2320
phase1. Via VIA67 count = 0
phase1. completed.
[End of Whole Chip Routing] Elapsed real time: 0:00:31 
[End of Whole Chip Routing] Elapsed cpu  time: sys=0:00:00 usr=0:00:37 total=0:00:37
[End of Whole Chip Routing] Stage (MB): Used  308  Alloctr  315  Proc    0 
[End of Whole Chip Routing] Total (MB): Used  474  Alloctr  484  Proc 6514 

Information: Global Routing didn't terminate early. (ZRT-103)

Congestion utilization per direction:
Average vertical track utilization   = 34.95 %
Peak    vertical track utilization   = 105.00 %
Average horizontal track utilization = 32.30 %
Peak    horizontal track utilization = 116.67 %

[End of Global Routing] Elapsed real time: 0:00:31 
[End of Global Routing] Elapsed cpu  time: sys=0:00:00 usr=0:00:37 total=0:00:37
[End of Global Routing] Stage (MB): Used  278  Alloctr  285  Proc    0 
[End of Global Routing] Total (MB): Used  445  Alloctr  455  Proc 6514 
Writing out congestion map...
Updating congestion ...
Updating congestion ...
[End of dbOut] Elapsed real time: 0:00:00 
[End of dbOut] Elapsed cpu  time: sys=0:00:00 usr=0:00:00 total=0:00:00
[End of dbOut] Stage (MB): Used -244  Alloctr -253  Proc    0 
[End of dbOut] Total (MB): Used   36  Alloctr   37  Proc 6514 
Using per-layer congestion maps for congestion reduction.
Information: 8.95% of design has horizontal routing density above target_routing_density of 0.80.
Information: 5.65% of design has vertical routing density above target_routing_density of 0.80.
Completed transferring placement data.
Running placement using 8 thread(s)
Information: Enhanced Auto Density Control is used. (PLACE-098)
Information: Enhanced auto density configuration is 13179.
Information: Automatic density control has selected the following settings: max_density 0.75, congestion_driven_max_util 0.91. (PLACE-027)
Information: HFW control 'on' invoked.
coarse place 100% done.
Information: Reducing cell density for 20.4% of the movable cells to alleviate congestion. This changes the average cell density in non-congested areas from 0.576 to 0.640. (PLACE-030)
CGRW: permuting timing equivalent pins only
Corner Scaling is off, multiplier is 1.000000
Information: timingScenario FUNC_WC timingCorner WC.  Using corner WC for worst leakage corner. (OPT-078)
Information: Using default layer M4 (OPT-079)
Information: Nominal = 0.0716771  Design MT = 0.500000  Target = 0.3723819  MaxRC = 0.216269 Fast Target = 0.123376 (OPT-081)
nplLib: default vr hor dist = 1037
nplLib: default vr ver dist = 1037
nplLib: default vr buf size = 6
nplLib: default vr buf size = 2
Placer using max_unbuffered_distance = 1036.63

Placement Options:
Effort:                        medium_effort       
Timing Driven:                 true                
Buffering Aware Timing Driven: false               
Seed locs:                     true                
Incremental:                   false               
Congestion:                    true                
Congestion Effort:             medium              
Fix Macros:                    true                
Place Macros:                  false               
Channel Size Macros:           false               


Information: Activity propagation will be performed for scenario FUNC_WC.
Information: Doing activity propagation for mode 'FUNC' and corner 'WC' with effort level 'medium'. (POW-024)
Information: Timer-derived activity data is cached on scenario FUNC_WC (POW-052)
Information: Running switching activity propagation with 8 threads!

 **** Information : No. of simulation cycles = 6 ****
Warning: a large fraction of the nets have zero toggle rate (97.6367%)
****** eLpp estimated wire length 
2.64971% of the net wire length are clock nets
0% of the clock net wire length has no activity
Clock net wire length: 1.2339e+09
Total net wire length: 4.65674e+10
****** eLpp weights (with caps) (no lengths)
Number of nets: 115053, of which 114564 non-clock nets
Number of nets with 0 toggle rate: 112334 (97.6367%)
Max toggle rate = 0.2, average toggle rate = 0.000896355
Max non-clock toggle rate = 0.0101115
eLpp weight range = (0, 34.139)
*** 156 nets are filtered out
Start transferring placement data.
****** Net weight manager: report ******
Weights included: eLpp  PostEffort  
Number of nets with non-default weights: 115053
Amt power = 0.1
Non-default weight range: (0.9, 8.3139)
                             Min         Max         Avg       Stdev        Skew
       Toggle Rates            0         0.2 0.000896349   0.0130228     15.1903
      Power Weights            0      34.139    0.153002     2.22292     15.1903
      Final Weights          0.9      8.3139    0.932301    0.482376       15.23
Information: Automatic repeater spreading is enabled.
Information: Automatic timing control is enabled.
checking app option clockgate_objective_weight : none
DTDP placement: scenario=FUNC_WC
Information: The net parasitics of block pde_chip_top_safe are cleared. (TIM-123)
Completed transferring placement data.
Running placement using 8 thread(s)
Information: Enhanced Auto Density Control is used. (PLACE-098)
Information: Enhanced auto density configuration is 13179.
Information: Automatic density control has selected the following settings: max_density 0.75, congestion_driven_max_util 0.91. (PLACE-027)
Information: HFW control 'on' invoked.
coarse place 50% done.
coarse place 60% done.
coarse place 70% done.
coarse place 80% done.
coarse place 90% done.
coarse place 100% done.
Information: Coarse placer wire length estimate = 4.72349e+06
Information: Coarse placer active wire length estimate = 28329.1
Information: Coarse placer weighted wire length estimate = 5.66875e+06
Information: Extraction observers are detached as design net change threshold is reached.
Completed Timing-driven placement, Elapsed time =   0: 0:55 
Moved 87622 out of 112016 cells, ratio = 0.782228
Total displacement = 177531.812500(um)
Max displacement = 211.619507(um), u_impl/u_core/g_row_7__g_col_0__u_pe/u_alu/HFSINV_1033_16964 (196.199997, 184.600006, 4) => (350.209015, 126.989502, 4)
Displacement histogram:
  0 ~  10% cells displacement <=      0.40(um)
  0 ~  20% cells displacement <=      0.61(um)
  0 ~  30% cells displacement <=      0.81(um)
  0 ~  40% cells displacement <=      1.02(um)
  0 ~  50% cells displacement <=      1.26(um)
  0 ~  60% cells displacement <=      1.55(um)
  0 ~  70% cells displacement <=      1.95(um)
  0 ~  80% cells displacement <=      2.63(um)
  0 ~  90% cells displacement <=      4.05(um)
  0 ~ 100% cells displacement <=    211.62(um)
----------------------------------------------------------------
DFT optimization is skipped due to optimize_scan_chain being false
Information: The stitching and editing of coupling caps is turned OFF for design 'pde_chip_top_safe.dlib:pde_chip_top_safe.design'. (TIM-125)
Information: Design pde_chip_top_safe has 115055 nets, 0 global routed, 489 detail routed. (NEX-024)
Information: The RC mode used is CTO for design 'pde_chip_top_safe'. (NEX-022)
Information: Design Average RC for design pde_chip_top_safe  (NEX-011)
Information: r = 1.171678 ohm/um, via_r = 1.495507 ohm/cut, c = 0.176090 ff/um, cc = 0.000000 ff/um (X dir) (NEX-017)
Information: r = 1.053302 ohm/um, via_r = 1.718437 ohm/cut, c = 0.189673 ff/um, cc = 0.000000 ff/um (Y dir) (NEX-017)
Information: Update timing completed net estimation for all the timing graph nets (TIM-111)
Information: Net estimation statistics: timing graph nets = 115053, routed nets = 489, across physical hierarchy nets = 0, parasitics cached nets = 115049, delay annotated nets = 0, parasitics annotated nets = 0, multi-voltage nets = 0. (TIM-112)
Done with post-clock timing-driven placement.
Clock-opt optimization Phase 12 Iter  2         0.00        0.00      0.06         6     420985.09    88096.80      112016              0.30      3057
Clock-opt optimization Phase 12 Iter  3         0.00        0.00      0.06         6     420985.09    88096.80      112016              0.30      3057
Information: Initializing classic cellmap without advanced rules enabled and without PDC enabled
Information: The following app options are used in cellmap
        place.legalize.enable_color_aware_placement : false
        place.legalize.use_nll_query_cm : false
        place.legalize.enable_advanced_legalizer : false
        place.legalize.enable_prerouted_net_check : true
        place.legalize.enable_advanced_prerouted_net_check : false
        place.legalize.always_continue : true
        place.legalize.limit_legality_checks : false
        place.common.pnet_aware_density : 1.0000
        place.common.pnet_aware_min_width : 0.0000
        place.common.pnet_aware_layers : {}
        place.common.use_placement_model : false
        place.common.enable_advanced_placement_model : true
        cts.placement.cell_spacing_rule_style : maximum
Total 0.1138 seconds to build cellmap data
INFO: creating 163(r) x 163(c) GridCells YDim 5.4 XDim 5.4
INFO: number of GridCells (pde_chip_top_safe): 26569
INFO: creating 163(r) x 163(c) GridCells YDim 5.4 XDim 5.4
INFO: number of GridCells (pde_chip_top_safe): 26569
Total 0.7717 seconds to load 112016 cell instances into cellmap, 87622 cells are off site row
Moveable cells: 111528; Application fixed cells: 488; Macro cells: 0; User fixed cells: 0
0 out of 114718 data nets is detail routed, 489 out of 489 clock nets are detail routed and total 115207 nets have been analyzed
Only clock route nets/shapes. Estimated current stage is after clock detail route stage
Average cell width 2.0879, cell height 1.8000, cell area 3.7583 for total 112016 placed and application fixed cells
Clock-opt optimization Phase 12 Iter  4         0.00        0.00      0.06         6     420985.09    88096.80      112016              0.30      3057
Number of Site types in the design = 1
INFO: total number of constant pins: 1
INFO: constant pins which are scan-pins: 0
INFO: constant pins that are not scan-pins: 1
INFO: Running TieOpt on MG
Added 0 tie-hi cells
Added 1 tie-low cells
Clock-opt optimization Phase 12 Iter  5         0.00        0.00      0.06         6     420985.09    88096.80      112016              0.30      3057
Running post-clock legalization after dtdp.
----------------------------------------------------------------
Running legalize_placement
Information: Initializing classic cellmap without advanced rules enabled and without PDC enabled
Information: The following app options are used in cellmap
        place.legalize.enable_color_aware_placement : false
        place.legalize.use_nll_query_cm : false
        place.legalize.enable_advanced_legalizer : false
        place.legalize.enable_prerouted_net_check : true
        place.legalize.enable_advanced_prerouted_net_check : false
        place.legalize.always_continue : true
        place.legalize.limit_legality_checks : false
        place.common.pnet_aware_density : 1.0000
        place.common.pnet_aware_min_width : 0.0000
        place.common.pnet_aware_layers : {}
        place.common.use_placement_model : false
        place.common.enable_advanced_placement_model : true
        cts.placement.cell_spacing_rule_style : maximum
Total 0.1193 seconds to build cellmap data
INFO: creating 98(r) x 98(c) GridCells YDim 9 XDim 9
INFO: number of GridCells (pde_chip_top_safe): 9604
INFO: creating 98(r) x 98(c) GridCells YDim 9 XDim 9
INFO: number of GridCells (pde_chip_top_safe): 9604
Total 0.7565 seconds to load 112016 cell instances into cellmap, 87621 cells are off site row
Moveable cells: 111528; Application fixed cells: 488; Macro cells: 0; User fixed cells: 0
0 out of 114719 data nets is detail routed, 489 out of 489 clock nets are detail routed and total 115208 nets have been analyzed
Only clock route nets/shapes. Estimated current stage is after clock detail route stage
Average cell width 2.0879, cell height 1.8000, cell area 3.7583 for total 112016 placed and application fixed cells
Start Legalization
nplDplc2Placer::setParam(effort,1)
nplDplc2Placer::setParam(debug,0)
nplDplc2Placer::setParam(site_check,2)
nplDplc2Placer::setParam(app_firm_wgt,0)
Warning: Routing direction of metal layer PO is neither "horizontal" nor "vertical".  PDC checks will not be performed on this layer. (PDC-003)
PDC app_options settings =========
	place.legalize.enable_prerouted_net_check: 1
	place.legalize.num_tracks_for_access_check: 1
	place.legalize.use_eol_spacing_for_access_check: 0
	place.legalize.allow_touch_track_for_access_check: 1
	place.legalize.reduce_conservatism_in_eol_check: 0
	place.legalize.preroute_shape_merge_distance: 0.0
	place.legalize.enable_non_preferred_direction_span_check: 0

Layer M1: cached 0 shapes out of 3160 total shapes.
Layer M2: cached 0 shapes out of 33466 total shapes.
Cached 0 vias out of 77072 total vias.

Legalizing Top Level Design pde_chip_top_safe ... 
Information: Initializing classic cellmap without advanced rules enabled and without PDC enabled
Information: The following app options are used in cellmap
        place.legalize.enable_color_aware_placement : false
        place.legalize.use_nll_query_cm : false
        place.legalize.enable_advanced_legalizer : false
        place.legalize.enable_prerouted_net_check : true
        place.legalize.enable_advanced_prerouted_net_check : false
        place.legalize.always_continue : true
        place.legalize.limit_legality_checks : false
        place.common.pnet_aware_density : 1.0000
        place.common.pnet_aware_min_width : 0.0000
        place.common.pnet_aware_layers : {}
        place.common.use_placement_model : false
        place.common.enable_advanced_placement_model : true
        cts.placement.cell_spacing_rule_style : maximum
Total 0.1253 seconds to build cellmap data
Information: Creating classic rule checker.
Warning: Routing direction of metal layer PO is neither "horizontal" nor "vertical".  PDC checks will not be performed on this layer. (PDC-003)
=====> Processed 171 ref cells (0 fillers) from library

Bounds/Regions In This Design:
        Area    Num Cells  Exclusive Name
 (square um)
      731025       112016        Yes DEFAULT_VA

Starting legalizer.
Warning: Exclusive bound 'DEFAULT' has no cells.
Optimizing Exclusive Bound 'DEFAULT_VA' (2/2)
    Done Exclusive Bound 'DEFAULT_VA' (2/2) (2 sec)
Legalization complete (4 total sec)

****************************************
  Report : Placement Attempts
  Site   : core
****************************************

number of cells:                 112016
number of references:               171
number of site rows:                475
number of locations attempted:  2614116
number of locations failed:           0  (0.0%)

Legality of references at locations:
0 references had failures.

Legality of references in rows:
0 references had row failures.

****************************************
  Report : Cell Displacements
****************************************

number of cells aggregated:      111528 (1163861 total sites)
avg row height over cells:        1.800 um
rms cell displacement:            0.407 um ( 0.23 row height)
rms weighted cell displacement:   0.407 um ( 0.23 row height)
max cell displacement:            2.548 um ( 1.42 row height)
avg cell displacement:            0.271 um ( 0.15 row height)
avg weighted cell displacement:   0.271 um ( 0.15 row height)
number of cells moved:            89071
number of large displacements:        0
large displacement threshold:     3.000 row height

Displacements of worst 10 cells:
Cell: u_impl/u_core/g_row_15__g_col_7__u_pe/u_sol/HFSINV_132_8330 (CKND0)
  Input location: (95.9449,667.747)
  Legal location: (96,665.2)
  Displacement:   2.548 um ( 1.42 row height)
Cell: u_impl/u_core/g_row_9__g_col_8__u_pe/u_sol/HFSINV_11_12952 (CKND0)
  Input location: (39.7436,437.719)
  Legal location: (39.8,440.2)
  Displacement:   2.481 um ( 1.38 row height)
Cell: u_impl/u_core/g_row_10__g_col_6__u_pe/u_sol/U81 (CKND0)
  Input location: (51.1145,457.535)
  Legal location: (51.2,460)
  Displacement:   2.467 um ( 1.37 row height)
Cell: u_impl/u_core/g_row_8__g_col_4__u_pe/u_sol/U91 (CKND0)
  Input location: (68.7214,258.975)
  Legal location: (68.8,256.6)
  Displacement:   2.376 um ( 1.32 row height)
Cell: u_impl/u_core/g_row_19__g_col_5__u_pe/u_sol/HFSINV_135_9682 (CKND0)
  Input location: (809.773,519.937)
  Legal location: (809.8,517.6)
  Displacement:   2.337 um ( 1.30 row height)
Cell: u_impl/u_core/g_row_10__g_col_5__u_pe/u_sol/HFSINV_10_6567 (CKND0)
  Input location: (81.9787,407.297)
  Legal location: (82,409.6)
  Displacement:   2.303 um ( 1.28 row height)
Cell: u_impl/u_core/g_row_19__g_col_4__u_pe/u_sol/HFSINV_7_9651 (CKND0)
  Input location: (842.855,560.107)
  Legal location: (845,560.8)
  Displacement:   2.254 um ( 1.25 row height)
Cell: u_impl/u_core/g_row_10__g_col_5__u_pe/u_sol/HFSINV_11_6593 (CKND0)
  Input location: (82.2242,412.624)
  Legal location: (84.4,413.2)
  Displacement:   2.251 um ( 1.25 row height)
Cell: u_impl/u_core/g_row_19__g_col_9__u_pe/u_sol/U15 (CKND0)
  Input location: (837.422,446.565)
  Legal location: (835.4,445.6)
  Displacement:   2.241 um ( 1.24 row height)
Cell: u_impl/u_core/g_row_18__g_col_2__u_pe/u_sol/U55 (CKND0)
  Input location: (793.822,698.532)
  Legal location: (795.8,699.4)
  Displacement:   2.160 um ( 1.20 row height)

Information: Extraction observers are detached as design net change threshold is reached.
Completed Legalization, Elapsed time =   0: 0: 5 
Moved 89071 out of 112016 cells, ratio = 0.795163
Total displacement = 46595.210938(um)
Max displacement = 2.987800(um), u_impl/u_core/g_row_19__g_col_9__u_pe/u_sol/U15 (837.422302, 448.365509, 4) => (835.400024, 447.399994, 4)
Displacement histogram:
  0 ~  10% cells displacement <=      0.14(um)
  0 ~  20% cells displacement <=      0.22(um)
  0 ~  30% cells displacement <=      0.31(um)
  0 ~  40% cells displacement <=      0.40(um)
  0 ~  50% cells displacement <=      0.50(um)
  0 ~  60% cells displacement <=      0.60(um)
  0 ~  70% cells displacement <=      0.70(um)
  0 ~  80% cells displacement <=      0.81(um)
  0 ~  90% cells displacement <=      0.92(um)
  0 ~ 100% cells displacement <=      2.99(um)
Information: The net parasitics of block pde_chip_top_safe are cleared. (TIM-123)
Legalization succeeded.
----------------------------------------------------------------
Information: The stitching and editing of coupling caps is turned OFF for design 'pde_chip_top_safe.dlib:pde_chip_top_safe.design'. (TIM-125)
Information: Design pde_chip_top_safe has 115055 nets, 0 global routed, 489 detail routed. (NEX-024)
Information: The RC mode used is CTO for design 'pde_chip_top_safe'. (NEX-022)
Information: Design Average RC for design pde_chip_top_safe  (NEX-011)
Information: r = 1.171678 ohm/um, via_r = 1.495507 ohm/cut, c = 0.176090 ff/um, cc = 0.000000 ff/um (X dir) (NEX-017)
Information: r = 1.053302 ohm/um, via_r = 1.718437 ohm/cut, c = 0.189673 ff/um, cc = 0.000000 ff/um (Y dir) (NEX-017)
Information: Update timing completed net estimation for all the timing graph nets (TIM-111)
Information: Net estimation statistics: timing graph nets = 115053, routed nets = 489, across physical hierarchy nets = 0, parasitics cached nets = 115049, delay annotated nets = 0, parasitics annotated nets = 0, multi-voltage nets = 0. (TIM-112)

Information: Initializing classic cellmap without advanced rules enabled and without PDC enabled
Information: The following app options are used in cellmap
        place.legalize.enable_color_aware_placement : false
        place.legalize.use_nll_query_cm : false
        place.legalize.enable_advanced_legalizer : false
        place.legalize.enable_prerouted_net_check : true
        place.legalize.enable_advanced_prerouted_net_check : false
        place.legalize.always_continue : true
        place.legalize.limit_legality_checks : false
        place.common.pnet_aware_density : 1.0000
        place.common.pnet_aware_min_width : 0.0000
        place.common.pnet_aware_layers : {}
        place.common.use_placement_model : false
        place.common.enable_advanced_placement_model : true
        cts.placement.cell_spacing_rule_style : maximum
Total 0.1239 seconds to build cellmap data
INFO: creating 163(r) x 163(c) GridCells YDim 5.4 XDim 5.4
INFO: number of GridCells (pde_chip_top_safe): 26569
INFO: creating 163(r) x 163(c) GridCells YDim 5.4 XDim 5.4
INFO: number of GridCells (pde_chip_top_safe): 26569
Total 0.7844 seconds to load 112016 cell instances into cellmap
Moveable cells: 111528; Application fixed cells: 488; Macro cells: 0; User fixed cells: 0
0 out of 114719 data nets is detail routed, 489 out of 489 clock nets are detail routed and total 115208 nets have been analyzed
Only clock route nets/shapes. Estimated current stage is after clock detail route stage
Average cell width 2.0879, cell height 1.8000, cell area 3.7583 for total 112016 placed and application fixed cells
Clock-opt optimization Phase 13 Iter  1         0.00        0.00      0.06       459     420985.09    88100.71      112016              0.30      3057

Number of Site types in the design = 1
Setting up Chip Core
Chip Core shape: (100000 100000) (8650000 8650000)
Number of VARs = 1
Number of unique PDs = 1
Number of Power Domains = 1
Number of Voltage Areas = 1
Number of supply Nets = 2
Number of used supplies = 0
Blocked VAs: 
INFO: Running FTB cleanup in end of npo flow.
Enable dominated scenarios


INFO: place.legalize.enable_advanced_legalizer not set - need to revert CLO
INFO: First Clock-opt did not mark run with CLO enabled/disabled property
INFO: Concurrent Legalization and Optimization (CLO) Reverted
WARNING: Net rst_n is a high-fanout net with 16227 sinks; skipping this net during optimization. 
INFO: Propagating Switching Activities
Information: Activity propagation will be performed for scenario FUNC_WC.
Information: Doing activity propagation for mode 'FUNC' and corner 'WC' with effort level 'medium'. (POW-024)
Information: Timer-derived activity data is cached on scenario FUNC_WC (POW-052)
Information: Running switching activity propagation with 8 threads!

 **** Information : No. of simulation cycles = 6 ****
INFO: Switching Activity propagation took     0.00006 sec
INFO: Propagating Switching Activity for all power flows 
Information: The netlist change observers are disabled for incremental extraction. (TIM-126)
INFO: place.legalize.enable_advanced_legalizer not set - need to revert CLO
INFO: First Clock-opt did not mark run with CLO enabled/disabled property
Clock-opt optimization summary            SETUP-COST    R2R-COST HOLD-COST LDRC-COST          AREA     LEAKAGE     INSTCNT            ELAPSE       MEM
WARNING: Net rst_n is a high-fanout net with 16227 sinks; skipping this net during optimization. 
runtime_assert false
enhanced site row merge :  1
Key: core, value: 0x10b78a960
Number of Site types in the design = 1
Setting up Chip Core
Chip Core shape: (100000 100000) (8650000 8650000)
Preroute opto area query mode: NDM
Using CLEO = true
APS-MCMM: Setup/DRC-only scenario grouping = [0 1]
Summary: is MV Ready (has MV info... UPF or derived)
Summary: design is not hierarchical
Voltage Area: id=0, index=0, name=DEFAULT_VA, is default, domain=DEFAULT_POWER_DOMAIN, scopeHier=, psn=VDD;
Number of VARs = 1
Number of unique PDs = 1
Number of Power Domains = 1
Number of Voltage Areas = 1
Number of supply Nets = 2
Number of used supplies = 0
Setup Voltages:
  Supply Net = VDD, voltages =  1.3200 1.0800
  Supply Net = VSS, voltages = 
Hold Voltages:
  Supply Net = VDD, voltages =  1.3200
  Supply Net = VSS, voltages = 
Unique Voltages in Design:  1.0800 1.3200
Default Voltage Area = DEFAULT_VA
Blocked VAs: 
INFO: place.legalize.enable_advanced_legalizer not set - need to revert CLO
INFO: First Clock-opt did not mark run with CLO enabled/disabled property

Clock-opt optimization Phase 17 Iter  1         0.00        0.00      0.06       459     420985.09    88100.71      112016              0.30      3057
Information: The netlist change observers are enabled for incremental extraction. (TIM-127)
INFO: Running refresh_performance_via_ladder_constraints
INFO: Running refresh_via_ladders
Warning: Please run the command "check_routability" before running Zroute commands. (ZRT-762)
Information: The net parasitics of block pde_chip_top_safe are cleared. (TIM-123)
No cell change area manager for zroute
Start Global Route ... 
[Init] Elapsed real time: 0:00:00 
[Init] Elapsed cpu  time: sys=0:00:00 usr=0:00:00 total=0:00:00
[Init] Stage (MB): Used    0  Alloctr    0  Proc    0 
[Init] Total (MB): Used    7  Alloctr    8  Proc 6482 
Printing options for 'route.common.*'
common.verbose_level                                    :	 0                   

Printing options for 'route.global.*'
global.crosstalk_driven                                 :	 false               
global.force_rerun_after_global_route_opt               :	 true                
global.timing_driven                                    :	 false               

Begin global routing.
Cell Min-Routing-Layer = M1
Cell Max-Routing-Layer = M6
Turn off antenna since no rule is specified
Information: Option route.detail.force_end_on_preferred_grid will be ignored since none of the layers have preferred grid. (ZRT-703)
Info: number of net_type_blockage: 0 
Information: Via ladder engine would be activated for pattern must join connection in certain commands. Please refer to man-page for the command list. (ZRT-619)
Via on layer (VIA1) needs more than one tracks
Warning: Layer M1 default pitch 0.200 may be too small to handle up/down via. Note, that minimum requirements are "wire/via-down 0.180" & "wire/via-up 0.225". (ZRT-026)
Via on layer (VIA5) needs more than one tracks
Warning: Layer M5 default pitch 0.200 may be too small to handle up/down via. Note, that minimum requirements are "wire/via-down 0.200" & "wire/via-up 0.350". (ZRT-026)
Via on layer (RV) needs more than one tracks
Warning: Layer M6 default pitch 0.800 may be too small to handle up/down via. Note, that minimum requirements are "wire/via-down 0.800" & "wire/via-up 3.600". (ZRT-026)
Information: When applicable Min-max layer allow_pin_connection mode will allow paths of length 3.00 outside the layer range. (ZRT-707)
Information: When applicable Min-max layer allow_pin_connection mode will allow paths of length 3.00 outside the layer range on clock nets. (ZRT-718)
Information: When applicable layer based tapering will taper up to 0.00 in distance from the pin. (ZRT-706)
Current Stage stats:
[End of Read DB] Elapsed real time: 0:00:01 
[End of Read DB] Elapsed cpu  time: sys=0:00:00 usr=0:00:04 total=0:00:04
[End of Read DB] Stage (MB): Used  158  Alloctr  161  Proc  -32 
[End of Read DB] Total (MB): Used  166  Alloctr  169  Proc 6450 
Loading parastics information to the router ...
parastics information loaded to the router.
[End of Loading Timing] Elapsed real time: 0:00:00 
[End of Loading Timing] Elapsed cpu  time: sys=0:00:00 usr=0:00:00 total=0:00:00
Constructing data structure ...
Design statistics:
Design Bounding Box (0.00um,0.00um,875.00um,875.00um)
Number of routing layers = 7
layer M1, dir Hor, min width = 0.09um, min space = 0.09um pitch = 0.2um
layer M2, dir Ver, min width = 0.1um, min space = 0.1um pitch = 0.2um
layer M3, dir Hor, min width = 0.1um, min space = 0.1um pitch = 0.2um
layer M4, dir Ver, min width = 0.1um, min space = 0.1um pitch = 0.2um
layer M5, dir Hor, min width = 0.1um, min space = 0.1um pitch = 0.2um
layer M6, dir Ver, min width = 0.4um, min space = 0.4um pitch = 0.8um
layer AP, dir Hor, min width = 3um, min space = 2um pitch = 6.5um
Current Stage stats:
[End of Build Tech Data] Elapsed real time: 0:00:00 
[End of Build Tech Data] Elapsed cpu  time: sys=0:00:00 usr=0:00:00 total=0:00:00
[End of Build Tech Data] Stage (MB): Used    4  Alloctr    4  Proc    0 
[End of Build Tech Data] Total (MB): Used  171  Alloctr  174  Proc 6450 
Net statistics:
Total number of nets     = 115055
Number of nets to route  = 114935
371 nets are partially connected,
 of which 371 are detail routed and 0 are global routed.
120 nets are fully connected,
 of which 120 are detail routed and 0 are global routed.
Net length statistics: 
Net Count(Ignore Fully Rted) 114935, Total Half Perimeter Wire Length (HPWL) 4369926 microns
HPWL   0 ~   50 microns: Net Count    95840	Total HPWL      1104644 microns
HPWL  50 ~  100 microns: Net Count     7518	Total HPWL       550983 microns
HPWL 100 ~  200 microns: Net Count     6328	Total HPWL       894759 microns
HPWL 200 ~  300 microns: Net Count     2586	Total HPWL       630260 microns
HPWL 300 ~  400 microns: Net Count     1173	Total HPWL       398477 microns
HPWL 400 ~  500 microns: Net Count      704	Total HPWL       319588 microns
HPWL 500 ~  600 microns: Net Count      487	Total HPWL       265279 microns
HPWL 600 ~  700 microns: Net Count      211	Total HPWL       135322 microns
HPWL 700 ~  800 microns: Net Count       59	Total HPWL        43691 microns
HPWL 800 ~  900 microns: Net Count       19	Total HPWL        16299 microns
HPWL 900 ~ 1000 microns: Net Count        6	Total HPWL         5700 microns
HPWL     > 1000 microns: Net Count        4	Total HPWL         4924 microns
Current Stage stats:
[End of Build All Nets] Elapsed real time: 0:00:00 
[End of Build All Nets] Elapsed cpu  time: sys=0:00:00 usr=0:00:00 total=0:00:00
[End of Build All Nets] Stage (MB): Used   81  Alloctr   81  Proc    0 
[End of Build All Nets] Total (MB): Used  252  Alloctr  255  Proc 6450 
Number of partitions: 1 (1 x 1)
Size of partitions: 487 gCells x 487 gCells
Average gCell capacity  2.13	 on layer (1)	 M1
Average gCell capacity  8.95	 on layer (2)	 M2
Average gCell capacity  8.97	 on layer (3)	 M3
Average gCell capacity  8.95	 on layer (4)	 M4
Average gCell capacity  8.86	 on layer (5)	 M5
Average gCell capacity  2.22	 on layer (6)	 M6
Average gCell capacity  0.28	 on layer (7)	 AP
Average number of tracks per gCell 8.99	 on layer (1)	 M1
Average number of tracks per gCell 8.99	 on layer (2)	 M2
Average number of tracks per gCell 8.99	 on layer (3)	 M3
Average number of tracks per gCell 8.99	 on layer (4)	 M4
Average number of tracks per gCell 8.99	 on layer (5)	 M5
Average number of tracks per gCell 2.25	 on layer (6)	 M6
Average number of tracks per gCell 0.28	 on layer (7)	 AP
Number of gCells = 1660183
Current Stage stats:
[End of Build Congestion Map] Elapsed real time: 0:00:01 
[End of Build Congestion Map] Elapsed cpu  time: sys=0:00:00 usr=0:00:01 total=0:00:01
[End of Build Congestion Map] Stage (MB): Used   30  Alloctr   30  Proc    0 
[End of Build Congestion Map] Total (MB): Used  282  Alloctr  286  Proc 6450 
Number of partitions: 1 (1 x 1)
Size of partitions: 487 gCells x 487 gCells
Current Stage stats:
[End of Add Nets Demand] Elapsed real time: 0:00:00 
[End of Add Nets Demand] Elapsed cpu  time: sys=0:00:00 usr=0:00:00 total=0:00:00
[End of Add Nets Demand] Stage (MB): Used    4  Alloctr    4  Proc    0 
[End of Add Nets Demand] Total (MB): Used  286  Alloctr  290  Proc 6450 
Number of user frozen nets = 0
Information: RC layer preference is turned off for this design. (ZRT-613)
Total stats:
[End of Build Data] Elapsed real time: 0:00:01 
[End of Build Data] Elapsed cpu  time: sys=0:00:00 usr=0:00:02 total=0:00:02
[End of Build Data] Stage (MB): Used  120  Alloctr  121  Proc    0 
[End of Build Data] Total (MB): Used  286  Alloctr  290  Proc 6450 
Number of partitions: 1 (1 x 1)
Size of partitions: 487 gCells x 487 gCells
Current Stage stats:
[End of Blocked Pin Detection] Elapsed real time: 0:00:05 
[End of Blocked Pin Detection] Elapsed cpu  time: sys=0:00:00 usr=0:00:05 total=0:00:05
[End of Blocked Pin Detection] Stage (MB): Used  176  Alloctr  176  Proc    0 
[End of Blocked Pin Detection] Total (MB): Used  462  Alloctr  466  Proc 6450 
Information: Using 8 threads for routing. (ZRT-444)
Information: Multiple gcell levels ON
Information: Buffer distance is estimated to be ~1417.0000um (787 gCells)

Start GR phase 0
Number of partitions: 1 (1 x 1)
Size of partitions: 487 gCells x 487 gCells
10% of nets complete Elapsed cpu time: 0:00:03 Elapsed real time: 0:00:03
20% of nets complete Elapsed cpu time: 0:00:03 Elapsed real time: 0:00:03
30% of nets complete Elapsed cpu time: 0:00:04 Elapsed real time: 0:00:04
40% of nets complete Elapsed cpu time: 0:00:04 Elapsed real time: 0:00:04
50% of nets complete Elapsed cpu time: 0:00:04 Elapsed real time: 0:00:04
60% of nets complete Elapsed cpu time: 0:00:04 Elapsed real time: 0:00:04
70% of nets complete Elapsed cpu time: 0:00:05 Elapsed real time: 0:00:05
80% of nets complete Elapsed cpu time: 0:00:06 Elapsed real time: 0:00:06
90% of nets complete Elapsed cpu time: 0:00:08 Elapsed real time: 0:00:08
[rtAllBotParts] Elapsed real time: 0:00:18 
[rtAllBotParts] Elapsed cpu  time: sys=0:00:00 usr=0:00:18 total=0:00:18
[rtTop] Elapsed real time: 0:00:00 
[rtTop] Elapsed cpu  time: sys=0:00:00 usr=0:00:00 total=0:00:00
Current Stage stats:
[End of Initial Routing] Elapsed real time: 0:00:18 
[End of Initial Routing] Elapsed cpu  time: sys=0:00:00 usr=0:00:18 total=0:00:18
[End of Initial Routing] Stage (MB): Used   81  Alloctr   83  Proc    0 
[End of Initial Routing] Total (MB): Used  544  Alloctr  550  Proc 6450 
Initial. Routing result:
Initial. Both Dirs: Dmd-Cap  =   216 Max = 4 GRCs =   409 (0.09%)
Initial. H routing: Dmd-Cap  =    62 Max = 4 (GRCs =  1) GRCs =   186 (0.08%)
Initial. V routing: Dmd-Cap  =   154 Max = 3 (GRCs = 10) GRCs =   223 (0.09%)
Initial. Both Dirs: Overflow =  4851 Max = 7 GRCs =  9066 (1.91%)
Initial. H routing: Overflow =  1851 Max = 3 (GRCs =  7) GRCs =  4148 (1.75%)
Initial. V routing: Overflow =  3000 Max = 7 (GRCs =  1) GRCs =  4918 (2.07%)
Initial. M1         Overflow =  1039 Max = 2 (GRCs =  3) GRCs =  1341 (0.57%)
Initial. M2         Overflow =  2798 Max = 7 (GRCs =  1) GRCs =  4470 (1.88%)
Initial. M3         Overflow =   547 Max = 3 (GRCs =  5) GRCs =  2580 (1.09%)
Initial. M4         Overflow =   201 Max = 3 (GRCs =  1) GRCs =   448 (0.19%)
Initial. M5         Overflow =   265 Max = 3 (GRCs =  2) GRCs =   227 (0.10%)
Initial. M6         Overflow =     0 Max = 0 (GRCs =  0) GRCs =     0 (0.00%)
Initial. AP         Overflow =     0 Max = 0 (GRCs =  0) GRCs =     0 (0.00%)

Initial. Total Wire Length = 4513780.80
Initial. Layer M1 wire length = 26397.21
Initial. Layer M2 wire length = 1076471.28
Initial. Layer M3 wire length = 1412283.08
Initial. Layer M4 wire length = 999953.66
Initial. Layer M5 wire length = 877422.52
Initial. Layer M6 wire length = 121253.05
Initial. Layer AP wire length = 0.00
Initial. Total Number of Contacts = 847701
Initial. Via VIA12_HV count = 421471
Initial. Via VIA23 count = 361840
Initial. Via VIA34 count = 42365
Initial. Via VIA45 count = 20144
Initial. Via VIA56 count = 1881
Initial. Via VIA67 count = 0
Initial. completed.

Start GR phase 1
Tue Aug  4 16:31:23 2026
Number of partitions: 4 (2 x 2)
Size of partitions: 256 gCells x 256 gCells
10% of nets complete Elapsed cpu time: 0:00:05 Elapsed real time: 0:00:04
20% of nets complete Elapsed cpu time: 0:00:06 Elapsed real time: 0:00:04
30% of nets complete Elapsed cpu time: 0:00:06 Elapsed real time: 0:00:04
40% of nets complete Elapsed cpu time: 0:00:09 Elapsed real time: 0:00:05
50% of nets complete Elapsed cpu time: 0:00:09 Elapsed real time: 0:00:06
60% of nets complete Elapsed cpu time: 0:00:10 Elapsed real time: 0:00:06
70% of nets complete Elapsed cpu time: 0:00:10 Elapsed real time: 0:00:06
80% of nets complete Elapsed cpu time: 0:00:10 Elapsed real time: 0:00:06
90% of nets complete Elapsed cpu time: 0:00:10 Elapsed real time: 0:00:06
[rtAllParts] Elapsed real time: 0:00:06 
[rtAllParts] Elapsed cpu  time: sys=0:00:00 usr=0:00:10 total=0:00:10
Current Stage stats:
[End of Phase1 Routing] Elapsed real time: 0:00:06 
[End of Phase1 Routing] Elapsed cpu  time: sys=0:00:00 usr=0:00:10 total=0:00:10
[End of Phase1 Routing] Stage (MB): Used    2  Alloctr    5  Proc    0 
[End of Phase1 Routing] Total (MB): Used  547  Alloctr  555  Proc 6450 
phase1. Routing result:
phase1. Both Dirs: Dmd-Cap  =     9 Max = 2 GRCs =    20 (0.00%)
phase1. H routing: Dmd-Cap  =     0 Max = 1 (GRCs =  2) GRCs =     2 (0.00%)
phase1. V routing: Dmd-Cap  =     9 Max = 2 (GRCs =  2) GRCs =    18 (0.01%)
phase1. Both Dirs: Overflow =  2095 Max = 7 GRCs =  2514 (0.53%)
phase1. H routing: Overflow =   657 Max = 2 (GRCs =  2) GRCs =   990 (0.42%)
phase1. V routing: Overflow =  1438 Max = 7 (GRCs =  1) GRCs =  1524 (0.64%)
phase1. M1         Overflow =   656 Max = 2 (GRCs =  2) GRCs =   972 (0.41%)
phase1. M2         Overflow =  1437 Max = 7 (GRCs =  1) GRCs =  1519 (0.64%)
phase1. M3         Overflow =     1 Max = 1 (GRCs = 18) GRCs =    18 (0.01%)
phase1. M4         Overflow =     0 Max = 1 (GRCs =  5) GRCs =     5 (0.00%)
phase1. M5         Overflow =     0 Max = 0 (GRCs =  0) GRCs =     0 (0.00%)
phase1. M6         Overflow =     0 Max = 0 (GRCs =  0) GRCs =     0 (0.00%)
phase1. AP         Overflow =     0 Max = 0 (GRCs =  0) GRCs =     0 (0.00%)

phase1. Total Wire Length = 4521208.82
phase1. Layer M1 wire length = 28876.75
phase1. Layer M2 wire length = 1039650.88
phase1. Layer M3 wire length = 1367091.22
phase1. Layer M4 wire length = 1040685.75
phase1. Layer M5 wire length = 923935.30
phase1. Layer M6 wire length = 120968.93
phase1. Layer AP wire length = 0.00
phase1. Total Number of Contacts = 859787
phase1. Via VIA12_HV count = 422717
phase1. Via VIA23 count = 363973
phase1. Via VIA34 count = 48567
phase1. Via VIA45 count = 22595
phase1. Via VIA56 count = 1935
phase1. Via VIA67 count = 0
phase1. completed.

Start GR phase 2
Tue Aug  4 16:31:30 2026
Number of partitions: 4 (2 x 2)
Size of partitions: 256 gCells x 256 gCells
10% of nets complete Elapsed cpu time: 0:00:03 Elapsed real time: 0:00:01
20% of nets complete Elapsed cpu time: 0:00:03 Elapsed real time: 0:00:01
30% of nets complete Elapsed cpu time: 0:00:03 Elapsed real time: 0:00:01
40% of nets complete Elapsed cpu time: 0:00:04 Elapsed real time: 0:00:02
50% of nets complete Elapsed cpu time: 0:00:04 Elapsed real time: 0:00:02
60% of nets complete Elapsed cpu time: 0:00:04 Elapsed real time: 0:00:02
70% of nets complete Elapsed cpu time: 0:00:04 Elapsed real time: 0:00:02
80% of nets complete Elapsed cpu time: 0:00:04 Elapsed real time: 0:00:02
90% of nets complete Elapsed cpu time: 0:00:04 Elapsed real time: 0:00:02
[rtAllParts] Elapsed real time: 0:00:02 
[rtAllParts] Elapsed cpu  time: sys=0:00:00 usr=0:00:04 total=0:00:04
Number of partitions: 4 (2 x 2)
Size of partitions: 256 gCells x 256 gCells
[updNetsDmd] Elapsed real time: 0:00:00 
[updNetsDmd] Elapsed cpu  time: sys=0:00:00 usr=0:00:01 total=0:00:01
Current Stage stats:
[End of Phase2 Routing] Elapsed real time: 0:00:03 
[End of Phase2 Routing] Elapsed cpu  time: sys=0:00:00 usr=0:00:05 total=0:00:05
[End of Phase2 Routing] Stage (MB): Used    0  Alloctr    2  Proc    0 
[End of Phase2 Routing] Total (MB): Used  547  Alloctr  558  Proc 6450 
phase2. Routing result:
phase2. Both Dirs: Dmd-Cap  =     0 Max = 0 GRCs =     0 (0.00%)
phase2. H routing: Dmd-Cap  =     0 Max = 0 (GRCs =   0) GRCs =     0 (0.00%)
phase2. V routing: Dmd-Cap  =     0 Max = 0 (GRCs =   0) GRCs =     0 (0.00%)
phase2. Both Dirs: Overflow =   525 Max = 5 GRCs =   795 (0.17%)
phase2. H routing: Overflow =   519 Max = 1 (GRCs = 792) GRCs =   792 (0.33%)
phase2. V routing: Overflow =     6 Max = 5 (GRCs =   1) GRCs =     3 (0.00%)
phase2. M1         Overflow =   516 Max = 1 (GRCs = 789) GRCs =   789 (0.33%)
phase2. M2         Overflow =     6 Max = 5 (GRCs =   1) GRCs =     3 (0.00%)
phase2. M3         Overflow =     0 Max = 0 (GRCs =   0) GRCs =     0 (0.00%)
phase2. M4         Overflow =     0 Max = 0 (GRCs =   0) GRCs =     0 (0.00%)
phase2. M5         Overflow =     3 Max = 1 (GRCs =   3) GRCs =     3 (0.00%)
phase2. M6         Overflow =     0 Max = 0 (GRCs =   0) GRCs =     0 (0.00%)
phase2. AP         Overflow =     0 Max = 0 (GRCs =   0) GRCs =     0 (0.00%)

phase2. Total Wire Length = 4522268.68
phase2. Layer M1 wire length = 29137.56
phase2. Layer M2 wire length = 1037823.34
phase2. Layer M3 wire length = 1367340.02
phase2. Layer M4 wire length = 1042068.28
phase2. Layer M5 wire length = 924161.62
phase2. Layer M6 wire length = 121737.86
phase2. Layer AP wire length = 0.00
phase2. Total Number of Contacts = 861085
phase2. Via VIA12_HV count = 422920
phase2. Via VIA23 count = 364423
phase2. Via VIA34 count = 49117
phase2. Via VIA45 count = 22674
phase2. Via VIA56 count = 1951
phase2. Via VIA67 count = 0
phase2. completed.

Start GR phase 3
Tue Aug  4 16:31:33 2026
Number of partitions: 4 (2 x 2)
Size of partitions: 256 gCells x 256 gCells
[rtAllParts] Elapsed real time: 0:00:01 
[rtAllParts] Elapsed cpu  time: sys=0:00:00 usr=0:00:02 total=0:00:02
Number of partitions: 4 (2 x 2)
Size of partitions: 256 gCells x 256 gCells
[updNetsDmd] Elapsed real time: 0:00:00 
[updNetsDmd] Elapsed cpu  time: sys=0:00:00 usr=0:00:01 total=0:00:01
Current Stage stats:
[End of Phase3 Routing] Elapsed real time: 0:00:01 
[End of Phase3 Routing] Elapsed cpu  time: sys=0:00:00 usr=0:00:03 total=0:00:03
[End of Phase3 Routing] Stage (MB): Used    0  Alloctr    0  Proc    0 
[End of Phase3 Routing] Total (MB): Used  547  Alloctr  559  Proc 6450 
phase3. Routing result:
phase3. Both Dirs: Dmd-Cap  =     0 Max = 0 GRCs =     0 (0.00%)
phase3. H routing: Dmd-Cap  =     0 Max = 0 (GRCs =   0) GRCs =     0 (0.00%)
phase3. V routing: Dmd-Cap  =     0 Max = 0 (GRCs =   0) GRCs =     0 (0.00%)
phase3. Both Dirs: Overflow =   492 Max = 5 GRCs =   761 (0.16%)
phase3. H routing: Overflow =   486 Max = 1 (GRCs = 759) GRCs =   759 (0.32%)
phase3. V routing: Overflow =     6 Max = 5 (GRCs =   1) GRCs =     2 (0.00%)
phase3. M1         Overflow =   485 Max = 1 (GRCs = 758) GRCs =   758 (0.32%)
phase3. M2         Overflow =     6 Max = 5 (GRCs =   1) GRCs =     2 (0.00%)
phase3. M3         Overflow =     0 Max = 0 (GRCs =   0) GRCs =     0 (0.00%)
phase3. M4         Overflow =     0 Max = 0 (GRCs =   0) GRCs =     0 (0.00%)
phase3. M5         Overflow =     1 Max = 1 (GRCs =   1) GRCs =     1 (0.00%)
phase3. M6         Overflow =     0 Max = 0 (GRCs =   0) GRCs =     0 (0.00%)
phase3. AP         Overflow =     0 Max = 0 (GRCs =   0) GRCs =     0 (0.00%)

phase3. Total Wire Length = 4522255.13
phase3. Layer M1 wire length = 29101.82
phase3. Layer M2 wire length = 1037920.60
phase3. Layer M3 wire length = 1367560.34
phase3. Layer M4 wire length = 1041976.45
phase3. Layer M5 wire length = 923958.07
phase3. Layer M6 wire length = 121737.86
phase3. Layer AP wire length = 0.00
phase3. Total Number of Contacts = 861079
phase3. Via VIA12_HV count = 422905
phase3. Via VIA23 count = 364446
phase3. Via VIA34 count = 49108
phase3. Via VIA45 count = 22669
phase3. Via VIA56 count = 1951
phase3. Via VIA67 count = 0
phase3. completed.
[End of Whole Chip Routing] Elapsed real time: 0:00:36 
[End of Whole Chip Routing] Elapsed cpu  time: sys=0:00:00 usr=0:00:45 total=0:00:46
[End of Whole Chip Routing] Stage (MB): Used  381  Alloctr  389  Proc    0 
[End of Whole Chip Routing] Total (MB): Used  547  Alloctr  559  Proc 6450 

Information: Global Routing didn't terminate early. (ZRT-103)

Congestion utilization per direction:
Average vertical track utilization   = 34.67 %
Peak    vertical track utilization   = 100.00 %
Average horizontal track utilization = 32.04 %
Peak    horizontal track utilization = 100.00 %

[End of Global Routing] Elapsed real time: 0:00:36 
[End of Global Routing] Elapsed cpu  time: sys=0:00:00 usr=0:00:45 total=0:00:46
[End of Global Routing] Stage (MB): Used  352  Alloctr  360  Proc    0 
[End of Global Routing] Total (MB): Used  518  Alloctr  529  Proc 6450 
Updating the database ...
Updating congestion ...
Information: Extraction observers are detached as design net change threshold is reached.
[End of dbOut] Elapsed real time: 0:00:02 
[End of dbOut] Elapsed cpu  time: sys=0:00:00 usr=0:00:02 total=0:00:02
[End of dbOut] Stage (MB): Used -244  Alloctr -255  Proc    0 
[End of dbOut] Total (MB): Used   36  Alloctr   37  Proc 6450 
Information: The stitching and editing of coupling caps is turned OFF for design 'pde_chip_top_safe.dlib:pde_chip_top_safe.design'. (TIM-125)
Information: Design pde_chip_top_safe has 115055 nets, 114855 global routed, 198 detail routed. (NEX-024)
Information: build GR coup map successfully (NEX-012)
Information: The RC mode used is GR for design 'pde_chip_top_safe'. (NEX-022)
Warning: Net 'rst_n' is exceeding threshold (over 1000 pins) and will be skipped. (NEX-020)
Information: Update timing completed net estimation for all the timing graph nets (TIM-111)
Information: Net estimation statistics: timing graph nets = 115053, routed nets = 115049, across physical hierarchy nets = 0, parasitics cached nets = 115049, delay annotated nets = 0, parasitics annotated nets = 0, multi-voltage nets = 0. (TIM-112)
Information: The netlist change observers are disabled for incremental extraction. (TIM-126)

Clock-opt route-global QoR
__________________________
Scenario Mapping Table
1: FUNC_BC
2: FUNC_WC

Pathgroup Mapping Table
1: **default**
2: **async_default**
3: **clock_gating_default**
4: **in2reg_default**
5: **reg2out_default**
6: **in2out_default**
7: **internal_default**
8: core_clk

-------------------------------------------------------------------------------------------------------------------------------------------------------------
PATHGROUP QOR 
-------------------------------------------------------------------------------------------------------------------------------------------------------------
Scene  PG      WNS        TNS    NSV      WHV        THV    NHV
    1   1        -          -      -   0.0000     0.0000      0
    1   2        -          -      -   0.0000     0.0000      0
    1   3        -          -      -   0.0000     0.0000      0
    1   4        -          -      -   0.0000     0.0000      0
    1   5        -          -      -   0.0000     0.0000      0
    1   6        -          -      -   0.0000     0.0000      0
    1   7        -          -      -   0.0000     0.0000      0
    1   8        -          -      -   0.0000     0.0000      0
    2   1   0.0000     0.0000      0        -          -      -
    2   2   0.0000     0.0000      0        -          -      -
    2   3   0.0000     0.0000      0        -          -      -
    2   4   0.0000     0.0000      0        -          -      -
    2   5   0.0000     0.0000      0        -          -      -
    2   6   0.0000     0.0000      0        -          -      -
    2   7   0.0000     0.0000      0        -          -      -
    2   8   0.0000     0.0000      0        -          -      -
----------------------------------------------------------------------------------------------------------------------------------------------------------------------
SCENARIO QOR 
----------------------------------------------------------------------------------------------------------------------------------------------------------------------
Scene  PG      WNS        TNS   R2RTNS    NSV      WHV        THV    NHV  MaxTrnV   MaxTranC  MaxCapV    Leakage
    1   *        -          -        -      -   0.0000     0.0000      0       31     1.6498       33          -
    2   *   0.0000     0.0000   0.0000      0        -          -      -      514    20.7843       24  88100.711
----------------------------------------------------------------------------------------------------------------------------------------------------------------------
DESIGN QOR 
----------------------------------------------------------------------------------------------------------------------------------------------------------------------
Scene  PG      WNS        TNS   R2RTNS    NSV      WHV        THV    NHV  MaxTrnV   MaxTranC  MaxCapV    Leakage         Area    InstCnt     BufCnt     InvCnt
    *   *   0.0000     0.0000   0.0000      0   0.0000     0.0000      0      514    20.7843       33  88100.711    420985.09     112016      10562      12061
----------------------------------------------------------------------------------------------------------------------------------------------------------------------

Clock-opt route-global QoR Summary      WNS        TNS   R2RTNS    NSV      WHV        THV    NHV  MaxTrnV  MaxCapV    Leakage         Area    InstCnt
Clock-opt route-global QoR Summary   0.0000     0.0000   0.0000      0   0.0000     0.0000      0      514       33  88100.711    420985.09     112016

Clock-opt Global-routing complete         CPU:  4319 s (  1.20 hr )  ELAPSE:  1141 s (  0.32 hr )  MEM-PEAK:  3057 MB

runtime_assert false
enhanced site row merge :  1
Key: core, value: 0x10b78ae10
Number of Site types in the design = 1
Setting up Chip Core
Chip Core shape: (100000 100000) (8650000 8650000)
Preroute opto area query mode: NDM
Using CLEO = true
APS-MCMM: Setup/DRC-only scenario grouping = [0 1]
Summary: is MV Ready (has MV info... UPF or derived)
Summary: design is not hierarchical
Voltage Area: id=0, index=0, name=DEFAULT_VA, is default, domain=DEFAULT_POWER_DOMAIN, scopeHier=, psn=VDD;
Number of VARs = 1
Number of unique PDs = 1
Number of Power Domains = 1
Number of Voltage Areas = 1
Number of supply Nets = 2
Number of used supplies = 0
Setup Voltages:
  Supply Net = VDD, voltages =  1.3200 1.0800
  Supply Net = VSS, voltages = 
Hold Voltages:
  Supply Net = VDD, voltages =  1.3200
  Supply Net = VSS, voltages = 
Unique Voltages in Design:  1.0800 1.3200
Default Voltage Area = DEFAULT_VA
Blocked VAs: 
Cell Min-Routing-Layer = M1
Cell Max-Routing-Layer = M6
Turn off antenna since no rule is specified
Information: Option route.detail.force_end_on_preferred_grid will be ignored since none of the layers have preferred grid. (ZRT-703)
Info: number of net_type_blockage: 0 
Information: Via ladder engine would be activated for pattern must join connection in certain commands. Please refer to man-page for the command list. (ZRT-619)
Via on layer (VIA1) needs more than one tracks
Warning: Layer M1 default pitch 0.200 may be too small to handle up/down via. Note, that minimum requirements are "wire/via-down 0.180" & "wire/via-up 0.225". (ZRT-026)
Via on layer (VIA5) needs more than one tracks
Warning: Layer M5 default pitch 0.200 may be too small to handle up/down via. Note, that minimum requirements are "wire/via-down 0.200" & "wire/via-up 0.350". (ZRT-026)
Via on layer (RV) needs more than one tracks
Warning: Layer M6 default pitch 0.800 may be too small to handle up/down via. Note, that minimum requirements are "wire/via-down 0.800" & "wire/via-up 3.600". (ZRT-026)
Information: When applicable Min-max layer allow_pin_connection mode will allow paths of length 3.00 outside the layer range. (ZRT-707)
Information: When applicable Min-max layer allow_pin_connection mode will allow paths of length 3.00 outside the layer range on clock nets. (ZRT-718)
Information: When applicable layer based tapering will taper up to 0.00 in distance from the pin. (ZRT-706)
GR Routing Service: Started IMRD 
GR Routing Service: ndmAttrDef 'usr_tmng_crit' created with default value 0 
GR Routing Service: ndmAttrDef 'rted_by_minDly' created with default value 0 
GR Routing Service: ndmAttrDef 'port_subnet_crit_blkConn' created with default value 0 
GR Routing Service: ndmAttrDef 'port_subnet_crit_blkPort' created with default value 0 
Loading timing information to the router ...
Design  Scenario FUNC_WC (Mode FUNC Corner WC)
Timing information loaded to the router.
GR Routing Service: Setting costIdx to 3 
GR Routing Service: rebuildCongmap: itr = 3 
Number of partitions: 1 (1 x 1)
Size of partitions: 487 gCells x 487 gCells
Average gCell capacity  2.13	 on layer (1)	 M1
Average gCell capacity  8.95	 on layer (2)	 M2
Average gCell capacity  8.97	 on layer (3)	 M3
Average gCell capacity  8.95	 on layer (4)	 M4
Average gCell capacity  8.86	 on layer (5)	 M5
Average gCell capacity  2.22	 on layer (6)	 M6
Average gCell capacity  0.28	 on layer (7)	 AP
Average number of tracks per gCell 8.99	 on layer (1)	 M1
Average number of tracks per gCell 8.99	 on layer (2)	 M2
Average number of tracks per gCell 8.99	 on layer (3)	 M3
Average number of tracks per gCell 8.99	 on layer (4)	 M4
Average number of tracks per gCell 8.99	 on layer (5)	 M5
Average number of tracks per gCell 2.25	 on layer (6)	 M6
Average number of tracks per gCell 0.28	 on layer (7)	 AP
Number of gCells = 1660183
Number of partitions: 16 (4 x 4)
Size of partitions: 128 gCells x 128 gCells
[updNetsDmd] Elapsed real time: 0:00:00 
[updNetsDmd] Elapsed cpu  time: sys=0:00:00 usr=0:00:01 total=0:00:01
Created 8 thread routing service with costIdx = 3. (tbbMode 0)
GR Routing Service: Setting costIdx to 3 
rtapi Thread-server 2: startup 
rtapi Thread-server 0: startup 
rtapi Thread-server 4: startup 
rtapi Thread-server 6: startup 
rtapi Thread-server 3: startup 
rtapi Thread-server 5: startup 
rtapi Thread-server 7: startup 
rtapi Thread-server 1: startup 
Corner Scaling is off, multiplier is 1.000000
Information: Using default layer M4 (OPT-079)
GR Routing Service: loadPermBufBlockages 

INFO: GRE flow is enabled.

Clock-opt optimization Phase 19 Iter  1         0.00        0.00      0.06       547     420985.09    88100.71      112016              0.32      3057

INFO: New Levelizer turned on
Corner Scaling is off, multiplier is 1.000000
Information: Using default layer M4 (OPT-079)
Information: Design Average RC for design pde_chip_top_safe  (NEX-011)
Information: r = 1.171678 ohm/um, via_r = 1.495507 ohm/cut, c = 0.176090 ff/um, cc = 0.000000 ff/um (X dir) (NEX-017)
Information: r = 1.053302 ohm/um, via_r = 1.718437 ohm/cut, c = 0.189673 ff/um, cc = 0.000000 ff/um (Y dir) (NEX-017)
Clock-opt optimization Phase 20 Iter  1         0.00        0.00      0.06       547     420985.09    88100.71      112016              0.32      3057
Clock-opt optimization Phase 20 Iter  2         0.00        0.00      0.06       547     420985.09    88100.71      112016              0.32      3057
Clock-opt optimization Phase 20 Iter  3         0.00        0.00      0.06         3     421505.62    88377.86      112016              0.32      3178
Corner Scaling is off, multiplier is 1.000000
Information: Using default layer M4 (OPT-079)
Information: Using default layer M4 (OPT-079)
Information: Using default layer M4 (OPT-079)
Information: Using default layer M4 (OPT-079)
Information: Using default layer M4 (OPT-079)
Information: Using default layer M4 (OPT-079)
Information: Using default layer M4 (OPT-079)
Information: Using default layer M4 (OPT-079)
Information: Using default layer M4 (OPT-079)
Clock-opt optimization Phase 20 Iter  4         0.00        0.00      0.06         2     421507.09    88378.16      112016              0.32      3191
Corner Scaling is off, multiplier is 1.000000
Information: Using default layer M4 (OPT-079)
Information: Using default layer M4 (OPT-079)
Information: Using default layer M4 (OPT-079)
Information: Using default layer M4 (OPT-079)
Information: Using default layer M4 (OPT-079)
Information: Using default layer M4 (OPT-079)
Information: Using default layer M4 (OPT-079)
Information: Using default layer M4 (OPT-079)
Information: Using default layer M4 (OPT-079)
Clock-opt optimization Phase 20 Iter  5         0.00        0.00      0.06         2     421507.09    88378.16      112016              0.32      3191
Clock-opt optimization Phase 20 Iter  6         0.00        0.00      0.06         2     421507.09    88378.16      112016              0.32      3191
Clock-opt optimization Phase 20 Iter  7         0.00        0.00      0.06         1     421509.25    88380.61      112016              0.32      3191

Clock-opt optimization Phase 21 Iter  1         0.00        0.00      0.06         0     421509.25    88380.61      112249              0.32      3191
Clock-opt optimization summary            SETUP-COST    R2R-COST HOLD-COST LDRC-COST          AREA     LEAKAGE     INSTCNT            ELAPSE       MEM
Clock-opt optimization Phase 21 Iter  2         0.00        0.00      0.06         0     421509.25    88380.61      112249              0.32      3191
Clock-opt optimization Phase 21 Iter  3         0.00        0.00      0.06         0     421509.25    88380.61      112249              0.32      3191
Clock-opt optimization Phase 21 Iter  4         0.00        0.00      0.06         0     421509.25    88380.61      112249              0.32      3191
Corner Scaling is off, multiplier is 1.000000
Information: Using default layer M4 (OPT-079)
Clock-opt optimization Phase 21 Iter  5         0.00        0.00      0.06         0     421509.25    88380.61      112249              0.32      3191
Clock-opt optimization Phase 21 Iter  6         0.00        0.00      0.06         0     421509.25    88380.61      112249              0.32      3191
Corner Scaling is off, multiplier is 1.000000
Information: Using default layer M4 (OPT-079)
Clock-opt optimization Phase 21 Iter  7         0.00        0.00      0.06         0     421509.25    88380.61      112249              0.32      3191
Corner Scaling is off, multiplier is 1.000000
Information: Using default layer M4 (OPT-079)
Clock-opt optimization Phase 21 Iter  8         0.00        0.00      0.06         0     421509.25    88380.61      112249              0.32      3191

Clock-opt optimization Phase 22 Iter  1         0.00        0.00      0.06         0     421509.25    88380.61      112249              0.32      3191
Information: The value of option cts.compile.enable_cell_relocation has been overridden to "leaf_only" to support latency-driven placement. (CTS-973)
Information: CTS will work on the following scenarios. (CTS-101)
   FUNC_BC	(Mode: FUNC; Corner: BC)
   FUNC_WC	(Mode: FUNC; Corner: WC)
Information: CTS will work on all clocks in active scenarios, including 1 master clocks and 0 generated clocks. (CTS-107)
Output units used in this log:
   Time        : 1.00ns
   Resistance  : 1.00kOhm
   Capacitance : 1.00pF
   Power       : 1.00nW
   Length      : 1.00um
Information: Clock derating is enabled

CTS related app options set by user:
   No CTS related app option is set.

Buffer/Inverter reference list for clock tree synthesis:
   tcbn65lp_6lmT1/BUFFD0
   tcbn65lp_6lmT1/BUFFD1
   tcbn65lp_6lmT1/BUFFD12
   tcbn65lp_6lmT1/BUFFD16
   tcbn65lp_6lmT1/BUFFD2
   tcbn65lp_6lmT1/BUFFD3
   tcbn65lp_6lmT1/BUFFD4
   tcbn65lp_6lmT1/BUFFD6
   tcbn65lp_6lmT1/BUFFD8
   tcbn65lp_6lmT1/CKBD0
   tcbn65lp_6lmT1/CKBD1
   tcbn65lp_6lmT1/CKBD12
   tcbn65lp_6lmT1/CKBD16
   tcbn65lp_6lmT1/CKBD2
   tcbn65lp_6lmT1/CKBD3
   tcbn65lp_6lmT1/CKBD4
   tcbn65lp_6lmT1/CKBD6
   tcbn65lp_6lmT1/CKBD8
   tcbn65lp_6lmT1/DEL0
   tcbn65lp_6lmT1/DEL005
   tcbn65lp_6lmT1/DEL01
   tcbn65lp_6lmT1/DEL015
   tcbn65lp_6lmT1/DEL02
   tcbn65lp_6lmT1/DEL1
   tcbn65lp_6lmT1/DEL2
   tcbn65lp_6lmT1/DEL3
   tcbn65lp_6lmT1/DEL4
   tcbn65lp_6lmT1/CKND0
   tcbn65lp_6lmT1/CKND1
   tcbn65lp_6lmT1/CKND12
   tcbn65lp_6lmT1/CKND16
   tcbn65lp_6lmT1/CKND2
   tcbn65lp_6lmT1/CKND3
   tcbn65lp_6lmT1/CKND4
   tcbn65lp_6lmT1/CKND6
   tcbn65lp_6lmT1/CKND8
   tcbn65lp_6lmT1/INVD0
   tcbn65lp_6lmT1/INVD1
   tcbn65lp_6lmT1/INVD12
   tcbn65lp_6lmT1/INVD16
   tcbn65lp_6lmT1/INVD2
   tcbn65lp_6lmT1/INVD3
   tcbn65lp_6lmT1/INVD4
   tcbn65lp_6lmT1/INVD6
   tcbn65lp_6lmT1/INVD8

ICG reference list:
   tcbn65lp_6lmT1/CKLHQD1
   tcbn65lp_6lmT1/CKLHQD12
   tcbn65lp_6lmT1/CKLHQD16
   tcbn65lp_6lmT1/CKLHQD2
   tcbn65lp_6lmT1/CKLHQD3
   tcbn65lp_6lmT1/CKLHQD4
   tcbn65lp_6lmT1/CKLHQD6
   tcbn65lp_6lmT1/CKLHQD8
   tcbn65lp_6lmT1/CKLNQD1
   tcbn65lp_6lmT1/CKLNQD12
   tcbn65lp_6lmT1/CKLNQD16
   tcbn65lp_6lmT1/CKLNQD2
   tcbn65lp_6lmT1/CKLNQD3
   tcbn65lp_6lmT1/CKLNQD4
   tcbn65lp_6lmT1/CKLNQD6
   tcbn65lp_6lmT1/CKLNQD8


register reference list:
   tcbn65lp_6lmT1/DFCND1
   tcbn65lp_6lmT1/DFCND2
   tcbn65lp_6lmT1/DFCND4
   tcbn65lp_6lmT1/DFCNQD1
   tcbn65lp_6lmT1/DFCNQD2
   tcbn65lp_6lmT1/DFCNQD4
   tcbn65lp_6lmT1/DFCSND1
   tcbn65lp_6lmT1/DFCSND2
   tcbn65lp_6lmT1/DFCSND4
   tcbn65lp_6lmT1/DFCSNQD1
   tcbn65lp_6lmT1/DFCSNQD2
   tcbn65lp_6lmT1/DFCSNQD4
   tcbn65lp_6lmT1/DFD1
   tcbn65lp_6lmT1/DFD2
   tcbn65lp_6lmT1/DFD4
   tcbn65lp_6lmT1/DFKCND1
   tcbn65lp_6lmT1/DFKCND2
   tcbn65lp_6lmT1/DFKCND4
   tcbn65lp_6lmT1/DFKCNQD1
   tcbn65lp_6lmT1/DFKCNQD2
   tcbn65lp_6lmT1/DFKCNQD4
   tcbn65lp_6lmT1/DFKCSND1
   tcbn65lp_6lmT1/DFKCSND2
   tcbn65lp_6lmT1/DFKCSND4
   tcbn65lp_6lmT1/DFKSND1
   tcbn65lp_6lmT1/DFKSND2
   tcbn65lp_6lmT1/DFKSND4
   tcbn65lp_6lmT1/DFNCND1
   tcbn65lp_6lmT1/DFNCND2
   tcbn65lp_6lmT1/DFNCND4
   tcbn65lp_6lmT1/DFNCSND1
   tcbn65lp_6lmT1/DFNCSND2
   tcbn65lp_6lmT1/DFNCSND4
   tcbn65lp_6lmT1/DFND1
   tcbn65lp_6lmT1/DFND2
   tcbn65lp_6lmT1/DFND4
   tcbn65lp_6lmT1/DFNSND1
   tcbn65lp_6lmT1/DFNSND2
   tcbn65lp_6lmT1/DFNSND4
   tcbn65lp_6lmT1/DFQD1
   tcbn65lp_6lmT1/DFQD2
   tcbn65lp_6lmT1/DFQD4
   tcbn65lp_6lmT1/DFSND1
   tcbn65lp_6lmT1/DFSND2
   tcbn65lp_6lmT1/DFSND4
   tcbn65lp_6lmT1/DFSNQD1
   tcbn65lp_6lmT1/DFSNQD2
   tcbn65lp_6lmT1/DFSNQD4
   tcbn65lp_6lmT1/DFXD1
   tcbn65lp_6lmT1/DFXD2
   tcbn65lp_6lmT1/DFXD4
   tcbn65lp_6lmT1/DFXQD1
   tcbn65lp_6lmT1/DFXQD2
   tcbn65lp_6lmT1/DFXQD4
   tcbn65lp_6lmT1/EDFCND1
   tcbn65lp_6lmT1/EDFCND2
   tcbn65lp_6lmT1/EDFCND4
   tcbn65lp_6lmT1/EDFCNQD1
   tcbn65lp_6lmT1/EDFCNQD2
   tcbn65lp_6lmT1/EDFCNQD4
   tcbn65lp_6lmT1/EDFD1
   tcbn65lp_6lmT1/EDFD2
   tcbn65lp_6lmT1/EDFD4
   tcbn65lp_6lmT1/EDFKCND1
   tcbn65lp_6lmT1/EDFKCND2
   tcbn65lp_6lmT1/EDFKCND4
   tcbn65lp_6lmT1/EDFKCNQD1
   tcbn65lp_6lmT1/EDFKCNQD2
   tcbn65lp_6lmT1/EDFKCNQD4
   tcbn65lp_6lmT1/EDFQD1
   tcbn65lp_6lmT1/EDFQD2
   tcbn65lp_6lmT1/EDFQD4
   tcbn65lp_6lmT1/LHCND1
   tcbn65lp_6lmT1/LHCND2
   tcbn65lp_6lmT1/LHCND4
   tcbn65lp_6lmT1/LHCNDD1
   tcbn65lp_6lmT1/LHCNDD2
   tcbn65lp_6lmT1/LHCNDD4
   tcbn65lp_6lmT1/LHCNDQD1
   tcbn65lp_6lmT1/LHCNDQD2
   tcbn65lp_6lmT1/LHCNDQD4
   tcbn65lp_6lmT1/LHCNQD1
   tcbn65lp_6lmT1/LHCNQD2
   tcbn65lp_6lmT1/LHCNQD4
   tcbn65lp_6lmT1/LHCSND1
   tcbn65lp_6lmT1/LHCSND2
   tcbn65lp_6lmT1/LHCSND4
   tcbn65lp_6lmT1/LHCSNDD1
   tcbn65lp_6lmT1/LHCSNDD2
   tcbn65lp_6lmT1/LHCSNDD4
   tcbn65lp_6lmT1/LHCSNDQD1
   tcbn65lp_6lmT1/LHCSNDQD2
   tcbn65lp_6lmT1/LHCSNDQD4
   tcbn65lp_6lmT1/LHCSNQD1
   tcbn65lp_6lmT1/LHCSNQD2
   tcbn65lp_6lmT1/LHCSNQD4
   tcbn65lp_6lmT1/LHD1
   tcbn65lp_6lmT1/LHD2
   tcbn65lp_6lmT1/LHD4
   tcbn65lp_6lmT1/LHQD1
   tcbn65lp_6lmT1/LHQD2
   tcbn65lp_6lmT1/LHQD4
   tcbn65lp_6lmT1/LHSND1
   tcbn65lp_6lmT1/LHSND2
   tcbn65lp_6lmT1/LHSND4
   tcbn65lp_6lmT1/LHSNDD1
   tcbn65lp_6lmT1/LHSNDD2
   tcbn65lp_6lmT1/LHSNDD4
   tcbn65lp_6lmT1/LHSNDQD1
   tcbn65lp_6lmT1/LHSNDQD2
   tcbn65lp_6lmT1/LHSNDQD4
   tcbn65lp_6lmT1/LHSNQD1
   tcbn65lp_6lmT1/LHSNQD2
   tcbn65lp_6lmT1/LHSNQD4
   tcbn65lp_6lmT1/LNCND1
   tcbn65lp_6lmT1/LNCND2
   tcbn65lp_6lmT1/LNCND4
   tcbn65lp_6lmT1/LNCNDD1
   tcbn65lp_6lmT1/LNCNDD2
   tcbn65lp_6lmT1/LNCNDD4
   tcbn65lp_6lmT1/LNCNDQD1
   tcbn65lp_6lmT1/LNCNDQD2
   tcbn65lp_6lmT1/LNCNDQD4
   tcbn65lp_6lmT1/LNCNQD1
   tcbn65lp_6lmT1/LNCNQD2
   tcbn65lp_6lmT1/LNCNQD4
   tcbn65lp_6lmT1/LNCSND1
   tcbn65lp_6lmT1/LNCSND2
   tcbn65lp_6lmT1/LNCSND4
   tcbn65lp_6lmT1/LNCSNDD1
   tcbn65lp_6lmT1/LNCSNDD2
   tcbn65lp_6lmT1/LNCSNDD4
   tcbn65lp_6lmT1/LNCSNDQD1
   tcbn65lp_6lmT1/LNCSNDQD2
   tcbn65lp_6lmT1/LNCSNDQD4
   tcbn65lp_6lmT1/LNCSNQD1
   tcbn65lp_6lmT1/LNCSNQD2
   tcbn65lp_6lmT1/LNCSNQD4
   tcbn65lp_6lmT1/LND1
   tcbn65lp_6lmT1/LND2
   tcbn65lp_6lmT1/LND4
   tcbn65lp_6lmT1/LNQD1
   tcbn65lp_6lmT1/LNQD2
   tcbn65lp_6lmT1/LNQD4
   tcbn65lp_6lmT1/LNSND1
   tcbn65lp_6lmT1/LNSND2
   tcbn65lp_6lmT1/LNSND4
   tcbn65lp_6lmT1/LNSNDD1
   tcbn65lp_6lmT1/LNSNDD2
   tcbn65lp_6lmT1/LNSNDD4
   tcbn65lp_6lmT1/LNSNDQD1
   tcbn65lp_6lmT1/LNSNDQD2
   tcbn65lp_6lmT1/LNSNDQD4
   tcbn65lp_6lmT1/LNSNQD1
   tcbn65lp_6lmT1/LNSNQD2
   tcbn65lp_6lmT1/LNSNQD4
   tcbn65lp_6lmT1/SDFCND0
   tcbn65lp_6lmT1/SDFCND1
   tcbn65lp_6lmT1/SDFCND2
   tcbn65lp_6lmT1/SDFCND4
   tcbn65lp_6lmT1/SDFCNQD0
   tcbn65lp_6lmT1/SDFCNQD1
   tcbn65lp_6lmT1/SDFCNQD2
   tcbn65lp_6lmT1/SDFCNQD4
   tcbn65lp_6lmT1/SDFCSND0
   tcbn65lp_6lmT1/SDFCSND1
   tcbn65lp_6lmT1/SDFCSND2
   tcbn65lp_6lmT1/SDFCSND4
   tcbn65lp_6lmT1/SDFCSNQD0
   tcbn65lp_6lmT1/SDFCSNQD1
   tcbn65lp_6lmT1/SDFCSNQD2
   tcbn65lp_6lmT1/SDFCSNQD4
   tcbn65lp_6lmT1/SDFD0
   tcbn65lp_6lmT1/SDFD1
   tcbn65lp_6lmT1/SDFD2
   tcbn65lp_6lmT1/SDFD4
   tcbn65lp_6lmT1/SDFKCND0
   tcbn65lp_6lmT1/SDFKCND1
   tcbn65lp_6lmT1/SDFKCND2
   tcbn65lp_6lmT1/SDFKCND4
   tcbn65lp_6lmT1/SDFKCNQD0
   tcbn65lp_6lmT1/SDFKCNQD1
   tcbn65lp_6lmT1/SDFKCNQD2
   tcbn65lp_6lmT1/SDFKCNQD4
   tcbn65lp_6lmT1/SDFKCSND0
   tcbn65lp_6lmT1/SDFKCSND1
   tcbn65lp_6lmT1/SDFKCSND2
   tcbn65lp_6lmT1/SDFKCSND4
   tcbn65lp_6lmT1/SDFKCSNQD0
   tcbn65lp_6lmT1/SDFKCSNQD1
   tcbn65lp_6lmT1/SDFKCSNQD2
   tcbn65lp_6lmT1/SDFKCSNQD4
   tcbn65lp_6lmT1/SDFKSND0
   tcbn65lp_6lmT1/SDFKSND1
   tcbn65lp_6lmT1/SDFKSND2
   tcbn65lp_6lmT1/SDFKSND4
   tcbn65lp_6lmT1/SDFKSNQD0
   tcbn65lp_6lmT1/SDFKSNQD1
   tcbn65lp_6lmT1/SDFKSNQD2
   tcbn65lp_6lmT1/SDFKSNQD4
   tcbn65lp_6lmT1/SDFNCND0
   tcbn65lp_6lmT1/SDFNCND1
   tcbn65lp_6lmT1/SDFNCND2
   tcbn65lp_6lmT1/SDFNCND4
   tcbn65lp_6lmT1/SDFNCSND0
   tcbn65lp_6lmT1/SDFNCSND1
   tcbn65lp_6lmT1/SDFNCSND2
   tcbn65lp_6lmT1/SDFNCSND4
   tcbn65lp_6lmT1/SDFND0
   tcbn65lp_6lmT1/SDFND1
   tcbn65lp_6lmT1/SDFND2
   tcbn65lp_6lmT1/SDFND4
   tcbn65lp_6lmT1/SDFNSND0
   tcbn65lp_6lmT1/SDFNSND1
   tcbn65lp_6lmT1/SDFNSND2
   tcbn65lp_6lmT1/SDFNSND4
   tcbn65lp_6lmT1/SDFQD0
   tcbn65lp_6lmT1/SDFQD1
   tcbn65lp_6lmT1/SDFQD2
   tcbn65lp_6lmT1/SDFQD4
   tcbn65lp_6lmT1/SDFQND0
   tcbn65lp_6lmT1/SDFQND1
   tcbn65lp_6lmT1/SDFQND2
   tcbn65lp_6lmT1/SDFQND4
   tcbn65lp_6lmT1/SDFSND0
   tcbn65lp_6lmT1/SDFSND1
   tcbn65lp_6lmT1/SDFSND2
   tcbn65lp_6lmT1/SDFSND4
   tcbn65lp_6lmT1/SDFSNQD0
   tcbn65lp_6lmT1/SDFSNQD1
   tcbn65lp_6lmT1/SDFSNQD2
   tcbn65lp_6lmT1/SDFSNQD4
   tcbn65lp_6lmT1/SDFXD0
   tcbn65lp_6lmT1/SDFXD1
   tcbn65lp_6lmT1/SDFXD2
   tcbn65lp_6lmT1/SDFXD4
   tcbn65lp_6lmT1/SDFXQD0
   tcbn65lp_6lmT1/SDFXQD1
   tcbn65lp_6lmT1/SDFXQD2
   tcbn65lp_6lmT1/SDFXQD4
   tcbn65lp_6lmT1/SEDFCND0
   tcbn65lp_6lmT1/SEDFCND1
   tcbn65lp_6lmT1/SEDFCND2
   tcbn65lp_6lmT1/SEDFCND4
   tcbn65lp_6lmT1/SEDFCNQD0
   tcbn65lp_6lmT1/SEDFCNQD1
   tcbn65lp_6lmT1/SEDFCNQD2
   tcbn65lp_6lmT1/SEDFCNQD4
   tcbn65lp_6lmT1/SEDFD0
   tcbn65lp_6lmT1/SEDFD1
   tcbn65lp_6lmT1/SEDFD2
   tcbn65lp_6lmT1/SEDFD4
   tcbn65lp_6lmT1/SEDFXD0
   tcbn65lp_6lmT1/SEDFXD1
   tcbn65lp_6lmT1/SEDFXD2
   tcbn65lp_6lmT1/SEDFXD4
   tcbn65lp_6lmT1/SEDFKCND0
   tcbn65lp_6lmT1/SEDFKCND1
   tcbn65lp_6lmT1/SEDFKCND2
   tcbn65lp_6lmT1/SEDFKCND4
   tcbn65lp_6lmT1/SEDFKCNQD0
   tcbn65lp_6lmT1/SEDFKCNQD1
   tcbn65lp_6lmT1/SEDFKCNQD2
   tcbn65lp_6lmT1/SEDFKCNQD4
   tcbn65lp_6lmT1/SEDFQD0
   tcbn65lp_6lmT1/SEDFQD1
   tcbn65lp_6lmT1/SEDFQD2
   tcbn65lp_6lmT1/SEDFQD4
   tcbn65lp_6lmT1/SEDFQXD0
   tcbn65lp_6lmT1/SEDFQXD1
   tcbn65lp_6lmT1/SEDFQXD2
   tcbn65lp_6lmT1/SEDFQXD4
   tcbn65lp_6lmT1/SEDFQND0
   tcbn65lp_6lmT1/SEDFQND1
   tcbn65lp_6lmT1/SEDFQND2
   tcbn65lp_6lmT1/SEDFQND4
   tcbn65lp_6lmT1/SEDFQNXD0
   tcbn65lp_6lmT1/SEDFQNXD1
   tcbn65lp_6lmT1/SEDFQNXD2
   tcbn65lp_6lmT1/SEDFQNXD4

Information: 'WC' is identified as primary corner for initial clock tree building. (CTS-103)
Warning: No clock routing rule is specified. (CTS-038)

Clock cell spacing rule list:
   No clock cell spacing rule is found.
DBG: ccdInfra::ccdInfra
Drc Mode Option: auto
Information: Legalizer's PDC rule check is NOT enabled
Information: Legalizer's advanced rule check is NOT enabled
DBG: ccdInfra::initAppOptions
DBG: ccdInfra::initCtsFixedBalancePins
CCD initialization runtime: cpu 0.339991, elapsed 0.071002, speed up 4.788471.

CCD-Info: App options set by user
   ccd.hold_control_effort = medium

CCD: Netlist change observers are disabled for incremental timing updates
Information: The netlist change observers are disabled for incremental timing updates. (TIM-119)
Information: The timing has been updated before disabling netlist and extraction change observers. (TIM-121)
CCD: using 8 threads
CTSSC route status detected: clock (VR 0, GR 2262, DR 81690), data (VR 0, GR 642765, DR 0); stage = auto, isPostRoute = FALSE
INFO: optApi switch to CTS purpose
Information: Creating classic rule checker.
Warning: Routing direction of metal layer PO is neither "horizontal" nor "vertical".  PDC checks will not be performed on this layer. (PDC-003)
PDC app_options settings =========
	place.legalize.enable_prerouted_net_check: 1
	place.legalize.num_tracks_for_access_check: 1
	place.legalize.use_eol_spacing_for_access_check: 0
	place.legalize.allow_touch_track_for_access_check: 1
	place.legalize.reduce_conservatism_in_eol_check: 0
	place.legalize.preroute_shape_merge_distance: 0.0
	place.legalize.enable_non_preferred_direction_span_check: 0

Layer M1: cached 0 shapes out of 114402 total shapes.
Layer M2: cached 0 shapes out of 303687 total shapes.
Cached 0 vias out of 938951 total vias.
enhanced site row merge :  1
Key: core, value: 0x10b78aca8
Number of Site types in the design = 1
Total power = 23.463213, Leakage = 0.088381, Internal = 18.352474, Switching = 5.022358
Information: 'WC' is identified as primary corner for initial clock tree building. (CTS-103)

CCD: Initial QOR:
---------------------------------------------------------------------------------------------
 Design (setup) WNS = 1.040792, TNS = 0.000000, NVP = 0
 Design (hold) WNHS = 0.001633, TNHS = 0.000000, NHVP = 0

    Scenario FUNC_WC  WNS = 1.040792, TNS = 0.000000, NVP = 0
    Scenario FUNC_BC  WNHS = 0.001633, TNHS = 0.000000, NHVP = 0
    Scenario FUNC_WC
       Path Group core_clk  WNS = 1.040792, TNS = 0.000000, NVP = 0
       Path Group **in2reg_default**  WNS = 2.375965, TNS = 0.000000, NVP = 0
       Path Group **reg2out_default**  WNS = 6.520580, TNS = 0.000000, NVP = 0
    Scenario FUNC_BC
       Path Group core_clk  WNHS = 0.001633, TNHS = 0.000000, NHVP = 0
       Path Group **in2reg_default**  WNHS = 0.935399, TNHS = 0.000000, NHVP = 0
       Path Group **reg2out_default**  WNHS = 1.153847, TNHS = 0.000000, NHVP = 0
---------------------------------------------------------------------------------------------
CCD-QoR: Timing: WNS = 1.041, TNS = 0.000, NVP = 0, UNWEIGHTED_TNS = 0.000, WNHS = 0.002, TNHS = 0.000, NHVP = 0, UNWEIGHTED_TNHS = 0.000, R2R(wns=1.040792, tns=0.000000, nvp=0)

CCD: Before drc optimization

Information: There is no DRC violation or all DRC violations are not fixable.

    Optimization Summary 		

-------------------------------------------------

	# Drivers Attempted               =          0
	# Skipped during isValid and estimate          =          0
	# Failed subgraph evaluation           =          0
	# Failed main graph committ          =          0
	# Successful main graph commit      =          0
	# NumCTCells changed               =          0


	# Total CPU time                  = 00h:00m:00s
	# Total elapsed time              = 00h:00m:00s
	# Flow total speed up             =     0.9999

-------------------------------------------------


CCD: After drc optimization:
---------------------------------------------------------------------------------------------
 Design (setup) WNS = 1.040792, TNS = 0.000000, NVP = 0
 Design (hold) WNHS = 0.001633, TNHS = 0.000000, NHVP = 0

    Scenario FUNC_WC  WNS = 1.040792, TNS = 0.000000, NVP = 0
    Scenario FUNC_BC  WNHS = 0.001633, TNHS = 0.000000, NHVP = 0
    Scenario FUNC_WC
       Path Group core_clk  WNS = 1.040792, TNS = 0.000000, NVP = 0
       Path Group **in2reg_default**  WNS = 2.375965, TNS = 0.000000, NVP = 0
       Path Group **reg2out_default**  WNS = 6.520580, TNS = 0.000000, NVP = 0
    Scenario FUNC_BC
       Path Group core_clk  WNHS = 0.001633, TNHS = 0.000000, NHVP = 0
       Path Group **in2reg_default**  WNHS = 0.935399, TNHS = 0.000000, NHVP = 0
       Path Group **reg2out_default**  WNHS = 1.153847, TNHS = 0.000000, NHVP = 0
---------------------------------------------------------------------------------------------
CCD-QoR: Timing: WNS = 1.041, TNS = 0.000, NVP = 0, UNWEIGHTED_TNS = 0.000, WNHS = 0.002, TNHS = 0.000, NHVP = 0, UNWEIGHTED_TNHS = 0.000, R2R(wns=1.040792, tns=0.000000, nvp=0)

Information: There is no DRC violation or all DRC violations are not fixable.

    Optimization Summary 		

-------------------------------------------------

	# Drivers Attempted               =          0
	# Skipped during isValid and estimate          =          0
	# Failed subgraph evaluation           =          0
	# Failed main graph committ          =          0
	# Successful main graph commit      =          0
	# NumCTCells changed               =          0


	# Total CPU time                  = 00h:00m:00s
	# Total elapsed time              = 00h:00m:00s
	# Flow total speed up             =     1.0000

-------------------------------------------------


CCD: After CG based optimization:
---------------------------------------------------------------------------------------------
 Design (setup) WNS = 1.040792, TNS = 0.000000, NVP = 0
 Design (hold) WNHS = 0.001633, TNHS = 0.000000, NHVP = 0

    Scenario FUNC_WC  WNS = 1.040792, TNS = 0.000000, NVP = 0
    Scenario FUNC_BC  WNHS = 0.001633, TNHS = 0.000000, NHVP = 0
    Scenario FUNC_WC
       Path Group core_clk  WNS = 1.040792, TNS = 0.000000, NVP = 0
       Path Group **in2reg_default**  WNS = 2.375965, TNS = 0.000000, NVP = 0
       Path Group **reg2out_default**  WNS = 6.520580, TNS = 0.000000, NVP = 0
    Scenario FUNC_BC
       Path Group core_clk  WNHS = 0.001633, TNHS = 0.000000, NHVP = 0
       Path Group **in2reg_default**  WNHS = 0.935399, TNHS = 0.000000, NHVP = 0
       Path Group **reg2out_default**  WNHS = 1.153847, TNHS = 0.000000, NHVP = 0
---------------------------------------------------------------------------------------------
CCD-QoR: Timing: WNS = 1.041, TNS = 0.000, NVP = 0, UNWEIGHTED_TNS = 0.000, WNHS = 0.002, TNHS = 0.000, NHVP = 0, UNWEIGHTED_TNHS = 0.000, R2R(wns=1.040792, tns=0.000000, nvp=0)
Information: The netlist change observers are enabled for incremental timing updates. (TIM-120)
Route Cleanup and Reuse: 0 shapes being reused for 0 clock nets
INFO: optApi switch to OPTO purpose
enhanced site row merge :  1
Key: core, value: 0xe5677ef0
Number of Site types in the design = 1
 CCD flow runtime: cpu 4.019034, elapsed 1.587320, speed up 2.531962.
Mark clock trees...
Marking clock synthesized attributes

Marking spacing rules

Clock cell spacing rule list:
   No clock cell spacing rule is found.

Summary of messages during CTS:
===============================================================
  Tag   Count  Type           Description
---------------------------------------------------------------
CTS-038    1  Warning  No clock routing rule is specified.
INFO: cellmap features:  adv-rules=(N), pdc=(N), clock-rules=(Y)

Enable clock slack update
INFO: cellmap features:  adv-rules=(Y), pdc=(Y), clock-rules=(Y)
Clock-opt optimization Phase 23 Iter  1         0.00        0.00      0.06         0     421509.25    88380.61      112249              0.32      3307
INFO: cellmap features:  adv-rules=(N), pdc=(N), clock-rules=(Y)

Clock-opt optimization Phase 24 Iter  1         0.00        0.00      0.06         0     421509.25    88380.61      112249              0.32      3307
Clock-opt optimization Phase 24 Iter  2         0.00        0.00      0.06         0     421509.25    88380.61      112249              0.32      3307
Clock-opt optimization Phase 24 Iter  3         0.00        0.00      0.06         0     421509.25    88380.61      112249              0.32      3307
Clock-opt optimization Phase 24 Iter  4         0.00        0.00      0.06         0     421509.25    88380.61      112249              0.32      3307
Clock-opt optimization Phase 24 Iter  5         0.00        0.00      0.06         0     421509.25    88380.61      112249              0.32      3307
Clock-opt optimization Phase 24 Iter  6         0.00        0.00      0.06         0     421509.25    88380.61      112249              0.32      3307
Clock-opt optimization Phase 24 Iter  7         0.00        0.00      0.06         0     421509.25    88380.61      112249              0.32      3307
Clock-opt optimization Phase 24 Iter  8         0.00        0.00      0.06         0     421509.25    88380.61      112249              0.32      3307
Clock-opt optimization Phase 24 Iter  9         0.00        0.00      0.06         0     421509.25    88380.61      112249              0.32      3307
Clock-opt optimization Phase 24 Iter 10         0.00        0.00      0.06         0     421509.25    88380.61      112249              0.32      3307
Corner Scaling is off, multiplier is 1.000000
Information: Using default layer M4 (OPT-079)
Clock-opt optimization Phase 24 Iter 11         0.00        0.00      0.06         0     421509.25    88380.61      112249              0.32      3307
Clock-opt optimization Phase 24 Iter 12         0.00        0.00      0.06         0     421509.25    88380.61      112249              0.32      3307
Corner Scaling is off, multiplier is 1.000000
Information: Using default layer M4 (OPT-079)
Clock-opt optimization Phase 24 Iter 13         0.00        0.00      0.06         0     421509.25    88380.61      112249              0.32      3307
Corner Scaling is off, multiplier is 1.000000
Information: Using default layer M4 (OPT-079)
Clock-opt optimization Phase 24 Iter 14         0.00        0.00      0.06         0     421509.25    88380.61      112249              0.32      3307
Corner Scaling is off, multiplier is 1.000000
Information: Using default layer M4 (OPT-079)
Corner Scaling is off, multiplier is 1.000000
Information: Using default layer M4 (OPT-079)
Clock-opt optimization Phase 24 Iter 15         0.00        0.00      0.06         0     421509.25    88380.61      112249              0.32      3307
Corner Scaling is off, multiplier is 1.000000
Information: Using default layer M4 (OPT-079)
Corner Scaling is off, multiplier is 1.000000
Information: Using default layer M4 (OPT-079)
Clock-opt optimization Phase 24 Iter 16         0.00        0.00      0.06         0     421509.25    88380.61      112249              0.32      3307
Corner Scaling is off, multiplier is 1.000000
Information: Using default layer M4 (OPT-079)
Corner Scaling is off, multiplier is 1.000000
Information: Using default layer M4 (OPT-079)
Clock-opt optimization Phase 24 Iter 17         0.00        0.00      0.06         0     421509.25    88380.61      112249              0.32      3307

Clock-opt optimization Phase 25 Iter  1         0.00        0.00      0.06         0     421509.25    88380.61      112249              0.32      3307
Warning: Design includes unreasonable large hold violation(s). (OPT-209)
Clock-opt optimization Phase 25 Iter  2         0.00        0.00      0.06         0     421509.25    88380.61      112249              0.32      3307
Warning: Design includes unreasonable large hold violation(s). (OPT-209)
INFO: updating slack distrubution time borrowing 
updateTimeBorrowsAndSi elapsed: 2.350000

Clock-opt optimization Phase 26 Iter  1         0.00        0.00      0.06         0     421509.25    88380.61      112249              0.32      3307
Information: The value of option cts.compile.enable_cell_relocation has been overridden to "leaf_only" to support latency-driven placement. (CTS-973)
Information: CTS will work on the following scenarios. (CTS-101)
   FUNC_BC	(Mode: FUNC; Corner: BC)
   FUNC_WC	(Mode: FUNC; Corner: WC)
Information: CTS will work on all clocks in active scenarios, including 1 master clocks and 0 generated clocks. (CTS-107)
Output units used in this log:
   Time        : 1.00ns
   Resistance  : 1.00kOhm
   Capacitance : 1.00pF
   Power       : 1.00nW
   Length      : 1.00um
Information: Clock derating is enabled

CTS related app options set by user:
   No CTS related app option is set.

Buffer/Inverter reference list for clock tree synthesis:
   tcbn65lp_6lmT1/BUFFD0
   tcbn65lp_6lmT1/BUFFD1
   tcbn65lp_6lmT1/BUFFD12
   tcbn65lp_6lmT1/BUFFD16
   tcbn65lp_6lmT1/BUFFD2
   tcbn65lp_6lmT1/BUFFD3
   tcbn65lp_6lmT1/BUFFD4
   tcbn65lp_6lmT1/BUFFD6
   tcbn65lp_6lmT1/BUFFD8
   tcbn65lp_6lmT1/CKBD0
   tcbn65lp_6lmT1/CKBD1
   tcbn65lp_6lmT1/CKBD12
   tcbn65lp_6lmT1/CKBD16
   tcbn65lp_6lmT1/CKBD2
   tcbn65lp_6lmT1/CKBD3
   tcbn65lp_6lmT1/CKBD4
   tcbn65lp_6lmT1/CKBD6
   tcbn65lp_6lmT1/CKBD8
   tcbn65lp_6lmT1/DEL0
   tcbn65lp_6lmT1/DEL005
   tcbn65lp_6lmT1/DEL01
   tcbn65lp_6lmT1/DEL015
   tcbn65lp_6lmT1/DEL02
   tcbn65lp_6lmT1/DEL1
   tcbn65lp_6lmT1/DEL2
   tcbn65lp_6lmT1/DEL3
   tcbn65lp_6lmT1/DEL4
   tcbn65lp_6lmT1/CKND0
   tcbn65lp_6lmT1/CKND1
   tcbn65lp_6lmT1/CKND12
   tcbn65lp_6lmT1/CKND16
   tcbn65lp_6lmT1/CKND2
   tcbn65lp_6lmT1/CKND3
   tcbn65lp_6lmT1/CKND4
   tcbn65lp_6lmT1/CKND6
   tcbn65lp_6lmT1/CKND8
   tcbn65lp_6lmT1/INVD0
   tcbn65lp_6lmT1/INVD1
   tcbn65lp_6lmT1/INVD12
   tcbn65lp_6lmT1/INVD16
   tcbn65lp_6lmT1/INVD2
   tcbn65lp_6lmT1/INVD3
   tcbn65lp_6lmT1/INVD4
   tcbn65lp_6lmT1/INVD6
   tcbn65lp_6lmT1/INVD8

ICG reference list:
   tcbn65lp_6lmT1/CKLHQD1
   tcbn65lp_6lmT1/CKLHQD12
   tcbn65lp_6lmT1/CKLHQD16
   tcbn65lp_6lmT1/CKLHQD2
   tcbn65lp_6lmT1/CKLHQD3
   tcbn65lp_6lmT1/CKLHQD4
   tcbn65lp_6lmT1/CKLHQD6
   tcbn65lp_6lmT1/CKLHQD8
   tcbn65lp_6lmT1/CKLNQD1
   tcbn65lp_6lmT1/CKLNQD12
   tcbn65lp_6lmT1/CKLNQD16
   tcbn65lp_6lmT1/CKLNQD2
   tcbn65lp_6lmT1/CKLNQD3
   tcbn65lp_6lmT1/CKLNQD4
   tcbn65lp_6lmT1/CKLNQD6
   tcbn65lp_6lmT1/CKLNQD8


register reference list:
   tcbn65lp_6lmT1/DFCND1
   tcbn65lp_6lmT1/DFCND2
   tcbn65lp_6lmT1/DFCND4
   tcbn65lp_6lmT1/DFCNQD1
   tcbn65lp_6lmT1/DFCNQD2
   tcbn65lp_6lmT1/DFCNQD4
   tcbn65lp_6lmT1/DFCSND1
   tcbn65lp_6lmT1/DFCSND2
   tcbn65lp_6lmT1/DFCSND4
   tcbn65lp_6lmT1/DFCSNQD1
   tcbn65lp_6lmT1/DFCSNQD2
   tcbn65lp_6lmT1/DFCSNQD4
   tcbn65lp_6lmT1/DFD1
   tcbn65lp_6lmT1/DFD2
   tcbn65lp_6lmT1/DFD4
   tcbn65lp_6lmT1/DFKCND1
   tcbn65lp_6lmT1/DFKCND2
   tcbn65lp_6lmT1/DFKCND4
   tcbn65lp_6lmT1/DFKCNQD1
   tcbn65lp_6lmT1/DFKCNQD2
   tcbn65lp_6lmT1/DFKCNQD4
   tcbn65lp_6lmT1/DFKCSND1
   tcbn65lp_6lmT1/DFKCSND2
   tcbn65lp_6lmT1/DFKCSND4
   tcbn65lp_6lmT1/DFKSND1
   tcbn65lp_6lmT1/DFKSND2
   tcbn65lp_6lmT1/DFKSND4
   tcbn65lp_6lmT1/DFNCND1
   tcbn65lp_6lmT1/DFNCND2
   tcbn65lp_6lmT1/DFNCND4
   tcbn65lp_6lmT1/DFNCSND1
   tcbn65lp_6lmT1/DFNCSND2
   tcbn65lp_6lmT1/DFNCSND4
   tcbn65lp_6lmT1/DFND1
   tcbn65lp_6lmT1/DFND2
   tcbn65lp_6lmT1/DFND4
   tcbn65lp_6lmT1/DFNSND1
   tcbn65lp_6lmT1/DFNSND2
   tcbn65lp_6lmT1/DFNSND4
   tcbn65lp_6lmT1/DFQD1
   tcbn65lp_6lmT1/DFQD2
   tcbn65lp_6lmT1/DFQD4
   tcbn65lp_6lmT1/DFSND1
   tcbn65lp_6lmT1/DFSND2
   tcbn65lp_6lmT1/DFSND4
   tcbn65lp_6lmT1/DFSNQD1
   tcbn65lp_6lmT1/DFSNQD2
   tcbn65lp_6lmT1/DFSNQD4
   tcbn65lp_6lmT1/DFXD1
   tcbn65lp_6lmT1/DFXD2
   tcbn65lp_6lmT1/DFXD4
   tcbn65lp_6lmT1/DFXQD1
   tcbn65lp_6lmT1/DFXQD2
   tcbn65lp_6lmT1/DFXQD4
   tcbn65lp_6lmT1/EDFCND1
   tcbn65lp_6lmT1/EDFCND2
   tcbn65lp_6lmT1/EDFCND4
   tcbn65lp_6lmT1/EDFCNQD1
   tcbn65lp_6lmT1/EDFCNQD2
   tcbn65lp_6lmT1/EDFCNQD4
   tcbn65lp_6lmT1/EDFD1
   tcbn65lp_6lmT1/EDFD2
   tcbn65lp_6lmT1/EDFD4
   tcbn65lp_6lmT1/EDFKCND1
   tcbn65lp_6lmT1/EDFKCND2
   tcbn65lp_6lmT1/EDFKCND4
   tcbn65lp_6lmT1/EDFKCNQD1
   tcbn65lp_6lmT1/EDFKCNQD2
   tcbn65lp_6lmT1/EDFKCNQD4
   tcbn65lp_6lmT1/EDFQD1
   tcbn65lp_6lmT1/EDFQD2
   tcbn65lp_6lmT1/EDFQD4
   tcbn65lp_6lmT1/LHCND1
   tcbn65lp_6lmT1/LHCND2
   tcbn65lp_6lmT1/LHCND4
   tcbn65lp_6lmT1/LHCNDD1
   tcbn65lp_6lmT1/LHCNDD2
   tcbn65lp_6lmT1/LHCNDD4
   tcbn65lp_6lmT1/LHCNDQD1
   tcbn65lp_6lmT1/LHCNDQD2
   tcbn65lp_6lmT1/LHCNDQD4
   tcbn65lp_6lmT1/LHCNQD1
   tcbn65lp_6lmT1/LHCNQD2
   tcbn65lp_6lmT1/LHCNQD4
   tcbn65lp_6lmT1/LHCSND1
   tcbn65lp_6lmT1/LHCSND2
   tcbn65lp_6lmT1/LHCSND4
   tcbn65lp_6lmT1/LHCSNDD1
   tcbn65lp_6lmT1/LHCSNDD2
   tcbn65lp_6lmT1/LHCSNDD4
   tcbn65lp_6lmT1/LHCSNDQD1
   tcbn65lp_6lmT1/LHCSNDQD2
   tcbn65lp_6lmT1/LHCSNDQD4
   tcbn65lp_6lmT1/LHCSNQD1
   tcbn65lp_6lmT1/LHCSNQD2
   tcbn65lp_6lmT1/LHCSNQD4
   tcbn65lp_6lmT1/LHD1
   tcbn65lp_6lmT1/LHD2
   tcbn65lp_6lmT1/LHD4
   tcbn65lp_6lmT1/LHQD1
   tcbn65lp_6lmT1/LHQD2
   tcbn65lp_6lmT1/LHQD4
   tcbn65lp_6lmT1/LHSND1
   tcbn65lp_6lmT1/LHSND2
   tcbn65lp_6lmT1/LHSND4
   tcbn65lp_6lmT1/LHSNDD1
   tcbn65lp_6lmT1/LHSNDD2
   tcbn65lp_6lmT1/LHSNDD4
   tcbn65lp_6lmT1/LHSNDQD1
   tcbn65lp_6lmT1/LHSNDQD2
   tcbn65lp_6lmT1/LHSNDQD4
   tcbn65lp_6lmT1/LHSNQD1
   tcbn65lp_6lmT1/LHSNQD2
   tcbn65lp_6lmT1/LHSNQD4
   tcbn65lp_6lmT1/LNCND1
   tcbn65lp_6lmT1/LNCND2
   tcbn65lp_6lmT1/LNCND4
   tcbn65lp_6lmT1/LNCNDD1
   tcbn65lp_6lmT1/LNCNDD2
   tcbn65lp_6lmT1/LNCNDD4
   tcbn65lp_6lmT1/LNCNDQD1
   tcbn65lp_6lmT1/LNCNDQD2
   tcbn65lp_6lmT1/LNCNDQD4
   tcbn65lp_6lmT1/LNCNQD1
   tcbn65lp_6lmT1/LNCNQD2
   tcbn65lp_6lmT1/LNCNQD4
   tcbn65lp_6lmT1/LNCSND1
   tcbn65lp_6lmT1/LNCSND2
   tcbn65lp_6lmT1/LNCSND4
   tcbn65lp_6lmT1/LNCSNDD1
   tcbn65lp_6lmT1/LNCSNDD2
   tcbn65lp_6lmT1/LNCSNDD4
   tcbn65lp_6lmT1/LNCSNDQD1
   tcbn65lp_6lmT1/LNCSNDQD2
   tcbn65lp_6lmT1/LNCSNDQD4
   tcbn65lp_6lmT1/LNCSNQD1
   tcbn65lp_6lmT1/LNCSNQD2
   tcbn65lp_6lmT1/LNCSNQD4
   tcbn65lp_6lmT1/LND1
   tcbn65lp_6lmT1/LND2
   tcbn65lp_6lmT1/LND4
   tcbn65lp_6lmT1/LNQD1
   tcbn65lp_6lmT1/LNQD2
   tcbn65lp_6lmT1/LNQD4
   tcbn65lp_6lmT1/LNSND1
   tcbn65lp_6lmT1/LNSND2
   tcbn65lp_6lmT1/LNSND4
   tcbn65lp_6lmT1/LNSNDD1
   tcbn65lp_6lmT1/LNSNDD2
   tcbn65lp_6lmT1/LNSNDD4
   tcbn65lp_6lmT1/LNSNDQD1
   tcbn65lp_6lmT1/LNSNDQD2
   tcbn65lp_6lmT1/LNSNDQD4
   tcbn65lp_6lmT1/LNSNQD1
   tcbn65lp_6lmT1/LNSNQD2
   tcbn65lp_6lmT1/LNSNQD4
   tcbn65lp_6lmT1/SDFCND0
   tcbn65lp_6lmT1/SDFCND1
   tcbn65lp_6lmT1/SDFCND2
   tcbn65lp_6lmT1/SDFCND4
   tcbn65lp_6lmT1/SDFCNQD0
   tcbn65lp_6lmT1/SDFCNQD1
   tcbn65lp_6lmT1/SDFCNQD2
   tcbn65lp_6lmT1/SDFCNQD4
   tcbn65lp_6lmT1/SDFCSND0
   tcbn65lp_6lmT1/SDFCSND1
   tcbn65lp_6lmT1/SDFCSND2
   tcbn65lp_6lmT1/SDFCSND4
   tcbn65lp_6lmT1/SDFCSNQD0
   tcbn65lp_6lmT1/SDFCSNQD1
   tcbn65lp_6lmT1/SDFCSNQD2
   tcbn65lp_6lmT1/SDFCSNQD4
   tcbn65lp_6lmT1/SDFD0
   tcbn65lp_6lmT1/SDFD1
   tcbn65lp_6lmT1/SDFD2
   tcbn65lp_6lmT1/SDFD4
   tcbn65lp_6lmT1/SDFKCND0
   tcbn65lp_6lmT1/SDFKCND1
   tcbn65lp_6lmT1/SDFKCND2
   tcbn65lp_6lmT1/SDFKCND4
   tcbn65lp_6lmT1/SDFKCNQD0
   tcbn65lp_6lmT1/SDFKCNQD1
   tcbn65lp_6lmT1/SDFKCNQD2
   tcbn65lp_6lmT1/SDFKCNQD4
   tcbn65lp_6lmT1/SDFKCSND0
   tcbn65lp_6lmT1/SDFKCSND1
   tcbn65lp_6lmT1/SDFKCSND2
   tcbn65lp_6lmT1/SDFKCSND4
   tcbn65lp_6lmT1/SDFKCSNQD0
   tcbn65lp_6lmT1/SDFKCSNQD1
   tcbn65lp_6lmT1/SDFKCSNQD2
   tcbn65lp_6lmT1/SDFKCSNQD4
   tcbn65lp_6lmT1/SDFKSND0
   tcbn65lp_6lmT1/SDFKSND1
   tcbn65lp_6lmT1/SDFKSND2
   tcbn65lp_6lmT1/SDFKSND4
   tcbn65lp_6lmT1/SDFKSNQD0
   tcbn65lp_6lmT1/SDFKSNQD1
   tcbn65lp_6lmT1/SDFKSNQD2
   tcbn65lp_6lmT1/SDFKSNQD4
   tcbn65lp_6lmT1/SDFNCND0
   tcbn65lp_6lmT1/SDFNCND1
   tcbn65lp_6lmT1/SDFNCND2
   tcbn65lp_6lmT1/SDFNCND4
   tcbn65lp_6lmT1/SDFNCSND0
   tcbn65lp_6lmT1/SDFNCSND1
   tcbn65lp_6lmT1/SDFNCSND2
   tcbn65lp_6lmT1/SDFNCSND4
   tcbn65lp_6lmT1/SDFND0
   tcbn65lp_6lmT1/SDFND1
   tcbn65lp_6lmT1/SDFND2
   tcbn65lp_6lmT1/SDFND4
   tcbn65lp_6lmT1/SDFNSND0
   tcbn65lp_6lmT1/SDFNSND1
   tcbn65lp_6lmT1/SDFNSND2
   tcbn65lp_6lmT1/SDFNSND4
   tcbn65lp_6lmT1/SDFQD0
   tcbn65lp_6lmT1/SDFQD1
   tcbn65lp_6lmT1/SDFQD2
   tcbn65lp_6lmT1/SDFQD4
   tcbn65lp_6lmT1/SDFQND0
   tcbn65lp_6lmT1/SDFQND1
   tcbn65lp_6lmT1/SDFQND2
   tcbn65lp_6lmT1/SDFQND4
   tcbn65lp_6lmT1/SDFSND0
   tcbn65lp_6lmT1/SDFSND1
   tcbn65lp_6lmT1/SDFSND2
   tcbn65lp_6lmT1/SDFSND4
   tcbn65lp_6lmT1/SDFSNQD0
   tcbn65lp_6lmT1/SDFSNQD1
   tcbn65lp_6lmT1/SDFSNQD2
   tcbn65lp_6lmT1/SDFSNQD4
   tcbn65lp_6lmT1/SDFXD0
   tcbn65lp_6lmT1/SDFXD1
   tcbn65lp_6lmT1/SDFXD2
   tcbn65lp_6lmT1/SDFXD4
   tcbn65lp_6lmT1/SDFXQD0
   tcbn65lp_6lmT1/SDFXQD1
   tcbn65lp_6lmT1/SDFXQD2
   tcbn65lp_6lmT1/SDFXQD4
   tcbn65lp_6lmT1/SEDFCND0
   tcbn65lp_6lmT1/SEDFCND1
   tcbn65lp_6lmT1/SEDFCND2
   tcbn65lp_6lmT1/SEDFCND4
   tcbn65lp_6lmT1/SEDFCNQD0
   tcbn65lp_6lmT1/SEDFCNQD1
   tcbn65lp_6lmT1/SEDFCNQD2
   tcbn65lp_6lmT1/SEDFCNQD4
   tcbn65lp_6lmT1/SEDFD0
   tcbn65lp_6lmT1/SEDFD1
   tcbn65lp_6lmT1/SEDFD2
   tcbn65lp_6lmT1/SEDFD4
   tcbn65lp_6lmT1/SEDFXD0
   tcbn65lp_6lmT1/SEDFXD1
   tcbn65lp_6lmT1/SEDFXD2
   tcbn65lp_6lmT1/SEDFXD4
   tcbn65lp_6lmT1/SEDFKCND0
   tcbn65lp_6lmT1/SEDFKCND1
   tcbn65lp_6lmT1/SEDFKCND2
   tcbn65lp_6lmT1/SEDFKCND4
   tcbn65lp_6lmT1/SEDFKCNQD0
   tcbn65lp_6lmT1/SEDFKCNQD1
   tcbn65lp_6lmT1/SEDFKCNQD2
   tcbn65lp_6lmT1/SEDFKCNQD4
   tcbn65lp_6lmT1/SEDFQD0
   tcbn65lp_6lmT1/SEDFQD1
   tcbn65lp_6lmT1/SEDFQD2
   tcbn65lp_6lmT1/SEDFQD4
   tcbn65lp_6lmT1/SEDFQXD0
   tcbn65lp_6lmT1/SEDFQXD1
   tcbn65lp_6lmT1/SEDFQXD2
   tcbn65lp_6lmT1/SEDFQXD4
   tcbn65lp_6lmT1/SEDFQND0
   tcbn65lp_6lmT1/SEDFQND1
   tcbn65lp_6lmT1/SEDFQND2
   tcbn65lp_6lmT1/SEDFQND4
   tcbn65lp_6lmT1/SEDFQNXD0
   tcbn65lp_6lmT1/SEDFQNXD1
   tcbn65lp_6lmT1/SEDFQNXD2
   tcbn65lp_6lmT1/SEDFQNXD4

Information: 'WC' is identified as primary corner for initial clock tree building. (CTS-103)
Warning: No clock routing rule is specified. (CTS-038)

Clock cell spacing rule list:
   No clock cell spacing rule is found.
CCD MOO settings for (gccd2gre, qor_tns): 2 engines
    Engine NONE_POWER has 9 objectives, 1 enabled moves, iterationLimit = 1, solverType = CG_LP, estimateFanoutPower = 0, mergeIOWithR2R = 0, areaOnly = 0, useOldEngine = 0, preponeOpt = 0
                tns300Cutoff = 300, capAllowance = 1.600000, cgccdScaleBack = 5, powerccdScaleBack = 0, needTrialSeedGeneration = 0, drcMargin = 0.000000, commitOneByOne = 0
            NONE_POWER: priority 10, weight 20.000000, degradationPercentAllowed 0.005000, step back 0.150000, isTargeted 1, isMaximize 0
            R2R_TNS: priority 20, weight 2.000000, degradationPercentAllowed 0.001000, step back 0.100000, isTargeted 1, isMaximize 1
            SLOWR2R_TNS: priority 20, weight 2.000000, degradationPercentAllowed 0.001000, step back 0.100000, isTargeted 1, isMaximize 1
            HOLD_TNS: priority 30, weight 1.000000, degradationPercentAllowed 0.001000, step back 0.100000, isTargeted 1, isMaximize 1
            R2R_WNS: priority 40, weight 1.000000, degradationPercentAllowed 0.000000, step back 0.050000, isTargeted 1, isMaximize 1
            SLOWR2R_WNS: priority 40, weight 1.000000, degradationPercentAllowed 0.000000, step back 0.050000, isTargeted 1, isMaximize 1
            HOLD_WNS: priority 50, weight 1.000000, degradationPercentAllowed 0.000000, step back 0.050000, isTargeted 0, isMaximize 1
            IO_TNS: priority 60, weight 1.000000, degradationPercentAllowed 0.001000, step back 0.050000, isTargeted 0, isMaximize 1
            NONE_TOTAL_OFFSET: priority 100, weight 1.000000, degradationPercentAllowed nan, step back 0.050000, isTargeted 0, isMaximize 1
        Moves enabled: SIZE_REGISTER_POWER, 
    Engine NONE_POWER has 9 objectives, 1 enabled moves, iterationLimit = 1, solverType = CG_LP, estimateFanoutPower = 1, mergeIOWithR2R = 0, areaOnly = 0, useOldEngine = 0, preponeOpt = 0
                tns300Cutoff = 300, capAllowance = 100.000000, cgccdScaleBack = 5, powerccdScaleBack = 0, needTrialSeedGeneration = 0, drcMargin = 0.000000, commitOneByOne = 0
            NONE_POWER: priority 10, weight 20.000000, degradationPercentAllowed 0.005000, step back 0.150000, isTargeted 1, isMaximize 0
            R2R_TNS: priority 20, weight 2.000000, degradationPercentAllowed 0.001000, step back 0.100000, isTargeted 1, isMaximize 1
            SLOWR2R_TNS: priority 20, weight 2.000000, degradationPercentAllowed 0.001000, step back 0.100000, isTargeted 1, isMaximize 1
            HOLD_TNS: priority 30, weight 1.000000, degradationPercentAllowed 0.001000, step back 0.100000, isTargeted 1, isMaximize 1
            R2R_WNS: priority 40, weight 1.000000, degradationPercentAllowed 0.000000, step back 0.050000, isTargeted 1, isMaximize 1
            SLOWR2R_WNS: priority 40, weight 1.000000, degradationPercentAllowed 0.000000, step back 0.050000, isTargeted 1, isMaximize 1
            HOLD_WNS: priority 50, weight 1.000000, degradationPercentAllowed 0.000000, step back 0.050000, isTargeted 0, isMaximize 1
            IO_TNS: priority 60, weight 1.000000, degradationPercentAllowed 0.001000, step back 0.050000, isTargeted 0, isMaximize 1
            NONE_TOTAL_OFFSET: priority 100, weight 1.000000, degradationPercentAllowed nan, step back 0.050000, isTargeted 0, isMaximize 1
        Moves enabled: SIZE_CLOCK_POWER, 
DBG: ccdInfra::ccdInfra
Drc Mode Option: auto
Information: Legalizer's PDC rule check is NOT enabled
Information: Legalizer's advanced rule check is NOT enabled
CCD blasted path groups
DBG: ccdInfra::initAppOptions
DBG: ccdInfra::initCtsFixedBalancePins
CCD initialization runtime: cpu 4.000922, elapsed 0.935206, speed up 4.278119.

CCD-Info: App options set by user
   ccd.hold_control_effort = medium

CCD: Netlist change observers are disabled for incremental timing updates
Information: The netlist change observers are disabled for incremental timing updates. (TIM-119)
Information: The timing has been updated before disabling netlist and extraction change observers. (TIM-121)
CCD: using 8 threads
CTSSC route status detected: clock (VR 0, GR 2262, DR 81690), data (VR 0, GR 642765, DR 0); stage = auto, isPostRoute = FALSE
INFO: optApi switch to CTS purpose
enhanced site row merge :  1
Key: core, value: 0xf7bd2f00
Number of Site types in the design = 1
Total power = 23.463213, Leakage = 0.088381, Internal = 18.352474, Switching = 5.022358
Information: 'WC' is identified as primary corner for initial clock tree building. (CTS-103)

CCD: Initial QOR:
---------------------------------------------------------------------------------------------
 Design (setup) WNS = 1.040792, TNS = 0.000000, NVP = 0
 Design (hold) WNHS = 0.001633, TNHS = 0.000000, NHVP = 0

    Scenario FUNC_WC  WNS = 1.040792, TNS = 0.000000, NVP = 0
    Scenario FUNC_BC  WNHS = 0.001633, TNHS = 0.000000, NHVP = 0
---------------------------------------------------------------------------------------------
CCD-QoR: Timing: WNS = 1.041, TNS = 0.000, NVP = 0, UNWEIGHTED_TNS = 0.000, WNHS = 0.002, TNHS = 0.000, NHVP = 0, UNWEIGHTED_TNHS = 0.000, R2R(wns=1.040792, tns=0.000000, nvp=0)
 All scenarios used by CCD
    scenario 0: FUNC_BC , isMaxTran, isMaxCap
          mode: FUNC, id = 1
          corner: BC, id = 2
          isHold: wns = 0.001633, unweighted tns = 0.000000

    scenario 1: FUNC_WC , isDynamicPower, isLeakagePower, isMaxTran, isMaxCap, hold blocked 
          mode: FUNC, id = 1
          corner: WC, id = 1
          isSetup: wns = 1.040792, unweighted tns = 0.000000

Enable clock slack update

    Optimization Summary 		

-------------------------------------------------

  # Seeds generated                              0
  # Valid linear regressions                     0
  # Seeds with valid budget                      0
  # Seeds with accepted implementation           0
  # NumCTCells changed                           0


  # Total CPU time                               00h:00m:06s
  # Total elapsed time                           00h:00m:01s
  # Flow total speed up                          3.848535
  # Init lazy tns CPU time                       00h:00m:04s
  # Init lazy tns elapsed time                   00h:00m:01s
  # Init lazy tns speed up                       3.417259
  # Seed generation CPU time                     00h:00m:01s
  # Seed generation elapsed time                 00h:00m:00s
  # Seed generation speed up                     6.735232

-------------------------------------------------


CCD: After FMAX optimization:gccd2gre_NONE_POWER0
---------------------------------------------------------------------------------------------
 Design (setup) WNS = 1.040792, TNS = 0.000000, NVP = 0
 Design (hold) WNHS = 0.001633, TNHS = 0.000000, NHVP = 0

    Scenario FUNC_WC  WNS = 1.040792, TNS = 0.000000, NVP = 0
    Scenario FUNC_BC  WNHS = 0.001633, TNHS = 0.000000, NHVP = 0
---------------------------------------------------------------------------------------------
CCD-QoR: Timing: WNS = 1.041, TNS = 0.000, NVP = 0, UNWEIGHTED_TNS = 0.000, WNHS = 0.002, TNHS = 0.000, NHVP = 0, UNWEIGHTED_TNHS = 0.000, R2R(wns=1.040792, tns=0.000000, nvp=0)

    Optimization Summary 		

-------------------------------------------------

  # Seeds generated                              204
  # Valid linear regressions                     204
  # Seeds with valid budget                      199
  # Seeds with accepted implementation           199
  # NumCTCells changed                           0

  # Number of cells sized                        199
  # Number of cells added                        0
  # Number of cells removed                      0
  # Number of cells relocated                    0
  # Number of cells flipped rotated              0

  # Total CPU time                               00h:00m:42s
  # Total elapsed time                           00h:00m:06s
  # Flow total speed up                          6.734618
  # Init lazy tns CPU time                       00h:00m:04s
  # Init lazy tns elapsed time                   00h:00m:00s
  # Init lazy tns speed up                       6.706052
  # Seed generation CPU time                     00h:00m:00s
  # Seed generation elapsed time                 00h:00m:00s
  # Seed generation speed up                     5.316118
  # Linear regression CPU time                   00h:00m:22s
  # Linear regression elapsed time               00h:00m:02s
  # Linear regression speed up                   7.885130
  # LP solver CPU time                           00h:00m:00s
  # LP solver elapsed time                       00h:00m:00s
  # LP solver speed up                           1.370438
  # Breakdown of elapsed runtime for solver:     
     Lazy model initializations:                 61.64%
     Prepare moo/get initial QOR:                19.89%
     Commit/annotate budget:                     11.84%
     Solve runtime: 6.51% of which 0.97% is incremental-LP runtime
     Other:                                      0.12%
  # Sg implementation CPU time                   00h:00m:00s
  # Sg implementation elapsed time               00h:00m:00s
  # Sg speed up                                  0.999505
  # Commit CPU time                              00h:00m:14s
  # Commit elapsed time                          00h:00m:02s
  # Commit speed up                              7.120123

-------------------------------------------------


CCD: After FMAX optimization:gccd2gre_NONE_POWER1
---------------------------------------------------------------------------------------------
 Design (setup) WNS = 1.062651, TNS = 0.000000, NVP = 0
 Design (hold) WNHS = 0.001554, TNHS = 0.000000, NHVP = 0

    Scenario FUNC_WC  WNS = 1.062651, TNS = 0.000000, NVP = 0
    Scenario FUNC_BC  WNHS = 0.001554, TNHS = 0.000000, NHVP = 0
---------------------------------------------------------------------------------------------
CCD-QoR: Timing: WNS = 1.063, TNS = 0.000, NVP = 0, UNWEIGHTED_TNS = 0.000, WNHS = 0.002, TNHS = 0.000, NHVP = 0, UNWEIGHTED_TNHS = 0.000, R2R(wns=1.062651, tns=0.000000, nvp=0)
Information: The netlist change observers are enabled for incremental timing updates. (TIM-120)
Route Cleanup and Reuse: 0 shapes being reused for 0 clock nets
INFO: optApi switch to OPTO purpose
enhanced site row merge :  1
Key: core, value: 0xdfeb3ab8
Number of Site types in the design = 1
 CCD flow runtime: cpu 55.941757, elapsed 9.216991, speed up 6.069416.
CCD unblasted path groups
Mark clock trees...
Marking clock synthesized attributes

Marking spacing rules

Clock cell spacing rule list:
   No clock cell spacing rule is found.

Summary of messages during CTS:
===============================================================
  Tag   Count  Type           Description
---------------------------------------------------------------
CTS-038    1  Warning  No clock routing rule is specified.
INFO: cellmap features:  adv-rules=(N), pdc=(N), clock-rules=(Y)

Enable clock slack update
INFO: cellmap features:  adv-rules=(Y), pdc=(Y), clock-rules=(Y)
Clock-opt optimization summary            SETUP-COST    R2R-COST HOLD-COST LDRC-COST          AREA     LEAKAGE     INSTCNT            ELAPSE       MEM
Clock-opt optimization Phase 27 Iter  1         0.00        0.00      0.06         0     421282.81    88084.85      112249              0.33      3387
INFO: cellmap features:  adv-rules=(N), pdc=(N), clock-rules=(Y)

Clock-opt optimization Phase 28 Iter  1         0.00        0.00      0.06         0     421281.72    88083.38      112249              0.33      3387
INFO: New Levelizer turned on
[ISR-TRACE] Potential Bucket: Pass 1  Index 0  #Total-cands   5894 ( 6.71%) SumPotEst 0.32413676 (98.71%) 
[ISR-TRACE] Potential Bucket: Pass 1  Index 1  #Total-cands  81960 (93.29%) SumPotEst 0.00422337 ( 1.29%) 
[ISR-TRACE] Pass 1  Bucket 1  #Batches  126  #Initial-Cands   5894  #PostFilter-Cands   4555  #Comitted  554 (12.16%)  #lowRoi-filter  1339
[ISR-TRACE] Pass 1  Bucket 2  #Batches  261  #Initial-Cands  81960  #PostFilter-Cands  47107  #Comitted  756 ( 1.60%)  #isDownsizable-filter 22361  #lowRoi-filter 12492
[ISR-TRACE] Pass 1    Filter stats     #static   #dynamic
[ISR-TRACE]            bufrem-filter       0 |      0 
[ISR-TRACE]          holdviol-filter       0 |      0 
[ISR-TRACE]     isDownsizable-filter       0 |  22361 
[ISR-TRACE]            lowRoi-filter       0 |  13831 
[ISR-TRACE]         ok-driver-filter   48300 |      0 
[ISR-TRACE]             slack-filter       0 |      0 

Clock-opt optimization Phase 28 Iter  2         0.00        0.00      0.06         0     419693.75    87309.84      112249              0.34      3387
INFO: New Levelizer turned on
[ISR-TRACE] Potential Bucket: Pass 1  Index 0  #Total-cands   3251 ( 3.73%) SumPotEst 0.01552290 (78.98%) 
[ISR-TRACE] Potential Bucket: Pass 1  Index 1  #Total-cands   3496 ( 4.01%) SumPotEst 0.00228041 (11.60%) 
[ISR-TRACE] Potential Bucket: Pass 1  Index 2  #Total-cands  80341 (92.25%) SumPotEst 0.00184967 ( 9.41%) 
[ISR-TRACE] Pass 1  Bucket 1  #Batches   68  #Initial-Cands   3251  #PostFilter-Cands   3251  #Comitted  113 ( 3.48%)
[ISR-TRACE] Pass 1  Bucket 2  #Batches   78  #Initial-Cands   3496  #PostFilter-Cands   3496  #Comitted   90 ( 2.57%)
[ISR-TRACE] Pass 1  Bucket 3  #Batches  123  #Initial-Cands  80341  #PostFilter-Cands  46041  #Comitted  432 ( 0.94%)  #isDownsizable-filter 25646  #lowRoi-filter  8654
[ISR-TRACE] Pass 1    Filter stats     #static   #dynamic
[ISR-TRACE]            bufrem-filter       0 |      0 
[ISR-TRACE]          holdviol-filter       0 |      0 
[ISR-TRACE]     isDownsizable-filter       0 |  25646 
[ISR-TRACE]            lowRoi-filter       0 |   8654 
[ISR-TRACE]         ok-driver-filter   48300 |      0 
[ISR-TRACE]             slack-filter       0 |      0 


Clock-opt optimization Phase 29 Iter  1         0.00        0.00      0.06         0     419626.09    87135.41      111483              0.34      3387
INFO: New Levelizer turned on

Corner Scaling is off, multiplier is 1.000000
Information: Using default layer M4 (OPT-079)
Corner Scaling is off, multiplier is 1.000000
Information: Using default layer M4 (OPT-079)
Clock-opt optimization Phase 30 Iter  1         0.00        0.00      0.06         0     419589.38    87134.85      111448              0.35      3387
Information: Using default layer M4 (OPT-079)
Information: Using default layer M4 (OPT-079)
Information: Using default layer M4 (OPT-079)
Information: Using default layer M4 (OPT-079)
Information: Using default layer M4 (OPT-079)
Information: Using default layer M4 (OPT-079)
Information: Using default layer M4 (OPT-079)
Information: Using default layer M4 (OPT-079)

Clock-opt optimization Phase 31 Iter  1         0.00        0.00      0.06         0     419538.97    87096.59      111443              0.35      3387

Clock-opt optimization Phase 32 Iter  1         0.00        0.00      0.06         0     419538.97    87096.59      111443              0.35      3387
Warning: Design includes unreasonable large hold violation(s). (OPT-209)
Clock-opt optimization Phase 32 Iter  2         0.00        0.00      0.06         0     419538.97    87096.59      111443              0.35      3387
Warning: Design includes unreasonable large hold violation(s). (OPT-209)
INFO: updating slack distrubution time borrowing 
updateTimeBorrowsAndSi elapsed: 2.568000


Clock-opt route preserve complete         CPU:  4996 s (  1.39 hr )  ELAPSE:  1266 s (  0.35 hr )  MEM-PEAK:  3387 MB

INFO: Sending timing info to router
Information: The netlist change observers are enabled for incremental extraction. (TIM-127)
nplDplc2Placer::setParam(effort,1)
nplDplc2Placer::setParam(debug,0)
nplDplc2Placer::setParam(site_check,2)
nplDplc2Placer::setParam(app_firm_wgt,0)
Warning: Routing direction of metal layer PO is neither "horizontal" nor "vertical".  PDC checks will not be performed on this layer. (PDC-003)
PDC app_options settings =========
	place.legalize.enable_prerouted_net_check: 1
	place.legalize.num_tracks_for_access_check: 1
	place.legalize.use_eol_spacing_for_access_check: 0
	place.legalize.allow_touch_track_for_access_check: 1
	place.legalize.reduce_conservatism_in_eol_check: 0
	place.legalize.preroute_shape_merge_distance: 0.0
	place.legalize.enable_non_preferred_direction_span_check: 0

Layer M1: cached 0 shapes out of 118859 total shapes.
Layer M2: cached 0 shapes out of 304604 total shapes.
Cached 0 vias out of 940838 total vias.

Legalizing Top Level Design pde_chip_top_safe ... 
Information: Initializing classic cellmap without advanced rules enabled and without PDC enabled
Information: The following app options are used in cellmap
        place.legalize.enable_color_aware_placement : false
        place.legalize.use_nll_query_cm : false
        place.legalize.enable_advanced_legalizer : false
        place.legalize.enable_prerouted_net_check : true
        place.legalize.enable_advanced_prerouted_net_check : false
        place.legalize.always_continue : true
        place.legalize.limit_legality_checks : false
        place.common.pnet_aware_density : 1.0000
        place.common.pnet_aware_min_width : 0.0000
        place.common.pnet_aware_layers : {}
        place.common.use_placement_model : false
        place.common.enable_advanced_placement_model : true
        cts.placement.cell_spacing_rule_style : maximum
Total 0.1199 seconds to build cellmap data
Information: Creating classic rule checker.
Warning: Routing direction of metal layer PO is neither "horizontal" nor "vertical".  PDC checks will not be performed on this layer. (PDC-003)
=====> Processed 169 ref cells (0 fillers) from library

Bounds/Regions In This Design:
        Area    Num Cells  Exclusive Name
 (square um)
      731025       111441        Yes DEFAULT_VA

Starting legalizer.
Warning: Exclusive bound 'DEFAULT' has no cells.
Optimizing Exclusive Bound 'DEFAULT_VA' (2/2)
    Done Exclusive Bound 'DEFAULT_VA' (2/2) (2 sec)
Legalization complete (3 total sec)

****************************************
  Report : Placement Attempts
  Site   : core
****************************************

number of cells:                 111441
number of references:               169
number of site rows:                475
number of locations attempted:  2412244
number of locations failed:           0  (0.0%)

Legality of references at locations:
0 references had failures.

Legality of references in rows:
0 references had row failures.

****************************************
  Report : Cell Displacements
****************************************

number of cells aggregated:      110953 (1160447 total sites)
avg row height over cells:        1.800 um
rms cell displacement:            0.031 um ( 0.02 row height)
rms weighted cell displacement:   0.031 um ( 0.02 row height)
max cell displacement:            1.897 um ( 1.05 row height)
avg cell displacement:            0.002 um ( 0.00 row height)
avg weighted cell displacement:   0.002 um ( 0.00 row height)
number of cells moved:              560
number of large displacements:        0
large displacement threshold:     3.000 row height

Displacements of worst 10 cells:
Cell: u_impl/u_core/g_row_4__g_col_4__u_pe/u_r_red/copt_gre_mt_inst_27963 (CKBD0)
  Input location: (617.6,177.4)
  Legal location: (617,175.6)
  Displacement:   1.897 um ( 1.05 row height)
Cell: u_impl/u_core/g_row_18__g_col_9__u_pe/copt_gre_mt_inst_27975 (CKBD0)
  Input location: (761.6,634.6)
  Legal location: (761.2,632.8)
  Displacement:   1.844 um ( 1.02 row height)
Cell: u_impl/U15936 (OA22D0)
  Input location: (649.4,292.6)
  Legal location: (649.8,294.4)
  Displacement:   1.844 um ( 1.02 row height)
Cell: u_impl/u_core/g_row_0__g_col_9__u_pe/u_sol/copt_gre_mt_inst_28099 (CKBD0)
  Input location: (849.4,310.6)
  Legal location: (849,308.8)
  Displacement:   1.844 um ( 1.02 row height)
Cell: u_impl/gre_a_BUF_86_inst_28172 (CKBD3)
  Input location: (637.2,321.4)
  Legal location: (637.4,323.2)
  Displacement:   1.811 um ( 1.01 row height)
Cell: u_impl/gre_a_BUF_95_inst_28163 (CKBD4)
  Input location: (587,346.6)
  Legal location: (587.2,344.8)
  Displacement:   1.811 um ( 1.01 row height)
Cell: u_impl/u_core/g_row_4__g_col_0__u_pe/u_r_red/gre_a_BUF_13_inst_28178 (BUFFD1)
  Input location: (623,271)
  Legal location: (622.8,269.2)
  Displacement:   1.811 um ( 1.01 row height)
Cell: u_impl/u_core/g_row_14__g_col_8__u_pe/u_r_red/gre_a_BUF_22_inst_28165 (BUFFD1)
  Input location: (369.2,681.4)
  Legal location: (369,683.2)
  Displacement:   1.811 um ( 1.01 row height)
Cell: u_impl/copt_gre_mt_inst_27931 (CKBD3)
  Input location: (444.4,571.6)
  Legal location: (444.4,573.4)
  Displacement:   1.800 um ( 1.00 row height)
Cell: u_impl/u_core/g_row_16__g_col_6__u_pe/u_sol/copt_gre_mt_inst_28061 (BUFFD1)
  Input location: (68.4,667)
  Legal location: (68.4,668.8)
  Displacement:   1.800 um ( 1.00 row height)

Legalization succeeded.
Total Legalizer CPU: 4.633
Total Legalizer Wall Time: 4.633
----------------------------------------------------------------

Clock-opt legalization complete           CPU:  5001 s (  1.39 hr )  ELAPSE:  1271 s (  0.35 hr )  MEM-PEAK:  3387 MB
rtapi Thread-server 1: shutdown 
rtapi Thread-server 6: shutdown 
rtapi Thread-server 2: shutdown 
rtapi Thread-server 5: shutdown 
rtapi Thread-server 0: shutdown 
rtapi Thread-server 4: shutdown 
rtapi Thread-server 3: shutdown 
rtapi Thread-server 7: shutdown 

No. startProblems      = 19860 

No. doRoutes           =     2 
No. doUnroutes         =     2 
No. redoRoutes         =     0 
No. redoUnroutes       =     0 
No. undoRoutes         =     2 
No. undoUnroutes       =     2 
No. commitRoutes       =     0 
No. commitUnroutes     =     0 
No. uncommitRoutes     =     0 
No. uncommitUnroutes   =     0 
No. doRoute fails      =     0 
No. doUnroute fails    =     0 

No. viaLadderQueries   =     0 
No. doDelVias          =     0 
No. doAddVias          =     0 
No. redoDelVias        =     0 
No. redoAddVias        =     0 
No. undoDelVias        =     0 
No. undoAddVias        =     0 
No. commitChangeVias   =     0 
No. uncommitChangeVias =     0 
No. doDelVias fails    =     0 
No. doAddVias fails    =     0 

Updating congestion ...
Updating congestion ...
GR Routing Service: Wrote GR congmap to NDM 
Information: The netlist change observers are disabled for incremental extraction. (TIM-126)
Information: The netlist change observers are enabled for incremental extraction. (TIM-127)
INFO: Running refresh_via_ladders
Information: Forcing rerun of global router after global_route_opt due to app option route.global.force_rerun_after_global_route_opt being set. (ZRT-608)
Warning: Please run the command "check_routability" before running Zroute commands. (ZRT-762)
Information: The net parasitics of block pde_chip_top_safe are cleared. (TIM-123)
No cell change area manager for zroute
Start Global Route ... 
[Init] Elapsed real time: 0:00:00 
[Init] Elapsed cpu  time: sys=0:00:00 usr=0:00:00 total=0:00:00
[Init] Stage (MB): Used    0  Alloctr    0  Proc    0 
[Init] Total (MB): Used    7  Alloctr   10  Proc 6812 
Printing options for 'route.common.*'
common.verbose_level                                    :	 0                   

Printing options for 'route.global.*'
global.crosstalk_driven                                 :	 false               
global.force_rerun_after_global_route_opt               :	 true                
global.timing_driven                                    :	 false               

Begin global routing.
Cell Min-Routing-Layer = M1
Cell Max-Routing-Layer = M6
Turn off antenna since no rule is specified
Information: Option route.detail.force_end_on_preferred_grid will be ignored since none of the layers have preferred grid. (ZRT-703)
Info: number of net_type_blockage: 0 
Information: Via ladder engine would be activated for pattern must join connection in certain commands. Please refer to man-page for the command list. (ZRT-619)
Via on layer (VIA1) needs more than one tracks
Warning: Layer M1 default pitch 0.200 may be too small to handle up/down via. Note, that minimum requirements are "wire/via-down 0.180" & "wire/via-up 0.225". (ZRT-026)
Via on layer (VIA5) needs more than one tracks
Warning: Layer M5 default pitch 0.200 may be too small to handle up/down via. Note, that minimum requirements are "wire/via-down 0.200" & "wire/via-up 0.350". (ZRT-026)
Via on layer (RV) needs more than one tracks
Warning: Layer M6 default pitch 0.800 may be too small to handle up/down via. Note, that minimum requirements are "wire/via-down 0.800" & "wire/via-up 3.600". (ZRT-026)
Information: When applicable Min-max layer allow_pin_connection mode will allow paths of length 3.00 outside the layer range. (ZRT-707)
Information: When applicable Min-max layer allow_pin_connection mode will allow paths of length 3.00 outside the layer range on clock nets. (ZRT-718)
Information: When applicable layer based tapering will taper up to 0.00 in distance from the pin. (ZRT-706)
Current Stage stats:
[End of Read DB] Elapsed real time: 0:00:01 
[End of Read DB] Elapsed cpu  time: sys=0:00:00 usr=0:00:07 total=0:00:07
[End of Read DB] Stage (MB): Used  242  Alloctr  244  Proc  -32 
[End of Read DB] Total (MB): Used  250  Alloctr  254  Proc 6780 
Loading parastics information to the router ...
parastics information loaded to the router.
[End of Loading Timing] Elapsed real time: 0:00:00 
[End of Loading Timing] Elapsed cpu  time: sys=0:00:00 usr=0:00:00 total=0:00:00
Constructing data structure ...
Design statistics:
Design Bounding Box (0.00um,0.00um,875.00um,875.00um)
Number of routing layers = 7
layer M1, dir Hor, min width = 0.09um, min space = 0.09um pitch = 0.2um
layer M2, dir Ver, min width = 0.1um, min space = 0.1um pitch = 0.2um
layer M3, dir Hor, min width = 0.1um, min space = 0.1um pitch = 0.2um
layer M4, dir Ver, min width = 0.1um, min space = 0.1um pitch = 0.2um
layer M5, dir Hor, min width = 0.1um, min space = 0.1um pitch = 0.2um
layer M6, dir Ver, min width = 0.4um, min space = 0.4um pitch = 0.8um
layer AP, dir Hor, min width = 3um, min space = 2um pitch = 6.5um
Current Stage stats:
[End of Build Tech Data] Elapsed real time: 0:00:00 
[End of Build Tech Data] Elapsed cpu  time: sys=0:00:00 usr=0:00:00 total=0:00:00
[End of Build Tech Data] Stage (MB): Used    4  Alloctr    4  Proc    0 
[End of Build Tech Data] Total (MB): Used  255  Alloctr  259  Proc 6780 
Net statistics:
Total number of nets     = 114480
Number of nets to route  = 114408
14 nets are partially connected,
 of which 0 are detail routed and 14 are global routed.
114084 nets are fully connected,
 of which 72 are detail routed and 113593 are global routed.
Net length statistics: 
Net Count(Ignore Fully Rted) 3990, Total Half Perimeter Wire Length (HPWL) 486027 microns
HPWL   0 ~   50 microns: Net Count     1884	Total HPWL        38338 microns
HPWL  50 ~  100 microns: Net Count      700	Total HPWL        53494 microns
HPWL 100 ~  200 microns: Net Count      655	Total HPWL        94103 microns
HPWL 200 ~  300 microns: Net Count      204	Total HPWL        50188 microns
HPWL 300 ~  400 microns: Net Count      245	Total HPWL        86361 microns
HPWL 400 ~  500 microns: Net Count      141	Total HPWL        64077 microns
HPWL 500 ~  600 microns: Net Count       98	Total HPWL        53623 microns
HPWL 600 ~  700 microns: Net Count       41	Total HPWL        26285 microns
HPWL 700 ~  800 microns: Net Count        9	Total HPWL         6715 microns
HPWL 800 ~  900 microns: Net Count        7	Total HPWL         6190 microns
HPWL 900 ~ 1000 microns: Net Count        4	Total HPWL         3828 microns
HPWL     > 1000 microns: Net Count        2	Total HPWL         2825 microns
Current Stage stats:
[End of Build All Nets] Elapsed real time: 0:00:00 
[End of Build All Nets] Elapsed cpu  time: sys=0:00:00 usr=0:00:00 total=0:00:00
[End of Build All Nets] Stage (MB): Used   80  Alloctr   81  Proc    0 
[End of Build All Nets] Total (MB): Used  335  Alloctr  340  Proc 6780 
Number of partitions: 1 (1 x 1)
Size of partitions: 487 gCells x 487 gCells
Average gCell capacity  2.15	 on layer (1)	 M1
Average gCell capacity  8.95	 on layer (2)	 M2
Average gCell capacity  8.97	 on layer (3)	 M3
Average gCell capacity  8.95	 on layer (4)	 M4
Average gCell capacity  8.86	 on layer (5)	 M5
Average gCell capacity  2.22	 on layer (6)	 M6
Average gCell capacity  0.28	 on layer (7)	 AP
Average number of tracks per gCell 8.99	 on layer (1)	 M1
Average number of tracks per gCell 8.99	 on layer (2)	 M2
Average number of tracks per gCell 8.99	 on layer (3)	 M3
Average number of tracks per gCell 8.99	 on layer (4)	 M4
Average number of tracks per gCell 8.99	 on layer (5)	 M5
Average number of tracks per gCell 2.25	 on layer (6)	 M6
Average number of tracks per gCell 0.28	 on layer (7)	 AP
Number of gCells = 1660183
Current Stage stats:
[End of Build Congestion Map] Elapsed real time: 0:00:01 
[End of Build Congestion Map] Elapsed cpu  time: sys=0:00:00 usr=0:00:01 total=0:00:01
[End of Build Congestion Map] Stage (MB): Used   28  Alloctr   29  Proc    0 
[End of Build Congestion Map] Total (MB): Used  363  Alloctr  370  Proc 6780 
Number of partitions: 1 (1 x 1)
Size of partitions: 487 gCells x 487 gCells
Current Stage stats:
[End of Add Nets Demand] Elapsed real time: 0:00:00 
[End of Add Nets Demand] Elapsed cpu  time: sys=0:00:00 usr=0:00:00 total=0:00:00
[End of Add Nets Demand] Stage (MB): Used    6  Alloctr    6  Proc    0 
[End of Add Nets Demand] Total (MB): Used  370  Alloctr  376  Proc 6780 
Number of user frozen nets = 0
Information: RC layer preference is turned off for this design. (ZRT-613)
Total stats:
[End of Build Data] Elapsed real time: 0:00:02 
[End of Build Data] Elapsed cpu  time: sys=0:00:00 usr=0:00:03 total=0:00:03
[End of Build Data] Stage (MB): Used  120  Alloctr  121  Proc    0 
[End of Build Data] Total (MB): Used  370  Alloctr  376  Proc 6780 
Number of partitions: 1 (1 x 1)
Size of partitions: 487 gCells x 487 gCells
Current Stage stats:
[End of Blocked Pin Detection] Elapsed real time: 0:00:02 
[End of Blocked Pin Detection] Elapsed cpu  time: sys=0:00:00 usr=0:00:02 total=0:00:02
[End of Blocked Pin Detection] Stage (MB): Used  176  Alloctr  176  Proc    0 
[End of Blocked Pin Detection] Total (MB): Used  546  Alloctr  552  Proc 6780 
Information: Using 8 threads for routing. (ZRT-444)
Information: Multiple gcell levels ON
Information: Buffer distance is estimated to be ~1417.0000um (787 gCells)

Start GR phase 0
Number of partitions: 1 (1 x 1)
Size of partitions: 487 gCells x 487 gCells
[rtAllBotParts] Elapsed real time: 0:00:03 
[rtAllBotParts] Elapsed cpu  time: sys=0:00:00 usr=0:00:03 total=0:00:03
[rtTop] Elapsed real time: 0:00:00 
[rtTop] Elapsed cpu  time: sys=0:00:00 usr=0:00:00 total=0:00:00
Number of partitions: 1 (1 x 1)
Size of partitions: 487 gCells x 487 gCells
[updNetsDmd] Elapsed real time: 0:00:00 
[updNetsDmd] Elapsed cpu  time: sys=0:00:00 usr=0:00:00 total=0:00:01
Current Stage stats:
[End of Initial Routing] Elapsed real time: 0:00:04 
[End of Initial Routing] Elapsed cpu  time: sys=0:00:00 usr=0:00:04 total=0:00:04
[End of Initial Routing] Stage (MB): Used    1  Alloctr    1  Proc    0 
[End of Initial Routing] Total (MB): Used  548  Alloctr  557  Proc 6780 
Initial. Routing result:
Initial. Both Dirs: Dmd-Cap  =     0 Max = 1 GRCs =     1 (0.00%)
Initial. H routing: Dmd-Cap  =     0 Max = 0 (GRCs =  0) GRCs =     0 (0.00%)
Initial. V routing: Dmd-Cap  =     0 Max = 1 (GRCs =  1) GRCs =     1 (0.00%)
Initial. Both Dirs: Overflow =   572 Max = 5 GRCs =   863 (0.18%)
Initial. H routing: Overflow =   561 Max = 2 (GRCs =  2) GRCs =   849 (0.36%)
Initial. V routing: Overflow =    11 Max = 5 (GRCs =  1) GRCs =    14 (0.01%)
Initial. M1         Overflow =   545 Max = 2 (GRCs =  1) GRCs =   834 (0.35%)
Initial. M2         Overflow =    11 Max = 5 (GRCs =  1) GRCs =    14 (0.01%)
Initial. M3         Overflow =     9 Max = 1 (GRCs =  9) GRCs =     9 (0.00%)
Initial. M4         Overflow =     0 Max = 0 (GRCs =  0) GRCs =     0 (0.00%)
Initial. M5         Overflow =     7 Max = 2 (GRCs =  1) GRCs =     6 (0.00%)
Initial. M6         Overflow =     0 Max = 0 (GRCs =  0) GRCs =     0 (0.00%)
Initial. AP         Overflow =     0 Max = 0 (GRCs =  0) GRCs =     0 (0.00%)

Initial. Total Wire Length = 4522501.70
Initial. Layer M1 wire length = 29108.57
Initial. Layer M2 wire length = 1038124.55
Initial. Layer M3 wire length = 1368901.41
Initial. Layer M4 wire length = 1041567.38
Initial. Layer M5 wire length = 923122.44
Initial. Layer M6 wire length = 121677.36
Initial. Layer AP wire length = 0.00
Initial. Total Number of Contacts = 860814
Initial. Via VIA12_HV count = 422152
Initial. Via VIA23 count = 364746
Initial. Via VIA34 count = 49231
Initial. Via VIA45 count = 22725
Initial. Via VIA56 count = 1960
Initial. Via VIA67 count = 0
Initial. completed.

Start GR phase 1
Tue Aug  4 16:34:06 2026
Number of partitions: 4 (2 x 2)
Size of partitions: 256 gCells x 256 gCells
10% of nets complete Elapsed cpu time: 0:00:02 Elapsed real time: 0:00:00
20% of nets complete Elapsed cpu time: 0:00:02 Elapsed real time: 0:00:00
30% of nets complete Elapsed cpu time: 0:00:02 Elapsed real time: 0:00:01
40% of nets complete Elapsed cpu time: 0:00:02 Elapsed real time: 0:00:01
50% of nets complete Elapsed cpu time: 0:00:02 Elapsed real time: 0:00:01
60% of nets complete Elapsed cpu time: 0:00:02 Elapsed real time: 0:00:01
70% of nets complete Elapsed cpu time: 0:00:03 Elapsed real time: 0:00:01
80% of nets complete Elapsed cpu time: 0:00:03 Elapsed real time: 0:00:01
90% of nets complete Elapsed cpu time: 0:00:03 Elapsed real time: 0:00:01
[rtAllParts] Elapsed real time: 0:00:01 
[rtAllParts] Elapsed cpu  time: sys=0:00:00 usr=0:00:03 total=0:00:03
Number of partitions: 4 (2 x 2)
Size of partitions: 256 gCells x 256 gCells
[updNetsDmd] Elapsed real time: 0:00:00 
[updNetsDmd] Elapsed cpu  time: sys=0:00:00 usr=0:00:01 total=0:00:01
Current Stage stats:
[End of Phase1 Routing] Elapsed real time: 0:00:01 
[End of Phase1 Routing] Elapsed cpu  time: sys=0:00:00 usr=0:00:04 total=0:00:04
[End of Phase1 Routing] Stage (MB): Used    1  Alloctr    2  Proc    0 
[End of Phase1 Routing] Total (MB): Used  549  Alloctr  559  Proc 6780 
phase1. Routing result:
phase1. Both Dirs: Dmd-Cap  =     0 Max = 0 GRCs =     0 (0.00%)
phase1. H routing: Dmd-Cap  =     0 Max = 0 (GRCs =   0) GRCs =     0 (0.00%)
phase1. V routing: Dmd-Cap  =     0 Max = 0 (GRCs =   0) GRCs =     0 (0.00%)
phase1. Both Dirs: Overflow =   419 Max = 5 GRCs =   697 (0.15%)
phase1. H routing: Overflow =   413 Max = 1 (GRCs = 695) GRCs =   695 (0.29%)
phase1. V routing: Overflow =     6 Max = 5 (GRCs =   1) GRCs =     2 (0.00%)
phase1. M1         Overflow =   413 Max = 1 (GRCs = 695) GRCs =   695 (0.29%)
phase1. M2         Overflow =     6 Max = 5 (GRCs =   1) GRCs =     2 (0.00%)
phase1. M3         Overflow =     0 Max = 0 (GRCs =   0) GRCs =     0 (0.00%)
phase1. M4         Overflow =     0 Max = 0 (GRCs =   0) GRCs =     0 (0.00%)
phase1. M5         Overflow =     0 Max = 0 (GRCs =   0) GRCs =     0 (0.00%)
phase1. M6         Overflow =     0 Max = 0 (GRCs =   0) GRCs =     0 (0.00%)
phase1. AP         Overflow =     0 Max = 0 (GRCs =   0) GRCs =     0 (0.00%)

phase1. Total Wire Length = 4522487.35
phase1. Layer M1 wire length = 28929.27
phase1. Layer M2 wire length = 1039049.42
phase1. Layer M3 wire length = 1369464.40
phase1. Layer M4 wire length = 1040937.65
phase1. Layer M5 wire length = 922720.98
phase1. Layer M6 wire length = 121385.63
phase1. Layer AP wire length = 0.00
phase1. Total Number of Contacts = 860918
phase1. Via VIA12_HV count = 422098
phase1. Via VIA23 count = 364899
phase1. Via VIA34 count = 49242
phase1. Via VIA45 count = 22725
phase1. Via VIA56 count = 1954
phase1. Via VIA67 count = 0
phase1. completed.

Start GR phase 2
Tue Aug  4 16:34:08 2026
Number of partitions: 4 (2 x 2)
Size of partitions: 256 gCells x 256 gCells
10% of nets complete Elapsed cpu time: 0:00:02 Elapsed real time: 0:00:00
20% of nets complete Elapsed cpu time: 0:00:02 Elapsed real time: 0:00:00
30% of nets complete Elapsed cpu time: 0:00:02 Elapsed real time: 0:00:00
40% of nets complete Elapsed cpu time: 0:00:02 Elapsed real time: 0:00:01
50% of nets complete Elapsed cpu time: 0:00:02 Elapsed real time: 0:00:01
60% of nets complete Elapsed cpu time: 0:00:02 Elapsed real time: 0:00:01
70% of nets complete Elapsed cpu time: 0:00:02 Elapsed real time: 0:00:01
80% of nets complete Elapsed cpu time: 0:00:03 Elapsed real time: 0:00:01
90% of nets complete Elapsed cpu time: 0:00:03 Elapsed real time: 0:00:01
[rtAllParts] Elapsed real time: 0:00:01 
[rtAllParts] Elapsed cpu  time: sys=0:00:00 usr=0:00:03 total=0:00:03
Number of partitions: 4 (2 x 2)
Size of partitions: 256 gCells x 256 gCells
[updNetsDmd] Elapsed real time: 0:00:00 
[updNetsDmd] Elapsed cpu  time: sys=0:00:00 usr=0:00:01 total=0:00:01
Current Stage stats:
[End of Phase2 Routing] Elapsed real time: 0:00:01 
[End of Phase2 Routing] Elapsed cpu  time: sys=0:00:00 usr=0:00:04 total=0:00:04
[End of Phase2 Routing] Stage (MB): Used    0  Alloctr    1  Proc    0 
[End of Phase2 Routing] Total (MB): Used  550  Alloctr  561  Proc 6780 
phase2. Routing result:
phase2. Both Dirs: Dmd-Cap  =     0 Max = 0 GRCs =     0 (0.00%)
phase2. H routing: Dmd-Cap  =     0 Max = 0 (GRCs =   0) GRCs =     0 (0.00%)
phase2. V routing: Dmd-Cap  =     0 Max = 0 (GRCs =   0) GRCs =     0 (0.00%)
phase2. Both Dirs: Overflow =   415 Max = 5 GRCs =   694 (0.15%)
phase2. H routing: Overflow =   409 Max = 1 (GRCs = 692) GRCs =   692 (0.29%)
phase2. V routing: Overflow =     6 Max = 5 (GRCs =   1) GRCs =     2 (0.00%)
phase2. M1         Overflow =   409 Max = 1 (GRCs = 692) GRCs =   692 (0.29%)
phase2. M2         Overflow =     6 Max = 5 (GRCs =   1) GRCs =     2 (0.00%)
phase2. M3         Overflow =     0 Max = 0 (GRCs =   0) GRCs =     0 (0.00%)
phase2. M4         Overflow =     0 Max = 0 (GRCs =   0) GRCs =     0 (0.00%)
phase2. M5         Overflow =     0 Max = 0 (GRCs =   0) GRCs =     0 (0.00%)
phase2. M6         Overflow =     0 Max = 0 (GRCs =   0) GRCs =     0 (0.00%)
phase2. AP         Overflow =     0 Max = 0 (GRCs =   0) GRCs =     0 (0.00%)

phase2. Total Wire Length = 4522490.84
phase2. Layer M1 wire length = 28921.99
phase2. Layer M2 wire length = 1039049.20
phase2. Layer M3 wire length = 1369475.39
phase2. Layer M4 wire length = 1040937.65
phase2. Layer M5 wire length = 922720.98
phase2. Layer M6 wire length = 121385.63
phase2. Layer AP wire length = 0.00
phase2. Total Number of Contacts = 860925
phase2. Via VIA12_HV count = 422097
phase2. Via VIA23 count = 364907
phase2. Via VIA34 count = 49242
phase2. Via VIA45 count = 22725
phase2. Via VIA56 count = 1954
phase2. Via VIA67 count = 0
phase2. completed.

Start GR phase 3
Tue Aug  4 16:34:09 2026
Number of partitions: 4 (2 x 2)
Size of partitions: 256 gCells x 256 gCells
[rtAllParts] Elapsed real time: 0:00:01 
[rtAllParts] Elapsed cpu  time: sys=0:00:00 usr=0:00:02 total=0:00:02
Number of partitions: 4 (2 x 2)
Size of partitions: 256 gCells x 256 gCells
[updNetsDmd] Elapsed real time: 0:00:00 
[updNetsDmd] Elapsed cpu  time: sys=0:00:00 usr=0:00:01 total=0:00:01
Current Stage stats:
[End of Phase3 Routing] Elapsed real time: 0:00:01 
[End of Phase3 Routing] Elapsed cpu  time: sys=0:00:00 usr=0:00:03 total=0:00:03
[End of Phase3 Routing] Stage (MB): Used    0  Alloctr    0  Proc    0 
[End of Phase3 Routing] Total (MB): Used  550  Alloctr  561  Proc 6780 
phase3. Routing result:
phase3. Both Dirs: Dmd-Cap  =     0 Max = 0 GRCs =     0 (0.00%)
phase3. H routing: Dmd-Cap  =     0 Max = 0 (GRCs =   0) GRCs =     0 (0.00%)
phase3. V routing: Dmd-Cap  =     0 Max = 0 (GRCs =   0) GRCs =     0 (0.00%)
phase3. Both Dirs: Overflow =   415 Max = 5 GRCs =   693 (0.15%)
phase3. H routing: Overflow =   409 Max = 1 (GRCs = 691) GRCs =   691 (0.29%)
phase3. V routing: Overflow =     6 Max = 5 (GRCs =   1) GRCs =     2 (0.00%)
phase3. M1         Overflow =   409 Max = 1 (GRCs = 691) GRCs =   691 (0.29%)
phase3. M2         Overflow =     6 Max = 5 (GRCs =   1) GRCs =     2 (0.00%)
phase3. M3         Overflow =     0 Max = 0 (GRCs =   0) GRCs =     0 (0.00%)
phase3. M4         Overflow =     0 Max = 0 (GRCs =   0) GRCs =     0 (0.00%)
phase3. M5         Overflow =     0 Max = 0 (GRCs =   0) GRCs =     0 (0.00%)
phase3. M6         Overflow =     0 Max = 0 (GRCs =   0) GRCs =     0 (0.00%)
phase3. AP         Overflow =     0 Max = 0 (GRCs =   0) GRCs =     0 (0.00%)

phase3. Total Wire Length = 4522492.50
phase3. Layer M1 wire length = 28923.11
phase3. Layer M2 wire length = 1039049.74
phase3. Layer M3 wire length = 1369475.39
phase3. Layer M4 wire length = 1040937.65
phase3. Layer M5 wire length = 922720.98
phase3. Layer M6 wire length = 121385.63
phase3. Layer AP wire length = 0.00
phase3. Total Number of Contacts = 860924
phase3. Via VIA12_HV count = 422096
phase3. Via VIA23 count = 364907
phase3. Via VIA34 count = 49242
phase3. Via VIA45 count = 22725
phase3. Via VIA56 count = 1954
phase3. Via VIA67 count = 0
phase3. completed.
[End of Whole Chip Routing] Elapsed real time: 0:00:14 
[End of Whole Chip Routing] Elapsed cpu  time: sys=0:00:00 usr=0:00:22 total=0:00:23
[End of Whole Chip Routing] Stage (MB): Used  299  Alloctr  307  Proc    0 
[End of Whole Chip Routing] Total (MB): Used  550  Alloctr  561  Proc 6780 

Information: Global Routing didn't terminate early. (ZRT-103)

Congestion utilization per direction:
Average vertical track utilization   = 34.66 %
Peak    vertical track utilization   = 100.00 %
Average horizontal track utilization = 32.03 %
Peak    horizontal track utilization = 100.00 %

[End of Global Routing] Elapsed real time: 0:00:14 
[End of Global Routing] Elapsed cpu  time: sys=0:00:00 usr=0:00:22 total=0:00:23
[End of Global Routing] Stage (MB): Used  272  Alloctr  279  Proc    0 
[End of Global Routing] Total (MB): Used  522  Alloctr  533  Proc 6780 
Updating the database ...
Updating congestion ...
Information: Extraction observers are detached as design net change threshold is reached.
[End of dbOut] Elapsed real time: 0:00:03 
[End of dbOut] Elapsed cpu  time: sys=0:00:00 usr=0:00:03 total=0:00:03
[End of dbOut] Stage (MB): Used -249  Alloctr -261  Proc    0 
[End of dbOut] Total (MB): Used   36  Alloctr   39  Proc 6780 

Clock-opt Incremental Global-routing complete  CPU:  5038 s (  1.40 hr )  ELAPSE:  1294 s (  0.36 hr )  MEM-PEAK:  3387 MB
Information: The stitching and editing of coupling caps is turned OFF for design 'pde_chip_top_safe.dlib:pde_chip_top_safe.design'. (TIM-125)
Information: Design pde_chip_top_safe has 114480 nets, 114068 global routed, 410 detail routed. (NEX-024)
Information: build GR coup map successfully (NEX-012)
Information: The RC mode used is GR for design 'pde_chip_top_safe'. (NEX-022)
Warning: Net 'rst_n' is exceeding threshold (over 1000 pins) and will be skipped. (NEX-020)
Information: Update timing completed net estimation for all the timing graph nets (TIM-111)
Information: Net estimation statistics: timing graph nets = 114478, routed nets = 114474, across physical hierarchy nets = 0, parasitics cached nets = 114474, delay annotated nets = 0, parasitics annotated nets = 0, multi-voltage nets = 0. (TIM-112)
Information: The netlist change observers are disabled for incremental extraction. (TIM-126)

INFO: place.legalize.enable_advanced_legalizer not set - need to revert CLO
INFO: First Clock-opt did not mark run with CLO enabled/disabled property
INFO: Concurrent Legalization and Optimization (CLO) Reverted
Information: Initializing classic cellmap without advanced rules enabled and without PDC enabled
Information: The following app options are used in cellmap
        place.legalize.enable_color_aware_placement : false
        place.legalize.use_nll_query_cm : false
        place.legalize.enable_advanced_legalizer : false
        place.legalize.enable_prerouted_net_check : true
        place.legalize.enable_advanced_prerouted_net_check : false
        place.legalize.always_continue : true
        place.legalize.limit_legality_checks : false
        place.common.pnet_aware_density : 1.0000
        place.common.pnet_aware_min_width : 0.0000
        place.common.pnet_aware_layers : {}
        place.common.use_placement_model : false
        place.common.enable_advanced_placement_model : true
        cts.placement.cell_spacing_rule_style : maximum
Total 0.1102 seconds to build cellmap data
INFO: creating 163(r) x 163(c) GridCells YDim 5.4 XDim 5.4
INFO: number of GridCells (pde_chip_top_safe): 26569
INFO: creating 163(r) x 163(c) GridCells YDim 5.4 XDim 5.4
INFO: number of GridCells (pde_chip_top_safe): 26569
Total 0.6866 seconds to load 111441 cell instances into cellmap
Moveable cells: 110953; Application fixed cells: 488; Macro cells: 0; User fixed cells: 0
0 out of 113999 data nets is detail routed, 489 out of 489 clock nets are detail routed and total 114488 nets have been analyzed
Only clock route nets/shapes. Estimated current stage is after clock detail route stage
Average cell width 2.0914, cell height 1.8000, cell area 3.7646 for total 111441 placed and application fixed cells
runtime_assert false
enhanced site row merge :  1
Key: core, value: 0xe5676780
Number of Site types in the design = 1
Setting up Chip Core
Chip Core shape: (100000 100000) (8650000 8650000)
Preroute opto area query mode: NDM
Using CLEO = true
APS-MCMM: Setup/DRC-only scenario grouping = [0 1]
Summary: is MV Ready (has MV info... UPF or derived)
Summary: design is not hierarchical
Voltage Area: id=0, index=0, name=DEFAULT_VA, is default, domain=DEFAULT_POWER_DOMAIN, scopeHier=, psn=VDD;
Number of VARs = 1
Number of unique PDs = 1
Number of Power Domains = 1
Number of Voltage Areas = 1
Number of supply Nets = 2
Number of used supplies = 0
Setup Voltages:
  Supply Net = VDD, voltages =  1.3200 1.0800
  Supply Net = VSS, voltages = 
Hold Voltages:
  Supply Net = VDD, voltages =  1.3200
  Supply Net = VSS, voltages = 
Unique Voltages in Design:  1.0800 1.3200
Default Voltage Area = DEFAULT_VA
Blocked VAs: 
Cell Min-Routing-Layer = M1
Cell Max-Routing-Layer = M6
Turn off antenna since no rule is specified
Information: Option route.detail.force_end_on_preferred_grid will be ignored since none of the layers have preferred grid. (ZRT-703)
Info: number of net_type_blockage: 0 
Information: Via ladder engine would be activated for pattern must join connection in certain commands. Please refer to man-page for the command list. (ZRT-619)
Via on layer (VIA1) needs more than one tracks
Warning: Layer M1 default pitch 0.200 may be too small to handle up/down via. Note, that minimum requirements are "wire/via-down 0.180" & "wire/via-up 0.225". (ZRT-026)
Via on layer (VIA5) needs more than one tracks
Warning: Layer M5 default pitch 0.200 may be too small to handle up/down via. Note, that minimum requirements are "wire/via-down 0.200" & "wire/via-up 0.350". (ZRT-026)
Via on layer (RV) needs more than one tracks
Warning: Layer M6 default pitch 0.800 may be too small to handle up/down via. Note, that minimum requirements are "wire/via-down 0.800" & "wire/via-up 3.600". (ZRT-026)
Information: When applicable Min-max layer allow_pin_connection mode will allow paths of length 3.00 outside the layer range. (ZRT-707)
Information: When applicable Min-max layer allow_pin_connection mode will allow paths of length 3.00 outside the layer range on clock nets. (ZRT-718)
Information: When applicable layer based tapering will taper up to 0.00 in distance from the pin. (ZRT-706)
GR Routing Service: Started IMRD 
GR Routing Service: ndmAttrDef 'usr_tmng_crit' created with default value 0 
GR Routing Service: ndmAttrDef 'rted_by_minDly' created with default value 0 
GR Routing Service: ndmAttrDef 'port_subnet_crit_blkConn' created with default value 0 
GR Routing Service: ndmAttrDef 'port_subnet_crit_blkPort' created with default value 0 
Loading timing information to the router ...
Design  Scenario FUNC_WC (Mode FUNC Corner WC)
Timing information loaded to the router.
GR Routing Service: Setting costIdx to 3 
GR Routing Service: rebuildCongmap: itr = 3 
Number of partitions: 1 (1 x 1)
Size of partitions: 487 gCells x 487 gCells
Average gCell capacity  2.15	 on layer (1)	 M1
Average gCell capacity  8.95	 on layer (2)	 M2
Average gCell capacity  8.97	 on layer (3)	 M3
Average gCell capacity  8.95	 on layer (4)	 M4
Average gCell capacity  8.86	 on layer (5)	 M5
Average gCell capacity  2.22	 on layer (6)	 M6
Average gCell capacity  0.28	 on layer (7)	 AP
Average number of tracks per gCell 8.99	 on layer (1)	 M1
Average number of tracks per gCell 8.99	 on layer (2)	 M2
Average number of tracks per gCell 8.99	 on layer (3)	 M3
Average number of tracks per gCell 8.99	 on layer (4)	 M4
Average number of tracks per gCell 8.99	 on layer (5)	 M5
Average number of tracks per gCell 2.25	 on layer (6)	 M6
Average number of tracks per gCell 0.28	 on layer (7)	 AP
Number of gCells = 1660183
Number of partitions: 16 (4 x 4)
Size of partitions: 128 gCells x 128 gCells
[updNetsDmd] Elapsed real time: 0:00:00 
[updNetsDmd] Elapsed cpu  time: sys=0:00:00 usr=0:00:01 total=0:00:01
Created 8 thread routing service with costIdx = 3. (tbbMode 0)
GR Routing Service: Setting costIdx to 3 
rtapi Thread-server 1: startup 
rtapi Thread-server 2: startup 
rtapi Thread-server 0: startup 
rtapi Thread-server 5: startup 
rtapi Thread-server 4: startup 
rtapi Thread-server 7: startup 
rtapi Thread-server 6: startup 
rtapi Thread-server 3: startup 
Corner Scaling is off, multiplier is 1.000000
Information: Using default layer M4 (OPT-079)
GR Routing Service: loadPermBufBlockages 

INFO: GRE flow is enabled.

Clock-opt optimization Phase 36 Iter  1         0.00        0.00      0.06        53     419529.59    87089.19      111441              0.36      3387
Clock-opt optimization Phase 36 Iter  2         0.00        0.00      0.06        52     419529.59    87089.19      111441              0.36      3387
Clock-opt optimization Phase 36 Iter  3         0.00        0.00      0.06        52     419529.59    87089.19      111441              0.36      3387
Clock-opt optimization Phase 36 Iter  4         0.00        0.00      0.06        52     419529.59    87089.19      111441              0.36      3387
Clock-opt optimization Phase 36 Iter  5         0.00        0.00      0.06        52     419529.59    87089.19      111441              0.36      3387
Clock-opt optimization Phase 36 Iter  6         0.00        0.00      0.06        52     419529.59    87089.19      111441              0.36      3387

Clock-opt optimization Phase 37 Iter  1         0.00        0.00      0.06        52     419529.59    87089.19      111441              0.36      3387
Clock-opt optimization Phase 37 Iter  2         0.00        0.00      0.06        52     419529.59    87089.19      111441              0.36      3387
Clock-opt optimization Phase 37 Iter  3         0.00        0.00      0.06        52     419529.59    87089.19      111441              0.36      3387
Clock-opt optimization Phase 37 Iter  4         0.00        0.00      0.06        52     419529.59    87089.19      111441              0.36      3387
Clock-opt optimization Phase 37 Iter  5         0.00        0.00      0.06        52     419529.59    87089.19      111441              0.36      3387
Clock-opt optimization Phase 37 Iter  6         0.00        0.00      0.06        52     419529.59    87089.19      111441              0.36      3387
Clock-opt optimization Phase 37 Iter  7         0.00        0.00      0.06        52     419529.59    87089.19      111441              0.36      3387
Clock-opt optimization Phase 37 Iter  8         0.00        0.00      0.06        52     419529.59    87089.19      111441              0.36      3387
Clock-opt optimization Phase 37 Iter  9         0.00        0.00      0.06        52     419529.59    87089.19      111441              0.36      3387
Clock-opt optimization Phase 37 Iter 10         0.00        0.00      0.06        52     419529.59    87089.19      111441              0.36      3387
Clock-opt optimization Phase 37 Iter 11         0.00        0.00      0.06        52     419529.59    87089.19      111441              0.36      3387
Clock-opt optimization Phase 37 Iter 12         0.00        0.00      0.06        52     419529.59    87089.19      111441              0.36      3387

INFO: New Levelizer turned on
Corner Scaling is off, multiplier is 1.000000
Information: Using default layer M4 (OPT-079)
Information: Design Average RC for design pde_chip_top_safe  (NEX-011)
Information: r = 1.170426 ohm/um, via_r = 1.495507 ohm/cut, c = 0.175861 ff/um, cc = 0.000000 ff/um (X dir) (NEX-017)
Information: r = 1.053302 ohm/um, via_r = 1.718437 ohm/cut, c = 0.189591 ff/um, cc = 0.000000 ff/um (Y dir) (NEX-017)
Clock-opt optimization summary            SETUP-COST    R2R-COST HOLD-COST LDRC-COST          AREA     LEAKAGE     INSTCNT            ELAPSE       MEM
Clock-opt optimization Phase 38 Iter  1         0.00        0.00      0.06        52     419529.59    87089.19      111441              0.36      3387
Clock-opt optimization Phase 38 Iter  2         0.00        0.00      0.06        52     419529.59    87089.19      111441              0.36      3387
Clock-opt optimization Phase 38 Iter  3         0.00        0.00      0.06         0     419565.25    87113.89      111441              0.36      3387
Corner Scaling is off, multiplier is 1.000000
Information: Using default layer M4 (OPT-079)
Information: Using default layer M4 (OPT-079)
Information: Using default layer M4 (OPT-079)
Information: Using default layer M4 (OPT-079)
Information: Using default layer M4 (OPT-079)
Information: Using default layer M4 (OPT-079)
Information: Using default layer M4 (OPT-079)
Information: Using default layer M4 (OPT-079)
Information: Using default layer M4 (OPT-079)
Clock-opt optimization Phase 38 Iter  4         0.00        0.00      0.06         0     419565.25    87113.89      111441              0.36      3387
Corner Scaling is off, multiplier is 1.000000
Information: Using default layer M4 (OPT-079)
Information: Using default layer M4 (OPT-079)
Information: Using default layer M4 (OPT-079)
Information: Using default layer M4 (OPT-079)
Information: Using default layer M4 (OPT-079)
Information: Using default layer M4 (OPT-079)
Information: Using default layer M4 (OPT-079)
Information: Using default layer M4 (OPT-079)
Information: Using default layer M4 (OPT-079)
Clock-opt optimization Phase 38 Iter  5         0.00        0.00      0.06         0     419565.25    87113.89      111441              0.36      3387
Clock-opt optimization Phase 38 Iter  6         0.00        0.00      0.06         0     419565.25    87113.89      111441              0.36      3387

Clock-opt optimization Phase 39 Iter  1         0.00        0.00      0.06         0     419565.25    87113.89      111453              0.36      3387
Warning: Design includes unreasonable large hold violation(s). (OPT-209)
Clock-opt optimization Phase 39 Iter  2         0.00        0.00      0.06         0     419565.25    87113.89      111453              0.36      3387
Warning: Design includes unreasonable large hold violation(s). (OPT-209)
INFO: updating slack distrubution time borrowing 
updateTimeBorrowsAndSi elapsed: 2.226000


Clock-opt route preserve complete         CPU:  5120 s (  1.42 hr )  ELAPSE:  1314 s (  0.37 hr )  MEM-PEAK:  3387 MB

Information: Ending   clock_opt / final_opto (FLW-8001)
Information: Time: 2026-08-04 16:34:35 / Session:  00:21:54 / Command:  00:09:49 / CPU:  00:39:53 / Memory: 3387 MB (FLW-8100)


Clock-opt optimization complete                 0.00        0.00      0.06         0     419565.25    87113.89      111453              0.37      3387
INFO: Sending timing info to router
Information: The netlist change observers are enabled for incremental extraction. (TIM-127)
nplDplc2Placer::setParam(effort,1)
nplDplc2Placer::setParam(debug,0)
nplDplc2Placer::setParam(site_check,2)
nplDplc2Placer::setParam(app_firm_wgt,0)
Warning: Routing direction of metal layer PO is neither "horizontal" nor "vertical".  PDC checks will not be performed on this layer. (PDC-003)
PDC app_options settings =========
	place.legalize.enable_prerouted_net_check: 1
	place.legalize.num_tracks_for_access_check: 1
	place.legalize.use_eol_spacing_for_access_check: 0
	place.legalize.allow_touch_track_for_access_check: 1
	place.legalize.reduce_conservatism_in_eol_check: 0
	place.legalize.preroute_shape_merge_distance: 0.0
	place.legalize.enable_non_preferred_direction_span_check: 0

Layer M1: cached 0 shapes out of 98581 total shapes.
Layer M2: cached 0 shapes out of 301206 total shapes.
Cached 0 vias out of 937417 total vias.

Legalizing Top Level Design pde_chip_top_safe ... 
Information: Initializing classic cellmap without advanced rules enabled and without PDC enabled
Information: The following app options are used in cellmap
        place.legalize.enable_color_aware_placement : false
        place.legalize.use_nll_query_cm : false
        place.legalize.enable_advanced_legalizer : false
        place.legalize.enable_prerouted_net_check : true
        place.legalize.enable_advanced_prerouted_net_check : false
        place.legalize.always_continue : true
        place.legalize.limit_legality_checks : false
        place.common.pnet_aware_density : 1.0000
        place.common.pnet_aware_min_width : 0.0000
        place.common.pnet_aware_layers : {}
        place.common.use_placement_model : false
        place.common.enable_advanced_placement_model : true
        cts.placement.cell_spacing_rule_style : maximum
Total 0.1194 seconds to build cellmap data
Information: Creating classic rule checker.
Warning: Routing direction of metal layer PO is neither "horizontal" nor "vertical".  PDC checks will not be performed on this layer. (PDC-003)
=====> Processed 169 ref cells (0 fillers) from library

Bounds/Regions In This Design:
        Area    Num Cells  Exclusive Name
 (square um)
      731025       111453        Yes DEFAULT_VA

Starting legalizer.
Warning: Exclusive bound 'DEFAULT' has no cells.
Optimizing Exclusive Bound 'DEFAULT_VA' (2/2)
    Done Exclusive Bound 'DEFAULT_VA' (2/2) (1 sec)
Legalization complete (3 total sec)

****************************************
  Report : Placement Attempts
  Site   : core
****************************************

number of cells:                 111453
number of references:               169
number of site rows:                475
number of locations attempted:  2409983
number of locations failed:           0  (0.0%)

Legality of references at locations:
0 references had failures.

Legality of references in rows:
0 references had row failures.

****************************************
  Report : Cell Displacements
****************************************

number of cells aggregated:      110965 (1160546 total sites)
avg row height over cells:        1.800 um
rms cell displacement:            0.007 um ( 0.00 row height)
rms weighted cell displacement:   0.007 um ( 0.00 row height)
max cell displacement:            1.800 um ( 1.00 row height)
avg cell displacement:            0.000 um ( 0.00 row height)
avg weighted cell displacement:   0.000 um ( 0.00 row height)
number of cells moved:               41
number of large displacements:        0
large displacement threshold:     3.000 row height

Displacements of worst 10 cells:
Cell: u_impl/copt_gre_mt_inst_28328 (CKBD0)
  Input location: (339.8,494.2)
  Legal location: (339.8,496)
  Displacement:   1.800 um ( 1.00 row height)
Cell: u_impl/HFSBUF_2_2024 (BUFFD1)
  Input location: (438,521.2)
  Legal location: (438,523)
  Displacement:   1.800 um ( 1.00 row height)
Cell: u_impl/U6179 (AOI22D1)
  Input location: (269.4,548.2)
  Legal location: (270,548.2)
  Displacement:   0.600 um ( 0.33 row height)
Cell: u_impl/copt_gre_mt_inst_28322 (CKBD0)
  Input location: (630.8,551.8)
  Legal location: (631.4,551.8)
  Displacement:   0.600 um ( 0.33 row height)
Cell: u_impl/u_core/g_row_6__g_col_2__u_pe/u_r_red/q_reg_7_ (DFCNQD1)
  Input location: (334.2,159.4)
  Legal location: (333.6,159.4)
  Displacement:   0.600 um ( 0.33 row height)
Cell: u_impl/u_core/g_row_2__g_col_4__u_pe/ZBUF_17_inst_25287 (CKBD0)
  Input location: (340,159.4)
  Legal location: (340.4,159.4)
  Displacement:   0.400 um ( 0.22 row height)
Cell: u_impl/copt_gre_mt_inst_28325 (CKBD3)
  Input location: (328,427.6)
  Legal location: (328.4,427.6)
  Displacement:   0.400 um ( 0.22 row height)
Cell: u_impl/u_core/g_row_4__g_col_0__u_pe/u_r_red/gre_a_BUF_13_inst_28178 (BUFFD1)
  Input location: (622.8,269.2)
  Legal location: (622.4,269.2)
  Displacement:   0.400 um ( 0.22 row height)
Cell: u_impl/u_core/g_row_11__g_col_1__u_pe/U55 (CKND2D0)
  Input location: (148.2,508.6)
  Legal location: (147.8,508.6)
  Displacement:   0.400 um ( 0.22 row height)
Cell: u_impl/west_shadow_reg_16__15_ (DFQD1)
  Input location: (624.2,551.8)
  Legal location: (623.8,551.8)
  Displacement:   0.400 um ( 0.22 row height)

Legalization succeeded.
Total Legalizer CPU: 4.337
Total Legalizer Wall Time: 4.338
----------------------------------------------------------------

Clock-opt legalization complete           CPU:  5129 s (  1.42 hr )  ELAPSE:  1320 s (  0.37 hr )  MEM-PEAK:  3387 MB
rtapi Thread-server 6: shutdown 
rtapi Thread-server 4: shutdown 
rtapi Thread-server 2: shutdown 
rtapi Thread-server 7: shutdown 
rtapi Thread-server 1: shutdown 
rtapi Thread-server 5: shutdown 
rtapi Thread-server 0: shutdown 
rtapi Thread-server 3: shutdown 

No. startProblems      =    53 

No. doRoutes           =     0 
No. doUnroutes         =     0 
No. redoRoutes         =     0 
No. redoUnroutes       =     0 
No. undoRoutes         =     0 
No. undoUnroutes       =     0 
No. commitRoutes       =     0 
No. commitUnroutes     =     0 
No. uncommitRoutes     =     0 
No. uncommitUnroutes   =     0 
No. doRoute fails      =     0 
No. doUnroute fails    =     0 

No. viaLadderQueries   =     0 
No. doDelVias          =     0 
No. doAddVias          =     0 
No. redoDelVias        =     0 
No. redoAddVias        =     0 
No. undoDelVias        =     0 
No. undoAddVias        =     0 
No. commitChangeVias   =     0 
No. uncommitChangeVias =     0 
No. doDelVias fails    =     0 
No. doAddVias fails    =     0 

Updating congestion ...
Updating congestion ...
GR Routing Service: Wrote GR congmap to NDM 
Information: The netlist change observers are disabled for incremental extraction. (TIM-126)
Information: The netlist change observers are enabled for incremental extraction. (TIM-127)
INFO: Running refresh_via_ladders
Information: Forcing rerun of global router after global_route_opt due to app option route.global.force_rerun_after_global_route_opt being set. (ZRT-608)
Warning: Please run the command "check_routability" before running Zroute commands. (ZRT-762)
Information: The net parasitics of block pde_chip_top_safe are cleared. (TIM-123)
No cell change area manager for zroute
Start Global Route ... 
[Init] Elapsed real time: 0:00:00 
[Init] Elapsed cpu  time: sys=0:00:00 usr=0:00:00 total=0:00:00
[Init] Stage (MB): Used    0  Alloctr    0  Proc    0 
[Init] Total (MB): Used    7  Alloctr    8  Proc 6748 
Printing options for 'route.common.*'
common.verbose_level                                    :	 0                   

Printing options for 'route.global.*'
global.crosstalk_driven                                 :	 false               
global.force_rerun_after_global_route_opt               :	 true                
global.timing_driven                                    :	 false               

Begin global routing.
Cell Min-Routing-Layer = M1
Cell Max-Routing-Layer = M6
Turn off antenna since no rule is specified
Information: Option route.detail.force_end_on_preferred_grid will be ignored since none of the layers have preferred grid. (ZRT-703)
Info: number of net_type_blockage: 0 
Information: Via ladder engine would be activated for pattern must join connection in certain commands. Please refer to man-page for the command list. (ZRT-619)
Via on layer (VIA1) needs more than one tracks
Warning: Layer M1 default pitch 0.200 may be too small to handle up/down via. Note, that minimum requirements are "wire/via-down 0.180" & "wire/via-up 0.225". (ZRT-026)
Via on layer (VIA5) needs more than one tracks
Warning: Layer M5 default pitch 0.200 may be too small to handle up/down via. Note, that minimum requirements are "wire/via-down 0.200" & "wire/via-up 0.350". (ZRT-026)
Via on layer (RV) needs more than one tracks
Warning: Layer M6 default pitch 0.800 may be too small to handle up/down via. Note, that minimum requirements are "wire/via-down 0.800" & "wire/via-up 3.600". (ZRT-026)
Information: When applicable Min-max layer allow_pin_connection mode will allow paths of length 3.00 outside the layer range. (ZRT-707)
Information: When applicable Min-max layer allow_pin_connection mode will allow paths of length 3.00 outside the layer range on clock nets. (ZRT-718)
Information: When applicable layer based tapering will taper up to 0.00 in distance from the pin. (ZRT-706)
Current Stage stats:
[End of Read DB] Elapsed real time: 0:00:01 
[End of Read DB] Elapsed cpu  time: sys=0:00:00 usr=0:00:07 total=0:00:07
[End of Read DB] Stage (MB): Used  240  Alloctr  243  Proc  -32 
[End of Read DB] Total (MB): Used  248  Alloctr  251  Proc 6716 
Loading parastics information to the router ...
parastics information loaded to the router.
[End of Loading Timing] Elapsed real time: 0:00:00 
[End of Loading Timing] Elapsed cpu  time: sys=0:00:00 usr=0:00:00 total=0:00:00
Constructing data structure ...
Design statistics:
Design Bounding Box (0.00um,0.00um,875.00um,875.00um)
Number of routing layers = 7
layer M1, dir Hor, min width = 0.09um, min space = 0.09um pitch = 0.2um
layer M2, dir Ver, min width = 0.1um, min space = 0.1um pitch = 0.2um
layer M3, dir Hor, min width = 0.1um, min space = 0.1um pitch = 0.2um
layer M4, dir Ver, min width = 0.1um, min space = 0.1um pitch = 0.2um
layer M5, dir Hor, min width = 0.1um, min space = 0.1um pitch = 0.2um
layer M6, dir Ver, min width = 0.4um, min space = 0.4um pitch = 0.8um
layer AP, dir Hor, min width = 3um, min space = 2um pitch = 6.5um
Current Stage stats:
[End of Build Tech Data] Elapsed real time: 0:00:00 
[End of Build Tech Data] Elapsed cpu  time: sys=0:00:00 usr=0:00:00 total=0:00:00
[End of Build Tech Data] Stage (MB): Used    4  Alloctr    4  Proc    0 
[End of Build Tech Data] Total (MB): Used  253  Alloctr  256  Proc 6716 
Net statistics:
Total number of nets     = 114492
Number of nets to route  = 114409
114467 nets are fully connected,
 of which 83 are detail routed and 113976 are global routed.
Net length statistics: 
Net Count(Ignore Fully Rted) 176, Total Half Perimeter Wire Length (HPWL) 15379 microns
HPWL   0 ~   50 microns: Net Count      105	Total HPWL         1531 microns
HPWL  50 ~  100 microns: Net Count       22	Total HPWL         1829 microns
HPWL 100 ~  200 microns: Net Count       31	Total HPWL         4565 microns
HPWL 200 ~  300 microns: Net Count        7	Total HPWL         1821 microns
HPWL 300 ~  400 microns: Net Count        7	Total HPWL         2480 microns
HPWL 400 ~  500 microns: Net Count        2	Total HPWL          835 microns
HPWL 500 ~  600 microns: Net Count        0	Total HPWL            0 microns
HPWL 600 ~  700 microns: Net Count        1	Total HPWL          603 microns
HPWL 700 ~  800 microns: Net Count        0	Total HPWL            0 microns
HPWL 800 ~  900 microns: Net Count        0	Total HPWL            0 microns
HPWL 900 ~ 1000 microns: Net Count        0	Total HPWL            0 microns
HPWL     > 1000 microns: Net Count        1	Total HPWL         1715 microns
Current Stage stats:
[End of Build All Nets] Elapsed real time: 0:00:00 
[End of Build All Nets] Elapsed cpu  time: sys=0:00:00 usr=0:00:00 total=0:00:00
[End of Build All Nets] Stage (MB): Used   81  Alloctr   81  Proc    0 
[End of Build All Nets] Total (MB): Used  334  Alloctr  338  Proc 6716 
Number of partitions: 1 (1 x 1)
Size of partitions: 487 gCells x 487 gCells
Average gCell capacity  2.15	 on layer (1)	 M1
Average gCell capacity  8.95	 on layer (2)	 M2
Average gCell capacity  8.97	 on layer (3)	 M3
Average gCell capacity  8.95	 on layer (4)	 M4
Average gCell capacity  8.86	 on layer (5)	 M5
Average gCell capacity  2.22	 on layer (6)	 M6
Average gCell capacity  0.28	 on layer (7)	 AP
Average number of tracks per gCell 8.99	 on layer (1)	 M1
Average number of tracks per gCell 8.99	 on layer (2)	 M2
Average number of tracks per gCell 8.99	 on layer (3)	 M3
Average number of tracks per gCell 8.99	 on layer (4)	 M4
Average number of tracks per gCell 8.99	 on layer (5)	 M5
Average number of tracks per gCell 2.25	 on layer (6)	 M6
Average number of tracks per gCell 0.28	 on layer (7)	 AP
Number of gCells = 1660183
Current Stage stats:
[End of Build Congestion Map] Elapsed real time: 0:00:01 
[End of Build Congestion Map] Elapsed cpu  time: sys=0:00:00 usr=0:00:01 total=0:00:01
[End of Build Congestion Map] Stage (MB): Used   28  Alloctr   29  Proc    0 
[End of Build Congestion Map] Total (MB): Used  363  Alloctr  367  Proc 6716 
Number of partitions: 1 (1 x 1)
Size of partitions: 487 gCells x 487 gCells
Current Stage stats:
[End of Add Nets Demand] Elapsed real time: 0:00:00 
[End of Add Nets Demand] Elapsed cpu  time: sys=0:00:00 usr=0:00:00 total=0:00:00
[End of Add Nets Demand] Stage (MB): Used    6  Alloctr    6  Proc    0 
[End of Add Nets Demand] Total (MB): Used  369  Alloctr  373  Proc 6716 
Number of user frozen nets = 0
Information: RC layer preference is turned off for this design. (ZRT-613)
Total stats:
[End of Build Data] Elapsed real time: 0:00:02 
[End of Build Data] Elapsed cpu  time: sys=0:00:00 usr=0:00:03 total=0:00:03
[End of Build Data] Stage (MB): Used  121  Alloctr  121  Proc    0 
[End of Build Data] Total (MB): Used  369  Alloctr  373  Proc 6716 
Number of partitions: 1 (1 x 1)
Size of partitions: 487 gCells x 487 gCells
Current Stage stats:
[End of Blocked Pin Detection] Elapsed real time: 0:00:00 
[End of Blocked Pin Detection] Elapsed cpu  time: sys=0:00:00 usr=0:00:00 total=0:00:00
[End of Blocked Pin Detection] Stage (MB): Used  176  Alloctr  176  Proc    0 
[End of Blocked Pin Detection] Total (MB): Used  545  Alloctr  549  Proc 6716 
Information: Using 8 threads for routing. (ZRT-444)
Information: Multiple gcell levels ON
Information: Buffer distance is estimated to be ~1417.0000um (787 gCells)

Start GR phase 0
Number of partitions: 1 (1 x 1)
Size of partitions: 487 gCells x 487 gCells
[rtAllBotParts] Elapsed real time: 0:00:01 
[rtAllBotParts] Elapsed cpu  time: sys=0:00:00 usr=0:00:01 total=0:00:01
[rtTop] Elapsed real time: 0:00:00 
[rtTop] Elapsed cpu  time: sys=0:00:00 usr=0:00:00 total=0:00:00
Number of partitions: 1 (1 x 1)
Size of partitions: 487 gCells x 487 gCells
[updNetsDmd] Elapsed real time: 0:00:00 
[updNetsDmd] Elapsed cpu  time: sys=0:00:00 usr=0:00:00 total=0:00:00
Current Stage stats:
[End of Initial Routing] Elapsed real time: 0:00:02 
[End of Initial Routing] Elapsed cpu  time: sys=0:00:00 usr=0:00:02 total=0:00:02
[End of Initial Routing] Stage (MB): Used    1  Alloctr    1  Proc    0 
[End of Initial Routing] Total (MB): Used  547  Alloctr  553  Proc 6716 
Initial. Routing result:
Initial. Both Dirs: Dmd-Cap  =     0 Max = 0 GRCs =     0 (0.00%)
Initial. H routing: Dmd-Cap  =     0 Max = 0 (GRCs =   0) GRCs =     0 (0.00%)
Initial. V routing: Dmd-Cap  =     0 Max = 0 (GRCs =   0) GRCs =     0 (0.00%)
Initial. Both Dirs: Overflow =   418 Max = 5 GRCs =   698 (0.15%)
Initial. H routing: Overflow =   411 Max = 1 (GRCs = 694) GRCs =   694 (0.29%)
Initial. V routing: Overflow =     7 Max = 5 (GRCs =   1) GRCs =     4 (0.00%)
Initial. M1         Overflow =   411 Max = 1 (GRCs = 694) GRCs =   694 (0.29%)
Initial. M2         Overflow =     7 Max = 5 (GRCs =   1) GRCs =     4 (0.00%)
Initial. M3         Overflow =     0 Max = 0 (GRCs =   0) GRCs =     0 (0.00%)
Initial. M4         Overflow =     0 Max = 0 (GRCs =   0) GRCs =     0 (0.00%)
Initial. M5         Overflow =     0 Max = 0 (GRCs =   0) GRCs =     0 (0.00%)
Initial. M6         Overflow =     0 Max = 0 (GRCs =   0) GRCs =     0 (0.00%)
Initial. AP         Overflow =     0 Max = 0 (GRCs =   0) GRCs =     0 (0.00%)

Initial. Total Wire Length = 4522540.29
Initial. Layer M1 wire length = 28935.95
Initial. Layer M2 wire length = 1039095.82
Initial. Layer M3 wire length = 1369502.81
Initial. Layer M4 wire length = 1040908.19
Initial. Layer M5 wire length = 922711.88
Initial. Layer M6 wire length = 121385.63
Initial. Layer AP wire length = 0.00
Initial. Total Number of Contacts = 860928
Initial. Via VIA12_HV count = 422108
Initial. Via VIA23 count = 364905
Initial. Via VIA34 count = 49236
Initial. Via VIA45 count = 22725
Initial. Via VIA56 count = 1954
Initial. Via VIA67 count = 0
Initial. completed.

Start GR phase 1
Tue Aug  4 16:34:50 2026
Number of partitions: 4 (2 x 2)
Size of partitions: 256 gCells x 256 gCells
10% of nets complete Elapsed cpu time: 0:00:02 Elapsed real time: 0:00:00
20% of nets complete Elapsed cpu time: 0:00:02 Elapsed real time: 0:00:00
30% of nets complete Elapsed cpu time: 0:00:02 Elapsed real time: 0:00:00
40% of nets complete Elapsed cpu time: 0:00:02 Elapsed real time: 0:00:01
50% of nets complete Elapsed cpu time: 0:00:02 Elapsed real time: 0:00:01
60% of nets complete Elapsed cpu time: 0:00:02 Elapsed real time: 0:00:01
70% of nets complete Elapsed cpu time: 0:00:02 Elapsed real time: 0:00:01
80% of nets complete Elapsed cpu time: 0:00:02 Elapsed real time: 0:00:01
90% of nets complete Elapsed cpu time: 0:00:02 Elapsed real time: 0:00:01
[rtAllParts] Elapsed real time: 0:00:01 
[rtAllParts] Elapsed cpu  time: sys=0:00:00 usr=0:00:03 total=0:00:03
Number of partitions: 4 (2 x 2)
Size of partitions: 256 gCells x 256 gCells
[updNetsDmd] Elapsed real time: 0:00:00 
[updNetsDmd] Elapsed cpu  time: sys=0:00:00 usr=0:00:01 total=0:00:01
Current Stage stats:
[End of Phase1 Routing] Elapsed real time: 0:00:01 
[End of Phase1 Routing] Elapsed cpu  time: sys=0:00:00 usr=0:00:04 total=0:00:04
[End of Phase1 Routing] Stage (MB): Used    1  Alloctr    2  Proc    0 
[End of Phase1 Routing] Total (MB): Used  548  Alloctr  555  Proc 6716 
phase1. Routing result:
phase1. Both Dirs: Dmd-Cap  =     0 Max = 0 GRCs =     0 (0.00%)
phase1. H routing: Dmd-Cap  =     0 Max = 0 (GRCs =   0) GRCs =     0 (0.00%)
phase1. V routing: Dmd-Cap  =     0 Max = 0 (GRCs =   0) GRCs =     0 (0.00%)
phase1. Both Dirs: Overflow =   413 Max = 5 GRCs =   691 (0.15%)
phase1. H routing: Overflow =   407 Max = 1 (GRCs = 689) GRCs =   689 (0.29%)
phase1. V routing: Overflow =     6 Max = 5 (GRCs =   1) GRCs =     2 (0.00%)
phase1. M1         Overflow =   407 Max = 1 (GRCs = 689) GRCs =   689 (0.29%)
phase1. M2         Overflow =     6 Max = 5 (GRCs =   1) GRCs =     2 (0.00%)
phase1. M3         Overflow =     0 Max = 0 (GRCs =   0) GRCs =     0 (0.00%)
phase1. M4         Overflow =     0 Max = 0 (GRCs =   0) GRCs =     0 (0.00%)
phase1. M5         Overflow =     0 Max = 0 (GRCs =   0) GRCs =     0 (0.00%)
phase1. M6         Overflow =     0 Max = 0 (GRCs =   0) GRCs =     0 (0.00%)
phase1. AP         Overflow =     0 Max = 0 (GRCs =   0) GRCs =     0 (0.00%)

phase1. Total Wire Length = 4522538.02
phase1. Layer M1 wire length = 28933.55
phase1. Layer M2 wire length = 1039270.12
phase1. Layer M3 wire length = 1369542.84
phase1. Layer M4 wire length = 1040774.99
phase1. Layer M5 wire length = 922672.28
phase1. Layer M6 wire length = 121344.23
phase1. Layer AP wire length = 0.00
phase1. Total Number of Contacts = 860926
phase1. Via VIA12_HV count = 422109
phase1. Via VIA23 count = 364912
phase1. Via VIA34 count = 49234
phase1. Via VIA45 count = 22719
phase1. Via VIA56 count = 1952
phase1. Via VIA67 count = 0
phase1. completed.

Start GR phase 2
Tue Aug  4 16:34:52 2026
Number of partitions: 4 (2 x 2)
Size of partitions: 256 gCells x 256 gCells
10% of nets complete Elapsed cpu time: 0:00:02 Elapsed real time: 0:00:00
20% of nets complete Elapsed cpu time: 0:00:02 Elapsed real time: 0:00:00
30% of nets complete Elapsed cpu time: 0:00:02 Elapsed real time: 0:00:00
40% of nets complete Elapsed cpu time: 0:00:02 Elapsed real time: 0:00:01
50% of nets complete Elapsed cpu time: 0:00:02 Elapsed real time: 0:00:01
60% of nets complete Elapsed cpu time: 0:00:02 Elapsed real time: 0:00:01
70% of nets complete Elapsed cpu time: 0:00:02 Elapsed real time: 0:00:01
80% of nets complete Elapsed cpu time: 0:00:02 Elapsed real time: 0:00:01
90% of nets complete Elapsed cpu time: 0:00:02 Elapsed real time: 0:00:01
[rtAllParts] Elapsed real time: 0:00:01 
[rtAllParts] Elapsed cpu  time: sys=0:00:00 usr=0:00:02 total=0:00:03
Number of partitions: 4 (2 x 2)
Size of partitions: 256 gCells x 256 gCells
[updNetsDmd] Elapsed real time: 0:00:00 
[updNetsDmd] Elapsed cpu  time: sys=0:00:00 usr=0:00:01 total=0:00:01
Current Stage stats:
[End of Phase2 Routing] Elapsed real time: 0:00:01 
[End of Phase2 Routing] Elapsed cpu  time: sys=0:00:00 usr=0:00:03 total=0:00:04
[End of Phase2 Routing] Stage (MB): Used    0  Alloctr    1  Proc    0 
[End of Phase2 Routing] Total (MB): Used  549  Alloctr  557  Proc 6716 
phase2. Routing result:
phase2. Both Dirs: Dmd-Cap  =     0 Max = 0 GRCs =     0 (0.00%)
phase2. H routing: Dmd-Cap  =     0 Max = 0 (GRCs =   0) GRCs =     0 (0.00%)
phase2. V routing: Dmd-Cap  =     0 Max = 0 (GRCs =   0) GRCs =     0 (0.00%)
phase2. Both Dirs: Overflow =   413 Max = 5 GRCs =   692 (0.15%)
phase2. H routing: Overflow =   407 Max = 1 (GRCs = 690) GRCs =   690 (0.29%)
phase2. V routing: Overflow =     6 Max = 5 (GRCs =   1) GRCs =     2 (0.00%)
phase2. M1         Overflow =   407 Max = 1 (GRCs = 690) GRCs =   690 (0.29%)
phase2. M2         Overflow =     6 Max = 5 (GRCs =   1) GRCs =     2 (0.00%)
phase2. M3         Overflow =     0 Max = 0 (GRCs =   0) GRCs =     0 (0.00%)
phase2. M4         Overflow =     0 Max = 0 (GRCs =   0) GRCs =     0 (0.00%)
phase2. M5         Overflow =     0 Max = 0 (GRCs =   0) GRCs =     0 (0.00%)
phase2. M6         Overflow =     0 Max = 0 (GRCs =   0) GRCs =     0 (0.00%)
phase2. AP         Overflow =     0 Max = 0 (GRCs =   0) GRCs =     0 (0.00%)

phase2. Total Wire Length = 4522536.67
phase2. Layer M1 wire length = 28932.55
phase2. Layer M2 wire length = 1039269.78
phase2. Layer M3 wire length = 1369542.84
phase2. Layer M4 wire length = 1040774.99
phase2. Layer M5 wire length = 922672.28
phase2. Layer M6 wire length = 121344.23
phase2. Layer AP wire length = 0.00
phase2. Total Number of Contacts = 860928
phase2. Via VIA12_HV count = 422111
phase2. Via VIA23 count = 364912
phase2. Via VIA34 count = 49234
phase2. Via VIA45 count = 22719
phase2. Via VIA56 count = 1952
phase2. Via VIA67 count = 0
phase2. completed.

Start GR phase 3
Tue Aug  4 16:34:54 2026
Number of partitions: 4 (2 x 2)
Size of partitions: 256 gCells x 256 gCells
[rtAllParts] Elapsed real time: 0:00:01 
[rtAllParts] Elapsed cpu  time: sys=0:00:00 usr=0:00:02 total=0:00:02
Number of partitions: 4 (2 x 2)
Size of partitions: 256 gCells x 256 gCells
[updNetsDmd] Elapsed real time: 0:00:00 
[updNetsDmd] Elapsed cpu  time: sys=0:00:00 usr=0:00:01 total=0:00:01
Current Stage stats:
[End of Phase3 Routing] Elapsed real time: 0:00:01 
[End of Phase3 Routing] Elapsed cpu  time: sys=0:00:00 usr=0:00:03 total=0:00:03
[End of Phase3 Routing] Stage (MB): Used    0  Alloctr    0  Proc    0 
[End of Phase3 Routing] Total (MB): Used  549  Alloctr  557  Proc 6716 
phase3. Routing result:
phase3. Both Dirs: Dmd-Cap  =     0 Max = 0 GRCs =     0 (0.00%)
phase3. H routing: Dmd-Cap  =     0 Max = 0 (GRCs =   0) GRCs =     0 (0.00%)
phase3. V routing: Dmd-Cap  =     0 Max = 0 (GRCs =   0) GRCs =     0 (0.00%)
phase3. Both Dirs: Overflow =   413 Max = 5 GRCs =   691 (0.15%)
phase3. H routing: Overflow =   407 Max = 1 (GRCs = 689) GRCs =   689 (0.29%)
phase3. V routing: Overflow =     6 Max = 5 (GRCs =   1) GRCs =     2 (0.00%)
phase3. M1         Overflow =   407 Max = 1 (GRCs = 689) GRCs =   689 (0.29%)
phase3. M2         Overflow =     6 Max = 5 (GRCs =   1) GRCs =     2 (0.00%)
phase3. M3         Overflow =     0 Max = 0 (GRCs =   0) GRCs =     0 (0.00%)
phase3. M4         Overflow =     0 Max = 0 (GRCs =   0) GRCs =     0 (0.00%)
phase3. M5         Overflow =     0 Max = 0 (GRCs =   0) GRCs =     0 (0.00%)
phase3. M6         Overflow =     0 Max = 0 (GRCs =   0) GRCs =     0 (0.00%)
phase3. AP         Overflow =     0 Max = 0 (GRCs =   0) GRCs =     0 (0.00%)

phase3. Total Wire Length = 4522538.32
phase3. Layer M1 wire length = 28933.72
phase3. Layer M2 wire length = 1039270.26
phase3. Layer M3 wire length = 1369542.84
phase3. Layer M4 wire length = 1040774.99
phase3. Layer M5 wire length = 922672.28
phase3. Layer M6 wire length = 121344.23
phase3. Layer AP wire length = 0.00
phase3. Total Number of Contacts = 860927
phase3. Via VIA12_HV count = 422110
phase3. Via VIA23 count = 364912
phase3. Via VIA34 count = 49234
phase3. Via VIA45 count = 22719
phase3. Via VIA56 count = 1952
phase3. Via VIA67 count = 0
phase3. completed.
[End of Whole Chip Routing] Elapsed real time: 0:00:10 
[End of Whole Chip Routing] Elapsed cpu  time: sys=0:00:00 usr=0:00:17 total=0:00:18
[End of Whole Chip Routing] Stage (MB): Used  301  Alloctr  305  Proc    0 
[End of Whole Chip Routing] Total (MB): Used  549  Alloctr  557  Proc 6716 

Information: Global Routing didn't terminate early. (ZRT-103)

Congestion utilization per direction:
Average vertical track utilization   = 34.66 %
Peak    vertical track utilization   = 100.00 %
Average horizontal track utilization = 32.03 %
Peak    horizontal track utilization = 100.00 %

[End of Global Routing] Elapsed real time: 0:00:10 
[End of Global Routing] Elapsed cpu  time: sys=0:00:00 usr=0:00:17 total=0:00:18
[End of Global Routing] Stage (MB): Used  273  Alloctr  278  Proc    0 
[End of Global Routing] Total (MB): Used  521  Alloctr  530  Proc 6716 
Updating the database ...
Updating congestion ...
Information: Extraction observers are detached as design net change threshold is reached.
[End of dbOut] Elapsed real time: 0:00:03 
[End of dbOut] Elapsed cpu  time: sys=0:00:00 usr=0:00:03 total=0:00:03
[End of dbOut] Stage (MB): Used -248  Alloctr -256  Proc    0 
[End of dbOut] Total (MB): Used   36  Alloctr   37  Proc 6716 

Clock-opt Incremental Global-routing complete  CPU:  5160 s (  1.43 hr )  ELAPSE:  1338 s (  0.37 hr )  MEM-PEAK:  3387 MB
INFO: place.legalize.enable_advanced_legalizer not set - need to revert CLO
INFO: First Clock-opt did not mark run with CLO enabled/disabled property
Co-efficient Ratio Summary:
4.193421605155  6.578038173730  2.479639287277  7.744187540401  0.485050002134  3.179565838452  5.567214054587  2.894455887461  6.565921219980  9.017937505874  3.102458942010  9.805597955001  6.089352164085  2.745293041123  8.319312004907
9.699225026083  2.464623950064  1.382370221226  9.387184029619  3.142429408440  0.968752784632  6.613180023294  4.146579293224  7.876358910239  2.191135103696  0.961512283171  2.742206899031  3.851689264440  3.751291753169  7.664655242299
6.212201167950  7.759678473967  7.862243056717  0.402387977150  0.032845097678  0.596111517049  4.701287696892  7.205136012169  8.278351390385  1.183725190997  3.332214540321  5.809767187872  7.184023585364  9.660804699761  7.592684747087
7.632106393266  7.679078063326  9.831314288630  1.878805817928  3.230072345310  1.226270032094  7.050450794780  2.403929673631  6.139852546171  4.100210066110  1.272596621732  4.512804009213  5.635007008820  7.827842953678  4.750330818263
5.409027926377  2.609823652834  0.626142538674  6.381676652919  9.187474022495  0.513656796621  5.027570618562  6.119813446103  6.181472312107  1.581675365776  7.484829964284  9.526620815906  2.052956587119  3.922155567338  0.651685082345
9.472458902409  3.368484394994  4.897111549020  6.860149244452  2.000104051691  9.095345907689  2.197041709512  0.915900067443  5.466092308426  8.142690055883  4.605971307301  8.286521140717  3.515009905451  1.683701712888  7.174630118510
9.939562708373  3.617852772683  8.946772637652  1.169969532707  4.529946656262  3.090979409795  5.580726136993  1.131397763510  0.721709625254  7.515947417690  0.647100341458  1.059199499763  5.822748866269  5.827725583342  4.340580692435
0.216216918317  9.612142422527  7.311156782104  0.823519141628  0.356161288538  8.022019565228  2.603132885844  5.024803051363  1.359359523474  5.407563451201  2.802901519695  1.207468408450  0.428999513533  1.834867165081  6.449754137188
4.848373112548  2.936801055033  8.671494124225  4.212305316610  9.007627270112  3.308107178452  5.607471109985  8.514744140423  2.764676971555  9.324216938770  1.559977021074  2.342666658875  0.765814230179  1.962416111696  2.782500741418
3.355375155650  9.437909893602  9.136702642545  9.020209208464  9.978471495117  7.467457734047  3.171274721421  9.815920740044  4.331414637138  0.413524984361  3.307798962828  7.494868318603  1.913056824529  5.624493659547  7.260560408696
3.367403103784  7.093641515702  7.411336156476  6.944246976650  5.239565921087  4.802189647382  3.894401463832  4.531610119342  1.605155650845  8.173730247963  9.285055810402  7.582569456255  0.011582217956  5.834770956721  4.755784689445
4.387461656592  1.217863901793  7.505874310467  0.800933986343  9.509851607812  3.964085274420  8.341123831811  5.604907669922  5.026083249404  3.950064138237  0.229004074702  4.061777722992  9.417898996875  2.780950061318  0.724491814657
8.793224787635  8.918112219113  5.103696096373  4.141094270014  8.443881384045  0.064440375020  6.053169766345  8.842292621220  1.167950429491  8.473967486224  3.054503264447  7.919206328284  5.006025059611  1.513361170128  7.397090720513
5.512169827835  1.398268118372  5.190997333443  6.408244586760  9.731622719224  4.385364962925  9.999761059148  7.347080863210  6.393266411465  8.063326683131  4.286411767249  5.859024894872  2.354731622627  0.038373805045  0.495986340392
8.173631613985  2.544054410021  0.066110127471  8.589655457074  6.653063562487  8.808820782685  7.253678475913  3.418266740902  7.926377909876  3.652834762614  2.536471109932  6.694904995247  4.033696151365  6.797676202757  0.619768711981
3.446103618147  2.312107158167  5.365776748604  1.822107958456  2.469756204172  7.387119392116  0.867338065048  8.682345947245  8.902409336848  4.394994489711  1.547829179764  9.286440275010  4.062892209534  5.908634119704  1.700718191590
0.067443546609  2.308426814269  0.055883460719  3.265224824446  3.794567352322  0.705451164215  6.012888017343  3.718510993956  2.708373361785  2.772683894677  2.635451609646  9.574795427994  6.667463609097  9.400740458072  6.137199213139
7.763510072170  9.625254751594  7.417690064932  2.209371101703  1.043513581151  9.666269582673  0.883342434938  3.292435021621  6.918317961214  2.422527731115  6.780903662710  9.183616534981  1.297894402201  9.560230460313  2.586040602480
2.551363135935  9.521353540756  3.451201280412  3.477518126530  0.052200041776  0.313533183387  2.465081644855  7.737120584837  3.112540467721  1.055036767149  4.122035492224  5.358608409037  7.281313930810  7.179408760747  1.100181951474
3.640423276467  6.979434932421  6.938770155119  9.989997230050  8.202625075468  5.030179196142  1.411696278130  3.341450435537  5.155652117831  9.893605813670  2.640355973014  9.240452496112  1.406318346745  7.735093517127  4.722627081592
0.740044433141  4.637138041352  4.984361330991  0.198619745279  8.206103190282  7.924529562340  7.259547726936  3.008647736740  3.103786777794  1.515705041133  6.154286665418  6.918648022221  5.932288080218  9.648338589440  1.464038553161
0.419342160515  5.657803817373  0.247963928727  7.774418754040  1.048505000035  3.317956583378  4.556721475458  7.289496838746  1.656594199116  3.901796050587  4.318277051087  3.928331459250  1.618013996408  5.275476034112  3.832017660490
7.969922502608  3.246462395006  4.138237022122  6.938718402961  9.314242940666  9.096875278996  4.661318072329  4.414608279322  4.787637869241  2.219116810369  6.094183485193  4.212002343653  1.395246606444  0.376076805316  9.767541984229
9.621220116795  0.775967847396  7.786224305671  7.040238797715  0.003284509589  7.059611151237  1.470128739689  2.720513651216  9.827835139824  8.118372519099  7.331271600751  4.528810898162  2.728503338536  4.967950499976  1.750344834708
7.763210639326  6.767907806332  6.983131428863  0.187880581792  8.323007234353  9.122627003732  6.705045049478  0.240392917363  1.613985254403  4.410021006611  0.125209818892  5.499124580306  3.573601780882  0.783654225367  8.476119441826
3.540902792637  7.260982365283  4.062614253867  4.638167665291  9.918747402249  5.051365679662  1.502757061856  2.611981444610  3.618147231218  7.158167536577  6.746432142147  7.990506161975  6.215396638711  9.393185586733  8.066244968234
5.947245890240  9.336848439499  4.489711154902  0.686014924445  2.200010405169  1.909534590768  9.219704170951  2.091590106744  3.546609230840  6.814269005588  3.468547386459  4.866596294456  7.361601970545  1.169240101288  8.718549471851
0.993956270837  3.361785277268  3.894677263765  2.116996953270  7.452994665626  2.309097940979  5.558072613699  3.113139876351  0.072170962523  4.751594741769  0.062760280864  1.143853029351  3.592375866626  9.583642588334  2.435134429243
5.021621691831  7.961214242252  7.731115678210  4.082351914162  8.035616128669  3.802201956928  4.260313258584  4.502480355136  3.135935952133  3.540756345120  1.288240307688  8.168680920220  0.052990931353  3.184356746508  1.645051873718
8.484837311254  8.293680105503  3.867149412422  5.421230531661  0.900762727011  2.330810717845  2.560747110998  5.851474464042  3.276467697941  4.932421693877  0.153947958826  7.272100745262  5.086682403017  9.197111641169  6.279336434141
8.335537515565  0.943790989360  2.913670264254  5.902020920846  4.997847149511  7.746745773404  7.317127472142  1.981592174004  4.433141463711  8.041352498436  1.338799494917  9.787397001860  3.101406692452  9.563319225954  7.727132400869
6.336740310378  4.709364151570  2.741133615647  6.694424697665  0.523956592108  7.480218964738  2.389440146383  2.453161141934  2.160515565788  3.817373024796  3.926525004941  8.796168275625  5.011259231795  6.584347955672  1.476654828944
5.438746165659  2.121786390179  3.750587431046  7.080093398634  3.950985160781  2.396408527442  0.834112383181  1.560490096992  2.502608324768  2.395006413823  7.020835133496  8.443823530799  2.951704209687  5.279998366131  8.073525541465
7.879322478763  5.891811221911  3.510369609637  3.414109427001  4.844388138404  5.006444037502  0.605316976634  5.884229262122  0.116795077618  7.847396778622  4.303384189179  8.738663937828  4.510623505961  1.151126547012  8.730885372051
3.551216982783  5.139826811837  2.519099733344  3.640824458676  0.973162271738  9.438536496698  1.999976175914  8.734708076321  0.639326676812  7.806332698313  1.426562667053  0.522645628175  7.245497212262  7.003620570504  5.040674124039
2.817363161398  5.254405441002  1.006611012747  1.858965545707  4.665306356248  7.880882078268  5.725367847591  3.341826654090  2.792637726110  2.365283406261  4.251566012181  7.606144787649  7.413383805136  5.679550050275  7.062052361198
1.344610361814  7.231210715816  7.536577674860  4.182210795845  6.246975620417  2.738711939211  6.086733806504  8.868234894724  5.890240933706  8.439499448971  1.152601617976  4.965398016876  0.416203490953  4.590656821970  4.171157309159
0.006744354660  9.230842681426  9.005588346071  9.326522482444  6.379456735048  7.070545116827  1.601288871734  3.371851399395  6.270837336290  5.277268389467  7.261464860964  6.994123531064  4.676760530909  7.940867455807  2.614895411313
9.776351007217  0.962525475159  4.741769006493  2.220937110170  3.104351358115  1.966626958267  3.088334243493  8.329248802162  1.691831722512  4.242252773111  5.676918316985  1.955014752836  6.139703480220  1.956816126031  3.259780550248
0.255136313593  5.952135354075  6.345120128041  2.347751812653  0.005220004177  6.031353318338  7.246508164485  5.773713148483  7.311254855759  0.105503386714  9.410120450873  0.572513949341  2.738155333081  0.717733956074  7.111194685147
4.364042327646  7.697943493242  1.693877015511  9.998999723005  0.820262507546  8.503017919614  2.141169627813  0.334146133553  7.515565020760  0.989360291367  0.262952408952  0.961798348059  7.150655874674  5.773392431712  7.473348298159
2.074004443314  1.463713804135  2.498436133099  1.019861974527  9.820610319028  2.792452956234  0.725954772693  6.300869633674  0.310378470936  4.151570274113  3.613358948404  4.638511577395  6.503243048021  8.964627138944  0.147589345316
1.041934216051  5.565780381737  3.024796392872  7.777441875404  0.104850500003  5.331795658337  8.455672147545  8.728944543874  6.165659212178  6.390179375058  7.439757087061  3.339580810098  5.171826539640  8.527331983411  2.384387256049
0.796992250260  8.324646239500  6.413823702212  2.693871840296  1.931424294066  6.909687527899  6.466131807232  9.441465787932  2.478763589181  1.221911351036  9.607348620472  9.468957909438  8.149549800644  4.037491960531  6.977830688422
9.962122011679  5.077596784739  6.778622430567  1.704023879771  5.000328450958  9.705961115123  7.147012873968  9.272051355121  6.982783513982  6.811837251909  9.731055643044  4.499522512316  2.282873243853  6.496587099997  6.176110973470
Information: The stitching and editing of coupling caps is turned OFF for design 'pde_chip_top_safe.dlib:pde_chip_top_safe.design'. (TIM-125)
Information: Design pde_chip_top_safe has 114492 nets, 114054 global routed, 436 detail routed. (NEX-024)
Information: build GR coup map successfully (NEX-012)
Information: The RC mode used is GR for design 'pde_chip_top_safe'. (NEX-022)
Warning: Net 'rst_n' is exceeding threshold (over 1000 pins) and will be skipped. (NEX-020)
Information: Update timing completed net estimation for all the timing graph nets (TIM-111)
Information: Net estimation statistics: timing graph nets = 114490, routed nets = 114486, across physical hierarchy nets = 0, parasitics cached nets = 114486, delay annotated nets = 0, parasitics annotated nets = 0, multi-voltage nets = 0. (TIM-112)

Clock-opt final QoR
___________________
Scenario Mapping Table
1: FUNC_BC
2: FUNC_WC

Pathgroup Mapping Table
1: **default**
2: **async_default**
3: **clock_gating_default**
4: **in2reg_default**
5: **reg2out_default**
6: **in2out_default**
7: core_clk

-------------------------------------------------------------------------------------------------------------------------------------------------------------
PATHGROUP QOR 
-------------------------------------------------------------------------------------------------------------------------------------------------------------
Scene  PG      WNS        TNS    NSV      WHV        THV    NHV
    1   1        -          -      -   0.0000     0.0000      0
    1   2        -          -      -   0.0000     0.0000      0
    1   3        -          -      -   0.0000     0.0000      0
    1   4        -          -      -   0.0000     0.0000      0
    1   5        -          -      -   0.0000     0.0000      0
    1   6        -          -      -   0.0000     0.0000      0
    1   7        -          -      -   0.0000     0.0000      0
    2   1   0.0000     0.0000      0        -          -      -
    2   2   0.0000     0.0000      0        -          -      -
    2   3   0.0000     0.0000      0        -          -      -
    2   4   0.0000     0.0000      0        -          -      -
    2   5   0.0000     0.0000      0        -          -      -
    2   6   0.0000     0.0000      0        -          -      -
    2   7   0.0000     0.0000      0        -          -      -
----------------------------------------------------------------------------------------------------------------------------------------------------------------------
SCENARIO QOR 
----------------------------------------------------------------------------------------------------------------------------------------------------------------------
Scene  PG      WNS        TNS   R2RTNS    NSV      WHV        THV    NHV  MaxTrnV   MaxTranC  MaxCapV    Leakage
    1   *        -          -        -      -   0.0000     0.0000      0        0     0.0000        0          -
    2   *   0.0000     0.0000   0.0000      0        -          -      -        4     0.0010        0  87113.891
----------------------------------------------------------------------------------------------------------------------------------------------------------------------
DESIGN QOR 
----------------------------------------------------------------------------------------------------------------------------------------------------------------------
Scene  PG      WNS        TNS   R2RTNS    NSV      WHV        THV    NHV  MaxTrnV   MaxTranC  MaxCapV    Leakage         Area    InstCnt     BufCnt     InvCnt
    *   *   0.0000     0.0000   0.0000      0   0.0000     0.0000      0        4     0.0010        0  87113.891    419565.25     111453       9999      12061
----------------------------------------------------------------------------------------------------------------------------------------------------------------------

Clock-opt final QoR Summary         WNS        TNS   R2RTNS    NSV      WHV        THV    NHV  MaxTrnV  MaxCapV    Leakage         Area    InstCnt
Clock-opt final QoR Summary      0.0000     0.0000   0.0000      0   0.0000     0.0000      0        4        0  87113.891    419565.25     111453

Clock-opt command complete                CPU:  5197 s (  1.44 hr )  ELAPSE:  1343 s (  0.37 hr )  MEM-PEAK:  3387 MB
Clock-opt command statistics  CPU=1907 sec (0.53 hr) ELAPSED=446 sec (0.12 hr) MEM-PEAK=3.308 GB
TEST: runCore finalOptoEnd-end
TEST: runCore final-init
TEST: runCore final-end
Information: Running auto PG connection. (NDM-099)
Information: Ending   'clock_opt' (FLW-8001)
Information: Time: 2026-08-04 16:35:04 / Session:  00:22:22 / Command:  00:10:17 / CPU:  00:41:11 / Memory: 3387 MB (FLW-8100)
Information: Saving block 'pde_chip_top_safe.dlib:pde_chip_top_safe.design'
Information: Starting 'route_auto' (FLW-8000)
Information: Time: 2026-08-04 16:35:13 / Session:  00:22:31 / Command:  00:00:00 / CPU:  00:00:00 / Memory: 3718 MB (FLW-8100)
Information: The net parasitics of block pde_chip_top_safe are cleared. (TIM-123)
Cell Min-Routing-Layer = M1
Cell Max-Routing-Layer = M6
Turn off antenna since no rule is specified
Information: Option route.detail.force_end_on_preferred_grid will be ignored since none of the layers have preferred grid. (ZRT-703)
Info: number of net_type_blockage: 0 
Information: Via ladder engine would be activated for pattern must join connection in certain commands. Please refer to man-page for the command list. (ZRT-619)
Via on layer (VIA1) needs more than one tracks
Warning: Layer M1 default pitch 0.200 may be too small to handle up/down via. Note, that minimum requirements are "wire/via-down 0.180" & "wire/via-up 0.225". (ZRT-026)
Via on layer (VIA5) needs more than one tracks
Warning: Layer M5 default pitch 0.200 may be too small to handle up/down via. Note, that minimum requirements are "wire/via-down 0.200" & "wire/via-up 0.350". (ZRT-026)
Via on layer (RV) needs more than one tracks
Warning: Layer M6 default pitch 0.800 may be too small to handle up/down via. Note, that minimum requirements are "wire/via-down 0.800" & "wire/via-up 3.600". (ZRT-026)
Information: When applicable Min-max layer allow_pin_connection mode will allow paths of length 3.00 outside the layer range. (ZRT-707)
Information: When applicable Min-max layer allow_pin_connection mode will allow paths of length 3.00 outside the layer range on clock nets. (ZRT-718)
Information: When applicable layer based tapering will taper up to 0.00 in distance from the pin. (ZRT-706)

    Found 0 via ladders to verify.

VIA LADDER INFO: found 0 via ladder DRCs across 0 nets.
Updating the database ...

    Via ladders will be inserted on 0 of 0 ports with via ladder constraints.

Updating the database ...
[Arrange data for GR] Elapsed real time: 0:00:00 
[Arrange data for GR] Elapsed cpu  time: sys=0:00:00 usr=0:00:00 total=0:00:00
[Arrange data for GR] Stage (MB): Used    0  Alloctr    0  Proc    0 
[Arrange data for GR] Total (MB): Used  123  Alloctr  130  Proc 7046 
Information: Skipping global routing as it has already been run in the global_route_opt stage of clock_opt. (ZRT-607)

Start track assignment

Printing options for 'route.common.*'

Printing options for 'route.track.*'

Loading parastics information to the router ...
parastics information loaded to the router.
Information: Using 8 threads for routing. (ZRT-444)
Information: RC layer preference is turned off for this design. (ZRT-613)

[Track Assign: TA init] Elapsed real time: 0:00:00 
[Track Assign: TA init] Elapsed cpu  time: sys=0:00:00 usr=0:00:02 total=0:00:02
[Track Assign: TA init] Stage (MB): Used  104  Alloctr  105  Proc    0 
[Track Assign: TA init] Total (MB): Used  348  Alloctr  351  Proc 7046 

Start initial assignment

Assign Horizontal partitions, iteration 0 
Routed partition 1/31       
Routed partition 2/31       
Routed partition 3/31       
Routed partition 4/31       
Routed partition 5/31       
Routed partition 6/31       
Routed partition 7/31       
Routed partition 8/31       
Routed partition 9/31       
Routed partition 10/31      
Routed partition 11/31      
Routed partition 12/31      
Routed partition 13/31      
Routed partition 14/31      
Routed partition 15/31      
Routed partition 16/31      
Routed partition 17/31      
Routed partition 18/31      
Routed partition 19/31      
Routed partition 20/31      
Routed partition 21/31      
Routed partition 22/31      
Routed partition 23/31      
Routed partition 24/31      
Routed partition 25/31      
Routed partition 26/31      
Routed partition 27/31      
Routed partition 28/31      
Routed partition 29/31      
Routed partition 30/31      
Routed partition 31/31      

Assign Vertical partitions, iteration 0 
Routed partition 1/31       
Routed partition 2/31       
Routed partition 3/31       
Routed partition 4/31       
Routed partition 5/31       
Routed partition 6/31       
Routed partition 7/31       
Routed partition 8/31       
Routed partition 9/31       
Routed partition 10/31      
Routed partition 11/31      
Routed partition 12/31      
Routed partition 13/31      
Routed partition 14/31      
Routed partition 15/31      
Routed partition 16/31      
Routed partition 17/31      
Routed partition 18/31      
Routed partition 19/31      
Routed partition 20/31      
Routed partition 21/31      
Routed partition 22/31      
Routed partition 23/31      
Routed partition 24/31      
Routed partition 25/31      
Routed partition 26/31      
Routed partition 27/31      
Routed partition 28/31      
Routed partition 29/31      
Routed partition 30/31      
Routed partition 31/31      

Number of wires with overlap after iteration 0 = 685878 of 1521385


[Track Assign: Iteration 0] Elapsed real time: 0:00:04 
[Track Assign: Iteration 0] Elapsed cpu  time: sys=0:00:02 usr=0:00:23 total=0:00:25
[Track Assign: Iteration 0] Stage (MB): Used  106  Alloctr  134  Proc    0 
[Track Assign: Iteration 0] Total (MB): Used  350  Alloctr  381  Proc 7046 

Reroute to fix overlaps (iter = 1)

Assign Horizontal partitions, iteration 1 
Routed partition 1/31       
Routed partition 2/31       
Routed partition 3/31       
Routed partition 4/31       
Routed partition 5/31       
Routed partition 6/31       
Routed partition 7/31       
Routed partition 8/31       
Routed partition 9/31       
Routed partition 10/31      
Routed partition 11/31      
Routed partition 12/31      
Routed partition 13/31      
Routed partition 14/31      
Routed partition 15/31      
Routed partition 16/31      
Routed partition 17/31      
Routed partition 18/31      
Routed partition 19/31      
Routed partition 20/31      
Routed partition 21/31      
Routed partition 22/31      
Routed partition 23/31      
Routed partition 24/31      
Routed partition 25/31      
Routed partition 26/31      
Routed partition 27/31      
Routed partition 28/31      
Routed partition 29/31      
Routed partition 30/31      
Routed partition 31/31      

Assign Vertical partitions, iteration 1 
Routed partition 1/31       
Routed partition 2/31       
Routed partition 3/31       
Routed partition 4/31       
Routed partition 5/31       
Routed partition 6/31       
Routed partition 7/31       
Routed partition 8/31       
Routed partition 9/31       
Routed partition 10/31      
Routed partition 11/31      
Routed partition 12/31      
Routed partition 13/31      
Routed partition 14/31      
Routed partition 15/31      
Routed partition 16/31      
Routed partition 17/31      
Routed partition 18/31      
Routed partition 19/31      
Routed partition 20/31      
Routed partition 21/31      
Routed partition 22/31      
Routed partition 23/31      
Routed partition 24/31      
Routed partition 25/31      
Routed partition 26/31      
Routed partition 27/31      
Routed partition 28/31      
Routed partition 29/31      
Routed partition 30/31      
Routed partition 31/31      

[Track Assign: Iteration 1] Elapsed real time: 0:00:10 
[Track Assign: Iteration 1] Elapsed cpu  time: sys=0:00:04 usr=0:00:54 total=0:00:59
[Track Assign: Iteration 1] Stage (MB): Used  107  Alloctr  136  Proc    0 
[Track Assign: Iteration 1] Total (MB): Used  351  Alloctr  383  Proc 7046 

Number of wires with overlap after iteration 1 = 350353 of 1084619


Wire length and via report:
---------------------------
Number of M1 wires: 185801 		 CONT1: 0
Number of M2 wires: 513931 		 VIA12_HV: 440494
Number of M3 wires: 327394 		 VIA23: 478727
Number of M4 wires: 42778 		 VIA34: 61032
Number of M5 wires: 13666 		 VIA45: 23746
Number of M6 wires: 1049 		 VIA56: 2015
Number of AP wires: 0 		 VIA67: 0
Total number of wires: 1084619 		 vias: 1006014

Total M1 wire length: 52293.3
Total M2 wire length: 1016187.0
Total M3 wire length: 1408223.4
Total M4 wire length: 1082678.2
Total M5 wire length: 922453.4
Total M6 wire length: 124896.4
Total AP wire length: 0.0
Total wire length: 4606732.5

Longest M1 wire length: 44.6
Longest M2 wire length: 340.8
Longest M3 wire length: 342.2
Longest M4 wire length: 434.8
Longest M5 wire length: 666.4
Longest M6 wire length: 437.8
Longest AP wire length: 0.0


[Track Assign: Done] Elapsed real time: 0:00:12 
[Track Assign: Done] Elapsed cpu  time: sys=0:00:04 usr=0:01:04 total=0:01:09
[Track Assign: Done] Stage (MB): Used   20  Alloctr   25  Proc    0 
[Track Assign: Done] Total (MB): Used  264  Alloctr  272  Proc 7046 
Printing options for 'route.common.*'

Printing options for 'route.detail.*'
detail.antenna                                          :	 true                
detail.antenna_fixing_preference                        :	 use_diodes          
detail.diode_insertion_mode                             :	 new                 
detail.diode_libcell_names                              :	 ANTENNA             
detail.insert_diodes_during_routing                     :	 true                

Printing options for 'route.auto_via_ladder.*'

Information: RC layer preference is turned off for this design. (ZRT-613)
[Dr init] Elapsed real time: 0:00:00 
[Dr init] Elapsed cpu  time: sys=0:00:00 usr=0:00:00 total=0:00:00
[Dr init] Stage (MB): Used   47  Alloctr   46  Proc    0 
[Dr init] Total (MB): Used  311  Alloctr  318  Proc 7046 
Warning: Ignoring diode_preference setting as diode_insertion_mode is not set to new_and_spare. (ZRT-317)
Total number of nets = 114492, of which 0 are not extracted
Total number of open nets = 0, of which 0 are frozen
Information: Using 8 threads for routing. (ZRT-444)

Switch to reduced partition bloat for speedup (DRC report is not accurate)
Start DR iteration 0: uniform partition
Routed	40/2401 Partitions, Violations =	77
Routed	41/2401 Partitions, Violations =	107
Routed	42/2401 Partitions, Violations =	198
Routed	43/2401 Partitions, Violations =	198
Routed	48/2401 Partitions, Violations =	448
Routed	60/2401 Partitions, Violations =	1539
Routed	72/2401 Partitions, Violations =	2249
Routed	84/2401 Partitions, Violations =	3115
Routed	96/2401 Partitions, Violations =	3899
Routed	108/2401 Partitions, Violations =	4610
Routed	120/2401 Partitions, Violations =	5586
Routed	132/2401 Partitions, Violations =	6380
Routed	144/2401 Partitions, Violations =	7010
Routed	156/2401 Partitions, Violations =	7206
Routed	168/2401 Partitions, Violations =	7461
Routed	180/2401 Partitions, Violations =	7718
Routed	192/2401 Partitions, Violations =	7986
Routed	204/2401 Partitions, Violations =	8135
Routed	216/2401 Partitions, Violations =	8344
Routed	228/2401 Partitions, Violations =	8697
Routed	240/2401 Partitions, Violations =	8958
Routed	252/2401 Partitions, Violations =	9307
Routed	264/2401 Partitions, Violations =	9586
Routed	276/2401 Partitions, Violations =	9943
Routed	288/2401 Partitions, Violations =	10349
Routed	300/2401 Partitions, Violations =	10621
Routed	312/2401 Partitions, Violations =	10703
Routed	324/2401 Partitions, Violations =	10860
Routed	336/2401 Partitions, Violations =	11308
Routed	348/2401 Partitions, Violations =	11658
Routed	360/2401 Partitions, Violations =	12121
Routed	372/2401 Partitions, Violations =	12623
Routed	384/2401 Partitions, Violations =	12957
Routed	396/2401 Partitions, Violations =	13661
Routed	408/2401 Partitions, Violations =	14369
Routed	420/2401 Partitions, Violations =	14956
Routed	432/2401 Partitions, Violations =	15463
Routed	444/2401 Partitions, Violations =	15896
Routed	456/2401 Partitions, Violations =	16422
Routed	468/2401 Partitions, Violations =	17049
Routed	480/2401 Partitions, Violations =	17629
Routed	492/2401 Partitions, Violations =	18174
Routed	504/2401 Partitions, Violations =	18693
Routed	516/2401 Partitions, Violations =	19192
Routed	528/2401 Partitions, Violations =	19771
Routed	540/2401 Partitions, Violations =	20344
Routed	552/2401 Partitions, Violations =	20803
Routed	564/2401 Partitions, Violations =	21210
Routed	576/2401 Partitions, Violations =	21585
Routed	588/2401 Partitions, Violations =	22095
Routed	600/2401 Partitions, Violations =	22920
Routed	612/2401 Partitions, Violations =	23463
Routed	624/2401 Partitions, Violations =	23626
Routed	636/2401 Partitions, Violations =	23703
Routed	648/2401 Partitions, Violations =	23585
Routed	660/2401 Partitions, Violations =	23671
Routed	672/2401 Partitions, Violations =	23844
Routed	684/2401 Partitions, Violations =	24131
Routed	696/2401 Partitions, Violations =	24358
Routed	708/2401 Partitions, Violations =	24512
Routed	720/2401 Partitions, Violations =	24682
Routed	732/2401 Partitions, Violations =	24926
Routed	744/2401 Partitions, Violations =	25416
Routed	756/2401 Partitions, Violations =	25484
Routed	768/2401 Partitions, Violations =	25688
Routed	780/2401 Partitions, Violations =	26021
Routed	792/2401 Partitions, Violations =	26390
Routed	804/2401 Partitions, Violations =	26554
Routed	816/2401 Partitions, Violations =	26606
Routed	828/2401 Partitions, Violations =	26585
Routed	840/2401 Partitions, Violations =	26635
Routed	852/2401 Partitions, Violations =	26605
Routed	864/2401 Partitions, Violations =	26563
Routed	876/2401 Partitions, Violations =	26617
Routed	888/2401 Partitions, Violations =	26696
Routed	900/2401 Partitions, Violations =	26697
Routed	912/2401 Partitions, Violations =	26903
Routed	924/2401 Partitions, Violations =	26956
Routed	936/2401 Partitions, Violations =	26906
Routed	948/2401 Partitions, Violations =	26888
Routed	960/2401 Partitions, Violations =	26932
Routed	972/2401 Partitions, Violations =	26834
Routed	984/2401 Partitions, Violations =	26818
Routed	996/2401 Partitions, Violations =	26959
Routed	1008/2401 Partitions, Violations =	27010
Routed	1020/2401 Partitions, Violations =	27053
Routed	1032/2401 Partitions, Violations =	27168
Routed	1044/2401 Partitions, Violations =	27191
Routed	1056/2401 Partitions, Violations =	27274
Routed	1068/2401 Partitions, Violations =	27254
Routed	1080/2401 Partitions, Violations =	27355
Routed	1092/2401 Partitions, Violations =	27431
Routed	1104/2401 Partitions, Violations =	27570
Routed	1116/2401 Partitions, Violations =	27720
Routed	1128/2401 Partitions, Violations =	27912
Routed	1140/2401 Partitions, Violations =	28026
Routed	1152/2401 Partitions, Violations =	28171
Routed	1164/2401 Partitions, Violations =	28174
Routed	1176/2401 Partitions, Violations =	28150
Routed	1188/2401 Partitions, Violations =	28165
Routed	1200/2401 Partitions, Violations =	28110
Routed	1212/2401 Partitions, Violations =	28083
Routed	1224/2401 Partitions, Violations =	28265
Routed	1236/2401 Partitions, Violations =	28572
Routed	1248/2401 Partitions, Violations =	28838
Routed	1260/2401 Partitions, Violations =	29217
Routed	1272/2401 Partitions, Violations =	29333
Routed	1284/2401 Partitions, Violations =	29495
Routed	1296/2401 Partitions, Violations =	29605
Routed	1308/2401 Partitions, Violations =	29778
Routed	1320/2401 Partitions, Violations =	29758
Routed	1332/2401 Partitions, Violations =	29868
Routed	1344/2401 Partitions, Violations =	29724
Routed	1356/2401 Partitions, Violations =	29617
Routed	1368/2401 Partitions, Violations =	29497
Routed	1380/2401 Partitions, Violations =	29484
Routed	1392/2401 Partitions, Violations =	29321
Routed	1404/2401 Partitions, Violations =	29293
Routed	1416/2401 Partitions, Violations =	29141
Routed	1428/2401 Partitions, Violations =	29026
Routed	1440/2401 Partitions, Violations =	28572
Routed	1452/2401 Partitions, Violations =	28159
Routed	1464/2401 Partitions, Violations =	27753
Routed	1476/2401 Partitions, Violations =	27591
Routed	1488/2401 Partitions, Violations =	27487
Routed	1500/2401 Partitions, Violations =	27147
Routed	1512/2401 Partitions, Violations =	26932
Routed	1524/2401 Partitions, Violations =	26790
Routed	1536/2401 Partitions, Violations =	26536
Routed	1548/2401 Partitions, Violations =	26097
Routed	1560/2401 Partitions, Violations =	25672
Routed	1572/2401 Partitions, Violations =	25372
Routed	1584/2401 Partitions, Violations =	24917
Routed	1596/2401 Partitions, Violations =	24309
Routed	1608/2401 Partitions, Violations =	23905
Routed	1620/2401 Partitions, Violations =	23758
Routed	1632/2401 Partitions, Violations =	23725
Routed	1644/2401 Partitions, Violations =	23427
Routed	1656/2401 Partitions, Violations =	23358
Routed	1668/2401 Partitions, Violations =	23096
Routed	1680/2401 Partitions, Violations =	22803
Routed	1692/2401 Partitions, Violations =	22160
Routed	1704/2401 Partitions, Violations =	21515
Routed	1716/2401 Partitions, Violations =	21027
Routed	1728/2401 Partitions, Violations =	20415
Routed	1740/2401 Partitions, Violations =	19988
Routed	1752/2401 Partitions, Violations =	19677
Routed	1764/2401 Partitions, Violations =	18952
Routed	1776/2401 Partitions, Violations =	18537
Routed	1788/2401 Partitions, Violations =	18414
Routed	1800/2401 Partitions, Violations =	18307
Routed	1812/2401 Partitions, Violations =	17786
Routed	1824/2401 Partitions, Violations =	17246
Routed	1836/2401 Partitions, Violations =	16775
Routed	1848/2401 Partitions, Violations =	16507
Routed	1860/2401 Partitions, Violations =	16182
Routed	1872/2401 Partitions, Violations =	15924
Routed	1884/2401 Partitions, Violations =	15482
Routed	1896/2401 Partitions, Violations =	15239
Routed	1908/2401 Partitions, Violations =	15073
Routed	1920/2401 Partitions, Violations =	14752
Routed	1932/2401 Partitions, Violations =	14577
Routed	1944/2401 Partitions, Violations =	14294
Routed	1956/2401 Partitions, Violations =	14102
Routed	1968/2401 Partitions, Violations =	14155
Routed	1980/2401 Partitions, Violations =	13637
Routed	1992/2401 Partitions, Violations =	13505
Routed	2004/2401 Partitions, Violations =	13309
Routed	2016/2401 Partitions, Violations =	13130
Routed	2028/2401 Partitions, Violations =	12919
Routed	2040/2401 Partitions, Violations =	12811
Routed	2052/2401 Partitions, Violations =	12624
Routed	2064/2401 Partitions, Violations =	12350
Routed	2076/2401 Partitions, Violations =	12308
Routed	2088/2401 Partitions, Violations =	11991
Routed	2100/2401 Partitions, Violations =	11786
Routed	2112/2401 Partitions, Violations =	11503
Routed	2124/2401 Partitions, Violations =	10937
Routed	2136/2401 Partitions, Violations =	10849
Routed	2148/2401 Partitions, Violations =	10492
Routed	2160/2401 Partitions, Violations =	10340
Routed	2172/2401 Partitions, Violations =	10107
Routed	2184/2401 Partitions, Violations =	10060
Routed	2196/2401 Partitions, Violations =	9861
Routed	2208/2401 Partitions, Violations =	9634
Routed	2220/2401 Partitions, Violations =	9434
Routed	2232/2401 Partitions, Violations =	9279
Routed	2244/2401 Partitions, Violations =	9244
Routed	2256/2401 Partitions, Violations =	8892
Routed	2268/2401 Partitions, Violations =	8309
Routed	2280/2401 Partitions, Violations =	7684
Routed	2292/2401 Partitions, Violations =	6999
Routed	2304/2401 Partitions, Violations =	6325
Routed	2316/2401 Partitions, Violations =	5855
Routed	2328/2401 Partitions, Violations =	4982
Routed	2340/2401 Partitions, Violations =	4500
Routed	2352/2401 Partitions, Violations =	3529
Routed	2364/2401 Partitions, Violations =	2562
Routed	2376/2401 Partitions, Violations =	1965
Routed	2388/2401 Partitions, Violations =	1686
Routed	2400/2401 Partitions, Violations =	1430

DRC-SUMMARY:
	@@@@@@@ TOTAL VIOLATIONS =	1433
	Diff net spacing : 292
	Diff net via-cut spacing : 372
	End of line spacing : 53
	Less than minimum area : 210
	Less than minimum edge length : 227
	Less than minimum enclosed area : 2
	Less than minimum width : 3
	Same net spacing : 97
	Short : 177

[Iter 0] Elapsed real time: 0:01:07 
[Iter 0] Elapsed cpu  time: sys=0:00:01 usr=0:08:58 total=0:09:00
[Iter 0] Stage (MB): Used  172  Alloctr  172  Proc    0 
[Iter 0] Total (MB): Used  436  Alloctr  445  Proc 7046 

End DR iteration 0 with 2401 parts

Start DR iteration 1: non-uniform partition
Routed	1/1960 Partitions, Violations =	1432
Routed	9/1960 Partitions, Violations =	1431
Routed	18/1960 Partitions, Violations =	1427
Routed	27/1960 Partitions, Violations =	1428
Routed	36/1960 Partitions, Violations =	1411
Routed	45/1960 Partitions, Violations =	1411
Routed	54/1960 Partitions, Violations =	1406
Routed	63/1960 Partitions, Violations =	1405
Routed	72/1960 Partitions, Violations =	1401
Routed	81/1960 Partitions, Violations =	1398
Routed	90/1960 Partitions, Violations =	1390
Routed	99/1960 Partitions, Violations =	1384
Routed	108/1960 Partitions, Violations =	1379
Routed	117/1960 Partitions, Violations =	1375
Routed	126/1960 Partitions, Violations =	1372
Routed	135/1960 Partitions, Violations =	1366
Routed	144/1960 Partitions, Violations =	1363
Routed	153/1960 Partitions, Violations =	1352
Routed	162/1960 Partitions, Violations =	1353
Routed	171/1960 Partitions, Violations =	1347
Routed	180/1960 Partitions, Violations =	1345
Routed	189/1960 Partitions, Violations =	1340
Routed	198/1960 Partitions, Violations =	1333
Routed	207/1960 Partitions, Violations =	1328
Routed	216/1960 Partitions, Violations =	1313
Routed	225/1960 Partitions, Violations =	1313
Routed	234/1960 Partitions, Violations =	1304
Routed	243/1960 Partitions, Violations =	1297
Routed	252/1960 Partitions, Violations =	1288
Routed	261/1960 Partitions, Violations =	1275
Routed	270/1960 Partitions, Violations =	1275
Routed	279/1960 Partitions, Violations =	1272
Routed	288/1960 Partitions, Violations =	1272
Routed	297/1960 Partitions, Violations =	1269
Routed	306/1960 Partitions, Violations =	1266
Routed	315/1960 Partitions, Violations =	1256
Routed	324/1960 Partitions, Violations =	1234
Routed	333/1960 Partitions, Violations =	1234
Routed	342/1960 Partitions, Violations =	1229
Routed	351/1960 Partitions, Violations =	1224
Routed	360/1960 Partitions, Violations =	1219
Routed	369/1960 Partitions, Violations =	1192
Routed	378/1960 Partitions, Violations =	1191
Routed	387/1960 Partitions, Violations =	1183
Routed	396/1960 Partitions, Violations =	1168
Routed	405/1960 Partitions, Violations =	1160
Routed	414/1960 Partitions, Violations =	1158
Routed	423/1960 Partitions, Violations =	1148
Routed	432/1960 Partitions, Violations =	1147
Routed	441/1960 Partitions, Violations =	1139
Routed	450/1960 Partitions, Violations =	1139
Routed	459/1960 Partitions, Violations =	1134
Routed	468/1960 Partitions, Violations =	1129
Routed	477/1960 Partitions, Violations =	1126
Routed	486/1960 Partitions, Violations =	1125
Routed	495/1960 Partitions, Violations =	1121
Routed	504/1960 Partitions, Violations =	1112
Routed	513/1960 Partitions, Violations =	1113
Routed	522/1960 Partitions, Violations =	1105
Routed	531/1960 Partitions, Violations =	1100
Routed	540/1960 Partitions, Violations =	1100
Routed	549/1960 Partitions, Violations =	1096
Routed	558/1960 Partitions, Violations =	1083
Routed	567/1960 Partitions, Violations =	1062
Routed	576/1960 Partitions, Violations =	1057
Routed	585/1960 Partitions, Violations =	1061
Routed	594/1960 Partitions, Violations =	1060
Routed	603/1960 Partitions, Violations =	1056
Routed	612/1960 Partitions, Violations =	1050
Routed	621/1960 Partitions, Violations =	1054
Routed	630/1960 Partitions, Violations =	1051
Routed	639/1960 Partitions, Violations =	1039
Routed	648/1960 Partitions, Violations =	1039
Routed	657/1960 Partitions, Violations =	1037
Routed	666/1960 Partitions, Violations =	1014
Routed	675/1960 Partitions, Violations =	1013
Routed	684/1960 Partitions, Violations =	1008
Routed	693/1960 Partitions, Violations =	999
Routed	702/1960 Partitions, Violations =	996
Routed	711/1960 Partitions, Violations =	988
Routed	720/1960 Partitions, Violations =	984
Routed	729/1960 Partitions, Violations =	978
Routed	738/1960 Partitions, Violations =	982
Routed	747/1960 Partitions, Violations =	965
Routed	756/1960 Partitions, Violations =	964
Routed	765/1960 Partitions, Violations =	956
Routed	774/1960 Partitions, Violations =	957
Routed	783/1960 Partitions, Violations =	952
Routed	792/1960 Partitions, Violations =	942
Routed	801/1960 Partitions, Violations =	940
Routed	810/1960 Partitions, Violations =	934
Routed	819/1960 Partitions, Violations =	926
Routed	828/1960 Partitions, Violations =	918
Routed	837/1960 Partitions, Violations =	917
Routed	846/1960 Partitions, Violations =	915
Routed	855/1960 Partitions, Violations =	911
Routed	864/1960 Partitions, Violations =	905
Routed	873/1960 Partitions, Violations =	894
Routed	882/1960 Partitions, Violations =	887
Routed	891/1960 Partitions, Violations =	870
Routed	900/1960 Partitions, Violations =	872
Routed	909/1960 Partitions, Violations =	877
Routed	918/1960 Partitions, Violations =	870
Routed	927/1960 Partitions, Violations =	870
Routed	936/1960 Partitions, Violations =	864
Routed	945/1960 Partitions, Violations =	865
Routed	954/1960 Partitions, Violations =	866
Routed	963/1960 Partitions, Violations =	860
Routed	972/1960 Partitions, Violations =	846
Routed	981/1960 Partitions, Violations =	843
Routed	990/1960 Partitions, Violations =	842
Routed	999/1960 Partitions, Violations =	838
Routed	1008/1960 Partitions, Violations =	832
Routed	1017/1960 Partitions, Violations =	828
Routed	1026/1960 Partitions, Violations =	822
Routed	1035/1960 Partitions, Violations =	814
Routed	1044/1960 Partitions, Violations =	811
Routed	1053/1960 Partitions, Violations =	808
Routed	1062/1960 Partitions, Violations =	806
Routed	1071/1960 Partitions, Violations =	801
Routed	1080/1960 Partitions, Violations =	785
Routed	1089/1960 Partitions, Violations =	777
Routed	1098/1960 Partitions, Violations =	766
Routed	1107/1960 Partitions, Violations =	763
Routed	1116/1960 Partitions, Violations =	760
Routed	1125/1960 Partitions, Violations =	755
Routed	1134/1960 Partitions, Violations =	755
Routed	1143/1960 Partitions, Violations =	755
Routed	1152/1960 Partitions, Violations =	741
Routed	1161/1960 Partitions, Violations =	740
Routed	1170/1960 Partitions, Violations =	738
Routed	1179/1960 Partitions, Violations =	738
Routed	1188/1960 Partitions, Violations =	728
Routed	1197/1960 Partitions, Violations =	726
Routed	1206/1960 Partitions, Violations =	724
Routed	1215/1960 Partitions, Violations =	714
Routed	1224/1960 Partitions, Violations =	703
Routed	1233/1960 Partitions, Violations =	694
Routed	1242/1960 Partitions, Violations =	692
Routed	1251/1960 Partitions, Violations =	689
Routed	1260/1960 Partitions, Violations =	681
Routed	1269/1960 Partitions, Violations =	678
Routed	1278/1960 Partitions, Violations =	675
Routed	1287/1960 Partitions, Violations =	674
Routed	1296/1960 Partitions, Violations =	672
Routed	1305/1960 Partitions, Violations =	656
Routed	1314/1960 Partitions, Violations =	643
Routed	1323/1960 Partitions, Violations =	633
Routed	1332/1960 Partitions, Violations =	630
Routed	1341/1960 Partitions, Violations =	629
Routed	1350/1960 Partitions, Violations =	626
Routed	1359/1960 Partitions, Violations =	616
Routed	1368/1960 Partitions, Violations =	618
Routed	1377/1960 Partitions, Violations =	612
Routed	1386/1960 Partitions, Violations =	611
Routed	1395/1960 Partitions, Violations =	603
Routed	1404/1960 Partitions, Violations =	602
Routed	1413/1960 Partitions, Violations =	598
Routed	1422/1960 Partitions, Violations =	591
Routed	1431/1960 Partitions, Violations =	589
Routed	1440/1960 Partitions, Violations =	588
Routed	1449/1960 Partitions, Violations =	584
Routed	1458/1960 Partitions, Violations =	571
Routed	1467/1960 Partitions, Violations =	569
Routed	1476/1960 Partitions, Violations =	559
Routed	1485/1960 Partitions, Violations =	558
Routed	1494/1960 Partitions, Violations =	542
Routed	1503/1960 Partitions, Violations =	530
Routed	1512/1960 Partitions, Violations =	527
Routed	1521/1960 Partitions, Violations =	527
Routed	1530/1960 Partitions, Violations =	524
Routed	1539/1960 Partitions, Violations =	514
Routed	1548/1960 Partitions, Violations =	509
Routed	1557/1960 Partitions, Violations =	508
Routed	1566/1960 Partitions, Violations =	505
Routed	1575/1960 Partitions, Violations =	501
Routed	1584/1960 Partitions, Violations =	503
Routed	1593/1960 Partitions, Violations =	492
Routed	1602/1960 Partitions, Violations =	483
Routed	1611/1960 Partitions, Violations =	477
Routed	1620/1960 Partitions, Violations =	468
Routed	1629/1960 Partitions, Violations =	467
Routed	1638/1960 Partitions, Violations =	462
Routed	1647/1960 Partitions, Violations =	460
Routed	1656/1960 Partitions, Violations =	452
Routed	1665/1960 Partitions, Violations =	445
Routed	1674/1960 Partitions, Violations =	439
Routed	1683/1960 Partitions, Violations =	430
Routed	1692/1960 Partitions, Violations =	432
Routed	1701/1960 Partitions, Violations =	422
Routed	1710/1960 Partitions, Violations =	416
Routed	1719/1960 Partitions, Violations =	409
Routed	1728/1960 Partitions, Violations =	406
Routed	1737/1960 Partitions, Violations =	403
Routed	1746/1960 Partitions, Violations =	401
Routed	1755/1960 Partitions, Violations =	385
Routed	1764/1960 Partitions, Violations =	379
Routed	1773/1960 Partitions, Violations =	381
Routed	1782/1960 Partitions, Violations =	375
Routed	1791/1960 Partitions, Violations =	372
Routed	1800/1960 Partitions, Violations =	367
Routed	1809/1960 Partitions, Violations =	360
Routed	1818/1960 Partitions, Violations =	357
Routed	1827/1960 Partitions, Violations =	361
Routed	1836/1960 Partitions, Violations =	348
Routed	1845/1960 Partitions, Violations =	332
Routed	1854/1960 Partitions, Violations =	323
Routed	1863/1960 Partitions, Violations =	323
Routed	1872/1960 Partitions, Violations =	312
Routed	1881/1960 Partitions, Violations =	306
Routed	1890/1960 Partitions, Violations =	298
Routed	1899/1960 Partitions, Violations =	297
Routed	1908/1960 Partitions, Violations =	277
Routed	1917/1960 Partitions, Violations =	276
Routed	1926/1960 Partitions, Violations =	259
Routed	1935/1960 Partitions, Violations =	257
Routed	1944/1960 Partitions, Violations =	259
Routed	1953/1960 Partitions, Violations =	253

DRC-SUMMARY:
	@@@@@@@ TOTAL VIOLATIONS =	252
	Diff net spacing : 20
	Diff net via-cut spacing : 218
	Less than minimum area : 1
	Less than minimum edge length : 4
	Less than minimum width : 1
	Same net spacing : 1
	Short : 7

[Iter 1] Elapsed real time: 0:01:11 
[Iter 1] Elapsed cpu  time: sys=0:00:01 usr=0:09:29 total=0:09:31
[Iter 1] Stage (MB): Used  172  Alloctr  171  Proc    0 
[Iter 1] Total (MB): Used  436  Alloctr  443  Proc 7046 

End DR iteration 1 with 1960 parts

Start DR iteration 2: non-uniform partition
Routed	1/183 Partitions, Violations =	246
Routed	2/183 Partitions, Violations =	242
Routed	3/183 Partitions, Violations =	240
Routed	4/183 Partitions, Violations =	240
Routed	5/183 Partitions, Violations =	239
Routed	6/183 Partitions, Violations =	239
Routed	7/183 Partitions, Violations =	239
Routed	8/183 Partitions, Violations =	239
Routed	9/183 Partitions, Violations =	239
Routed	10/183 Partitions, Violations =	239
Routed	11/183 Partitions, Violations =	237
Routed	12/183 Partitions, Violations =	235
Routed	13/183 Partitions, Violations =	235
Routed	14/183 Partitions, Violations =	227
Routed	15/183 Partitions, Violations =	227
Routed	16/183 Partitions, Violations =	227
Routed	17/183 Partitions, Violations =	227
Routed	18/183 Partitions, Violations =	223
Routed	19/183 Partitions, Violations =	223
Routed	20/183 Partitions, Violations =	223
Routed	21/183 Partitions, Violations =	223
Routed	22/183 Partitions, Violations =	223
Routed	23/183 Partitions, Violations =	221
Routed	24/183 Partitions, Violations =	221
Routed	25/183 Partitions, Violations =	216
Routed	26/183 Partitions, Violations =	215
Routed	27/183 Partitions, Violations =	214
Routed	28/183 Partitions, Violations =	214
Routed	29/183 Partitions, Violations =	214
Routed	30/183 Partitions, Violations =	212
Routed	31/183 Partitions, Violations =	212
Routed	32/183 Partitions, Violations =	208
Routed	33/183 Partitions, Violations =	206
Routed	34/183 Partitions, Violations =	206
Routed	35/183 Partitions, Violations =	206
Routed	36/183 Partitions, Violations =	207
Routed	37/183 Partitions, Violations =	207
Routed	38/183 Partitions, Violations =	206
Routed	39/183 Partitions, Violations =	206
Routed	40/183 Partitions, Violations =	206
Routed	41/183 Partitions, Violations =	196
Routed	42/183 Partitions, Violations =	193
Routed	43/183 Partitions, Violations =	193
Routed	44/183 Partitions, Violations =	192
Routed	45/183 Partitions, Violations =	192
Routed	46/183 Partitions, Violations =	192
Routed	47/183 Partitions, Violations =	189
Routed	48/183 Partitions, Violations =	189
Routed	49/183 Partitions, Violations =	189
Routed	50/183 Partitions, Violations =	186
Routed	51/183 Partitions, Violations =	184
Routed	52/183 Partitions, Violations =	184
Routed	53/183 Partitions, Violations =	181
Routed	54/183 Partitions, Violations =	181
Routed	55/183 Partitions, Violations =	180
Routed	56/183 Partitions, Violations =	180
Routed	57/183 Partitions, Violations =	180
Routed	58/183 Partitions, Violations =	171
Routed	59/183 Partitions, Violations =	171
Routed	60/183 Partitions, Violations =	171
Routed	61/183 Partitions, Violations =	171
Routed	62/183 Partitions, Violations =	168
Routed	63/183 Partitions, Violations =	168
Routed	64/183 Partitions, Violations =	167
Routed	65/183 Partitions, Violations =	162
Routed	66/183 Partitions, Violations =	159
Routed	67/183 Partitions, Violations =	159
Routed	68/183 Partitions, Violations =	156
Routed	69/183 Partitions, Violations =	156
Routed	70/183 Partitions, Violations =	152
Routed	71/183 Partitions, Violations =	152
Routed	72/183 Partitions, Violations =	152
Routed	73/183 Partitions, Violations =	145
Routed	74/183 Partitions, Violations =	144
Routed	75/183 Partitions, Violations =	144
Routed	76/183 Partitions, Violations =	144
Routed	77/183 Partitions, Violations =	144
Routed	78/183 Partitions, Violations =	142
Routed	79/183 Partitions, Violations =	139
Routed	80/183 Partitions, Violations =	139
Routed	81/183 Partitions, Violations =	139
Routed	82/183 Partitions, Violations =	140
Routed	83/183 Partitions, Violations =	140
Routed	84/183 Partitions, Violations =	140
Routed	85/183 Partitions, Violations =	139
Routed	86/183 Partitions, Violations =	137
Routed	87/183 Partitions, Violations =	135
Routed	88/183 Partitions, Violations =	133
Routed	89/183 Partitions, Violations =	133
Routed	90/183 Partitions, Violations =	133
Routed	91/183 Partitions, Violations =	132
Routed	92/183 Partitions, Violations =	129
Routed	93/183 Partitions, Violations =	128
Routed	94/183 Partitions, Violations =	128
Routed	95/183 Partitions, Violations =	124
Routed	96/183 Partitions, Violations =	123
Routed	97/183 Partitions, Violations =	123
Routed	98/183 Partitions, Violations =	123
Routed	99/183 Partitions, Violations =	123
Routed	100/183 Partitions, Violations =	121
Routed	101/183 Partitions, Violations =	121
Routed	102/183 Partitions, Violations =	110
Routed	103/183 Partitions, Violations =	110
Routed	104/183 Partitions, Violations =	110
Routed	105/183 Partitions, Violations =	110
Routed	106/183 Partitions, Violations =	107
Routed	107/183 Partitions, Violations =	107
Routed	108/183 Partitions, Violations =	111
Routed	109/183 Partitions, Violations =	111
Routed	110/183 Partitions, Violations =	109
Routed	111/183 Partitions, Violations =	105
Routed	112/183 Partitions, Violations =	104
Routed	113/183 Partitions, Violations =	104
Routed	114/183 Partitions, Violations =	104
Routed	115/183 Partitions, Violations =	104
Routed	116/183 Partitions, Violations =	103
Routed	117/183 Partitions, Violations =	95
Routed	118/183 Partitions, Violations =	93
Routed	119/183 Partitions, Violations =	91
Routed	120/183 Partitions, Violations =	87
Routed	121/183 Partitions, Violations =	86
Routed	122/183 Partitions, Violations =	86
Routed	123/183 Partitions, Violations =	86
Routed	124/183 Partitions, Violations =	84
Routed	125/183 Partitions, Violations =	84
Routed	126/183 Partitions, Violations =	84
Routed	127/183 Partitions, Violations =	81
Routed	128/183 Partitions, Violations =	79
Routed	129/183 Partitions, Violations =	79
Routed	130/183 Partitions, Violations =	76
Routed	131/183 Partitions, Violations =	75
Routed	132/183 Partitions, Violations =	74
Routed	133/183 Partitions, Violations =	73
Routed	134/183 Partitions, Violations =	73
Routed	135/183 Partitions, Violations =	73
Routed	136/183 Partitions, Violations =	72
Routed	137/183 Partitions, Violations =	68
Routed	138/183 Partitions, Violations =	68
Routed	139/183 Partitions, Violations =	60
Routed	140/183 Partitions, Violations =	60
Routed	141/183 Partitions, Violations =	60
Routed	142/183 Partitions, Violations =	60
Routed	143/183 Partitions, Violations =	59
Routed	144/183 Partitions, Violations =	59
Routed	145/183 Partitions, Violations =	59
Routed	146/183 Partitions, Violations =	58
Routed	147/183 Partitions, Violations =	55
Routed	148/183 Partitions, Violations =	55
Routed	149/183 Partitions, Violations =	54
Routed	150/183 Partitions, Violations =	52
Routed	151/183 Partitions, Violations =	52
Routed	152/183 Partitions, Violations =	52
Routed	153/183 Partitions, Violations =	43
Routed	154/183 Partitions, Violations =	43
Routed	155/183 Partitions, Violations =	41
Routed	156/183 Partitions, Violations =	41
Routed	157/183 Partitions, Violations =	40
Routed	158/183 Partitions, Violations =	39
Routed	159/183 Partitions, Violations =	39
Routed	160/183 Partitions, Violations =	38
Routed	161/183 Partitions, Violations =	32
Routed	162/183 Partitions, Violations =	29
Routed	163/183 Partitions, Violations =	29
Routed	164/183 Partitions, Violations =	28
Routed	165/183 Partitions, Violations =	28
Routed	166/183 Partitions, Violations =	23
Routed	167/183 Partitions, Violations =	18
Routed	168/183 Partitions, Violations =	18
Routed	169/183 Partitions, Violations =	18
Routed	170/183 Partitions, Violations =	18
Routed	171/183 Partitions, Violations =	17
Routed	172/183 Partitions, Violations =	16
Routed	173/183 Partitions, Violations =	16
Routed	174/183 Partitions, Violations =	14
Routed	175/183 Partitions, Violations =	14
Routed	176/183 Partitions, Violations =	14
Routed	177/183 Partitions, Violations =	13
Routed	178/183 Partitions, Violations =	12
Routed	179/183 Partitions, Violations =	12
Routed	180/183 Partitions, Violations =	12
Routed	181/183 Partitions, Violations =	12
Routed	182/183 Partitions, Violations =	12
Routed	183/183 Partitions, Violations =	12

DRC-SUMMARY:
	@@@@@@@ TOTAL VIOLATIONS =	12
	Diff net spacing : 5
	Diff net via-cut spacing : 3
	Less than minimum edge length : 1
	Same net spacing : 1
	Short : 2

[Iter 2] Elapsed real time: 0:01:12 
[Iter 2] Elapsed cpu  time: sys=0:00:01 usr=0:09:33 total=0:09:35
[Iter 2] Stage (MB): Used  172  Alloctr  171  Proc    0 
[Iter 2] Total (MB): Used  436  Alloctr  443  Proc 7046 

End DR iteration 2 with 183 parts

Start DR iteration 3: non-uniform partition
Routed	1/9 Partitions, Violations =	12
Routed	2/9 Partitions, Violations =	12
Routed	3/9 Partitions, Violations =	10
Routed	4/9 Partitions, Violations =	6
Routed	5/9 Partitions, Violations =	6
Routed	6/9 Partitions, Violations =	0
Routed	7/9 Partitions, Violations =	1
Routed	8/9 Partitions, Violations =	7
Routed	9/9 Partitions, Violations =	7

DRC-SUMMARY:
	@@@@@@@ TOTAL VIOLATIONS =	7
	Diff net spacing : 2
	Less than minimum area : 1
	Less than minimum edge length : 1
	Same net spacing : 1
	Short : 2

[Iter 3] Elapsed real time: 0:01:12 
[Iter 3] Elapsed cpu  time: sys=0:00:02 usr=0:09:34 total=0:09:36
[Iter 3] Stage (MB): Used  172  Alloctr  171  Proc    0 
[Iter 3] Total (MB): Used  436  Alloctr  443  Proc 7046 

End DR iteration 3 with 9 parts

Start DR iteration 4: non-uniform partition
Routed	1/2 Partitions, Violations =	6
Routed	2/2 Partitions, Violations =	0

DRC-SUMMARY:
	@@@@@@@ TOTAL VIOLATIONS =	0

[Iter 4] Elapsed real time: 0:01:12 
[Iter 4] Elapsed cpu  time: sys=0:00:02 usr=0:09:35 total=0:09:37
[Iter 4] Stage (MB): Used  172  Alloctr  171  Proc    0 
[Iter 4] Total (MB): Used  436  Alloctr  443  Proc 7046 

End DR iteration 4 with 2 parts


Switch back to normal partition bloat and recalculate DRC:

Begin full DRC check ...

Information: Using 8 threads for routing. (ZRT-444)
Checked	2/169 Partitions, Violations =	0
Checked	6/169 Partitions, Violations =	0
Checked	12/169 Partitions, Violations =	0
Checked	18/169 Partitions, Violations =	0
Checked	24/169 Partitions, Violations =	0
Checked	30/169 Partitions, Violations =	0
Checked	36/169 Partitions, Violations =	0
Checked	42/169 Partitions, Violations =	0
Checked	48/169 Partitions, Violations =	0
Checked	54/169 Partitions, Violations =	0
Checked	60/169 Partitions, Violations =	0
Checked	66/169 Partitions, Violations =	0
Checked	72/169 Partitions, Violations =	0
Checked	78/169 Partitions, Violations =	0
Checked	84/169 Partitions, Violations =	0
Checked	90/169 Partitions, Violations =	0
Checked	96/169 Partitions, Violations =	0
Checked	102/169 Partitions, Violations =	0
Checked	108/169 Partitions, Violations =	0
Checked	114/169 Partitions, Violations =	0
Checked	120/169 Partitions, Violations =	0
Checked	126/169 Partitions, Violations =	0
Checked	132/169 Partitions, Violations =	0
Checked	138/169 Partitions, Violations =	0
Checked	144/169 Partitions, Violations =	0
Checked	150/169 Partitions, Violations =	0
Checked	156/169 Partitions, Violations =	0
Checked	162/169 Partitions, Violations =	0
Checked	168/169 Partitions, Violations =	0
[DRC CHECK] Elapsed real time: 0:01:18 
[DRC CHECK] Elapsed cpu  time: sys=0:00:02 usr=0:10:15 total=0:10:17
[DRC CHECK] Stage (MB): Used  172  Alloctr  172  Proc    0 
[DRC CHECK] Total (MB): Used  436  Alloctr  444  Proc 7046 
Finish DR since reached 0 DRC

Information: Detail Routing terminated early because DRCs were not converging: false (ZRT-312)
[DR] Elapsed real time: 0:01:18 
[DR] Elapsed cpu  time: sys=0:00:02 usr=0:10:15 total=0:10:17
[DR] Stage (MB): Used   54  Alloctr   54  Proc    0 
[DR] Total (MB): Used  318  Alloctr  326  Proc 7046 
[DR: Done] Elapsed real time: 0:01:18 
[DR: Done] Elapsed cpu  time: sys=0:00:02 usr=0:10:15 total=0:10:17
[DR: Done] Stage (MB): Used   54  Alloctr   54  Proc    0 
[DR: Done] Total (MB): Used  318  Alloctr  326  Proc 7046 

DR finished with 1 open nets, of which 0 are frozen

DR finished with 0 violations

DRC-SUMMARY:
	@@@@@@@ TOTAL VIOLATIONS =	0



Total Wire Length =                    4781448 micron
Total Number of Contacts =             1104964
Total Number of Wires =                1172988
Total Number of PtConns =              155257
Total Number of Routed Wires =       1045354
Total Routed Wire Length =           4730818 micron
Total Number of Routed Contacts =       1104964
	Layer             M1 :      38306 micron
	Layer             M2 :     926883 micron
	Layer             M3 :    1474560 micron
	Layer             M4 :    1248303 micron
	Layer             M5 :     919642 micron
	Layer             M6 :     123125 micron
	Layer             AP :          0 micron
	Via            VIA56 :       1989
	Via            VIA45 :      25451
	Via        VIA45_2x1 :         22
	Via   VIA45(rot)_1x2 :        735
	Via        VIA45_1x2 :         81
	Via            VIA34 :     123550
	Via            VIA23 :     492125
	Via       VIA23(rot) :         10
	Via            VIA12 :     208271
	Via       VIA12(rot) :       2136
	Via         VIA12_HV :     241061
	Via    VIA12_HV(rot) :       7664
	Via        VIA12_2x1 :          5
	Via   VIA12(rot)_1x2 :        471
	Via   VIA12(rot)_2x1 :          1
	Via        VIA12_1x2 :       1392

 
Redundant via conversion report:
--------------------------------

  Total optimized via conversion rate =  0.24% (2707 / 1104964 vias)
 
    Layer VIA1       =  0.41% (1869   / 461001  vias)
        Weight 1     =  0.41% (1869    vias)
        Un-optimized =  0.00% (0       vias)
        Un-mapped    = 99.59% (459132  vias)
    Layer VIA2       =  0.00% (0      / 492135  vias)
        Un-optimized =  0.00% (0       vias)
        Un-mapped    = 100.00% (492135  vias)
    Layer VIA3       =  0.00% (0      / 123550  vias)
        Un-optimized =  0.00% (0       vias)
        Un-mapped    = 100.00% (123550  vias)
    Layer VIA4       =  3.19% (838    / 26289   vias)
        Weight 1     =  3.19% (838     vias)
        Un-optimized =  0.00% (0       vias)
        Un-mapped    = 96.81% (25451   vias)
    Layer VIA5       =  0.00% (0      / 1989    vias)
        Un-optimized =  0.00% (0       vias)
        Un-mapped    = 100.00% (1989    vias)
 
  Total double via conversion rate    =  0.24% (2707 / 1104964 vias)
 
    Layer VIA1       =  0.41% (1869   / 461001  vias)
    Layer VIA2       =  0.00% (0      / 492135  vias)
    Layer VIA3       =  0.00% (0      / 123550  vias)
    Layer VIA4       =  3.19% (838    / 26289   vias)
    Layer VIA5       =  0.00% (0      / 1989    vias)
 
  The optimized via conversion rate based on total routed via count =  0.24% (2707 / 1104964 vias)
 
    Layer VIA1       =  0.41% (1869   / 461001  vias)
        Weight 1     =  0.41% (1869    vias)
        Un-optimized =  0.00% (0       vias)
        Un-mapped    = 99.59% (459132  vias)
    Layer VIA2       =  0.00% (0      / 492135  vias)
        Un-optimized =  0.00% (0       vias)
        Un-mapped    = 100.00% (492135  vias)
    Layer VIA3       =  0.00% (0      / 123550  vias)
        Un-optimized =  0.00% (0       vias)
        Un-mapped    = 100.00% (123550  vias)
    Layer VIA4       =  3.19% (838    / 26289   vias)
        Weight 1     =  3.19% (838     vias)
        Un-optimized =  0.00% (0       vias)
        Un-mapped    = 96.81% (25451   vias)
    Layer VIA5       =  0.00% (0      / 1989    vias)
        Un-optimized =  0.00% (0       vias)
        Un-mapped    = 100.00% (1989    vias)
 

Total number of nets = 114492
1 open nets, of which 0 are frozen
Total number of excluded ports = 0 ports of 0 unplaced cells connected to 0 nets
                                 0 ports without pins of 0 cells connected to 0 nets
                                 0 ports of 0 cover cells connected to 0 non-pg nets
Total number of DRCs = 0
Total number of antenna violations = antenna checking not active
Information: Routes in non-preferred voltage areas = 0 (ZRT-559)

Updating the database ...
Information: Extraction observers are detached as design net change threshold is reached.
rtapiOptAttrInterf: set attribute check_routability_called=1785832613 
Information: Ending   'route_auto' (FLW-8001)
Information: Time: 2026-08-04 16:36:53 / Session:  00:24:11 / Command:  00:01:39 / CPU:  00:11:37 / Memory: 3718 MB (FLW-8100)
Information: Starting 'route_opt' (FLW-8000)
Information: Time: 2026-08-04 16:36:53 / Session:  00:24:11 / Command:  00:00:00 / CPU:  00:00:00 / Memory: 3718 MB (FLW-8100)
INFO: route_opt is running in balanced flow mode
Warning: SI analysis is not enabled for post-route optimization. (ROPT-002)
INFO: Total Power Aware Optimization Enabled (Dynamic + Leakage)
RO is run without TCE settings 
Route-opt command begin                   CPU:  5934 s (  1.65 hr )  ELAPSE:  1452 s (  0.40 hr )  MEM-PEAK:  3717 MB
Warning: SI analysis is not enabled for post-route optimization. (ROPT-002)
INFO: place.legalize.enable_advanced_legalizer not set - need to revert CLO
INFO: Concurrent Legalization and Optimization (CLO) Reverted
INFO: place.legalize.enable_advanced_legalizer not set - need to revert CLO
Information: The stitching and editing of coupling caps is turned OFF for design 'pde_chip_top_safe.dlib:pde_chip_top_safe.design'. (TIM-125)
Information: Design pde_chip_top_safe has 114492 nets, 0 global routed, 114490 detail routed. (NEX-024)
Information: The RC mode used is DR for design 'pde_chip_top_safe'. (NEX-022)
---extraction options---
Corner: WC
Corner: BC
Global options:
 reference_direction       : use_from_tluplus
 real_metalfill_extraction : none
 virtual_shield_extraction : true
---app options---
 host.max_cores                   : 8
 extract.connect_open           : true
 extract.enable_coupling_cap    : false
Extracting design: pde_chip_top_safe 
Warning: Net 'rst_n' is exceeding threshold (over 1000 pins) and will be skipped. (NEX-020)
Information: coupling capacitance is lumped to ground. (NEX-030)
Information: 114489 nets are successfully extracted. (NEX-028)
Warning: Advanced receiver model has not been enabled for detailed routed design. (TIM-204)
Information: Update timing completed net estimation for all the timing graph nets (TIM-111)
Information: Net estimation statistics: timing graph nets = 114490, routed nets = 114486, across physical hierarchy nets = 0, parasitics cached nets = 114486, delay annotated nets = 0, parasitics annotated nets = 0, multi-voltage nets = 0. (TIM-112)
Info: update em.

Route-opt timing update complete          CPU:  5985 s (  1.66 hr )  ELAPSE:  1459 s (  0.41 hr )  MEM-PEAK:  3717 MB
INFO: Propagating Switching Activities
Information: Activity propagation will be performed for scenario FUNC_WC.
Information: Doing activity propagation for mode 'FUNC' and corner 'WC' with effort level 'medium'. (POW-024)
Information: Timer-derived activity data is cached on scenario FUNC_WC (POW-052)
Information: Running switching activity propagation with 8 threads!

 **** Information : No. of simulation cycles = 6 ****
INFO: Switching Activity propagation took     0.00001 sec
INFO: Propagating Switching Activity for all power flows 

Route-opt initial QoR
_____________________
Scenario Mapping Table
1: FUNC_BC
2: FUNC_WC

Pathgroup Mapping Table
1: **default**
2: **async_default**
3: **clock_gating_default**
4: **in2reg_default**
5: **reg2out_default**
6: **in2out_default**
7: core_clk

-------------------------------------------------------------------------------------------------------------------------------------------------------------
PATHGROUP QOR 
-------------------------------------------------------------------------------------------------------------------------------------------------------------
Scene  PG      WNS        TNS    NSV      WHV        THV    NHV
    1   1        -          -      -   0.0000     0.0000      0
    1   2        -          -      -   0.0000     0.0000      0
    1   3        -          -      -   0.0000     0.0000      0
    1   4        -          -      -   0.0000     0.0000      0
    1   5        -          -      -   0.0000     0.0000      0
    1   6        -          -      -   0.0000     0.0000      0
    1   7        -          -      -   0.0000     0.0000      0
    2   1   0.0000     0.0000      0        -          -      -
    2   2   0.0000     0.0000      0        -          -      -
    2   3   0.0000     0.0000      0        -          -      -
    2   4   0.0000     0.0000      0        -          -      -
    2   5   0.0000     0.0000      0        -          -      -
    2   6   0.0000     0.0000      0        -          -      -
    2   7   0.0000     0.0000      0        -          -      -
----------------------------------------------------------------------------------------------------------------------------------------------------------------------
SCENARIO QOR 
----------------------------------------------------------------------------------------------------------------------------------------------------------------------
Scene  PG      WNS        TNS   R2RTNS    NSV      WHV        THV    NHV  MaxTrnV   MaxTranC  MaxCapV    Leakage
    1   *        -          -        -      -   0.0000     0.0000      0        1     0.0027        1          -
    2   *   0.0000     0.0000   0.0000      0        -          -      -      444     5.3207        0  87113.891
----------------------------------------------------------------------------------------------------------------------------------------------------------------------
DESIGN QOR 
----------------------------------------------------------------------------------------------------------------------------------------------------------------------
Scene  PG      WNS        TNS   R2RTNS    NSV      WHV        THV    NHV  MaxTrnV   MaxTranC  MaxCapV    Leakage         Area    InstCnt
    *   *   0.0000     0.0000   0.0000      0   0.0000     0.0000      0      444     5.3207        1  87113.891    419565.25     111453
----------------------------------------------------------------------------------------------------------------------------------------------------------------------

Route-opt initial QoR Summary       WNS        TNS   R2RTNS    NSV      WHV        THV    NHV  MaxTrnV  MaxCapV    Leakage         Area    InstCnt
Route-opt initial QoR Summary    0.0000     0.0000   0.0000      0   0.0000     0.0000      0      444        1  87113.891    419565.25     111453
Information: The netlist change observers are disabled for incremental extraction. (TIM-126)
INFO: using 8 threads
Route-opt initialization complete         CPU:  6026 s (  1.67 hr )  ELAPSE:  1469 s (  0.41 hr )  MEM-PEAK:  3717 MB
Information: Initializing classic cellmap without advanced rules enabled and with PDC enabled
Information: The following app options are used in cellmap
        place.legalize.enable_color_aware_placement : false
        place.legalize.use_nll_query_cm : false
        place.legalize.enable_advanced_legalizer : false
        place.legalize.enable_prerouted_net_check : true
        place.legalize.enable_advanced_prerouted_net_check : false
        place.legalize.always_continue : true
        place.legalize.limit_legality_checks : false
        place.common.pnet_aware_density : 1.0000
        place.common.pnet_aware_min_width : 0.0000
        place.common.pnet_aware_layers : {}
        place.common.use_placement_model : false
        place.common.enable_advanced_placement_model : true
        cts.placement.cell_spacing_rule_style : maximum
Information: Creating classic rule checker.
Warning: Routing direction of metal layer PO is neither "horizontal" nor "vertical".  PDC checks will not be performed on this layer. (PDC-003)
PDC app_options settings =========
	place.legalize.enable_prerouted_net_check: 1
	place.legalize.num_tracks_for_access_check: 1
	place.legalize.use_eol_spacing_for_access_check: 0
	place.legalize.allow_touch_track_for_access_check: 1
	place.legalize.reduce_conservatism_in_eol_check: 0
	place.legalize.preroute_shape_merge_distance: 0.0
	place.legalize.enable_non_preferred_direction_span_check: 0

Layer M1: cached 0 shapes out of 136278 total shapes.
Layer M2: cached 0 shapes out of 748943 total shapes.
Cached 0 vias out of 1109732 total vias.
Total 0.3791 seconds to build cellmap data
INFO: creating 163(r) x 163(c) GridCells YDim 5.4 XDim 5.4
INFO: number of GridCells (pde_chip_top_safe): 26569
INFO: creating 163(r) x 163(c) GridCells YDim 5.4 XDim 5.4
INFO: number of GridCells (pde_chip_top_safe): 26569
Total 1.2245 seconds to load 111453 cell instances into cellmap
Moveable cells: 110965; Application fixed cells: 488; Macro cells: 0; User fixed cells: 0
114001 out of 114011 data nets are detail routed, 489 out of 489 clock nets are detail routed and total 114500 nets have been analyzed
Estimated current stage is after clock and data detail route stage
Average cell width 2.0914, cell height 1.8000, cell area 3.7645 for total 111453 placed and application fixed cells
Route-opt optimization summary            SETUP-COST    R2R-COST HOLD-COST LDRC-COST          AREA     LEAKAGE     INSTCNT            ELAPSE       MEM
WARNING: Net rst_n is a high-fanout net with 16227 sinks; skipping this net during optimization. 
INFO: place.legalize.enable_advanced_legalizer not set - need to revert CLO


Route-opt optimization Phase 2 Iter  1          0.00        0.00      0.00      3155     419565.25    87113.89      111453              0.41      3717

Route-opt optimization Phase 3 Iter  1          0.00        0.00      0.00      3155     419565.25    87113.89      111453              0.41      3717
INFO: New Levelizer turned on

INFO: New Levelizer turned on
Route-opt optimization Phase 4 Iter  1          0.00        0.00      0.00      3155     418716.72    86149.72      111453              0.41      3717
Route-opt optimization Phase 4 Iter  2          0.00        0.00      0.00        21     419242.69    86360.48      111453              0.41      3717
Route-opt optimization Phase 4 Iter  3          0.00        0.00      0.00        21     419242.69    86360.48      111453              0.41      3717
Route-opt optimization Phase 4 Iter  4          0.00        0.00      0.00        21     419242.69    86360.48      111453              0.41      3717
Route-opt optimization Phase 4 Iter  5          0.00        0.00      0.00        21     419242.69    86360.48      111453              0.41      3717


Route-opt optimization Phase 6 Iter  1          0.00        0.00      0.00         7     419242.69    86360.48      111703              0.41      3717
Route-opt optimization Phase 6 Iter  2          0.00        0.00      0.00         7     419242.69    86360.48      111703              0.41      3717
Route-opt optimization Phase 6 Iter  3          0.00        0.00      0.00         7     419242.69    86360.48      111703              0.41      3717
Route-opt optimization Phase 6 Iter  4          0.00        0.00      0.00         7     419242.69    86360.48      111703              0.41      3717
Route-opt optimization Phase 6 Iter  5          0.00        0.00      0.00         7     419242.69    86360.48      111703              0.41      3717
Route-opt optimization Phase 6 Iter  6          0.00        0.00      0.00         7     419242.69    86360.48      111703              0.41      3717
Route-opt optimization summary            SETUP-COST    R2R-COST HOLD-COST LDRC-COST          AREA     LEAKAGE     INSTCNT            ELAPSE       MEM
Route-opt optimization Phase 6 Iter  7          0.00        0.00      0.00         7     419242.69    86360.48      111703              0.41      3717
Route-opt optimization Phase 6 Iter  8          0.00        0.00      0.00         7     419242.69    86360.48      111703              0.41      3717
Route-opt optimization Phase 6 Iter  9          0.00        0.00      0.00         7     419242.69    86360.48      111703              0.41      3717
Route-opt optimization Phase 6 Iter 10          0.00        0.00      0.00         7     419242.69    86360.48      111703              0.41      3717
Route-opt optimization Phase 6 Iter 11          0.00        0.00      0.00         7     419242.69    86360.48      111703              0.41      3717
Route-opt optimization Phase 6 Iter 12          0.00        0.00      0.00         7     419242.69    86360.48      111703              0.41      3717
Route-opt optimization Phase 6 Iter 13          0.00        0.00      0.00         7     419242.69    86360.48      111703              0.41      3717

Route-opt optimization Phase 7 Iter  1          0.00        0.00      0.00         7     419242.69    86360.48      111703              0.41      3717
Route-opt optimization Phase 7 Iter  2          0.00        0.00      0.00         7     419242.69    86360.48      111703              0.41      3717

Enable clock slack update
INFO: cellmap features:  adv-rules=(Y), pdc=(Y), clock-rules=(Y)
Route-opt optimization Phase 8 Iter  1          0.00        0.00      0.00         7     419242.69    86360.48      111703              0.41      3717
INFO: cellmap features:  adv-rules=(N), pdc=(Y), clock-rules=(Y)

Route-opt optimization Phase 9 Iter  1          0.00        0.00      0.00         7     419242.69    86360.48      111703              0.41      3717
Route-opt optimization Phase 9 Iter  2          0.00        0.00      0.00         7     419242.69    86360.48      111703              0.41      3717
Route-opt optimization Phase 9 Iter  3          0.00        0.00      0.00         7     419242.69    86360.48      111703              0.41      3717
Route-opt optimization Phase 9 Iter  4          0.00        0.00      0.00         7     419242.69    86360.48      111703              0.41      3717
Route-opt optimization Phase 9 Iter  5          0.00        0.00      0.00         7     419242.69    86360.48      111703              0.41      3717
Route-opt optimization Phase 9 Iter  6          0.00        0.00      0.00         7     419242.69    86360.48      111703              0.41      3717
Route-opt optimization Phase 9 Iter  7          0.00        0.00      0.00         7     419242.69    86360.48      111703              0.41      3717
Route-opt optimization Phase 9 Iter  8          0.00        0.00      0.00         7     419242.69    86360.48      111703              0.41      3717


Enable clock slack update
INFO: cellmap features:  adv-rules=(Y), pdc=(Y), clock-rules=(Y)
Route-opt optimization Phase 11 Iter  1         0.00        0.00      0.00         7     419242.69    86360.48      111703              0.41      3717
INFO: cellmap features:  adv-rules=(N), pdc=(Y), clock-rules=(Y)

Route-opt optimization Phase 12 Iter  1         0.00        0.00      0.00         7     419242.69    86360.48      111703              0.42      3717
INFO: New Levelizer turned on
Route-opt optimization Phase 12 Iter  2         0.00        0.00      0.00         7     419249.16    86359.29      111703              0.42      3717
INFO: New Levelizer turned on

Route-opt optimization Phase 13 Iter  1         0.00        0.00      0.00         7     419225.75    86280.18      111703              0.42      3717

Route-opt optimization Phase 14 Iter  1         0.00        0.00      0.00         7     418653.38    86126.66      111323              0.43      3717
Warning: Design includes unreasonable large hold violation(s). (OPT-209)
Route-opt optimization Phase 14 Iter  2         0.00        0.00      0.00         7     418653.38    86126.66      111323              0.43      3717
Warning: Design includes unreasonable large hold violation(s). (OPT-209)

Information: Option route.detail.force_end_on_preferred_grid will be ignored since none of the layers have preferred grid. (ZRT-703)
Information: Via ladder engine would be activated for pattern must join connection in certain commands. Please refer to man-page for the command list. (ZRT-619)
Information: When applicable Min-max layer allow_pin_connection mode will allow paths of length 3.00 outside the layer range. (ZRT-707)
Information: When applicable Min-max layer allow_pin_connection mode will allow paths of length 3.00 outside the layer range on clock nets. (ZRT-718)
Information: When applicable layer based tapering will taper up to 0.00 in distance from the pin. (ZRT-706)

Route-opt route preserve complete         CPU:  6489 s (  1.80 hr )  ELAPSE:  1546 s (  0.43 hr )  MEM-PEAK:  3717 MB

INFO: Sending timing info to router
Information: Serialized np data
INFO: timer data saved to /tmp/pde_chip_top_safe_3363005_864879322.timdat
Information: The netlist change observers are enabled for incremental extraction. (TIM-127)
nplDplc2Placer::setParam(effort,1)
nplDplc2Placer::setParam(debug,0)
nplDplc2Placer::setParam(site_check,2)
nplDplc2Placer::setParam(app_firm_wgt,0)
Warning: Routing direction of metal layer PO is neither "horizontal" nor "vertical".  PDC checks will not be performed on this layer. (PDC-003)
PDC app_options settings =========
	place.legalize.enable_prerouted_net_check: 1
	place.legalize.num_tracks_for_access_check: 1
	place.legalize.use_eol_spacing_for_access_check: 0
	place.legalize.allow_touch_track_for_access_check: 1
	place.legalize.reduce_conservatism_in_eol_check: 0
	place.legalize.preroute_shape_merge_distance: 0.0
	place.legalize.enable_non_preferred_direction_span_check: 0

Layer M1: cached 0 shapes out of 137353 total shapes.
Layer M2: cached 0 shapes out of 749792 total shapes.
Cached 0 vias out of 1111522 total vias.

Legalizing Top Level Design pde_chip_top_safe ... 
Information: Initializing classic cellmap without advanced rules enabled and without PDC enabled
Information: The following app options are used in cellmap
        place.legalize.enable_color_aware_placement : false
        place.legalize.use_nll_query_cm : false
        place.legalize.enable_advanced_legalizer : false
        place.legalize.enable_prerouted_net_check : true
        place.legalize.enable_advanced_prerouted_net_check : false
        place.legalize.always_continue : true
        place.legalize.limit_legality_checks : false
        place.common.pnet_aware_density : 1.0000
        place.common.pnet_aware_min_width : 0.0000
        place.common.pnet_aware_layers : {}
        place.common.use_placement_model : false
        place.common.enable_advanced_placement_model : true
        cts.placement.cell_spacing_rule_style : maximum
Total 0.1238 seconds to build cellmap data
Information: Creating classic rule checker.
Warning: Routing direction of metal layer PO is neither "horizontal" nor "vertical".  PDC checks will not be performed on this layer. (PDC-003)
=====> Processed 168 ref cells (0 fillers) from library

Bounds/Regions In This Design:
        Area    Num Cells  Exclusive Name
 (square um)
      731025       111323        Yes DEFAULT_VA

Starting legalizer.
Warning: Exclusive bound 'DEFAULT' has no cells.
Optimizing Exclusive Bound 'DEFAULT_VA' (2/2)
    Done Exclusive Bound 'DEFAULT_VA' (2/2) (2 sec)
Legalization complete (3 total sec)

****************************************
  Report : Placement Attempts
  Site   : core
****************************************

number of cells:                 111323
number of references:               168
number of site rows:                475
number of locations attempted:  2408922
number of locations failed:           0  (0.0%)

Legality of references at locations:
0 references had failures.

Legality of references in rows:
0 references had row failures.

****************************************
  Report : Cell Displacements
****************************************

number of cells aggregated:      110835 (1158013 total sites)
avg row height over cells:        1.800 um
rms cell displacement:            0.030 um ( 0.02 row height)
rms weighted cell displacement:   0.030 um ( 0.02 row height)
max cell displacement:            1.897 um ( 1.05 row height)
avg cell displacement:            0.002 um ( 0.00 row height)
avg weighted cell displacement:   0.002 um ( 0.00 row height)
number of cells moved:              714
number of large displacements:        0
large displacement threshold:     3.000 row height

Displacements of worst 10 cells:
Cell: u_impl/u_core/g_row_7__g_col_1__u_pe/ropt_mt_inst_28362 (CKBD0)
  Input location: (410.2,161.2)
  Legal location: (409.6,159.4)
  Displacement:   1.897 um ( 1.05 row height)
Cell: u_impl/u_core/g_row_10__g_col_8__u_pe/u_sol/ropt_mt_inst_28528 (CKBD0)
  Input location: (29.6,512.2)
  Legal location: (30.2,510.4)
  Displacement:   1.897 um ( 1.05 row height)
Cell: u_impl/u_core/g_row_11__g_col_4__u_pe/ropt_mt_inst_28517 (CKBD0)
  Input location: (149.6,564.4)
  Legal location: (149.2,566.2)
  Displacement:   1.844 um ( 1.02 row height)
Cell: u_impl/u_core/g_row_5__g_col_0__u_pe/u_sol/ropt_mt_inst_28499 (CKBD0)
  Input location: (592.4,53.2)
  Legal location: (592.8,51.4)
  Displacement:   1.844 um ( 1.02 row height)
Cell: u_impl/u_core/g_row_9__g_col_3__u_pe/ropt_mt_inst_28348 (CKBD0)
  Input location: (118.6,339.4)
  Legal location: (118.8,337.6)
  Displacement:   1.811 um ( 1.01 row height)
Cell: u_impl/u_core/g_row_5__g_col_6__u_pe/ropt_mt_inst_28363 (CKBD0)
  Input location: (220.8,179.2)
  Legal location: (220.6,177.4)
  Displacement:   1.811 um ( 1.01 row height)
Cell: u_impl/u_core/g_row_7__g_col_4__u_pe/u_sol/ropt_mt_inst_28534 (CKBD0)
  Input location: (134.2,134.2)
  Legal location: (134,136)
  Displacement:   1.811 um ( 1.01 row height)
Cell: u_impl/u_core/g_row_6__g_col_4__u_pe/ropt_mt_inst_28369 (CKBD0)
  Input location: (420.6,82)
  Legal location: (420.8,80.2)
  Displacement:   1.811 um ( 1.01 row height)
Cell: u_impl/ropt_mt_inst_28413 (CKBD0)
  Input location: (611.2,238.6)
  Legal location: (611.4,236.8)
  Displacement:   1.811 um ( 1.01 row height)
Cell: u_impl/u_core/g_row_4__g_col_0__u_pe/u_sol/ropt_mt_inst_28530 (BUFFD1)
  Input location: (765.4,44.2)
  Legal location: (765.2,42.4)
  Displacement:   1.811 um ( 1.01 row height)

Legalization succeeded.
Total Legalizer CPU: 4.868
Total Legalizer Wall Time: 4.869
----------------------------------------------------------------

Route-opt legalization complete           CPU:  6498 s (  1.80 hr )  ELAPSE:  1552 s (  0.43 hr )  MEM-PEAK:  3717 MB
INFO: Router Max Iterations set to : 5 
Cell Min-Routing-Layer = M1
Cell Max-Routing-Layer = M6
Turn off antenna since no rule is specified
Information: Option route.detail.force_end_on_preferred_grid will be ignored since none of the layers have preferred grid. (ZRT-703)
Info: number of net_type_blockage: 0 
Information: Via ladder engine would be activated for pattern must join connection in certain commands. Please refer to man-page for the command list. (ZRT-619)
Via on layer (VIA1) needs more than one tracks
Warning: Layer M1 default pitch 0.200 may be too small to handle up/down via. Note, that minimum requirements are "wire/via-down 0.180" & "wire/via-up 0.225". (ZRT-026)
Via on layer (VIA5) needs more than one tracks
Warning: Layer M5 default pitch 0.200 may be too small to handle up/down via. Note, that minimum requirements are "wire/via-down 0.200" & "wire/via-up 0.350". (ZRT-026)
Via on layer (RV) needs more than one tracks
Warning: Layer M6 default pitch 0.800 may be too small to handle up/down via. Note, that minimum requirements are "wire/via-down 0.800" & "wire/via-up 3.600". (ZRT-026)
Information: When applicable Min-max layer allow_pin_connection mode will allow paths of length 3.00 outside the layer range. (ZRT-707)
Information: When applicable Min-max layer allow_pin_connection mode will allow paths of length 3.00 outside the layer range on clock nets. (ZRT-718)
Information: When applicable layer based tapering will taper up to 0.00 in distance from the pin. (ZRT-706)
[ECO: DbIn With Extraction] Elapsed real time: 0:00:01 
[ECO: DbIn With Extraction] Elapsed cpu  time: sys=0:00:00 usr=0:00:05 total=0:00:05
[ECO: DbIn With Extraction] Stage (MB): Used  146  Alloctr  148  Proc    0 
[ECO: DbIn With Extraction] Total (MB): Used  149  Alloctr  152  Proc 7174 
[ECO: Before Refresh Via Ladder Phase] Elapsed real time: 0:00:01 
[ECO: Before Refresh Via Ladder Phase] Elapsed cpu  time: sys=0:00:00 usr=0:00:05 total=0:00:05
[ECO: Before Refresh Via Ladder Phase] Stage (MB): Used  146  Alloctr  148  Proc    0 
[ECO: Before Refresh Via Ladder Phase] Total (MB): Used  149  Alloctr  152  Proc 7174 

    Found 0 via ladders to verify.

VIA LADDER INFO: found 0 via ladder DRCs across 0 nets.
Updating the database ...

    Via ladders will be inserted on 0 of 0 ports with via ladder constraints.

Updating the database ...
[Arrange data for GR] Elapsed real time: 0:00:00 
[Arrange data for GR] Elapsed cpu  time: sys=0:00:00 usr=0:00:00 total=0:00:00
[Arrange data for GR] Stage (MB): Used    0  Alloctr    0  Proc    0 
[Arrange data for GR] Total (MB): Used  123  Alloctr  130  Proc 7174 
[ECO: After Refresh Via Ladder Phase] Elapsed real time: 0:00:03 
[ECO: After Refresh Via Ladder Phase] Elapsed cpu  time: sys=0:00:00 usr=0:00:16 total=0:00:16
[ECO: After Refresh Via Ladder Phase] Stage (MB): Used  290  Alloctr  292  Proc    0 
[ECO: After Refresh Via Ladder Phase] Total (MB): Used  294  Alloctr  297  Proc 7174 
[ECO: Analysis] Elapsed real time: 0:00:03 
[ECO: Analysis] Elapsed cpu  time: sys=0:00:00 usr=0:00:16 total=0:00:16
[ECO: Analysis] Stage (MB): Used  291  Alloctr  292  Proc    0 
[ECO: Analysis] Total (MB): Used  294  Alloctr  297  Proc 7174 
Num of eco nets = 114362
Num of open eco nets = 2808
[ECO: Init] Elapsed real time: 0:00:03 
[ECO: Init] Elapsed cpu  time: sys=0:00:00 usr=0:00:16 total=0:00:16
[ECO: Init] Stage (MB): Used  305  Alloctr  307  Proc    0 
[ECO: Init] Total (MB): Used  308  Alloctr  311  Proc 7174 
Start Global Route ... 
[Init] Elapsed real time: 0:00:00 
[Init] Elapsed cpu  time: sys=0:00:00 usr=0:00:00 total=0:00:00
[Init] Stage (MB): Used    0  Alloctr    0  Proc    0 
[Init] Total (MB): Used  312  Alloctr  315  Proc 7174 
Printing options for 'route.common.*'
common.verbose_level                                    :	 0                   

Printing options for 'route.global.*'

Begin global routing.
Loading parastics information to the router ...
parastics information loaded to the router.
[End of Loading Timing] Elapsed real time: 0:00:00 
[End of Loading Timing] Elapsed cpu  time: sys=0:00:00 usr=0:00:00 total=0:00:00
Constructing data structure ...
Design statistics:
Design Bounding Box (0.00um,0.00um,875.00um,875.00um)
Number of routing layers = 7
layer M1, dir Hor, min width = 0.09um, min space = 0.09um pitch = 0.2um
layer M2, dir Ver, min width = 0.1um, min space = 0.1um pitch = 0.2um
layer M3, dir Hor, min width = 0.1um, min space = 0.1um pitch = 0.2um
layer M4, dir Ver, min width = 0.1um, min space = 0.1um pitch = 0.2um
layer M5, dir Hor, min width = 0.1um, min space = 0.1um pitch = 0.2um
layer M6, dir Ver, min width = 0.4um, min space = 0.4um pitch = 0.8um
layer AP, dir Hor, min width = 3um, min space = 2um pitch = 6.5um
Current Stage stats:
[End of Build Tech Data] Elapsed real time: 0:00:00 
[End of Build Tech Data] Elapsed cpu  time: sys=0:00:00 usr=0:00:00 total=0:00:00
[End of Build Tech Data] Stage (MB): Used    4  Alloctr    4  Proc    0 
[End of Build Tech Data] Total (MB): Used  321  Alloctr  323  Proc 7174 
Net statistics:
Total number of nets     = 114362
Number of nets to route  = 2808
2807 nets are partially connected,
 of which 2791 are detail routed and 326 are global routed.
111554 nets are fully connected,
 of which 111188 are detail routed and 2 are global routed.
Net length statistics: 
Net Count(Ignore Fully Rted) 2808, Total Half Perimeter Wire Length (HPWL) 210404 microns
HPWL   0 ~   50 microns: Net Count     2027	Total HPWL        33422 microns
HPWL  50 ~  100 microns: Net Count      299	Total HPWL        22377 microns
HPWL 100 ~  200 microns: Net Count      173	Total HPWL        24566 microns
HPWL 200 ~  300 microns: Net Count       95	Total HPWL        24001 microns
HPWL 300 ~  400 microns: Net Count       82	Total HPWL        27661 microns
HPWL 400 ~  500 microns: Net Count       37	Total HPWL        16682 microns
HPWL 500 ~  600 microns: Net Count       39	Total HPWL        21330 microns
HPWL 600 ~  700 microns: Net Count       35	Total HPWL        22382 microns
HPWL 700 ~  800 microns: Net Count       12	Total HPWL         8976 microns
HPWL 800 ~  900 microns: Net Count        6	Total HPWL         5239 microns
HPWL 900 ~ 1000 microns: Net Count        1	Total HPWL          943 microns
HPWL     > 1000 microns: Net Count        2	Total HPWL         2825 microns
Current Stage stats:
[End of Build All Nets] Elapsed real time: 0:00:00 
[End of Build All Nets] Elapsed cpu  time: sys=0:00:00 usr=0:00:00 total=0:00:00
[End of Build All Nets] Stage (MB): Used   79  Alloctr   79  Proc    0 
[End of Build All Nets] Total (MB): Used  400  Alloctr  403  Proc 7174 
Number of partitions: 1 (1 x 1)
Size of partitions: 487 gCells x 487 gCells
Average gCell capacity  2.16	 on layer (1)	 M1
Average gCell capacity  8.95	 on layer (2)	 M2
Average gCell capacity  8.97	 on layer (3)	 M3
Average gCell capacity  8.95	 on layer (4)	 M4
Average gCell capacity  8.86	 on layer (5)	 M5
Average gCell capacity  2.22	 on layer (6)	 M6
Average gCell capacity  0.28	 on layer (7)	 AP
Average number of tracks per gCell 8.99	 on layer (1)	 M1
Average number of tracks per gCell 8.99	 on layer (2)	 M2
Average number of tracks per gCell 8.99	 on layer (3)	 M3
Average number of tracks per gCell 8.99	 on layer (4)	 M4
Average number of tracks per gCell 8.99	 on layer (5)	 M5
Average number of tracks per gCell 2.25	 on layer (6)	 M6
Average number of tracks per gCell 0.28	 on layer (7)	 AP
Number of gCells = 1660183
Current Stage stats:
[End of Build Congestion Map] Elapsed real time: 0:00:00 
[End of Build Congestion Map] Elapsed cpu  time: sys=0:00:00 usr=0:00:00 total=0:00:00
[End of Build Congestion Map] Stage (MB): Used   29  Alloctr   30  Proc    0 
[End of Build Congestion Map] Total (MB): Used  430  Alloctr  434  Proc 7174 
Number of partitions: 1 (1 x 1)
Size of partitions: 487 gCells x 487 gCells
Current Stage stats:
[End of Add Nets Demand] Elapsed real time: 0:00:01 
[End of Add Nets Demand] Elapsed cpu  time: sys=0:00:00 usr=0:00:01 total=0:00:01
[End of Add Nets Demand] Stage (MB): Used    1  Alloctr    1  Proc    0 
[End of Add Nets Demand] Total (MB): Used  431  Alloctr  435  Proc 7174 
Number of user frozen nets = 0
Information: RC layer preference is turned off for this design. (ZRT-613)
Total stats:
[End of Build Data] Elapsed real time: 0:00:02 
[End of Build Data] Elapsed cpu  time: sys=0:00:00 usr=0:00:02 total=0:00:02
[End of Build Data] Stage (MB): Used  114  Alloctr  116  Proc    0 
[End of Build Data] Total (MB): Used  431  Alloctr  435  Proc 7174 
Number of partitions: 1 (1 x 1)
Size of partitions: 487 gCells x 487 gCells
Current Stage stats:
[End of Blocked Pin Detection] Elapsed real time: 0:00:01 
[End of Blocked Pin Detection] Elapsed cpu  time: sys=0:00:00 usr=0:00:01 total=0:00:01
[End of Blocked Pin Detection] Stage (MB): Used  176  Alloctr  176  Proc    0 
[End of Blocked Pin Detection] Total (MB): Used  607  Alloctr  611  Proc 7174 
Information: Using 8 threads for routing. (ZRT-444)
Information: Multiple gcell levels ON
Information: Buffer distance is estimated to be ~1417.0000um (787 gCells)

Start GR phase 0
Number of partitions: 1 (1 x 1)
Size of partitions: 487 gCells x 487 gCells
[rtAllBotParts] Elapsed real time: 0:00:00 
[rtAllBotParts] Elapsed cpu  time: sys=0:00:00 usr=0:00:00 total=0:00:00
[rtTop] Elapsed real time: 0:00:00 
[rtTop] Elapsed cpu  time: sys=0:00:00 usr=0:00:00 total=0:00:00
Current Stage stats:
[End of Initial Routing] Elapsed real time: 0:00:00 
[End of Initial Routing] Elapsed cpu  time: sys=0:00:00 usr=0:00:00 total=0:00:00
[End of Initial Routing] Stage (MB): Used    0  Alloctr    1  Proc    0 
[End of Initial Routing] Total (MB): Used  608  Alloctr  615  Proc 7174 
Initial. Routing result:
Initial. Both Dirs: Dmd-Cap  =   283 Max = 5 GRCs =   321 (0.07%)
Initial. H routing: Dmd-Cap  =   128 Max = 5 (GRCs =  2) GRCs =   132 (0.06%)
Initial. V routing: Dmd-Cap  =   155 Max = 3 (GRCs =  5) GRCs =   189 (0.08%)
Initial. Both Dirs: Overflow =  4084 Max = 8 GRCs =  4773 (1.01%)
Initial. H routing: Overflow =  2213 Max = 4 (GRCs =  6) GRCs =  2737 (1.15%)
Initial. V routing: Overflow =  1871 Max = 8 (GRCs =  1) GRCs =  2036 (0.86%)
Initial. M1         Overflow =   343 Max = 4 (GRCs =  2) GRCs =   285 (0.12%)
Initial. M2         Overflow =   673 Max = 8 (GRCs =  1) GRCs =   853 (0.36%)
Initial. M3         Overflow =  1691 Max = 4 (GRCs =  2) GRCs =  2324 (0.98%)
Initial. M4         Overflow =  1194 Max = 3 (GRCs =  2) GRCs =  1180 (0.50%)
Initial. M5         Overflow =   179 Max = 4 (GRCs =  2) GRCs =   128 (0.05%)
Initial. M6         Overflow =     3 Max = 1 (GRCs =  3) GRCs =     3 (0.00%)
Initial. AP         Overflow =     0 Max = 0 (GRCs =  0) GRCs =     0 (0.00%)

Initial. Total Wire Length = 1431.64
Initial. Layer M1 wire length = 314.99
Initial. Layer M2 wire length = 669.40
Initial. Layer M3 wire length = 442.96
Initial. Layer M4 wire length = 2.20
Initial. Layer M5 wire length = 2.09
Initial. Layer M6 wire length = 0.00
Initial. Layer AP wire length = 0.00
Initial. Total Number of Contacts = 2714
Initial. Via VIA12_HV count = 1793
Initial. Via VIA23 count = 821
Initial. Via VIA34 count = 86
Initial. Via VIA45 count = 14
Initial. Via VIA56 count = 0
Initial. Via VIA67 count = 0
Initial. completed.

Start GR phase 1
Tue Aug  4 16:38:41 2026
Number of partitions: 4 (2 x 2)
Size of partitions: 256 gCells x 256 gCells
[rtAllParts] Elapsed real time: 0:00:00 
[rtAllParts] Elapsed cpu  time: sys=0:00:00 usr=0:00:00 total=0:00:00
Current Stage stats:
[End of Phase1 Routing] Elapsed real time: 0:00:00 
[End of Phase1 Routing] Elapsed cpu  time: sys=0:00:00 usr=0:00:00 total=0:00:00
[End of Phase1 Routing] Stage (MB): Used    0  Alloctr    0  Proc    0 
[End of Phase1 Routing] Total (MB): Used  608  Alloctr  615  Proc 7174 
phase1. Routing result:
phase1. Both Dirs: Dmd-Cap  =   283 Max = 5 GRCs =   321 (0.07%)
phase1. H routing: Dmd-Cap  =   127 Max = 5 (GRCs =  2) GRCs =   132 (0.06%)
phase1. V routing: Dmd-Cap  =   156 Max = 3 (GRCs =  5) GRCs =   189 (0.08%)
phase1. Both Dirs: Overflow =  4060 Max = 8 GRCs =  4751 (1.00%)
phase1. H routing: Overflow =  2194 Max = 4 (GRCs =  6) GRCs =  2714 (1.14%)
phase1. V routing: Overflow =  1866 Max = 8 (GRCs =  1) GRCs =  2037 (0.86%)
phase1. M1         Overflow =   334 Max = 4 (GRCs =  2) GRCs =   282 (0.12%)
phase1. M2         Overflow =   668 Max = 8 (GRCs =  1) GRCs =   854 (0.36%)
phase1. M3         Overflow =  1681 Max = 4 (GRCs =  2) GRCs =  2304 (0.97%)
phase1. M4         Overflow =  1194 Max = 3 (GRCs =  2) GRCs =  1180 (0.50%)
phase1. M5         Overflow =   179 Max = 4 (GRCs =  2) GRCs =   128 (0.05%)
phase1. M6         Overflow =     3 Max = 1 (GRCs =  3) GRCs =     3 (0.00%)
phase1. AP         Overflow =     0 Max = 0 (GRCs =  0) GRCs =     0 (0.00%)

phase1. Total Wire Length = 1484.10
phase1. Layer M1 wire length = 313.26
phase1. Layer M2 wire length = 714.38
phase1. Layer M3 wire length = 446.55
phase1. Layer M4 wire length = 7.82
phase1. Layer M5 wire length = 2.09
phase1. Layer M6 wire length = 0.00
phase1. Layer AP wire length = 0.00
phase1. Total Number of Contacts = 2697
phase1. Via VIA12_HV count = 1772
phase1. Via VIA23 count = 818
phase1. Via VIA34 count = 93
phase1. Via VIA45 count = 14
phase1. Via VIA56 count = 0
phase1. Via VIA67 count = 0
phase1. completed.

Start GR phase 2
Tue Aug  4 16:38:41 2026
Number of partitions: 4 (2 x 2)
Size of partitions: 256 gCells x 256 gCells
[rtAllParts] Elapsed real time: 0:00:00 
[rtAllParts] Elapsed cpu  time: sys=0:00:00 usr=0:00:00 total=0:00:00
Current Stage stats:
[End of Phase2 Routing] Elapsed real time: 0:00:00 
[End of Phase2 Routing] Elapsed cpu  time: sys=0:00:00 usr=0:00:00 total=0:00:00
[End of Phase2 Routing] Stage (MB): Used    0  Alloctr    0  Proc    0 
[End of Phase2 Routing] Total (MB): Used  608  Alloctr  615  Proc 7174 
phase2. Routing result:
phase2. Both Dirs: Dmd-Cap  =   283 Max = 5 GRCs =   320 (0.07%)
phase2. H routing: Dmd-Cap  =   126 Max = 5 (GRCs =  2) GRCs =   130 (0.05%)
phase2. V routing: Dmd-Cap  =   156 Max = 3 (GRCs =  5) GRCs =   190 (0.08%)
phase2. Both Dirs: Overflow =  4056 Max = 8 GRCs =  4743 (1.00%)
phase2. H routing: Overflow =  2192 Max = 4 (GRCs =  6) GRCs =  2708 (1.14%)
phase2. V routing: Overflow =  1864 Max = 8 (GRCs =  1) GRCs =  2035 (0.86%)
phase2. M1         Overflow =   333 Max = 4 (GRCs =  2) GRCs =   282 (0.12%)
phase2. M2         Overflow =   666 Max = 8 (GRCs =  1) GRCs =   852 (0.36%)
phase2. M3         Overflow =  1679 Max = 4 (GRCs =  2) GRCs =  2298 (0.97%)
phase2. M4         Overflow =  1194 Max = 3 (GRCs =  2) GRCs =  1180 (0.50%)
phase2. M5         Overflow =   179 Max = 4 (GRCs =  2) GRCs =   128 (0.05%)
phase2. M6         Overflow =     3 Max = 1 (GRCs =  3) GRCs =     3 (0.00%)
phase2. AP         Overflow =     0 Max = 0 (GRCs =  0) GRCs =     0 (0.00%)

phase2. Total Wire Length = 1528.95
phase2. Layer M1 wire length = 317.77
phase2. Layer M2 wire length = 745.55
phase2. Layer M3 wire length = 453.43
phase2. Layer M4 wire length = 10.11
phase2. Layer M5 wire length = 2.09
phase2. Layer M6 wire length = 0.00
phase2. Layer AP wire length = 0.00
phase2. Total Number of Contacts = 2705
phase2. Via VIA12_HV count = 1774
phase2. Via VIA23 count = 822
phase2. Via VIA34 count = 95
phase2. Via VIA45 count = 14
phase2. Via VIA56 count = 0
phase2. Via VIA67 count = 0
phase2. completed.
[End of Whole Chip Routing] Elapsed real time: 0:00:04 
[End of Whole Chip Routing] Elapsed cpu  time: sys=0:00:00 usr=0:00:05 total=0:00:05
[End of Whole Chip Routing] Stage (MB): Used  292  Alloctr  296  Proc    0 
[End of Whole Chip Routing] Total (MB): Used  608  Alloctr  615  Proc 7174 

Information: Global Routing terminated early. (ZRT-103)

Congestion utilization per direction:
Average vertical track utilization   = 36.71 %
Peak    vertical track utilization   = 120.00 %
Average horizontal track utilization = 33.69 %
Peak    horizontal track utilization = 127.78 %

[End of Global Routing] Elapsed real time: 0:00:04 
[End of Global Routing] Elapsed cpu  time: sys=0:00:00 usr=0:00:05 total=0:00:06
[End of Global Routing] Stage (MB): Used  264  Alloctr  267  Proc    0 
[End of Global Routing] Total (MB): Used  580  Alloctr  587  Proc 7174 
Updating congestion ...
Updating congestion ...
[End of dbOut] Elapsed real time: 0:00:00 
[End of dbOut] Elapsed cpu  time: sys=0:00:00 usr=0:00:00 total=0:00:00
[End of dbOut] Stage (MB): Used   -6  Alloctr   -6  Proc    0 
[End of dbOut] Total (MB): Used  341  Alloctr  349  Proc 7174 
[ECO: GR] Elapsed real time: 0:00:06 
[ECO: GR] Elapsed cpu  time: sys=0:00:00 usr=0:00:16 total=0:00:17
[ECO: GR] Stage (MB): Used  191  Alloctr  196  Proc    0 
[ECO: GR] Total (MB): Used  341  Alloctr  349  Proc 7174 

Start track assignment

Printing options for 'route.common.*'
common.verbose_level                                    :	 0                   

Printing options for 'route.track.*'

Information: Using 8 threads for routing. (ZRT-444)
Information: RC layer preference is turned off for this design. (ZRT-613)

[Track Assign: TA init] Elapsed real time: 0:00:00 
[Track Assign: TA init] Elapsed cpu  time: sys=0:00:00 usr=0:00:00 total=0:00:00
[Track Assign: TA init] Stage (MB): Used   62  Alloctr   62  Proc    0 
[Track Assign: TA init] Total (MB): Used  368  Alloctr  375  Proc 7174 

Start initial assignment

Assign Horizontal partitions, iteration 0 
Routed partition 1/31       
Routed partition 2/31       
Routed partition 3/31       
Routed partition 4/31       
Routed partition 5/31       
Routed partition 6/31       
Routed partition 7/31       
Routed partition 8/31       
Routed partition 9/31       
Routed partition 10/31      
Routed partition 11/31      
Routed partition 12/31      
Routed partition 13/31      
Routed partition 14/31      
Routed partition 15/31      
Routed partition 16/31      
Routed partition 17/31      
Routed partition 18/31      
Routed partition 19/31      
Routed partition 20/31      
Routed partition 21/31      
Routed partition 22/31      
Routed partition 23/31      
Routed partition 24/31      
Routed partition 25/31      
Routed partition 26/31      
Routed partition 27/31      
Routed partition 28/31      
Routed partition 29/31      
Routed partition 30/31      
Routed partition 31/31      

Assign Vertical partitions, iteration 0 
Routed partition 1/31       
Routed partition 2/31       
Routed partition 3/31       
Routed partition 4/31       
Routed partition 5/31       
Routed partition 6/31       
Routed partition 7/31       
Routed partition 8/31       
Routed partition 9/31       
Routed partition 10/31      
Routed partition 11/31      
Routed partition 12/31      
Routed partition 13/31      
Routed partition 14/31      
Routed partition 15/31      
Routed partition 16/31      
Routed partition 17/31      
Routed partition 18/31      
Routed partition 19/31      
Routed partition 20/31      
Routed partition 21/31      
Routed partition 22/31      
Routed partition 23/31      
Routed partition 24/31      
Routed partition 25/31      
Routed partition 26/31      
Routed partition 27/31      
Routed partition 28/31      
Routed partition 29/31      
Routed partition 30/31      
Routed partition 31/31      

Number of wires with overlap after iteration 0 = 11468 of 19251


[Track Assign: Iteration 0] Elapsed real time: 0:00:00 
[Track Assign: Iteration 0] Elapsed cpu  time: sys=0:00:00 usr=0:00:03 total=0:00:04
[Track Assign: Iteration 0] Stage (MB): Used   64  Alloctr   63  Proc    0 
[Track Assign: Iteration 0] Total (MB): Used  369  Alloctr  376  Proc 7174 

Reroute to fix overlaps (iter = 1)

Assign Horizontal partitions, iteration 1 
Routed partition 1/31       
Routed partition 2/31       
Routed partition 3/31       
Routed partition 4/31       
Routed partition 5/31       
Routed partition 6/31       
Routed partition 7/31       
Routed partition 8/31       
Routed partition 9/31       
Routed partition 10/31      
Routed partition 11/31      
Routed partition 12/31      
Routed partition 13/31      
Routed partition 14/31      
Routed partition 15/31      
Routed partition 16/31      
Routed partition 17/31      
Routed partition 18/31      
Routed partition 19/31      
Routed partition 20/31      
Routed partition 21/31      
Routed partition 22/31      
Routed partition 23/31      
Routed partition 24/31      
Routed partition 25/31      
Routed partition 26/31      
Routed partition 27/31      
Routed partition 28/31      
Routed partition 29/31      
Routed partition 30/31      
Routed partition 31/31      

Assign Vertical partitions, iteration 1 
Routed partition 1/31       
Routed partition 2/31       
Routed partition 3/31       
Routed partition 4/31       
Routed partition 5/31       
Routed partition 6/31       
Routed partition 7/31       
Routed partition 8/31       
Routed partition 9/31       
Routed partition 10/31      
Routed partition 11/31      
Routed partition 12/31      
Routed partition 13/31      
Routed partition 14/31      
Routed partition 15/31      
Routed partition 16/31      
Routed partition 17/31      
Routed partition 18/31      
Routed partition 19/31      
Routed partition 20/31      
Routed partition 21/31      
Routed partition 22/31      
Routed partition 23/31      
Routed partition 24/31      
Routed partition 25/31      
Routed partition 26/31      
Routed partition 27/31      
Routed partition 28/31      
Routed partition 29/31      
Routed partition 30/31      
Routed partition 31/31      

[Track Assign: Iteration 1] Elapsed real time: 0:00:01 
[Track Assign: Iteration 1] Elapsed cpu  time: sys=0:00:01 usr=0:00:07 total=0:00:08
[Track Assign: Iteration 1] Stage (MB): Used   64  Alloctr   63  Proc    0 
[Track Assign: Iteration 1] Total (MB): Used  369  Alloctr  376  Proc 7174 

Number of wires with overlap after iteration 1 = 7159 of 14971


Wire length and via report:
---------------------------
Number of M1 wires: 5390 		 CONT1: 0
Number of M2 wires: 6564 		 VIA12_HV: 5053
Number of M3 wires: 2701 		 VIA23: 3772
Number of M4 wires: 271 		 VIA34: 396
Number of M5 wires: 45 		 VIA45: 60
Number of M6 wires: 0 		 VIA56: 0
Number of AP wires: 0 		 VIA67: 0
Total number of wires: 14971 		 vias: 9281

Total M1 wire length: 1190.8
Total M2 wire length: 1994.3
Total M3 wire length: 1587.1
Total M4 wire length: 179.2
Total M5 wire length: 35.0
Total M6 wire length: 0.0
Total AP wire length: 0.0
Total wire length: 4986.4

Longest M1 wire length: 3.1
Longest M2 wire length: 5.0
Longest M3 wire length: 3.4
Longest M4 wire length: 3.4
Longest M5 wire length: 4.4
Longest M6 wire length: 0.0
Longest AP wire length: 0.0


[Track Assign: Done] Elapsed real time: 0:00:02 
[Track Assign: Done] Elapsed cpu  time: sys=0:00:01 usr=0:00:08 total=0:00:09
[Track Assign: Done] Stage (MB): Used    0  Alloctr    1  Proc    0 
[Track Assign: Done] Total (MB): Used  304  Alloctr  314  Proc 7174 
[ECO: CDR] Elapsed real time: 0:00:10 
[ECO: CDR] Elapsed cpu  time: sys=0:00:01 usr=0:00:31 total=0:00:33
[ECO: CDR] Stage (MB): Used  301  Alloctr  309  Proc    0 
[ECO: CDR] Total (MB): Used  304  Alloctr  314  Proc 7174 
Printing options for 'route.common.*'
common.verbose_level                                    :	 0                   

Printing options for 'route.detail.*'
detail.antenna                                          :	 true                
detail.antenna_fixing_preference                        :	 use_diodes          
detail.diode_insertion_mode                             :	 new                 
detail.diode_libcell_names                              :	 ANTENNA             
detail.eco_route_use_soft_spacing_for_timing_optimization:	 false               
detail.insert_diodes_during_routing                     :	 true                

Printing options for 'route.auto_via_ladder.*'

Information: RC layer preference is turned off for this design. (ZRT-613)

Begin ECO DRC check ...

Checked	1/169 Partitions, Violations =	171
Checked	6/169 Partitions, Violations =	1798
Checked	12/169 Partitions, Violations =	2889
Checked	18/169 Partitions, Violations =	4534
Checked	24/169 Partitions, Violations =	6356
Checked	30/169 Partitions, Violations =	7510
Checked	36/169 Partitions, Violations =	9121
Checked	42/169 Partitions, Violations =	9357
Checked	48/169 Partitions, Violations =	10129
Checked	54/169 Partitions, Violations =	10486
Checked	60/169 Partitions, Violations =	11603
Checked	66/169 Partitions, Violations =	12943
Checked	72/169 Partitions, Violations =	13395
Checked	78/169 Partitions, Violations =	13395
Checked	84/169 Partitions, Violations =	14331
Checked	90/169 Partitions, Violations =	16021
Checked	96/169 Partitions, Violations =	16776
Checked	102/169 Partitions, Violations =	18021
Checked	108/169 Partitions, Violations =	19334
Checked	114/169 Partitions, Violations =	20545
Checked	120/169 Partitions, Violations =	20628
Checked	126/169 Partitions, Violations =	20710
Checked	132/169 Partitions, Violations =	23482
Checked	138/169 Partitions, Violations =	24330
Checked	144/169 Partitions, Violations =	26243
Checked	150/169 Partitions, Violations =	27495
Checked	156/169 Partitions, Violations =	27992
Checked	162/169 Partitions, Violations =	29190
Checked	168/169 Partitions, Violations =	30352

DRC-SUMMARY:
	@@@@@@@ TOTAL VIOLATIONS =	30864

[DRC CHECK] Elapsed real time: 0:00:07 
[DRC CHECK] Elapsed cpu  time: sys=0:00:00 usr=0:01:00 total=0:01:01
[DRC CHECK] Stage (MB): Used    3  Alloctr    4  Proc 1130 
[DRC CHECK] Total (MB): Used  433  Alloctr  442  Proc 8304 

Total Wire Length =                    4785064 micron
Total Number of Contacts =             1108657
Total Number of Wires =                1170720
Total Number of PtConns =              162918
Total Number of Routed Wires =       1055152
Total Routed Wire Length =           4734189 micron
Total Number of Routed Contacts =       1108657
	Layer             M1 :      39385 micron
	Layer             M2 :     928129 micron
	Layer             M3 :    1475488 micron
	Layer             M4 :    1248406 micron
	Layer             M5 :     919655 micron
	Layer             M6 :     123125 micron
	Layer             AP :          0 micron
	Via            VIA56 :       1989
	Via            VIA45 :      25499
	Via        VIA45_2x1 :         22
	Via   VIA45(rot)_1x2 :        735
	Via        VIA45_1x2 :         81
	Via            VIA34 :     123845
	Via            VIA23 :     494016
	Via       VIA23(rot) :          9
	Via            VIA12 :     207871
	Via       VIA12(rot) :       2177
	Via         VIA12_HV :     243002
	Via    VIA12_HV(rot) :       7626
	Via        VIA12_2x1 :          5
	Via   VIA12(rot)_1x2 :        461
	Via   VIA12(rot)_2x1 :          1
	Via        VIA12_1x2 :       1318

 
Redundant via conversion report:
--------------------------------

  Total optimized via conversion rate =  0.24% (2623 / 1108657 vias)
 
    Layer VIA1       =  0.39% (1785   / 462461  vias)
        Weight 1     =  0.39% (1785    vias)
        Un-optimized =  0.00% (0       vias)
        Un-mapped    = 99.61% (460676  vias)
    Layer VIA2       =  0.00% (0      / 494025  vias)
        Un-optimized =  0.00% (0       vias)
        Un-mapped    = 100.00% (494025  vias)
    Layer VIA3       =  0.00% (0      / 123845  vias)
        Un-optimized =  0.00% (0       vias)
        Un-mapped    = 100.00% (123845  vias)
    Layer VIA4       =  3.18% (838    / 26337   vias)
        Weight 1     =  3.18% (838     vias)
        Un-optimized =  0.00% (0       vias)
        Un-mapped    = 96.82% (25499   vias)
    Layer VIA5       =  0.00% (0      / 1989    vias)
        Un-optimized =  0.00% (0       vias)
        Un-mapped    = 100.00% (1989    vias)
 
  Total double via conversion rate    =  0.24% (2623 / 1108657 vias)
 
    Layer VIA1       =  0.39% (1785   / 462461  vias)
    Layer VIA2       =  0.00% (0      / 494025  vias)
    Layer VIA3       =  0.00% (0      / 123845  vias)
    Layer VIA4       =  3.18% (838    / 26337   vias)
    Layer VIA5       =  0.00% (0      / 1989    vias)
 
  The optimized via conversion rate based on total routed via count =  0.24% (2623 / 1108657 vias)
 
    Layer VIA1       =  0.39% (1785   / 462461  vias)
        Weight 1     =  0.39% (1785    vias)
        Un-optimized =  0.00% (0       vias)
        Un-mapped    = 99.61% (460676  vias)
    Layer VIA2       =  0.00% (0      / 494025  vias)
        Un-optimized =  0.00% (0       vias)
        Un-mapped    = 100.00% (494025  vias)
    Layer VIA3       =  0.00% (0      / 123845  vias)
        Un-optimized =  0.00% (0       vias)
        Un-mapped    = 100.00% (123845  vias)
    Layer VIA4       =  3.18% (838    / 26337   vias)
        Weight 1     =  3.18% (838     vias)
        Un-optimized =  0.00% (0       vias)
        Un-mapped    = 96.82% (25499   vias)
    Layer VIA5       =  0.00% (0      / 1989    vias)
        Un-optimized =  0.00% (0       vias)
        Un-mapped    = 100.00% (1989    vias)
 
Warning: Ignoring diode_preference setting as diode_insertion_mode is not set to new_and_spare. (ZRT-317)
Total number of nets = 114362, of which 0 are not extracted
Total number of open nets = 0, of which 0 are frozen
Information: Using 8 threads for routing. (ZRT-444)
Start DR iteration 0: non-uniform partition
Routed	1/1171 Partitions, Violations =	30720
Routed	5/1171 Partitions, Violations =	30673
Routed	10/1171 Partitions, Violations =	30654
Routed	15/1171 Partitions, Violations =	30538
Routed	20/1171 Partitions, Violations =	30498
Routed	25/1171 Partitions, Violations =	30379
Routed	30/1171 Partitions, Violations =	30376
Routed	35/1171 Partitions, Violations =	30297
Routed	40/1171 Partitions, Violations =	30190
Routed	45/1171 Partitions, Violations =	30007
Routed	50/1171 Partitions, Violations =	29878
Routed	55/1171 Partitions, Violations =	29694
Routed	60/1171 Partitions, Violations =	29601
Routed	65/1171 Partitions, Violations =	29506
Routed	70/1171 Partitions, Violations =	29446
Routed	75/1171 Partitions, Violations =	29369
Routed	80/1171 Partitions, Violations =	29361
Routed	85/1171 Partitions, Violations =	29208
Routed	90/1171 Partitions, Violations =	29146
Routed	95/1171 Partitions, Violations =	29047
Routed	100/1171 Partitions, Violations =	28898
Routed	105/1171 Partitions, Violations =	28856
Routed	110/1171 Partitions, Violations =	28814
Routed	115/1171 Partitions, Violations =	28797
Routed	120/1171 Partitions, Violations =	28768
Routed	125/1171 Partitions, Violations =	28648
Routed	130/1171 Partitions, Violations =	28532
Routed	135/1171 Partitions, Violations =	28232
Routed	140/1171 Partitions, Violations =	28177
Routed	145/1171 Partitions, Violations =	28127
Routed	150/1171 Partitions, Violations =	27722
Routed	155/1171 Partitions, Violations =	27606
Routed	160/1171 Partitions, Violations =	27353
Routed	165/1171 Partitions, Violations =	26886
Routed	170/1171 Partitions, Violations =	26875
Routed	175/1171 Partitions, Violations =	26689
Routed	180/1171 Partitions, Violations =	26616
Routed	185/1171 Partitions, Violations =	26601
Routed	190/1171 Partitions, Violations =	26310
Routed	195/1171 Partitions, Violations =	26249
Routed	200/1171 Partitions, Violations =	26060
Routed	205/1171 Partitions, Violations =	25869
Routed	210/1171 Partitions, Violations =	25713
Routed	215/1171 Partitions, Violations =	25457
Routed	220/1171 Partitions, Violations =	25384
Routed	225/1171 Partitions, Violations =	25340
Routed	230/1171 Partitions, Violations =	25303
Routed	235/1171 Partitions, Violations =	25105
Routed	240/1171 Partitions, Violations =	25010
Routed	245/1171 Partitions, Violations =	24976
Routed	250/1171 Partitions, Violations =	24834
Routed	255/1171 Partitions, Violations =	24737
Routed	260/1171 Partitions, Violations =	24547
Routed	265/1171 Partitions, Violations =	24293
Routed	270/1171 Partitions, Violations =	24270
Routed	275/1171 Partitions, Violations =	24099
Routed	280/1171 Partitions, Violations =	24058
Routed	285/1171 Partitions, Violations =	23959
Routed	290/1171 Partitions, Violations =	23913
Routed	295/1171 Partitions, Violations =	23737
Routed	300/1171 Partitions, Violations =	23704
Routed	305/1171 Partitions, Violations =	23687
Routed	310/1171 Partitions, Violations =	23629
Routed	315/1171 Partitions, Violations =	23495
Routed	320/1171 Partitions, Violations =	23462
Routed	325/1171 Partitions, Violations =	23428
Routed	330/1171 Partitions, Violations =	23342
Routed	335/1171 Partitions, Violations =	23329
Routed	340/1171 Partitions, Violations =	23289
Routed	345/1171 Partitions, Violations =	22946
Routed	350/1171 Partitions, Violations =	22895
Routed	355/1171 Partitions, Violations =	22837
Routed	360/1171 Partitions, Violations =	22814
Routed	365/1171 Partitions, Violations =	22751
Routed	370/1171 Partitions, Violations =	22530
Routed	375/1171 Partitions, Violations =	22521
Routed	380/1171 Partitions, Violations =	22072
Routed	385/1171 Partitions, Violations =	22028
Routed	390/1171 Partitions, Violations =	21917
Routed	395/1171 Partitions, Violations =	21783
Routed	400/1171 Partitions, Violations =	21592
Routed	405/1171 Partitions, Violations =	21208
Routed	410/1171 Partitions, Violations =	21194
Routed	415/1171 Partitions, Violations =	21146
Routed	420/1171 Partitions, Violations =	21128
Routed	425/1171 Partitions, Violations =	20978
Routed	430/1171 Partitions, Violations =	20496
Routed	435/1171 Partitions, Violations =	20229
Routed	440/1171 Partitions, Violations =	20206
Routed	445/1171 Partitions, Violations =	20188
Routed	450/1171 Partitions, Violations =	19850
Routed	455/1171 Partitions, Violations =	19747
Routed	460/1171 Partitions, Violations =	19072
Routed	465/1171 Partitions, Violations =	19064
Routed	470/1171 Partitions, Violations =	18970
Routed	475/1171 Partitions, Violations =	18898
Routed	480/1171 Partitions, Violations =	18877
Routed	485/1171 Partitions, Violations =	18718
Routed	490/1171 Partitions, Violations =	18681
Routed	495/1171 Partitions, Violations =	18411
Routed	500/1171 Partitions, Violations =	18382
Routed	505/1171 Partitions, Violations =	18362
Routed	510/1171 Partitions, Violations =	18308
Routed	515/1171 Partitions, Violations =	18211
Routed	520/1171 Partitions, Violations =	18190
Routed	525/1171 Partitions, Violations =	18022
Routed	530/1171 Partitions, Violations =	17849
Routed	535/1171 Partitions, Violations =	17638
Routed	540/1171 Partitions, Violations =	17590
Routed	545/1171 Partitions, Violations =	17319
Routed	550/1171 Partitions, Violations =	16685
Routed	555/1171 Partitions, Violations =	16618
Routed	560/1171 Partitions, Violations =	16485
Routed	565/1171 Partitions, Violations =	16472
Routed	570/1171 Partitions, Violations =	16364
Routed	575/1171 Partitions, Violations =	16336
Routed	580/1171 Partitions, Violations =	16227
Routed	585/1171 Partitions, Violations =	16193
Routed	590/1171 Partitions, Violations =	16159
Routed	595/1171 Partitions, Violations =	16136
Routed	600/1171 Partitions, Violations =	16037
Routed	605/1171 Partitions, Violations =	16007
Routed	610/1171 Partitions, Violations =	15768
Routed	615/1171 Partitions, Violations =	15739
Routed	620/1171 Partitions, Violations =	15566
Routed	625/1171 Partitions, Violations =	15484
Routed	630/1171 Partitions, Violations =	15101
Routed	635/1171 Partitions, Violations =	14853
Routed	640/1171 Partitions, Violations =	14843
Routed	645/1171 Partitions, Violations =	14614
Routed	650/1171 Partitions, Violations =	14502
Routed	655/1171 Partitions, Violations =	14165
Routed	660/1171 Partitions, Violations =	14136
Routed	665/1171 Partitions, Violations =	14052
Routed	670/1171 Partitions, Violations =	13910
Routed	675/1171 Partitions, Violations =	13749
Routed	680/1171 Partitions, Violations =	13657
Routed	685/1171 Partitions, Violations =	13461
Routed	690/1171 Partitions, Violations =	13425
Routed	695/1171 Partitions, Violations =	13277
Routed	700/1171 Partitions, Violations =	12861
Routed	705/1171 Partitions, Violations =	12626
Routed	710/1171 Partitions, Violations =	12446
Routed	715/1171 Partitions, Violations =	12041
Routed	720/1171 Partitions, Violations =	11995
Routed	725/1171 Partitions, Violations =	12000
Routed	730/1171 Partitions, Violations =	11999
Routed	735/1171 Partitions, Violations =	11964
Routed	740/1171 Partitions, Violations =	11905
Routed	745/1171 Partitions, Violations =	11781
Routed	750/1171 Partitions, Violations =	11689
Routed	755/1171 Partitions, Violations =	11410
Routed	760/1171 Partitions, Violations =	11291
Routed	765/1171 Partitions, Violations =	11156
Routed	770/1171 Partitions, Violations =	11157
Routed	775/1171 Partitions, Violations =	10866
Routed	780/1171 Partitions, Violations =	10612
Routed	785/1171 Partitions, Violations =	10517
Routed	790/1171 Partitions, Violations =	10197
Routed	795/1171 Partitions, Violations =	10138
Routed	800/1171 Partitions, Violations =	10049
Routed	805/1171 Partitions, Violations =	10036
Routed	810/1171 Partitions, Violations =	9898
Routed	815/1171 Partitions, Violations =	9867
Routed	820/1171 Partitions, Violations =	9748
Routed	825/1171 Partitions, Violations =	9636
Routed	830/1171 Partitions, Violations =	9626
Routed	835/1171 Partitions, Violations =	9569
Routed	840/1171 Partitions, Violations =	9536
Routed	845/1171 Partitions, Violations =	9356
Routed	850/1171 Partitions, Violations =	9122
Routed	855/1171 Partitions, Violations =	9036
Routed	860/1171 Partitions, Violations =	8972
Routed	865/1171 Partitions, Violations =	8886
Routed	870/1171 Partitions, Violations =	8729
Routed	875/1171 Partitions, Violations =	8679
Routed	880/1171 Partitions, Violations =	8613
Routed	885/1171 Partitions, Violations =	8565
Routed	890/1171 Partitions, Violations =	8397
Routed	895/1171 Partitions, Violations =	8365
Routed	900/1171 Partitions, Violations =	8003
Routed	905/1171 Partitions, Violations =	7936
Routed	910/1171 Partitions, Violations =	7868
Routed	915/1171 Partitions, Violations =	7812
Routed	920/1171 Partitions, Violations =	7566
Routed	925/1171 Partitions, Violations =	7417
Routed	930/1171 Partitions, Violations =	7376
Routed	935/1171 Partitions, Violations =	7327
Routed	940/1171 Partitions, Violations =	7287
Routed	945/1171 Partitions, Violations =	7090
Routed	950/1171 Partitions, Violations =	7030
Routed	955/1171 Partitions, Violations =	6856
Routed	960/1171 Partitions, Violations =	6686
Routed	965/1171 Partitions, Violations =	6675
Routed	970/1171 Partitions, Violations =	6262
Routed	975/1171 Partitions, Violations =	5876
Routed	980/1171 Partitions, Violations =	5775
Routed	985/1171 Partitions, Violations =	5770
Routed	990/1171 Partitions, Violations =	5638
Routed	995/1171 Partitions, Violations =	5325
Routed	1000/1171 Partitions, Violations =	5178
Routed	1005/1171 Partitions, Violations =	4694
Routed	1010/1171 Partitions, Violations =	4626
Routed	1015/1171 Partitions, Violations =	4575
Routed	1020/1171 Partitions, Violations =	4454
Routed	1025/1171 Partitions, Violations =	4058
Routed	1030/1171 Partitions, Violations =	3768
Routed	1035/1171 Partitions, Violations =	3748
Routed	1040/1171 Partitions, Violations =	3173
Routed	1045/1171 Partitions, Violations =	2982
Routed	1050/1171 Partitions, Violations =	2939
Routed	1055/1171 Partitions, Violations =	2833
Routed	1060/1171 Partitions, Violations =	2784
Routed	1065/1171 Partitions, Violations =	2738
Routed	1070/1171 Partitions, Violations =	2670
Routed	1075/1171 Partitions, Violations =	2664
Routed	1080/1171 Partitions, Violations =	2354
Routed	1085/1171 Partitions, Violations =	2206
Routed	1090/1171 Partitions, Violations =	2139
Routed	1095/1171 Partitions, Violations =	1933
Routed	1100/1171 Partitions, Violations =	1809
Routed	1105/1171 Partitions, Violations =	1809
Routed	1110/1171 Partitions, Violations =	1652
Routed	1115/1171 Partitions, Violations =	1455
Routed	1120/1171 Partitions, Violations =	1369
Routed	1125/1171 Partitions, Violations =	1353
Routed	1130/1171 Partitions, Violations =	1132
Routed	1135/1171 Partitions, Violations =	977
Routed	1140/1171 Partitions, Violations =	892
Routed	1145/1171 Partitions, Violations =	642
Routed	1150/1171 Partitions, Violations =	536
Routed	1155/1171 Partitions, Violations =	442
Routed	1160/1171 Partitions, Violations =	159
Routed	1165/1171 Partitions, Violations =	105
Routed	1170/1171 Partitions, Violations =	78

DRC-SUMMARY:
	@@@@@@@ TOTAL VIOLATIONS =	64
	Diff net spacing : 13
	Diff net via-cut spacing : 4
	End of line spacing : 2
	Less than minimum area : 5
	Less than minimum edge length : 14
	Less than minimum enclosed area : 3
	Same net spacing : 19
	Short : 4

[Iter 0] Elapsed real time: 0:00:13 
[Iter 0] Elapsed cpu  time: sys=0:00:01 usr=0:01:38 total=0:01:39
[Iter 0] Stage (MB): Used  127  Alloctr  128  Proc 1130 
[Iter 0] Total (MB): Used  432  Alloctr  442  Proc 8304 

End DR iteration 0 with 1171 parts

Start DR iteration 1: non-uniform partition
Routed	1/60 Partitions, Violations =	64
Routed	2/60 Partitions, Violations =	64
Routed	3/60 Partitions, Violations =	64
Routed	4/60 Partitions, Violations =	59
Routed	5/60 Partitions, Violations =	59
Routed	6/60 Partitions, Violations =	59
Routed	7/60 Partitions, Violations =	59
Routed	8/60 Partitions, Violations =	59
Routed	9/60 Partitions, Violations =	59
Routed	10/60 Partitions, Violations =	59
Routed	11/60 Partitions, Violations =	59
Routed	12/60 Partitions, Violations =	59
Routed	13/60 Partitions, Violations =	58
Routed	14/60 Partitions, Violations =	47
Routed	15/60 Partitions, Violations =	47
Routed	16/60 Partitions, Violations =	46
Routed	17/60 Partitions, Violations =	46
Routed	18/60 Partitions, Violations =	45
Routed	19/60 Partitions, Violations =	45
Routed	20/60 Partitions, Violations =	45
Routed	21/60 Partitions, Violations =	44
Routed	22/60 Partitions, Violations =	39
Routed	23/60 Partitions, Violations =	39
Routed	24/60 Partitions, Violations =	39
Routed	25/60 Partitions, Violations =	39
Routed	26/60 Partitions, Violations =	39
Routed	27/60 Partitions, Violations =	39
Routed	28/60 Partitions, Violations =	39
Routed	29/60 Partitions, Violations =	39
Routed	30/60 Partitions, Violations =	39
Routed	31/60 Partitions, Violations =	39
Routed	32/60 Partitions, Violations =	39
Routed	33/60 Partitions, Violations =	39
Routed	34/60 Partitions, Violations =	39
Routed	35/60 Partitions, Violations =	39
Routed	36/60 Partitions, Violations =	39
Routed	37/60 Partitions, Violations =	39
Routed	38/60 Partitions, Violations =	39
Routed	39/60 Partitions, Violations =	28
Routed	40/60 Partitions, Violations =	28
Routed	41/60 Partitions, Violations =	28
Routed	42/60 Partitions, Violations =	28
Routed	43/60 Partitions, Violations =	26
Routed	44/60 Partitions, Violations =	26
Routed	45/60 Partitions, Violations =	26
Routed	46/60 Partitions, Violations =	19
Routed	47/60 Partitions, Violations =	19
Routed	48/60 Partitions, Violations =	19
Routed	49/60 Partitions, Violations =	19
Routed	50/60 Partitions, Violations =	19
Routed	51/60 Partitions, Violations =	16
Routed	52/60 Partitions, Violations =	9
Routed	53/60 Partitions, Violations =	9
Routed	54/60 Partitions, Violations =	9
Routed	55/60 Partitions, Violations =	9
Routed	56/60 Partitions, Violations =	9
Routed	57/60 Partitions, Violations =	8
Routed	58/60 Partitions, Violations =	1
Routed	59/60 Partitions, Violations =	1
Routed	60/60 Partitions, Violations =	1

DRC-SUMMARY:
	@@@@@@@ TOTAL VIOLATIONS =	1
	Diff net via-cut spacing : 1

[Iter 1] Elapsed real time: 0:00:13 
[Iter 1] Elapsed cpu  time: sys=0:00:01 usr=0:01:39 total=0:01:41
[Iter 1] Stage (MB): Used  127  Alloctr  127  Proc 1130 
[Iter 1] Total (MB): Used  432  Alloctr  442  Proc 8304 

End DR iteration 1 with 60 parts

Start DR iteration 2: non-uniform partition
Routed	1/2 Partitions, Violations =	0
Routed	2/2 Partitions, Violations =	0

DRC-SUMMARY:
	@@@@@@@ TOTAL VIOLATIONS =	0

[Iter 2] Elapsed real time: 0:00:13 
[Iter 2] Elapsed cpu  time: sys=0:00:01 usr=0:01:40 total=0:01:42
[Iter 2] Stage (MB): Used  127  Alloctr  127  Proc 1130 
[Iter 2] Total (MB): Used  432  Alloctr  442  Proc 8304 

End DR iteration 2 with 2 parts

Finish DR since reached 0 DRC

Information: Detail Routing terminated early because DRCs were not converging: false (ZRT-312)

Nets that have been changed:
Net 1 = rst_n
Net 2 = cfg_wdata[11]
Net 3 = cfg_wdata[5]
Net 4 = cfg_wdata[1]
Net 5 = aps_rename_193_
Net 6 = cfg_rdata[12]
Net 7 = aps_rename_200_
Net 8 = aps_rename_202_
Net 9 = aps_rename_203_
Net 10 = aps_rename_204_
Net 11 = aps_rename_206_
Net 12 = n30_CDR1
Net 13 = u_impl/aps_rename_190_
Net 14 = u_impl/aps_rename_191_
Net 15 = u_impl/core_done
Net 16 = u_impl/n6953
Net 17 = u_impl/n6989
Net 18 = u_impl/n6992
Net 19 = u_impl/n7003
Net 20 = u_impl/n7022
Net 21 = u_impl/n7086
Net 22 = u_impl/n7442
Net 23 = u_impl/n7817
Net 24 = u_impl/n8073
Net 25 = u_impl/n8573
Net 26 = u_impl/n8815
Net 27 = u_impl/n9013
Net 28 = u_impl/n9017
Net 29 = u_impl/n9441
Net 30 = u_impl/n9714
Net 31 = u_impl/n10572
Net 32 = u_impl/n10808
Net 33 = u_impl/n11221
Net 34 = u_impl/n12096
Net 35 = u_impl/n12155
Net 36 = u_impl/n12277
Net 37 = u_impl/n12486
Net 38 = u_impl/n12889
Net 39 = u_impl/n12915
Net 40 = u_impl/n12916
Net 41 = u_impl/n14893
Net 42 = u_impl/n13_CDR1
Net 43 = u_impl/n16_CDR1
Net 44 = u_impl/n22_CDR1
Net 45 = u_impl/n119_CDR1
Net 46 = u_impl/n164
Net 47 = u_impl/u_core/ZBUF_124_0
Net 48 = u_impl/n186
Net 49 = u_impl/n187_CDR1
Net 50 = u_impl/n214_CDR1
Net 51 = u_impl/n217_CDR1
Net 52 = u_impl/n245_CDR1
Net 53 = u_impl/n262_CDR1
Net 54 = u_impl/n263_CDR1
Net 55 = u_impl/n265_CDR1
Net 56 = u_impl/n297_CDR1
Net 57 = u_impl/n335_CDR1
Net 58 = u_impl/n336_CDR1
Net 59 = u_impl/n337_CDR1
Net 60 = u_impl/n360_CDR1
Net 61 = u_impl/n388_CDR1
Net 62 = u_impl/n391_CDR1
Net 63 = u_impl/n393_CDR1
Net 64 = u_impl/n398_CDR1
Net 65 = u_impl/n431_CDR1
Net 66 = u_impl/n447_CDR1
Net 67 = u_impl/n465_CDR1
Net 68 = u_impl/n477_CDR1
Net 69 = u_impl/n479_CDR1
Net 70 = u_impl/n495_CDR1
Net 71 = u_impl/n496_CDR1
Net 72 = u_impl/n497_CDR1
Net 73 = u_impl/n519_CDR1
Net 74 = u_impl/n520_CDR1
Net 75 = u_impl/n597
Net 76 = u_impl/n614_CDR1
Net 77 = u_impl/n633_CDR1
Net 78 = u_impl/n659_CDR1
Net 79 = u_impl/n661_CDR1
Net 80 = u_impl/n671_CDR1
Net 81 = u_impl/n676_CDR1
Net 82 = u_impl/n708_CDR1
Net 83 = u_impl/n734_CDR1
Net 84 = u_impl/n748_CDR1
Net 85 = u_impl/n753_CDR1
Net 86 = u_impl/n779_CDR1
Net 87 = u_impl/n784_CDR1
Net 88 = u_impl/n787_CDR1
Net 89 = u_impl/n792_CDR1
Net 90 = u_impl/n793_CDR1
Net 91 = u_impl/n813_CDR1
Net 92 = u_impl/n914_CDR1
Net 93 = u_impl/n925_CDR1
Net 94 = u_impl/n947_CDR1
Net 95 = u_impl/n997_CDR1
Net 96 = u_impl/n998_CDR1
Net 97 = u_impl/n1013_CDR1
Net 98 = u_impl/n1014_CDR1
Net 99 = u_impl/n1019_CDR1
Net 100 = u_impl/n1026_CDR1
.... and 5685 other nets
Total number of changed nets = 5785 (out of 114362)

[DR: Done] Elapsed real time: 0:00:13 
[DR: Done] Elapsed cpu  time: sys=0:00:01 usr=0:01:40 total=0:01:42
[DR: Done] Stage (MB): Used   10  Alloctr   10  Proc 1130 
[DR: Done] Total (MB): Used  314  Alloctr  324  Proc 8304 
[ECO: DR] Elapsed real time: 0:00:23 
[ECO: DR] Elapsed cpu  time: sys=0:00:03 usr=0:02:11 total=0:02:15
[ECO: DR] Stage (MB): Used  311  Alloctr  320  Proc 1130 
[ECO: DR] Total (MB): Used  314  Alloctr  324  Proc 8304 

ECO Route finished with 0 open nets, of which 0 are frozen

ECO Route finished with 0 violations

DRC-SUMMARY:
	@@@@@@@ TOTAL VIOLATIONS =	0



Total Wire Length =                    4784145 micron
Total Number of Contacts =             1106462
Total Number of Wires =                1169609
Total Number of PtConns =              163010
Total Number of Routed Wires =       1052691
Total Routed Wire Length =           4733149 micron
Total Number of Routed Contacts =       1106462
	Layer             M1 :      38948 micron
	Layer             M2 :     926996 micron
	Layer             M3 :    1475294 micron
	Layer             M4 :    1249231 micron
	Layer             M5 :     919558 micron
	Layer             M6 :     123123 micron
	Layer             AP :          0 micron
	Via            VIA56 :       1989
	Via            VIA45 :      25506
	Via        VIA45_2x1 :         20
	Via   VIA45(rot)_1x2 :        735
	Via        VIA45_1x2 :         83
	Via            VIA34 :     124115
	Via            VIA23 :     492832
	Via       VIA23(rot) :          9
	Via            VIA12 :     208162
	Via       VIA12(rot) :       2186
	Via         VIA12_HV :     241324
	Via    VIA12_HV(rot) :       7739
	Via        VIA12_2x1 :          9
	Via   VIA12(rot)_1x2 :        481
	Via   VIA12(rot)_2x1 :          1
	Via        VIA12_1x2 :       1271

 
Redundant via conversion report:
--------------------------------

  Total optimized via conversion rate =  0.23% (2600 / 1106462 vias)
 
    Layer VIA1       =  0.38% (1762   / 461173  vias)
        Weight 1     =  0.38% (1762    vias)
        Un-optimized =  0.00% (0       vias)
        Un-mapped    = 99.62% (459411  vias)
    Layer VIA2       =  0.00% (0      / 492841  vias)
        Un-optimized =  0.00% (0       vias)
        Un-mapped    = 100.00% (492841  vias)
    Layer VIA3       =  0.00% (0      / 124115  vias)
        Un-optimized =  0.00% (0       vias)
        Un-mapped    = 100.00% (124115  vias)
    Layer VIA4       =  3.18% (838    / 26344   vias)
        Weight 1     =  3.18% (838     vias)
        Un-optimized =  0.00% (0       vias)
        Un-mapped    = 96.82% (25506   vias)
    Layer VIA5       =  0.00% (0      / 1989    vias)
        Un-optimized =  0.00% (0       vias)
        Un-mapped    = 100.00% (1989    vias)
 
  Total double via conversion rate    =  0.23% (2600 / 1106462 vias)
 
    Layer VIA1       =  0.38% (1762   / 461173  vias)
    Layer VIA2       =  0.00% (0      / 492841  vias)
    Layer VIA3       =  0.00% (0      / 124115  vias)
    Layer VIA4       =  3.18% (838    / 26344   vias)
    Layer VIA5       =  0.00% (0      / 1989    vias)
 
  The optimized via conversion rate based on total routed via count =  0.23% (2600 / 1106462 vias)
 
    Layer VIA1       =  0.38% (1762   / 461173  vias)
        Weight 1     =  0.38% (1762    vias)
        Un-optimized =  0.00% (0       vias)
        Un-mapped    = 99.62% (459411  vias)
    Layer VIA2       =  0.00% (0      / 492841  vias)
        Un-optimized =  0.00% (0       vias)
        Un-mapped    = 100.00% (492841  vias)
    Layer VIA3       =  0.00% (0      / 124115  vias)
        Un-optimized =  0.00% (0       vias)
        Un-mapped    = 100.00% (124115  vias)
    Layer VIA4       =  3.18% (838    / 26344   vias)
        Weight 1     =  3.18% (838     vias)
        Un-optimized =  0.00% (0       vias)
        Un-mapped    = 96.82% (25506   vias)
    Layer VIA5       =  0.00% (0      / 1989    vias)
        Un-optimized =  0.00% (0       vias)
        Un-mapped    = 100.00% (1989    vias)
 

Total number of nets = 114362
0 open nets, of which 0 are frozen
Total number of excluded ports = 0 ports of 0 unplaced cells connected to 0 nets
                                 0 ports without pins of 0 cells connected to 0 nets
                                 0 ports of 0 cover cells connected to 0 non-pg nets
Total number of DRCs = 0
Total number of antenna violations = antenna checking not active
Information: Routes in non-preferred voltage areas = 0 (ZRT-559)

Total Wire Length =                    4784145 micron
Total Number of Contacts =             1106462
Total Number of Wires =                1169609
Total Number of PtConns =              163010
Total Number of Routed Wires =       1052691
Total Routed Wire Length =           4733149 micron
Total Number of Routed Contacts =       1106462
	Layer             M1 :      38948 micron
	Layer             M2 :     926996 micron
	Layer             M3 :    1475294 micron
	Layer             M4 :    1249231 micron
	Layer             M5 :     919558 micron
	Layer             M6 :     123123 micron
	Layer             AP :          0 micron
	Via            VIA56 :       1989
	Via            VIA45 :      25506
	Via        VIA45_2x1 :         20
	Via   VIA45(rot)_1x2 :        735
	Via        VIA45_1x2 :         83
	Via            VIA34 :     124115
	Via            VIA23 :     492832
	Via       VIA23(rot) :          9
	Via            VIA12 :     208162
	Via       VIA12(rot) :       2186
	Via         VIA12_HV :     241324
	Via    VIA12_HV(rot) :       7739
	Via        VIA12_2x1 :          9
	Via   VIA12(rot)_1x2 :        481
	Via   VIA12(rot)_2x1 :          1
	Via        VIA12_1x2 :       1271

 
Redundant via conversion report:
--------------------------------

  Total optimized via conversion rate =  0.23% (2600 / 1106462 vias)
 
    Layer VIA1       =  0.38% (1762   / 461173  vias)
        Weight 1     =  0.38% (1762    vias)
        Un-optimized =  0.00% (0       vias)
        Un-mapped    = 99.62% (459411  vias)
    Layer VIA2       =  0.00% (0      / 492841  vias)
        Un-optimized =  0.00% (0       vias)
        Un-mapped    = 100.00% (492841  vias)
    Layer VIA3       =  0.00% (0      / 124115  vias)
        Un-optimized =  0.00% (0       vias)
        Un-mapped    = 100.00% (124115  vias)
    Layer VIA4       =  3.18% (838    / 26344   vias)
        Weight 1     =  3.18% (838     vias)
        Un-optimized =  0.00% (0       vias)
        Un-mapped    = 96.82% (25506   vias)
    Layer VIA5       =  0.00% (0      / 1989    vias)
        Un-optimized =  0.00% (0       vias)
        Un-mapped    = 100.00% (1989    vias)
 
  Total double via conversion rate    =  0.23% (2600 / 1106462 vias)
 
    Layer VIA1       =  0.38% (1762   / 461173  vias)
    Layer VIA2       =  0.00% (0      / 492841  vias)
    Layer VIA3       =  0.00% (0      / 124115  vias)
    Layer VIA4       =  3.18% (838    / 26344   vias)
    Layer VIA5       =  0.00% (0      / 1989    vias)
 
  The optimized via conversion rate based on total routed via count =  0.23% (2600 / 1106462 vias)
 
    Layer VIA1       =  0.38% (1762   / 461173  vias)
        Weight 1     =  0.38% (1762    vias)
        Un-optimized =  0.00% (0       vias)
        Un-mapped    = 99.62% (459411  vias)
    Layer VIA2       =  0.00% (0      / 492841  vias)
        Un-optimized =  0.00% (0       vias)
        Un-mapped    = 100.00% (492841  vias)
    Layer VIA3       =  0.00% (0      / 124115  vias)
        Un-optimized =  0.00% (0       vias)
        Un-mapped    = 100.00% (124115  vias)
    Layer VIA4       =  3.18% (838    / 26344   vias)
        Weight 1     =  3.18% (838     vias)
        Un-optimized =  0.00% (0       vias)
        Un-mapped    = 96.82% (25506   vias)
    Layer VIA5       =  0.00% (0      / 1989    vias)
        Un-optimized =  0.00% (0       vias)
        Un-mapped    = 100.00% (1989    vias)
 
Updating the database ...
...updated 5785 nets with eco mode
[ECO: End] Elapsed real time: 0:00:25 
[ECO: End] Elapsed cpu  time: sys=0:00:03 usr=0:02:13 total=0:02:17
[ECO: End] Stage (MB): Used   -1  Alloctr   -1  Proc 1130 
[ECO: End] Total (MB): Used    2  Alloctr    3  Proc 8304 

Route-opt ECO routing complete            CPU:  6631 s (  1.84 hr )  ELAPSE:  1578 s (  0.44 hr )  MEM-PEAK:  4848 MB
Co-efficient Ratio Summary:
4.193421605155  6.578038173730  2.479639287277  7.744187540401  0.485050000353  3.179565833784  5.567214754587  2.894498787461  6.565921749821  9.017937605874  3.102381189995  9.804385024851  6.089268264085
2.744208341123  8.318115604907  9.699225026083  2.464623950064  1.382370221226  9.387184029619  3.142429406669  0.968796189964  6.613180255252  4.146578893224  7.874069297174  2.132081628696  0.974879441094
2.700148443881  3.840450064440  3.750206053169  7.663458842299  6.212201167950  7.759678473967  7.862243056717  0.402321377150  0.032845527855  0.596111612371  4.709998675854  7.246081037169  8.289496698268
1.183725190997  3.334436408244  5.867609731622  7.173894385364  9.669819999761  7.591487347087  7.632106393266  7.679020963326  9.831314860222  1.878805917928  3.238686214304  1.267041608191  7.061595794780
2.403928173631  6.139852544054  4.100210066110  1.274718589655  4.570746653063  5.624878808820  7.826857253678  4.759133618263  5.409027926387  2.609823652834  0.624778575220  6.322590810669  9.198544322495
0.513656796621  5.027570618562  6.119813446103  6.181472312107  1.581675365776  7.486041822107  9.584562469756  2.041727587119  3.921160867348  0.650488682345  9.470084949055  3.309308552644  4.808281849020
6.860149244452  2.000104051691  9.095345907689  2.197041709512  0.915900067443  5.466092308426  8.142690055883  4.607193465224  8.244463794577  3.504870705451  1.680342059434  7.114357976260  9.940632008373
3.617852772683  8.946772637652  1.169969532707  4.529946656262  3.090979409795  5.580726136993  1.131397763510  0.721709825254  7.515947417600  0.649322209371  1.015667080169  5.852433824919  5.837800183342
4.349383292435  0.216216918317  9.612142422527  7.311156782104  0.823519141628  0.356161286693  8.022019569284  2.603132785844  5.024802551373  1.359359521353  5.405199498857  2.845047635268  1.276470352200
0.417760313533  1.833872465081  6.448557737188  4.848373112548  2.936801055033  8.671494124225  4.212305316610  9.007627470112  3.308107178462  5.607471109985  8.512379687079  2.705590137184  9.335386238770
1.551199989997  2.300508202625  0.754685030179  1.961421411696  2.781303341418  3.355375155650  9.437909893602  9.136702842545  9.020209208474  9.978471495117  7.465083771693  3.112198989171  9.826090040044
4.331414637138  0.413524984361  3.309910198619  7.452798206103  1.902827924529  5.623407259547  7.269363008696  3.367403303784  7.093641515712  7.411336156476  6.942872913206  5.270489189737  4.813259947382
3.894401463832  4.531610419342  1.605155657803  8.173730247963  9.287277774418  7.540401048505  0.000353317956  5.833784756721  4.754587289455  4.387461656592  1.215481918652  7.546796885467  0.811003286343
9.509851607812  3.964085274420  8.341123831811  5.604907969922  5.026083246462  3.950064138237  0.221226938718  4.029619714242  9.406669096880  2.789964661318  0.721806079272  8.734089014135  8.929244519113
5.103696096373  4.141094270014  8.443881384045  0.064440375020  6.053169766345  8.842299621220  1.167950775967  8.473967186224  3.056717040243  7.977150003284  5.093409614236  1.553136707628  7.307924020513
5.512169827835  1.398268118372  5.190997333443  6.408244586760  9.731622717389  4.385364966981  9.999761759148  7.347087163210  6.393266767912  8.063326983131  4.286242742405  5.858783650507  2.354661422627
Information: The net parasitics of block pde_chip_top_safe are cleared. (TIM-123)
INFO: Smart Arc Optimization disabled. 0 modes cleared.
Information: The stitching and editing of coupling caps is turned OFF for design 'pde_chip_top_safe.dlib:pde_chip_top_safe.design'. (TIM-125)
Information: Design pde_chip_top_safe has 114362 nets, 0 global routed, 114360 detail routed. (NEX-024)
Information: The RC mode used is DR for design 'pde_chip_top_safe'. (NEX-022)
---extraction options---
Corner: WC
Corner: BC
Global options:
 reference_direction       : use_from_tluplus
 real_metalfill_extraction : none
 virtual_shield_extraction : true
---app options---
 host.max_cores                   : 8
 extract.connect_open           : true
 extract.enable_coupling_cap    : false
Extracting design: pde_chip_top_safe 
Warning: Net 'rst_n' is exceeding threshold (over 1000 pins) and will be skipped. (NEX-020)
Information: coupling capacitance is lumped to ground. (NEX-030)
Information: 114359 nets are successfully extracted. (NEX-028)
Warning: Advanced receiver model has not been enabled for detailed routed design. (TIM-204)
Information: Update timing completed net estimation for all the timing graph nets (TIM-111)
Information: Net estimation statistics: timing graph nets = 114360, routed nets = 114356, across physical hierarchy nets = 0, parasitics cached nets = 114356, delay annotated nets = 0, parasitics annotated nets = 0, multi-voltage nets = 0. (TIM-112)

Route-opt final QoR
___________________
Scenario Mapping Table
1: FUNC_BC
2: FUNC_WC

Pathgroup Mapping Table
1: **default**
2: **async_default**
3: **clock_gating_default**
4: **in2reg_default**
5: **reg2out_default**
6: **in2out_default**
7: core_clk

-------------------------------------------------------------------------------------------------------------------------------------------------------------
PATHGROUP QOR 
-------------------------------------------------------------------------------------------------------------------------------------------------------------
Scene  PG      WNS        TNS    NSV      WHV        THV    NHV
    1   1        -          -      -   0.0000     0.0000      0
    1   2        -          -      -   0.0000     0.0000      0
    1   3        -          -      -   0.0000     0.0000      0
    1   4        -          -      -   0.0000     0.0000      0
    1   5        -          -      -   0.0000     0.0000      0
    1   6        -          -      -   0.0000     0.0000      0
    1   7        -          -      -   0.0000     0.0000      0
    2   1   0.0000     0.0000      0        -          -      -
    2   2   0.0000     0.0000      0        -          -      -
    2   3   0.0000     0.0000      0        -          -      -
    2   4   0.0000     0.0000      0        -          -      -
    2   5   0.0000     0.0000      0        -          -      -
    2   6   0.0000     0.0000      0        -          -      -
    2   7   0.0000     0.0000      0        -          -      -
----------------------------------------------------------------------------------------------------------------------------------------------------------------------
SCENARIO QOR 
----------------------------------------------------------------------------------------------------------------------------------------------------------------------
Scene  PG      WNS        TNS   R2RTNS    NSV      WHV        THV    NHV  MaxTrnV   MaxTranC  MaxCapV    Leakage
    1   *        -          -        -      -   0.0000     0.0000      0        0     0.0000        0          -
    2   *   0.0000     0.0000   0.0000      0        -          -      -       43     0.1749        0  86126.656
----------------------------------------------------------------------------------------------------------------------------------------------------------------------
DESIGN QOR 
----------------------------------------------------------------------------------------------------------------------------------------------------------------------
Scene  PG      WNS        TNS   R2RTNS    NSV      WHV        THV    NHV  MaxTrnV   MaxTranC  MaxCapV    Leakage         Area    InstCnt
    *   *   0.0000     0.0000   0.0000      0   0.0000     0.0000      0       43     0.1749        0  86126.656    418653.38     111323
----------------------------------------------------------------------------------------------------------------------------------------------------------------------

Route-opt final QoR Summary         WNS        TNS   R2RTNS    NSV      WHV        THV    NHV  MaxTrnV  MaxCapV    Leakage         Area    InstCnt
Route-opt final QoR Summary      0.0000     0.0000   0.0000      0   0.0000     0.0000      0       43        0  86126.656    418653.38     111323

Route-opt optimization complete                 0.00        0.00      0.00         7     418653.38    86126.66      111323              0.44      4848

Route-opt command complete                CPU:  6692 s (  1.86 hr )  ELAPSE:  1587 s (  0.44 hr )  MEM-PEAK:  4848 MB
Route-opt command statistics  CPU=758 sec (0.21 hr) ELAPSED=134 sec (0.04 hr) MEM-PEAK=4.734 GB
Information: Ending   'route_opt' (FLW-8001)
Information: Time: 2026-08-04 16:39:08 / Session:  00:26:26 / Command:  00:02:14 / CPU:  00:12:39 / Memory: 4848 MB (FLW-8100)
Information: Saving block 'pde_chip_top_safe.dlib:pde_chip_top_safe.design'
CHF: Filler insertion auto mode id 0, current filler mode 0, M0M1Routing = 0 
* Disjointed site row process : FALSE
INFO:: begin filler insertions...
CHF::NPL_CHKQUERY_PNET checking turned off by default
master FILL64 has site core
master FILL32 has site core
master FILL16 has site core
master FILL8 has site core
master FILL4 has site core
master FILL2 has site core
master FILL1 has site core
 Use site core (2000)
Warning: filler ref cell FILL64 not marked filler type. (CHF-011)
Warning: filler ref cell FILL32 not marked filler type. (CHF-011)
Warning: filler ref cell FILL16 not marked filler type. (CHF-011)
Warning: filler ref cell FILL8 not marked filler type. (CHF-011)
Warning: filler ref cell FILL4 not marked filler type. (CHF-011)
Warning: filler ref cell FILL2 not marked filler type. (CHF-011)
Warning: filler ref cell FILL1 not marked filler type. (CHF-011)
CHF: Multi-threading turned off because variant design not supported. 
Warning: Routing direction of metal layer PO is neither "horizontal" nor "vertical".  PDC checks will not be performed on this layer. (PDC-003)
PDC app_options settings =========
	place.legalize.enable_prerouted_net_check: 1
	place.legalize.num_tracks_for_access_check: 1
	place.legalize.use_eol_spacing_for_access_check: 0
	place.legalize.allow_touch_track_for_access_check: 1
	place.legalize.reduce_conservatism_in_eol_check: 0
	place.legalize.preroute_shape_merge_distance: 0.0
	place.legalize.enable_non_preferred_direction_span_check: 0

Layer M1: cached 0 shapes out of 135666 total shapes.
Layer M2: cached 0 shapes out of 750354 total shapes.
Cached 0 vias out of 1111230 total vias.
CHF: loading design...
CHF:: Loading blkInsts from NDM...
CHF:: Building row/inst relations...
INFO:: Use fillers in order(1000): FILL64 (64 x 1), FILL32 (32 x 1), FILL16 (16 x 1), FILL8 (8 x 1), FILL4 (4 x 1), FILL2 (2 x 1), FILL1 (1 x 1), 
	10% complete ...
	20% complete ...
	30% complete ...
	40% complete ...
	50% complete ...
	60% complete ...
	70% complete ...
	80% complete ...
	90% complete ...
Regular Filler Insertion Complete
CHF:: Create all new fillers...
... 2817 of regular filler FILL64 inserted
... 2617 of regular filler FILL32 inserted
... 9751 of regular filler FILL16 inserted
... 21818 of regular filler FILL8 inserted
... 36458 of regular filler FILL4 inserted
... 41475 of regular filler FILL2 inserted
... 44325 of regular filler FILL1 inserted
Information: The command 'save_block' cleared the undo history. (UNDO-016)
Information: Saving block 'pde_chip_top_safe.dlib:pde_chip_top_safe.design'
****************************************
Report : Data Mismatches
Version: W-2024.09
Date   : Tue Aug  4 16:40:03 2026
****************************************
No mismatches exist on the design.
Information: Fill shapes with 'active_fill' purpose will be skipped from output DEF. (DEFW-032)
---------------------------------------
Number of Written DEF Constructs
---------------------------------------
VERSION                        : 1
DIVIDERCHAR                    : 1
BUSBITCHARS                    : 1
DESIGN                         : 1
UNITS                          : 1
PROPERTYDEFINITIONS            : 1
DIEAREA                        : 1
ROW                            : 475
TRACKS                         : 14
VIAS                           : 10
COMPONENTS                     : 270584
PINS                           : 59
PINPROPERTIES                  : 57
SPECIALNETS                    : 55550
NETS                           : 114356
Information: The command 'write_parasitics' cleared the undo history. (UNDO-016)
Information: Design pde_chip_top_safe has 114362 nets, 0 global routed, 114360 detail routed. (NEX-024)
NEX: extract design pde_chip_top_safe
Information: batch extract takes 0.00 seconds, elapse 0.00 seconds (NEX-015)
Information: The stitching and editing of coupling caps is turned OFF for design 'pde_chip_top_safe.dlib:pde_chip_top_safe.design'. (TIM-125)
NEX: write corner ID 0 parasitics to /home/soleil/code/DigitalIC/PDE/pdeMujunjie/flow/local_runs/full_clean_20260804/icc2/results/icc2/pde_chip_top_safe.WC.spef.RC_WORST_125.spef 
spefName /home/soleil/code/DigitalIC/PDE/pdeMujunjie/flow/local_runs/full_clean_20260804/icc2/results/icc2/pde_chip_top_safe.WC.spef.RC_WORST_125.spef, corner name WC 
Information: SPEF output -mt with 8 threads (NEX-014)
NEX: write_parasitics command finished
Information: Design pde_chip_top_safe has 114362 nets, 0 global routed, 114360 detail routed. (NEX-024)
NEX: extract design pde_chip_top_safe
Information: batch extract takes 0.00 seconds, elapse 0.00 seconds (NEX-015)
Information: The stitching and editing of coupling caps is turned OFF for design 'pde_chip_top_safe.dlib:pde_chip_top_safe.design'. (TIM-125)
NEX: write corner ID 1 parasitics to /home/soleil/code/DigitalIC/PDE/pdeMujunjie/flow/local_runs/full_clean_20260804/icc2/results/icc2/pde_chip_top_safe.BC.spef.RC_BEST_0.spef 
spefName /home/soleil/code/DigitalIC/PDE/pdeMujunjie/flow/local_runs/full_clean_20260804/icc2/results/icc2/pde_chip_top_safe.BC.spef.RC_BEST_0.spef, corner name BC 
Information: SPEF output -mt with 8 threads (NEX-014)
NEX: write_parasitics command finished
Warning: Technology layer for layer number 189, does not exist. Ignoring the layer-map entry at line 255. (GDS-045)
Warning: Technology layer for layer number 189, does not exist. Ignoring the layer-map entry at line 256. (GDS-045)
Warning: Technology layer for layer number 189, does not exist. Ignoring the layer-map entry at line 257. (GDS-045)
Warning: Technology layer for layer number 191, does not exist. Ignoring the layer-map entry at line 260. (GDS-045)
Warning: Technology layer for layer number 192, does not exist. Ignoring the layer-map entry at line 261. (GDS-045)
Warning: Technology layer for layer number 193, does not exist. Ignoring the layer-map entry at line 262. (GDS-045)
Warning: Technology layer for layer number 194, does not exist. Ignoring the layer-map entry at line 263. (GDS-045)
Warning: Technology layer for layer number 195, does not exist. Ignoring the layer-map entry at line 264. (GDS-045)
Warning: Technology layer for layer number 196, does not exist. Ignoring the layer-map entry at line 265. (GDS-045)
Warning: Technology layer for layer number 197, does not exist. Ignoring the layer-map entry at line 266. (GDS-045)
Warning: Technology layer for layer number 198, does not exist. Ignoring the layer-map entry at line 267. (GDS-045)
Warning: Technology layer for layer number 204, does not exist. Ignoring the layer-map entry at line 270. (GDS-045)
Warning: Technology layer for layer number 204, does not exist. Ignoring the layer-map entry at line 271. (GDS-045)
Warning: Technology layer for layer number 204, does not exist. Ignoring the layer-map entry at line 272. (GDS-045)
Warning: Technology layer for layer number 204, does not exist. Ignoring the layer-map entry at line 273. (GDS-045)
Warning: Technology layer for layer number 204, does not exist. Ignoring the layer-map entry at line 274. (GDS-045)
Warning: Technology layer for layer number 204, does not exist. Ignoring the layer-map entry at line 275. (GDS-045)
Warning: Technology layer for layer number 204, does not exist. Ignoring the layer-map entry at line 276. (GDS-045)
Warning: Technology layer for layer number 204, does not exist. Ignoring the layer-map entry at line 277. (GDS-045)
Warning: Technology layer for layer number 204, does not exist. Ignoring the layer-map entry at line 278. (GDS-045)
Warning: Technology layer for layer number 254, does not exist. Ignoring the layer-map entry at line 291. (GDS-045)
Warning: Technology layer for layer number 254, does not exist. Ignoring the layer-map entry at line 292. (GDS-045)
Warning: Technology layer for layer number 254, does not exist. Ignoring the layer-map entry at line 293. (GDS-045)
Warning: Technology layer for layer number 254, does not exist. Ignoring the layer-map entry at line 294. (GDS-045)
Warning: Technology layer for layer number 254, does not exist. Ignoring the layer-map entry at line 295. (GDS-045)
Information: Saving block 'pde_chip_top_safe.dlib:pde_chip_top_safe.design'
Saving library 'pde_chip_top_safe.dlib'
PDE_ICC2_DONE gds=/home/soleil/code/DigitalIC/PDE/pdeMujunjie/flow/local_runs/full_clean_20260804/icc2/results/icc2/pde_chip_top_safe.gds def=/home/soleil/code/DigitalIC/PDE/pdeMujunjie/flow/local_runs/full_clean_20260804/icc2/results/icc2/pde_chip_top_safe.def netlist=/home/soleil/code/DigitalIC/PDE/pdeMujunjie/flow/local_runs/full_clean_20260804/icc2/results/icc2/pde_chip_top_safe.postroute.v
Information: 1 out of 11 POW-024 messages were not printed due to limit 10 (after 'source' at pnr_local.tcl:61) (MSG-3913)
Information: 17367 out of 17377 POW-046 messages were not printed due to limit 10 (after 'source' at pnr_local.tcl:61) (MSG-3913)
Information: 1 out of 11 POW-052 messages were not printed due to limit 10 (after 'source' at pnr_local.tcl:61) (MSG-3913)
Information: 422 out of 432 POW-080 messages were not printed due to limit 10 (after 'source' at pnr_local.tcl:61) (MSG-3913)
icc2_shell> Maximum memory usage for this session: 4848.24 MB
Maximum memory usage for this session including child processes: 4848.24 MB
CPU usage for this session:   6972 seconds (  1.94 hours)
Elapsed time for this session:   1654 seconds (  0.46 hours)
Thank you for using IC Compiler II.
=== P&R 尝试 1 结束 Tue 04 Aug 2026 04:40:15 PM CST ===
RESULT: OK
total 837768
drwxr-xr-x 2 soleil soleil      4096 Aug  4 16:40 .
drwxr-xr-x 3 soleil soleil      4096 Aug  4 15:42 ..
-rw-r--r-- 1 soleil soleil 281762266 Aug  4 16:40 pde_chip_top_safe.BC.spef.RC_BEST_0.spef
-rw-r--r-- 1 soleil soleil       402 Aug  4 16:40 pde_chip_top_safe.BC.spef.spef_scenario
-rw-r--r-- 1 soleil soleil 133357646 Aug  4 16:40 pde_chip_top_safe.def
-rw-r--r-- 1 soleil soleil 129140080 Aug  4 16:40 pde_chip_top_safe.gds
-rw-r--r-- 1 soleil soleil  34175974 Aug  4 16:40 pde_chip_top_safe.postroute.v
-rw-r--r-- 1 soleil soleil 279412540 Aug  4 16:40 pde_chip_top_safe.WC.spef.RC_WORST_125.spef
-rw-r--r-- 1 soleil soleil       204 Aug  4 16:40 pde_chip_top_safe.WC.spef.spef_scenario
