[INFO ODB-0388] unsupported LEF57_SPACING property for layer M1 :"SPACING 0.11 ENDOFLINE 0.11 WITHIN 0.035 PARALLELEDGE 0.11 WITHIN 0.11 ;"
[INFO ODB-0388] unsupported LEF57_SPACING property for layer M2 :"SPACING 0.12 ENDOFLINE 0.12 WITHIN 0.035 PARALLELEDGE 0.12 WITHIN 0.12 ;"
[INFO ODB-0388] unsupported LEF57_SPACING property for layer M3 :"SPACING 0.12 ENDOFLINE 0.12 WITHIN 0.035 PARALLELEDGE 0.12 WITHIN 0.12 ;"
[INFO ODB-0388] unsupported LEF57_SPACING property for layer M4 :"SPACING 0.12 ENDOFLINE 0.12 WITHIN 0.035 PARALLELEDGE 0.12 WITHIN 0.12 ;"
[INFO ODB-0388] unsupported LEF57_SPACING property for layer M5 :"SPACING 0.12 ENDOFLINE 0.12 WITHIN 0.035 PARALLELEDGE 0.12 WITHIN 0.12 ;"
[INFO ODB-0227] LEF file: /ssd0/PDKs/TSMC65nm/STDCELL/std/STD_Cell/tcbn65lp_200b/Back_End/lef/tcbn65lp_200a/lef/tcbn65lp_6lmT1.lef, created 16 layers, 72 vias, 855 library cells
[WARNING IFP-0028] Core area lower left (10.000, 10.000) snapped to (10.000, 10.800).
[INFO IFP-0001] Added 531 rows of 4787 site core.
Found 0 macro blocks.
[INFO PPL-0001] Number of slots           4792
[INFO PPL-0002] Number of I/O             57
[INFO PPL-0003] Number of I/O w/sink      57
[INFO PPL-0004] Number of I/O w/o sink    0
[INFO PPL-0005] Slots per section         200
[INFO PPL-0008] Successfully assigned pins to sections.
[INFO PPL-0012] I/O nets HPWL: 29099.76 um.
[INFO PDN-0001] Inserting grid: core_grid
[WARNING PDN-0110] No via inserted between M5 and M6 at (19.3000, 20.4000) - (20.9000, 21.2000) on VDD
[WARNING PDN-0110] No via inserted between M5 and M6 at (19.3000, 60.4000) - (20.9000, 61.2000) on VDD
[WARNING PDN-0110] No via inserted between M5 and M6 at (19.3000, 100.4000) - (20.9000, 101.2000) on VDD
[WARNING PDN-0110] No via inserted between M5 and M6 at (19.3000, 140.4000) - (20.9000, 141.2000) on VDD
[WARNING PDN-0110] No via inserted between M5 and M6 at (19.3000, 180.4000) - (20.9000, 181.2000) on VDD
[WARNING PDN-0110] No via inserted between M5 and M6 at (19.3000, 220.4000) - (20.9000, 221.2000) on VDD
[WARNING PDN-0110] No via inserted between M5 and M6 at (19.3000, 260.4000) - (20.9000, 261.2000) on VDD
[WARNING PDN-0110] No via inserted between M5 and M6 at (19.3000, 300.4000) - (20.9000, 301.2000) on VDD
[WARNING PDN-0110] No via inserted between M5 and M6 at (19.3000, 340.4000) - (20.9000, 341.2000) on VDD
[WARNING PDN-0110] No via inserted between M5 and M6 at (19.3000, 380.4000) - (20.9000, 381.2000) on VDD
[WARNING PDN-0110] No via inserted between M5 and M6 at (19.3000, 420.4000) - (20.9000, 421.2000) on VDD
[WARNING PDN-0110] No via inserted between M5 and M6 at (19.3000, 460.4000) - (20.9000, 461.2000) on VDD
[WARNING PDN-0110] No via inserted between M5 and M6 at (19.3000, 500.4000) - (20.9000, 501.2000) on VDD
[WARNING PDN-0110] No via inserted between M5 and M6 at (19.3000, 540.4000) - (20.9000, 541.2000) on VDD
[WARNING PDN-0110] No via inserted between M5 and M6 at (19.3000, 580.4000) - (20.9000, 581.2000) on VDD
[WARNING PDN-0110] No via inserted between M5 and M6 at (19.3000, 620.4000) - (20.9000, 621.2000) on VDD
[WARNING PDN-0110] No via inserted between M5 and M6 at (19.3000, 660.4000) - (20.9000, 661.2000) on VDD
[WARNING PDN-0110] No via inserted between M5 and M6 at (19.3000, 700.4000) - (20.9000, 701.2000) on VDD
[WARNING PDN-0110] No via inserted between M5 and M6 at (19.3000, 740.4000) - (20.9000, 741.2000) on VDD
[WARNING PDN-0110] No via inserted between M5 and M6 at (19.3000, 780.4000) - (20.9000, 781.2000) on VDD
[WARNING PDN-0110] No via inserted between M5 and M6 at (19.3000, 820.4000) - (20.9000, 821.2000) on VDD
[WARNING PDN-0110] No via inserted between M5 and M6 at (19.3000, 860.4000) - (20.9000, 861.2000) on VDD
[WARNING PDN-0110] No via inserted between M5 and M6 at (19.3000, 900.4000) - (20.9000, 901.2000) on VDD
[WARNING PDN-0110] No via inserted between M5 and M6 at (19.3000, 940.4000) - (20.9000, 941.2000) on VDD
[WARNING PDN-0110] No via inserted between M5 and M6 at (22.5000, 22.0000) - (24.1000, 22.8000) on VSS
[WARNING PDN-0110] No via inserted between M5 and M6 at (22.5000, 62.0000) - (24.1000, 62.8000) on VSS
[WARNING PDN-0110] No via inserted between M5 and M6 at (22.5000, 102.0000) - (24.1000, 102.8000) on VSS
[WARNING PDN-0110] No via inserted between M5 and M6 at (22.5000, 142.0000) - (24.1000, 142.8000) on VSS
[WARNING PDN-0110] No via inserted between M5 and M6 at (22.5000, 182.0000) - (24.1000, 182.8000) on VSS
[WARNING PDN-0110] No via inserted between M5 and M6 at (22.5000, 222.0000) - (24.1000, 222.8000) on VSS
[WARNING PDN-0110] No via inserted between M5 and M6 at (22.5000, 262.0000) - (24.1000, 262.8000) on VSS
[WARNING PDN-0110] No via inserted between M5 and M6 at (22.5000, 302.0000) - (24.1000, 302.8000) on VSS
[WARNING PDN-0110] No via inserted between M5 and M6 at (22.5000, 342.0000) - (24.1000, 342.8000) on VSS
[WARNING PDN-0110] No via inserted between M5 and M6 at (22.5000, 382.0000) - (24.1000, 382.8000) on VSS
[WARNING PDN-0110] No via inserted between M5 and M6 at (22.5000, 422.0000) - (24.1000, 422.8000) on VSS
[WARNING PDN-0110] No via inserted between M5 and M6 at (22.5000, 462.0000) - (24.1000, 462.8000) on VSS
[WARNING PDN-0110] No via inserted between M5 and M6 at (22.5000, 502.0000) - (24.1000, 502.8000) on VSS
[WARNING PDN-0110] No via inserted between M5 and M6 at (22.5000, 542.0000) - (24.1000, 542.8000) on VSS
[WARNING PDN-0110] No via inserted between M5 and M6 at (22.5000, 582.0000) - (24.1000, 582.8000) on VSS
[WARNING PDN-0110] No via inserted between M5 and M6 at (22.5000, 622.0000) - (24.1000, 622.8000) on VSS
[WARNING PDN-0110] No via inserted between M5 and M6 at (22.5000, 662.0000) - (24.1000, 662.8000) on VSS
[WARNING PDN-0110] No via inserted between M5 and M6 at (22.5000, 702.0000) - (24.1000, 702.8000) on VSS
[WARNING PDN-0110] No via inserted between M5 and M6 at (22.5000, 742.0000) - (24.1000, 742.8000) on VSS
[WARNING PDN-0110] No via inserted between M5 and M6 at (22.5000, 782.0000) - (24.1000, 782.8000) on VSS
[WARNING PDN-0110] No via inserted between M5 and M6 at (22.5000, 822.0000) - (24.1000, 822.8000) on VSS
[WARNING PDN-0110] No via inserted between M5 and M6 at (22.5000, 862.0000) - (24.1000, 862.8000) on VSS
[WARNING PDN-0110] No via inserted between M5 and M6 at (22.5000, 902.0000) - (24.1000, 902.8000) on VSS
[WARNING PDN-0110] No via inserted between M5 and M6 at (22.5000, 942.0000) - (24.1000, 942.8000) on VSS
[WARNING PDN-0110] No via inserted between M5 and M6 at (59.3000, 20.4000) - (60.9000, 21.2000) on VDD
[WARNING PDN-0110] No via inserted between M5 and M6 at (59.3000, 60.4000) - (60.9000, 61.2000) on VDD
[WARNING PDN-0110] No via inserted between M5 and M6 at (59.3000, 100.4000) - (60.9000, 101.2000) on VDD
[WARNING PDN-0110] No via inserted between M5 and M6 at (59.3000, 140.4000) - (60.9000, 141.2000) on VDD
[WARNING PDN-0110] No via inserted between M5 and M6 at (59.3000, 180.4000) - (60.9000, 181.2000) on VDD
[WARNING PDN-0110] No via inserted between M5 and M6 at (59.3000, 220.4000) - (60.9000, 221.2000) on VDD
[WARNING PDN-0110] No via inserted between M5 and M6 at (59.3000, 260.4000) - (60.9000, 261.2000) on VDD
[WARNING PDN-0110] No via inserted between M5 and M6 at (59.3000, 300.4000) - (60.9000, 301.2000) on VDD
[WARNING PDN-0110] No via inserted between M5 and M6 at (59.3000, 340.4000) - (60.9000, 341.2000) on VDD
[WARNING PDN-0110] No via inserted between M5 and M6 at (59.3000, 380.4000) - (60.9000, 381.2000) on VDD
[WARNING PDN-0110] No via inserted between M5 and M6 at (59.3000, 420.4000) - (60.9000, 421.2000) on VDD
[WARNING PDN-0110] No via inserted between M5 and M6 at (59.3000, 460.4000) - (60.9000, 461.2000) on VDD
[WARNING PDN-0110] No via inserted between M5 and M6 at (59.3000, 500.4000) - (60.9000, 501.2000) on VDD
[WARNING PDN-0110] No via inserted between M5 and M6 at (59.3000, 540.4000) - (60.9000, 541.2000) on VDD
[WARNING PDN-0110] No via inserted between M5 and M6 at (59.3000, 580.4000) - (60.9000, 581.2000) on VDD
[WARNING PDN-0110] No via inserted between M5 and M6 at (59.3000, 620.4000) - (60.9000, 621.2000) on VDD
[WARNING PDN-0110] No via inserted between M5 and M6 at (59.3000, 660.4000) - (60.9000, 661.2000) on VDD
[WARNING PDN-0110] No via inserted between M5 and M6 at (59.3000, 700.4000) - (60.9000, 701.2000) on VDD
[WARNING PDN-0110] No via inserted between M5 and M6 at (59.3000, 740.4000) - (60.9000, 741.2000) on VDD
[WARNING PDN-0110] No via inserted between M5 and M6 at (59.3000, 780.4000) - (60.9000, 781.2000) on VDD
[WARNING PDN-0110] No via inserted between M5 and M6 at (59.3000, 820.4000) - (60.9000, 821.2000) on VDD
[WARNING PDN-0110] No via inserted between M5 and M6 at (59.3000, 860.4000) - (60.9000, 861.2000) on VDD
[WARNING PDN-0110] No via inserted between M5 and M6 at (59.3000, 900.4000) - (60.9000, 901.2000) on VDD
[WARNING PDN-0110] No via inserted between M5 and M6 at (59.3000, 940.4000) - (60.9000, 941.2000) on VDD
[WARNING PDN-0110] No via inserted between M5 and M6 at (62.5000, 22.0000) - (64.1000, 22.8000) on VSS
[WARNING PDN-0110] No via inserted between M5 and M6 at (62.5000, 62.0000) - (64.1000, 62.8000) on VSS
[WARNING PDN-0110] No via inserted between M5 and M6 at (62.5000, 102.0000) - (64.1000, 102.8000) on VSS
[WARNING PDN-0110] No via inserted between M5 and M6 at (62.5000, 142.0000) - (64.1000, 142.8000) on VSS
[WARNING PDN-0110] No via inserted between M5 and M6 at (62.5000, 182.0000) - (64.1000, 182.8000) on VSS
[WARNING PDN-0110] No via inserted between M5 and M6 at (62.5000, 222.0000) - (64.1000, 222.8000) on VSS
[WARNING PDN-0110] No via inserted between M5 and M6 at (62.5000, 262.0000) - (64.1000, 262.8000) on VSS
[WARNING PDN-0110] No via inserted between M5 and M6 at (62.5000, 302.0000) - (64.1000, 302.8000) on VSS
[WARNING PDN-0110] No via inserted between M5 and M6 at (62.5000, 342.0000) - (64.1000, 342.8000) on VSS
[WARNING PDN-0110] No via inserted between M5 and M6 at (62.5000, 382.0000) - (64.1000, 382.8000) on VSS
[WARNING PDN-0110] No via inserted between M5 and M6 at (62.5000, 422.0000) - (64.1000, 422.8000) on VSS
[WARNING PDN-0110] No via inserted between M5 and M6 at (62.5000, 462.0000) - (64.1000, 462.8000) on VSS
[WARNING PDN-0110] No via inserted between M5 and M6 at (62.5000, 502.0000) - (64.1000, 502.8000) on VSS
[WARNING PDN-0110] No via inserted between M5 and M6 at (62.5000, 542.0000) - (64.1000, 542.8000) on VSS
[WARNING PDN-0110] No via inserted between M5 and M6 at (62.5000, 582.0000) - (64.1000, 582.8000) on VSS
[WARNING PDN-0110] No via inserted between M5 and M6 at (62.5000, 622.0000) - (64.1000, 622.8000) on VSS
[WARNING PDN-0110] No via inserted between M5 and M6 at (62.5000, 662.0000) - (64.1000, 662.8000) on VSS
[WARNING PDN-0110] No via inserted between M5 and M6 at (62.5000, 702.0000) - (64.1000, 702.8000) on VSS
[WARNING PDN-0110] No via inserted between M5 and M6 at (62.5000, 742.0000) - (64.1000, 742.8000) on VSS
[WARNING PDN-0110] No via inserted between M5 and M6 at (62.5000, 782.0000) - (64.1000, 782.8000) on VSS
[WARNING PDN-0110] No via inserted between M5 and M6 at (62.5000, 822.0000) - (64.1000, 822.8000) on VSS
[WARNING PDN-0110] No via inserted between M5 and M6 at (62.5000, 862.0000) - (64.1000, 862.8000) on VSS
[WARNING PDN-0110] No via inserted between M5 and M6 at (62.5000, 902.0000) - (64.1000, 902.8000) on VSS
[WARNING PDN-0110] No via inserted between M5 and M6 at (62.5000, 942.0000) - (64.1000, 942.8000) on VSS
[WARNING PDN-0110] No via inserted between M5 and M6 at (99.3000, 20.4000) - (100.9000, 21.2000) on VDD
[WARNING PDN-0110] No via inserted between M5 and M6 at (99.3000, 60.4000) - (100.9000, 61.2000) on VDD
[WARNING PDN-0110] No via inserted between M5 and M6 at (99.3000, 100.4000) - (100.9000, 101.2000) on VDD
[WARNING PDN-0110] No via inserted between M5 and M6 at (99.3000, 140.4000) - (100.9000, 141.2000) on VDD
[WARNING PDN-0110] No via inserted between M5 and M6 at (99.3000, 180.4000) - (100.9000, 181.2000) on VDD
[WARNING PDN-0110] No via inserted between M5 and M6 at (99.3000, 220.4000) - (100.9000, 221.2000) on VDD
[WARNING PDN-0110] No via inserted between M5 and M6 at (99.3000, 260.4000) - (100.9000, 261.2000) on VDD
[WARNING PDN-0110] No via inserted between M5 and M6 at (99.3000, 300.4000) - (100.9000, 301.2000) on VDD
[WARNING PDN-0110] No via inserted between M5 and M6 at (99.3000, 340.4000) - (100.9000, 341.2000) on VDD
[WARNING PDN-0110] No via inserted between M5 and M6 at (99.3000, 380.4000) - (100.9000, 381.2000) on VDD
[WARNING PDN-0110] No via inserted between M5 and M6 at (99.3000, 420.4000) - (100.9000, 421.2000) on VDD
[WARNING PDN-0110] No via inserted between M5 and M6 at (99.3000, 460.4000) - (100.9000, 461.2000) on VDD
[WARNING PDN-0110] No via inserted between M5 and M6 at (99.3000, 500.4000) - (100.9000, 501.2000) on VDD
[WARNING PDN-0110] No via inserted between M5 and M6 at (99.3000, 540.4000) - (100.9000, 541.2000) on VDD
[WARNING PDN-0110] No via inserted between M5 and M6 at (99.3000, 580.4000) - (100.9000, 581.2000) on VDD
[WARNING PDN-0110] No via inserted between M5 and M6 at (99.3000, 620.4000) - (100.9000, 621.2000) on VDD
[WARNING PDN-0110] No via inserted between M5 and M6 at (99.3000, 660.4000) - (100.9000, 661.2000) on VDD
[WARNING PDN-0110] No via inserted between M5 and M6 at (99.3000, 700.4000) - (100.9000, 701.2000) on VDD
[WARNING PDN-0110] No via inserted between M5 and M6 at (99.3000, 740.4000) - (100.9000, 741.2000) on VDD
[WARNING PDN-0110] No via inserted between M5 and M6 at (99.3000, 780.4000) - (100.9000, 781.2000) on VDD
[WARNING PDN-0110] No via inserted between M5 and M6 at (99.3000, 820.4000) - (100.9000, 821.2000) on VDD
[WARNING PDN-0110] No via inserted between M5 and M6 at (99.3000, 860.4000) - (100.9000, 861.2000) on VDD
[WARNING PDN-0110] No via inserted between M5 and M6 at (99.3000, 900.4000) - (100.9000, 901.2000) on VDD
[WARNING PDN-0110] No via inserted between M5 and M6 at (99.3000, 940.4000) - (100.9000, 941.2000) on VDD
[WARNING PDN-0110] No via inserted between M5 and M6 at (102.5000, 22.0000) - (104.1000, 22.8000) on VSS
[WARNING PDN-0110] No via inserted between M5 and M6 at (102.5000, 62.0000) - (104.1000, 62.8000) on VSS
[WARNING PDN-0110] No via inserted between M5 and M6 at (102.5000, 102.0000) - (104.1000, 102.8000) on VSS
[WARNING PDN-0110] No via inserted between M5 and M6 at (102.5000, 142.0000) - (104.1000, 142.8000) on VSS
[WARNING PDN-0110] No via inserted between M5 and M6 at (102.5000, 182.0000) - (104.1000, 182.8000) on VSS
[WARNING PDN-0110] No via inserted between M5 and M6 at (102.5000, 222.0000) - (104.1000, 222.8000) on VSS
[WARNING PDN-0110] No via inserted between M5 and M6 at (102.5000, 262.0000) - (104.1000, 262.8000) on VSS
[WARNING PDN-0110] No via inserted between M5 and M6 at (102.5000, 302.0000) - (104.1000, 302.8000) on VSS
[WARNING PDN-0110] No via inserted between M5 and M6 at (102.5000, 342.0000) - (104.1000, 342.8000) on VSS
[WARNING PDN-0110] No via inserted between M5 and M6 at (102.5000, 382.0000) - (104.1000, 382.8000) on VSS
[WARNING PDN-0110] No via inserted between M5 and M6 at (102.5000, 422.0000) - (104.1000, 422.8000) on VSS
[WARNING PDN-0110] No via inserted between M5 and M6 at (102.5000, 462.0000) - (104.1000, 462.8000) on VSS
[WARNING PDN-0110] No via inserted between M5 and M6 at (102.5000, 502.0000) - (104.1000, 502.8000) on VSS
[WARNING PDN-0110] No via inserted between M5 and M6 at (102.5000, 542.0000) - (104.1000, 542.8000) on VSS
[WARNING PDN-0110] No via inserted between M5 and M6 at (102.5000, 582.0000) - (104.1000, 582.8000) on VSS
[WARNING PDN-0110] No via inserted between M5 and M6 at (102.5000, 622.0000) - (104.1000, 622.8000) on VSS
[WARNING PDN-0110] No via inserted between M5 and M6 at (102.5000, 662.0000) - (104.1000, 662.8000) on VSS
[WARNING PDN-0110] No via inserted between M5 and M6 at (102.5000, 702.0000) - (104.1000, 702.8000) on VSS
[WARNING PDN-0110] No via inserted between M5 and M6 at (102.5000, 742.0000) - (104.1000, 742.8000) on VSS
[WARNING PDN-0110] No via inserted between M5 and M6 at (102.5000, 782.0000) - (104.1000, 782.8000) on VSS
[WARNING PDN-0110] No via inserted between M5 and M6 at (102.5000, 822.0000) - (104.1000, 822.8000) on VSS
[WARNING PDN-0110] No via inserted between M5 and M6 at (102.5000, 862.0000) - (104.1000, 862.8000) on VSS
[WARNING PDN-0110] No via inserted between M5 and M6 at (102.5000, 902.0000) - (104.1000, 902.8000) on VSS
[WARNING PDN-0110] No via inserted between M5 and M6 at (102.5000, 942.0000) - (104.1000, 942.8000) on VSS
[WARNING PDN-0110] No via inserted between M5 and M6 at (139.3000, 20.4000) - (140.9000, 21.2000) on VDD
[WARNING PDN-0110] No via inserted between M5 and M6 at (139.3000, 60.4000) - (140.9000, 61.2000) on VDD
[WARNING PDN-0110] No via inserted between M5 and M6 at (139.3000, 100.4000) - (140.9000, 101.2000) on VDD
[WARNING PDN-0110] No via inserted between M5 and M6 at (139.3000, 140.4000) - (140.9000, 141.2000) on VDD
[WARNING PDN-0110] No via inserted between M5 and M6 at (139.3000, 180.4000) - (140.9000, 181.2000) on VDD
[WARNING PDN-0110] No via inserted between M5 and M6 at (139.3000, 220.4000) - (140.9000, 221.2000) on VDD
[WARNING PDN-0110] No via inserted between M5 and M6 at (139.3000, 260.4000) - (140.9000, 261.2000) on VDD
[WARNING PDN-0110] No via inserted between M5 and M6 at (139.3000, 300.4000) - (140.9000, 301.2000) on VDD
[WARNING PDN-0110] No via inserted between M5 and M6 at (139.3000, 340.4000) - (140.9000, 341.2000) on VDD
[WARNING PDN-0110] No via inserted between M5 and M6 at (139.3000, 380.4000) - (140.9000, 381.2000) on VDD
[WARNING PDN-0110] No via inserted between M5 and M6 at (139.3000, 420.4000) - (140.9000, 421.2000) on VDD
[WARNING PDN-0110] No via inserted between M5 and M6 at (139.3000, 460.4000) - (140.9000, 461.2000) on VDD
[WARNING PDN-0110] No via inserted between M5 and M6 at (139.3000, 500.4000) - (140.9000, 501.2000) on VDD
[WARNING PDN-0110] No via inserted between M5 and M6 at (139.3000, 540.4000) - (140.9000, 541.2000) on VDD
[WARNING PDN-0110] No via inserted between M5 and M6 at (139.3000, 580.4000) - (140.9000, 581.2000) on VDD
[WARNING PDN-0110] No via inserted between M5 and M6 at (139.3000, 620.4000) - (140.9000, 621.2000) on VDD
[WARNING PDN-0110] No via inserted between M5 and M6 at (139.3000, 660.4000) - (140.9000, 661.2000) on VDD
[WARNING PDN-0110] No via inserted between M5 and M6 at (139.3000, 700.4000) - (140.9000, 701.2000) on VDD
[WARNING PDN-0110] No via inserted between M5 and M6 at (139.3000, 740.4000) - (140.9000, 741.2000) on VDD
[WARNING PDN-0110] No via inserted between M5 and M6 at (139.3000, 780.4000) - (140.9000, 781.2000) on VDD
[WARNING PDN-0110] No via inserted between M5 and M6 at (139.3000, 820.4000) - (140.9000, 821.2000) on VDD
[WARNING PDN-0110] No via inserted between M5 and M6 at (139.3000, 860.4000) - (140.9000, 861.2000) on VDD
[WARNING PDN-0110] No via inserted between M5 and M6 at (139.3000, 900.4000) - (140.9000, 901.2000) on VDD
[WARNING PDN-0110] No via inserted between M5 and M6 at (139.3000, 940.4000) - (140.9000, 941.2000) on VDD
[WARNING PDN-0110] No via inserted between M5 and M6 at (142.5000, 22.0000) - (144.1000, 22.8000) on VSS
[WARNING PDN-0110] No via inserted between M5 and M6 at (142.5000, 62.0000) - (144.1000, 62.8000) on VSS
[WARNING PDN-0110] No via inserted between M5 and M6 at (142.5000, 102.0000) - (144.1000, 102.8000) on VSS
[WARNING PDN-0110] No via inserted between M5 and M6 at (142.5000, 142.0000) - (144.1000, 142.8000) on VSS
[WARNING PDN-0110] No via inserted between M5 and M6 at (142.5000, 182.0000) - (144.1000, 182.8000) on VSS
[WARNING PDN-0110] No via inserted between M5 and M6 at (142.5000, 222.0000) - (144.1000, 222.8000) on VSS
[WARNING PDN-0110] No via inserted between M5 and M6 at (142.5000, 262.0000) - (144.1000, 262.8000) on VSS
[WARNING PDN-0110] No via inserted between M5 and M6 at (142.5000, 302.0000) - (144.1000, 302.8000) on VSS
[WARNING PDN-0110] No via inserted between M5 and M6 at (142.5000, 342.0000) - (144.1000, 342.8000) on VSS
[WARNING PDN-0110] No via inserted between M5 and M6 at (142.5000, 382.0000) - (144.1000, 382.8000) on VSS
[WARNING PDN-0110] No via inserted between M5 and M6 at (142.5000, 422.0000) - (144.1000, 422.8000) on VSS
[WARNING PDN-0110] No via inserted between M5 and M6 at (142.5000, 462.0000) - (144.1000, 462.8000) on VSS
[WARNING PDN-0110] No via inserted between M5 and M6 at (142.5000, 502.0000) - (144.1000, 502.8000) on VSS
[WARNING PDN-0110] No via inserted between M5 and M6 at (142.5000, 542.0000) - (144.1000, 542.8000) on VSS
[WARNING PDN-0110] No via inserted between M5 and M6 at (142.5000, 582.0000) - (144.1000, 582.8000) on VSS
[WARNING PDN-0110] No via inserted between M5 and M6 at (142.5000, 622.0000) - (144.1000, 622.8000) on VSS
[WARNING PDN-0110] No via inserted between M5 and M6 at (142.5000, 662.0000) - (144.1000, 662.8000) on VSS
[WARNING PDN-0110] No via inserted between M5 and M6 at (142.5000, 702.0000) - (144.1000, 702.8000) on VSS
[WARNING PDN-0110] No via inserted between M5 and M6 at (142.5000, 742.0000) - (144.1000, 742.8000) on VSS
[WARNING PDN-0110] No via inserted between M5 and M6 at (142.5000, 782.0000) - (144.1000, 782.8000) on VSS
[WARNING PDN-0110] No via inserted between M5 and M6 at (142.5000, 822.0000) - (144.1000, 822.8000) on VSS
[WARNING PDN-0110] No via inserted between M5 and M6 at (142.5000, 862.0000) - (144.1000, 862.8000) on VSS
[WARNING PDN-0110] No via inserted between M5 and M6 at (142.5000, 902.0000) - (144.1000, 902.8000) on VSS
[WARNING PDN-0110] No via inserted between M5 and M6 at (142.5000, 942.0000) - (144.1000, 942.8000) on VSS
[WARNING PDN-0110] No via inserted between M5 and M6 at (179.3000, 20.4000) - (180.9000, 21.2000) on VDD
[WARNING PDN-0110] No via inserted between M5 and M6 at (179.3000, 60.4000) - (180.9000, 61.2000) on VDD
[WARNING PDN-0110] No via inserted between M5 and M6 at (179.3000, 100.4000) - (180.9000, 101.2000) on VDD
[WARNING PDN-0110] No via inserted between M5 and M6 at (179.3000, 140.4000) - (180.9000, 141.2000) on VDD
[WARNING PDN-0110] No via inserted between M5 and M6 at (179.3000, 180.4000) - (180.9000, 181.2000) on VDD
[WARNING PDN-0110] No via inserted between M5 and M6 at (179.3000, 220.4000) - (180.9000, 221.2000) on VDD
[WARNING PDN-0110] No via inserted between M5 and M6 at (179.3000, 260.4000) - (180.9000, 261.2000) on VDD
[WARNING PDN-0110] No via inserted between M5 and M6 at (179.3000, 300.4000) - (180.9000, 301.2000) on VDD
[WARNING PDN-0110] No via inserted between M5 and M6 at (179.3000, 340.4000) - (180.9000, 341.2000) on VDD
[WARNING PDN-0110] No via inserted between M5 and M6 at (179.3000, 380.4000) - (180.9000, 381.2000) on VDD
[WARNING PDN-0110] No via inserted between M5 and M6 at (179.3000, 420.4000) - (180.9000, 421.2000) on VDD
[WARNING PDN-0110] No via inserted between M5 and M6 at (179.3000, 460.4000) - (180.9000, 461.2000) on VDD
[WARNING PDN-0110] No via inserted between M5 and M6 at (179.3000, 500.4000) - (180.9000, 501.2000) on VDD
[WARNING PDN-0110] No via inserted between M5 and M6 at (179.3000, 540.4000) - (180.9000, 541.2000) on VDD
[WARNING PDN-0110] No via inserted between M5 and M6 at (179.3000, 580.4000) - (180.9000, 581.2000) on VDD
[WARNING PDN-0110] No via inserted between M5 and M6 at (179.3000, 620.4000) - (180.9000, 621.2000) on VDD
[WARNING PDN-0110] No via inserted between M5 and M6 at (179.3000, 660.4000) - (180.9000, 661.2000) on VDD
[WARNING PDN-0110] No via inserted between M5 and M6 at (179.3000, 700.4000) - (180.9000, 701.2000) on VDD
[WARNING PDN-0110] No via inserted between M5 and M6 at (179.3000, 740.4000) - (180.9000, 741.2000) on VDD
[WARNING PDN-0110] No via inserted between M5 and M6 at (179.3000, 780.4000) - (180.9000, 781.2000) on VDD
[WARNING PDN-0110] No via inserted between M5 and M6 at (179.3000, 820.4000) - (180.9000, 821.2000) on VDD
[WARNING PDN-0110] No via inserted between M5 and M6 at (179.3000, 860.4000) - (180.9000, 861.2000) on VDD
[WARNING PDN-0110] No via inserted between M5 and M6 at (179.3000, 900.4000) - (180.9000, 901.2000) on VDD
[WARNING PDN-0110] No via inserted between M5 and M6 at (179.3000, 940.4000) - (180.9000, 941.2000) on VDD
[WARNING PDN-0110] No via inserted between M5 and M6 at (182.5000, 22.0000) - (184.1000, 22.8000) on VSS
[WARNING PDN-0110] No via inserted between M5 and M6 at (182.5000, 62.0000) - (184.1000, 62.8000) on VSS
[WARNING PDN-0110] No via inserted between M5 and M6 at (182.5000, 102.0000) - (184.1000, 102.8000) on VSS
[WARNING PDN-0110] No via inserted between M5 and M6 at (182.5000, 142.0000) - (184.1000, 142.8000) on VSS
[WARNING PDN-0110] No via inserted between M5 and M6 at (182.5000, 182.0000) - (184.1000, 182.8000) on VSS
[WARNING PDN-0110] No via inserted between M5 and M6 at (182.5000, 222.0000) - (184.1000, 222.8000) on VSS
[WARNING PDN-0110] No via inserted between M5 and M6 at (182.5000, 262.0000) - (184.1000, 262.8000) on VSS
[WARNING PDN-0110] No via inserted between M5 and M6 at (182.5000, 302.0000) - (184.1000, 302.8000) on VSS
[WARNING PDN-0110] No via inserted between M5 and M6 at (182.5000, 342.0000) - (184.1000, 342.8000) on VSS
[WARNING PDN-0110] No via inserted between M5 and M6 at (182.5000, 382.0000) - (184.1000, 382.8000) on VSS
[WARNING PDN-0110] No via inserted between M5 and M6 at (182.5000, 422.0000) - (184.1000, 422.8000) on VSS
[WARNING PDN-0110] No via inserted between M5 and M6 at (182.5000, 462.0000) - (184.1000, 462.8000) on VSS
[WARNING PDN-0110] No via inserted between M5 and M6 at (182.5000, 502.0000) - (184.1000, 502.8000) on VSS
[WARNING PDN-0110] No via inserted between M5 and M6 at (182.5000, 542.0000) - (184.1000, 542.8000) on VSS
[WARNING PDN-0110] No via inserted between M5 and M6 at (182.5000, 582.0000) - (184.1000, 582.8000) on VSS
[WARNING PDN-0110] No via inserted between M5 and M6 at (182.5000, 622.0000) - (184.1000, 622.8000) on VSS
[WARNING PDN-0110] No via inserted between M5 and M6 at (182.5000, 662.0000) - (184.1000, 662.8000) on VSS
[WARNING PDN-0110] No via inserted between M5 and M6 at (182.5000, 702.0000) - (184.1000, 702.8000) on VSS
[WARNING PDN-0110] No via inserted between M5 and M6 at (182.5000, 742.0000) - (184.1000, 742.8000) on VSS
[WARNING PDN-0110] No via inserted between M5 and M6 at (182.5000, 782.0000) - (184.1000, 782.8000) on VSS
[WARNING PDN-0110] No via inserted between M5 and M6 at (182.5000, 822.0000) - (184.1000, 822.8000) on VSS
[WARNING PDN-0110] No via inserted between M5 and M6 at (182.5000, 862.0000) - (184.1000, 862.8000) on VSS
[WARNING PDN-0110] No via inserted between M5 and M6 at (182.5000, 902.0000) - (184.1000, 902.8000) on VSS
[WARNING PDN-0110] No via inserted between M5 and M6 at (182.5000, 942.0000) - (184.1000, 942.8000) on VSS
[WARNING PDN-0110] No via inserted between M5 and M6 at (219.3000, 20.4000) - (220.9000, 21.2000) on VDD
[WARNING PDN-0110] No via inserted between M5 and M6 at (219.3000, 60.4000) - (220.9000, 61.2000) on VDD
[WARNING PDN-0110] No via inserted between M5 and M6 at (219.3000, 100.4000) - (220.9000, 101.2000) on VDD
[WARNING PDN-0110] No via inserted between M5 and M6 at (219.3000, 140.4000) - (220.9000, 141.2000) on VDD
[WARNING PDN-0110] No via inserted between M5 and M6 at (219.3000, 180.4000) - (220.9000, 181.2000) on VDD
[WARNING PDN-0110] No via inserted between M5 and M6 at (219.3000, 220.4000) - (220.9000, 221.2000) on VDD
[WARNING PDN-0110] No via inserted between M5 and M6 at (219.3000, 260.4000) - (220.9000, 261.2000) on VDD
[WARNING PDN-0110] No via inserted between M5 and M6 at (219.3000, 300.4000) - (220.9000, 301.2000) on VDD
[WARNING PDN-0110] No via inserted between M5 and M6 at (219.3000, 340.4000) - (220.9000, 341.2000) on VDD
[WARNING PDN-0110] No via inserted between M5 and M6 at (219.3000, 380.4000) - (220.9000, 381.2000) on VDD
[WARNING PDN-0110] No via inserted between M5 and M6 at (219.3000, 420.4000) - (220.9000, 421.2000) on VDD
[WARNING PDN-0110] No via inserted between M5 and M6 at (219.3000, 460.4000) - (220.9000, 461.2000) on VDD
[WARNING PDN-0110] No via inserted between M5 and M6 at (219.3000, 500.4000) - (220.9000, 501.2000) on VDD
[WARNING PDN-0110] No via inserted between M5 and M6 at (219.3000, 540.4000) - (220.9000, 541.2000) on VDD
[WARNING PDN-0110] No via inserted between M5 and M6 at (219.3000, 580.4000) - (220.9000, 581.2000) on VDD
[WARNING PDN-0110] No via inserted between M5 and M6 at (219.3000, 620.4000) - (220.9000, 621.2000) on VDD
[WARNING PDN-0110] No via inserted between M5 and M6 at (219.3000, 660.4000) - (220.9000, 661.2000) on VDD
[WARNING PDN-0110] No via inserted between M5 and M6 at (219.3000, 700.4000) - (220.9000, 701.2000) on VDD
[WARNING PDN-0110] No via inserted between M5 and M6 at (219.3000, 740.4000) - (220.9000, 741.2000) on VDD
[WARNING PDN-0110] No via inserted between M5 and M6 at (219.3000, 780.4000) - (220.9000, 781.2000) on VDD
[WARNING PDN-0110] No via inserted between M5 and M6 at (219.3000, 820.4000) - (220.9000, 821.2000) on VDD
[WARNING PDN-0110] No via inserted between M5 and M6 at (219.3000, 860.4000) - (220.9000, 861.2000) on VDD
[WARNING PDN-0110] No via inserted between M5 and M6 at (219.3000, 900.4000) - (220.9000, 901.2000) on VDD
[WARNING PDN-0110] No via inserted between M5 and M6 at (219.3000, 940.4000) - (220.9000, 941.2000) on VDD
[WARNING PDN-0110] No via inserted between M5 and M6 at (222.5000, 22.0000) - (224.1000, 22.8000) on VSS
[WARNING PDN-0110] No via inserted between M5 and M6 at (222.5000, 62.0000) - (224.1000, 62.8000) on VSS
[WARNING PDN-0110] No via inserted between M5 and M6 at (222.5000, 102.0000) - (224.1000, 102.8000) on VSS
[WARNING PDN-0110] No via inserted between M5 and M6 at (222.5000, 142.0000) - (224.1000, 142.8000) on VSS
[WARNING PDN-0110] No via inserted between M5 and M6 at (222.5000, 182.0000) - (224.1000, 182.8000) on VSS
[WARNING PDN-0110] No via inserted between M5 and M6 at (222.5000, 222.0000) - (224.1000, 222.8000) on VSS
[WARNING PDN-0110] No via inserted between M5 and M6 at (222.5000, 262.0000) - (224.1000, 262.8000) on VSS
[WARNING PDN-0110] No via inserted between M5 and M6 at (222.5000, 302.0000) - (224.1000, 302.8000) on VSS
[WARNING PDN-0110] No via inserted between M5 and M6 at (222.5000, 342.0000) - (224.1000, 342.8000) on VSS
[WARNING PDN-0110] No via inserted between M5 and M6 at (222.5000, 382.0000) - (224.1000, 382.8000) on VSS
[WARNING PDN-0110] No via inserted between M5 and M6 at (222.5000, 422.0000) - (224.1000, 422.8000) on VSS
[WARNING PDN-0110] No via inserted between M5 and M6 at (222.5000, 462.0000) - (224.1000, 462.8000) on VSS
[WARNING PDN-0110] No via inserted between M5 and M6 at (222.5000, 502.0000) - (224.1000, 502.8000) on VSS
[WARNING PDN-0110] No via inserted between M5 and M6 at (222.5000, 542.0000) - (224.1000, 542.8000) on VSS
[WARNING PDN-0110] No via inserted between M5 and M6 at (222.5000, 582.0000) - (224.1000, 582.8000) on VSS
[WARNING PDN-0110] No via inserted between M5 and M6 at (222.5000, 622.0000) - (224.1000, 622.8000) on VSS
[WARNING PDN-0110] No via inserted between M5 and M6 at (222.5000, 662.0000) - (224.1000, 662.8000) on VSS
[WARNING PDN-0110] No via inserted between M5 and M6 at (222.5000, 702.0000) - (224.1000, 702.8000) on VSS
[WARNING PDN-0110] No via inserted between M5 and M6 at (222.5000, 742.0000) - (224.1000, 742.8000) on VSS
[WARNING PDN-0110] No via inserted between M5 and M6 at (222.5000, 782.0000) - (224.1000, 782.8000) on VSS
[WARNING PDN-0110] No via inserted between M5 and M6 at (222.5000, 822.0000) - (224.1000, 822.8000) on VSS
[WARNING PDN-0110] No via inserted between M5 and M6 at (222.5000, 862.0000) - (224.1000, 862.8000) on VSS
[WARNING PDN-0110] No via inserted between M5 and M6 at (222.5000, 902.0000) - (224.1000, 902.8000) on VSS
[WARNING PDN-0110] No via inserted between M5 and M6 at (222.5000, 942.0000) - (224.1000, 942.8000) on VSS
[WARNING PDN-0110] No via inserted between M5 and M6 at (259.3000, 20.4000) - (260.9000, 21.2000) on VDD
[WARNING PDN-0110] No via inserted between M5 and M6 at (259.3000, 60.4000) - (260.9000, 61.2000) on VDD
[WARNING PDN-0110] No via inserted between M5 and M6 at (259.3000, 100.4000) - (260.9000, 101.2000) on VDD
[WARNING PDN-0110] No via inserted between M5 and M6 at (259.3000, 140.4000) - (260.9000, 141.2000) on VDD
[WARNING PDN-0110] No via inserted between M5 and M6 at (259.3000, 180.4000) - (260.9000, 181.2000) on VDD
[WARNING PDN-0110] No via inserted between M5 and M6 at (259.3000, 220.4000) - (260.9000, 221.2000) on VDD
[WARNING PDN-0110] No via inserted between M5 and M6 at (259.3000, 260.4000) - (260.9000, 261.2000) on VDD
[WARNING PDN-0110] No via inserted between M5 and M6 at (259.3000, 300.4000) - (260.9000, 301.2000) on VDD
[WARNING PDN-0110] No via inserted between M5 and M6 at (259.3000, 340.4000) - (260.9000, 341.2000) on VDD
[WARNING PDN-0110] No via inserted between M5 and M6 at (259.3000, 380.4000) - (260.9000, 381.2000) on VDD
[WARNING PDN-0110] No via inserted between M5 and M6 at (259.3000, 420.4000) - (260.9000, 421.2000) on VDD
[WARNING PDN-0110] No via inserted between M5 and M6 at (259.3000, 460.4000) - (260.9000, 461.2000) on VDD
[WARNING PDN-0110] No via inserted between M5 and M6 at (259.3000, 500.4000) - (260.9000, 501.2000) on VDD
[WARNING PDN-0110] No via inserted between M5 and M6 at (259.3000, 540.4000) - (260.9000, 541.2000) on VDD
[WARNING PDN-0110] No via inserted between M5 and M6 at (259.3000, 580.4000) - (260.9000, 581.2000) on VDD
[WARNING PDN-0110] No via inserted between M5 and M6 at (259.3000, 620.4000) - (260.9000, 621.2000) on VDD
[WARNING PDN-0110] No via inserted between M5 and M6 at (259.3000, 660.4000) - (260.9000, 661.2000) on VDD
[WARNING PDN-0110] No via inserted between M5 and M6 at (259.3000, 700.4000) - (260.9000, 701.2000) on VDD
[WARNING PDN-0110] No via inserted between M5 and M6 at (259.3000, 740.4000) - (260.9000, 741.2000) on VDD
[WARNING PDN-0110] No via inserted between M5 and M6 at (259.3000, 780.4000) - (260.9000, 781.2000) on VDD
[WARNING PDN-0110] No via inserted between M5 and M6 at (259.3000, 820.4000) - (260.9000, 821.2000) on VDD
[WARNING PDN-0110] No via inserted between M5 and M6 at (259.3000, 860.4000) - (260.9000, 861.2000) on VDD
[WARNING PDN-0110] No via inserted between M5 and M6 at (259.3000, 900.4000) - (260.9000, 901.2000) on VDD
[WARNING PDN-0110] No via inserted between M5 and M6 at (259.3000, 940.4000) - (260.9000, 941.2000) on VDD
[WARNING PDN-0110] No via inserted between M5 and M6 at (262.5000, 22.0000) - (264.1000, 22.8000) on VSS
[WARNING PDN-0110] No via inserted between M5 and M6 at (262.5000, 62.0000) - (264.1000, 62.8000) on VSS
[WARNING PDN-0110] No via inserted between M5 and M6 at (262.5000, 102.0000) - (264.1000, 102.8000) on VSS
[WARNING PDN-0110] No via inserted between M5 and M6 at (262.5000, 142.0000) - (264.1000, 142.8000) on VSS
[WARNING PDN-0110] No via inserted between M5 and M6 at (262.5000, 182.0000) - (264.1000, 182.8000) on VSS
[WARNING PDN-0110] No via inserted between M5 and M6 at (262.5000, 222.0000) - (264.1000, 222.8000) on VSS
[WARNING PDN-0110] No via inserted between M5 and M6 at (262.5000, 262.0000) - (264.1000, 262.8000) on VSS
[WARNING PDN-0110] No via inserted between M5 and M6 at (262.5000, 302.0000) - (264.1000, 302.8000) on VSS
[WARNING PDN-0110] No via inserted between M5 and M6 at (262.5000, 342.0000) - (264.1000, 342.8000) on VSS
[WARNING PDN-0110] No via inserted between M5 and M6 at (262.5000, 382.0000) - (264.1000, 382.8000) on VSS
[WARNING PDN-0110] No via inserted between M5 and M6 at (262.5000, 422.0000) - (264.1000, 422.8000) on VSS
[WARNING PDN-0110] No via inserted between M5 and M6 at (262.5000, 462.0000) - (264.1000, 462.8000) on VSS
[WARNING PDN-0110] No via inserted between M5 and M6 at (262.5000, 502.0000) - (264.1000, 502.8000) on VSS
[WARNING PDN-0110] No via inserted between M5 and M6 at (262.5000, 542.0000) - (264.1000, 542.8000) on VSS
[WARNING PDN-0110] No via inserted between M5 and M6 at (262.5000, 582.0000) - (264.1000, 582.8000) on VSS
[WARNING PDN-0110] No via inserted between M5 and M6 at (262.5000, 622.0000) - (264.1000, 622.8000) on VSS
[WARNING PDN-0110] No via inserted between M5 and M6 at (262.5000, 662.0000) - (264.1000, 662.8000) on VSS
[WARNING PDN-0110] No via inserted between M5 and M6 at (262.5000, 702.0000) - (264.1000, 702.8000) on VSS
[WARNING PDN-0110] No via inserted between M5 and M6 at (262.5000, 742.0000) - (264.1000, 742.8000) on VSS
[WARNING PDN-0110] No via inserted between M5 and M6 at (262.5000, 782.0000) - (264.1000, 782.8000) on VSS
[WARNING PDN-0110] No via inserted between M5 and M6 at (262.5000, 822.0000) - (264.1000, 822.8000) on VSS
[WARNING PDN-0110] No via inserted between M5 and M6 at (262.5000, 862.0000) - (264.1000, 862.8000) on VSS
[WARNING PDN-0110] No via inserted between M5 and M6 at (262.5000, 902.0000) - (264.1000, 902.8000) on VSS
[WARNING PDN-0110] No via inserted between M5 and M6 at (262.5000, 942.0000) - (264.1000, 942.8000) on VSS
[WARNING PDN-0110] No via inserted between M5 and M6 at (299.3000, 20.4000) - (300.9000, 21.2000) on VDD
[WARNING PDN-0110] No via inserted between M5 and M6 at (299.3000, 60.4000) - (300.9000, 61.2000) on VDD
[WARNING PDN-0110] No via inserted between M5 and M6 at (299.3000, 100.4000) - (300.9000, 101.2000) on VDD
[WARNING PDN-0110] No via inserted between M5 and M6 at (299.3000, 140.4000) - (300.9000, 141.2000) on VDD
[WARNING PDN-0110] No via inserted between M5 and M6 at (299.3000, 180.4000) - (300.9000, 181.2000) on VDD
[WARNING PDN-0110] No via inserted between M5 and M6 at (299.3000, 220.4000) - (300.9000, 221.2000) on VDD
[WARNING PDN-0110] No via inserted between M5 and M6 at (299.3000, 260.4000) - (300.9000, 261.2000) on VDD
[WARNING PDN-0110] No via inserted between M5 and M6 at (299.3000, 300.4000) - (300.9000, 301.2000) on VDD
[WARNING PDN-0110] No via inserted between M5 and M6 at (299.3000, 340.4000) - (300.9000, 341.2000) on VDD
[WARNING PDN-0110] No via inserted between M5 and M6 at (299.3000, 380.4000) - (300.9000, 381.2000) on VDD
[WARNING PDN-0110] No via inserted between M5 and M6 at (299.3000, 420.4000) - (300.9000, 421.2000) on VDD
[WARNING PDN-0110] No via inserted between M5 and M6 at (299.3000, 460.4000) - (300.9000, 461.2000) on VDD
[WARNING PDN-0110] No via inserted between M5 and M6 at (299.3000, 500.4000) - (300.9000, 501.2000) on VDD
[WARNING PDN-0110] No via inserted between M5 and M6 at (299.3000, 540.4000) - (300.9000, 541.2000) on VDD
[WARNING PDN-0110] No via inserted between M5 and M6 at (299.3000, 580.4000) - (300.9000, 581.2000) on VDD
[WARNING PDN-0110] No via inserted between M5 and M6 at (299.3000, 620.4000) - (300.9000, 621.2000) on VDD
[WARNING PDN-0110] No via inserted between M5 and M6 at (299.3000, 660.4000) - (300.9000, 661.2000) on VDD
[WARNING PDN-0110] No via inserted between M5 and M6 at (299.3000, 700.4000) - (300.9000, 701.2000) on VDD
[WARNING PDN-0110] No via inserted between M5 and M6 at (299.3000, 740.4000) - (300.9000, 741.2000) on VDD
[WARNING PDN-0110] No via inserted between M5 and M6 at (299.3000, 780.4000) - (300.9000, 781.2000) on VDD
[WARNING PDN-0110] No via inserted between M5 and M6 at (299.3000, 820.4000) - (300.9000, 821.2000) on VDD
[WARNING PDN-0110] No via inserted between M5 and M6 at (299.3000, 860.4000) - (300.9000, 861.2000) on VDD
[WARNING PDN-0110] No via inserted between M5 and M6 at (299.3000, 900.4000) - (300.9000, 901.2000) on VDD
[WARNING PDN-0110] No via inserted between M5 and M6 at (299.3000, 940.4000) - (300.9000, 941.2000) on VDD
[WARNING PDN-0110] No via inserted between M5 and M6 at (302.5000, 22.0000) - (304.1000, 22.8000) on VSS
[WARNING PDN-0110] No via inserted between M5 and M6 at (302.5000, 62.0000) - (304.1000, 62.8000) on VSS
[WARNING PDN-0110] No via inserted between M5 and M6 at (302.5000, 102.0000) - (304.1000, 102.8000) on VSS
[WARNING PDN-0110] No via inserted between M5 and M6 at (302.5000, 142.0000) - (304.1000, 142.8000) on VSS
[WARNING PDN-0110] No via inserted between M5 and M6 at (302.5000, 182.0000) - (304.1000, 182.8000) on VSS
[WARNING PDN-0110] No via inserted between M5 and M6 at (302.5000, 222.0000) - (304.1000, 222.8000) on VSS
[WARNING PDN-0110] No via inserted between M5 and M6 at (302.5000, 262.0000) - (304.1000, 262.8000) on VSS
[WARNING PDN-0110] No via inserted between M5 and M6 at (302.5000, 302.0000) - (304.1000, 302.8000) on VSS
[WARNING PDN-0110] No via inserted between M5 and M6 at (302.5000, 342.0000) - (304.1000, 342.8000) on VSS
[WARNING PDN-0110] No via inserted between M5 and M6 at (302.5000, 382.0000) - (304.1000, 382.8000) on VSS
[WARNING PDN-0110] No via inserted between M5 and M6 at (302.5000, 422.0000) - (304.1000, 422.8000) on VSS
[WARNING PDN-0110] No via inserted between M5 and M6 at (302.5000, 462.0000) - (304.1000, 462.8000) on VSS
[WARNING PDN-0110] No via inserted between M5 and M6 at (302.5000, 502.0000) - (304.1000, 502.8000) on VSS
[WARNING PDN-0110] No via inserted between M5 and M6 at (302.5000, 542.0000) - (304.1000, 542.8000) on VSS
[WARNING PDN-0110] No via inserted between M5 and M6 at (302.5000, 582.0000) - (304.1000, 582.8000) on VSS
[WARNING PDN-0110] No via inserted between M5 and M6 at (302.5000, 622.0000) - (304.1000, 622.8000) on VSS
[WARNING PDN-0110] No via inserted between M5 and M6 at (302.5000, 662.0000) - (304.1000, 662.8000) on VSS
[WARNING PDN-0110] No via inserted between M5 and M6 at (302.5000, 702.0000) - (304.1000, 702.8000) on VSS
[WARNING PDN-0110] No via inserted between M5 and M6 at (302.5000, 742.0000) - (304.1000, 742.8000) on VSS
[WARNING PDN-0110] No via inserted between M5 and M6 at (302.5000, 782.0000) - (304.1000, 782.8000) on VSS
[WARNING PDN-0110] No via inserted between M5 and M6 at (302.5000, 822.0000) - (304.1000, 822.8000) on VSS
[WARNING PDN-0110] No via inserted between M5 and M6 at (302.5000, 862.0000) - (304.1000, 862.8000) on VSS
[WARNING PDN-0110] No via inserted between M5 and M6 at (302.5000, 902.0000) - (304.1000, 902.8000) on VSS
[WARNING PDN-0110] No via inserted between M5 and M6 at (302.5000, 942.0000) - (304.1000, 942.8000) on VSS
[WARNING PDN-0110] No via inserted between M5 and M6 at (339.3000, 20.4000) - (340.9000, 21.2000) on VDD
[WARNING PDN-0110] No via inserted between M5 and M6 at (339.3000, 60.4000) - (340.9000, 61.2000) on VDD
[WARNING PDN-0110] No via inserted between M5 and M6 at (339.3000, 100.4000) - (340.9000, 101.2000) on VDD
[WARNING PDN-0110] No via inserted between M5 and M6 at (339.3000, 140.4000) - (340.9000, 141.2000) on VDD
[WARNING PDN-0110] No via inserted between M5 and M6 at (339.3000, 180.4000) - (340.9000, 181.2000) on VDD
[WARNING PDN-0110] No via inserted between M5 and M6 at (339.3000, 220.4000) - (340.9000, 221.2000) on VDD
[WARNING PDN-0110] No via inserted between M5 and M6 at (339.3000, 260.4000) - (340.9000, 261.2000) on VDD
[WARNING PDN-0110] No via inserted between M5 and M6 at (339.3000, 300.4000) - (340.9000, 301.2000) on VDD
[WARNING PDN-0110] No via inserted between M5 and M6 at (339.3000, 340.4000) - (340.9000, 341.2000) on VDD
[WARNING PDN-0110] No via inserted between M5 and M6 at (339.3000, 380.4000) - (340.9000, 381.2000) on VDD
[WARNING PDN-0110] No via inserted between M5 and M6 at (339.3000, 420.4000) - (340.9000, 421.2000) on VDD
[WARNING PDN-0110] No via inserted between M5 and M6 at (339.3000, 460.4000) - (340.9000, 461.2000) on VDD
[WARNING PDN-0110] No via inserted between M5 and M6 at (339.3000, 500.4000) - (340.9000, 501.2000) on VDD
[WARNING PDN-0110] No via inserted between M5 and M6 at (339.3000, 540.4000) - (340.9000, 541.2000) on VDD
[WARNING PDN-0110] No via inserted between M5 and M6 at (339.3000, 580.4000) - (340.9000, 581.2000) on VDD
[WARNING PDN-0110] No via inserted between M5 and M6 at (339.3000, 620.4000) - (340.9000, 621.2000) on VDD
[WARNING PDN-0110] No via inserted between M5 and M6 at (339.3000, 660.4000) - (340.9000, 661.2000) on VDD
[WARNING PDN-0110] No via inserted between M5 and M6 at (339.3000, 700.4000) - (340.9000, 701.2000) on VDD
[WARNING PDN-0110] No via inserted between M5 and M6 at (339.3000, 740.4000) - (340.9000, 741.2000) on VDD
[WARNING PDN-0110] No via inserted between M5 and M6 at (339.3000, 780.4000) - (340.9000, 781.2000) on VDD
[WARNING PDN-0110] No via inserted between M5 and M6 at (339.3000, 820.4000) - (340.9000, 821.2000) on VDD
[WARNING PDN-0110] No via inserted between M5 and M6 at (339.3000, 860.4000) - (340.9000, 861.2000) on VDD
[WARNING PDN-0110] No via inserted between M5 and M6 at (339.3000, 900.4000) - (340.9000, 901.2000) on VDD
[WARNING PDN-0110] No via inserted between M5 and M6 at (339.3000, 940.4000) - (340.9000, 941.2000) on VDD
[WARNING PDN-0110] No via inserted between M5 and M6 at (342.5000, 22.0000) - (344.1000, 22.8000) on VSS
[WARNING PDN-0110] No via inserted between M5 and M6 at (342.5000, 62.0000) - (344.1000, 62.8000) on VSS
[WARNING PDN-0110] No via inserted between M5 and M6 at (342.5000, 102.0000) - (344.1000, 102.8000) on VSS
[WARNING PDN-0110] No via inserted between M5 and M6 at (342.5000, 142.0000) - (344.1000, 142.8000) on VSS
[WARNING PDN-0110] No via inserted between M5 and M6 at (342.5000, 182.0000) - (344.1000, 182.8000) on VSS
[WARNING PDN-0110] No via inserted between M5 and M6 at (342.5000, 222.0000) - (344.1000, 222.8000) on VSS
[WARNING PDN-0110] No via inserted between M5 and M6 at (342.5000, 262.0000) - (344.1000, 262.8000) on VSS
[WARNING PDN-0110] No via inserted between M5 and M6 at (342.5000, 302.0000) - (344.1000, 302.8000) on VSS
[WARNING PDN-0110] No via inserted between M5 and M6 at (342.5000, 342.0000) - (344.1000, 342.8000) on VSS
[WARNING PDN-0110] No via inserted between M5 and M6 at (342.5000, 382.0000) - (344.1000, 382.8000) on VSS
[WARNING PDN-0110] No via inserted between M5 and M6 at (342.5000, 422.0000) - (344.1000, 422.8000) on VSS
[WARNING PDN-0110] No via inserted between M5 and M6 at (342.5000, 462.0000) - (344.1000, 462.8000) on VSS
[WARNING PDN-0110] No via inserted between M5 and M6 at (342.5000, 502.0000) - (344.1000, 502.8000) on VSS
[WARNING PDN-0110] No via inserted between M5 and M6 at (342.5000, 542.0000) - (344.1000, 542.8000) on VSS
[WARNING PDN-0110] No via inserted between M5 and M6 at (342.5000, 582.0000) - (344.1000, 582.8000) on VSS
[WARNING PDN-0110] No via inserted between M5 and M6 at (342.5000, 622.0000) - (344.1000, 622.8000) on VSS
[WARNING PDN-0110] No via inserted between M5 and M6 at (342.5000, 662.0000) - (344.1000, 662.8000) on VSS
[WARNING PDN-0110] No via inserted between M5 and M6 at (342.5000, 702.0000) - (344.1000, 702.8000) on VSS
[WARNING PDN-0110] No via inserted between M5 and M6 at (342.5000, 742.0000) - (344.1000, 742.8000) on VSS
[WARNING PDN-0110] No via inserted between M5 and M6 at (342.5000, 782.0000) - (344.1000, 782.8000) on VSS
[WARNING PDN-0110] No via inserted between M5 and M6 at (342.5000, 822.0000) - (344.1000, 822.8000) on VSS
[WARNING PDN-0110] No via inserted between M5 and M6 at (342.5000, 862.0000) - (344.1000, 862.8000) on VSS
[WARNING PDN-0110] No via inserted between M5 and M6 at (342.5000, 902.0000) - (344.1000, 902.8000) on VSS
[WARNING PDN-0110] No via inserted between M5 and M6 at (342.5000, 942.0000) - (344.1000, 942.8000) on VSS
[WARNING PDN-0110] No via inserted between M5 and M6 at (379.3000, 20.4000) - (380.9000, 21.2000) on VDD
[WARNING PDN-0110] No via inserted between M5 and M6 at (379.3000, 60.4000) - (380.9000, 61.2000) on VDD
[WARNING PDN-0110] No via inserted between M5 and M6 at (379.3000, 100.4000) - (380.9000, 101.2000) on VDD
[WARNING PDN-0110] No via inserted between M5 and M6 at (379.3000, 140.4000) - (380.9000, 141.2000) on VDD
[WARNING PDN-0110] No via inserted between M5 and M6 at (379.3000, 180.4000) - (380.9000, 181.2000) on VDD
[WARNING PDN-0110] No via inserted between M5 and M6 at (379.3000, 220.4000) - (380.9000, 221.2000) on VDD
[WARNING PDN-0110] No via inserted between M5 and M6 at (379.3000, 260.4000) - (380.9000, 261.2000) on VDD
[WARNING PDN-0110] No via inserted between M5 and M6 at (379.3000, 300.4000) - (380.9000, 301.2000) on VDD
[WARNING PDN-0110] No via inserted between M5 and M6 at (379.3000, 340.4000) - (380.9000, 341.2000) on VDD
[WARNING PDN-0110] No via inserted between M5 and M6 at (379.3000, 380.4000) - (380.9000, 381.2000) on VDD
[WARNING PDN-0110] No via inserted between M5 and M6 at (379.3000, 420.4000) - (380.9000, 421.2000) on VDD
[WARNING PDN-0110] No via inserted between M5 and M6 at (379.3000, 460.4000) - (380.9000, 461.2000) on VDD
[WARNING PDN-0110] No via inserted between M5 and M6 at (379.3000, 500.4000) - (380.9000, 501.2000) on VDD
[WARNING PDN-0110] No via inserted between M5 and M6 at (379.3000, 540.4000) - (380.9000, 541.2000) on VDD
[WARNING PDN-0110] No via inserted between M5 and M6 at (379.3000, 580.4000) - (380.9000, 581.2000) on VDD
[WARNING PDN-0110] No via inserted between M5 and M6 at (379.3000, 620.4000) - (380.9000, 621.2000) on VDD
[WARNING PDN-0110] No via inserted between M5 and M6 at (379.3000, 660.4000) - (380.9000, 661.2000) on VDD
[WARNING PDN-0110] No via inserted between M5 and M6 at (379.3000, 700.4000) - (380.9000, 701.2000) on VDD
[WARNING PDN-0110] No via inserted between M5 and M6 at (379.3000, 740.4000) - (380.9000, 741.2000) on VDD
[WARNING PDN-0110] No via inserted between M5 and M6 at (379.3000, 780.4000) - (380.9000, 781.2000) on VDD
[WARNING PDN-0110] No via inserted between M5 and M6 at (379.3000, 820.4000) - (380.9000, 821.2000) on VDD
[WARNING PDN-0110] No via inserted between M5 and M6 at (379.3000, 860.4000) - (380.9000, 861.2000) on VDD
[WARNING PDN-0110] No via inserted between M5 and M6 at (379.3000, 900.4000) - (380.9000, 901.2000) on VDD
[WARNING PDN-0110] No via inserted between M5 and M6 at (379.3000, 940.4000) - (380.9000, 941.2000) on VDD
[WARNING PDN-0110] No via inserted between M5 and M6 at (382.5000, 22.0000) - (384.1000, 22.8000) on VSS
[WARNING PDN-0110] No via inserted between M5 and M6 at (382.5000, 62.0000) - (384.1000, 62.8000) on VSS
[WARNING PDN-0110] No via inserted between M5 and M6 at (382.5000, 102.0000) - (384.1000, 102.8000) on VSS
[WARNING PDN-0110] No via inserted between M5 and M6 at (382.5000, 142.0000) - (384.1000, 142.8000) on VSS
[WARNING PDN-0110] No via inserted between M5 and M6 at (382.5000, 182.0000) - (384.1000, 182.8000) on VSS
[WARNING PDN-0110] No via inserted between M5 and M6 at (382.5000, 222.0000) - (384.1000, 222.8000) on VSS
[WARNING PDN-0110] No via inserted between M5 and M6 at (382.5000, 262.0000) - (384.1000, 262.8000) on VSS
[WARNING PDN-0110] No via inserted between M5 and M6 at (382.5000, 302.0000) - (384.1000, 302.8000) on VSS
[WARNING PDN-0110] No via inserted between M5 and M6 at (382.5000, 342.0000) - (384.1000, 342.8000) on VSS
[WARNING PDN-0110] No via inserted between M5 and M6 at (382.5000, 382.0000) - (384.1000, 382.8000) on VSS
[WARNING PDN-0110] No via inserted between M5 and M6 at (382.5000, 422.0000) - (384.1000, 422.8000) on VSS
[WARNING PDN-0110] No via inserted between M5 and M6 at (382.5000, 462.0000) - (384.1000, 462.8000) on VSS
[WARNING PDN-0110] No via inserted between M5 and M6 at (382.5000, 502.0000) - (384.1000, 502.8000) on VSS
[WARNING PDN-0110] No via inserted between M5 and M6 at (382.5000, 542.0000) - (384.1000, 542.8000) on VSS
[WARNING PDN-0110] No via inserted between M5 and M6 at (382.5000, 582.0000) - (384.1000, 582.8000) on VSS
[WARNING PDN-0110] No via inserted between M5 and M6 at (382.5000, 622.0000) - (384.1000, 622.8000) on VSS
[WARNING PDN-0110] No via inserted between M5 and M6 at (382.5000, 662.0000) - (384.1000, 662.8000) on VSS
[WARNING PDN-0110] No via inserted between M5 and M6 at (382.5000, 702.0000) - (384.1000, 702.8000) on VSS
[WARNING PDN-0110] No via inserted between M5 and M6 at (382.5000, 742.0000) - (384.1000, 742.8000) on VSS
[WARNING PDN-0110] No via inserted between M5 and M6 at (382.5000, 782.0000) - (384.1000, 782.8000) on VSS
[WARNING PDN-0110] No via inserted between M5 and M6 at (382.5000, 822.0000) - (384.1000, 822.8000) on VSS
[WARNING PDN-0110] No via inserted between M5 and M6 at (382.5000, 862.0000) - (384.1000, 862.8000) on VSS
[WARNING PDN-0110] No via inserted between M5 and M6 at (382.5000, 902.0000) - (384.1000, 902.8000) on VSS
[WARNING PDN-0110] No via inserted between M5 and M6 at (382.5000, 942.0000) - (384.1000, 942.8000) on VSS
[WARNING PDN-0110] No via inserted between M5 and M6 at (419.3000, 20.4000) - (420.9000, 21.2000) on VDD
[WARNING PDN-0110] No via inserted between M5 and M6 at (419.3000, 60.4000) - (420.9000, 61.2000) on VDD
[WARNING PDN-0110] No via inserted between M5 and M6 at (419.3000, 100.4000) - (420.9000, 101.2000) on VDD
[WARNING PDN-0110] No via inserted between M5 and M6 at (419.3000, 140.4000) - (420.9000, 141.2000) on VDD
[WARNING PDN-0110] No via inserted between M5 and M6 at (419.3000, 180.4000) - (420.9000, 181.2000) on VDD
[WARNING PDN-0110] No via inserted between M5 and M6 at (419.3000, 220.4000) - (420.9000, 221.2000) on VDD
[WARNING PDN-0110] No via inserted between M5 and M6 at (419.3000, 260.4000) - (420.9000, 261.2000) on VDD
[WARNING PDN-0110] No via inserted between M5 and M6 at (419.3000, 300.4000) - (420.9000, 301.2000) on VDD
[WARNING PDN-0110] No via inserted between M5 and M6 at (419.3000, 340.4000) - (420.9000, 341.2000) on VDD
[WARNING PDN-0110] No via inserted between M5 and M6 at (419.3000, 380.4000) - (420.9000, 381.2000) on VDD
[WARNING PDN-0110] No via inserted between M5 and M6 at (419.3000, 420.4000) - (420.9000, 421.2000) on VDD
[WARNING PDN-0110] No via inserted between M5 and M6 at (419.3000, 460.4000) - (420.9000, 461.2000) on VDD
[WARNING PDN-0110] No via inserted between M5 and M6 at (419.3000, 500.4000) - (420.9000, 501.2000) on VDD
[WARNING PDN-0110] No via inserted between M5 and M6 at (419.3000, 540.4000) - (420.9000, 541.2000) on VDD
[WARNING PDN-0110] No via inserted between M5 and M6 at (419.3000, 580.4000) - (420.9000, 581.2000) on VDD
[WARNING PDN-0110] No via inserted between M5 and M6 at (419.3000, 620.4000) - (420.9000, 621.2000) on VDD
[WARNING PDN-0110] No via inserted between M5 and M6 at (419.3000, 660.4000) - (420.9000, 661.2000) on VDD
[WARNING PDN-0110] No via inserted between M5 and M6 at (419.3000, 700.4000) - (420.9000, 701.2000) on VDD
[WARNING PDN-0110] No via inserted between M5 and M6 at (419.3000, 740.4000) - (420.9000, 741.2000) on VDD
[WARNING PDN-0110] No via inserted between M5 and M6 at (419.3000, 780.4000) - (420.9000, 781.2000) on VDD
[WARNING PDN-0110] No via inserted between M5 and M6 at (419.3000, 820.4000) - (420.9000, 821.2000) on VDD
[WARNING PDN-0110] No via inserted between M5 and M6 at (419.3000, 860.4000) - (420.9000, 861.2000) on VDD
[WARNING PDN-0110] No via inserted between M5 and M6 at (419.3000, 900.4000) - (420.9000, 901.2000) on VDD
[WARNING PDN-0110] No via inserted between M5 and M6 at (419.3000, 940.4000) - (420.9000, 941.2000) on VDD
[WARNING PDN-0110] No via inserted between M5 and M6 at (422.5000, 22.0000) - (424.1000, 22.8000) on VSS
[WARNING PDN-0110] No via inserted between M5 and M6 at (422.5000, 62.0000) - (424.1000, 62.8000) on VSS
[WARNING PDN-0110] No via inserted between M5 and M6 at (422.5000, 102.0000) - (424.1000, 102.8000) on VSS
[WARNING PDN-0110] No via inserted between M5 and M6 at (422.5000, 142.0000) - (424.1000, 142.8000) on VSS
[WARNING PDN-0110] No via inserted between M5 and M6 at (422.5000, 182.0000) - (424.1000, 182.8000) on VSS
[WARNING PDN-0110] No via inserted between M5 and M6 at (422.5000, 222.0000) - (424.1000, 222.8000) on VSS
[WARNING PDN-0110] No via inserted between M5 and M6 at (422.5000, 262.0000) - (424.1000, 262.8000) on VSS
[WARNING PDN-0110] No via inserted between M5 and M6 at (422.5000, 302.0000) - (424.1000, 302.8000) on VSS
[WARNING PDN-0110] No via inserted between M5 and M6 at (422.5000, 342.0000) - (424.1000, 342.8000) on VSS
[WARNING PDN-0110] No via inserted between M5 and M6 at (422.5000, 382.0000) - (424.1000, 382.8000) on VSS
[WARNING PDN-0110] No via inserted between M5 and M6 at (422.5000, 422.0000) - (424.1000, 422.8000) on VSS
[WARNING PDN-0110] No via inserted between M5 and M6 at (422.5000, 462.0000) - (424.1000, 462.8000) on VSS
[WARNING PDN-0110] No via inserted between M5 and M6 at (422.5000, 502.0000) - (424.1000, 502.8000) on VSS
[WARNING PDN-0110] No via inserted between M5 and M6 at (422.5000, 542.0000) - (424.1000, 542.8000) on VSS
[WARNING PDN-0110] No via inserted between M5 and M6 at (422.5000, 582.0000) - (424.1000, 582.8000) on VSS
[WARNING PDN-0110] No via inserted between M5 and M6 at (422.5000, 622.0000) - (424.1000, 622.8000) on VSS
[WARNING PDN-0110] No via inserted between M5 and M6 at (422.5000, 662.0000) - (424.1000, 662.8000) on VSS
[WARNING PDN-0110] No via inserted between M5 and M6 at (422.5000, 702.0000) - (424.1000, 702.8000) on VSS
[WARNING PDN-0110] No via inserted between M5 and M6 at (422.5000, 742.0000) - (424.1000, 742.8000) on VSS
[WARNING PDN-0110] No via inserted between M5 and M6 at (422.5000, 782.0000) - (424.1000, 782.8000) on VSS
[WARNING PDN-0110] No via inserted between M5 and M6 at (422.5000, 822.0000) - (424.1000, 822.8000) on VSS
[WARNING PDN-0110] No via inserted between M5 and M6 at (422.5000, 862.0000) - (424.1000, 862.8000) on VSS
[WARNING PDN-0110] No via inserted between M5 and M6 at (422.5000, 902.0000) - (424.1000, 902.8000) on VSS
[WARNING PDN-0110] No via inserted between M5 and M6 at (422.5000, 942.0000) - (424.1000, 942.8000) on VSS
[WARNING PDN-0110] No via inserted between M5 and M6 at (459.3000, 20.4000) - (460.9000, 21.2000) on VDD
[WARNING PDN-0110] No via inserted between M5 and M6 at (459.3000, 60.4000) - (460.9000, 61.2000) on VDD
[WARNING PDN-0110] No via inserted between M5 and M6 at (459.3000, 100.4000) - (460.9000, 101.2000) on VDD
[WARNING PDN-0110] No via inserted between M5 and M6 at (459.3000, 140.4000) - (460.9000, 141.2000) on VDD
[WARNING PDN-0110] No via inserted between M5 and M6 at (459.3000, 180.4000) - (460.9000, 181.2000) on VDD
[WARNING PDN-0110] No via inserted between M5 and M6 at (459.3000, 220.4000) - (460.9000, 221.2000) on VDD
[WARNING PDN-0110] No via inserted between M5 and M6 at (459.3000, 260.4000) - (460.9000, 261.2000) on VDD
[WARNING PDN-0110] No via inserted between M5 and M6 at (459.3000, 300.4000) - (460.9000, 301.2000) on VDD
[WARNING PDN-0110] No via inserted between M5 and M6 at (459.3000, 340.4000) - (460.9000, 341.2000) on VDD
[WARNING PDN-0110] No via inserted between M5 and M6 at (459.3000, 380.4000) - (460.9000, 381.2000) on VDD
[WARNING PDN-0110] No via inserted between M5 and M6 at (459.3000, 420.4000) - (460.9000, 421.2000) on VDD
[WARNING PDN-0110] No via inserted between M5 and M6 at (459.3000, 460.4000) - (460.9000, 461.2000) on VDD
[WARNING PDN-0110] No via inserted between M5 and M6 at (459.3000, 500.4000) - (460.9000, 501.2000) on VDD
[WARNING PDN-0110] No via inserted between M5 and M6 at (459.3000, 540.4000) - (460.9000, 541.2000) on VDD
[WARNING PDN-0110] No via inserted between M5 and M6 at (459.3000, 580.4000) - (460.9000, 581.2000) on VDD
[WARNING PDN-0110] No via inserted between M5 and M6 at (459.3000, 620.4000) - (460.9000, 621.2000) on VDD
[WARNING PDN-0110] No via inserted between M5 and M6 at (459.3000, 660.4000) - (460.9000, 661.2000) on VDD
[WARNING PDN-0110] No via inserted between M5 and M6 at (459.3000, 700.4000) - (460.9000, 701.2000) on VDD
[WARNING PDN-0110] No via inserted between M5 and M6 at (459.3000, 740.4000) - (460.9000, 741.2000) on VDD
[WARNING PDN-0110] No via inserted between M5 and M6 at (459.3000, 780.4000) - (460.9000, 781.2000) on VDD
[WARNING PDN-0110] No via inserted between M5 and M6 at (459.3000, 820.4000) - (460.9000, 821.2000) on VDD
[WARNING PDN-0110] No via inserted between M5 and M6 at (459.3000, 860.4000) - (460.9000, 861.2000) on VDD
[WARNING PDN-0110] No via inserted between M5 and M6 at (459.3000, 900.4000) - (460.9000, 901.2000) on VDD
[WARNING PDN-0110] No via inserted between M5 and M6 at (459.3000, 940.4000) - (460.9000, 941.2000) on VDD
[WARNING PDN-0110] No via inserted between M5 and M6 at (462.5000, 22.0000) - (464.1000, 22.8000) on VSS
[WARNING PDN-0110] No via inserted between M5 and M6 at (462.5000, 62.0000) - (464.1000, 62.8000) on VSS
[WARNING PDN-0110] No via inserted between M5 and M6 at (462.5000, 102.0000) - (464.1000, 102.8000) on VSS
[WARNING PDN-0110] No via inserted between M5 and M6 at (462.5000, 142.0000) - (464.1000, 142.8000) on VSS
[WARNING PDN-0110] No via inserted between M5 and M6 at (462.5000, 182.0000) - (464.1000, 182.8000) on VSS
[WARNING PDN-0110] No via inserted between M5 and M6 at (462.5000, 222.0000) - (464.1000, 222.8000) on VSS
[WARNING PDN-0110] No via inserted between M5 and M6 at (462.5000, 262.0000) - (464.1000, 262.8000) on VSS
[WARNING PDN-0110] No via inserted between M5 and M6 at (462.5000, 302.0000) - (464.1000, 302.8000) on VSS
[WARNING PDN-0110] No via inserted between M5 and M6 at (462.5000, 342.0000) - (464.1000, 342.8000) on VSS
[WARNING PDN-0110] No via inserted between M5 and M6 at (462.5000, 382.0000) - (464.1000, 382.8000) on VSS
[WARNING PDN-0110] No via inserted between M5 and M6 at (462.5000, 422.0000) - (464.1000, 422.8000) on VSS
[WARNING PDN-0110] No via inserted between M5 and M6 at (462.5000, 462.0000) - (464.1000, 462.8000) on VSS
[WARNING PDN-0110] No via inserted between M5 and M6 at (462.5000, 502.0000) - (464.1000, 502.8000) on VSS
[WARNING PDN-0110] No via inserted between M5 and M6 at (462.5000, 542.0000) - (464.1000, 542.8000) on VSS
[WARNING PDN-0110] No via inserted between M5 and M6 at (462.5000, 582.0000) - (464.1000, 582.8000) on VSS
[WARNING PDN-0110] No via inserted between M5 and M6 at (462.5000, 622.0000) - (464.1000, 622.8000) on VSS
[WARNING PDN-0110] No via inserted between M5 and M6 at (462.5000, 662.0000) - (464.1000, 662.8000) on VSS
[WARNING PDN-0110] No via inserted between M5 and M6 at (462.5000, 702.0000) - (464.1000, 702.8000) on VSS
[WARNING PDN-0110] No via inserted between M5 and M6 at (462.5000, 742.0000) - (464.1000, 742.8000) on VSS
[WARNING PDN-0110] No via inserted between M5 and M6 at (462.5000, 782.0000) - (464.1000, 782.8000) on VSS
[WARNING PDN-0110] No via inserted between M5 and M6 at (462.5000, 822.0000) - (464.1000, 822.8000) on VSS
[WARNING PDN-0110] No via inserted between M5 and M6 at (462.5000, 862.0000) - (464.1000, 862.8000) on VSS
[WARNING PDN-0110] No via inserted between M5 and M6 at (462.5000, 902.0000) - (464.1000, 902.8000) on VSS
[WARNING PDN-0110] No via inserted between M5 and M6 at (462.5000, 942.0000) - (464.1000, 942.8000) on VSS
[WARNING PDN-0110] No via inserted between M5 and M6 at (499.3000, 20.4000) - (500.9000, 21.2000) on VDD
[WARNING PDN-0110] No via inserted between M5 and M6 at (499.3000, 60.4000) - (500.9000, 61.2000) on VDD
[WARNING PDN-0110] No via inserted between M5 and M6 at (499.3000, 100.4000) - (500.9000, 101.2000) on VDD
[WARNING PDN-0110] No via inserted between M5 and M6 at (499.3000, 140.4000) - (500.9000, 141.2000) on VDD
[WARNING PDN-0110] No via inserted between M5 and M6 at (499.3000, 180.4000) - (500.9000, 181.2000) on VDD
[WARNING PDN-0110] No via inserted between M5 and M6 at (499.3000, 220.4000) - (500.9000, 221.2000) on VDD
[WARNING PDN-0110] No via inserted between M5 and M6 at (499.3000, 260.4000) - (500.9000, 261.2000) on VDD
[WARNING PDN-0110] No via inserted between M5 and M6 at (499.3000, 300.4000) - (500.9000, 301.2000) on VDD
[WARNING PDN-0110] No via inserted between M5 and M6 at (499.3000, 340.4000) - (500.9000, 341.2000) on VDD
[WARNING PDN-0110] No via inserted between M5 and M6 at (499.3000, 380.4000) - (500.9000, 381.2000) on VDD
[WARNING PDN-0110] No via inserted between M5 and M6 at (499.3000, 420.4000) - (500.9000, 421.2000) on VDD
[WARNING PDN-0110] No via inserted between M5 and M6 at (499.3000, 460.4000) - (500.9000, 461.2000) on VDD
[WARNING PDN-0110] No via inserted between M5 and M6 at (499.3000, 500.4000) - (500.9000, 501.2000) on VDD
[WARNING PDN-0110] No via inserted between M5 and M6 at (499.3000, 540.4000) - (500.9000, 541.2000) on VDD
[WARNING PDN-0110] No via inserted between M5 and M6 at (499.3000, 580.4000) - (500.9000, 581.2000) on VDD
[WARNING PDN-0110] No via inserted between M5 and M6 at (499.3000, 620.4000) - (500.9000, 621.2000) on VDD
[WARNING PDN-0110] No via inserted between M5 and M6 at (499.3000, 660.4000) - (500.9000, 661.2000) on VDD
[WARNING PDN-0110] No via inserted between M5 and M6 at (499.3000, 700.4000) - (500.9000, 701.2000) on VDD
[WARNING PDN-0110] No via inserted between M5 and M6 at (499.3000, 740.4000) - (500.9000, 741.2000) on VDD
[WARNING PDN-0110] No via inserted between M5 and M6 at (499.3000, 780.4000) - (500.9000, 781.2000) on VDD
[WARNING PDN-0110] No via inserted between M5 and M6 at (499.3000, 820.4000) - (500.9000, 821.2000) on VDD
[WARNING PDN-0110] No via inserted between M5 and M6 at (499.3000, 860.4000) - (500.9000, 861.2000) on VDD
[WARNING PDN-0110] No via inserted between M5 and M6 at (499.3000, 900.4000) - (500.9000, 901.2000) on VDD
[WARNING PDN-0110] No via inserted between M5 and M6 at (499.3000, 940.4000) - (500.9000, 941.2000) on VDD
[WARNING PDN-0110] No via inserted between M5 and M6 at (502.5000, 22.0000) - (504.1000, 22.8000) on VSS
[WARNING PDN-0110] No via inserted between M5 and M6 at (502.5000, 62.0000) - (504.1000, 62.8000) on VSS
[WARNING PDN-0110] No via inserted between M5 and M6 at (502.5000, 102.0000) - (504.1000, 102.8000) on VSS
[WARNING PDN-0110] No via inserted between M5 and M6 at (502.5000, 142.0000) - (504.1000, 142.8000) on VSS
[WARNING PDN-0110] No via inserted between M5 and M6 at (502.5000, 182.0000) - (504.1000, 182.8000) on VSS
[WARNING PDN-0110] No via inserted between M5 and M6 at (502.5000, 222.0000) - (504.1000, 222.8000) on VSS
[WARNING PDN-0110] No via inserted between M5 and M6 at (502.5000, 262.0000) - (504.1000, 262.8000) on VSS
[WARNING PDN-0110] No via inserted between M5 and M6 at (502.5000, 302.0000) - (504.1000, 302.8000) on VSS
[WARNING PDN-0110] No via inserted between M5 and M6 at (502.5000, 342.0000) - (504.1000, 342.8000) on VSS
[WARNING PDN-0110] No via inserted between M5 and M6 at (502.5000, 382.0000) - (504.1000, 382.8000) on VSS
[WARNING PDN-0110] No via inserted between M5 and M6 at (502.5000, 422.0000) - (504.1000, 422.8000) on VSS
[WARNING PDN-0110] No via inserted between M5 and M6 at (502.5000, 462.0000) - (504.1000, 462.8000) on VSS
[WARNING PDN-0110] No via inserted between M5 and M6 at (502.5000, 502.0000) - (504.1000, 502.8000) on VSS
[WARNING PDN-0110] No via inserted between M5 and M6 at (502.5000, 542.0000) - (504.1000, 542.8000) on VSS
[WARNING PDN-0110] No via inserted between M5 and M6 at (502.5000, 582.0000) - (504.1000, 582.8000) on VSS
[WARNING PDN-0110] No via inserted between M5 and M6 at (502.5000, 622.0000) - (504.1000, 622.8000) on VSS
[WARNING PDN-0110] No via inserted between M5 and M6 at (502.5000, 662.0000) - (504.1000, 662.8000) on VSS
[WARNING PDN-0110] No via inserted between M5 and M6 at (502.5000, 702.0000) - (504.1000, 702.8000) on VSS
[WARNING PDN-0110] No via inserted between M5 and M6 at (502.5000, 742.0000) - (504.1000, 742.8000) on VSS
[WARNING PDN-0110] No via inserted between M5 and M6 at (502.5000, 782.0000) - (504.1000, 782.8000) on VSS
[WARNING PDN-0110] No via inserted between M5 and M6 at (502.5000, 822.0000) - (504.1000, 822.8000) on VSS
[WARNING PDN-0110] No via inserted between M5 and M6 at (502.5000, 862.0000) - (504.1000, 862.8000) on VSS
[WARNING PDN-0110] No via inserted between M5 and M6 at (502.5000, 902.0000) - (504.1000, 902.8000) on VSS
[WARNING PDN-0110] No via inserted between M5 and M6 at (502.5000, 942.0000) - (504.1000, 942.8000) on VSS
[WARNING PDN-0110] No via inserted between M5 and M6 at (539.3000, 20.4000) - (540.9000, 21.2000) on VDD
[WARNING PDN-0110] No via inserted between M5 and M6 at (539.3000, 60.4000) - (540.9000, 61.2000) on VDD
[WARNING PDN-0110] No via inserted between M5 and M6 at (539.3000, 100.4000) - (540.9000, 101.2000) on VDD
[WARNING PDN-0110] No via inserted between M5 and M6 at (539.3000, 140.4000) - (540.9000, 141.2000) on VDD
[WARNING PDN-0110] No via inserted between M5 and M6 at (539.3000, 180.4000) - (540.9000, 181.2000) on VDD
[WARNING PDN-0110] No via inserted between M5 and M6 at (539.3000, 220.4000) - (540.9000, 221.2000) on VDD
[WARNING PDN-0110] No via inserted between M5 and M6 at (539.3000, 260.4000) - (540.9000, 261.2000) on VDD
[WARNING PDN-0110] No via inserted between M5 and M6 at (539.3000, 300.4000) - (540.9000, 301.2000) on VDD
[WARNING PDN-0110] No via inserted between M5 and M6 at (539.3000, 340.4000) - (540.9000, 341.2000) on VDD
[WARNING PDN-0110] No via inserted between M5 and M6 at (539.3000, 380.4000) - (540.9000, 381.2000) on VDD
[WARNING PDN-0110] No via inserted between M5 and M6 at (539.3000, 420.4000) - (540.9000, 421.2000) on VDD
[WARNING PDN-0110] No via inserted between M5 and M6 at (539.3000, 460.4000) - (540.9000, 461.2000) on VDD
[WARNING PDN-0110] No via inserted between M5 and M6 at (539.3000, 500.4000) - (540.9000, 501.2000) on VDD
[WARNING PDN-0110] No via inserted between M5 and M6 at (539.3000, 540.4000) - (540.9000, 541.2000) on VDD
[WARNING PDN-0110] No via inserted between M5 and M6 at (539.3000, 580.4000) - (540.9000, 581.2000) on VDD
[WARNING PDN-0110] No via inserted between M5 and M6 at (539.3000, 620.4000) - (540.9000, 621.2000) on VDD
[WARNING PDN-0110] No via inserted between M5 and M6 at (539.3000, 660.4000) - (540.9000, 661.2000) on VDD
[WARNING PDN-0110] No via inserted between M5 and M6 at (539.3000, 700.4000) - (540.9000, 701.2000) on VDD
[WARNING PDN-0110] No via inserted between M5 and M6 at (539.3000, 740.4000) - (540.9000, 741.2000) on VDD
[WARNING PDN-0110] No via inserted between M5 and M6 at (539.3000, 780.4000) - (540.9000, 781.2000) on VDD
[WARNING PDN-0110] No via inserted between M5 and M6 at (539.3000, 820.4000) - (540.9000, 821.2000) on VDD
[WARNING PDN-0110] No via inserted between M5 and M6 at (539.3000, 860.4000) - (540.9000, 861.2000) on VDD
[WARNING PDN-0110] No via inserted between M5 and M6 at (539.3000, 900.4000) - (540.9000, 901.2000) on VDD
[WARNING PDN-0110] No via inserted between M5 and M6 at (539.3000, 940.4000) - (540.9000, 941.2000) on VDD
[WARNING PDN-0110] No via inserted between M5 and M6 at (542.5000, 22.0000) - (544.1000, 22.8000) on VSS
[WARNING PDN-0110] No via inserted between M5 and M6 at (542.5000, 62.0000) - (544.1000, 62.8000) on VSS
[WARNING PDN-0110] No via inserted between M5 and M6 at (542.5000, 102.0000) - (544.1000, 102.8000) on VSS
[WARNING PDN-0110] No via inserted between M5 and M6 at (542.5000, 142.0000) - (544.1000, 142.8000) on VSS
[WARNING PDN-0110] No via inserted between M5 and M6 at (542.5000, 182.0000) - (544.1000, 182.8000) on VSS
[WARNING PDN-0110] No via inserted between M5 and M6 at (542.5000, 222.0000) - (544.1000, 222.8000) on VSS
[WARNING PDN-0110] No via inserted between M5 and M6 at (542.5000, 262.0000) - (544.1000, 262.8000) on VSS
[WARNING PDN-0110] No via inserted between M5 and M6 at (542.5000, 302.0000) - (544.1000, 302.8000) on VSS
[WARNING PDN-0110] No via inserted between M5 and M6 at (542.5000, 342.0000) - (544.1000, 342.8000) on VSS
[WARNING PDN-0110] No via inserted between M5 and M6 at (542.5000, 382.0000) - (544.1000, 382.8000) on VSS
[WARNING PDN-0110] No via inserted between M5 and M6 at (542.5000, 422.0000) - (544.1000, 422.8000) on VSS
[WARNING PDN-0110] No via inserted between M5 and M6 at (542.5000, 462.0000) - (544.1000, 462.8000) on VSS
[WARNING PDN-0110] No via inserted between M5 and M6 at (542.5000, 502.0000) - (544.1000, 502.8000) on VSS
[WARNING PDN-0110] No via inserted between M5 and M6 at (542.5000, 542.0000) - (544.1000, 542.8000) on VSS
[WARNING PDN-0110] No via inserted between M5 and M6 at (542.5000, 582.0000) - (544.1000, 582.8000) on VSS
[WARNING PDN-0110] No via inserted between M5 and M6 at (542.5000, 622.0000) - (544.1000, 622.8000) on VSS
[WARNING PDN-0110] No via inserted between M5 and M6 at (542.5000, 662.0000) - (544.1000, 662.8000) on VSS
[WARNING PDN-0110] No via inserted between M5 and M6 at (542.5000, 702.0000) - (544.1000, 702.8000) on VSS
[WARNING PDN-0110] No via inserted between M5 and M6 at (542.5000, 742.0000) - (544.1000, 742.8000) on VSS
[WARNING PDN-0110] No via inserted between M5 and M6 at (542.5000, 782.0000) - (544.1000, 782.8000) on VSS
[WARNING PDN-0110] No via inserted between M5 and M6 at (542.5000, 822.0000) - (544.1000, 822.8000) on VSS
[WARNING PDN-0110] No via inserted between M5 and M6 at (542.5000, 862.0000) - (544.1000, 862.8000) on VSS
[WARNING PDN-0110] No via inserted between M5 and M6 at (542.5000, 902.0000) - (544.1000, 902.8000) on VSS
[WARNING PDN-0110] No via inserted between M5 and M6 at (542.5000, 942.0000) - (544.1000, 942.8000) on VSS
[WARNING PDN-0110] No via inserted between M5 and M6 at (579.3000, 20.4000) - (580.9000, 21.2000) on VDD
[WARNING PDN-0110] No via inserted between M5 and M6 at (579.3000, 60.4000) - (580.9000, 61.2000) on VDD
[WARNING PDN-0110] No via inserted between M5 and M6 at (579.3000, 100.4000) - (580.9000, 101.2000) on VDD
[WARNING PDN-0110] No via inserted between M5 and M6 at (579.3000, 140.4000) - (580.9000, 141.2000) on VDD
[WARNING PDN-0110] No via inserted between M5 and M6 at (579.3000, 180.4000) - (580.9000, 181.2000) on VDD
[WARNING PDN-0110] No via inserted between M5 and M6 at (579.3000, 220.4000) - (580.9000, 221.2000) on VDD
[WARNING PDN-0110] No via inserted between M5 and M6 at (579.3000, 260.4000) - (580.9000, 261.2000) on VDD
[WARNING PDN-0110] No via inserted between M5 and M6 at (579.3000, 300.4000) - (580.9000, 301.2000) on VDD
[WARNING PDN-0110] No via inserted between M5 and M6 at (579.3000, 340.4000) - (580.9000, 341.2000) on VDD
[WARNING PDN-0110] No via inserted between M5 and M6 at (579.3000, 380.4000) - (580.9000, 381.2000) on VDD
[WARNING PDN-0110] No via inserted between M5 and M6 at (579.3000, 420.4000) - (580.9000, 421.2000) on VDD
[WARNING PDN-0110] No via inserted between M5 and M6 at (579.3000, 460.4000) - (580.9000, 461.2000) on VDD
[WARNING PDN-0110] No via inserted between M5 and M6 at (579.3000, 500.4000) - (580.9000, 501.2000) on VDD
[WARNING PDN-0110] No via inserted between M5 and M6 at (579.3000, 540.4000) - (580.9000, 541.2000) on VDD
[WARNING PDN-0110] No via inserted between M5 and M6 at (579.3000, 580.4000) - (580.9000, 581.2000) on VDD
[WARNING PDN-0110] No via inserted between M5 and M6 at (579.3000, 620.4000) - (580.9000, 621.2000) on VDD
[WARNING PDN-0110] No via inserted between M5 and M6 at (579.3000, 660.4000) - (580.9000, 661.2000) on VDD
[WARNING PDN-0110] No via inserted between M5 and M6 at (579.3000, 700.4000) - (580.9000, 701.2000) on VDD
[WARNING PDN-0110] No via inserted between M5 and M6 at (579.3000, 740.4000) - (580.9000, 741.2000) on VDD
[WARNING PDN-0110] No via inserted between M5 and M6 at (579.3000, 780.4000) - (580.9000, 781.2000) on VDD
[WARNING PDN-0110] No via inserted between M5 and M6 at (579.3000, 820.4000) - (580.9000, 821.2000) on VDD
[WARNING PDN-0110] No via inserted between M5 and M6 at (579.3000, 860.4000) - (580.9000, 861.2000) on VDD
[WARNING PDN-0110] No via inserted between M5 and M6 at (579.3000, 900.4000) - (580.9000, 901.2000) on VDD
[WARNING PDN-0110] No via inserted between M5 and M6 at (579.3000, 940.4000) - (580.9000, 941.2000) on VDD
[WARNING PDN-0110] No via inserted between M5 and M6 at (582.5000, 22.0000) - (584.1000, 22.8000) on VSS
[WARNING PDN-0110] No via inserted between M5 and M6 at (582.5000, 62.0000) - (584.1000, 62.8000) on VSS
[WARNING PDN-0110] No via inserted between M5 and M6 at (582.5000, 102.0000) - (584.1000, 102.8000) on VSS
[WARNING PDN-0110] No via inserted between M5 and M6 at (582.5000, 142.0000) - (584.1000, 142.8000) on VSS
[WARNING PDN-0110] No via inserted between M5 and M6 at (582.5000, 182.0000) - (584.1000, 182.8000) on VSS
[WARNING PDN-0110] No via inserted between M5 and M6 at (582.5000, 222.0000) - (584.1000, 222.8000) on VSS
[WARNING PDN-0110] No via inserted between M5 and M6 at (582.5000, 262.0000) - (584.1000, 262.8000) on VSS
[WARNING PDN-0110] No via inserted between M5 and M6 at (582.5000, 302.0000) - (584.1000, 302.8000) on VSS
[WARNING PDN-0110] No via inserted between M5 and M6 at (582.5000, 342.0000) - (584.1000, 342.8000) on VSS
[WARNING PDN-0110] No via inserted between M5 and M6 at (582.5000, 382.0000) - (584.1000, 382.8000) on VSS
[WARNING PDN-0110] No via inserted between M5 and M6 at (582.5000, 422.0000) - (584.1000, 422.8000) on VSS
[WARNING PDN-0110] No via inserted between M5 and M6 at (582.5000, 462.0000) - (584.1000, 462.8000) on VSS
[WARNING PDN-0110] No via inserted between M5 and M6 at (582.5000, 502.0000) - (584.1000, 502.8000) on VSS
[WARNING PDN-0110] No via inserted between M5 and M6 at (582.5000, 542.0000) - (584.1000, 542.8000) on VSS
[WARNING PDN-0110] No via inserted between M5 and M6 at (582.5000, 582.0000) - (584.1000, 582.8000) on VSS
[WARNING PDN-0110] No via inserted between M5 and M6 at (582.5000, 622.0000) - (584.1000, 622.8000) on VSS
[WARNING PDN-0110] No via inserted between M5 and M6 at (582.5000, 662.0000) - (584.1000, 662.8000) on VSS
[WARNING PDN-0110] No via inserted between M5 and M6 at (582.5000, 702.0000) - (584.1000, 702.8000) on VSS
[WARNING PDN-0110] No via inserted between M5 and M6 at (582.5000, 742.0000) - (584.1000, 742.8000) on VSS
[WARNING PDN-0110] No via inserted between M5 and M6 at (582.5000, 782.0000) - (584.1000, 782.8000) on VSS
[WARNING PDN-0110] No via inserted between M5 and M6 at (582.5000, 822.0000) - (584.1000, 822.8000) on VSS
[WARNING PDN-0110] No via inserted between M5 and M6 at (582.5000, 862.0000) - (584.1000, 862.8000) on VSS
[WARNING PDN-0110] No via inserted between M5 and M6 at (582.5000, 902.0000) - (584.1000, 902.8000) on VSS
[WARNING PDN-0110] No via inserted between M5 and M6 at (582.5000, 942.0000) - (584.1000, 942.8000) on VSS
[WARNING PDN-0110] No via inserted between M5 and M6 at (619.3000, 20.4000) - (620.9000, 21.2000) on VDD
[WARNING PDN-0110] No via inserted between M5 and M6 at (619.3000, 60.4000) - (620.9000, 61.2000) on VDD
[WARNING PDN-0110] No via inserted between M5 and M6 at (619.3000, 100.4000) - (620.9000, 101.2000) on VDD
[WARNING PDN-0110] No via inserted between M5 and M6 at (619.3000, 140.4000) - (620.9000, 141.2000) on VDD
[WARNING PDN-0110] No via inserted between M5 and M6 at (619.3000, 180.4000) - (620.9000, 181.2000) on VDD
[WARNING PDN-0110] No via inserted between M5 and M6 at (619.3000, 220.4000) - (620.9000, 221.2000) on VDD
[WARNING PDN-0110] No via inserted between M5 and M6 at (619.3000, 260.4000) - (620.9000, 261.2000) on VDD
[WARNING PDN-0110] No via inserted between M5 and M6 at (619.3000, 300.4000) - (620.9000, 301.2000) on VDD
[WARNING PDN-0110] No via inserted between M5 and M6 at (619.3000, 340.4000) - (620.9000, 341.2000) on VDD
[WARNING PDN-0110] No via inserted between M5 and M6 at (619.3000, 380.4000) - (620.9000, 381.2000) on VDD
[WARNING PDN-0110] No via inserted between M5 and M6 at (619.3000, 420.4000) - (620.9000, 421.2000) on VDD
[WARNING PDN-0110] No via inserted between M5 and M6 at (619.3000, 460.4000) - (620.9000, 461.2000) on VDD
[WARNING PDN-0110] No via inserted between M5 and M6 at (619.3000, 500.4000) - (620.9000, 501.2000) on VDD
[WARNING PDN-0110] No via inserted between M5 and M6 at (619.3000, 540.4000) - (620.9000, 541.2000) on VDD
[WARNING PDN-0110] No via inserted between M5 and M6 at (619.3000, 580.4000) - (620.9000, 581.2000) on VDD
[WARNING PDN-0110] No via inserted between M5 and M6 at (619.3000, 620.4000) - (620.9000, 621.2000) on VDD
[WARNING PDN-0110] No via inserted between M5 and M6 at (619.3000, 660.4000) - (620.9000, 661.2000) on VDD
[WARNING PDN-0110] No via inserted between M5 and M6 at (619.3000, 700.4000) - (620.9000, 701.2000) on VDD
[WARNING PDN-0110] No via inserted between M5 and M6 at (619.3000, 740.4000) - (620.9000, 741.2000) on VDD
[WARNING PDN-0110] No via inserted between M5 and M6 at (619.3000, 780.4000) - (620.9000, 781.2000) on VDD
[WARNING PDN-0110] No via inserted between M5 and M6 at (619.3000, 820.4000) - (620.9000, 821.2000) on VDD
[WARNING PDN-0110] No via inserted between M5 and M6 at (619.3000, 860.4000) - (620.9000, 861.2000) on VDD
[WARNING PDN-0110] No via inserted between M5 and M6 at (619.3000, 900.4000) - (620.9000, 901.2000) on VDD
[WARNING PDN-0110] No via inserted between M5 and M6 at (619.3000, 940.4000) - (620.9000, 941.2000) on VDD
[WARNING PDN-0110] No via inserted between M5 and M6 at (622.5000, 22.0000) - (624.1000, 22.8000) on VSS
[WARNING PDN-0110] No via inserted between M5 and M6 at (622.5000, 62.0000) - (624.1000, 62.8000) on VSS
[WARNING PDN-0110] No via inserted between M5 and M6 at (622.5000, 102.0000) - (624.1000, 102.8000) on VSS
[WARNING PDN-0110] No via inserted between M5 and M6 at (622.5000, 142.0000) - (624.1000, 142.8000) on VSS
[WARNING PDN-0110] No via inserted between M5 and M6 at (622.5000, 182.0000) - (624.1000, 182.8000) on VSS
[WARNING PDN-0110] No via inserted between M5 and M6 at (622.5000, 222.0000) - (624.1000, 222.8000) on VSS
[WARNING PDN-0110] No via inserted between M5 and M6 at (622.5000, 262.0000) - (624.1000, 262.8000) on VSS
[WARNING PDN-0110] No via inserted between M5 and M6 at (622.5000, 302.0000) - (624.1000, 302.8000) on VSS
[WARNING PDN-0110] No via inserted between M5 and M6 at (622.5000, 342.0000) - (624.1000, 342.8000) on VSS
[WARNING PDN-0110] No via inserted between M5 and M6 at (622.5000, 382.0000) - (624.1000, 382.8000) on VSS
[WARNING PDN-0110] No via inserted between M5 and M6 at (622.5000, 422.0000) - (624.1000, 422.8000) on VSS
[WARNING PDN-0110] No via inserted between M5 and M6 at (622.5000, 462.0000) - (624.1000, 462.8000) on VSS
[WARNING PDN-0110] No via inserted between M5 and M6 at (622.5000, 502.0000) - (624.1000, 502.8000) on VSS
[WARNING PDN-0110] No via inserted between M5 and M6 at (622.5000, 542.0000) - (624.1000, 542.8000) on VSS
[WARNING PDN-0110] No via inserted between M5 and M6 at (622.5000, 582.0000) - (624.1000, 582.8000) on VSS
[WARNING PDN-0110] No via inserted between M5 and M6 at (622.5000, 622.0000) - (624.1000, 622.8000) on VSS
[WARNING PDN-0110] No via inserted between M5 and M6 at (622.5000, 662.0000) - (624.1000, 662.8000) on VSS
[WARNING PDN-0110] No via inserted between M5 and M6 at (622.5000, 702.0000) - (624.1000, 702.8000) on VSS
[WARNING PDN-0110] No via inserted between M5 and M6 at (622.5000, 742.0000) - (624.1000, 742.8000) on VSS
[WARNING PDN-0110] No via inserted between M5 and M6 at (622.5000, 782.0000) - (624.1000, 782.8000) on VSS
[WARNING PDN-0110] No via inserted between M5 and M6 at (622.5000, 822.0000) - (624.1000, 822.8000) on VSS
[WARNING PDN-0110] No via inserted between M5 and M6 at (622.5000, 862.0000) - (624.1000, 862.8000) on VSS
[WARNING PDN-0110] No via inserted between M5 and M6 at (622.5000, 902.0000) - (624.1000, 902.8000) on VSS
[WARNING PDN-0110] No via inserted between M5 and M6 at (622.5000, 942.0000) - (624.1000, 942.8000) on VSS
[WARNING PDN-0110] No via inserted between M5 and M6 at (659.3000, 20.4000) - (660.9000, 21.2000) on VDD
[WARNING PDN-0110] No via inserted between M5 and M6 at (659.3000, 60.4000) - (660.9000, 61.2000) on VDD
[WARNING PDN-0110] No via inserted between M5 and M6 at (659.3000, 100.4000) - (660.9000, 101.2000) on VDD
[WARNING PDN-0110] No via inserted between M5 and M6 at (659.3000, 140.4000) - (660.9000, 141.2000) on VDD
[WARNING PDN-0110] No via inserted between M5 and M6 at (659.3000, 180.4000) - (660.9000, 181.2000) on VDD
[WARNING PDN-0110] No via inserted between M5 and M6 at (659.3000, 220.4000) - (660.9000, 221.2000) on VDD
[WARNING PDN-0110] No via inserted between M5 and M6 at (659.3000, 260.4000) - (660.9000, 261.2000) on VDD
[WARNING PDN-0110] No via inserted between M5 and M6 at (659.3000, 300.4000) - (660.9000, 301.2000) on VDD
[WARNING PDN-0110] No via inserted between M5 and M6 at (659.3000, 340.4000) - (660.9000, 341.2000) on VDD
[WARNING PDN-0110] No via inserted between M5 and M6 at (659.3000, 380.4000) - (660.9000, 381.2000) on VDD
[WARNING PDN-0110] No via inserted between M5 and M6 at (659.3000, 420.4000) - (660.9000, 421.2000) on VDD
[WARNING PDN-0110] No via inserted between M5 and M6 at (659.3000, 460.4000) - (660.9000, 461.2000) on VDD
[WARNING PDN-0110] No via inserted between M5 and M6 at (659.3000, 500.4000) - (660.9000, 501.2000) on VDD
[WARNING PDN-0110] No via inserted between M5 and M6 at (659.3000, 540.4000) - (660.9000, 541.2000) on VDD
[WARNING PDN-0110] No via inserted between M5 and M6 at (659.3000, 580.4000) - (660.9000, 581.2000) on VDD
[WARNING PDN-0110] No via inserted between M5 and M6 at (659.3000, 620.4000) - (660.9000, 621.2000) on VDD
[WARNING PDN-0110] No via inserted between M5 and M6 at (659.3000, 660.4000) - (660.9000, 661.2000) on VDD
[WARNING PDN-0110] No via inserted between M5 and M6 at (659.3000, 700.4000) - (660.9000, 701.2000) on VDD
[WARNING PDN-0110] No via inserted between M5 and M6 at (659.3000, 740.4000) - (660.9000, 741.2000) on VDD
[WARNING PDN-0110] No via inserted between M5 and M6 at (659.3000, 780.4000) - (660.9000, 781.2000) on VDD
[WARNING PDN-0110] No via inserted between M5 and M6 at (659.3000, 820.4000) - (660.9000, 821.2000) on VDD
[WARNING PDN-0110] No via inserted between M5 and M6 at (659.3000, 860.4000) - (660.9000, 861.2000) on VDD
[WARNING PDN-0110] No via inserted between M5 and M6 at (659.3000, 900.4000) - (660.9000, 901.2000) on VDD
[WARNING PDN-0110] No via inserted between M5 and M6 at (659.3000, 940.4000) - (660.9000, 941.2000) on VDD
[WARNING PDN-0110] No via inserted between M5 and M6 at (662.5000, 22.0000) - (664.1000, 22.8000) on VSS
[WARNING PDN-0110] No via inserted between M5 and M6 at (662.5000, 62.0000) - (664.1000, 62.8000) on VSS
[WARNING PDN-0110] No via inserted between M5 and M6 at (662.5000, 102.0000) - (664.1000, 102.8000) on VSS
[WARNING PDN-0110] No via inserted between M5 and M6 at (662.5000, 142.0000) - (664.1000, 142.8000) on VSS
[WARNING PDN-0110] No via inserted between M5 and M6 at (662.5000, 182.0000) - (664.1000, 182.8000) on VSS
[WARNING PDN-0110] No via inserted between M5 and M6 at (662.5000, 222.0000) - (664.1000, 222.8000) on VSS
[WARNING PDN-0110] No via inserted between M5 and M6 at (662.5000, 262.0000) - (664.1000, 262.8000) on VSS
[WARNING PDN-0110] No via inserted between M5 and M6 at (662.5000, 302.0000) - (664.1000, 302.8000) on VSS
[WARNING PDN-0110] No via inserted between M5 and M6 at (662.5000, 342.0000) - (664.1000, 342.8000) on VSS
[WARNING PDN-0110] No via inserted between M5 and M6 at (662.5000, 382.0000) - (664.1000, 382.8000) on VSS
[WARNING PDN-0110] No via inserted between M5 and M6 at (662.5000, 422.0000) - (664.1000, 422.8000) on VSS
[WARNING PDN-0110] No via inserted between M5 and M6 at (662.5000, 462.0000) - (664.1000, 462.8000) on VSS
[WARNING PDN-0110] No via inserted between M5 and M6 at (662.5000, 502.0000) - (664.1000, 502.8000) on VSS
[WARNING PDN-0110] No via inserted between M5 and M6 at (662.5000, 542.0000) - (664.1000, 542.8000) on VSS
[WARNING PDN-0110] No via inserted between M5 and M6 at (662.5000, 582.0000) - (664.1000, 582.8000) on VSS
[WARNING PDN-0110] No via inserted between M5 and M6 at (662.5000, 622.0000) - (664.1000, 622.8000) on VSS
[WARNING PDN-0110] No via inserted between M5 and M6 at (662.5000, 662.0000) - (664.1000, 662.8000) on VSS
[WARNING PDN-0110] No via inserted between M5 and M6 at (662.5000, 702.0000) - (664.1000, 702.8000) on VSS
[WARNING PDN-0110] No via inserted between M5 and M6 at (662.5000, 742.0000) - (664.1000, 742.8000) on VSS
[WARNING PDN-0110] No via inserted between M5 and M6 at (662.5000, 782.0000) - (664.1000, 782.8000) on VSS
[WARNING PDN-0110] No via inserted between M5 and M6 at (662.5000, 822.0000) - (664.1000, 822.8000) on VSS
[WARNING PDN-0110] No via inserted between M5 and M6 at (662.5000, 862.0000) - (664.1000, 862.8000) on VSS
[WARNING PDN-0110] No via inserted between M5 and M6 at (662.5000, 902.0000) - (664.1000, 902.8000) on VSS
[WARNING PDN-0110] No via inserted between M5 and M6 at (662.5000, 942.0000) - (664.1000, 942.8000) on VSS
[WARNING PDN-0110] No via inserted between M5 and M6 at (699.3000, 20.4000) - (700.9000, 21.2000) on VDD
[WARNING PDN-0110] No via inserted between M5 and M6 at (699.3000, 60.4000) - (700.9000, 61.2000) on VDD
[WARNING PDN-0110] No via inserted between M5 and M6 at (699.3000, 100.4000) - (700.9000, 101.2000) on VDD
[WARNING PDN-0110] No via inserted between M5 and M6 at (699.3000, 140.4000) - (700.9000, 141.2000) on VDD
[WARNING PDN-0110] No via inserted between M5 and M6 at (699.3000, 180.4000) - (700.9000, 181.2000) on VDD
[WARNING PDN-0110] No via inserted between M5 and M6 at (699.3000, 220.4000) - (700.9000, 221.2000) on VDD
[WARNING PDN-0110] No via inserted between M5 and M6 at (699.3000, 260.4000) - (700.9000, 261.2000) on VDD
[WARNING PDN-0110] No via inserted between M5 and M6 at (699.3000, 300.4000) - (700.9000, 301.2000) on VDD
[WARNING PDN-0110] No via inserted between M5 and M6 at (699.3000, 340.4000) - (700.9000, 341.2000) on VDD
[WARNING PDN-0110] No via inserted between M5 and M6 at (699.3000, 380.4000) - (700.9000, 381.2000) on VDD
[WARNING PDN-0110] No via inserted between M5 and M6 at (699.3000, 420.4000) - (700.9000, 421.2000) on VDD
[WARNING PDN-0110] No via inserted between M5 and M6 at (699.3000, 460.4000) - (700.9000, 461.2000) on VDD
[WARNING PDN-0110] No via inserted between M5 and M6 at (699.3000, 500.4000) - (700.9000, 501.2000) on VDD
[WARNING PDN-0110] No via inserted between M5 and M6 at (699.3000, 540.4000) - (700.9000, 541.2000) on VDD
[WARNING PDN-0110] No via inserted between M5 and M6 at (699.3000, 580.4000) - (700.9000, 581.2000) on VDD
[WARNING PDN-0110] No via inserted between M5 and M6 at (699.3000, 620.4000) - (700.9000, 621.2000) on VDD
[WARNING PDN-0110] No via inserted between M5 and M6 at (699.3000, 660.4000) - (700.9000, 661.2000) on VDD
[WARNING PDN-0110] No via inserted between M5 and M6 at (699.3000, 700.4000) - (700.9000, 701.2000) on VDD
[WARNING PDN-0110] No via inserted between M5 and M6 at (699.3000, 740.4000) - (700.9000, 741.2000) on VDD
[WARNING PDN-0110] No via inserted between M5 and M6 at (699.3000, 780.4000) - (700.9000, 781.2000) on VDD
[WARNING PDN-0110] No via inserted between M5 and M6 at (699.3000, 820.4000) - (700.9000, 821.2000) on VDD
[WARNING PDN-0110] No via inserted between M5 and M6 at (699.3000, 860.4000) - (700.9000, 861.2000) on VDD
[WARNING PDN-0110] No via inserted between M5 and M6 at (699.3000, 900.4000) - (700.9000, 901.2000) on VDD
[WARNING PDN-0110] No via inserted between M5 and M6 at (699.3000, 940.4000) - (700.9000, 941.2000) on VDD
[WARNING PDN-0110] No via inserted between M5 and M6 at (702.5000, 22.0000) - (704.1000, 22.8000) on VSS
[WARNING PDN-0110] No via inserted between M5 and M6 at (702.5000, 62.0000) - (704.1000, 62.8000) on VSS
[WARNING PDN-0110] No via inserted between M5 and M6 at (702.5000, 102.0000) - (704.1000, 102.8000) on VSS
[WARNING PDN-0110] No via inserted between M5 and M6 at (702.5000, 142.0000) - (704.1000, 142.8000) on VSS
[WARNING PDN-0110] No via inserted between M5 and M6 at (702.5000, 182.0000) - (704.1000, 182.8000) on VSS
[WARNING PDN-0110] No via inserted between M5 and M6 at (702.5000, 222.0000) - (704.1000, 222.8000) on VSS
[WARNING PDN-0110] No via inserted between M5 and M6 at (702.5000, 262.0000) - (704.1000, 262.8000) on VSS
[WARNING PDN-0110] No via inserted between M5 and M6 at (702.5000, 302.0000) - (704.1000, 302.8000) on VSS
[WARNING PDN-0110] No via inserted between M5 and M6 at (702.5000, 342.0000) - (704.1000, 342.8000) on VSS
[WARNING PDN-0110] No via inserted between M5 and M6 at (702.5000, 382.0000) - (704.1000, 382.8000) on VSS
[WARNING PDN-0110] No via inserted between M5 and M6 at (702.5000, 422.0000) - (704.1000, 422.8000) on VSS
[WARNING PDN-0110] No via inserted between M5 and M6 at (702.5000, 462.0000) - (704.1000, 462.8000) on VSS
[WARNING PDN-0110] No via inserted between M5 and M6 at (702.5000, 502.0000) - (704.1000, 502.8000) on VSS
[WARNING PDN-0110] No via inserted between M5 and M6 at (702.5000, 542.0000) - (704.1000, 542.8000) on VSS
[WARNING PDN-0110] No via inserted between M5 and M6 at (702.5000, 582.0000) - (704.1000, 582.8000) on VSS
[WARNING PDN-0110] No via inserted between M5 and M6 at (702.5000, 622.0000) - (704.1000, 622.8000) on VSS
[WARNING PDN-0110] No via inserted between M5 and M6 at (702.5000, 662.0000) - (704.1000, 662.8000) on VSS
[WARNING PDN-0110] No via inserted between M5 and M6 at (702.5000, 702.0000) - (704.1000, 702.8000) on VSS
[WARNING PDN-0110] No via inserted between M5 and M6 at (702.5000, 742.0000) - (704.1000, 742.8000) on VSS
[WARNING PDN-0110] No via inserted between M5 and M6 at (702.5000, 782.0000) - (704.1000, 782.8000) on VSS
[WARNING PDN-0110] No via inserted between M5 and M6 at (702.5000, 822.0000) - (704.1000, 822.8000) on VSS
[WARNING PDN-0110] No via inserted between M5 and M6 at (702.5000, 862.0000) - (704.1000, 862.8000) on VSS
[WARNING PDN-0110] No via inserted between M5 and M6 at (702.5000, 902.0000) - (704.1000, 902.8000) on VSS
[WARNING PDN-0110] No via inserted between M5 and M6 at (702.5000, 942.0000) - (704.1000, 942.8000) on VSS
[WARNING PDN-0110] No via inserted between M5 and M6 at (739.3000, 20.4000) - (740.9000, 21.2000) on VDD
[WARNING PDN-0110] No via inserted between M5 and M6 at (739.3000, 60.4000) - (740.9000, 61.2000) on VDD
[WARNING PDN-0110] No via inserted between M5 and M6 at (739.3000, 100.4000) - (740.9000, 101.2000) on VDD
[WARNING PDN-0110] No via inserted between M5 and M6 at (739.3000, 140.4000) - (740.9000, 141.2000) on VDD
[WARNING PDN-0110] No via inserted between M5 and M6 at (739.3000, 180.4000) - (740.9000, 181.2000) on VDD
[WARNING PDN-0110] No via inserted between M5 and M6 at (739.3000, 220.4000) - (740.9000, 221.2000) on VDD
[WARNING PDN-0110] No via inserted between M5 and M6 at (739.3000, 260.4000) - (740.9000, 261.2000) on VDD
[WARNING PDN-0110] No via inserted between M5 and M6 at (739.3000, 300.4000) - (740.9000, 301.2000) on VDD
[WARNING PDN-0110] No via inserted between M5 and M6 at (739.3000, 340.4000) - (740.9000, 341.2000) on VDD
[WARNING PDN-0110] No via inserted between M5 and M6 at (739.3000, 380.4000) - (740.9000, 381.2000) on VDD
[WARNING PDN-0110] No via inserted between M5 and M6 at (739.3000, 420.4000) - (740.9000, 421.2000) on VDD
[WARNING PDN-0110] No via inserted between M5 and M6 at (739.3000, 460.4000) - (740.9000, 461.2000) on VDD
[WARNING PDN-0110] No via inserted between M5 and M6 at (739.3000, 500.4000) - (740.9000, 501.2000) on VDD
[WARNING PDN-0110] No via inserted between M5 and M6 at (739.3000, 540.4000) - (740.9000, 541.2000) on VDD
[WARNING PDN-0110] No via inserted between M5 and M6 at (739.3000, 580.4000) - (740.9000, 581.2000) on VDD
[WARNING PDN-0110] No via inserted between M5 and M6 at (739.3000, 620.4000) - (740.9000, 621.2000) on VDD
[WARNING PDN-0110] No via inserted between M5 and M6 at (739.3000, 660.4000) - (740.9000, 661.2000) on VDD
[WARNING PDN-0110] No via inserted between M5 and M6 at (739.3000, 700.4000) - (740.9000, 701.2000) on VDD
[WARNING PDN-0110] No via inserted between M5 and M6 at (739.3000, 740.4000) - (740.9000, 741.2000) on VDD
[WARNING PDN-0110] No via inserted between M5 and M6 at (739.3000, 780.4000) - (740.9000, 781.2000) on VDD
[WARNING PDN-0110] No via inserted between M5 and M6 at (739.3000, 820.4000) - (740.9000, 821.2000) on VDD
[WARNING PDN-0110] No via inserted between M5 and M6 at (739.3000, 860.4000) - (740.9000, 861.2000) on VDD
[WARNING PDN-0110] No via inserted between M5 and M6 at (739.3000, 900.4000) - (740.9000, 901.2000) on VDD
[WARNING PDN-0110] No via inserted between M5 and M6 at (739.3000, 940.4000) - (740.9000, 941.2000) on VDD
[WARNING PDN-0110] No via inserted between M5 and M6 at (742.5000, 22.0000) - (744.1000, 22.8000) on VSS
[WARNING PDN-0110] No via inserted between M5 and M6 at (742.5000, 62.0000) - (744.1000, 62.8000) on VSS
[WARNING PDN-0110] No via inserted between M5 and M6 at (742.5000, 102.0000) - (744.1000, 102.8000) on VSS
[WARNING PDN-0110] No via inserted between M5 and M6 at (742.5000, 142.0000) - (744.1000, 142.8000) on VSS
[WARNING PDN-0110] No via inserted between M5 and M6 at (742.5000, 182.0000) - (744.1000, 182.8000) on VSS
[WARNING PDN-0110] No via inserted between M5 and M6 at (742.5000, 222.0000) - (744.1000, 222.8000) on VSS
[WARNING PDN-0110] No via inserted between M5 and M6 at (742.5000, 262.0000) - (744.1000, 262.8000) on VSS
[WARNING PDN-0110] No via inserted between M5 and M6 at (742.5000, 302.0000) - (744.1000, 302.8000) on VSS
[WARNING PDN-0110] No via inserted between M5 and M6 at (742.5000, 342.0000) - (744.1000, 342.8000) on VSS
[WARNING PDN-0110] No via inserted between M5 and M6 at (742.5000, 382.0000) - (744.1000, 382.8000) on VSS
[WARNING PDN-0110] No via inserted between M5 and M6 at (742.5000, 422.0000) - (744.1000, 422.8000) on VSS
[WARNING PDN-0110] No via inserted between M5 and M6 at (742.5000, 462.0000) - (744.1000, 462.8000) on VSS
[WARNING PDN-0110] No via inserted between M5 and M6 at (742.5000, 502.0000) - (744.1000, 502.8000) on VSS
[WARNING PDN-0110] No via inserted between M5 and M6 at (742.5000, 542.0000) - (744.1000, 542.8000) on VSS
[WARNING PDN-0110] No via inserted between M5 and M6 at (742.5000, 582.0000) - (744.1000, 582.8000) on VSS
[WARNING PDN-0110] No via inserted between M5 and M6 at (742.5000, 622.0000) - (744.1000, 622.8000) on VSS
[WARNING PDN-0110] No via inserted between M5 and M6 at (742.5000, 662.0000) - (744.1000, 662.8000) on VSS
[WARNING PDN-0110] No via inserted between M5 and M6 at (742.5000, 702.0000) - (744.1000, 702.8000) on VSS
[WARNING PDN-0110] No via inserted between M5 and M6 at (742.5000, 742.0000) - (744.1000, 742.8000) on VSS
[WARNING PDN-0110] No via inserted between M5 and M6 at (742.5000, 782.0000) - (744.1000, 782.8000) on VSS
[WARNING PDN-0110] No via inserted between M5 and M6 at (742.5000, 822.0000) - (744.1000, 822.8000) on VSS
[WARNING PDN-0110] No via inserted between M5 and M6 at (742.5000, 862.0000) - (744.1000, 862.8000) on VSS
[WARNING PDN-0110] No via inserted between M5 and M6 at (742.5000, 902.0000) - (744.1000, 902.8000) on VSS
[WARNING PDN-0110] No via inserted between M5 and M6 at (742.5000, 942.0000) - (744.1000, 942.8000) on VSS
[WARNING PDN-0110] No via inserted between M5 and M6 at (779.3000, 20.4000) - (780.9000, 21.2000) on VDD
[WARNING PDN-0110] No via inserted between M5 and M6 at (779.3000, 60.4000) - (780.9000, 61.2000) on VDD
[WARNING PDN-0110] No via inserted between M5 and M6 at (779.3000, 100.4000) - (780.9000, 101.2000) on VDD
[WARNING PDN-0110] No via inserted between M5 and M6 at (779.3000, 140.4000) - (780.9000, 141.2000) on VDD
[WARNING PDN-0110] No via inserted between M5 and M6 at (779.3000, 180.4000) - (780.9000, 181.2000) on VDD
[WARNING PDN-0110] No via inserted between M5 and M6 at (779.3000, 220.4000) - (780.9000, 221.2000) on VDD
[WARNING PDN-0110] No via inserted between M5 and M6 at (779.3000, 260.4000) - (780.9000, 261.2000) on VDD
[WARNING PDN-0110] No via inserted between M5 and M6 at (779.3000, 300.4000) - (780.9000, 301.2000) on VDD
[WARNING PDN-0110] No via inserted between M5 and M6 at (779.3000, 340.4000) - (780.9000, 341.2000) on VDD
[WARNING PDN-0110] No via inserted between M5 and M6 at (779.3000, 380.4000) - (780.9000, 381.2000) on VDD
[WARNING PDN-0110] No via inserted between M5 and M6 at (779.3000, 420.4000) - (780.9000, 421.2000) on VDD
[WARNING PDN-0110] No via inserted between M5 and M6 at (779.3000, 460.4000) - (780.9000, 461.2000) on VDD
[WARNING PDN-0110] No via inserted between M5 and M6 at (779.3000, 500.4000) - (780.9000, 501.2000) on VDD
[WARNING PDN-0110] No via inserted between M5 and M6 at (779.3000, 540.4000) - (780.9000, 541.2000) on VDD
[WARNING PDN-0110] No via inserted between M5 and M6 at (779.3000, 580.4000) - (780.9000, 581.2000) on VDD
[WARNING PDN-0110] No via inserted between M5 and M6 at (779.3000, 620.4000) - (780.9000, 621.2000) on VDD
[WARNING PDN-0110] No via inserted between M5 and M6 at (779.3000, 660.4000) - (780.9000, 661.2000) on VDD
[WARNING PDN-0110] No via inserted between M5 and M6 at (779.3000, 700.4000) - (780.9000, 701.2000) on VDD
[WARNING PDN-0110] No via inserted between M5 and M6 at (779.3000, 740.4000) - (780.9000, 741.2000) on VDD
[WARNING PDN-0110] No via inserted between M5 and M6 at (779.3000, 780.4000) - (780.9000, 781.2000) on VDD
[WARNING PDN-0110] No via inserted between M5 and M6 at (779.3000, 820.4000) - (780.9000, 821.2000) on VDD
[WARNING PDN-0110] No via inserted between M5 and M6 at (779.3000, 860.4000) - (780.9000, 861.2000) on VDD
[WARNING PDN-0110] No via inserted between M5 and M6 at (779.3000, 900.4000) - (780.9000, 901.2000) on VDD
[WARNING PDN-0110] No via inserted between M5 and M6 at (779.3000, 940.4000) - (780.9000, 941.2000) on VDD
[WARNING PDN-0110] No via inserted between M5 and M6 at (782.5000, 22.0000) - (784.1000, 22.8000) on VSS
[WARNING PDN-0110] No via inserted between M5 and M6 at (782.5000, 62.0000) - (784.1000, 62.8000) on VSS
[WARNING PDN-0110] No via inserted between M5 and M6 at (782.5000, 102.0000) - (784.1000, 102.8000) on VSS
[WARNING PDN-0110] No via inserted between M5 and M6 at (782.5000, 142.0000) - (784.1000, 142.8000) on VSS
[WARNING PDN-0110] No via inserted between M5 and M6 at (782.5000, 182.0000) - (784.1000, 182.8000) on VSS
[WARNING PDN-0110] No via inserted between M5 and M6 at (782.5000, 222.0000) - (784.1000, 222.8000) on VSS
[WARNING PDN-0110] No via inserted between M5 and M6 at (782.5000, 262.0000) - (784.1000, 262.8000) on VSS
[WARNING PDN-0110] No via inserted between M5 and M6 at (782.5000, 302.0000) - (784.1000, 302.8000) on VSS
[WARNING PDN-0110] No via inserted between M5 and M6 at (782.5000, 342.0000) - (784.1000, 342.8000) on VSS
[WARNING PDN-0110] No via inserted between M5 and M6 at (782.5000, 382.0000) - (784.1000, 382.8000) on VSS
[WARNING PDN-0110] No via inserted between M5 and M6 at (782.5000, 422.0000) - (784.1000, 422.8000) on VSS
[WARNING PDN-0110] No via inserted between M5 and M6 at (782.5000, 462.0000) - (784.1000, 462.8000) on VSS
[WARNING PDN-0110] No via inserted between M5 and M6 at (782.5000, 502.0000) - (784.1000, 502.8000) on VSS
[WARNING PDN-0110] No via inserted between M5 and M6 at (782.5000, 542.0000) - (784.1000, 542.8000) on VSS
[WARNING PDN-0110] No via inserted between M5 and M6 at (782.5000, 582.0000) - (784.1000, 582.8000) on VSS
[WARNING PDN-0110] No via inserted between M5 and M6 at (782.5000, 622.0000) - (784.1000, 622.8000) on VSS
[WARNING PDN-0110] No via inserted between M5 and M6 at (782.5000, 662.0000) - (784.1000, 662.8000) on VSS
[WARNING PDN-0110] No via inserted between M5 and M6 at (782.5000, 702.0000) - (784.1000, 702.8000) on VSS
[WARNING PDN-0110] No via inserted between M5 and M6 at (782.5000, 742.0000) - (784.1000, 742.8000) on VSS
[WARNING PDN-0110] No via inserted between M5 and M6 at (782.5000, 782.0000) - (784.1000, 782.8000) on VSS
[WARNING PDN-0110] No via inserted between M5 and M6 at (782.5000, 822.0000) - (784.1000, 822.8000) on VSS
[WARNING PDN-0110] No via inserted between M5 and M6 at (782.5000, 862.0000) - (784.1000, 862.8000) on VSS
[WARNING PDN-0110] No via inserted between M5 and M6 at (782.5000, 902.0000) - (784.1000, 902.8000) on VSS
[WARNING PDN-0110] No via inserted between M5 and M6 at (782.5000, 942.0000) - (784.1000, 942.8000) on VSS
[WARNING PDN-0110] No via inserted between M5 and M6 at (819.3000, 20.4000) - (820.9000, 21.2000) on VDD
[WARNING PDN-0110] No via inserted between M5 and M6 at (819.3000, 60.4000) - (820.9000, 61.2000) on VDD
[WARNING PDN-0110] No via inserted between M5 and M6 at (819.3000, 100.4000) - (820.9000, 101.2000) on VDD
[WARNING PDN-0110] No via inserted between M5 and M6 at (819.3000, 140.4000) - (820.9000, 141.2000) on VDD
[WARNING PDN-0110] No via inserted between M5 and M6 at (819.3000, 180.4000) - (820.9000, 181.2000) on VDD
[WARNING PDN-0110] No via inserted between M5 and M6 at (819.3000, 220.4000) - (820.9000, 221.2000) on VDD
[WARNING PDN-0110] No via inserted between M5 and M6 at (819.3000, 260.4000) - (820.9000, 261.2000) on VDD
[WARNING PDN-0110] No via inserted between M5 and M6 at (819.3000, 300.4000) - (820.9000, 301.2000) on VDD
[WARNING PDN-0110] No via inserted between M5 and M6 at (819.3000, 340.4000) - (820.9000, 341.2000) on VDD
[WARNING PDN-0110] No via inserted between M5 and M6 at (819.3000, 380.4000) - (820.9000, 381.2000) on VDD
[WARNING PDN-0110] No via inserted between M5 and M6 at (819.3000, 420.4000) - (820.9000, 421.2000) on VDD
[WARNING PDN-0110] No via inserted between M5 and M6 at (819.3000, 460.4000) - (820.9000, 461.2000) on VDD
[WARNING PDN-0110] No via inserted between M5 and M6 at (819.3000, 500.4000) - (820.9000, 501.2000) on VDD
[WARNING PDN-0110] No via inserted between M5 and M6 at (819.3000, 540.4000) - (820.9000, 541.2000) on VDD
[WARNING PDN-0110] No via inserted between M5 and M6 at (819.3000, 580.4000) - (820.9000, 581.2000) on VDD
[WARNING PDN-0110] No via inserted between M5 and M6 at (819.3000, 620.4000) - (820.9000, 621.2000) on VDD
[WARNING PDN-0110] No via inserted between M5 and M6 at (819.3000, 660.4000) - (820.9000, 661.2000) on VDD
[WARNING PDN-0110] No via inserted between M5 and M6 at (819.3000, 700.4000) - (820.9000, 701.2000) on VDD
[WARNING PDN-0110] No via inserted between M5 and M6 at (819.3000, 740.4000) - (820.9000, 741.2000) on VDD
[WARNING PDN-0110] No via inserted between M5 and M6 at (819.3000, 780.4000) - (820.9000, 781.2000) on VDD
[WARNING PDN-0110] No via inserted between M5 and M6 at (819.3000, 820.4000) - (820.9000, 821.2000) on VDD
[WARNING PDN-0110] No via inserted between M5 and M6 at (819.3000, 860.4000) - (820.9000, 861.2000) on VDD
[WARNING PDN-0110] No via inserted between M5 and M6 at (819.3000, 900.4000) - (820.9000, 901.2000) on VDD
[WARNING PDN-0110] No via inserted between M5 and M6 at (819.3000, 940.4000) - (820.9000, 941.2000) on VDD
[WARNING PDN-0110] No via inserted between M5 and M6 at (822.5000, 22.0000) - (824.1000, 22.8000) on VSS
[WARNING PDN-0110] No via inserted between M5 and M6 at (822.5000, 62.0000) - (824.1000, 62.8000) on VSS
[WARNING PDN-0110] No via inserted between M5 and M6 at (822.5000, 102.0000) - (824.1000, 102.8000) on VSS
[WARNING PDN-0110] No via inserted between M5 and M6 at (822.5000, 142.0000) - (824.1000, 142.8000) on VSS
[WARNING PDN-0110] No via inserted between M5 and M6 at (822.5000, 182.0000) - (824.1000, 182.8000) on VSS
[WARNING PDN-0110] No via inserted between M5 and M6 at (822.5000, 222.0000) - (824.1000, 222.8000) on VSS
[WARNING PDN-0110] No via inserted between M5 and M6 at (822.5000, 262.0000) - (824.1000, 262.8000) on VSS
[WARNING PDN-0110] No via inserted between M5 and M6 at (822.5000, 302.0000) - (824.1000, 302.8000) on VSS
[WARNING PDN-0110] No via inserted between M5 and M6 at (822.5000, 342.0000) - (824.1000, 342.8000) on VSS
[WARNING PDN-0110] No via inserted between M5 and M6 at (822.5000, 382.0000) - (824.1000, 382.8000) on VSS
[WARNING PDN-0110] No via inserted between M5 and M6 at (822.5000, 422.0000) - (824.1000, 422.8000) on VSS
[WARNING PDN-0110] No via inserted between M5 and M6 at (822.5000, 462.0000) - (824.1000, 462.8000) on VSS
[WARNING PDN-0110] No via inserted between M5 and M6 at (822.5000, 502.0000) - (824.1000, 502.8000) on VSS
[WARNING PDN-0110] No via inserted between M5 and M6 at (822.5000, 542.0000) - (824.1000, 542.8000) on VSS
[WARNING PDN-0110] No via inserted between M5 and M6 at (822.5000, 582.0000) - (824.1000, 582.8000) on VSS
[WARNING PDN-0110] No via inserted between M5 and M6 at (822.5000, 622.0000) - (824.1000, 622.8000) on VSS
[WARNING PDN-0110] message limit (1000) reached. This message will no longer print.
[WARNING PDN-0200] Removing floating shape: VDD (19.3000, 20.4000) - (20.9000, 941.2000) on M6
[WARNING PDN-0200] Removing floating shape: VSS (22.5000, 22.0000) - (24.1000, 942.8000) on M6
[WARNING PDN-0200] Removing floating shape: VDD (59.3000, 20.4000) - (60.9000, 941.2000) on M6
[WARNING PDN-0200] Removing floating shape: VSS (62.5000, 22.0000) - (64.1000, 942.8000) on M6
[WARNING PDN-0200] Removing floating shape: VDD (99.3000, 20.4000) - (100.9000, 941.2000) on M6
[WARNING PDN-0200] Removing floating shape: VSS (102.5000, 22.0000) - (104.1000, 942.8000) on M6
[WARNING PDN-0200] Removing floating shape: VDD (139.3000, 20.4000) - (140.9000, 941.2000) on M6
[WARNING PDN-0200] Removing floating shape: VSS (142.5000, 22.0000) - (144.1000, 942.8000) on M6
[WARNING PDN-0200] Removing floating shape: VDD (179.3000, 20.4000) - (180.9000, 941.2000) on M6
[WARNING PDN-0200] Removing floating shape: VSS (182.5000, 22.0000) - (184.1000, 942.8000) on M6
[WARNING PDN-0200] Removing floating shape: VDD (219.3000, 20.4000) - (220.9000, 941.2000) on M6
[WARNING PDN-0200] Removing floating shape: VSS (222.5000, 22.0000) - (224.1000, 942.8000) on M6
[WARNING PDN-0200] Removing floating shape: VDD (259.3000, 20.4000) - (260.9000, 941.2000) on M6
[WARNING PDN-0200] Removing floating shape: VSS (262.5000, 22.0000) - (264.1000, 942.8000) on M6
[WARNING PDN-0200] Removing floating shape: VDD (299.3000, 20.4000) - (300.9000, 941.2000) on M6
[WARNING PDN-0200] Removing floating shape: VSS (302.5000, 22.0000) - (304.1000, 942.8000) on M6
[WARNING PDN-0200] Removing floating shape: VDD (339.3000, 20.4000) - (340.9000, 941.2000) on M6
[WARNING PDN-0200] Removing floating shape: VSS (342.5000, 22.0000) - (344.1000, 942.8000) on M6
[WARNING PDN-0200] Removing floating shape: VDD (379.3000, 20.4000) - (380.9000, 941.2000) on M6
[WARNING PDN-0200] Removing floating shape: VSS (382.5000, 22.0000) - (384.1000, 942.8000) on M6
[WARNING PDN-0200] Removing floating shape: VDD (419.3000, 20.4000) - (420.9000, 941.2000) on M6
[WARNING PDN-0200] Removing floating shape: VSS (422.5000, 22.0000) - (424.1000, 942.8000) on M6
[WARNING PDN-0200] Removing floating shape: VDD (459.3000, 20.4000) - (460.9000, 941.2000) on M6
[WARNING PDN-0200] Removing floating shape: VSS (462.5000, 22.0000) - (464.1000, 942.8000) on M6
[WARNING PDN-0200] Removing floating shape: VDD (499.3000, 20.4000) - (500.9000, 941.2000) on M6
[WARNING PDN-0200] Removing floating shape: VSS (502.5000, 22.0000) - (504.1000, 942.8000) on M6
[WARNING PDN-0200] Removing floating shape: VDD (539.3000, 20.4000) - (540.9000, 941.2000) on M6
[WARNING PDN-0200] Removing floating shape: VSS (542.5000, 22.0000) - (544.1000, 942.8000) on M6
[WARNING PDN-0200] Removing floating shape: VDD (579.3000, 20.4000) - (580.9000, 941.2000) on M6
[WARNING PDN-0200] Removing floating shape: VSS (582.5000, 22.0000) - (584.1000, 942.8000) on M6
[WARNING PDN-0200] Removing floating shape: VDD (619.3000, 20.4000) - (620.9000, 941.2000) on M6
[WARNING PDN-0200] Removing floating shape: VSS (622.5000, 22.0000) - (624.1000, 942.8000) on M6
[WARNING PDN-0200] Removing floating shape: VDD (659.3000, 20.4000) - (660.9000, 941.2000) on M6
[WARNING PDN-0200] Removing floating shape: VSS (662.5000, 22.0000) - (664.1000, 942.8000) on M6
[WARNING PDN-0200] Removing floating shape: VDD (699.3000, 20.4000) - (700.9000, 941.2000) on M6
[WARNING PDN-0200] Removing floating shape: VSS (702.5000, 22.0000) - (704.1000, 942.8000) on M6
[WARNING PDN-0200] Removing floating shape: VDD (739.3000, 20.4000) - (740.9000, 941.2000) on M6
[WARNING PDN-0200] Removing floating shape: VSS (742.5000, 22.0000) - (744.1000, 942.8000) on M6
[WARNING PDN-0200] Removing floating shape: VDD (779.3000, 20.4000) - (780.9000, 941.2000) on M6
[WARNING PDN-0200] Removing floating shape: VSS (782.5000, 22.0000) - (784.1000, 942.8000) on M6
[WARNING PDN-0200] Removing floating shape: VDD (819.3000, 20.4000) - (820.9000, 941.2000) on M6
[WARNING PDN-0200] Removing floating shape: VSS (822.5000, 22.0000) - (824.1000, 942.8000) on M6
[WARNING PDN-0200] Removing floating shape: VDD (859.3000, 20.4000) - (860.9000, 941.2000) on M6
[WARNING PDN-0200] Removing floating shape: VSS (862.5000, 22.0000) - (864.1000, 942.8000) on M6
[WARNING PDN-0200] Removing floating shape: VDD (899.3000, 20.4000) - (900.9000, 941.2000) on M6
[WARNING PDN-0200] Removing floating shape: VSS (902.5000, 22.0000) - (904.1000, 942.8000) on M6
[WARNING PDN-0200] Removing floating shape: VDD (939.3000, 20.4000) - (940.9000, 941.2000) on M6
[WARNING PDN-0200] Removing floating shape: VSS (942.5000, 22.0000) - (944.1000, 942.8000) on M6
Design area 412524 u^2 45% utilization.
PDE_OPENROAD_FLOORPLAN_PDN_PASS
