violation type: Horizontal congestion
	srcs: net:u_impl/load_black_flat[2271] net:u_impl/load_red_flat[1947] net:u_impl/load_red_flat[2518] net:u_impl/load_red_flat[2561] net:u_impl/n11930 net:u_impl/n4381 net:u_impl/n4671 net:u_impl/n7221 net:u_impl/n7222 net:net11127 net:net13907 net:net15375 net:net19180 net:net20449 net:net21156 net:net22893
	comment: capacity:15 usage:16 overflow:1
	bbox = (303.0000, 588.0000) - (306.0000, 591.0000) on Layer -
violation type: Horizontal congestion
	srcs: net:u_impl/load_black_flat[2513] net:u_impl/load_black_flat[2737] net:u_impl/load_red_flat[2460] net:u_impl/load_red_flat[2513] net:net10917 net:net11565 net:net12121 net:net13619 net:net15233 net:net15437 net:net15472 net:net15631 net:net20203 net:net20422 net:net20960 net:net21825
	comment: capacity:15 usage:16 overflow:1
	bbox = (303.0000, 642.0000) - (306.0000, 645.0000) on Layer -
violation type: Horizontal congestion
	srcs: net:u_impl/load_black_flat[2501] net:u_impl/load_black_flat[2512] net:u_impl/load_black_flat[2534] net:net11670 net:net11883 net:net11922 net:net12993 net:net13118 net:net14091 net:net14942 net:net15540 net:net19189 net:net19447 net:net19494 net:net20470 net:net20491
	comment: capacity:15 usage:16 overflow:1
	bbox = (303.0000, 651.0000) - (306.0000, 654.0000) on Layer -
violation type: Horizontal congestion
	srcs: net:u_impl/load_black_flat[2450] net:u_impl/load_black_flat[2898] net:u_impl/load_red_flat[2270] net:u_impl/load_red_flat[2520] net:u_impl/n2265 net:u_impl/n2475 net:u_impl/n342 net:u_impl/n4507 net:u_impl/n6740 net:net11260 net:net12891 net:net13234 net:net13437 net:net13921 net:net14988 net:net19482
	comment: capacity:15 usage:16 overflow:1
	bbox = (303.0000, 663.0000) - (306.0000, 666.0000) on Layer -
violation type: Horizontal congestion
	srcs: net:u_impl/load_black_flat[2486] net:u_impl/load_red_flat[1958] net:u_impl/load_red_flat[2534] net:u_impl/n4810 net:net7984 net:net8568 net:net11708 net:net12367 net:net12777 net:net19217 net:net20497 net:net20502 net:net22417
	comment: capacity:12 usage:13 overflow:1
	bbox = (312.0000, 615.0000) - (315.0000, 618.0000) on Layer -
violation type: Horizontal congestion
	srcs: net:u_impl/load_black_flat[2421] net:u_impl/load_black_flat[2878] net:u_impl/load_red_flat[2265] net:u_impl/n3059 net:u_impl/n825 net:net3614 net:net5555 net:net12857 net:net19212 net:net20096 net:net20279 net:net20415 net:net20438 net:net20566 net:net20807 net:net23386
	comment: capacity:15 usage:16 overflow:1
	bbox = (312.0000, 624.0000) - (315.0000, 627.0000) on Layer -
violation type: Horizontal congestion
	srcs: net:u_impl/load_black_flat[2449] net:u_impl/load_black_flat[2875] net:u_impl/load_red_flat[2436] net:u_impl/n1117 net:u_impl/n2313 net:u_impl/n2329 net:u_impl/n794 net:net9619 net:net9999 net:net11215 net:net13699 net:net14976 net:net15626 net:net19282
	comment: capacity:13 usage:14 overflow:1
	bbox = (312.0000, 636.0000) - (315.0000, 639.0000) on Layer -
violation type: Horizontal congestion
	srcs: net:u_impl/load_black_flat[2501] net:u_impl/load_black_flat[2512] net:u_impl/load_black_flat[2534] net:net11670 net:net11883 net:net12993 net:net13118 net:net14091 net:net15541 net:net16679 net:net16732 net:net19447 net:net19494 net:net20422 net:net20470 net:net20491
	comment: capacity:15 usage:16 overflow:1
	bbox = (312.0000, 651.0000) - (315.0000, 654.0000) on Layer -
violation type: Horizontal congestion
	srcs: net:u_impl/load_black_flat[2450] net:u_impl/load_red_flat[2270] net:u_impl/load_red_flat[2520] net:u_impl/n2265 net:u_impl/n2475 net:u_impl/n4507 net:u_impl/n650 net:net11260 net:net12891 net:net13437 net:net13921 net:net13930 net:net14988 net:net19482 net:net20331 net:net22939
	comment: capacity:15 usage:16 overflow:1
	bbox = (312.0000, 663.0000) - (315.0000, 666.0000) on Layer -
violation type: Horizontal congestion
	srcs: net:u_impl/load_red_flat[1944] net:u_impl/load_red_flat[2519] net:u_impl/n637 net:u_impl/n639 net:net8034 net:net11063 net:net11077 net:net11489 net:net11490 net:net12413 net:net15215 net:net16693 net:net19485 net:net20484 net:net20492 net:net20535
	comment: capacity:15 usage:16 overflow:1
	bbox = (312.0000, 666.0000) - (315.0000, 669.0000) on Layer -
violation type: Horizontal congestion
	srcs: net:u_impl/load_black_flat[2473] net:u_impl/load_black_flat[2521] net:u_impl/load_black_flat[2532] net:u_impl/load_black_flat[2748] net:u_impl/load_red_flat[2530] net:u_impl/n5249 net:net12358 net:net12409 net:net13750 net:net15480 net:net17692 net:net19370 net:net19467 net:net20437 net:net20496 net:net22973
	comment: capacity:15 usage:16 overflow:1
	bbox = (312.0000, 669.0000) - (315.0000, 672.0000) on Layer -
violation type: Horizontal congestion
	srcs: net:u_impl/load_black_flat[2568] net:u_impl/load_red_flat[1783] net:u_impl/load_red_flat[1951] net:u_impl/load_red_flat[2331] net:u_impl/n1456 net:u_impl/u_core/tx[146] net:net4922 net:net11743 net:net12249 net:net13758 net:net13897 net:net15230 net:net16561 net:net18436 net:net19531 net:net20342
	comment: capacity:15 usage:16 overflow:1
	bbox = (315.0000, 531.0000) - (318.0000, 534.0000) on Layer -
violation type: Horizontal congestion
	srcs: net:u_impl/load_black_flat[2562] net:u_impl/load_black_flat[2570] net:u_impl/load_red_flat[2325] net:u_impl/u_core/g_row_16__g_col_0__u_pe/u_r_black/n37 net:net8607 net:net11741 net:net19559 net:net21257 net:net22157 net:clknet_6_7_0_clk
	comment: capacity:9 usage:10 overflow:1
	bbox = (315.0000, 540.0000) - (318.0000, 543.0000) on Layer -
violation type: Horizontal congestion
	srcs: net:u_impl/load_black_flat[1807] net:u_impl/load_black_flat[1965] net:u_impl/load_black_flat[2660] net:u_impl/load_red_flat[2416] net:u_impl/load_red_flat[2442] net:u_impl/n1289 net:u_impl/n6122 net:u_impl/u_core/g_row_16__g_col_0__u_pe/r_black_q[9] net:net9931 net:net12416 net:net19275 net:net19280 net:net19468 net:net19527 net:net19564 net:net23936
	comment: capacity:15 usage:16 overflow:1
	bbox = (315.0000, 549.0000) - (318.0000, 552.0000) on Layer -
violation type: Horizontal congestion
	srcs: net:u_impl/load_black_flat[1948] net:u_impl/load_red_flat[1966] net:u_impl/load_red_flat[2446] net:u_impl/load_red_flat[2461] net:u_impl/load_red_flat[2563] net:net9532 net:net10268 net:net12366 net:net12884 net:net13614 net:net15856 net:net18137 net:net18138 net:net19213 net:net20351 net:net22658
	comment: capacity:15 usage:16 overflow:1
	bbox = (315.0000, 558.0000) - (318.0000, 561.0000) on Layer -
violation type: Horizontal congestion
	srcs: net:u_impl/load_black_flat[2448] net:u_impl/load_red_flat[2528] net:u_impl/n3337 net:u_impl/u_core/g_row_16__g_col_0__u_pe/r_red_q[8] net:net3154 net:net5110 net:net10866 net:net10987 net:net12341 net:net16378 net:net19273 net:net19351 net:net19769 net:net20211 net:net20457 net:net21156
	comment: capacity:15 usage:16 overflow:1
	bbox = (315.0000, 567.0000) - (318.0000, 570.0000) on Layer -
violation type: Horizontal congestion
	srcs: net:u_impl/load_black_flat[1355] net:u_impl/load_black_flat[2455] net:u_impl/load_red_flat[1798] net:u_impl/n2256 net:u_impl/n3380 net:u_impl/u_core/g_row_16__g_col_0__u_pe/r_red_q[9] net:net4322 net:net13030 net:net13807 net:net18596 net:net19246 net:net20041 net:net20540 net:net21890 net:net23936 net:net24024
	comment: capacity:15 usage:16 overflow:1
	bbox = (315.0000, 570.0000) - (318.0000, 573.0000) on Layer -
violation type: Horizontal congestion
	srcs: net:u_impl/load_black_flat[2452] net:u_impl/load_black_flat[2489] net:u_impl/load_red_flat[2450] net:u_impl/load_red_flat[2525] net:u_impl/load_red_flat[2569] net:u_impl/load_red_flat[2570] net:u_impl/u_core/g_row_16__g_col_0__u_pe/u_r_red/n36 net:net4284 net:net10854 net:net14975 net:net19315 net:net20121 net:net20219 net:clknet_11_254__leaf_clk
	comment: capacity:13 usage:14 overflow:1
	bbox = (315.0000, 573.0000) - (318.0000, 576.0000) on Layer -
violation type: Horizontal congestion
	srcs: net:u_impl/load_black_flat[2261] net:u_impl/load_red_flat[2457] net:u_impl/load_red_flat[2565] net:u_impl/u_core/g_row_16__g_col_0__u_pe/r_red_q[5] net:u_impl/u_core/g_row_16__g_col_0__u_pe/r_red_q[6] net:net4369 net:net11040 net:net12015 net:net13984 net:net18081 net:net19403 net:net20494 net:net22178
	comment: capacity:12 usage:13 overflow:1
	bbox = (315.0000, 579.0000) - (318.0000, 582.0000) on Layer -
violation type: Horizontal congestion
	srcs: net:u_impl/load_black_flat[2271] net:u_impl/load_red_flat[1947] net:u_impl/load_red_flat[2518] net:u_impl/load_red_flat[2567] net:u_impl/n2150 net:u_impl/n982 net:net4775 net:net10955 net:net11127 net:net12847 net:net15375 net:net16703 net:net19180 net:net20529 net:net20593 net:net22893
	comment: capacity:15 usage:16 overflow:1
	bbox = (315.0000, 588.0000) - (318.0000, 591.0000) on Layer -
violation type: Horizontal congestion
	srcs: net:u_impl/load_black_flat[1542] net:u_impl/load_black_flat[2259] net:u_impl/load_black_flat[2269] net:u_impl/load_black_flat[2391] net:u_impl/load_black_flat[2427] net:u_impl/load_black_flat[2499] net:u_impl/load_black_flat[2713] net:u_impl/n977 net:net9534 net:net9903 net:net12086 net:net15238 net:net15530 net:net19303 net:net19456 net:net20414
	comment: capacity:15 usage:16 overflow:1
	bbox = (315.0000, 612.0000) - (318.0000, 615.0000) on Layer -
violation type: Horizontal congestion
	srcs: net:u_impl/load_black_flat[2421] net:u_impl/load_red_flat[2265] net:u_impl/n3059 net:u_impl/n4323 net:u_impl/n825 net:net3614 net:net5555 net:net12857 net:net19116 net:net19212 net:net20096 net:net20279 net:net20415 net:net20438 net:net20807 net:net23386
	comment: capacity:15 usage:16 overflow:1
	bbox = (315.0000, 624.0000) - (318.0000, 627.0000) on Layer -
violation type: Horizontal congestion
	srcs: net:u_impl/load_black_flat[2184] net:u_impl/load_black_flat[2268] net:u_impl/load_black_flat[2456] net:u_impl/load_black_flat[2519] net:u_impl/load_red_flat[2259] net:u_impl/load_red_flat[2686] net:u_impl/n3663 net:net1650 net:net11178 net:net11548 net:net13079 net:net13491 net:net13678 net:net14062 net:net15024 net:net20192
	comment: capacity:15 usage:16 overflow:1
	bbox = (315.0000, 630.0000) - (318.0000, 633.0000) on Layer -
violation type: Horizontal congestion
	srcs: net:u_impl/load_black_flat[2501] net:u_impl/load_black_flat[2512] net:u_impl/load_black_flat[2534] net:net9999 net:net10318 net:net11883 net:net12993 net:net14091 net:net15541 net:net16679 net:net16732 net:net19447 net:net19494 net:net20422 net:net20470 net:net20491
	comment: capacity:15 usage:16 overflow:1
	bbox = (315.0000, 651.0000) - (318.0000, 654.0000) on Layer -
violation type: Horizontal congestion
	srcs: net:u_impl/load_black_flat[2898] net:net4584 net:net11088 net:net11259 net:net12173 net:net13234 net:net15293 net:net17928 net:net18113 net:net19558
	comment: capacity:9 usage:10 overflow:1
	bbox = (315.0000, 660.0000) - (318.0000, 663.0000) on Layer -
violation type: Horizontal congestion
	srcs: net:u_impl/load_black_flat[2420] net:u_impl/load_black_flat[2526] net:u_impl/load_red_flat[2495] net:u_impl/n2725 net:u_impl/n5697 net:u_impl/n6732 net:net9552 net:net14057 net:net16131 net:net17449 net:net19436 net:net20500 net:net22625
	comment: capacity:12 usage:13 overflow:1
	bbox = (315.0000, 675.0000) - (318.0000, 678.0000) on Layer -
violation type: Horizontal congestion
	srcs: net:u_impl/load_black_flat[2506] net:u_impl/load_red_flat[2452] net:u_impl/load_red_flat[2539] net:u_impl/n3049 net:net3031 net:net11303 net:net11691 net:net12127 net:net12145 net:net15775 net:net15840 net:net19465 net:net19484 net:net19499 net:net23133 net:clknet_11_607__leaf_clk
	comment: capacity:15 usage:16 overflow:1
	bbox = (315.0000, 681.0000) - (318.0000, 684.0000) on Layer -
violation type: Horizontal congestion
	srcs: net:u_impl/load_black_flat[2461] net:u_impl/load_black_flat[2728] net:u_impl/load_red_flat[1357] net:u_impl/load_red_flat[1820] net:u_impl/load_red_flat[2455] net:u_impl/load_red_flat[2669] net:u_impl/load_red_flat[2710] net:u_impl/u_core/g_row_16__g_col_0__u_pe/r_black_q[6] net:net13689 net:net13758 net:net13907 net:net14403 net:net19564
	comment: capacity:12 usage:13 overflow:1
	bbox = (318.0000, 555.0000) - (321.0000, 558.0000) on Layer -
violation type: Horizontal congestion
	srcs: net:u_impl/load_black_flat[2455] net:u_impl/load_red_flat[1798] net:u_impl/n2256 net:u_impl/n3380 net:u_impl/u_core/g_row_16__g_col_0__u_pe/r_red_q[8] net:net4322 net:net13030 net:net13807 net:net18596 net:net18600 net:net19246 net:net20041 net:net20540 net:net21890 net:net23936 net:net24024
	comment: capacity:15 usage:16 overflow:1
	bbox = (318.0000, 570.0000) - (321.0000, 573.0000) on Layer -
violation type: Horizontal congestion
	srcs: net:u_impl/load_black_flat[1355] net:u_impl/load_black_flat[2261] net:u_impl/n4439 net:u_impl/n5130 net:net12811 net:net14072 net:net15547 net:net17208 net:net18627 net:net19334 net:net19464 net:net20194 net:net20349 net:net20552
	comment: capacity:13 usage:14 overflow:1
	bbox = (318.0000, 576.0000) - (321.0000, 579.0000) on Layer -
violation type: Horizontal congestion
	srcs: net:u_impl/load_red_flat[2457] net:u_impl/load_red_flat[2565] net:u_impl/n7222 net:u_impl/u_core/g_row_16__g_col_0__u_pe/r_red_q[6] net:u_impl/u_core/g_row_16__g_col_0__u_pe/r_red_q[7] net:net4369 net:net11040 net:net12015 net:net13984 net:net18081 net:net19403 net:net20494 net:net22178
	comment: capacity:12 usage:13 overflow:1
	bbox = (318.0000, 579.0000) - (321.0000, 582.0000) on Layer -
violation type: Horizontal congestion
	srcs: net:u_impl/load_black_flat[2269] net:u_impl/n4810 net:u_impl/n4825 net:net7445 net:net7984 net:net8568 net:net11106 net:net11708 net:net12367 net:net12777 net:net15323 net:net19421 net:net20497
	comment: capacity:12 usage:13 overflow:1
	bbox = (318.0000, 615.0000) - (321.0000, 618.0000) on Layer -
violation type: Horizontal congestion
	srcs: net:u_impl/load_red_flat[1791] net:u_impl/load_red_flat[2431] net:u_impl/load_red_flat[2572] net:u_impl/n3663 net:u_impl/n5308 net:net9462 net:net11069 net:net11548 net:net11617 net:net12998 net:net15239 net:net15838 net:net16725 net:net19201 net:net19515 net:net20177
	comment: capacity:15 usage:16 overflow:1
	bbox = (318.0000, 627.0000) - (321.0000, 630.0000) on Layer -
violation type: Horizontal congestion
	srcs: net:u_impl/load_black_flat[2268] net:u_impl/load_red_flat[2264] net:u_impl/load_red_flat[2686] net:u_impl/n3360 net:net10278 net:net11377 net:net16764 net:net19368 net:net20043 net:net20198 net:net20283 net:net20311 net:net20562 net:net21726
	comment: capacity:13 usage:14 overflow:1
	bbox = (318.0000, 633.0000) - (321.0000, 636.0000) on Layer -
violation type: Horizontal congestion
	srcs: net:u_impl/load_black_flat[2533] net:u_impl/load_red_flat[2324] net:u_impl/load_red_flat[2434] net:u_impl/load_red_flat[2601] net:u_impl/n4896 net:net9139 net:net10858 net:net11525 net:net11793 net:net12121 net:net13422 net:net15008 net:net16471 net:net20268 net:net20340 net:net22939
	comment: capacity:15 usage:16 overflow:1
	bbox = (318.0000, 645.0000) - (321.0000, 648.0000) on Layer -
violation type: Horizontal congestion
	srcs: net:u_impl/load_black_flat[2501] net:u_impl/load_black_flat[2512] net:u_impl/load_black_flat[2534] net:u_impl/n1438 net:net9999 net:net11883 net:net12993 net:net14091 net:net14922 net:net15541 net:net16679 net:net16732 net:net19447 net:net19494 net:net20422 net:net20470
	comment: capacity:15 usage:16 overflow:1
	bbox = (318.0000, 651.0000) - (321.0000, 654.0000) on Layer -
violation type: Horizontal congestion
	srcs: net:u_impl/load_black_flat[2261] net:u_impl/load_red_flat[2440] net:u_impl/n1498 net:net4708 net:net8809 net:net10024 net:net12111 net:net13958 net:net14003 net:net14923 net:net16170 net:net16282 net:net17827 net:net19360 net:net20098 net:net20338
	comment: capacity:15 usage:16 overflow:1
	bbox = (321.0000, 522.0000) - (324.0000, 525.0000) on Layer -
violation type: Horizontal congestion
	srcs: net:u_impl/load_red_flat[2719] net:u_impl/n1775 net:u_impl/n2107 net:net4649 net:net9598 net:net11000 net:net11486 net:net13907 net:net14994 net:net15610 net:net17824 net:net19056 net:clknet_11_252__leaf_clk
	comment: capacity:12 usage:13 overflow:1
	bbox = (321.0000, 534.0000) - (324.0000, 537.0000) on Layer -
violation type: Horizontal congestion
	srcs: net:u_impl/load_red_flat[1938] net:u_impl/n6148 net:net7107 net:net9326 net:net9753 net:net10828 net:net11483 net:net11740 net:net13863 net:net14429 net:net15543 net:net19458 net:net20287 net:net20443 net:net20476 net:net23938
	comment: capacity:15 usage:16 overflow:1
	bbox = (321.0000, 543.0000) - (324.0000, 546.0000) on Layer -
violation type: Horizontal congestion
	srcs: net:u_impl/load_black_flat[2561] net:u_impl/load_black_flat[2567] net:u_impl/load_black_flat[2660] net:u_impl/load_red_flat[2330] net:u_impl/load_red_flat[2528] net:u_impl/load_red_flat[2706] net:u_impl/u_core/g_row_16__g_col_0__u_pe/r_black_q[7] net:net3065 net:net8713 net:net10106 net:net11984 net:net12013 net:net19093 net:net19318 net:net20539 net:net22009
	comment: capacity:15 usage:16 overflow:1
	bbox = (321.0000, 546.0000) - (324.0000, 549.0000) on Layer -
violation type: Horizontal congestion
	srcs: net:u_impl/load_black_flat[2569] net:u_impl/load_red_flat[2335] net:u_impl/u_core/g_row_16__g_col_0__u_pe/r_black_q[5] net:u_impl/u_core/g_row_16__g_col_0__u_pe/r_black_q[6] net:net4285 net:net5111 net:net9264 net:net11331 net:net11693 net:net15455 net:net17235 net:net18618 net:net19305 net:net19350 net:net19358 net:clknet_9_63_0_clk
	comment: capacity:15 usage:16 overflow:1
	bbox = (321.0000, 552.0000) - (324.0000, 555.0000) on Layer -
violation type: Horizontal congestion
	srcs: net:u_impl/load_black_flat[2448] net:u_impl/n3337 net:u_impl/n4436 net:net1495 net:net3154 net:net9532 net:net10987 net:net11040 net:net12341 net:net15116 net:net16378 net:net19273 net:net19769 net:net20211 net:net20457 net:net21156
	comment: capacity:15 usage:16 overflow:1
	bbox = (321.0000, 567.0000) - (324.0000, 570.0000) on Layer -
violation type: Horizontal congestion
	srcs: net:u_impl/load_black_flat[2455] net:u_impl/load_black_flat[2563] net:u_impl/load_red_flat[1798] net:u_impl/load_red_flat[2310] net:u_impl/load_red_flat[2530] net:u_impl/n2256 net:u_impl/n3380 net:net4322 net:net13030 net:net13807 net:net18596 net:net19246 net:net20041 net:net20540 net:net21257 net:net21890
	comment: capacity:15 usage:16 overflow:1
	bbox = (321.0000, 570.0000) - (324.0000, 573.0000) on Layer -
violation type: Horizontal congestion
	srcs: net:u_impl/load_black_flat[2452] net:u_impl/load_black_flat[2489] net:u_impl/load_red_flat[2450] net:u_impl/load_red_flat[2525] net:u_impl/load_red_flat[2569] net:u_impl/load_red_flat[2570] net:u_impl/n4439 net:net9747 net:net10854 net:net14975 net:net16692 net:net19315 net:net20121 net:net20219
	comment: capacity:13 usage:14 overflow:1
	bbox = (321.0000, 573.0000) - (324.0000, 576.0000) on Layer -
violation type: Horizontal congestion
	srcs: net:u_impl/load_black_flat[1811] net:u_impl/load_red_flat[1813] net:u_impl/load_red_flat[2566] net:u_impl/u_core/g_row_16__g_col_0__u_pe/u_r_red/n33 net:net5267 net:net15303 net:net19474 net:net19497 net:net19512 net:net20234 net:net20593 net:net23316 net:net23935
	comment: capacity:12 usage:13 overflow:1
	bbox = (321.0000, 582.0000) - (324.0000, 585.0000) on Layer -
violation type: Horizontal congestion
	srcs: net:u_impl/load_red_flat[2471] net:u_impl/load_red_flat[2615] net:u_impl/load_red_flat[2668] net:net11294 net:net13125 net:net14080 net:net15846 net:net16790 net:net19430 net:net19520 net:net20336 net:net20362 net:net20517 net:net22747 net:net22974 net:net23366
	comment: capacity:15 usage:16 overflow:1
	bbox = (321.0000, 591.0000) - (324.0000, 594.0000) on Layer -
violation type: Horizontal congestion
	srcs: net:u_impl/load_black_flat[1963] net:u_impl/load_black_flat[2270] net:u_impl/load_black_flat[2391] net:u_impl/load_red_flat[2182] net:u_impl/n2707 net:u_impl/n2804 net:u_impl/n3674 net:net10172 net:net11385 net:net12405 net:net13752 net:net19489 net:net19766 net:net20280 net:net20424 net:net20495
	comment: capacity:15 usage:16 overflow:1
	bbox = (321.0000, 603.0000) - (324.0000, 606.0000) on Layer -
violation type: Horizontal congestion
	srcs: net:u_impl/load_black_flat[2269] net:u_impl/n4810 net:u_impl/n4825 net:net7445 net:net7984 net:net8568 net:net11106 net:net11708 net:net12367 net:net12777 net:net15323 net:net19421 net:net20279
	comment: capacity:12 usage:13 overflow:1
	bbox = (321.0000, 615.0000) - (324.0000, 618.0000) on Layer -
violation type: Horizontal congestion
	srcs: net:u_impl/load_black_flat[2422] net:u_impl/load_black_flat[2870] net:u_impl/load_red_flat[2256] net:u_impl/n3972 net:u_impl/n3973 net:u_impl/n4389 net:u_impl/n4812 net:net4803 net:net8816 net:net11027 net:net11548 net:net13689
	comment: capacity:11 usage:12 overflow:1
	bbox = (321.0000, 621.0000) - (324.0000, 624.0000) on Layer -
violation type: Horizontal congestion
	srcs: net:u_impl/load_black_flat[2421] net:u_impl/load_red_flat[2265] net:u_impl/n3059 net:u_impl/n4314 net:net3614 net:net5555 net:net8801 net:net19212 net:net19411 net:net20094 net:net20096 net:net20268 net:net20415 net:net20438 net:net20807 net:net23386
	comment: capacity:15 usage:16 overflow:1
	bbox = (321.0000, 624.0000) - (324.0000, 627.0000) on Layer -
violation type: Horizontal congestion
	srcs: net:u_impl/load_black_flat[1927] net:u_impl/load_red_flat[1791] net:u_impl/load_red_flat[2431] net:u_impl/n3663 net:u_impl/n5308 net:u_impl/n825 net:net11069 net:net11617 net:net12998 net:net15024 net:net15838 net:net16725 net:net19201 net:net19515 net:net20177 net:net20283
	comment: capacity:15 usage:16 overflow:1
	bbox = (321.0000, 627.0000) - (324.0000, 630.0000) on Layer -
violation type: Horizontal congestion
	srcs: net:u_impl/load_black_flat[2184] net:u_impl/load_black_flat[2519] net:u_impl/load_red_flat[2259] net:u_impl/load_red_flat[2572] net:u_impl/n4333 net:net1650 net:net7524 net:net11178 net:net13079 net:net13491 net:net13678 net:net13886 net:net14062 net:net15239 net:net15796 net:net20192
	comment: capacity:15 usage:16 overflow:1
	bbox = (321.0000, 630.0000) - (324.0000, 633.0000) on Layer -
violation type: Horizontal congestion
	srcs: net:u_impl/load_red_flat[1956] net:u_impl/load_red_flat[2436] net:u_impl/n1117 net:u_impl/n794 net:net7843 net:net9619 net:net11215 net:net13627 net:net13699 net:net13703 net:net14976 net:net15424 net:net15626 net:net19282
	comment: capacity:13 usage:14 overflow:1
	bbox = (321.0000, 636.0000) - (324.0000, 639.0000) on Layer -
violation type: Horizontal congestion
	srcs: net:u_impl/load_red_flat[2260] net:u_impl/load_red_flat[2740] net:u_impl/n1135 net:u_impl/n1944 net:u_impl/n2313 net:u_impl/n488 net:net6112 net:net6714 net:net11798 net:net12021 net:net13619 net:net14926 net:net15631 net:net19166 net:net20482 net:net22347
	comment: capacity:15 usage:16 overflow:1
	bbox = (321.0000, 639.0000) - (324.0000, 642.0000) on Layer -
violation type: Horizontal congestion
	srcs: net:u_impl/load_black_flat[2449] net:u_impl/load_black_flat[2513] net:u_impl/load_red_flat[2460] net:u_impl/load_red_flat[2513] net:u_impl/n1090 net:u_impl/n3360 net:u_impl/n4317 net:net10917 net:net11113 net:net11564 net:net15438 net:net15472 net:net18616 net:net20203 net:net21825 net:net22940
	comment: capacity:15 usage:16 overflow:1
	bbox = (321.0000, 642.0000) - (324.0000, 645.0000) on Layer -
violation type: Horizontal congestion
	srcs: net:u_impl/load_black_flat[2533] net:u_impl/load_red_flat[2324] net:u_impl/load_red_flat[2434] net:u_impl/load_red_flat[2601] net:u_impl/n1133 net:u_impl/n4896 net:net9139 net:net10858 net:net11525 net:net11793 net:net12121 net:net13422 net:net15008 net:net16471 net:net20340 net:net22939
	comment: capacity:15 usage:16 overflow:1
	bbox = (321.0000, 645.0000) - (324.0000, 648.0000) on Layer -
violation type: Horizontal congestion
	srcs: net:u_impl/load_black_flat[1780] net:u_impl/load_black_flat[2437] net:u_impl/load_black_flat[2710] net:u_impl/n1455 net:u_impl/n272 net:u_impl/n4629 net:net11569 net:net11921 net:net12791 net:net13117 net:net13137 net:net14014 net:net19491 net:net19495 net:net20356 net:net22518
	comment: capacity:15 usage:16 overflow:1
	bbox = (321.0000, 648.0000) - (324.0000, 651.0000) on Layer -
violation type: Horizontal congestion
	srcs: net:u_impl/load_black_flat[2501] net:u_impl/load_black_flat[2512] net:u_impl/load_black_flat[2534] net:net11883 net:net12993 net:net13984 net:net14091 net:net14922 net:net15541 net:net15608 net:net16679 net:net16732 net:net19447 net:net19494 net:net20422 net:net20470
	comment: capacity:15 usage:16 overflow:1
	bbox = (321.0000, 651.0000) - (324.0000, 654.0000) on Layer -
violation type: Horizontal congestion
	srcs: net:u_impl/load_black_flat[2527] net:u_impl/load_red_flat[2623] net:u_impl/n2274 net:u_impl/n5230 net:u_impl/n6214 net:net3091 net:net9237 net:net12709 net:net12959 net:net13443 net:net15550 net:net15793 net:net15857 net:net16741 net:net19338 net:net22625
	comment: capacity:15 usage:16 overflow:1
	bbox = (321.0000, 672.0000) - (324.0000, 675.0000) on Layer -
violation type: Horizontal congestion
	srcs: net:u_impl/black_valid_q[153] net:u_impl/load_black_flat[2506] net:u_impl/load_black_flat[2528] net:u_impl/load_red_flat[2602] net:u_impl/n3999 net:net10717 net:net11034 net:net11254 net:net11801 net:net14744 net:net14945 net:net16791 net:net19472 net:net20409 net:net20499 net:net20578
	comment: capacity:15 usage:16 overflow:1
	bbox = (321.0000, 678.0000) - (324.0000, 681.0000) on Layer -
violation type: Horizontal congestion
	srcs: net:u_impl/load_black_flat[2261] net:u_impl/load_red_flat[2440] net:u_impl/n1498 net:u_impl/n6759 net:net8809 net:net10024 net:net12111 net:net13958 net:net14003 net:net14923 net:net16171 net:net16282 net:net17827 net:net19360 net:net20098 net:net20338
	comment: capacity:15 usage:16 overflow:1
	bbox = (324.0000, 522.0000) - (327.0000, 525.0000) on Layer -
violation type: Horizontal congestion
	srcs: net:u_impl/load_red_flat[2656] net:u_impl/n3032 net:net9291 net:net9906 net:net12256 net:net12359 net:net12733 net:net13907 net:net13914 net:net18440 net:net20155 net:net20180 net:net20302 net:net20444 net:net20451 net:net20469
	comment: capacity:15 usage:16 overflow:1
	bbox = (324.0000, 528.0000) - (327.0000, 531.0000) on Layer -
violation type: Horizontal congestion
	srcs: net:u_impl/load_black_flat[2730] net:u_impl/load_red_flat[1783] net:u_impl/load_red_flat[1949] net:u_impl/load_red_flat[2331] net:u_impl/n1456 net:u_impl/u_core/tx[146] net:net11743 net:net12249 net:net13993 net:net15230 net:net16561 net:net18065 net:net19531 net:net19757 net:net20342 net:clknet_9_63_0_clk
	comment: capacity:15 usage:16 overflow:1
	bbox = (324.0000, 531.0000) - (327.0000, 534.0000) on Layer -
violation type: Horizontal congestion
	srcs: net:u_impl/load_red_flat[1938] net:u_impl/load_red_flat[2528] net:u_impl/n308 net:u_impl/n6148 net:net7107 net:net9753 net:net11483 net:net11740 net:net13863 net:net14429 net:net15543 net:net19458 net:net20287 net:net20443 net:net20476 net:net23938
	comment: capacity:15 usage:16 overflow:1
	bbox = (324.0000, 543.0000) - (327.0000, 546.0000) on Layer -
violation type: Horizontal congestion
	srcs: net:u_impl/load_black_flat[2561] net:u_impl/load_black_flat[2567] net:u_impl/load_red_flat[2330] net:u_impl/load_red_flat[2706] net:u_impl/u_core/g_row_16__g_col_0__u_pe/r_black_q[7] net:net3065 net:net3668 net:net8713 net:net10106 net:net10956 net:net11984 net:net12013 net:net19093 net:net19318 net:net22009 net:clknet_11_252__leaf_clk
	comment: capacity:15 usage:16 overflow:1
	bbox = (324.0000, 546.0000) - (327.0000, 549.0000) on Layer -
violation type: Horizontal congestion
	srcs: net:u_impl/load_black_flat[2461] net:u_impl/load_black_flat[2728] net:u_impl/load_red_flat[1357] net:u_impl/load_red_flat[1820] net:u_impl/load_red_flat[2455] net:u_impl/load_red_flat[2669] net:u_impl/load_red_flat[2710] net:net13689 net:net13759 net:net18035 net:net18667 net:net19564 net:clknet_9_63_0_clk
	comment: capacity:12 usage:13 overflow:1
	bbox = (324.0000, 555.0000) - (327.0000, 558.0000) on Layer -
violation type: Horizontal congestion
	srcs: net:u_impl/load_black_flat[2448] net:u_impl/load_red_flat[2530] net:u_impl/n3337 net:u_impl/n4436 net:net1495 net:net3154 net:net9532 net:net10987 net:net11040 net:net12341 net:net13807 net:net16378 net:net19273 net:net20211 net:net20457 net:net21156
	comment: capacity:15 usage:16 overflow:1
	bbox = (324.0000, 567.0000) - (327.0000, 570.0000) on Layer -
violation type: Horizontal congestion
	srcs: net:u_impl/load_black_flat[1957] net:u_impl/load_black_flat[2455] net:u_impl/load_black_flat[2564] net:u_impl/load_red_flat[1798] net:u_impl/n2256 net:u_impl/n3380 net:u_impl/n6726 net:net4322 net:net13030 net:net14402 net:net18596 net:net19246 net:net20041 net:net20540 net:net21257 net:net21890
	comment: capacity:15 usage:16 overflow:1
	bbox = (324.0000, 570.0000) - (327.0000, 573.0000) on Layer -
violation type: Horizontal congestion
	srcs: net:u_impl/load_black_flat[2489] net:u_impl/load_red_flat[2450] net:u_impl/load_red_flat[2525] net:u_impl/load_red_flat[2569] net:u_impl/load_red_flat[2570] net:u_impl/n4439 net:net10854 net:net14975 net:net15329 net:net16692 net:net19315 net:net20121 net:net20219 net:net22178
	comment: capacity:13 usage:14 overflow:1
	bbox = (324.0000, 573.0000) - (327.0000, 576.0000) on Layer -
violation type: Horizontal congestion
	srcs: net:u_impl/load_black_flat[2447] net:u_impl/load_red_flat[2310] net:u_impl/load_red_flat[2457] net:u_impl/load_red_flat[2565] net:u_impl/n7222 net:u_impl/u_core/g_row_16__g_col_0__u_pe/r_red_q[6] net:net4369 net:net10985 net:net12015 net:net18081 net:net19403 net:net20494 net:net23935
	comment: capacity:12 usage:13 overflow:1
	bbox = (324.0000, 579.0000) - (327.0000, 582.0000) on Layer -
violation type: Horizontal congestion
	srcs: net:u_impl/load_black_flat[1811] net:u_impl/load_red_flat[1813] net:u_impl/load_red_flat[2566] net:net5267 net:net15116 net:net15303 net:net19474 net:net19497 net:net19512 net:net20234 net:net20593 net:net23316 net:net23939
	comment: capacity:12 usage:13 overflow:1
	bbox = (324.0000, 582.0000) - (327.0000, 585.0000) on Layer -
violation type: Horizontal congestion
	srcs: net:u_impl/load_black_flat[2271] net:u_impl/load_red_flat[1947] net:u_impl/n982 net:net7570 net:net9622 net:net10482 net:net10955 net:net11127 net:net12847 net:net13126 net:net15375 net:net18627 net:net19116 net:net19180 net:net19674 net:net20552
	comment: capacity:15 usage:16 overflow:1
	bbox = (324.0000, 588.0000) - (327.0000, 591.0000) on Layer -
violation type: Horizontal congestion
	srcs: net:u_impl/load_red_flat[2471] net:u_impl/load_red_flat[2615] net:u_impl/load_red_flat[2668] net:u_impl/n2712 net:u_impl/n2715 net:net11294 net:net12705 net:net14080 net:net16790 net:net19430 net:net19520 net:net20336 net:net20362 net:net20517 net:net22974 net:net23366
	comment: capacity:15 usage:16 overflow:1
	bbox = (324.0000, 591.0000) - (327.0000, 594.0000) on Layer -
violation type: Horizontal congestion
	srcs: net:u_impl/load_black_flat[2451] net:u_impl/load_red_flat[1795] net:u_impl/n3322 net:u_impl/n629 net:u_impl/n6726 net:u_impl/n6727 net:net15856 net:net16658 net:net16704 net:net19243 net:net19290 net:net21403 net:net22747
	comment: capacity:12 usage:13 overflow:1
	bbox = (324.0000, 594.0000) - (327.0000, 597.0000) on Layer -
violation type: Horizontal congestion
	srcs: net:u_impl/load_black_flat[2256] net:u_impl/load_red_flat[2423] net:u_impl/load_red_flat[2567] net:u_impl/n6247 net:net11293 net:net11841 net:net12941 net:net13655 net:net15500 net:net15765 net:net16562 net:net18706 net:net19108 net:net20279 net:net20313 net:net22368
	comment: capacity:15 usage:16 overflow:1
	bbox = (324.0000, 600.0000) - (327.0000, 603.0000) on Layer -
violation type: Horizontal congestion
	srcs: net:u_impl/load_black_flat[1963] net:u_impl/load_black_flat[2267] net:u_impl/load_black_flat[2270] net:u_impl/load_black_flat[2391] net:u_impl/load_red_flat[2182] net:u_impl/n2707 net:u_impl/n2804 net:u_impl/n3674 net:net10172 net:net11385 net:net13443 net:net13752 net:net19489 net:net20280 net:net20424 net:net20495
	comment: capacity:15 usage:16 overflow:1
	bbox = (324.0000, 603.0000) - (327.0000, 606.0000) on Layer -
violation type: Horizontal congestion
	srcs: net:u_impl/load_black_flat[2269] net:u_impl/n3988 net:u_impl/n4810 net:u_impl/n4825 net:net7445 net:net7984 net:net8568 net:net11708 net:net12367 net:net12777 net:net15323 net:net19421 net:net19688
	comment: capacity:12 usage:13 overflow:1
	bbox = (324.0000, 615.0000) - (327.0000, 618.0000) on Layer -
violation type: Horizontal congestion
	srcs: net:u_impl/load_black_flat[2421] net:u_impl/load_red_flat[2265] net:u_impl/n3059 net:net3614 net:net5555 net:net8801 net:net11102 net:net15404 net:net16654 net:net19212 net:net19411 net:net20094 net:net20096 net:net20438 net:net20807 net:net23386
	comment: capacity:15 usage:16 overflow:1
	bbox = (324.0000, 624.0000) - (327.0000, 627.0000) on Layer -
violation type: Horizontal congestion
	srcs: net:u_impl/load_black_flat[1927] net:u_impl/load_red_flat[1791] net:u_impl/load_red_flat[2431] net:u_impl/n3663 net:u_impl/n5308 net:net10193 net:net11069 net:net11617 net:net12998 net:net15838 net:net16725 net:net19166 net:net19201 net:net19515 net:net20177 net:net20311
	comment: capacity:15 usage:16 overflow:1
	bbox = (324.0000, 627.0000) - (327.0000, 630.0000) on Layer -
violation type: Horizontal congestion
	srcs: net:u_impl/load_red_flat[1956] net:u_impl/load_red_flat[2436] net:u_impl/n1116 net:u_impl/n1119 net:u_impl/n1179 net:u_impl/n794 net:net7843 net:net9619 net:net11214 net:net13627 net:net13703 net:net15424 net:net15626 net:net19282
	comment: capacity:13 usage:14 overflow:1
	bbox = (324.0000, 636.0000) - (327.0000, 639.0000) on Layer -
violation type: Horizontal congestion
	srcs: net:u_impl/load_black_flat[2710] net:u_impl/load_red_flat[2260] net:u_impl/load_red_flat[2740] net:u_impl/n1134 net:u_impl/n1944 net:u_impl/n2313 net:u_impl/n488 net:net6112 net:net6714 net:net11798 net:net12021 net:net12710 net:net13619 net:net14926 net:net14976 net:net22347
	comment: capacity:15 usage:16 overflow:1
	bbox = (324.0000, 639.0000) - (327.0000, 642.0000) on Layer -
violation type: Horizontal congestion
	srcs: net:u_impl/load_black_flat[2449] net:u_impl/load_black_flat[2513] net:u_impl/load_red_flat[2460] net:u_impl/load_red_flat[2513] net:u_impl/n1090 net:u_impl/n3360 net:u_impl/n4317 net:u_impl/n4789 net:u_impl/n4798 net:net11113 net:net15438 net:net15472 net:net18616 net:net20203 net:net21825 net:net22940
	comment: capacity:15 usage:16 overflow:1
	bbox = (324.0000, 642.0000) - (327.0000, 645.0000) on Layer -
violation type: Horizontal congestion
	srcs: net:u_impl/load_black_flat[2437] net:u_impl/load_black_flat[2533] net:u_impl/load_red_flat[2324] net:u_impl/load_red_flat[2434] net:u_impl/load_red_flat[2601] net:u_impl/n4896 net:net9461 net:net10858 net:net11525 net:net11793 net:net12121 net:net13422 net:net15008 net:net16471 net:net20340 net:net22939
	comment: capacity:15 usage:16 overflow:1
	bbox = (324.0000, 645.0000) - (327.0000, 648.0000) on Layer -
violation type: Horizontal congestion
	srcs: net:u_impl/load_black_flat[1780] net:u_impl/n4629 net:net9139 net:net11568 net:net11921 net:net12791 net:net13117 net:net13137 net:net13984 net:net14014 net:net16732 net:net19491 net:net19495 net:net20195 net:net20356 net:net22518
	comment: capacity:15 usage:16 overflow:1
	bbox = (324.0000, 648.0000) - (327.0000, 651.0000) on Layer -
violation type: Horizontal congestion
	srcs: net:u_impl/load_black_flat[1352] net:u_impl/load_black_flat[2436] net:u_impl/load_black_flat[2530] net:u_impl/load_black_flat[2531] net:u_impl/n4840 net:u_impl/n626 net:u_impl/n650 net:net9881 net:net11913 net:net14942 net:net16679 net:net19354 net:net19675
	comment: capacity:12 usage:13 overflow:1
	bbox = (324.0000, 654.0000) - (327.0000, 657.0000) on Layer -
violation type: Horizontal congestion
	srcs: net:u_impl/n5879 net:net4607 net:net11088 net:net12249 net:net13234 net:net15293 net:net17928 net:net18113 net:net19558 net:clknet_11_768__leaf_clk
	comment: capacity:9 usage:10 overflow:1
	bbox = (324.0000, 660.0000) - (327.0000, 663.0000) on Layer -
violation type: Horizontal congestion
	srcs: net:u_impl/load_black_flat[2237] net:u_impl/load_black_flat[2898] net:u_impl/load_red_flat[2519] net:u_impl/n2426 net:net8034 net:net8175 net:net11063 net:net11489 net:net11490 net:net12413 net:net14084 net:net14988 net:net15215 net:net15655 net:net19485 net:net20484
	comment: capacity:15 usage:16 overflow:1
	bbox = (324.0000, 666.0000) - (327.0000, 669.0000) on Layer -
violation type: Horizontal congestion
	srcs: net:u_impl/load_black_flat[2429] net:u_impl/load_black_flat[2494] net:u_impl/load_red_flat[2491] net:u_impl/load_red_flat[2523] net:u_impl/load_red_flat[2542] net:u_impl/load_red_flat[2737] net:u_impl/n5576 net:net5526 net:net9168 net:net10968 net:net15328 net:net16693 net:net18607 net:net19058 net:net19455 net:net19623
	comment: capacity:15 usage:16 overflow:1
	bbox = (324.0000, 684.0000) - (327.0000, 687.0000) on Layer -
violation type: Horizontal congestion
	srcs: net:u_impl/black_valid_q[152] net:u_impl/load_black_flat[1922] net:u_impl/load_black_flat[1926] net:u_impl/load_black_flat[1954] net:u_impl/load_black_flat[2498] net:u_impl/load_black_flat[2548] net:u_impl/load_black_flat[2690] net:u_impl/load_red_flat[2438] net:u_impl/load_red_flat[2500] net:u_impl/load_red_flat[2643] net:net3075 net:net9878 net:net15781 net:net19609 net:net20269 net:net24367
	comment: capacity:15 usage:16 overflow:1
	bbox = (324.0000, 687.0000) - (327.0000, 690.0000) on Layer -
violation type: Horizontal congestion
	srcs: net:u_impl/load_black_flat[2482] net:u_impl/load_black_flat[2542] net:u_impl/load_black_flat[2601] net:u_impl/load_red_flat[2537] net:u_impl/n5830 net:net4607 net:net8096 net:net11360 net:net11767 net:net12940 net:net12979 net:net13990 net:net19551 net:net20370 net:net20455 net:net21727
	comment: capacity:15 usage:16 overflow:1
	bbox = (324.0000, 690.0000) - (327.0000, 693.0000) on Layer -
violation type: Horizontal congestion
	srcs: net:u_impl/black_valid_q[154] net:u_impl/load_red_flat[2531] net:u_impl/load_red_flat[2535] net:u_impl/load_red_flat[2543] net:u_impl/n3667 net:net8640 net:net10974 net:net11657 net:net12732 net:net13496 net:net17992 net:net18617 net:net19620
	comment: capacity:12 usage:13 overflow:1
	bbox = (324.0000, 699.0000) - (327.0000, 702.0000) on Layer -
violation type: Horizontal congestion
	srcs: net:u_impl/load_red_flat[2323] net:u_impl/n1925 net:u_impl/n6759 net:net8736 net:net10996 net:net12672 net:net13096 net:net14079 net:net16227 net:net16339 net:net17846 net:net19165 net:net19285 net:net19443 net:net20417 net:net20507
	comment: capacity:15 usage:16 overflow:1
	bbox = (327.0000, 519.0000) - (330.0000, 522.0000) on Layer -
violation type: Horizontal congestion
	srcs: net:u_impl/load_black_flat[2570] net:u_impl/load_black_flat[2730] net:u_impl/load_red_flat[1783] net:u_impl/load_red_flat[1949] net:u_impl/load_red_flat[2331] net:u_impl/n1456 net:u_impl/n2104 net:u_impl/u_core/tx[146] net:net11743 net:net13993 net:net15230 net:net16561 net:net19531 net:net19757 net:net20342 net:net20451
	comment: capacity:15 usage:16 overflow:1
	bbox = (327.0000, 531.0000) - (330.0000, 534.0000) on Layer -
violation type: Horizontal congestion
	srcs: net:u_impl/load_black_flat[2489] net:u_impl/load_red_flat[2450] net:u_impl/load_red_flat[2525] net:u_impl/load_red_flat[2569] net:u_impl/load_red_flat[2570] net:u_impl/n4439 net:net4775 net:net10854 net:net15329 net:net16692 net:net19315 net:net20121 net:net20219 net:net22178
	comment: capacity:13 usage:14 overflow:1
	bbox = (327.0000, 573.0000) - (330.0000, 576.0000) on Layer -
violation type: Horizontal congestion
	srcs: net:u_impl/load_black_flat[2422] net:u_impl/load_black_flat[2870] net:u_impl/load_red_flat[2256] net:u_impl/n4389 net:u_impl/n4812 net:net4803 net:net8816 net:net10292 net:net11027 net:net13689 net:net20094 net:clknet_1_0_1_clk
	comment: capacity:11 usage:12 overflow:1
	bbox = (327.0000, 621.0000) - (330.0000, 624.0000) on Layer -
violation type: Horizontal congestion
	srcs: net:u_impl/load_black_flat[2437] net:u_impl/load_black_flat[2530] net:u_impl/load_red_flat[1958] net:u_impl/load_red_flat[2324] net:u_impl/load_red_flat[2434] net:u_impl/load_red_flat[2601] net:u_impl/n4896 net:net9461 net:net10858 net:net11525 net:net11793 net:net12121 net:net15008 net:net16471 net:net19411 net:net22939
	comment: capacity:15 usage:16 overflow:1
	bbox = (327.0000, 645.0000) - (330.0000, 648.0000) on Layer -
violation type: Horizontal congestion
	srcs: net:u_impl/load_black_flat[2501] net:u_impl/load_black_flat[2512] net:u_impl/load_black_flat[2534] net:u_impl/n1455 net:u_impl/n272 net:net9525 net:net11883 net:net11921 net:net12993 net:net14091 net:net14922 net:net15541 net:net15608 net:net19447 net:net19494 net:net20470
	comment: capacity:15 usage:16 overflow:1
	bbox = (327.0000, 651.0000) - (330.0000, 654.0000) on Layer -
violation type: Horizontal congestion
	srcs: net:u_impl/load_black_flat[2473] net:u_impl/load_black_flat[2521] net:u_impl/n257 net:u_impl/n3774 net:u_impl/n6175 net:net11302 net:net11521 net:net12709 net:net15234 net:net15480 net:net17692 net:net19224 net:net19370 net:net19467 net:net20170 net:net20437
	comment: capacity:15 usage:16 overflow:1
	bbox = (327.0000, 669.0000) - (330.0000, 672.0000) on Layer -
violation type: Horizontal congestion
	srcs: net:u_impl/load_black_flat[2475] net:u_impl/n4456 net:u_impl/u_core/g_row_15__g_col_9__u_pe/r_black_q[10] net:u_impl/u_core/g_row_15__g_col_9__u_pe/r_black_q[9] net:net2986 net:net5700 net:net5768 net:net10930 net:net12260 net:net12706 net:net13676 net:net15118 net:net15476 net:net18478 net:net19205 net:clknet_11_769__leaf_clk
	comment: capacity:15 usage:16 overflow:1
	bbox = (327.0000, 711.0000) - (330.0000, 714.0000) on Layer -
violation type: Horizontal congestion
	srcs: net:u_impl/load_black_flat[1696] net:u_impl/load_black_flat[1947] net:u_impl/load_black_flat[2336] net:u_impl/load_black_flat[2349] net:u_impl/u_core/g_row_14__g_col_6__u_pe/r_black_q[7] net:u_impl/u_core/g_row_14__g_col_6__u_pe/r_black_q[9] net:u_impl/u_core/g_row_14__g_col_6__u_pe/u_r_black/n35 net:net11552 net:net11553 net:net14916 net:net17431 net:net17607 net:net20416 net:net23933
	comment: capacity:13 usage:14 overflow:1
	bbox = (330.0000, 498.0000) - (333.0000, 501.0000) on Layer -
violation type: Horizontal congestion
	srcs: net:u_impl/load_black_flat[2338] net:u_impl/load_red_flat[1276] net:u_impl/load_red_flat[2515] net:u_impl/n1299 net:net4701 net:net10033 net:net10994 net:net11041 net:net11096 net:net11394 net:net13192 net:net13832 net:net22364 net:net22966
	comment: capacity:13 usage:14 overflow:1
	bbox = (330.0000, 513.0000) - (333.0000, 516.0000) on Layer -
violation type: Horizontal congestion
	srcs: net:u_impl/load_black_flat[2328] net:u_impl/load_black_flat[2335] net:u_impl/n1515 net:net9904 net:net11199 net:net11417 net:net11775 net:net12374 net:net12887 net:net14083 net:net17827 net:net19288 net:net19309 net:net19312 net:net19517 net:net20098
	comment: capacity:15 usage:16 overflow:1
	bbox = (330.0000, 525.0000) - (333.0000, 528.0000) on Layer -
violation type: Horizontal congestion
	srcs: net:u_impl/load_black_flat[2562] net:u_impl/load_red_flat[2325] net:net8607 net:net10827 net:net11741 net:net13158 net:net15330 net:net18646 net:net20164 net:clknet_11_252__leaf_clk
	comment: capacity:9 usage:10 overflow:1
	bbox = (330.0000, 540.0000) - (333.0000, 543.0000) on Layer -
violation type: Horizontal congestion
	srcs: net:u_impl/load_red_flat[1951] net:u_impl/load_red_flat[2528] net:u_impl/n308 net:net7107 net:net7343 net:net9753 net:net11483 net:net11740 net:net13863 net:net14429 net:net15543 net:net19129 net:net19458 net:net20287 net:net20443 net:net20476
	comment: capacity:15 usage:16 overflow:1
	bbox = (330.0000, 543.0000) - (333.0000, 546.0000) on Layer -
violation type: Horizontal congestion
	srcs: net:u_impl/load_black_flat[2461] net:u_impl/load_black_flat[2516] net:u_impl/load_red_flat[1357] net:u_impl/load_red_flat[1820] net:u_impl/load_red_flat[2455] net:u_impl/load_red_flat[2669] net:u_impl/load_red_flat[2710] net:net13688 net:net13759 net:net18667 net:net19564 net:net20351 net:net20571
	comment: capacity:12 usage:13 overflow:1
	bbox = (330.0000, 555.0000) - (333.0000, 558.0000) on Layer -
violation type: Horizontal congestion
	srcs: net:u_impl/load_black_flat[2489] net:u_impl/load_red_flat[2450] net:u_impl/load_red_flat[2569] net:u_impl/load_red_flat[2570] net:u_impl/n11936 net:u_impl/n4439 net:net9532 net:net10854 net:net14402 net:net15329 net:net17588 net:net19315 net:net20121 net:net20219
	comment: capacity:13 usage:14 overflow:1
	bbox = (330.0000, 573.0000) - (333.0000, 576.0000) on Layer -
violation type: Horizontal congestion
	srcs: net:u_impl/load_black_flat[1811] net:u_impl/load_red_flat[1813] net:u_impl/load_red_flat[2565] net:u_impl/load_red_flat[2566] net:net5267 net:net9769 net:net10716 net:net15303 net:net19474 net:net19497 net:net19512 net:net20234 net:net21770
	comment: capacity:12 usage:13 overflow:1
	bbox = (330.0000, 582.0000) - (333.0000, 585.0000) on Layer -
violation type: Horizontal congestion
	srcs: net:u_impl/load_black_flat[1940] net:u_impl/load_black_flat[1959] net:u_impl/load_black_flat[2430] net:u_impl/load_black_flat[2599] net:u_impl/load_red_flat[2475] net:u_impl/n3822 net:u_impl/n3985 net:net15846 net:net16659 net:net18627 net:net19217 net:net19329 net:net19348 net:net19522 net:net20497 net:net20551
	comment: capacity:15 usage:16 overflow:1
	bbox = (330.0000, 609.0000) - (333.0000, 612.0000) on Layer -
violation type: Horizontal congestion
	srcs: net:u_impl/n3991 net:u_impl/n4810 net:u_impl/n4825 net:net7445 net:net7984 net:net8568 net:net8638 net:net8639 net:net11708 net:net12367 net:net12777 net:net15323 net:net15796
	comment: capacity:12 usage:13 overflow:1
	bbox = (330.0000, 615.0000) - (333.0000, 618.0000) on Layer -
violation type: Horizontal congestion
	srcs: net:u_impl/load_black_flat[1776] net:u_impl/load_black_flat[1832] net:u_impl/load_black_flat[2326] net:u_impl/load_black_flat[2431] net:u_impl/load_red_flat[2267] net:u_impl/load_red_flat[2269] net:net9524 net:net12867 net:net15004 net:net15856 net:net19336 net:net19421 net:net19688 net:net20283
	comment: capacity:13 usage:14 overflow:1
	bbox = (330.0000, 618.0000) - (333.0000, 621.0000) on Layer -
violation type: Horizontal congestion
	srcs: net:u_impl/load_black_flat[2269] net:u_impl/load_black_flat[2421] net:u_impl/load_red_flat[2265] net:u_impl/n3059 net:u_impl/n7272 net:net8801 net:net11102 net:net13426 net:net13950 net:net14062 net:net15404 net:net16654 net:net19212 net:net20096 net:net20807 net:net23386
	comment: capacity:15 usage:16 overflow:1
	bbox = (330.0000, 624.0000) - (333.0000, 627.0000) on Layer -
violation type: Horizontal congestion
	srcs: net:u_impl/load_black_flat[2710] net:u_impl/load_red_flat[2431] net:u_impl/n3663 net:u_impl/n5311 net:net10193 net:net11069 net:net11617 net:net12890 net:net12998 net:net13843 net:net14033 net:net15838 net:net16725 net:net19515 net:net20177 net:net20311
	comment: capacity:15 usage:16 overflow:1
	bbox = (330.0000, 627.0000) - (333.0000, 630.0000) on Layer -
violation type: Horizontal congestion
	srcs: net:u_impl/load_black_flat[1927] net:u_impl/load_black_flat[2519] net:u_impl/load_red_flat[2259] net:u_impl/n4344 net:net1650 net:net1697 net:net5555 net:net11178 net:net11564 net:net13079 net:net13491 net:net13678 net:net13886 net:net14084 net:net19423 net:net20043
	comment: capacity:15 usage:16 overflow:1
	bbox = (330.0000, 630.0000) - (333.0000, 633.0000) on Layer -
violation type: Horizontal congestion
	srcs: net:u_impl/load_black_flat[2437] net:u_impl/load_black_flat[2530] net:u_impl/load_red_flat[1958] net:u_impl/load_red_flat[2324] net:u_impl/load_red_flat[2434] net:u_impl/load_red_flat[2601] net:u_impl/n4896 net:net10858 net:net11214 net:net11525 net:net11793 net:net12121 net:net13233 net:net15008 net:net16471 net:net19411
	comment: capacity:15 usage:16 overflow:1
	bbox = (330.0000, 645.0000) - (333.0000, 648.0000) on Layer -
violation type: Horizontal congestion
	srcs: net:u_impl/load_black_flat[2188] net:u_impl/load_black_flat[2441] net:u_impl/load_black_flat[2445] net:u_impl/load_black_flat[2446] net:u_impl/load_black_flat[2514] net:u_impl/n4043 net:u_impl/n625 net:net9461 net:net11496 net:net13860 net:net13862 net:net15352 net:net15602 net:net15608 net:net15626 net:net20331
	comment: capacity:15 usage:16 overflow:1
	bbox = (330.0000, 657.0000) - (333.0000, 660.0000) on Layer -
violation type: Horizontal congestion
	srcs: net:u_impl/n5860 net:u_impl/n5879 net:net7523 net:net11088 net:net12085 net:net12173 net:net15293 net:net17928 net:net18113 net:net19558
	comment: capacity:9 usage:10 overflow:1
	bbox = (330.0000, 660.0000) - (333.0000, 663.0000) on Layer -
violation type: Horizontal congestion
	srcs: net:u_impl/load_black_flat[2237] net:u_impl/load_black_flat[2898] net:u_impl/load_red_flat[2519] net:u_impl/n2427 net:net8034 net:net8175 net:net11063 net:net12145 net:net12417 net:net12729 net:net14988 net:net15215 net:net15655 net:net19058 net:net19205 net:net19485
	comment: capacity:15 usage:16 overflow:1
	bbox = (330.0000, 666.0000) - (333.0000, 669.0000) on Layer -
violation type: Horizontal congestion
	srcs: net:u_impl/load_black_flat[2473] net:u_impl/load_black_flat[2521] net:u_impl/n257 net:u_impl/n5877 net:u_impl/n6175 net:net10717 net:net11302 net:net12709 net:net15234 net:net15480 net:net17692 net:net18708 net:net19224 net:net19370 net:net19467 net:net20437
	comment: capacity:15 usage:16 overflow:1
	bbox = (330.0000, 669.0000) - (333.0000, 672.0000) on Layer -
violation type: Horizontal congestion
	srcs: net:u_impl/load_red_flat[2484] net:u_impl/load_red_flat[2647] net:u_impl/n3667 net:u_impl/n5867 net:net10366 net:net12732 net:net13902 net:net18614 net:net19493 net:net20450 net:net21108 net:net21270 net:net22699 net:clknet_11_768__leaf_clk
	comment: capacity:13 usage:14 overflow:1
	bbox = (330.0000, 696.0000) - (333.0000, 699.0000) on Layer -
violation type: Horizontal congestion
	srcs: net:u_impl/load_black_flat[2269] net:u_impl/load_black_flat[2421] net:u_impl/load_red_flat[2265] net:u_impl/n3059 net:u_impl/n7272 net:net8801 net:net11102 net:net13426 net:net13950 net:net14062 net:net15404 net:net16654 net:net19212 net:net20096 net:net20807 net:net23386
	comment: capacity:15 usage:16 overflow:1
	bbox = (333.0000, 624.0000) - (336.0000, 627.0000) on Layer -
violation type: Horizontal congestion
	srcs: net:u_impl/load_black_flat[2750] net:u_impl/load_red_flat[2452] net:net3031 net:net11093 net:net11691 net:net12127 net:net12250 net:net12301 net:net12772 net:net14926 net:net14945 net:net15775 net:net19465 net:net19499 net:net22894 net:net23133
	comment: capacity:15 usage:16 overflow:1
	bbox = (333.0000, 681.0000) - (336.0000, 684.0000) on Layer -
violation type: Horizontal congestion
	srcs: net:u_impl/load_black_flat[2482] net:u_impl/load_black_flat[2601] net:u_impl/load_red_flat[2537] net:u_impl/n5830 net:net8096 net:net11360 net:net11418 net:net11767 net:net12979 net:net13982 net:net13990 net:net14016 net:net15125 net:net15295 net:net18659 net:net20455
	comment: capacity:15 usage:16 overflow:1
	bbox = (336.0000, 690.0000) - (339.0000, 693.0000) on Layer -
violation type: Horizontal congestion
	srcs: net:u_impl/u_core/g_row_15__g_col_9__u_pe/r_black_q[10] net:net4289 net:net4290 net:net5113 net:net5700 net:net5768 net:net10885 net:net11005 net:net12260 net:net12327 net:net13022 net:net13676 net:net15118 net:net15295 net:net15476 net:clknet_6_24_0_clk
	comment: capacity:15 usage:16 overflow:1
	bbox = (342.0000, 711.0000) - (345.0000, 714.0000) on Layer -
violation type: Horizontal congestion
	srcs: net:u_impl/black_valid_q[144] net:u_impl/load_red_flat[1296] net:u_impl/load_red_flat[2199] net:u_impl/n7284 net:net4720 net:net8902 net:net10464 net:net10496 net:net13656 net:net16414 net:net18421 net:net19773 net:net20110 net:net21415 net:net23253 net:clknet_11_428__leaf_clk
	comment: capacity:15 usage:16 overflow:1
	bbox = (405.0000, 507.0000) - (408.0000, 510.0000) on Layer -
violation type: Horizontal congestion
	srcs: net:u_impl/load_black_flat[2220] net:u_impl/load_black_flat[2276] net:u_impl/n5313 net:u_impl/n5317 net:net13149 net:net13237 net:net13823 net:net13844 net:net13979 net:net14941 net:net15894 net:net19358 net:net19763
	comment: capacity:12 usage:13 overflow:1
	bbox = (405.0000, 555.0000) - (408.0000, 558.0000) on Layer -
violation type: Horizontal congestion
	srcs: net:u_impl/load_black_flat[1256] net:u_impl/load_black_flat[2274] net:u_impl/load_black_flat[2285] net:u_impl/n2260 net:net4742 net:net8733 net:net9026 net:net9938 net:net10371 net:net10924 net:net11482 net:net13444 net:net13863 net:net17854 net:net20058 net:net21155
	comment: capacity:15 usage:16 overflow:1
	bbox = (411.0000, 543.0000) - (414.0000, 546.0000) on Layer -
violation type: Horizontal congestion
	srcs: net:u_impl/load_red_flat[2229] net:u_impl/load_red_flat[2353] net:u_impl/n1017 net:u_impl/n1020 net:net1699 net:net8116 net:net8127 net:net9877 net:net12310 net:net12688 net:net13339 net:net13504 net:net15793 net:net15840 net:net18595 net:net19669
	comment: capacity:15 usage:16 overflow:1
	bbox = (411.0000, 684.0000) - (414.0000, 687.0000) on Layer -
violation type: Horizontal congestion
	srcs: net:u_impl/load_black_flat[1155] net:u_impl/n1305 net:u_impl/n4865 net:u_impl/n4866 net:u_impl/n5838 net:u_impl/n6092 net:u_impl/n6241 net:u_impl/n942 net:net11145 net:net11766 net:net13445 net:net14015 net:net14946 net:net19553 net:net19761 net:net20584
	comment: capacity:15 usage:16 overflow:1
	bbox = (414.0000, 687.0000) - (417.0000, 690.0000) on Layer -
violation type: Horizontal congestion
	srcs: net:u_impl/load_black_flat[1159] net:u_impl/load_black_flat[1162] net:u_impl/load_black_flat[1164] net:u_impl/load_red_flat[2657] net:u_impl/n1760 net:u_impl/n3706 net:net4820 net:net7533 net:net7830 net:net8094 net:net13626 net:net14926 net:net15488 net:net19553
	comment: capacity:13 usage:14 overflow:1
	bbox = (417.0000, 693.0000) - (420.0000, 696.0000) on Layer -
violation type: Horizontal congestion
	srcs: net:u_impl/load_black_flat[1160] net:u_impl/load_black_flat[1256] net:u_impl/load_black_flat[2285] net:u_impl/n2260 net:net8733 net:net9026 net:net10371 net:net10924 net:net11482 net:net13444 net:net13821 net:net15843 net:net15865 net:net17846 net:net20058 net:net21155
	comment: capacity:15 usage:16 overflow:1
	bbox = (423.0000, 543.0000) - (426.0000, 546.0000) on Layer -
violation type: Horizontal congestion
	srcs: net:u_impl/load_black_flat[2220] net:u_impl/load_black_flat[2283] net:u_impl/n3659 net:u_impl/n3662 net:u_impl/n5146 net:u_impl/n6255 net:net12660 net:net12740 net:net13823 net:net17854 net:net19240 net:net20089 net:clknet_11_442__leaf_clk
	comment: capacity:12 usage:13 overflow:1
	bbox = (423.0000, 555.0000) - (426.0000, 558.0000) on Layer -
violation type: Horizontal congestion
	srcs: net:u_impl/load_black_flat[1159] net:u_impl/load_black_flat[1162] net:u_impl/load_black_flat[1164] net:u_impl/load_black_flat[2227] net:u_impl/n1760 net:u_impl/n3706 net:net7533 net:net7830 net:net8094 net:net13493 net:net15488 net:net19553 net:net19661 net:clknet_11_832__leaf_clk
	comment: capacity:13 usage:14 overflow:1
	bbox = (423.0000, 693.0000) - (426.0000, 696.0000) on Layer -
violation type: Horizontal congestion
	srcs: net:u_impl/load_red_flat[1300] net:u_impl/load_red_flat[2282] net:u_impl/u_core/g_row_14__g_col_2__u_pe/r_red_q[10] net:u_impl/u_core/g_row_14__g_col_2__u_pe/r_red_q[11] net:u_impl/u_core/g_row_14__g_col_2__u_pe/u_r_red/n8 net:net12723 net:net13098 net:net15471 net:net15585 net:net16228 net:net19768 net:net20075 net:net20111 net:net23264 net:net23940 net:clknet_11_440__leaf_clk
	comment: capacity:15 usage:16 overflow:1
	bbox = (426.0000, 519.0000) - (429.0000, 522.0000) on Layer -
violation type: Horizontal congestion
	srcs: net:u_impl/load_red_flat[2433] net:u_impl/n475 net:u_impl/n5312 net:u_impl/n696 net:net6110 net:net6178 net:net6716 net:net6818 net:net8206 net:net8225 net:net8826 net:net11444 net:net15835 net:net15859 net:net19070 net:net22369
	comment: capacity:15 usage:16 overflow:1
	bbox = (426.0000, 639.0000) - (429.0000, 642.0000) on Layer -
violation type: Horizontal congestion
	srcs: net:u_impl/load_red_flat[1159] net:u_impl/load_red_flat[2363] net:u_impl/n2421 net:u_impl/n254 net:u_impl/n2821 net:u_impl/n4515 net:net6635 net:net6745 net:net8032 net:net8279 net:net13105 net:net13141 net:net13658 net:net14059 net:net19594 net:net19655
	comment: capacity:15 usage:16 overflow:1
	bbox = (426.0000, 666.0000) - (429.0000, 669.0000) on Layer -
violation type: Horizontal congestion
	srcs: net:u_impl/load_red_flat[1346] net:u_impl/n1097 net:u_impl/n1098 net:u_impl/n1115 net:u_impl/n4866 net:net6644 net:net7630 net:net9745 net:net11066 net:net11334 net:net13175 net:net13847 net:net13920 net:net14038 net:net15832 net:net19053
	comment: capacity:15 usage:16 overflow:1
	bbox = (426.0000, 672.0000) - (429.0000, 675.0000) on Layer -
violation type: Horizontal congestion
	srcs: net:u_impl/load_black_flat[1167] net:u_impl/load_red_flat[2354] net:u_impl/n1316 net:u_impl/n2005 net:u_impl/n2737 net:u_impl/n6173 net:net10890 net:net11477 net:net13147 net:net14944 net:net16375 net:net16609 net:net19730
	comment: capacity:12 usage:13 overflow:1
	bbox = (426.0000, 675.0000) - (429.0000, 678.0000) on Layer -
violation type: Horizontal congestion
	srcs: net:u_impl/load_black_flat[1156] net:u_impl/load_black_flat[2237] net:u_impl/load_red_flat[1162] net:u_impl/n4822 net:u_impl/n6183 net:u_impl/n966 net:net3030 net:net11100 net:net12762 net:net13626 net:net15781 net:net16693 net:net16765 net:net18251 net:net18751 net:net23134
	comment: capacity:15 usage:16 overflow:1
	bbox = (426.0000, 681.0000) - (429.0000, 684.0000) on Layer -
violation type: Horizontal congestion
	srcs: net:u_impl/load_black_flat[2226] net:u_impl/load_black_flat[2893] net:u_impl/load_black_flat[3131] net:u_impl/load_red_flat[2358] net:u_impl/load_red_flat[2359] net:u_impl/n4179 net:u_impl/n4180 net:u_impl/n4643 net:u_impl/n4815 net:u_impl/n4899 net:net4820 net:net7725 net:net11358 net:net12879 net:net13493 net:net15784
	comment: capacity:15 usage:16 overflow:1
	bbox = (426.0000, 690.0000) - (429.0000, 693.0000) on Layer -
violation type: Horizontal congestion
	srcs: net:u_impl/load_black_flat[2228] net:u_impl/n6772 net:net7398 net:net7419 net:net12724 net:net12988 net:net13864 net:net16576 net:net18258 net:net18653 net:net18680 net:net20411 net:net21848
	comment: capacity:12 usage:13 overflow:1
	bbox = (426.0000, 699.0000) - (429.0000, 702.0000) on Layer -
violation type: Horizontal congestion
	srcs: net:u_impl/load_black_flat[1250] net:u_impl/load_red_flat[1255] net:u_impl/load_red_flat[2398] net:u_impl/u_core/g_row_14__g_col_2__u_pe/r_black_q[14] net:u_impl/u_core/g_row_14__g_col_2__u_pe/u_r_black/n40 net:net3064 net:net3703 net:net7944 net:net9302 net:net19328 net:net20358 net:net20574 net:clknet_9_110_0_clk
	comment: capacity:12 usage:13 overflow:1
	bbox = (429.0000, 534.0000) - (432.0000, 537.0000) on Layer -
violation type: Horizontal congestion
	srcs: net:u_impl/load_red_flat[1164] net:u_impl/n4150 net:u_impl/n4444 net:u_impl/n5234 net:u_impl/n810 net:net6590 net:net6599 net:net11252 net:net12335 net:net15101 net:net16622 net:net19070 net:net19594
	comment: capacity:12 usage:13 overflow:1
	bbox = (429.0000, 654.0000) - (432.0000, 657.0000) on Layer -
violation type: Horizontal congestion
	srcs: net:u_impl/load_red_flat[2353] net:u_impl/n4843 net:u_impl/n6772 net:net8116 net:net9877 net:net11145 net:net12310 net:net12377 net:net12688 net:net13165 net:net13166 net:net13339 net:net14980 net:net18595 net:net19669 net:net23199
	comment: capacity:15 usage:16 overflow:1
	bbox = (429.0000, 684.0000) - (432.0000, 687.0000) on Layer -
violation type: Horizontal congestion
	srcs: net:u_impl/load_black_flat[1250] net:u_impl/load_red_flat[1255] net:u_impl/load_red_flat[2398] net:u_impl/u_core/g_row_14__g_col_2__u_pe/u_r_black/n29 net:u_impl/u_core/g_row_14__g_col_2__u_pe/u_r_black/n3 net:net3064 net:net3703 net:net5523 net:net7944 net:net9302 net:net19328 net:net20358 net:clknet_9_110_0_clk
	comment: capacity:12 usage:13 overflow:1
	bbox = (432.0000, 534.0000) - (435.0000, 537.0000) on Layer -
violation type: Horizontal congestion
	srcs: net:u_impl/load_black_flat[1470] net:u_impl/load_red_flat[2208] net:u_impl/load_red_flat[2209] net:u_impl/n4100 net:u_impl/n5594 net:u_impl/u_core/g_row_14__g_col_2__u_pe/r_black_q[12] net:u_impl/u_core/g_row_14__g_col_2__u_pe/u_r_black/n38 net:net7700 net:net8714 net:net13492 net:net14937 net:net17609 net:net18752 net:net19157 net:net19777 net:net23252
	comment: capacity:15 usage:16 overflow:1
	bbox = (432.0000, 546.0000) - (435.0000, 549.0000) on Layer -
violation type: Horizontal congestion
	srcs: net:u_impl/load_black_flat[2220] net:u_impl/load_red_flat[1264] net:u_impl/n6255 net:net4368 net:net4742 net:net7916 net:net12305 net:net12660 net:net12740 net:net13822 net:net17854 net:net20352 net:net22367
	comment: capacity:12 usage:13 overflow:1
	bbox = (432.0000, 555.0000) - (435.0000, 558.0000) on Layer -
violation type: Horizontal congestion
	srcs: net:u_impl/load_black_flat[2233] net:u_impl/load_red_flat[1297] net:u_impl/n3839 net:u_impl/n6242 net:u_impl/u_core/g_row_13__g_col_9__u_pe/u_r_black/n32 net:net1653 net:net7353 net:net12729 net:net13307 net:net14973 net:net16746 net:net17884 net:net19716 net:net20584
	comment: capacity:13 usage:14 overflow:1
	bbox = (432.0000, 696.0000) - (435.0000, 699.0000) on Layer -
violation type: Horizontal congestion
	srcs: net:u_impl/load_black_flat[2230] net:u_impl/load_black_flat[2239] net:u_impl/n5218 net:u_impl/u_core/g_row_13__g_col_9__u_pe/r_black_q[5] net:u_impl/u_core/g_row_13__g_col_9__u_pe/u_r_black/n33 net:u_impl/u_core/g_row_13__g_col_9__u_pe/u_r_black/n7 net:u_impl/u_core/g_row_13__g_col_9__u_pe/u_r_black/n8 net:net3086 net:net7913 net:net12755 net:net13445 net:net19128 net:net19427
	comment: capacity:12 usage:13 overflow:1
	bbox = (432.0000, 702.0000) - (435.0000, 705.0000) on Layer -
violation type: Horizontal congestion
	srcs: net:u_impl/load_black_flat[1256] net:u_impl/load_black_flat[1470] net:u_impl/load_red_flat[1307] net:u_impl/n2260 net:u_impl/u_core/g_row_14__g_col_2__u_pe/r_black_q[12] net:net4650 net:net8733 net:net9026 net:net10371 net:net11015 net:net11482 net:net13444 net:net15843 net:net17846 net:net20058 net:net21155
	comment: capacity:15 usage:16 overflow:1
	bbox = (435.0000, 543.0000) - (438.0000, 546.0000) on Layer -
violation type: Horizontal congestion
	srcs: net:u_impl/load_red_flat[1318] net:u_impl/n5146 net:net7736 net:net9594 net:net11453 net:net11790 net:net12007 net:net12312 net:net13109 net:net13825 net:net14426 net:net15813 net:net15861 net:net15865 net:net20854 net:clknet_11_442__leaf_clk
	comment: capacity:15 usage:16 overflow:1
	bbox = (435.0000, 558.0000) - (438.0000, 561.0000) on Layer -
violation type: Horizontal congestion
	srcs: net:u_impl/load_black_flat[1264] net:u_impl/load_black_flat[2214] net:u_impl/load_red_flat[1306] net:u_impl/n4302 net:net8755 net:net13841 net:net14954 net:net15787 net:net15803 net:net15894 net:net16595 net:net17209 net:net19747 net:net23947
	comment: capacity:13 usage:14 overflow:1
	bbox = (435.0000, 576.0000) - (438.0000, 579.0000) on Layer -
violation type: Horizontal congestion
	srcs: net:u_impl/load_black_flat[1349] net:u_impl/load_red_flat[2187] net:net6656 net:net6818 net:net6827 net:net8241 net:net9621 net:net10210 net:net13808 net:net13980 net:net14030 net:net14962 net:net15101 net:net19049
	comment: capacity:13 usage:14 overflow:1
	bbox = (435.0000, 636.0000) - (438.0000, 639.0000) on Layer -
violation type: Horizontal congestion
	srcs: net:u_impl/load_black_flat[1273] net:u_impl/n475 net:u_impl/n5312 net:u_impl/n5870 net:u_impl/n696 net:net6109 net:net6178 net:net6716 net:net8206 net:net8225 net:net11444 net:net11510 net:net13626 net:net15859 net:net19091 net:net22369
	comment: capacity:15 usage:16 overflow:1
	bbox = (435.0000, 639.0000) - (438.0000, 642.0000) on Layer -
violation type: Horizontal congestion
	srcs: net:u_impl/load_black_flat[1177] net:u_impl/load_black_flat[1198] net:u_impl/load_black_flat[2481] net:u_impl/load_red_flat[1165] net:u_impl/load_red_flat[2357] net:u_impl/n1630 net:net1499 net:net11145 net:net11477 net:net11531 net:net12252 net:net13078 net:net14961 net:net15791 net:net18755 net:net19072
	comment: capacity:15 usage:16 overflow:1
	bbox = (435.0000, 678.0000) - (438.0000, 681.0000) on Layer -
violation type: Horizontal congestion
	srcs: net:u_impl/u_core/g_row_13__g_col_9__u_pe/r_black_q[4] net:u_impl/u_core/g_row_13__g_col_9__u_pe/u_r_black/n9 net:net7398 net:net7419 net:net12724 net:net13864 net:net16576 net:net18653 net:net18680 net:net19238 net:net19553 net:net20411 net:net21848
	comment: capacity:12 usage:13 overflow:1
	bbox = (435.0000, 699.0000) - (438.0000, 702.0000) on Layer -
violation type: Horizontal congestion
	srcs: net:u_impl/load_black_flat[1975] net:u_impl/load_red_flat[2279] net:u_impl/u_core/g_row_14__g_col_2__u_pe/r_black_q[4] net:u_impl/u_core/g_row_14__g_col_2__u_pe/u_r_black/n10 net:u_impl/u_core/g_row_14__g_col_2__u_pe/u_r_black/n8 net:net9283 net:net11604 net:net13852 net:net17887 net:net18730 net:net19665 net:net19704 net:net20117 net:net20369 net:net23281 net:clknet_9_110_0_clk
	comment: capacity:15 usage:16 overflow:1
	bbox = (438.0000, 537.0000) - (441.0000, 540.0000) on Layer -
violation type: Horizontal congestion
	srcs: net:u_impl/load_black_flat[2280] net:u_impl/load_red_flat[2214] net:u_impl/n6113 net:u_impl/n6120 net:net5523 net:net7678 net:net13492 net:net16379 net:net16481 net:net16653 net:net18420 net:net19301 net:net19776 net:net20074 net:net20116 net:net23949
	comment: capacity:15 usage:16 overflow:1
	bbox = (438.0000, 549.0000) - (441.0000, 552.0000) on Layer -
violation type: Horizontal congestion
	srcs: net:u_impl/load_black_flat[2220] net:u_impl/load_red_flat[1318] net:u_impl/n6255 net:u_impl/n6766 net:net4650 net:net7916 net:net12305 net:net12660 net:net12740 net:net13822 net:net18750 net:net20352 net:net22367
	comment: capacity:12 usage:13 overflow:1
	bbox = (438.0000, 555.0000) - (441.0000, 558.0000) on Layer -
violation type: Horizontal congestion
	srcs: net:u_impl/load_black_flat[2287] net:net4742 net:net7736 net:net9594 net:net11006 net:net11453 net:net11790 net:net12007 net:net12312 net:net13825 net:net14426 net:net15861 net:net15865 net:net20366 net:net20854 net:clknet_11_442__leaf_clk
	comment: capacity:15 usage:16 overflow:1
	bbox = (438.0000, 558.0000) - (441.0000, 561.0000) on Layer -
violation type: Horizontal congestion
	srcs: net:u_impl/load_black_flat[1356] net:u_impl/load_red_flat[2289] net:u_impl/n2316 net:u_impl/n6129 net:net5256 net:net5801 net:net6816 net:net7841 net:net8826 net:net9834 net:net14965 net:net18747 net:net21990 net:net21991
	comment: capacity:13 usage:14 overflow:1
	bbox = (438.0000, 633.0000) - (441.0000, 636.0000) on Layer -
violation type: Horizontal congestion
	srcs: net:u_impl/load_black_flat[1327] net:u_impl/load_red_flat[2223] net:u_impl/n3202 net:u_impl/n510 net:u_impl/u_core/g_row_14__g_col_2__u_pe/n46 net:u_impl/u_core/g_row_14__g_col_2__u_pe/u_r_black/n6 net:net1478 net:net5654 net:net7479 net:net8996 net:net13109 net:net13554 net:net16172 net:net16284 net:net20150 net:net20574
	comment: capacity:15 usage:16 overflow:1
	bbox = (441.0000, 522.0000) - (444.0000, 525.0000) on Layer -
violation type: Horizontal congestion
	srcs: net:u_impl/n1463 net:u_impl/n4438 net:u_impl/n5297 net:u_impl/n619 net:u_impl/u_core/g_row_14__g_col_2__u_pe/r_black_q[1] net:u_impl/u_core/g_row_14__g_col_2__u_pe/u_r_black/n8 net:net5134 net:net5523 net:net6736 net:net19756
	comment: capacity:9 usage:10 overflow:1
	bbox = (441.0000, 540.0000) - (444.0000, 543.0000) on Layer -
violation type: Horizontal congestion
	srcs: net:u_impl/load_black_flat[2273] net:u_impl/load_red_flat[2208] net:u_impl/load_red_flat[2209] net:u_impl/n4100 net:u_impl/n5594 net:net7700 net:net8714 net:net13066 net:net14937 net:net17609 net:net18752 net:net19157 net:net19777 net:net20673 net:net23252 net:clknet_6_13_0_clk
	comment: capacity:15 usage:16 overflow:1
	bbox = (441.0000, 546.0000) - (444.0000, 549.0000) on Layer -
violation type: Horizontal congestion
	srcs: net:u_impl/load_black_flat[1345] net:u_impl/load_black_flat[1464] net:u_impl/load_black_flat[2211] net:u_impl/n1176 net:u_impl/n4521 net:u_impl/n5325 net:net8253 net:net8766 net:net11343 net:net11786 net:net12795 net:net13413 net:net17854 net:net18764 net:net20047 net:net20365
	comment: capacity:15 usage:16 overflow:1
	bbox = (441.0000, 561.0000) - (444.0000, 564.0000) on Layer -
violation type: Horizontal congestion
	srcs: net:u_impl/load_black_flat[2210] net:u_impl/load_red_flat[1306] net:u_impl/load_red_flat[2183] net:u_impl/load_red_flat[2430] net:u_impl/n2141 net:u_impl/n5156 net:u_impl/n5597 net:net6551 net:net7543 net:net9394 net:net15155 net:net15797 net:net15854 net:net15894 net:net16536 net:net20427
	comment: capacity:15 usage:16 overflow:1
	bbox = (441.0000, 570.0000) - (444.0000, 573.0000) on Layer -
violation type: Horizontal congestion
	srcs: net:u_impl/load_black_flat[2297] net:u_impl/load_black_flat[2299] net:u_impl/load_black_flat[2523] net:u_impl/n285 net:u_impl/n2887 net:net5795 net:net6093 net:net9652 net:net12195 net:net12655 net:net14043 net:net16745 net:net16763 net:net20066 net:net20070 net:net22975
	comment: capacity:15 usage:16 overflow:1
	bbox = (441.0000, 603.0000) - (444.0000, 606.0000) on Layer -
violation type: Horizontal congestion
	srcs: net:u_impl/load_black_flat[2182] net:u_impl/load_black_flat[2183] net:u_impl/load_red_flat[2303] net:u_impl/n2121 net:u_impl/n3092 net:u_impl/n3095 net:u_impl/n3850 net:u_impl/n3862 net:net6007 net:net6058 net:net6128 net:net7892 net:net9776 net:net12181 net:net17876 net:net19731
	comment: capacity:15 usage:16 overflow:1
	bbox = (441.0000, 609.0000) - (444.0000, 612.0000) on Layer -
violation type: Horizontal congestion
	srcs: net:u_impl/load_black_flat[2295] net:u_impl/load_red_flat[1358] net:u_impl/n1946 net:u_impl/n2011 net:u_impl/n3550 net:u_impl/n453 net:net6656 net:net6758 net:net6828 net:net8070 net:net9518 net:net10405 net:net11104 net:net14025 net:net18726 net:net18736
	comment: capacity:15 usage:16 overflow:1
	bbox = (441.0000, 630.0000) - (444.0000, 633.0000) on Layer -
violation type: Horizontal congestion
	srcs: net:u_impl/load_black_flat[1273] net:u_impl/load_black_flat[1349] net:u_impl/load_red_flat[2187] net:u_impl/n536 net:net6819 net:net8241 net:net8704 net:net8826 net:net9621 net:net10210 net:net13808 net:net13980 net:net14960 net:net19049
	comment: capacity:13 usage:14 overflow:1
	bbox = (441.0000, 636.0000) - (444.0000, 639.0000) on Layer -
violation type: Horizontal congestion
	srcs: net:u_impl/load_black_flat[1351] net:u_impl/n1325 net:u_impl/n475 net:u_impl/n696 net:net6109 net:net6178 net:net6716 net:net8206 net:net8225 net:net11510 net:net12918 net:net14030 net:net14346 net:net14956 net:net15855 net:net22369
	comment: capacity:15 usage:16 overflow:1
	bbox = (441.0000, 639.0000) - (444.0000, 642.0000) on Layer -
violation type: Horizontal congestion
	srcs: net:u_impl/load_black_flat[2367] net:u_impl/n1934 net:u_impl/n2083 net:u_impl/n5065 net:u_impl/n6270 net:net5831 net:net6737 net:net10971 net:net11111 net:net13204 net:net13936 net:net14911 net:net15474 net:net15780 net:net15819 net:net17929
	comment: capacity:15 usage:16 overflow:1
	bbox = (441.0000, 648.0000) - (444.0000, 651.0000) on Layer -
violation type: Horizontal congestion
	srcs: net:u_impl/load_red_flat[1164] net:u_impl/n3478 net:u_impl/n4150 net:u_impl/n4445 net:u_impl/n4531 net:u_impl/n5234 net:net6591 net:net15441 net:net16622 net:net16765 net:net17866 net:net18723 net:net23295
	comment: capacity:12 usage:13 overflow:1
	bbox = (441.0000, 654.0000) - (444.0000, 657.0000) on Layer -
violation type: Horizontal congestion
	srcs: net:u_impl/load_black_flat[1339] net:u_impl/load_black_flat[2298] net:u_impl/load_red_flat[1260] net:u_impl/load_red_flat[2176] net:u_impl/load_red_flat[2179] net:u_impl/load_red_flat[2828] net:net6654 net:net6702 net:net7518 net:net11196 net:net12918 net:net16745 net:net18771 net:net19371 net:net19650 net:net19738
	comment: capacity:15 usage:16 overflow:1
	bbox = (444.0000, 600.0000) - (447.0000, 603.0000) on Layer -
violation type: Horizontal congestion
	srcs: net:u_impl/load_black_flat[1347] net:u_impl/load_red_flat[2291] net:u_impl/load_red_flat[2512] net:u_impl/n3499 net:u_impl/n3501 net:u_impl/n459 net:u_impl/n5244 net:u_impl/n828 net:net6819 net:net10330 net:net12181 net:net13228 net:net13381 net:net14925 net:net15859 net:net19709
	comment: capacity:15 usage:16 overflow:1
	bbox = (444.0000, 627.0000) - (447.0000, 630.0000) on Layer -
violation type: Horizontal congestion
	srcs: net:u_impl/load_black_flat[1351] net:u_impl/load_red_flat[1275] net:u_impl/n1325 net:u_impl/n475 net:u_impl/n5815 net:u_impl/n696 net:net6109 net:net6178 net:net6716 net:net8206 net:net8225 net:net14031 net:net14345 net:net14956 net:net15855 net:net22369
	comment: capacity:15 usage:16 overflow:1
	bbox = (444.0000, 639.0000) - (447.0000, 642.0000) on Layer -
violation type: Horizontal congestion
	srcs: net:u_impl/load_black_flat[2223] net:u_impl/load_red_flat[1316] net:u_impl/load_red_flat[1980] net:u_impl/load_red_flat[2356] net:u_impl/n4808 net:u_impl/n5312 net:u_impl/n810 net:net9781 net:net10893 net:net12325 net:net12839 net:net13203 net:net13936 net:net15835 net:net16469 net:net23198
	comment: capacity:15 usage:16 overflow:1
	bbox = (444.0000, 645.0000) - (447.0000, 648.0000) on Layer -
violation type: Horizontal congestion
	srcs: net:u_impl/load_red_flat[1164] net:u_impl/n3478 net:u_impl/n4150 net:u_impl/n4445 net:u_impl/n4531 net:u_impl/n5065 net:u_impl/n5234 net:net9657 net:net13398 net:net16622 net:net16765 net:net17866 net:net18723
	comment: capacity:12 usage:13 overflow:1
	bbox = (444.0000, 654.0000) - (447.0000, 657.0000) on Layer -
violation type: Horizontal congestion
	srcs: net:u_impl/load_black_flat[1442] net:u_impl/load_red_flat[2353] net:u_impl/n1144 net:u_impl/n5862 net:net8116 net:net8158 net:net12310 net:net12377 net:net13165 net:net13166 net:net14038 net:net14946 net:net16765 net:net18595 net:clknet_9_209_0_clk net:clknet_11_836__leaf_clk
	comment: capacity:15 usage:16 overflow:1
	bbox = (444.0000, 684.0000) - (447.0000, 687.0000) on Layer -
violation type: Horizontal congestion
	srcs: net:u_impl/load_black_flat[2223] net:u_impl/load_red_flat[1316] net:u_impl/load_red_flat[1980] net:u_impl/load_red_flat[2356] net:u_impl/n4808 net:u_impl/n5312 net:net9781 net:net10893 net:net12325 net:net12839 net:net13203 net:net13936 net:net14345 net:net15578 net:net16469 net:net23198
	comment: capacity:15 usage:16 overflow:1
	bbox = (447.0000, 645.0000) - (450.0000, 648.0000) on Layer -
violation type: Horizontal congestion
	srcs: net:u_impl/load_black_flat[2357] net:u_impl/load_black_flat[2367] net:u_impl/n2083 net:u_impl/n6270 net:net5832 net:net6737 net:net10971 net:net11111 net:net12335 net:net13204 net:net14911 net:net14956 net:net15474 net:net15780 net:net17929 net:net18663
	comment: capacity:15 usage:16 overflow:1
	bbox = (447.0000, 648.0000) - (450.0000, 651.0000) on Layer -
violation type: Horizontal congestion
	srcs: net:u_impl/load_black_flat[1155] net:u_impl/load_red_flat[2359] net:u_impl/n4815 net:u_impl/n6092 net:u_impl/n6098 net:net7383 net:net7829 net:net7930 net:net8168 net:net14946 net:net15793 net:net16609 net:net18259 net:net18717 net:net19761 net:net23272
	comment: capacity:15 usage:16 overflow:1
	bbox = (447.0000, 687.0000) - (450.0000, 690.0000) on Layer -
violation type: Horizontal congestion
	srcs: net:u_impl/load_black_flat[2828] net:u_impl/load_black_flat[2841] net:u_impl/load_red_flat[1970] net:u_impl/load_red_flat[2178] net:u_impl/n613 net:u_impl/n615 net:u_impl/n6253 net:net3114 net:net6717 net:net9715 net:net13853 net:net15803 net:net16745 net:net18763 net:net23367 net:clknet_1_0_0_clk
	comment: capacity:15 usage:16 overflow:1
	bbox = (450.0000, 597.0000) - (453.0000, 600.0000) on Layer -
violation type: Horizontal congestion
	srcs: net:u_impl/load_black_flat[2296] net:u_impl/load_black_flat[2297] net:u_impl/load_black_flat[2523] net:u_impl/load_black_flat[2822] net:u_impl/load_red_flat[2300] net:u_impl/n2886 net:u_impl/n6763 net:net5795 net:net6093 net:net12655 net:net17875 net:net18648 net:net20066 net:net20070 net:net21258 net:net22975
	comment: capacity:15 usage:16 overflow:1
	bbox = (450.0000, 603.0000) - (453.0000, 606.0000) on Layer -
violation type: Horizontal congestion
	srcs: net:u_impl/load_black_flat[1347] net:u_impl/load_black_flat[2295] net:u_impl/load_red_flat[1358] net:u_impl/n2012 net:u_impl/n3550 net:net6746 net:net6758 net:net6782 net:net7841 net:net9518 net:net10405 net:net11104 net:net14025 net:net14398 net:net15836 net:net18736
	comment: capacity:15 usage:16 overflow:1
	bbox = (450.0000, 630.0000) - (453.0000, 633.0000) on Layer -
violation type: Horizontal congestion
	srcs: net:u_impl/load_red_flat[1164] net:u_impl/load_red_flat[1443] net:u_impl/n3478 net:u_impl/n4150 net:u_impl/n4445 net:u_impl/n4531 net:u_impl/n5234 net:u_impl/n6092 net:net13398 net:net15780 net:net15824 net:net18657 net:net18723
	comment: capacity:12 usage:13 overflow:1
	bbox = (450.0000, 654.0000) - (453.0000, 657.0000) on Layer -
violation type: Horizontal congestion
	srcs: net:u_impl/load_red_flat[2359] net:u_impl/n4815 net:u_impl/n6097 net:u_impl/n6099 net:net7383 net:net7829 net:net7930 net:net8168 net:net12252 net:net14946 net:net16609 net:net18656 net:net18717 net:net19191 net:net19761 net:net23272
	comment: capacity:15 usage:16 overflow:1
	bbox = (450.0000, 687.0000) - (453.0000, 690.0000) on Layer -
violation type: Horizontal congestion
	srcs: net:u_impl/load_black_flat[1159] net:u_impl/load_black_flat[1162] net:u_impl/load_black_flat[1164] net:u_impl/load_black_flat[1442] net:u_impl/n3706 net:u_impl/u_core/g_row_13__g_col_9__u_pe/r_black_q[10] net:u_impl/u_core/g_row_13__g_col_9__u_pe/r_black_q[1] net:u_impl/u_core/g_row_13__g_col_9__u_pe/r_black_q[2] net:u_impl/u_core/g_row_13__g_col_9__u_pe/u_r_black/n7 net:u_impl/u_core/g_row_13__g_col_9__u_pe/u_r_black/n9 net:net8094 net:net15784 net:net16765 net:net19661
	comment: capacity:13 usage:14 overflow:1
	bbox = (450.0000, 693.0000) - (453.0000, 696.0000) on Layer -
violation type: Horizontal congestion
	srcs: net:u_impl/load_red_flat[1165] net:u_impl/load_red_flat[2357] net:u_impl/load_red_flat[2894] net:u_impl/n11730 net:u_impl/n1793 net:net1499 net:net7640 net:net8115 net:net12251 net:net12675 net:net13658 net:net16375 net:net18234 net:net18755 net:net22705 net:net23387
	comment: capacity:15 usage:16 overflow:1
	bbox = (453.0000, 678.0000) - (456.0000, 681.0000) on Layer -
violation type: Horizontal congestion
	srcs: net:u_impl/load_black_flat[1442] net:u_impl/load_black_flat[2233] net:u_impl/load_red_flat[1297] net:u_impl/n3839 net:u_impl/n4133 net:u_impl/u_core/g_row_13__g_col_9__u_pe/u_r_black/n8 net:net7352 net:net7418 net:net7435 net:net14973 net:net15794 net:net17452 net:net19716 net:net20584
	comment: capacity:13 usage:14 overflow:1
	bbox = (453.0000, 696.0000) - (456.0000, 699.0000) on Layer -
violation type: Horizontal congestion
	srcs: net:u_impl/load_red_flat[1152] net:u_impl/load_red_flat[1164] net:u_impl/n3478 net:u_impl/n4151 net:u_impl/n4165 net:u_impl/n4445 net:u_impl/n4531 net:u_impl/n5234 net:u_impl/n6092 net:u_impl/n6178 net:net13983 net:net14948 net:net18657
	comment: capacity:12 usage:13 overflow:1
	bbox = (459.0000, 654.0000) - (462.0000, 657.0000) on Layer -
violation type: Horizontal congestion
	srcs: net:u_impl/load_black_flat[179] net:u_impl/load_red_flat[149] net:u_impl/load_red_flat[1] net:u_impl/load_red_flat[2092] net:u_impl/n3304 net:u_impl/n3865 net:net6202 net:net9573 net:net12224 net:net16674 net:net16751 net:net18786 net:net19393 net:net19891 net:net20388 net:net20389
	comment: capacity:15 usage:16 overflow:1
	bbox = (879.0000, 645.0000) - (882.0000, 648.0000) on Layer -
violation type: Vertical congestion
	srcs: net:u_impl/load_black_flat[1930] net:u_impl/load_red_flat[1933] net:u_impl/load_red_flat[2022] net:u_impl/u_core/g_row_14__g_col_6__u_pe/r_black_q[7] net:u_impl/u_core/g_row_14__g_col_6__u_pe/u_r_black/n7 net:net5653 net:net7702 net:net10835 net:net11192 net:net11356 net:net12348 net:net12355 net:net12375 net:net13790 net:net13947 net:net14004 net:net19625 net:net19690 net:net19751 net:clknet_11_253__leaf_clk
	comment: capacity:19 usage:20 overflow:1
	bbox = (333.0000, 504.0000) - (336.0000, 507.0000) on Layer -
violation type: Vertical congestion
	srcs: net:u_impl/load_black_flat[1163] net:u_impl/load_black_flat[1348] net:u_impl/load_black_flat[2544] net:u_impl/load_black_flat[2820] net:u_impl/load_red_flat[1167] net:u_impl/load_red_flat[2385] net:u_impl/load_red_flat[2415] net:u_impl/load_red_flat[2674] net:u_impl/load_red_flat[2830] net:u_impl/n3669 net:u_impl/n5868 net:net10269 net:net12188 net:net12684 net:net15551 net:net19071 net:net20112 net:net20207 net:net20244 net:clknet_11_769__leaf_clk
	comment: capacity:19 usage:20 overflow:1
	bbox = (333.0000, 702.0000) - (336.0000, 705.0000) on Layer -
violation type: Vertical congestion
	srcs: net:u_impl/load_black_flat[1301] net:u_impl/load_black_flat[1315] net:u_impl/load_black_flat[2329] net:u_impl/load_red_flat[1454] net:u_impl/n3670 net:u_impl/n3680 net:net4386 net:net11042 net:net11150 net:net11869 net:net12721 net:net13387 net:net13923 net:net15221 net:net15462 net:net17845 net:net18749 net:net18767 net:net19429 net:net19568 net:net19603 net:net23933
	comment: capacity:21 usage:22 overflow:1
	bbox = (336.0000, 507.0000) - (339.0000, 510.0000) on Layer -
violation type: Vertical congestion
	srcs: net:u_impl/load_black_flat[1301] net:u_impl/load_black_flat[2338] net:u_impl/load_black_flat[2517] net:u_impl/load_red_flat[1454] net:u_impl/n2671 net:u_impl/n3670 net:u_impl/n3680 net:u_impl/n814 net:u_impl/n826 net:net11150 net:net11268 net:net11869 net:net12721 net:net13387 net:net13922 net:net14009 net:net15221 net:net17845 net:net18767 net:net19429 net:net19568 net:net19690
	comment: capacity:21 usage:22 overflow:1
	bbox = (336.0000, 516.0000) - (339.0000, 519.0000) on Layer -
violation type: Vertical congestion
	srcs: net:u_impl/load_red_flat[1975] net:u_impl/n15111 net:u_impl/n2257 net:u_impl/n3379 net:u_impl/n6757 net:net9144 net:net11430 net:net11528 net:net11553 net:net13360 net:net15788 net:net18035 net:net18604 net:net19426 net:net19477 net:net19752 net:net21845
	comment: capacity:16 usage:17 overflow:1
	bbox = (339.0000, 498.0000) - (342.0000, 501.0000) on Layer -
violation type: Vertical congestion
	srcs: net:u_impl/load_black_flat[2555] net:u_impl/load_black_flat[2830] net:u_impl/load_red_flat[2682] net:net10662 net:net10694 net:net10930 net:net11029 net:net11138 net:net11263 net:net11849 net:net13887 net:net16712 net:net17568 net:net19124 net:net20236 net:net20237 net:clknet_11_769__leaf_clk
	comment: capacity:16 usage:17 overflow:1
	bbox = (339.0000, 705.0000) - (342.0000, 708.0000) on Layer -
violation type: Vertical congestion
	srcs: net:u_impl/load_black_flat[1920] net:u_impl/load_black_flat[1990] net:u_impl/load_red_flat[1323] net:u_impl/n4720 net:net10965 net:net11136 net:net11398 net:net11438 net:net12808 net:net13180 net:net13248 net:net13640 net:net14061 net:net14987 net:net15847 net:net16534 net:net18633 net:net19544 net:net19622 net:net19630 net:net19713 net:net23328
	comment: capacity:21 usage:22 overflow:1
	bbox = (342.0000, 492.0000) - (345.0000, 495.0000) on Layer -
violation type: Vertical congestion
	srcs: net:u_impl/load_red_flat[2403] net:u_impl/load_red_flat[2550] net:u_impl/load_red_flat[2613] net:u_impl/load_red_flat[2715] net:u_impl/load_red_flat[2722] net:u_impl/load_red_flat[2834] net:u_impl/n15316 net:net4588 net:net8700 net:net10885 net:net10910 net:net10963 net:net11350 net:net13290 net:net15295 net:net16659 net:net17771 net:net19168 net:net19228 net:net19774 net:net21588 net:net21847
	comment: capacity:21 usage:22 overflow:1
	bbox = (342.0000, 702.0000) - (345.0000, 705.0000) on Layer -
violation type: Vertical congestion
	srcs: net:u_impl/load_red_flat[2403] net:u_impl/load_red_flat[2550] net:u_impl/load_red_flat[2613] net:u_impl/load_red_flat[2715] net:u_impl/load_red_flat[2722] net:u_impl/load_red_flat[2834] net:net2985 net:net8700 net:net8973 net:net10724 net:net10910 net:net10963 net:net11350 net:net12327 net:net13022 net:net16771 net:net17771 net:net19168 net:net19228 net:net19774 net:net21589 net:net21847
	comment: capacity:21 usage:22 overflow:1
	bbox = (342.0000, 711.0000) - (345.0000, 714.0000) on Layer -
violation type: Vertical congestion
	srcs: net:u_impl/load_black_flat[2594] net:u_impl/load_black_flat[2814] net:u_impl/load_red_flat[2406] net:u_impl/n5827 net:u_impl/n6176 net:u_impl/u_core/g_row_15__g_col_9__u_pe/r_black_q[11] net:net7584 net:net11005 net:net11222 net:net11577 net:net12094 net:net12261 net:net13050 net:net13134 net:net13135 net:net13178 net:net13691 net:net19079 net:net19111 net:net19126 net:net20137 net:clknet_6_24_0_clk
	comment: capacity:21 usage:22 overflow:1
	bbox = (345.0000, 711.0000) - (348.0000, 714.0000) on Layer -
violation type: Vertical congestion
	srcs: net:u_impl/load_black_flat[1170] net:u_impl/load_black_flat[2658] net:u_impl/load_black_flat[2814] net:u_impl/load_red_flat[2406] net:u_impl/load_red_flat[2549] net:net7585 net:net11577 net:net11728 net:net12094 net:net12261 net:net13050 net:net13134 net:net13135 net:net13178 net:net13691 net:net19079 net:net19111 net:net19126 net:net20137 net:net20594 net:net20910 net:net24370
	comment: capacity:21 usage:22 overflow:1
	bbox = (345.0000, 720.0000) - (348.0000, 723.0000) on Layer -
violation type: Vertical congestion
	srcs: net:u_impl/load_black_flat[2021] net:u_impl/load_black_flat[2334] net:u_impl/load_red_flat[1924] net:u_impl/load_red_flat[1928] net:u_impl/load_red_flat[2340] net:u_impl/n1317 net:u_impl/n15089 net:u_impl/n2827 net:net9522 net:net9624 net:net9787 net:net10322 net:net12119 net:net12705 net:net12752 net:net13016 net:net13688 net:net19255 net:net19413 net:net19428 net:net19573 net:net19627
	comment: capacity:21 usage:22 overflow:1
	bbox = (348.0000, 516.0000) - (351.0000, 519.0000) on Layer -
violation type: Vertical congestion
	srcs: net:u_impl/load_black_flat[2554] net:u_impl/load_red_flat[2372] net:u_impl/load_red_flat[2557] net:u_impl/load_red_flat[2870] net:u_impl/n3534 net:u_impl/n4634 net:net5527 net:net9446 net:net10154 net:net10898 net:net11188 net:net11447 net:net11728 net:net12128 net:net12394 net:net13183 net:net19081 net:net19127 net:net20123 net:net20157 net:net22167 net:clknet_11_769__leaf_clk
	comment: capacity:21 usage:22 overflow:1
	bbox = (348.0000, 708.0000) - (351.0000, 711.0000) on Layer -
violation type: Vertical congestion
	srcs: net:u_impl/load_black_flat[1443] net:u_impl/load_black_flat[2019] net:u_impl/load_black_flat[2347] net:u_impl/load_red_flat[2340] net:u_impl/n15108 net:u_impl/n3044 net:net8803 net:net9790 net:net11001 net:net11562 net:net11771 net:net11906 net:net13327 net:net13463 net:net13624 net:net13986 net:net15430 net:net16692 net:net18615 net:net18619 net:net18649 net:net19571
	comment: capacity:21 usage:22 overflow:1
	bbox = (351.0000, 498.0000) - (354.0000, 501.0000) on Layer -
violation type: Vertical congestion
	srcs: net:u_impl/load_black_flat[2554] net:u_impl/load_black_flat[2711] net:u_impl/load_black_flat[2712] net:u_impl/load_red_flat[2248] net:u_impl/load_red_flat[2394] net:u_impl/load_red_flat[2548] net:u_impl/load_red_flat[2549] net:u_impl/load_red_flat[2729] net:u_impl/load_red_flat[2836] net:u_impl/n1141 net:net11599 net:net13325 net:net13446 net:net13629 net:net14081 net:net18067 net:net18738 net:net19074 net:net19266 net:net20044 net:net20138 net:net20235
	comment: capacity:21 usage:22 overflow:1
	bbox = (351.0000, 702.0000) - (354.0000, 705.0000) on Layer -
violation type: Vertical congestion
	srcs: net:u_impl/load_black_flat[2550] net:u_impl/load_black_flat[2711] net:u_impl/load_black_flat[2712] net:u_impl/load_red_flat[2372] net:u_impl/load_red_flat[2394] net:u_impl/load_red_flat[2548] net:u_impl/load_red_flat[2549] net:u_impl/load_red_flat[2729] net:u_impl/load_red_flat[2836] net:u_impl/n1141 net:net11223 net:net11599 net:net14081 net:net18067 net:net18738 net:net19074 net:net19266 net:net20044 net:net20138 net:net20235 net:net23358 net:net24370
	comment: capacity:21 usage:22 overflow:1
	bbox = (351.0000, 711.0000) - (354.0000, 714.0000) on Layer -
violation type: Vertical congestion
	srcs: net:u_impl/load_black_flat[1335] net:u_impl/load_black_flat[1933] net:u_impl/load_red_flat[1272] net:u_impl/load_red_flat[1922] net:u_impl/n3485 net:u_impl/n5571 net:u_impl/n740 net:u_impl/n741 net:net10034 net:net10100 net:net11353 net:net11742 net:net11774 net:net12741 net:net13466 net:net15796 net:net16470 net:net16535 net:net18613 net:net19424
	comment: capacity:19 usage:20 overflow:1
	bbox = (354.0000, 498.0000) - (357.0000, 501.0000) on Layer -
violation type: Vertical congestion
	srcs: net:u_impl/load_black_flat[2388] net:u_impl/load_black_flat[2903] net:u_impl/load_red_flat[2248] net:u_impl/load_red_flat[2723] net:u_impl/n6176 net:net8690 net:net11011 net:net12261 net:net12350 net:net13004 net:net13007 net:net15503 net:net15798 net:net18748 net:net19069 net:net19097 net:net19164 net:net19364 net:net19410 net:net19631
	comment: capacity:19 usage:20 overflow:1
	bbox = (354.0000, 708.0000) - (357.0000, 711.0000) on Layer -
violation type: Vertical congestion
	srcs: net:u_impl/load_black_flat[2388] net:u_impl/load_black_flat[2903] net:u_impl/load_red_flat[2248] net:u_impl/load_red_flat[2723] net:net8690 net:net8867 net:net11011 net:net12350 net:net13004 net:net13007 net:net13325 net:net15503 net:net18748 net:net19069 net:net19097 net:net19164 net:net19364 net:net19406 net:net19410 net:net19631
	comment: capacity:19 usage:20 overflow:1
	bbox = (354.0000, 711.0000) - (357.0000, 714.0000) on Layer -
violation type: Vertical congestion
	srcs: net:u_impl/load_red_flat[1449] net:u_impl/load_red_flat[2319] net:u_impl/load_red_flat[2336] net:u_impl/n5402 net:u_impl/n5845 net:u_impl/n6162 net:net8260 net:net10226 net:net10780 net:net10800 net:net11273 net:net11458 net:net12381 net:net12384 net:net13812 net:net15891 net:net17541 net:net18609 net:net18710 net:net19103 net:net19646 net:net19656
	comment: capacity:21 usage:22 overflow:1
	bbox = (357.0000, 492.0000) - (360.0000, 495.0000) on Layer -
violation type: Vertical congestion
	srcs: net:u_impl/load_red_flat[2319] net:u_impl/n5845 net:u_impl/n6162 net:u_impl/n742 net:net8260 net:net10226 net:net10780 net:net10800 net:net11273 net:net11458 net:net11552 net:net12323 net:net12381 net:net12384 net:net14061 net:net15809 net:net15891 net:net17541 net:net18609 net:net18710 net:net19646 net:net19656
	comment: capacity:21 usage:22 overflow:1
	bbox = (357.0000, 498.0000) - (360.0000, 501.0000) on Layer -
violation type: Vertical congestion
	srcs: net:u_impl/load_black_flat[2197] net:u_impl/load_black_flat[2325] net:u_impl/load_red_flat[1272] net:u_impl/n2154 net:u_impl/n6162 net:net8759 net:net9770 net:net10723 net:net10800 net:net11272 net:net11458 net:net12323 net:net12381 net:net12384 net:net12415 net:net14061 net:net15809 net:net15891 net:net17541 net:net18609 net:net19646 net:net19656
	comment: capacity:21 usage:22 overflow:1
	bbox = (357.0000, 516.0000) - (360.0000, 519.0000) on Layer -
violation type: Vertical congestion
	srcs: net:u_impl/load_black_flat[2249] net:u_impl/load_black_flat[2550] net:u_impl/load_black_flat[2721] net:u_impl/load_red_flat[2617] net:net8648 net:net9049 net:net9136 net:net9427 net:net12123 net:net12368 net:net12387 net:net12668 net:net13982 net:net17741 net:net18651 net:net19169 net:net19239 net:net19696 net:net20064 net:net20080 net:net20169 net:net20466
	comment: capacity:21 usage:22 overflow:1
	bbox = (357.0000, 708.0000) - (360.0000, 711.0000) on Layer -
violation type: Vertical congestion
	srcs: net:u_impl/load_black_flat[1637] net:u_impl/load_black_flat[1678] net:u_impl/load_black_flat[2336] net:u_impl/load_red_flat[1808] net:u_impl/load_red_flat[2016] net:u_impl/n1351 net:u_impl/n2154 net:u_impl/n6194 net:net9567 net:net11168 net:net11635 net:net12665 net:net13244 net:net13384 net:net13663 net:net16414 net:net18603 net:net18606 net:net18608 net:net18670 net:net19616 net:net19718
	comment: capacity:21 usage:22 overflow:1
	bbox = (360.0000, 498.0000) - (363.0000, 501.0000) on Layer -
violation type: Vertical congestion
	srcs: net:u_impl/n271 net:u_impl/n277 net:u_impl/n3369 net:net4588 net:net7786 net:net8867 net:net11071 net:net11084 net:net12403 net:net12826 net:net15283 net:net15860 net:net19199 net:net19232 net:net19254 net:net19295 net:net20152 net:net20159 net:net20165 net:net20199 net:net21709 net:clknet_11_772__leaf_clk
	comment: capacity:21 usage:22 overflow:1
	bbox = (360.0000, 708.0000) - (363.0000, 711.0000) on Layer -
violation type: Vertical congestion
	srcs: net:u_impl/load_black_flat[2029] net:u_impl/load_black_flat[2197] net:u_impl/load_red_flat[1321] net:u_impl/load_red_flat[1573] net:u_impl/load_red_flat[1920] net:u_impl/load_red_flat[2350] net:u_impl/n7258 net:u_impl/n744 net:net9148 net:net10384 net:net10658 net:net10664 net:net11091 net:net11378 net:net11560 net:net13189 net:net13285 net:net15482 net:net15858 net:net18741 net:net19103 net:net19610
	comment: capacity:21 usage:22 overflow:1
	bbox = (363.0000, 498.0000) - (366.0000, 501.0000) on Layer -
violation type: Vertical congestion
	srcs: net:u_impl/load_black_flat[2708] net:u_impl/load_black_flat[2873] net:u_impl/load_red_flat[2555] net:u_impl/load_red_flat[2664] net:u_impl/load_red_flat[2908] net:u_impl/n2285 net:u_impl/n6195 net:net10990 net:net11246 net:net11274 net:net11388 net:net12900 net:net13974 net:net15241 net:net15458 net:net17693 net:net19106 net:net19741 net:net19743 net:net20154 net:net20230 net:net21271
	comment: capacity:21 usage:22 overflow:1
	bbox = (363.0000, 708.0000) - (366.0000, 711.0000) on Layer -
violation type: Vertical congestion
	srcs: net:u_impl/load_black_flat[2708] net:u_impl/load_black_flat[2873] net:u_impl/load_red_flat[2555] net:u_impl/load_red_flat[2664] net:u_impl/load_red_flat[2908] net:u_impl/n2285 net:u_impl/n6195 net:net4588 net:net10990 net:net11274 net:net11388 net:net12826 net:net12900 net:net15241 net:net15458 net:net15860 net:net17693 net:net19106 net:net19741 net:net19743 net:net20154 net:net20230
	comment: capacity:21 usage:22 overflow:1
	bbox = (363.0000, 711.0000) - (366.0000, 714.0000) on Layer -
violation type: Vertical congestion
	srcs: net:u_impl/load_red_flat[1538] net:u_impl/load_red_flat[2336] net:u_impl/n11705 net:u_impl/n1468 net:u_impl/n2840 net:u_impl/n601 net:net8599 net:net11097 net:net11098 net:net11277 net:net11638 net:net11760 net:net13256 net:net13700 net:net15418 net:net18610 net:net19408 net:net19572 net:net19618 net:net19659 net:net19764 net:clknet_11_424__leaf_clk
	comment: capacity:21 usage:22 overflow:1
	bbox = (366.0000, 498.0000) - (369.0000, 501.0000) on Layer -
violation type: Vertical congestion
	srcs: net:u_impl/load_black_flat[2732] net:u_impl/load_red_flat[1180] net:u_impl/load_red_flat[2380] net:u_impl/load_red_flat[2558] net:u_impl/load_red_flat[2820] net:u_impl/load_red_flat[2902] net:u_impl/n3158 net:u_impl/n526 net:u_impl/n6260 net:net5700 net:net9997 net:net10849 net:net11776 net:net12089 net:net13031 net:net13272 net:net14955 net:net15325 net:net17540 net:net19114 net:net19227 net:net19230
	comment: capacity:21 usage:22 overflow:1
	bbox = (366.0000, 708.0000) - (369.0000, 711.0000) on Layer -
violation type: Vertical congestion
	srcs: net:u_impl/load_black_flat[2732] net:u_impl/load_red_flat[1180] net:u_impl/load_red_flat[2255] net:u_impl/load_red_flat[2380] net:u_impl/load_red_flat[2558] net:u_impl/load_red_flat[2820] net:u_impl/load_red_flat[2902] net:u_impl/n526 net:net9997 net:net10849 net:net12089 net:net13031 net:net13272 net:net13974 net:net14955 net:net15325 net:net16680 net:net17540 net:net19114 net:net19227 net:net19230 net:net21271
	comment: capacity:21 usage:22 overflow:1
	bbox = (366.0000, 711.0000) - (369.0000, 714.0000) on Layer -
violation type: Vertical congestion
	srcs: net:u_impl/load_black_flat[1645] net:u_impl/load_red_flat[1974] net:u_impl/load_red_flat[2030] net:u_impl/n1627 net:u_impl/n2137 net:u_impl/n2483 net:u_impl/n3144 net:u_impl/n5885 net:u_impl/n959 net:net9086 net:net9358 net:net10146 net:net11763 net:net12183 net:net14915 net:net15154 net:net15389 net:net15783 net:net16796 net:net18597 net:net19586 net:net22968
	comment: capacity:21 usage:22 overflow:1
	bbox = (369.0000, 498.0000) - (372.0000, 501.0000) on Layer -
violation type: Vertical congestion
	srcs: net:u_impl/load_black_flat[1645] net:u_impl/load_black_flat[2029] net:u_impl/n1357 net:u_impl/n1468 net:u_impl/n2483 net:u_impl/n3144 net:u_impl/n4110 net:u_impl/n4123 net:u_impl/n616 net:net7967 net:net9358 net:net10146 net:net12182 net:net12186 net:net13256 net:net13303 net:net14915 net:net16724 net:net16796 net:net18597 net:net19586 net:net19618
	comment: capacity:21 usage:22 overflow:1
	bbox = (369.0000, 525.0000) - (372.0000, 528.0000) on Layer -
violation type: Vertical congestion
	srcs: net:u_impl/load_black_flat[2392] net:u_impl/load_black_flat[2673] net:u_impl/load_black_flat[2717] net:u_impl/load_red_flat[2401] net:u_impl/load_red_flat[2411] net:u_impl/n3160 net:u_impl/n5245 net:u_impl/n5682 net:net9460 net:net9465 net:net10806 net:net11307 net:net11469 net:net11588 net:net13017 net:net13253 net:net13305 net:net14992 net:net15336 net:net19050 net:net19085 net:net19459 net:net22704
	comment: capacity:21 usage:23 overflow:2
	bbox = (369.0000, 708.0000) - (372.0000, 711.0000) on Layer -
violation type: Vertical congestion
	srcs: net:u_impl/load_black_flat[2392] net:u_impl/load_black_flat[2673] net:u_impl/load_black_flat[2717] net:u_impl/load_red_flat[2401] net:u_impl/load_red_flat[2411] net:u_impl/n5409 net:net9465 net:net10806 net:net11305 net:net11307 net:net11469 net:net11776 net:net13017 net:net13072 net:net13253 net:net13305 net:net14992 net:net15336 net:net15895 net:net19050 net:net19085 net:net19459
	comment: capacity:21 usage:22 overflow:1
	bbox = (369.0000, 711.0000) - (372.0000, 714.0000) on Layer -
violation type: Vertical congestion
	srcs: net:u_impl/load_black_flat[2648] net:u_impl/load_black_flat[2705] net:u_impl/load_black_flat[2904] net:u_impl/load_red_flat[2224] net:u_impl/load_red_flat[2368] net:u_impl/load_red_flat[2412] net:u_impl/load_red_flat[2726] net:u_impl/load_red_flat[2727] net:u_impl/load_red_flat[2807] net:net11312 net:net12679 net:net12855 net:net12870 net:net12924 net:net15514 net:net16680 net:net19122 net:net19203 net:net19313 net:net20246 net:net22972
	comment: capacity:20 usage:21 overflow:1
	bbox = (372.0000, 708.0000) - (375.0000, 711.0000) on Layer -
violation type: Vertical congestion
	srcs: net:u_impl/load_black_flat[2648] net:u_impl/load_black_flat[2705] net:u_impl/load_black_flat[2904] net:u_impl/load_red_flat[2224] net:u_impl/load_red_flat[2368] net:u_impl/load_red_flat[2412] net:u_impl/load_red_flat[2726] net:u_impl/load_red_flat[2727] net:u_impl/load_red_flat[2807] net:net11312 net:net11587 net:net12855 net:net12871 net:net12924 net:net15514 net:net19122 net:net19203 net:net19313 net:net20246 net:net22704 net:net22972
	comment: capacity:20 usage:21 overflow:1
	bbox = (372.0000, 711.0000) - (375.0000, 714.0000) on Layer -
violation type: Vertical congestion
	srcs: net:u_impl/load_black_flat[1640] net:u_impl/load_black_flat[2198] net:u_impl/load_red_flat[1442] net:u_impl/n5402 net:u_impl/n5404 net:u_impl/n6476 net:u_impl/n6775 net:net10447 net:net10682 net:net13163 net:net13553 net:net13650 net:net14612 net:net15813 net:net16481 net:net19578 net:net19626 net:net19770 net:net20577 net:net22365 net:net23934
	comment: capacity:20 usage:21 overflow:1
	bbox = (375.0000, 498.0000) - (378.0000, 501.0000) on Layer -
violation type: Vertical congestion
	srcs: net:u_impl/load_black_flat[2368] net:u_impl/load_black_flat[2415] net:u_impl/load_black_flat[2584] net:u_impl/load_red_flat[2407] net:u_impl/load_red_flat[2869] net:u_impl/n4801 net:net11655 net:net11659 net:net11987 net:net13220 net:net13221 net:net14613 net:net14936 net:net15895 net:net19080 net:net19229 net:net19332 net:net19666 net:net20105 net:net23310 net:net23312
	comment: capacity:20 usage:21 overflow:1
	bbox = (375.0000, 708.0000) - (378.0000, 711.0000) on Layer -
violation type: Vertical congestion
	srcs: net:u_impl/load_black_flat[2368] net:u_impl/load_black_flat[2415] net:u_impl/load_black_flat[2584] net:u_impl/load_red_flat[2407] net:u_impl/load_red_flat[2869] net:u_impl/n16016 net:u_impl/n3087 net:u_impl/n4801 net:net11655 net:net11659 net:net11987 net:net12680 net:net13220 net:net13221 net:net14613 net:net15296 net:net19080 net:net19229 net:net19332 net:net20105 net:net20293
	comment: capacity:20 usage:21 overflow:1
	bbox = (375.0000, 711.0000) - (378.0000, 714.0000) on Layer -
violation type: Vertical congestion
	srcs: net:u_impl/load_black_flat[1574] net:u_impl/load_black_flat[1838] net:u_impl/load_black_flat[2196] net:u_impl/n1595 net:u_impl/n5403 net:u_impl/u_core/n423 net:net7964 net:net10684 net:net10947 net:net11755 net:net13160 net:net13635 net:net13662 net:net14096 net:net15270 net:net19599 net:net20563 net:clknet_11_425__leaf_clk
	comment: capacity:17 usage:18 overflow:1
	bbox = (378.0000, 498.0000) - (381.0000, 501.0000) on Layer -
violation type: Vertical congestion
	srcs: net:u_impl/load_black_flat[1574] net:u_impl/load_black_flat[1838] net:u_impl/load_black_flat[2196] net:u_impl/n6210 net:net7964 net:net10364 net:net10947 net:net11755 net:net13160 net:net13193 net:net13635 net:net13662 net:net14096 net:net15801 net:net15858 net:net19583 net:net19599 net:net20563
	comment: capacity:17 usage:18 overflow:1
	bbox = (378.0000, 510.0000) - (381.0000, 513.0000) on Layer -
violation type: Vertical congestion
	srcs: net:u_impl/load_black_flat[2642] net:u_impl/load_red_flat[2413] net:u_impl/n347 net:u_impl/n3977 net:u_impl/n4801 net:net9782 net:net9936 net:net11288 net:net11567 net:net12174 net:net12967 net:net13026 net:net14045 net:net18256 net:net20160 net:net20233 net:net23070 net:net23071
	comment: capacity:17 usage:18 overflow:1
	bbox = (378.0000, 702.0000) - (381.0000, 705.0000) on Layer -
violation type: Vertical congestion
	srcs: net:u_impl/black_valid_q[151] net:u_impl/load_black_flat[2642] net:u_impl/load_red_flat[2413] net:u_impl/n1608 net:u_impl/n330 net:u_impl/n3977 net:net9783 net:net10276 net:net11288 net:net11567 net:net12174 net:net12967 net:net13026 net:net14046 net:net14936 net:net20160 net:net20233 net:net23070
	comment: capacity:17 usage:18 overflow:1
	bbox = (378.0000, 711.0000) - (381.0000, 714.0000) on Layer -
violation type: Vertical congestion
	srcs: net:u_impl/load_black_flat[1572] net:u_impl/load_black_flat[1579] net:u_impl/load_black_flat[1642] net:u_impl/load_black_flat[2192] net:u_impl/load_red_flat[1959] net:u_impl/n4114 net:u_impl/n4908 net:u_impl/n6776 net:net10364 net:net11200 net:net13193 net:net13849 net:net15595 net:net18664 net:net18725 net:net19402 net:net19583 net:net19679 net:net20456 net:net22298
	comment: capacity:19 usage:20 overflow:1
	bbox = (381.0000, 498.0000) - (384.0000, 501.0000) on Layer -
violation type: Vertical congestion
	srcs: net:u_impl/load_black_flat[2412] net:u_impl/load_black_flat[2610] net:u_impl/load_black_flat[2652] net:u_impl/load_black_flat[2727] net:u_impl/load_black_flat[2824] net:u_impl/load_red_flat[2499] net:u_impl/load_red_flat[2711] net:u_impl/n2076 net:net9933 net:net11643 net:net12710 net:net12851 net:net13198 net:net13504 net:net16671 net:net19187 net:net19231 net:net19361 net:net19666 net:net20281
	comment: capacity:19 usage:20 overflow:1
	bbox = (381.0000, 711.0000) - (384.0000, 714.0000) on Layer -
violation type: Vertical congestion
	srcs: net:u_impl/load_black_flat[1587] net:u_impl/load_black_flat[1597] net:u_impl/load_black_flat[1696] net:u_impl/load_black_flat[2020] net:u_impl/n1769 net:u_impl/n3172 net:u_impl/n3637 net:net5252 net:net11142 net:net12186 net:net12361 net:net13054 net:net13161 net:net13568 net:net14052 net:net17874 net:net18592 net:net18593 net:net18671 net:net19402 net:net19412 net:net19771
	comment: capacity:21 usage:22 overflow:1
	bbox = (384.0000, 510.0000) - (387.0000, 513.0000) on Layer -
violation type: Vertical congestion
	srcs: net:u_impl/load_black_flat[2719] net:u_impl/load_black_flat[2899] net:u_impl/load_red_flat[2724] net:net10220 net:net10950 net:net12706 net:net13570 net:net13674 net:net14657 net:net15103 net:net15118 net:net15776 net:net18329 net:net19095 net:net19154 net:net19193 net:net20097 net:net20120 net:net20239 net:net20317 net:net22299 net:net22895
	comment: capacity:21 usage:22 overflow:1
	bbox = (384.0000, 705.0000) - (387.0000, 708.0000) on Layer -
violation type: Vertical congestion
	srcs: net:u_impl/load_black_flat[2719] net:u_impl/load_black_flat[2899] net:u_impl/load_red_flat[2724] net:u_impl/n150 net:net10950 net:net12706 net:net13570 net:net13674 net:net14657 net:net15103 net:net15118 net:net15772 net:net15776 net:net18737 net:net19095 net:net19154 net:net19193 net:net20097 net:net20120 net:net20239 net:net20317 net:net22299
	comment: capacity:21 usage:22 overflow:1
	bbox = (384.0000, 708.0000) - (387.0000, 711.0000) on Layer -
violation type: Vertical congestion
	srcs: net:u_impl/load_black_flat[2719] net:u_impl/load_black_flat[2899] net:u_impl/load_red_flat[2724] net:u_impl/n150 net:u_impl/n16017 net:u_impl/n5577 net:net10951 net:net12706 net:net13570 net:net14657 net:net15103 net:net15772 net:net15776 net:net18737 net:net19095 net:net19154 net:net19193 net:net20097 net:net20120 net:net20239 net:net20317 net:net22299
	comment: capacity:21 usage:22 overflow:1
	bbox = (384.0000, 711.0000) - (387.0000, 714.0000) on Layer -
violation type: Vertical congestion
	srcs: net:u_impl/load_black_flat[1617] net:u_impl/load_black_flat[2206] net:u_impl/n6086 net:net9457 net:net10861 net:net10926 net:net11637 net:net12415 net:net13070 net:net13502 net:net13791 net:net13802 net:net14053 net:net14656 net:net15807 net:net18620 net:net18671 net:net19582 net:net19767 net:net20555 net:net20583 net:clknet_6_13_0_clk
	comment: capacity:21 usage:22 overflow:1
	bbox = (387.0000, 492.0000) - (390.0000, 495.0000) on Layer -
violation type: Vertical congestion
	srcs: net:u_impl/load_black_flat[1814] net:u_impl/load_red_flat[2195] net:u_impl/n1110 net:u_impl/n1786 net:net6164 net:net9456 net:net9457 net:net10860 net:net13069 net:net13502 net:net13791 net:net13796 net:net14954 net:net15595 net:net15839 net:net19582 net:net19715 net:net19767 net:net20501 net:net20555 net:net20583 net:net22365
	comment: capacity:21 usage:22 overflow:1
	bbox = (387.0000, 516.0000) - (390.0000, 519.0000) on Layer -
violation type: Vertical congestion
	srcs: net:u_impl/load_black_flat[2559] net:u_impl/load_black_flat[2716] net:u_impl/load_black_flat[2722] net:u_impl/load_black_flat[2723] net:u_impl/load_red_flat[2499] net:u_impl/load_red_flat[2903] net:u_impl/n12615 net:u_impl/n4464 net:net10831 net:net11157 net:net11256 net:net11514 net:net13202 net:net13415 net:net13417 net:net13953 net:net19084 net:net19441 net:net19745 net:net20114 net:net21118 net:clknet_11_788__leaf_clk
	comment: capacity:21 usage:22 overflow:1
	bbox = (387.0000, 705.0000) - (390.0000, 708.0000) on Layer -
violation type: Vertical congestion
	srcs: net:u_impl/load_black_flat[2559] net:u_impl/load_black_flat[2716] net:u_impl/load_black_flat[2722] net:u_impl/load_black_flat[2723] net:u_impl/load_red_flat[2499] net:u_impl/load_red_flat[2903] net:u_impl/n141 net:u_impl/n4464 net:net10220 net:net10831 net:net11157 net:net11256 net:net11514 net:net13417 net:net13953 net:net19084 net:net19441 net:net19745 net:net20114 net:net21118 net:net22895 net:clknet_11_788__leaf_clk
	comment: capacity:21 usage:22 overflow:1
	bbox = (387.0000, 708.0000) - (390.0000, 711.0000) on Layer -
violation type: Vertical congestion
	srcs: net:u_impl/load_black_flat[2414] net:u_impl/load_black_flat[2496] net:u_impl/load_black_flat[2604] net:u_impl/load_black_flat[2644] net:u_impl/load_black_flat[2718] net:u_impl/n5274 net:net10259 net:net10787 net:net11520 net:net11953 net:net13088 net:net13092 net:net13864 net:net13981 net:net15798 net:net19064 net:net19101 net:net19209 net:net19605 net:net20045 net:net20368 net:net22877
	comment: capacity:21 usage:22 overflow:1
	bbox = (390.0000, 702.0000) - (393.0000, 705.0000) on Layer -
violation type: Vertical congestion
	srcs: net:u_impl/load_black_flat[2414] net:u_impl/load_black_flat[2496] net:u_impl/load_black_flat[2547] net:u_impl/load_black_flat[2604] net:u_impl/load_black_flat[2644] net:u_impl/load_black_flat[2718] net:u_impl/n5274 net:u_impl/n683 net:net10787 net:net11953 net:net13088 net:net13092 net:net13202 net:net13446 net:net13982 net:net14060 net:net15798 net:net19064 net:net19101 net:net19209 net:net20368 net:net24373
	comment: capacity:21 usage:22 overflow:1
	bbox = (390.0000, 708.0000) - (393.0000, 711.0000) on Layer -
violation type: Vertical congestion
	srcs: net:u_impl/load_black_flat[2414] net:u_impl/load_black_flat[2496] net:u_impl/load_black_flat[2547] net:u_impl/load_black_flat[2604] net:u_impl/load_black_flat[2644] net:u_impl/load_black_flat[2718] net:u_impl/n2085 net:u_impl/n5274 net:u_impl/n683 net:net10787 net:net11953 net:net13088 net:net13092 net:net13982 net:net14060 net:net15798 net:net19064 net:net19101 net:net19209 net:net20368 net:net22972 net:net23312
	comment: capacity:21 usage:22 overflow:1
	bbox = (390.0000, 711.0000) - (393.0000, 714.0000) on Layer -
violation type: Vertical congestion
	srcs: net:u_impl/load_red_flat[1324] net:u_impl/load_red_flat[2197] net:u_impl/n11570 net:u_impl/n297 net:u_impl/n680 net:u_impl/n760 net:net10863 net:net11229 net:net11405 net:net11951 net:net12296 net:net12306 net:net12658 net:net18725 net:net19054 net:net19419 net:net19496 net:net19733 net:net19770 net:net20580
	comment: capacity:19 usage:20 overflow:1
	bbox = (393.0000, 492.0000) - (396.0000, 495.0000) on Layer -
violation type: Vertical congestion
	srcs: net:u_impl/load_black_flat[2547] net:u_impl/load_red_flat[2393] net:u_impl/load_red_flat[2466] net:u_impl/n2684 net:u_impl/n689 net:net7957 net:net8732 net:net9403 net:net11442 net:net12706 net:net13597 net:net16466 net:net16577 net:net16589 net:net18729 net:net19055 net:net19119 net:net19120 net:net19237 net:net19330
	comment: capacity:19 usage:20 overflow:1
	bbox = (393.0000, 702.0000) - (396.0000, 705.0000) on Layer -
violation type: Vertical congestion
	srcs: net:u_impl/load_red_flat[2466] net:u_impl/n3087 net:net7957 net:net8732 net:net9404 net:net11442 net:net13597 net:net14912 net:net15520 net:net16466 net:net16577 net:net18729 net:net19055 net:net19119 net:net19120 net:net19237 net:net19330 net:net19742 net:net20045 net:net22877
	comment: capacity:19 usage:20 overflow:1
	bbox = (393.0000, 708.0000) - (396.0000, 711.0000) on Layer -
violation type: Vertical congestion
	srcs: net:u_impl/load_black_flat[1452] net:u_impl/load_black_flat[1599] net:u_impl/load_black_flat[1778] net:u_impl/load_red_flat[1302] net:u_impl/n3783 net:u_impl/n4294 net:u_impl/n6775 net:net8710 net:net10795 net:net11045 net:net11405 net:net12953 net:net13595 net:net13656 net:net19414 net:net19575 net:net19580 net:net19588 net:net19645 net:net19773 net:net20575 net:net21072
	comment: capacity:21 usage:22 overflow:1
	bbox = (396.0000, 510.0000) - (399.0000, 513.0000) on Layer -
violation type: Vertical congestion
	srcs: net:u_impl/load_black_flat[1311] net:u_impl/load_black_flat[1452] net:u_impl/load_black_flat[1599] net:u_impl/n1110 net:u_impl/n3783 net:u_impl/n5809 net:net8622 net:net8710 net:net8808 net:net10795 net:net11405 net:net12953 net:net13595 net:net13656 net:net15801 net:net19414 net:net19575 net:net19580 net:net19588 net:net19773 net:net20575 net:net21072
	comment: capacity:21 usage:22 overflow:1
	bbox = (396.0000, 519.0000) - (399.0000, 522.0000) on Layer -
violation type: Vertical congestion
	srcs: net:u_impl/load_black_flat[1152] net:u_impl/load_black_flat[2402] net:u_impl/load_black_flat[2704] net:u_impl/load_red_flat[2827] net:u_impl/load_red_flat[2843] net:u_impl/n4784 net:net7914 net:net9735 net:net11155 net:net12699 net:net12956 net:net13766 net:net14073 net:net15519 net:net19198 net:net19225 net:net19263 net:net19267 net:net19648 net:net20206 net:net20332 net:net20341
	comment: capacity:21 usage:22 overflow:1
	bbox = (396.0000, 702.0000) - (399.0000, 705.0000) on Layer -
violation type: Vertical congestion
	srcs: net:u_impl/load_black_flat[1152] net:u_impl/load_black_flat[2402] net:u_impl/load_black_flat[2704] net:u_impl/load_red_flat[2393] net:u_impl/load_red_flat[2827] net:u_impl/load_red_flat[2843] net:u_impl/n12617 net:u_impl/n4784 net:net10074 net:net11155 net:net12699 net:net12956 net:net14073 net:net16589 net:net19198 net:net19225 net:net19263 net:net19267 net:net20206 net:net20332 net:net20341 net:clknet_11_789__leaf_clk
	comment: capacity:21 usage:22 overflow:1
	bbox = (396.0000, 708.0000) - (399.0000, 711.0000) on Layer -
violation type: Vertical congestion
	srcs: net:u_impl/load_black_flat[1426] net:u_impl/load_black_flat[1452] net:u_impl/load_black_flat[1613] net:u_impl/load_red_flat[2019] net:u_impl/load_red_flat[2451] net:u_impl/n2875 net:u_impl/n2878 net:u_impl/n2889 net:net3088 net:net9559 net:net10162 net:net10810 net:net12797 net:net13435 net:net14900 net:net18692 net:net19478 net:net19615 net:net19645 net:net19653 net:net20508 net:net20579
	comment: capacity:21 usage:22 overflow:1
	bbox = (399.0000, 498.0000) - (402.0000, 501.0000) on Layer -
violation type: Vertical congestion
	srcs: net:u_impl/load_black_flat[1426] net:u_impl/load_black_flat[2258] net:u_impl/load_red_flat[2283] net:u_impl/n5239 net:net3088 net:net8702 net:net8944 net:net10162 net:net12002 net:net12306 net:net13292 net:net13435 net:net14901 net:net14923 net:net14947 net:net15154 net:net15222 net:net15792 net:net16724 net:net19615 net:net19653 net:net20508
	comment: capacity:21 usage:22 overflow:1
	bbox = (399.0000, 522.0000) - (402.0000, 525.0000) on Layer -
violation type: Vertical congestion
	srcs: net:u_impl/black_valid_q[149] net:u_impl/load_black_flat[2400] net:u_impl/load_black_flat[2413] net:u_impl/load_black_flat[2807] net:u_impl/n4711 net:net7900 net:net11176 net:net11854 net:net13102 net:net13446 net:net13877 net:net15307 net:net15887 net:net16589 net:net19067 net:net19113 net:net19235 net:net19454 net:net20113 net:net20142 net:net20173 net:net20290
	comment: capacity:21 usage:22 overflow:1
	bbox = (399.0000, 711.0000) - (402.0000, 714.0000) on Layer -
violation type: Vertical congestion
	srcs: net:u_impl/load_black_flat[1604] net:u_impl/load_black_flat[2195] net:u_impl/load_red_flat[1470] net:u_impl/n4869 net:net7771 net:net9059 net:net10709 net:net10812 net:net11472 net:net11946 net:net13844 net:net15248 net:net15804 net:net15831 net:net17883 net:net19577 net:net19579 net:net19587 net:net19727 net:net20587 net:net22701 net:clknet_6_13_0_clk
	comment: capacity:21 usage:22 overflow:1
	bbox = (402.0000, 510.0000) - (405.0000, 513.0000) on Layer -
violation type: Vertical congestion
	srcs: net:u_impl/load_black_flat[2511] net:u_impl/load_red_flat[2402] net:u_impl/n3079 net:u_impl/n3087 net:u_impl/n6213 net:net3084 net:net6166 net:net7899 net:net11461 net:net14912 net:net14929 net:net15102 net:net16743 net:net19066 net:net19343 net:net19490 net:net20083 net:net20141 net:net20171 net:net20265 net:net20367 net:net21383
	comment: capacity:21 usage:22 overflow:1
	bbox = (402.0000, 702.0000) - (405.0000, 705.0000) on Layer -
violation type: Vertical congestion
	srcs: net:u_impl/load_black_flat[2511] net:u_impl/load_red_flat[2402] net:u_impl/n16018 net:u_impl/n3079 net:u_impl/n5409 net:u_impl/n6213 net:net3084 net:net6166 net:net10813 net:net11461 net:net14929 net:net16743 net:net19066 net:net19076 net:net19343 net:net19490 net:net20083 net:net20171 net:net20265 net:net20367 net:net22877 net:net24373
	comment: capacity:21 usage:22 overflow:1
	bbox = (402.0000, 711.0000) - (405.0000, 714.0000) on Layer -
violation type: Vertical congestion
	srcs: net:u_impl/load_black_flat[2511] net:u_impl/n3079 net:u_impl/n6213 net:net3084 net:net6166 net:net10813 net:net11461 net:net13671 net:net14929 net:net15772 net:net15776 net:net18479 net:net19066 net:net19076 net:net19343 net:net19745 net:net20045 net:net20083 net:net20171 net:net20265 net:net20367 net:net21728
	comment: capacity:21 usage:22 overflow:1
	bbox = (402.0000, 720.0000) - (405.0000, 723.0000) on Layer -
violation type: Vertical congestion
	srcs: net:u_impl/load_black_flat[1311] net:u_impl/load_black_flat[1447] net:u_impl/load_black_flat[2258] net:u_impl/load_red_flat[1609] net:u_impl/load_red_flat[1790] net:u_impl/n11654 net:u_impl/n4094 net:u_impl/n7270 net:net7619 net:net7918 net:net10328 net:net11457 net:net15179 net:net18689 net:net19352 net:net19483 net:net20556 net:net20806 net:net21111 net:net23253 net:net23270 net:clknet_9_107_0_clk
	comment: capacity:21 usage:22 overflow:1
	bbox = (405.0000, 516.0000) - (408.0000, 519.0000) on Layer -
violation type: Vertical congestion
	srcs: net:u_impl/load_black_flat[2403] net:u_impl/load_black_flat[2831] net:u_impl/load_red_flat[2391] net:u_impl/load_red_flat[2673] net:u_impl/load_red_flat[2910] net:net5770 net:net10148 net:net10813 net:net10817 net:net13671 net:net15216 net:net15255 net:net15489 net:net16375 net:net19115 net:net19118 net:net19206 net:net19233 net:net20078 net:net20119 net:net20141 net:net21771
	comment: capacity:21 usage:22 overflow:1
	bbox = (408.0000, 708.0000) - (411.0000, 711.0000) on Layer -
violation type: Vertical congestion
	srcs: net:u_impl/load_black_flat[1503] net:u_impl/load_black_flat[1611] net:u_impl/load_black_flat[1935] net:u_impl/load_red_flat[1470] net:u_impl/load_red_flat[2200] net:u_impl/n970 net:net9057 net:net12003 net:net13065 net:net15411 net:net15808 net:net16657 net:net17608 net:net18688 net:net19346 net:net19591 net:net19593 net:net20428 net:net20439 net:net20582 net:net20924 net:clknet_11_428__leaf_clk
	comment: capacity:21 usage:22 overflow:1
	bbox = (411.0000, 498.0000) - (414.0000, 501.0000) on Layer -
violation type: Vertical congestion
	srcs: net:u_impl/load_black_flat[2408] net:u_impl/load_black_flat[2409] net:u_impl/load_black_flat[2906] net:u_impl/load_red_flat[2225] net:u_impl/load_red_flat[2228] net:u_impl/load_red_flat[2369] net:u_impl/load_red_flat[2437] net:u_impl/load_red_flat[2481] net:u_impl/n5842 net:u_impl/n6269 net:net8002 net:net9052 net:net11146 net:net12747 net:net13347 net:net15180 net:net16792 net:net19159 net:net19648 net:net20071 net:net20328 net:net21227
	comment: capacity:21 usage:22 overflow:1
	bbox = (411.0000, 708.0000) - (414.0000, 711.0000) on Layer -
violation type: Vertical congestion
	srcs: net:u_impl/load_black_flat[1448] net:u_impl/load_black_flat[1612] net:u_impl/load_red_flat[2196] net:u_impl/n2415 net:net12112 net:net13028 net:net13065 net:net13645 net:net15380 net:net15527 net:net19346 net:net19416 net:net19420 net:net19505 net:net20432 net:net20452 net:net20586 net:net21111 net:net23124 net:net23197
	comment: capacity:19 usage:20 overflow:1
	bbox = (414.0000, 507.0000) - (417.0000, 510.0000) on Layer -
violation type: Vertical congestion
	srcs: net:u_impl/load_red_flat[2229] net:u_impl/load_red_flat[2459] net:u_impl/load_red_flat[2825] net:u_impl/n1023 net:u_impl/n3707 net:u_impl/n4866 net:u_impl/n6115 net:u_impl/n6119 net:u_impl/n792 net:net11146 net:net13347 net:net13687 net:net13977 net:net14914 net:net14928 net:net15156 net:net16520 net:net19082 net:net19133 net:net19274
	comment: capacity:19 usage:20 overflow:1
	bbox = (414.0000, 690.0000) - (417.0000, 693.0000) on Layer -
violation type: Vertical congestion
	srcs: net:u_impl/load_black_flat[2731] net:u_impl/load_red_flat[2229] net:u_impl/load_red_flat[2459] net:u_impl/load_red_flat[2825] net:u_impl/load_red_flat[2865] net:u_impl/n1012 net:u_impl/n3710 net:u_impl/n6119 net:u_impl/n792 net:net10133 net:net12960 net:net12980 net:net13682 net:net14047 net:net15156 net:net16520 net:net19082 net:net19133 net:net19274 net:net19552
	comment: capacity:19 usage:20 overflow:1
	bbox = (414.0000, 708.0000) - (417.0000, 711.0000) on Layer -
violation type: Vertical congestion
	srcs: net:u_impl/load_black_flat[1514] net:u_impl/load_black_flat[1593] net:u_impl/load_red_flat[1440] net:u_impl/load_red_flat[2272] net:net8763 net:net11072 net:net11488 net:net11582 net:net12849 net:net13350 net:net13916 net:net15127 net:net18612 net:net19567 net:net19574 net:net19589 net:net20242 net:net20431 net:net23260 net:clknet_11_429__leaf_clk
	comment: capacity:19 usage:20 overflow:1
	bbox = (417.0000, 510.0000) - (420.0000, 513.0000) on Layer -
violation type: Vertical congestion
	srcs: net:u_impl/load_red_flat[2544] net:u_impl/load_red_flat[2905] net:u_impl/n6175 net:u_impl/n7279 net:u_impl/n792 net:net11171 net:net11212 net:net11497 net:net12328 net:net12963 net:net13164 net:net13319 net:net13377 net:net14507 net:net14745 net:net16520 net:net18233 net:net19277 net:net19347 net:net21409
	comment: capacity:19 usage:20 overflow:1
	bbox = (417.0000, 711.0000) - (420.0000, 714.0000) on Layer -
violation type: Vertical congestion
	srcs: net:u_impl/load_red_flat[2237] net:u_impl/load_red_flat[2657] net:u_impl/n1593 net:u_impl/n4653 net:net8942 net:net11132 net:net11236 net:net11441 net:net11537 net:net12933 net:net13300 net:net14015 net:net18652 net:net19236 net:net19345 net:net19433 net:net20426 net:clknet_11_832__leaf_clk
	comment: capacity:17 usage:18 overflow:1
	bbox = (420.0000, 702.0000) - (423.0000, 705.0000) on Layer -
violation type: Vertical congestion
	srcs: net:u_impl/load_black_flat[2390] net:u_impl/load_black_flat[3130] net:u_impl/n1111 net:u_impl/n15002 net:u_impl/n3496 net:u_impl/n968 net:net1700 net:net9673 net:net10158 net:net12139 net:net13388 net:net13445 net:net14508 net:net18731 net:net19086 net:net19218 net:net19258 net:net19342 net:net20330 net:net22166 net:net22749 net:net23199
	comment: capacity:21 usage:22 overflow:1
	bbox = (423.0000, 702.0000) - (426.0000, 705.0000) on Layer -
violation type: Vertical congestion
	srcs: net:u_impl/load_black_flat[2229] net:u_impl/load_black_flat[2490] net:u_impl/load_red_flat[2478] net:u_impl/load_red_flat[2667] net:u_impl/n2829 net:u_impl/n608 net:net9410 net:net11877 net:net12876 net:net15895 net:net18213 net:net18233 net:net18256 net:net19092 net:net19234 net:net20050 net:net20272 net:net20333 net:net21625 net:net22370 net:net23271 net:clknet_9_208_0_clk
	comment: capacity:21 usage:22 overflow:1
	bbox = (426.0000, 702.0000) - (429.0000, 705.0000) on Layer -
violation type: Vertical congestion
	srcs: net:u_impl/load_black_flat[1544] net:u_impl/load_red_flat[1501] net:u_impl/load_red_flat[1930] net:u_impl/load_red_flat[1931] net:u_impl/load_red_flat[2347] net:u_impl/load_red_flat[2426] net:u_impl/u_core/g_row_14__g_col_2__u_pe/u_r_red/n30 net:u_impl/u_core/g_row_14__g_col_2__u_pe/u_r_red/n31 net:u_impl/u_core/g_row_14__g_col_2__u_pe/u_r_red/n8 net:net4358 net:net4359 net:net11053 net:net11140 net:net11232 net:net15470 net:net19569 net:net19657 net:net20483 net:net20504 net:net23940 net:net23944
	comment: capacity:20 usage:21 overflow:1
	bbox = (432.0000, 510.0000) - (435.0000, 513.0000) on Layer -
violation type: Vertical congestion
	srcs: net:u_impl/load_red_flat[2574] net:u_impl/load_red_flat[2672] net:u_impl/load_red_flat[2822] net:u_impl/load_red_flat[2824] net:u_impl/n4017 net:u_impl/u_core/g_row_13__g_col_9__u_pe/u_r_red/n36 net:net4372 net:net7102 net:net7116 net:net9259 net:net12879 net:net12947 net:net13308 net:net14980 net:net15588 net:net18727 net:net19196 net:net20053 net:net20200 net:net20808 net:net21873
	comment: capacity:20 usage:21 overflow:1
	bbox = (432.0000, 708.0000) - (435.0000, 711.0000) on Layer -
violation type: Vertical congestion
	srcs: net:u_impl/load_black_flat[2264] net:u_impl/load_red_flat[1448] net:u_impl/load_red_flat[1490] net:u_impl/n3651 net:u_impl/u_core/g_row_14__g_col_2__u_pe/r_black_q[3] net:u_impl/u_core/g_row_14__g_col_2__u_pe/r_red_q[2] net:u_impl/u_core/g_row_14__g_col_2__u_pe/r_red_q[3] net:net11044 net:net11115 net:net12841 net:net13866 net:net14029 net:net14914 net:net14954 net:net18249 net:net19480 net:net19503 net:net20354 net:net20570 net:net20853 net:net23943
	comment: capacity:20 usage:21 overflow:1
	bbox = (435.0000, 510.0000) - (438.0000, 513.0000) on Layer -
violation type: Vertical congestion
	srcs: net:u_impl/load_black_flat[1085] net:u_impl/load_black_flat[2124] net:u_impl/load_red_flat[2121] net:u_impl/n2738 net:u_impl/n4192 net:u_impl/u_core/g_row_1__g_col_4__u_pe/r_black_q[7] net:u_impl/u_core/g_row_1__g_col_4__u_pe/u_r_black/n35 net:net7705 net:net7806 net:net9126 net:net9442 net:net9614 net:net9955 net:net10043 net:net12225 net:net14165 net:net19788 net:net19869 net:net19893 net:net19898 net:net25066 net:net25180
	comment: capacity:21 usage:22 overflow:1
	bbox = (891.0000, 561.0000) - (894.0000, 564.0000) on Layer -
violation type: Vertical congestion
	srcs: net:u_impl/load_black_flat[1] net:u_impl/load_red_flat[2124] net:u_impl/load_red_flat[221] net:u_impl/load_red_flat[716] net:u_impl/n3605 net:u_impl/n5111 net:u_impl/n6046 net:net7481 net:net8244 net:net8741 net:net8847 net:net9640 net:net9760 net:net10116 net:net10264 net:net10705 net:net11939 net:net12271 net:net18823 net:net19783 net:net19845 net:net19864
	comment: capacity:21 usage:22 overflow:1
	bbox = (942.0000, 564.0000) - (945.0000, 567.0000) on Layer -
