 
****************************************
check_design summary:
Version:     O-2018.06-SP1
Date:        Sat Aug  1 02:32:01 2026
****************************************

                   Name                                            Total
--------------------------------------------------------------------------------
Inputs/Outputs                                                   2402
    Unconnected ports (LINT-28)                                   401
    Feedthrough (LINT-29)                                        1300
    Shorted outputs (LINT-31)                                     700
    Constant outputs (LINT-52)                                      1

Cells                                                              52
    Cells do not drive (LINT-1)                                    16
    Connected to power or ground (LINT-32)                         33
    Nets connected to multiple pins on same cell (LINT-33)          3
--------------------------------------------------------------------------------

Warning: In design 'pde_chip_top_20_20_1_1_1_4096_10', cell 'C55444' does not drive any nets. (LINT-1)
Warning: In design 'pde_chip_top_20_20_1_1_1_4096_10', cell 'C56153' does not drive any nets. (LINT-1)
Warning: In design 'pde_chip_top_20_20_1_1_1_4096_10', cell 'C56157' does not drive any nets. (LINT-1)
Warning: In design 'pde_chip_top_20_20_1_1_1_4096_10', cell 'C56161' does not drive any nets. (LINT-1)
Warning: In design 'pde_chip_top_20_20_1_1_1_4096_10', cell 'C56165' does not drive any nets. (LINT-1)
Warning: In design 'pde_chip_top_20_20_1_1_1_4096_10', cell 'C56169' does not drive any nets. (LINT-1)
Warning: In design 'pde_chip_top_20_20_1_1_1_4096_10', cell 'C56186' does not drive any nets. (LINT-1)
Warning: In design 'pde_tcu_1_1_4096', cell 'B_24' does not drive any nets. (LINT-1)
Warning: In design 'pde_tcu_1_1_4096', cell 'B_25' does not drive any nets. (LINT-1)
Warning: In design 'pde_tcu_1_1_4096', cell 'C891' does not drive any nets. (LINT-1)
Warning: In design 'pde_tcu_1_1_4096', cell 'C894' does not drive any nets. (LINT-1)
Warning: In design 'pde_tcu_1_1_4096', cell 'C900' does not drive any nets. (LINT-1)
Warning: In design 'pde_memcontrol_NROW20_NCOL_LOG20', cell 'B_103' does not drive any nets. (LINT-1)
Warning: In design 'pde_memcontrol_NROW20_NCOL_LOG20', cell 'B_104' does not drive any nets. (LINT-1)
Warning: In design 'counter_ce_WIDTH5', cell 'C70' does not drive any nets. (LINT-1)
Warning: In design 'counter_ce_WIDTH5', cell 'C73' does not drive any nets. (LINT-1)
Warning: In design 'pde_tcu_1_1_4096', port 'any_nonzero' is not connected to any nets. (LINT-28)
Warning: In design 'pe_top_0_1_99', port 'prec[1]' is not connected to any nets. (LINT-28)
Warning: In design 'pe_top_0_1_99', port 'prec[0]' is not connected to any nets. (LINT-28)
Warning: In design 'pe_top_1_1_99', port 'prec[1]' is not connected to any nets. (LINT-28)
Warning: In design 'pe_top_1_1_99', port 'prec[0]' is not connected to any nets. (LINT-28)
Warning: In design 'pe_top_0_1_0', port 'prec[1]' is not connected to any nets. (LINT-28)
Warning: In design 'pe_top_0_1_0', port 'prec[0]' is not connected to any nets. (LINT-28)
Warning: In design 'pe_top_0_1_1', port 'prec[1]' is not connected to any nets. (LINT-28)
Warning: In design 'pe_top_0_1_1', port 'prec[0]' is not connected to any nets. (LINT-28)
Warning: In design 'pe_top_0_1_2', port 'prec[1]' is not connected to any nets. (LINT-28)
Warning: In design 'pe_top_0_1_2', port 'prec[0]' is not connected to any nets. (LINT-28)
Warning: In design 'pe_top_0_1_3', port 'prec[1]' is not connected to any nets. (LINT-28)
Warning: In design 'pe_top_0_1_3', port 'prec[0]' is not connected to any nets. (LINT-28)
Warning: In design 'pe_top_0_1_4', port 'prec[1]' is not connected to any nets. (LINT-28)
Warning: In design 'pe_top_0_1_4', port 'prec[0]' is not connected to any nets. (LINT-28)
Warning: In design 'pe_top_0_1_5', port 'prec[1]' is not connected to any nets. (LINT-28)
Warning: In design 'pe_top_0_1_5', port 'prec[0]' is not connected to any nets. (LINT-28)
Warning: In design 'pe_top_0_1_6', port 'prec[1]' is not connected to any nets. (LINT-28)
Warning: In design 'pe_top_0_1_6', port 'prec[0]' is not connected to any nets. (LINT-28)
Warning: In design 'pe_top_0_1_7', port 'prec[1]' is not connected to any nets. (LINT-28)
Warning: In design 'pe_top_0_1_7', port 'prec[0]' is not connected to any nets. (LINT-28)
Warning: In design 'pe_top_0_1_8', port 'prec[1]' is not connected to any nets. (LINT-28)
Warning: In design 'pe_top_0_1_8', port 'prec[0]' is not connected to any nets. (LINT-28)
Warning: In design 'pe_top_0_1_9', port 'prec[1]' is not connected to any nets. (LINT-28)
Warning: In design 'pe_top_0_1_9', port 'prec[0]' is not connected to any nets. (LINT-28)
Warning: In design 'pe_top_0_1_10', port 'prec[1]' is not connected to any nets. (LINT-28)
Warning: In design 'pe_top_0_1_10', port 'prec[0]' is not connected to any nets. (LINT-28)
Warning: In design 'pe_top_0_1_11', port 'prec[1]' is not connected to any nets. (LINT-28)
Warning: In design 'pe_top_0_1_11', port 'prec[0]' is not connected to any nets. (LINT-28)
Warning: In design 'pe_top_0_1_12', port 'prec[1]' is not connected to any nets. (LINT-28)
Warning: In design 'pe_top_0_1_12', port 'prec[0]' is not connected to any nets. (LINT-28)
Warning: In design 'pe_top_0_1_13', port 'prec[1]' is not connected to any nets. (LINT-28)
Warning: In design 'pe_top_0_1_13', port 'prec[0]' is not connected to any nets. (LINT-28)
Warning: In design 'pe_top_0_1_14', port 'prec[1]' is not connected to any nets. (LINT-28)
Warning: In design 'pe_top_0_1_14', port 'prec[0]' is not connected to any nets. (LINT-28)
Warning: In design 'pe_top_0_1_15', port 'prec[1]' is not connected to any nets. (LINT-28)
Warning: In design 'pe_top_0_1_15', port 'prec[0]' is not connected to any nets. (LINT-28)
Warning: In design 'pe_top_0_1_16', port 'prec[1]' is not connected to any nets. (LINT-28)
Warning: In design 'pe_top_0_1_16', port 'prec[0]' is not connected to any nets. (LINT-28)
Warning: In design 'pe_top_0_1_17', port 'prec[1]' is not connected to any nets. (LINT-28)
Warning: In design 'pe_top_0_1_17', port 'prec[0]' is not connected to any nets. (LINT-28)
Warning: In design 'pe_top_0_1_18', port 'prec[1]' is not connected to any nets. (LINT-28)
Warning: In design 'pe_top_0_1_18', port 'prec[0]' is not connected to any nets. (LINT-28)
Warning: In design 'pe_top_0_1_19', port 'prec[1]' is not connected to any nets. (LINT-28)
Warning: In design 'pe_top_0_1_19', port 'prec[0]' is not connected to any nets. (LINT-28)
Warning: In design 'pe_top_0_1_20', port 'prec[1]' is not connected to any nets. (LINT-28)
Warning: In design 'pe_top_0_1_20', port 'prec[0]' is not connected to any nets. (LINT-28)
Warning: In design 'pe_top_0_1_21', port 'prec[1]' is not connected to any nets. (LINT-28)
Warning: In design 'pe_top_0_1_21', port 'prec[0]' is not connected to any nets. (LINT-28)
Warning: In design 'pe_top_0_1_22', port 'prec[1]' is not connected to any nets. (LINT-28)
Warning: In design 'pe_top_0_1_22', port 'prec[0]' is not connected to any nets. (LINT-28)
Warning: In design 'pe_top_0_1_23', port 'prec[1]' is not connected to any nets. (LINT-28)
Warning: In design 'pe_top_0_1_23', port 'prec[0]' is not connected to any nets. (LINT-28)
Warning: In design 'pe_top_0_1_24', port 'prec[1]' is not connected to any nets. (LINT-28)
Warning: In design 'pe_top_0_1_24', port 'prec[0]' is not connected to any nets. (LINT-28)
Warning: In design 'pe_top_0_1_25', port 'prec[1]' is not connected to any nets. (LINT-28)
Warning: In design 'pe_top_0_1_25', port 'prec[0]' is not connected to any nets. (LINT-28)
Warning: In design 'pe_top_0_1_26', port 'prec[1]' is not connected to any nets. (LINT-28)
Warning: In design 'pe_top_0_1_26', port 'prec[0]' is not connected to any nets. (LINT-28)
Warning: In design 'pe_top_0_1_27', port 'prec[1]' is not connected to any nets. (LINT-28)
Warning: In design 'pe_top_0_1_27', port 'prec[0]' is not connected to any nets. (LINT-28)
Warning: In design 'pe_top_0_1_28', port 'prec[1]' is not connected to any nets. (LINT-28)
Warning: In design 'pe_top_0_1_28', port 'prec[0]' is not connected to any nets. (LINT-28)
Warning: In design 'pe_top_0_1_29', port 'prec[1]' is not connected to any nets. (LINT-28)
Warning: In design 'pe_top_0_1_29', port 'prec[0]' is not connected to any nets. (LINT-28)
Warning: In design 'pe_top_0_1_30', port 'prec[1]' is not connected to any nets. (LINT-28)
Warning: In design 'pe_top_0_1_30', port 'prec[0]' is not connected to any nets. (LINT-28)
Warning: In design 'pe_top_0_1_31', port 'prec[1]' is not connected to any nets. (LINT-28)
Warning: In design 'pe_top_0_1_31', port 'prec[0]' is not connected to any nets. (LINT-28)
Warning: In design 'pe_top_0_1_32', port 'prec[1]' is not connected to any nets. (LINT-28)
Warning: In design 'pe_top_0_1_32', port 'prec[0]' is not connected to any nets. (LINT-28)
Warning: In design 'pe_top_0_1_33', port 'prec[1]' is not connected to any nets. (LINT-28)
Warning: In design 'pe_top_0_1_33', port 'prec[0]' is not connected to any nets. (LINT-28)
Warning: In design 'pe_top_0_1_34', port 'prec[1]' is not connected to any nets. (LINT-28)
Warning: In design 'pe_top_0_1_34', port 'prec[0]' is not connected to any nets. (LINT-28)
Warning: In design 'pe_top_0_1_35', port 'prec[1]' is not connected to any nets. (LINT-28)
Warning: In design 'pe_top_0_1_35', port 'prec[0]' is not connected to any nets. (LINT-28)
Warning: In design 'pe_top_0_1_36', port 'prec[1]' is not connected to any nets. (LINT-28)
Warning: In design 'pe_top_0_1_36', port 'prec[0]' is not connected to any nets. (LINT-28)
Warning: In design 'pe_top_0_1_37', port 'prec[1]' is not connected to any nets. (LINT-28)
Warning: In design 'pe_top_0_1_37', port 'prec[0]' is not connected to any nets. (LINT-28)
Warning: In design 'pe_top_0_1_38', port 'prec[1]' is not connected to any nets. (LINT-28)
Warning: In design 'pe_top_0_1_38', port 'prec[0]' is not connected to any nets. (LINT-28)
Warning: In design 'pe_top_0_1_39', port 'prec[1]' is not connected to any nets. (LINT-28)
Warning: In design 'pe_top_0_1_39', port 'prec[0]' is not connected to any nets. (LINT-28)
Warning: In design 'pe_top_0_1_40', port 'prec[1]' is not connected to any nets. (LINT-28)
Warning: In design 'pe_top_0_1_40', port 'prec[0]' is not connected to any nets. (LINT-28)
Warning: In design 'pe_top_0_1_41', port 'prec[1]' is not connected to any nets. (LINT-28)
Warning: In design 'pe_top_0_1_41', port 'prec[0]' is not connected to any nets. (LINT-28)
Warning: In design 'pe_top_0_1_42', port 'prec[1]' is not connected to any nets. (LINT-28)
Warning: In design 'pe_top_0_1_42', port 'prec[0]' is not connected to any nets. (LINT-28)
Warning: In design 'pe_top_0_1_43', port 'prec[1]' is not connected to any nets. (LINT-28)
Warning: In design 'pe_top_0_1_43', port 'prec[0]' is not connected to any nets. (LINT-28)
Warning: In design 'pe_top_0_1_44', port 'prec[1]' is not connected to any nets. (LINT-28)
Warning: In design 'pe_top_0_1_44', port 'prec[0]' is not connected to any nets. (LINT-28)
Warning: In design 'pe_top_0_1_45', port 'prec[1]' is not connected to any nets. (LINT-28)
Warning: In design 'pe_top_0_1_45', port 'prec[0]' is not connected to any nets. (LINT-28)
Warning: In design 'pe_top_0_1_46', port 'prec[1]' is not connected to any nets. (LINT-28)
Warning: In design 'pe_top_0_1_46', port 'prec[0]' is not connected to any nets. (LINT-28)
Warning: In design 'pe_top_0_1_47', port 'prec[1]' is not connected to any nets. (LINT-28)
Warning: In design 'pe_top_0_1_47', port 'prec[0]' is not connected to any nets. (LINT-28)
Warning: In design 'pe_top_0_1_48', port 'prec[1]' is not connected to any nets. (LINT-28)
Warning: In design 'pe_top_0_1_48', port 'prec[0]' is not connected to any nets. (LINT-28)
Warning: In design 'pe_top_0_1_49', port 'prec[1]' is not connected to any nets. (LINT-28)
Warning: In design 'pe_top_0_1_49', port 'prec[0]' is not connected to any nets. (LINT-28)
Warning: In design 'pe_top_0_1_50', port 'prec[1]' is not connected to any nets. (LINT-28)
Warning: In design 'pe_top_0_1_50', port 'prec[0]' is not connected to any nets. (LINT-28)
Warning: In design 'pe_top_0_1_51', port 'prec[1]' is not connected to any nets. (LINT-28)
Warning: In design 'pe_top_0_1_51', port 'prec[0]' is not connected to any nets. (LINT-28)
Warning: In design 'pe_top_0_1_52', port 'prec[1]' is not connected to any nets. (LINT-28)
Warning: In design 'pe_top_0_1_52', port 'prec[0]' is not connected to any nets. (LINT-28)
Warning: In design 'pe_top_0_1_53', port 'prec[1]' is not connected to any nets. (LINT-28)
Warning: In design 'pe_top_0_1_53', port 'prec[0]' is not connected to any nets. (LINT-28)
Warning: In design 'pe_top_0_1_54', port 'prec[1]' is not connected to any nets. (LINT-28)
Warning: In design 'pe_top_0_1_54', port 'prec[0]' is not connected to any nets. (LINT-28)
Warning: In design 'pe_top_0_1_55', port 'prec[1]' is not connected to any nets. (LINT-28)
Warning: In design 'pe_top_0_1_55', port 'prec[0]' is not connected to any nets. (LINT-28)
Warning: In design 'pe_top_0_1_56', port 'prec[1]' is not connected to any nets. (LINT-28)
Warning: In design 'pe_top_0_1_56', port 'prec[0]' is not connected to any nets. (LINT-28)
Warning: In design 'pe_top_0_1_57', port 'prec[1]' is not connected to any nets. (LINT-28)
Warning: In design 'pe_top_0_1_57', port 'prec[0]' is not connected to any nets. (LINT-28)
Warning: In design 'pe_top_0_1_58', port 'prec[1]' is not connected to any nets. (LINT-28)
Warning: In design 'pe_top_0_1_58', port 'prec[0]' is not connected to any nets. (LINT-28)
Warning: In design 'pe_top_0_1_59', port 'prec[1]' is not connected to any nets. (LINT-28)
Warning: In design 'pe_top_0_1_59', port 'prec[0]' is not connected to any nets. (LINT-28)
Warning: In design 'pe_top_0_1_60', port 'prec[1]' is not connected to any nets. (LINT-28)
Warning: In design 'pe_top_0_1_60', port 'prec[0]' is not connected to any nets. (LINT-28)
Warning: In design 'pe_top_0_1_61', port 'prec[1]' is not connected to any nets. (LINT-28)
Warning: In design 'pe_top_0_1_61', port 'prec[0]' is not connected to any nets. (LINT-28)
Warning: In design 'pe_top_0_1_62', port 'prec[1]' is not connected to any nets. (LINT-28)
Warning: In design 'pe_top_0_1_62', port 'prec[0]' is not connected to any nets. (LINT-28)
Warning: In design 'pe_top_0_1_63', port 'prec[1]' is not connected to any nets. (LINT-28)
Warning: In design 'pe_top_0_1_63', port 'prec[0]' is not connected to any nets. (LINT-28)
Warning: In design 'pe_top_0_1_64', port 'prec[1]' is not connected to any nets. (LINT-28)
Warning: In design 'pe_top_0_1_64', port 'prec[0]' is not connected to any nets. (LINT-28)
Warning: In design 'pe_top_0_1_65', port 'prec[1]' is not connected to any nets. (LINT-28)
Warning: In design 'pe_top_0_1_65', port 'prec[0]' is not connected to any nets. (LINT-28)
Warning: In design 'pe_top_0_1_66', port 'prec[1]' is not connected to any nets. (LINT-28)
Warning: In design 'pe_top_0_1_66', port 'prec[0]' is not connected to any nets. (LINT-28)
Warning: In design 'pe_top_0_1_67', port 'prec[1]' is not connected to any nets. (LINT-28)
Warning: In design 'pe_top_0_1_67', port 'prec[0]' is not connected to any nets. (LINT-28)
Warning: In design 'pe_top_0_1_68', port 'prec[1]' is not connected to any nets. (LINT-28)
Warning: In design 'pe_top_0_1_68', port 'prec[0]' is not connected to any nets. (LINT-28)
Warning: In design 'pe_top_0_1_69', port 'prec[1]' is not connected to any nets. (LINT-28)
Warning: In design 'pe_top_0_1_69', port 'prec[0]' is not connected to any nets. (LINT-28)
Warning: In design 'pe_top_0_1_70', port 'prec[1]' is not connected to any nets. (LINT-28)
Warning: In design 'pe_top_0_1_70', port 'prec[0]' is not connected to any nets. (LINT-28)
Warning: In design 'pe_top_0_1_71', port 'prec[1]' is not connected to any nets. (LINT-28)
Warning: In design 'pe_top_0_1_71', port 'prec[0]' is not connected to any nets. (LINT-28)
Warning: In design 'pe_top_0_1_72', port 'prec[1]' is not connected to any nets. (LINT-28)
Warning: In design 'pe_top_0_1_72', port 'prec[0]' is not connected to any nets. (LINT-28)
Warning: In design 'pe_top_0_1_73', port 'prec[1]' is not connected to any nets. (LINT-28)
Warning: In design 'pe_top_0_1_73', port 'prec[0]' is not connected to any nets. (LINT-28)
Warning: In design 'pe_top_0_1_74', port 'prec[1]' is not connected to any nets. (LINT-28)
Warning: In design 'pe_top_0_1_74', port 'prec[0]' is not connected to any nets. (LINT-28)
Warning: In design 'pe_top_0_1_75', port 'prec[1]' is not connected to any nets. (LINT-28)
Warning: In design 'pe_top_0_1_75', port 'prec[0]' is not connected to any nets. (LINT-28)
Warning: In design 'pe_top_0_1_76', port 'prec[1]' is not connected to any nets. (LINT-28)
Warning: In design 'pe_top_0_1_76', port 'prec[0]' is not connected to any nets. (LINT-28)
Warning: In design 'pe_top_0_1_77', port 'prec[1]' is not connected to any nets. (LINT-28)
Warning: In design 'pe_top_0_1_77', port 'prec[0]' is not connected to any nets. (LINT-28)
Warning: In design 'pe_top_0_1_78', port 'prec[1]' is not connected to any nets. (LINT-28)
Warning: In design 'pe_top_0_1_78', port 'prec[0]' is not connected to any nets. (LINT-28)
Warning: In design 'pe_top_0_1_79', port 'prec[1]' is not connected to any nets. (LINT-28)
Warning: In design 'pe_top_0_1_79', port 'prec[0]' is not connected to any nets. (LINT-28)
Warning: In design 'pe_top_0_1_80', port 'prec[1]' is not connected to any nets. (LINT-28)
Warning: In design 'pe_top_0_1_80', port 'prec[0]' is not connected to any nets. (LINT-28)
Warning: In design 'pe_top_0_1_81', port 'prec[1]' is not connected to any nets. (LINT-28)
Warning: In design 'pe_top_0_1_81', port 'prec[0]' is not connected to any nets. (LINT-28)
Warning: In design 'pe_top_0_1_82', port 'prec[1]' is not connected to any nets. (LINT-28)
Warning: In design 'pe_top_0_1_82', port 'prec[0]' is not connected to any nets. (LINT-28)
Warning: In design 'pe_top_0_1_83', port 'prec[1]' is not connected to any nets. (LINT-28)
Warning: In design 'pe_top_0_1_83', port 'prec[0]' is not connected to any nets. (LINT-28)
Warning: In design 'pe_top_0_1_84', port 'prec[1]' is not connected to any nets. (LINT-28)
Warning: In design 'pe_top_0_1_84', port 'prec[0]' is not connected to any nets. (LINT-28)
Warning: In design 'pe_top_0_1_85', port 'prec[1]' is not connected to any nets. (LINT-28)
Warning: In design 'pe_top_0_1_85', port 'prec[0]' is not connected to any nets. (LINT-28)
Warning: In design 'pe_top_0_1_86', port 'prec[1]' is not connected to any nets. (LINT-28)
Warning: In design 'pe_top_0_1_86', port 'prec[0]' is not connected to any nets. (LINT-28)
Warning: In design 'pe_top_0_1_87', port 'prec[1]' is not connected to any nets. (LINT-28)
Warning: In design 'pe_top_0_1_87', port 'prec[0]' is not connected to any nets. (LINT-28)
Warning: In design 'pe_top_0_1_88', port 'prec[1]' is not connected to any nets. (LINT-28)
Warning: In design 'pe_top_0_1_88', port 'prec[0]' is not connected to any nets. (LINT-28)
Warning: In design 'pe_top_0_1_89', port 'prec[1]' is not connected to any nets. (LINT-28)
Warning: In design 'pe_top_0_1_89', port 'prec[0]' is not connected to any nets. (LINT-28)
Warning: In design 'pe_top_0_1_90', port 'prec[1]' is not connected to any nets. (LINT-28)
Warning: In design 'pe_top_0_1_90', port 'prec[0]' is not connected to any nets. (LINT-28)
Warning: In design 'pe_top_0_1_91', port 'prec[1]' is not connected to any nets. (LINT-28)
Warning: In design 'pe_top_0_1_91', port 'prec[0]' is not connected to any nets. (LINT-28)
Warning: In design 'pe_top_0_1_92', port 'prec[1]' is not connected to any nets. (LINT-28)
Warning: In design 'pe_top_0_1_92', port 'prec[0]' is not connected to any nets. (LINT-28)
Warning: In design 'pe_top_0_1_93', port 'prec[1]' is not connected to any nets. (LINT-28)
Warning: In design 'pe_top_0_1_93', port 'prec[0]' is not connected to any nets. (LINT-28)
Warning: In design 'pe_top_0_1_94', port 'prec[1]' is not connected to any nets. (LINT-28)
Warning: In design 'pe_top_0_1_94', port 'prec[0]' is not connected to any nets. (LINT-28)
Warning: In design 'pe_top_0_1_95', port 'prec[1]' is not connected to any nets. (LINT-28)
Warning: In design 'pe_top_0_1_95', port 'prec[0]' is not connected to any nets. (LINT-28)
Warning: In design 'pe_top_0_1_96', port 'prec[1]' is not connected to any nets. (LINT-28)
Warning: In design 'pe_top_0_1_96', port 'prec[0]' is not connected to any nets. (LINT-28)
Warning: In design 'pe_top_0_1_97', port 'prec[1]' is not connected to any nets. (LINT-28)
Warning: In design 'pe_top_0_1_97', port 'prec[0]' is not connected to any nets. (LINT-28)
Warning: In design 'pe_top_0_1_98', port 'prec[1]' is not connected to any nets. (LINT-28)
Warning: In design 'pe_top_0_1_98', port 'prec[0]' is not connected to any nets. (LINT-28)
Warning: In design 'pe_top_1_1_0', port 'prec[1]' is not connected to any nets. (LINT-28)
Warning: In design 'pe_top_1_1_0', port 'prec[0]' is not connected to any nets. (LINT-28)
Warning: In design 'pe_top_1_1_1', port 'prec[1]' is not connected to any nets. (LINT-28)
Warning: In design 'pe_top_1_1_1', port 'prec[0]' is not connected to any nets. (LINT-28)
Warning: In design 'pe_top_1_1_2', port 'prec[1]' is not connected to any nets. (LINT-28)
Warning: In design 'pe_top_1_1_2', port 'prec[0]' is not connected to any nets. (LINT-28)
Warning: In design 'pe_top_1_1_3', port 'prec[1]' is not connected to any nets. (LINT-28)
Warning: In design 'pe_top_1_1_3', port 'prec[0]' is not connected to any nets. (LINT-28)
Warning: In design 'pe_top_1_1_4', port 'prec[1]' is not connected to any nets. (LINT-28)
Warning: In design 'pe_top_1_1_4', port 'prec[0]' is not connected to any nets. (LINT-28)
Warning: In design 'pe_top_1_1_5', port 'prec[1]' is not connected to any nets. (LINT-28)
Warning: In design 'pe_top_1_1_5', port 'prec[0]' is not connected to any nets. (LINT-28)
Warning: In design 'pe_top_1_1_6', port 'prec[1]' is not connected to any nets. (LINT-28)
Warning: In design 'pe_top_1_1_6', port 'prec[0]' is not connected to any nets. (LINT-28)
Warning: In design 'pe_top_1_1_7', port 'prec[1]' is not connected to any nets. (LINT-28)
Warning: In design 'pe_top_1_1_7', port 'prec[0]' is not connected to any nets. (LINT-28)
Warning: In design 'pe_top_1_1_8', port 'prec[1]' is not connected to any nets. (LINT-28)
Warning: In design 'pe_top_1_1_8', port 'prec[0]' is not connected to any nets. (LINT-28)
Warning: In design 'pe_top_1_1_9', port 'prec[1]' is not connected to any nets. (LINT-28)
Warning: In design 'pe_top_1_1_9', port 'prec[0]' is not connected to any nets. (LINT-28)
Warning: In design 'pe_top_1_1_10', port 'prec[1]' is not connected to any nets. (LINT-28)
Warning: In design 'pe_top_1_1_10', port 'prec[0]' is not connected to any nets. (LINT-28)
Warning: In design 'pe_top_1_1_11', port 'prec[1]' is not connected to any nets. (LINT-28)
Warning: In design 'pe_top_1_1_11', port 'prec[0]' is not connected to any nets. (LINT-28)
Warning: In design 'pe_top_1_1_12', port 'prec[1]' is not connected to any nets. (LINT-28)
Warning: In design 'pe_top_1_1_12', port 'prec[0]' is not connected to any nets. (LINT-28)
Warning: In design 'pe_top_1_1_13', port 'prec[1]' is not connected to any nets. (LINT-28)
Warning: In design 'pe_top_1_1_13', port 'prec[0]' is not connected to any nets. (LINT-28)
Warning: In design 'pe_top_1_1_14', port 'prec[1]' is not connected to any nets. (LINT-28)
Warning: In design 'pe_top_1_1_14', port 'prec[0]' is not connected to any nets. (LINT-28)
Warning: In design 'pe_top_1_1_15', port 'prec[1]' is not connected to any nets. (LINT-28)
Warning: In design 'pe_top_1_1_15', port 'prec[0]' is not connected to any nets. (LINT-28)
Warning: In design 'pe_top_1_1_16', port 'prec[1]' is not connected to any nets. (LINT-28)
Warning: In design 'pe_top_1_1_16', port 'prec[0]' is not connected to any nets. (LINT-28)
Warning: In design 'pe_top_1_1_17', port 'prec[1]' is not connected to any nets. (LINT-28)
Warning: In design 'pe_top_1_1_17', port 'prec[0]' is not connected to any nets. (LINT-28)
Warning: In design 'pe_top_1_1_18', port 'prec[1]' is not connected to any nets. (LINT-28)
Warning: In design 'pe_top_1_1_18', port 'prec[0]' is not connected to any nets. (LINT-28)
Warning: In design 'pe_top_1_1_19', port 'prec[1]' is not connected to any nets. (LINT-28)
Warning: In design 'pe_top_1_1_19', port 'prec[0]' is not connected to any nets. (LINT-28)
Warning: In design 'pe_top_1_1_20', port 'prec[1]' is not connected to any nets. (LINT-28)
Warning: In design 'pe_top_1_1_20', port 'prec[0]' is not connected to any nets. (LINT-28)
Warning: In design 'pe_top_1_1_21', port 'prec[1]' is not connected to any nets. (LINT-28)
Warning: In design 'pe_top_1_1_21', port 'prec[0]' is not connected to any nets. (LINT-28)
Warning: In design 'pe_top_1_1_22', port 'prec[1]' is not connected to any nets. (LINT-28)
Warning: In design 'pe_top_1_1_22', port 'prec[0]' is not connected to any nets. (LINT-28)
Warning: In design 'pe_top_1_1_23', port 'prec[1]' is not connected to any nets. (LINT-28)
Warning: In design 'pe_top_1_1_23', port 'prec[0]' is not connected to any nets. (LINT-28)
Warning: In design 'pe_top_1_1_24', port 'prec[1]' is not connected to any nets. (LINT-28)
Warning: In design 'pe_top_1_1_24', port 'prec[0]' is not connected to any nets. (LINT-28)
Warning: In design 'pe_top_1_1_25', port 'prec[1]' is not connected to any nets. (LINT-28)
Warning: In design 'pe_top_1_1_25', port 'prec[0]' is not connected to any nets. (LINT-28)
Warning: In design 'pe_top_1_1_26', port 'prec[1]' is not connected to any nets. (LINT-28)
Warning: In design 'pe_top_1_1_26', port 'prec[0]' is not connected to any nets. (LINT-28)
Warning: In design 'pe_top_1_1_27', port 'prec[1]' is not connected to any nets. (LINT-28)
Warning: In design 'pe_top_1_1_27', port 'prec[0]' is not connected to any nets. (LINT-28)
Warning: In design 'pe_top_1_1_28', port 'prec[1]' is not connected to any nets. (LINT-28)
Warning: In design 'pe_top_1_1_28', port 'prec[0]' is not connected to any nets. (LINT-28)
Warning: In design 'pe_top_1_1_29', port 'prec[1]' is not connected to any nets. (LINT-28)
Warning: In design 'pe_top_1_1_29', port 'prec[0]' is not connected to any nets. (LINT-28)
Warning: In design 'pe_top_1_1_30', port 'prec[1]' is not connected to any nets. (LINT-28)
Warning: In design 'pe_top_1_1_30', port 'prec[0]' is not connected to any nets. (LINT-28)
Warning: In design 'pe_top_1_1_31', port 'prec[1]' is not connected to any nets. (LINT-28)
Warning: In design 'pe_top_1_1_31', port 'prec[0]' is not connected to any nets. (LINT-28)
Warning: In design 'pe_top_1_1_32', port 'prec[1]' is not connected to any nets. (LINT-28)
Warning: In design 'pe_top_1_1_32', port 'prec[0]' is not connected to any nets. (LINT-28)
Warning: In design 'pe_top_1_1_33', port 'prec[1]' is not connected to any nets. (LINT-28)
Warning: In design 'pe_top_1_1_33', port 'prec[0]' is not connected to any nets. (LINT-28)
Warning: In design 'pe_top_1_1_34', port 'prec[1]' is not connected to any nets. (LINT-28)
Warning: In design 'pe_top_1_1_34', port 'prec[0]' is not connected to any nets. (LINT-28)
Warning: In design 'pe_top_1_1_35', port 'prec[1]' is not connected to any nets. (LINT-28)
Warning: In design 'pe_top_1_1_35', port 'prec[0]' is not connected to any nets. (LINT-28)
Warning: In design 'pe_top_1_1_36', port 'prec[1]' is not connected to any nets. (LINT-28)
Warning: In design 'pe_top_1_1_36', port 'prec[0]' is not connected to any nets. (LINT-28)
Warning: In design 'pe_top_1_1_37', port 'prec[1]' is not connected to any nets. (LINT-28)
Warning: In design 'pe_top_1_1_37', port 'prec[0]' is not connected to any nets. (LINT-28)
Warning: In design 'pe_top_1_1_38', port 'prec[1]' is not connected to any nets. (LINT-28)
Warning: In design 'pe_top_1_1_38', port 'prec[0]' is not connected to any nets. (LINT-28)
Warning: In design 'pe_top_1_1_39', port 'prec[1]' is not connected to any nets. (LINT-28)
Warning: In design 'pe_top_1_1_39', port 'prec[0]' is not connected to any nets. (LINT-28)
Warning: In design 'pe_top_1_1_40', port 'prec[1]' is not connected to any nets. (LINT-28)
Warning: In design 'pe_top_1_1_40', port 'prec[0]' is not connected to any nets. (LINT-28)
Warning: In design 'pe_top_1_1_41', port 'prec[1]' is not connected to any nets. (LINT-28)
Warning: In design 'pe_top_1_1_41', port 'prec[0]' is not connected to any nets. (LINT-28)
Warning: In design 'pe_top_1_1_42', port 'prec[1]' is not connected to any nets. (LINT-28)
Warning: In design 'pe_top_1_1_42', port 'prec[0]' is not connected to any nets. (LINT-28)
Warning: In design 'pe_top_1_1_43', port 'prec[1]' is not connected to any nets. (LINT-28)
Warning: In design 'pe_top_1_1_43', port 'prec[0]' is not connected to any nets. (LINT-28)
Warning: In design 'pe_top_1_1_44', port 'prec[1]' is not connected to any nets. (LINT-28)
Warning: In design 'pe_top_1_1_44', port 'prec[0]' is not connected to any nets. (LINT-28)
Warning: In design 'pe_top_1_1_45', port 'prec[1]' is not connected to any nets. (LINT-28)
Warning: In design 'pe_top_1_1_45', port 'prec[0]' is not connected to any nets. (LINT-28)
Warning: In design 'pe_top_1_1_46', port 'prec[1]' is not connected to any nets. (LINT-28)
Warning: In design 'pe_top_1_1_46', port 'prec[0]' is not connected to any nets. (LINT-28)
Warning: In design 'pe_top_1_1_47', port 'prec[1]' is not connected to any nets. (LINT-28)
Warning: In design 'pe_top_1_1_47', port 'prec[0]' is not connected to any nets. (LINT-28)
Warning: In design 'pe_top_1_1_48', port 'prec[1]' is not connected to any nets. (LINT-28)
Warning: In design 'pe_top_1_1_48', port 'prec[0]' is not connected to any nets. (LINT-28)
Warning: In design 'pe_top_1_1_49', port 'prec[1]' is not connected to any nets. (LINT-28)
Warning: In design 'pe_top_1_1_49', port 'prec[0]' is not connected to any nets. (LINT-28)
Warning: In design 'pe_top_1_1_50', port 'prec[1]' is not connected to any nets. (LINT-28)
Warning: In design 'pe_top_1_1_50', port 'prec[0]' is not connected to any nets. (LINT-28)
Warning: In design 'pe_top_1_1_51', port 'prec[1]' is not connected to any nets. (LINT-28)
Warning: In design 'pe_top_1_1_51', port 'prec[0]' is not connected to any nets. (LINT-28)
Warning: In design 'pe_top_1_1_52', port 'prec[1]' is not connected to any nets. (LINT-28)
Warning: In design 'pe_top_1_1_52', port 'prec[0]' is not connected to any nets. (LINT-28)
Warning: In design 'pe_top_1_1_53', port 'prec[1]' is not connected to any nets. (LINT-28)
Warning: In design 'pe_top_1_1_53', port 'prec[0]' is not connected to any nets. (LINT-28)
Warning: In design 'pe_top_1_1_54', port 'prec[1]' is not connected to any nets. (LINT-28)
Warning: In design 'pe_top_1_1_54', port 'prec[0]' is not connected to any nets. (LINT-28)
Warning: In design 'pe_top_1_1_55', port 'prec[1]' is not connected to any nets. (LINT-28)
Warning: In design 'pe_top_1_1_55', port 'prec[0]' is not connected to any nets. (LINT-28)
Warning: In design 'pe_top_1_1_56', port 'prec[1]' is not connected to any nets. (LINT-28)
Warning: In design 'pe_top_1_1_56', port 'prec[0]' is not connected to any nets. (LINT-28)
Warning: In design 'pe_top_1_1_57', port 'prec[1]' is not connected to any nets. (LINT-28)
Warning: In design 'pe_top_1_1_57', port 'prec[0]' is not connected to any nets. (LINT-28)
Warning: In design 'pe_top_1_1_58', port 'prec[1]' is not connected to any nets. (LINT-28)
Warning: In design 'pe_top_1_1_58', port 'prec[0]' is not connected to any nets. (LINT-28)
Warning: In design 'pe_top_1_1_59', port 'prec[1]' is not connected to any nets. (LINT-28)
Warning: In design 'pe_top_1_1_59', port 'prec[0]' is not connected to any nets. (LINT-28)
Warning: In design 'pe_top_1_1_60', port 'prec[1]' is not connected to any nets. (LINT-28)
Warning: In design 'pe_top_1_1_60', port 'prec[0]' is not connected to any nets. (LINT-28)
Warning: In design 'pe_top_1_1_61', port 'prec[1]' is not connected to any nets. (LINT-28)
Warning: In design 'pe_top_1_1_61', port 'prec[0]' is not connected to any nets. (LINT-28)
Warning: In design 'pe_top_1_1_62', port 'prec[1]' is not connected to any nets. (LINT-28)
Warning: In design 'pe_top_1_1_62', port 'prec[0]' is not connected to any nets. (LINT-28)
Warning: In design 'pe_top_1_1_63', port 'prec[1]' is not connected to any nets. (LINT-28)
Warning: In design 'pe_top_1_1_63', port 'prec[0]' is not connected to any nets. (LINT-28)
Warning: In design 'pe_top_1_1_64', port 'prec[1]' is not connected to any nets. (LINT-28)
Warning: In design 'pe_top_1_1_64', port 'prec[0]' is not connected to any nets. (LINT-28)
Warning: In design 'pe_top_1_1_65', port 'prec[1]' is not connected to any nets. (LINT-28)
Warning: In design 'pe_top_1_1_65', port 'prec[0]' is not connected to any nets. (LINT-28)
Warning: In design 'pe_top_1_1_66', port 'prec[1]' is not connected to any nets. (LINT-28)
Warning: In design 'pe_top_1_1_66', port 'prec[0]' is not connected to any nets. (LINT-28)
Warning: In design 'pe_top_1_1_67', port 'prec[1]' is not connected to any nets. (LINT-28)
Warning: In design 'pe_top_1_1_67', port 'prec[0]' is not connected to any nets. (LINT-28)
Warning: In design 'pe_top_1_1_68', port 'prec[1]' is not connected to any nets. (LINT-28)
Warning: In design 'pe_top_1_1_68', port 'prec[0]' is not connected to any nets. (LINT-28)
Warning: In design 'pe_top_1_1_69', port 'prec[1]' is not connected to any nets. (LINT-28)
Warning: In design 'pe_top_1_1_69', port 'prec[0]' is not connected to any nets. (LINT-28)
Warning: In design 'pe_top_1_1_70', port 'prec[1]' is not connected to any nets. (LINT-28)
Warning: In design 'pe_top_1_1_70', port 'prec[0]' is not connected to any nets. (LINT-28)
Warning: In design 'pe_top_1_1_71', port 'prec[1]' is not connected to any nets. (LINT-28)
Warning: In design 'pe_top_1_1_71', port 'prec[0]' is not connected to any nets. (LINT-28)
Warning: In design 'pe_top_1_1_72', port 'prec[1]' is not connected to any nets. (LINT-28)
Warning: In design 'pe_top_1_1_72', port 'prec[0]' is not connected to any nets. (LINT-28)
Warning: In design 'pe_top_1_1_73', port 'prec[1]' is not connected to any nets. (LINT-28)
Warning: In design 'pe_top_1_1_73', port 'prec[0]' is not connected to any nets. (LINT-28)
Warning: In design 'pe_top_1_1_74', port 'prec[1]' is not connected to any nets. (LINT-28)
Warning: In design 'pe_top_1_1_74', port 'prec[0]' is not connected to any nets. (LINT-28)
Warning: In design 'pe_top_1_1_75', port 'prec[1]' is not connected to any nets. (LINT-28)
Warning: In design 'pe_top_1_1_75', port 'prec[0]' is not connected to any nets. (LINT-28)
Warning: In design 'pe_top_1_1_76', port 'prec[1]' is not connected to any nets. (LINT-28)
Warning: In design 'pe_top_1_1_76', port 'prec[0]' is not connected to any nets. (LINT-28)
Warning: In design 'pe_top_1_1_77', port 'prec[1]' is not connected to any nets. (LINT-28)
Warning: In design 'pe_top_1_1_77', port 'prec[0]' is not connected to any nets. (LINT-28)
Warning: In design 'pe_top_1_1_78', port 'prec[1]' is not connected to any nets. (LINT-28)
Warning: In design 'pe_top_1_1_78', port 'prec[0]' is not connected to any nets. (LINT-28)
Warning: In design 'pe_top_1_1_79', port 'prec[1]' is not connected to any nets. (LINT-28)
Warning: In design 'pe_top_1_1_79', port 'prec[0]' is not connected to any nets. (LINT-28)
Warning: In design 'pe_top_1_1_80', port 'prec[1]' is not connected to any nets. (LINT-28)
Warning: In design 'pe_top_1_1_80', port 'prec[0]' is not connected to any nets. (LINT-28)
Warning: In design 'pe_top_1_1_81', port 'prec[1]' is not connected to any nets. (LINT-28)
Warning: In design 'pe_top_1_1_81', port 'prec[0]' is not connected to any nets. (LINT-28)
Warning: In design 'pe_top_1_1_82', port 'prec[1]' is not connected to any nets. (LINT-28)
Warning: In design 'pe_top_1_1_82', port 'prec[0]' is not connected to any nets. (LINT-28)
Warning: In design 'pe_top_1_1_83', port 'prec[1]' is not connected to any nets. (LINT-28)
Warning: In design 'pe_top_1_1_83', port 'prec[0]' is not connected to any nets. (LINT-28)
Warning: In design 'pe_top_1_1_84', port 'prec[1]' is not connected to any nets. (LINT-28)
Warning: In design 'pe_top_1_1_84', port 'prec[0]' is not connected to any nets. (LINT-28)
Warning: In design 'pe_top_1_1_85', port 'prec[1]' is not connected to any nets. (LINT-28)
Warning: In design 'pe_top_1_1_85', port 'prec[0]' is not connected to any nets. (LINT-28)
Warning: In design 'pe_top_1_1_86', port 'prec[1]' is not connected to any nets. (LINT-28)
Warning: In design 'pe_top_1_1_86', port 'prec[0]' is not connected to any nets. (LINT-28)
Warning: In design 'pe_top_1_1_87', port 'prec[1]' is not connected to any nets. (LINT-28)
Warning: In design 'pe_top_1_1_87', port 'prec[0]' is not connected to any nets. (LINT-28)
Warning: In design 'pe_top_1_1_88', port 'prec[1]' is not connected to any nets. (LINT-28)
Warning: In design 'pe_top_1_1_88', port 'prec[0]' is not connected to any nets. (LINT-28)
Warning: In design 'pe_top_1_1_89', port 'prec[1]' is not connected to any nets. (LINT-28)
Warning: In design 'pe_top_1_1_89', port 'prec[0]' is not connected to any nets. (LINT-28)
Warning: In design 'pe_top_1_1_90', port 'prec[1]' is not connected to any nets. (LINT-28)
Warning: In design 'pe_top_1_1_90', port 'prec[0]' is not connected to any nets. (LINT-28)
Warning: In design 'pe_top_1_1_91', port 'prec[1]' is not connected to any nets. (LINT-28)
Warning: In design 'pe_top_1_1_91', port 'prec[0]' is not connected to any nets. (LINT-28)
Warning: In design 'pe_top_1_1_92', port 'prec[1]' is not connected to any nets. (LINT-28)
Warning: In design 'pe_top_1_1_92', port 'prec[0]' is not connected to any nets. (LINT-28)
Warning: In design 'pe_top_1_1_93', port 'prec[1]' is not connected to any nets. (LINT-28)
Warning: In design 'pe_top_1_1_93', port 'prec[0]' is not connected to any nets. (LINT-28)
Warning: In design 'pe_top_1_1_94', port 'prec[1]' is not connected to any nets. (LINT-28)
Warning: In design 'pe_top_1_1_94', port 'prec[0]' is not connected to any nets. (LINT-28)
Warning: In design 'pe_top_1_1_95', port 'prec[1]' is not connected to any nets. (LINT-28)
Warning: In design 'pe_top_1_1_95', port 'prec[0]' is not connected to any nets. (LINT-28)
Warning: In design 'pe_top_1_1_96', port 'prec[1]' is not connected to any nets. (LINT-28)
Warning: In design 'pe_top_1_1_96', port 'prec[0]' is not connected to any nets. (LINT-28)
Warning: In design 'pe_top_1_1_97', port 'prec[1]' is not connected to any nets. (LINT-28)
Warning: In design 'pe_top_1_1_97', port 'prec[0]' is not connected to any nets. (LINT-28)
Warning: In design 'pe_top_1_1_98', port 'prec[1]' is not connected to any nets. (LINT-28)
Warning: In design 'pe_top_1_1_98', port 'prec[0]' is not connected to any nets. (LINT-28)
Warning: In design 'r_state_ctrl_0_99', input port 'phase_i' is connected directly to output port 'remote_east_o'. (LINT-29)
Warning: In design 'r_state_ctrl_0_99', input port 'phase_i' is connected directly to output port 'black_compute_o'. (LINT-29)
Warning: In design 'r_state_ctrl_0_99', input port 'phase_i' is connected directly to output port 'dst_black_o'. (LINT-29)
Warning: In design 'r_state_ctrl_0_99', input port 'run_en_i' is connected directly to output port 'alu_en_o'. (LINT-29)
Warning: In design 'r_state_ctrl_0_99', input port 'run_en_i' is connected directly to output port 'shift_en_o'. (LINT-29)
Warning: In design 'r_state_ctrl_0_99', input port 'commit_i' is connected directly to output port 'dsm_commit_o'. (LINT-29)
Warning: In design 'r_state_ctrl_0_99', input port 'read_en_i' is connected directly to output port 'scan_mode_o'. (LINT-29)
Warning: In design 'r_state_ctrl_1_99', input port 'phase_i' is connected directly to output port 'black_compute_o'. (LINT-29)
Warning: In design 'r_state_ctrl_1_99', input port 'phase_i' is connected directly to output port 'dst_black_o'. (LINT-29)
Warning: In design 'r_state_ctrl_1_99', input port 'run_en_i' is connected directly to output port 'alu_en_o'. (LINT-29)
Warning: In design 'r_state_ctrl_1_99', input port 'run_en_i' is connected directly to output port 'shift_en_o'. (LINT-29)
Warning: In design 'r_state_ctrl_1_99', input port 'commit_i' is connected directly to output port 'dsm_commit_o'. (LINT-29)
Warning: In design 'r_state_ctrl_1_99', input port 'read_en_i' is connected directly to output port 'scan_mode_o'. (LINT-29)
Warning: In design 'r_state_ctrl_0_0', input port 'phase_i' is connected directly to output port 'remote_east_o'. (LINT-29)
Warning: In design 'r_state_ctrl_0_0', input port 'phase_i' is connected directly to output port 'black_compute_o'. (LINT-29)
Warning: In design 'r_state_ctrl_0_0', input port 'phase_i' is connected directly to output port 'dst_black_o'. (LINT-29)
Warning: In design 'r_state_ctrl_0_0', input port 'run_en_i' is connected directly to output port 'alu_en_o'. (LINT-29)
Warning: In design 'r_state_ctrl_0_0', input port 'run_en_i' is connected directly to output port 'shift_en_o'. (LINT-29)
Warning: In design 'r_state_ctrl_0_0', input port 'commit_i' is connected directly to output port 'dsm_commit_o'. (LINT-29)
Warning: In design 'r_state_ctrl_0_0', input port 'read_en_i' is connected directly to output port 'scan_mode_o'. (LINT-29)
Warning: In design 'r_state_ctrl_0_1', input port 'phase_i' is connected directly to output port 'remote_east_o'. (LINT-29)
Warning: In design 'r_state_ctrl_0_1', input port 'phase_i' is connected directly to output port 'black_compute_o'. (LINT-29)
Warning: In design 'r_state_ctrl_0_1', input port 'phase_i' is connected directly to output port 'dst_black_o'. (LINT-29)
Warning: In design 'r_state_ctrl_0_1', input port 'run_en_i' is connected directly to output port 'alu_en_o'. (LINT-29)
Warning: In design 'r_state_ctrl_0_1', input port 'run_en_i' is connected directly to output port 'shift_en_o'. (LINT-29)
Warning: In design 'r_state_ctrl_0_1', input port 'commit_i' is connected directly to output port 'dsm_commit_o'. (LINT-29)
Warning: In design 'r_state_ctrl_0_1', input port 'read_en_i' is connected directly to output port 'scan_mode_o'. (LINT-29)
Warning: In design 'r_state_ctrl_0_2', input port 'phase_i' is connected directly to output port 'remote_east_o'. (LINT-29)
Warning: In design 'r_state_ctrl_0_2', input port 'phase_i' is connected directly to output port 'black_compute_o'. (LINT-29)
Warning: In design 'r_state_ctrl_0_2', input port 'phase_i' is connected directly to output port 'dst_black_o'. (LINT-29)
Warning: In design 'r_state_ctrl_0_2', input port 'run_en_i' is connected directly to output port 'alu_en_o'. (LINT-29)
Warning: In design 'r_state_ctrl_0_2', input port 'run_en_i' is connected directly to output port 'shift_en_o'. (LINT-29)
Warning: In design 'r_state_ctrl_0_2', input port 'commit_i' is connected directly to output port 'dsm_commit_o'. (LINT-29)
Warning: In design 'r_state_ctrl_0_2', input port 'read_en_i' is connected directly to output port 'scan_mode_o'. (LINT-29)
Warning: In design 'r_state_ctrl_0_3', input port 'phase_i' is connected directly to output port 'remote_east_o'. (LINT-29)
Warning: In design 'r_state_ctrl_0_3', input port 'phase_i' is connected directly to output port 'black_compute_o'. (LINT-29)
Warning: In design 'r_state_ctrl_0_3', input port 'phase_i' is connected directly to output port 'dst_black_o'. (LINT-29)
Warning: In design 'r_state_ctrl_0_3', input port 'run_en_i' is connected directly to output port 'alu_en_o'. (LINT-29)
Warning: In design 'r_state_ctrl_0_3', input port 'run_en_i' is connected directly to output port 'shift_en_o'. (LINT-29)
Warning: In design 'r_state_ctrl_0_3', input port 'commit_i' is connected directly to output port 'dsm_commit_o'. (LINT-29)
Warning: In design 'r_state_ctrl_0_3', input port 'read_en_i' is connected directly to output port 'scan_mode_o'. (LINT-29)
Warning: In design 'r_state_ctrl_0_4', input port 'phase_i' is connected directly to output port 'remote_east_o'. (LINT-29)
Warning: In design 'r_state_ctrl_0_4', input port 'phase_i' is connected directly to output port 'black_compute_o'. (LINT-29)
Warning: In design 'r_state_ctrl_0_4', input port 'phase_i' is connected directly to output port 'dst_black_o'. (LINT-29)
Warning: In design 'r_state_ctrl_0_4', input port 'run_en_i' is connected directly to output port 'alu_en_o'. (LINT-29)
Warning: In design 'r_state_ctrl_0_4', input port 'run_en_i' is connected directly to output port 'shift_en_o'. (LINT-29)
Warning: In design 'r_state_ctrl_0_4', input port 'commit_i' is connected directly to output port 'dsm_commit_o'. (LINT-29)
Warning: In design 'r_state_ctrl_0_4', input port 'read_en_i' is connected directly to output port 'scan_mode_o'. (LINT-29)
Warning: In design 'r_state_ctrl_0_5', input port 'phase_i' is connected directly to output port 'remote_east_o'. (LINT-29)
Warning: In design 'r_state_ctrl_0_5', input port 'phase_i' is connected directly to output port 'black_compute_o'. (LINT-29)
Warning: In design 'r_state_ctrl_0_5', input port 'phase_i' is connected directly to output port 'dst_black_o'. (LINT-29)
Warning: In design 'r_state_ctrl_0_5', input port 'run_en_i' is connected directly to output port 'alu_en_o'. (LINT-29)
Warning: In design 'r_state_ctrl_0_5', input port 'run_en_i' is connected directly to output port 'shift_en_o'. (LINT-29)
Warning: In design 'r_state_ctrl_0_5', input port 'commit_i' is connected directly to output port 'dsm_commit_o'. (LINT-29)
Warning: In design 'r_state_ctrl_0_5', input port 'read_en_i' is connected directly to output port 'scan_mode_o'. (LINT-29)
Warning: In design 'r_state_ctrl_0_6', input port 'phase_i' is connected directly to output port 'remote_east_o'. (LINT-29)
Warning: In design 'r_state_ctrl_0_6', input port 'phase_i' is connected directly to output port 'black_compute_o'. (LINT-29)
Warning: In design 'r_state_ctrl_0_6', input port 'phase_i' is connected directly to output port 'dst_black_o'. (LINT-29)
Warning: In design 'r_state_ctrl_0_6', input port 'run_en_i' is connected directly to output port 'alu_en_o'. (LINT-29)
Warning: In design 'r_state_ctrl_0_6', input port 'run_en_i' is connected directly to output port 'shift_en_o'. (LINT-29)
Warning: In design 'r_state_ctrl_0_6', input port 'commit_i' is connected directly to output port 'dsm_commit_o'. (LINT-29)
Warning: In design 'r_state_ctrl_0_6', input port 'read_en_i' is connected directly to output port 'scan_mode_o'. (LINT-29)
Warning: In design 'r_state_ctrl_0_7', input port 'phase_i' is connected directly to output port 'remote_east_o'. (LINT-29)
Warning: In design 'r_state_ctrl_0_7', input port 'phase_i' is connected directly to output port 'black_compute_o'. (LINT-29)
Warning: In design 'r_state_ctrl_0_7', input port 'phase_i' is connected directly to output port 'dst_black_o'. (LINT-29)
Warning: In design 'r_state_ctrl_0_7', input port 'run_en_i' is connected directly to output port 'alu_en_o'. (LINT-29)
Warning: In design 'r_state_ctrl_0_7', input port 'run_en_i' is connected directly to output port 'shift_en_o'. (LINT-29)
Warning: In design 'r_state_ctrl_0_7', input port 'commit_i' is connected directly to output port 'dsm_commit_o'. (LINT-29)
Warning: In design 'r_state_ctrl_0_7', input port 'read_en_i' is connected directly to output port 'scan_mode_o'. (LINT-29)
Warning: In design 'r_state_ctrl_0_8', input port 'phase_i' is connected directly to output port 'remote_east_o'. (LINT-29)
Warning: In design 'r_state_ctrl_0_8', input port 'phase_i' is connected directly to output port 'black_compute_o'. (LINT-29)
Warning: In design 'r_state_ctrl_0_8', input port 'phase_i' is connected directly to output port 'dst_black_o'. (LINT-29)
Warning: In design 'r_state_ctrl_0_8', input port 'run_en_i' is connected directly to output port 'alu_en_o'. (LINT-29)
Warning: In design 'r_state_ctrl_0_8', input port 'run_en_i' is connected directly to output port 'shift_en_o'. (LINT-29)
Warning: In design 'r_state_ctrl_0_8', input port 'commit_i' is connected directly to output port 'dsm_commit_o'. (LINT-29)
Warning: In design 'r_state_ctrl_0_8', input port 'read_en_i' is connected directly to output port 'scan_mode_o'. (LINT-29)
Warning: In design 'r_state_ctrl_0_9', input port 'phase_i' is connected directly to output port 'remote_east_o'. (LINT-29)
Warning: In design 'r_state_ctrl_0_9', input port 'phase_i' is connected directly to output port 'black_compute_o'. (LINT-29)
Warning: In design 'r_state_ctrl_0_9', input port 'phase_i' is connected directly to output port 'dst_black_o'. (LINT-29)
Warning: In design 'r_state_ctrl_0_9', input port 'run_en_i' is connected directly to output port 'alu_en_o'. (LINT-29)
Warning: In design 'r_state_ctrl_0_9', input port 'run_en_i' is connected directly to output port 'shift_en_o'. (LINT-29)
Warning: In design 'r_state_ctrl_0_9', input port 'commit_i' is connected directly to output port 'dsm_commit_o'. (LINT-29)
Warning: In design 'r_state_ctrl_0_9', input port 'read_en_i' is connected directly to output port 'scan_mode_o'. (LINT-29)
Warning: In design 'r_state_ctrl_0_10', input port 'phase_i' is connected directly to output port 'remote_east_o'. (LINT-29)
Warning: In design 'r_state_ctrl_0_10', input port 'phase_i' is connected directly to output port 'black_compute_o'. (LINT-29)
Warning: In design 'r_state_ctrl_0_10', input port 'phase_i' is connected directly to output port 'dst_black_o'. (LINT-29)
Warning: In design 'r_state_ctrl_0_10', input port 'run_en_i' is connected directly to output port 'alu_en_o'. (LINT-29)
Warning: In design 'r_state_ctrl_0_10', input port 'run_en_i' is connected directly to output port 'shift_en_o'. (LINT-29)
Warning: In design 'r_state_ctrl_0_10', input port 'commit_i' is connected directly to output port 'dsm_commit_o'. (LINT-29)
Warning: In design 'r_state_ctrl_0_10', input port 'read_en_i' is connected directly to output port 'scan_mode_o'. (LINT-29)
Warning: In design 'r_state_ctrl_0_11', input port 'phase_i' is connected directly to output port 'remote_east_o'. (LINT-29)
Warning: In design 'r_state_ctrl_0_11', input port 'phase_i' is connected directly to output port 'black_compute_o'. (LINT-29)
Warning: In design 'r_state_ctrl_0_11', input port 'phase_i' is connected directly to output port 'dst_black_o'. (LINT-29)
Warning: In design 'r_state_ctrl_0_11', input port 'run_en_i' is connected directly to output port 'alu_en_o'. (LINT-29)
Warning: In design 'r_state_ctrl_0_11', input port 'run_en_i' is connected directly to output port 'shift_en_o'. (LINT-29)
Warning: In design 'r_state_ctrl_0_11', input port 'commit_i' is connected directly to output port 'dsm_commit_o'. (LINT-29)
Warning: In design 'r_state_ctrl_0_11', input port 'read_en_i' is connected directly to output port 'scan_mode_o'. (LINT-29)
Warning: In design 'r_state_ctrl_0_12', input port 'phase_i' is connected directly to output port 'remote_east_o'. (LINT-29)
Warning: In design 'r_state_ctrl_0_12', input port 'phase_i' is connected directly to output port 'black_compute_o'. (LINT-29)
Warning: In design 'r_state_ctrl_0_12', input port 'phase_i' is connected directly to output port 'dst_black_o'. (LINT-29)
Warning: In design 'r_state_ctrl_0_12', input port 'run_en_i' is connected directly to output port 'alu_en_o'. (LINT-29)
Warning: In design 'r_state_ctrl_0_12', input port 'run_en_i' is connected directly to output port 'shift_en_o'. (LINT-29)
Warning: In design 'r_state_ctrl_0_12', input port 'commit_i' is connected directly to output port 'dsm_commit_o'. (LINT-29)
Warning: In design 'r_state_ctrl_0_12', input port 'read_en_i' is connected directly to output port 'scan_mode_o'. (LINT-29)
Warning: In design 'r_state_ctrl_0_13', input port 'phase_i' is connected directly to output port 'remote_east_o'. (LINT-29)
Warning: In design 'r_state_ctrl_0_13', input port 'phase_i' is connected directly to output port 'black_compute_o'. (LINT-29)
Warning: In design 'r_state_ctrl_0_13', input port 'phase_i' is connected directly to output port 'dst_black_o'. (LINT-29)
Warning: In design 'r_state_ctrl_0_13', input port 'run_en_i' is connected directly to output port 'alu_en_o'. (LINT-29)
Warning: In design 'r_state_ctrl_0_13', input port 'run_en_i' is connected directly to output port 'shift_en_o'. (LINT-29)
Warning: In design 'r_state_ctrl_0_13', input port 'commit_i' is connected directly to output port 'dsm_commit_o'. (LINT-29)
Warning: In design 'r_state_ctrl_0_13', input port 'read_en_i' is connected directly to output port 'scan_mode_o'. (LINT-29)
Warning: In design 'r_state_ctrl_0_14', input port 'phase_i' is connected directly to output port 'remote_east_o'. (LINT-29)
Warning: In design 'r_state_ctrl_0_14', input port 'phase_i' is connected directly to output port 'black_compute_o'. (LINT-29)
Warning: In design 'r_state_ctrl_0_14', input port 'phase_i' is connected directly to output port 'dst_black_o'. (LINT-29)
Warning: In design 'r_state_ctrl_0_14', input port 'run_en_i' is connected directly to output port 'alu_en_o'. (LINT-29)
Warning: In design 'r_state_ctrl_0_14', input port 'run_en_i' is connected directly to output port 'shift_en_o'. (LINT-29)
Warning: In design 'r_state_ctrl_0_14', input port 'commit_i' is connected directly to output port 'dsm_commit_o'. (LINT-29)
Warning: In design 'r_state_ctrl_0_14', input port 'read_en_i' is connected directly to output port 'scan_mode_o'. (LINT-29)
Warning: In design 'r_state_ctrl_0_15', input port 'phase_i' is connected directly to output port 'remote_east_o'. (LINT-29)
Warning: In design 'r_state_ctrl_0_15', input port 'phase_i' is connected directly to output port 'black_compute_o'. (LINT-29)
Warning: In design 'r_state_ctrl_0_15', input port 'phase_i' is connected directly to output port 'dst_black_o'. (LINT-29)
Warning: In design 'r_state_ctrl_0_15', input port 'run_en_i' is connected directly to output port 'alu_en_o'. (LINT-29)
Warning: In design 'r_state_ctrl_0_15', input port 'run_en_i' is connected directly to output port 'shift_en_o'. (LINT-29)
Warning: In design 'r_state_ctrl_0_15', input port 'commit_i' is connected directly to output port 'dsm_commit_o'. (LINT-29)
Warning: In design 'r_state_ctrl_0_15', input port 'read_en_i' is connected directly to output port 'scan_mode_o'. (LINT-29)
Warning: In design 'r_state_ctrl_0_16', input port 'phase_i' is connected directly to output port 'remote_east_o'. (LINT-29)
Warning: In design 'r_state_ctrl_0_16', input port 'phase_i' is connected directly to output port 'black_compute_o'. (LINT-29)
Warning: In design 'r_state_ctrl_0_16', input port 'phase_i' is connected directly to output port 'dst_black_o'. (LINT-29)
Warning: In design 'r_state_ctrl_0_16', input port 'run_en_i' is connected directly to output port 'alu_en_o'. (LINT-29)
Warning: In design 'r_state_ctrl_0_16', input port 'run_en_i' is connected directly to output port 'shift_en_o'. (LINT-29)
Warning: In design 'r_state_ctrl_0_16', input port 'commit_i' is connected directly to output port 'dsm_commit_o'. (LINT-29)
Warning: In design 'r_state_ctrl_0_16', input port 'read_en_i' is connected directly to output port 'scan_mode_o'. (LINT-29)
Warning: In design 'r_state_ctrl_0_17', input port 'phase_i' is connected directly to output port 'remote_east_o'. (LINT-29)
Warning: In design 'r_state_ctrl_0_17', input port 'phase_i' is connected directly to output port 'black_compute_o'. (LINT-29)
Warning: In design 'r_state_ctrl_0_17', input port 'phase_i' is connected directly to output port 'dst_black_o'. (LINT-29)
Warning: In design 'r_state_ctrl_0_17', input port 'run_en_i' is connected directly to output port 'alu_en_o'. (LINT-29)
Warning: In design 'r_state_ctrl_0_17', input port 'run_en_i' is connected directly to output port 'shift_en_o'. (LINT-29)
Warning: In design 'r_state_ctrl_0_17', input port 'commit_i' is connected directly to output port 'dsm_commit_o'. (LINT-29)
Warning: In design 'r_state_ctrl_0_17', input port 'read_en_i' is connected directly to output port 'scan_mode_o'. (LINT-29)
Warning: In design 'r_state_ctrl_0_18', input port 'phase_i' is connected directly to output port 'remote_east_o'. (LINT-29)
Warning: In design 'r_state_ctrl_0_18', input port 'phase_i' is connected directly to output port 'black_compute_o'. (LINT-29)
Warning: In design 'r_state_ctrl_0_18', input port 'phase_i' is connected directly to output port 'dst_black_o'. (LINT-29)
Warning: In design 'r_state_ctrl_0_18', input port 'run_en_i' is connected directly to output port 'alu_en_o'. (LINT-29)
Warning: In design 'r_state_ctrl_0_18', input port 'run_en_i' is connected directly to output port 'shift_en_o'. (LINT-29)
Warning: In design 'r_state_ctrl_0_18', input port 'commit_i' is connected directly to output port 'dsm_commit_o'. (LINT-29)
Warning: In design 'r_state_ctrl_0_18', input port 'read_en_i' is connected directly to output port 'scan_mode_o'. (LINT-29)
Warning: In design 'r_state_ctrl_0_19', input port 'phase_i' is connected directly to output port 'remote_east_o'. (LINT-29)
Warning: In design 'r_state_ctrl_0_19', input port 'phase_i' is connected directly to output port 'black_compute_o'. (LINT-29)
Warning: In design 'r_state_ctrl_0_19', input port 'phase_i' is connected directly to output port 'dst_black_o'. (LINT-29)
Warning: In design 'r_state_ctrl_0_19', input port 'run_en_i' is connected directly to output port 'alu_en_o'. (LINT-29)
Warning: In design 'r_state_ctrl_0_19', input port 'run_en_i' is connected directly to output port 'shift_en_o'. (LINT-29)
Warning: In design 'r_state_ctrl_0_19', input port 'commit_i' is connected directly to output port 'dsm_commit_o'. (LINT-29)
Warning: In design 'r_state_ctrl_0_19', input port 'read_en_i' is connected directly to output port 'scan_mode_o'. (LINT-29)
Warning: In design 'r_state_ctrl_0_20', input port 'phase_i' is connected directly to output port 'remote_east_o'. (LINT-29)
Warning: In design 'r_state_ctrl_0_20', input port 'phase_i' is connected directly to output port 'black_compute_o'. (LINT-29)
Warning: In design 'r_state_ctrl_0_20', input port 'phase_i' is connected directly to output port 'dst_black_o'. (LINT-29)
Warning: In design 'r_state_ctrl_0_20', input port 'run_en_i' is connected directly to output port 'alu_en_o'. (LINT-29)
Warning: In design 'r_state_ctrl_0_20', input port 'run_en_i' is connected directly to output port 'shift_en_o'. (LINT-29)
Warning: In design 'r_state_ctrl_0_20', input port 'commit_i' is connected directly to output port 'dsm_commit_o'. (LINT-29)
Warning: In design 'r_state_ctrl_0_20', input port 'read_en_i' is connected directly to output port 'scan_mode_o'. (LINT-29)
Warning: In design 'r_state_ctrl_0_21', input port 'phase_i' is connected directly to output port 'remote_east_o'. (LINT-29)
Warning: In design 'r_state_ctrl_0_21', input port 'phase_i' is connected directly to output port 'black_compute_o'. (LINT-29)
Warning: In design 'r_state_ctrl_0_21', input port 'phase_i' is connected directly to output port 'dst_black_o'. (LINT-29)
Warning: In design 'r_state_ctrl_0_21', input port 'run_en_i' is connected directly to output port 'alu_en_o'. (LINT-29)
Warning: In design 'r_state_ctrl_0_21', input port 'run_en_i' is connected directly to output port 'shift_en_o'. (LINT-29)
Warning: In design 'r_state_ctrl_0_21', input port 'commit_i' is connected directly to output port 'dsm_commit_o'. (LINT-29)
Warning: In design 'r_state_ctrl_0_21', input port 'read_en_i' is connected directly to output port 'scan_mode_o'. (LINT-29)
Warning: In design 'r_state_ctrl_0_22', input port 'phase_i' is connected directly to output port 'remote_east_o'. (LINT-29)
Warning: In design 'r_state_ctrl_0_22', input port 'phase_i' is connected directly to output port 'black_compute_o'. (LINT-29)
Warning: In design 'r_state_ctrl_0_22', input port 'phase_i' is connected directly to output port 'dst_black_o'. (LINT-29)
Warning: In design 'r_state_ctrl_0_22', input port 'run_en_i' is connected directly to output port 'alu_en_o'. (LINT-29)
Warning: In design 'r_state_ctrl_0_22', input port 'run_en_i' is connected directly to output port 'shift_en_o'. (LINT-29)
Warning: In design 'r_state_ctrl_0_22', input port 'commit_i' is connected directly to output port 'dsm_commit_o'. (LINT-29)
Warning: In design 'r_state_ctrl_0_22', input port 'read_en_i' is connected directly to output port 'scan_mode_o'. (LINT-29)
Warning: In design 'r_state_ctrl_0_23', input port 'phase_i' is connected directly to output port 'remote_east_o'. (LINT-29)
Warning: In design 'r_state_ctrl_0_23', input port 'phase_i' is connected directly to output port 'black_compute_o'. (LINT-29)
Warning: In design 'r_state_ctrl_0_23', input port 'phase_i' is connected directly to output port 'dst_black_o'. (LINT-29)
Warning: In design 'r_state_ctrl_0_23', input port 'run_en_i' is connected directly to output port 'alu_en_o'. (LINT-29)
Warning: In design 'r_state_ctrl_0_23', input port 'run_en_i' is connected directly to output port 'shift_en_o'. (LINT-29)
Warning: In design 'r_state_ctrl_0_23', input port 'commit_i' is connected directly to output port 'dsm_commit_o'. (LINT-29)
Warning: In design 'r_state_ctrl_0_23', input port 'read_en_i' is connected directly to output port 'scan_mode_o'. (LINT-29)
Warning: In design 'r_state_ctrl_0_24', input port 'phase_i' is connected directly to output port 'remote_east_o'. (LINT-29)
Warning: In design 'r_state_ctrl_0_24', input port 'phase_i' is connected directly to output port 'black_compute_o'. (LINT-29)
Warning: In design 'r_state_ctrl_0_24', input port 'phase_i' is connected directly to output port 'dst_black_o'. (LINT-29)
Warning: In design 'r_state_ctrl_0_24', input port 'run_en_i' is connected directly to output port 'alu_en_o'. (LINT-29)
Warning: In design 'r_state_ctrl_0_24', input port 'run_en_i' is connected directly to output port 'shift_en_o'. (LINT-29)
Warning: In design 'r_state_ctrl_0_24', input port 'commit_i' is connected directly to output port 'dsm_commit_o'. (LINT-29)
Warning: In design 'r_state_ctrl_0_24', input port 'read_en_i' is connected directly to output port 'scan_mode_o'. (LINT-29)
Warning: In design 'r_state_ctrl_0_25', input port 'phase_i' is connected directly to output port 'remote_east_o'. (LINT-29)
Warning: In design 'r_state_ctrl_0_25', input port 'phase_i' is connected directly to output port 'black_compute_o'. (LINT-29)
Warning: In design 'r_state_ctrl_0_25', input port 'phase_i' is connected directly to output port 'dst_black_o'. (LINT-29)
Warning: In design 'r_state_ctrl_0_25', input port 'run_en_i' is connected directly to output port 'alu_en_o'. (LINT-29)
Warning: In design 'r_state_ctrl_0_25', input port 'run_en_i' is connected directly to output port 'shift_en_o'. (LINT-29)
Warning: In design 'r_state_ctrl_0_25', input port 'commit_i' is connected directly to output port 'dsm_commit_o'. (LINT-29)
Warning: In design 'r_state_ctrl_0_25', input port 'read_en_i' is connected directly to output port 'scan_mode_o'. (LINT-29)
Warning: In design 'r_state_ctrl_0_26', input port 'phase_i' is connected directly to output port 'remote_east_o'. (LINT-29)
Warning: In design 'r_state_ctrl_0_26', input port 'phase_i' is connected directly to output port 'black_compute_o'. (LINT-29)
Warning: In design 'r_state_ctrl_0_26', input port 'phase_i' is connected directly to output port 'dst_black_o'. (LINT-29)
Warning: In design 'r_state_ctrl_0_26', input port 'run_en_i' is connected directly to output port 'alu_en_o'. (LINT-29)
Warning: In design 'r_state_ctrl_0_26', input port 'run_en_i' is connected directly to output port 'shift_en_o'. (LINT-29)
Warning: In design 'r_state_ctrl_0_26', input port 'commit_i' is connected directly to output port 'dsm_commit_o'. (LINT-29)
Warning: In design 'r_state_ctrl_0_26', input port 'read_en_i' is connected directly to output port 'scan_mode_o'. (LINT-29)
Warning: In design 'r_state_ctrl_0_27', input port 'phase_i' is connected directly to output port 'remote_east_o'. (LINT-29)
Warning: In design 'r_state_ctrl_0_27', input port 'phase_i' is connected directly to output port 'black_compute_o'. (LINT-29)
Warning: In design 'r_state_ctrl_0_27', input port 'phase_i' is connected directly to output port 'dst_black_o'. (LINT-29)
Warning: In design 'r_state_ctrl_0_27', input port 'run_en_i' is connected directly to output port 'alu_en_o'. (LINT-29)
Warning: In design 'r_state_ctrl_0_27', input port 'run_en_i' is connected directly to output port 'shift_en_o'. (LINT-29)
Warning: In design 'r_state_ctrl_0_27', input port 'commit_i' is connected directly to output port 'dsm_commit_o'. (LINT-29)
Warning: In design 'r_state_ctrl_0_27', input port 'read_en_i' is connected directly to output port 'scan_mode_o'. (LINT-29)
Warning: In design 'r_state_ctrl_0_28', input port 'phase_i' is connected directly to output port 'remote_east_o'. (LINT-29)
Warning: In design 'r_state_ctrl_0_28', input port 'phase_i' is connected directly to output port 'black_compute_o'. (LINT-29)
Warning: In design 'r_state_ctrl_0_28', input port 'phase_i' is connected directly to output port 'dst_black_o'. (LINT-29)
Warning: In design 'r_state_ctrl_0_28', input port 'run_en_i' is connected directly to output port 'alu_en_o'. (LINT-29)
Warning: In design 'r_state_ctrl_0_28', input port 'run_en_i' is connected directly to output port 'shift_en_o'. (LINT-29)
Warning: In design 'r_state_ctrl_0_28', input port 'commit_i' is connected directly to output port 'dsm_commit_o'. (LINT-29)
Warning: In design 'r_state_ctrl_0_28', input port 'read_en_i' is connected directly to output port 'scan_mode_o'. (LINT-29)
Warning: In design 'r_state_ctrl_0_29', input port 'phase_i' is connected directly to output port 'remote_east_o'. (LINT-29)
Warning: In design 'r_state_ctrl_0_29', input port 'phase_i' is connected directly to output port 'black_compute_o'. (LINT-29)
Warning: In design 'r_state_ctrl_0_29', input port 'phase_i' is connected directly to output port 'dst_black_o'. (LINT-29)
Warning: In design 'r_state_ctrl_0_29', input port 'run_en_i' is connected directly to output port 'alu_en_o'. (LINT-29)
Warning: In design 'r_state_ctrl_0_29', input port 'run_en_i' is connected directly to output port 'shift_en_o'. (LINT-29)
Warning: In design 'r_state_ctrl_0_29', input port 'commit_i' is connected directly to output port 'dsm_commit_o'. (LINT-29)
Warning: In design 'r_state_ctrl_0_29', input port 'read_en_i' is connected directly to output port 'scan_mode_o'. (LINT-29)
Warning: In design 'r_state_ctrl_0_30', input port 'phase_i' is connected directly to output port 'remote_east_o'. (LINT-29)
Warning: In design 'r_state_ctrl_0_30', input port 'phase_i' is connected directly to output port 'black_compute_o'. (LINT-29)
Warning: In design 'r_state_ctrl_0_30', input port 'phase_i' is connected directly to output port 'dst_black_o'. (LINT-29)
Warning: In design 'r_state_ctrl_0_30', input port 'run_en_i' is connected directly to output port 'alu_en_o'. (LINT-29)
Warning: In design 'r_state_ctrl_0_30', input port 'run_en_i' is connected directly to output port 'shift_en_o'. (LINT-29)
Warning: In design 'r_state_ctrl_0_30', input port 'commit_i' is connected directly to output port 'dsm_commit_o'. (LINT-29)
Warning: In design 'r_state_ctrl_0_30', input port 'read_en_i' is connected directly to output port 'scan_mode_o'. (LINT-29)
Warning: In design 'r_state_ctrl_0_31', input port 'phase_i' is connected directly to output port 'remote_east_o'. (LINT-29)
Warning: In design 'r_state_ctrl_0_31', input port 'phase_i' is connected directly to output port 'black_compute_o'. (LINT-29)
Warning: In design 'r_state_ctrl_0_31', input port 'phase_i' is connected directly to output port 'dst_black_o'. (LINT-29)
Warning: In design 'r_state_ctrl_0_31', input port 'run_en_i' is connected directly to output port 'alu_en_o'. (LINT-29)
Warning: In design 'r_state_ctrl_0_31', input port 'run_en_i' is connected directly to output port 'shift_en_o'. (LINT-29)
Warning: In design 'r_state_ctrl_0_31', input port 'commit_i' is connected directly to output port 'dsm_commit_o'. (LINT-29)
Warning: In design 'r_state_ctrl_0_31', input port 'read_en_i' is connected directly to output port 'scan_mode_o'. (LINT-29)
Warning: In design 'r_state_ctrl_0_32', input port 'phase_i' is connected directly to output port 'remote_east_o'. (LINT-29)
Warning: In design 'r_state_ctrl_0_32', input port 'phase_i' is connected directly to output port 'black_compute_o'. (LINT-29)
Warning: In design 'r_state_ctrl_0_32', input port 'phase_i' is connected directly to output port 'dst_black_o'. (LINT-29)
Warning: In design 'r_state_ctrl_0_32', input port 'run_en_i' is connected directly to output port 'alu_en_o'. (LINT-29)
Warning: In design 'r_state_ctrl_0_32', input port 'run_en_i' is connected directly to output port 'shift_en_o'. (LINT-29)
Warning: In design 'r_state_ctrl_0_32', input port 'commit_i' is connected directly to output port 'dsm_commit_o'. (LINT-29)
Warning: In design 'r_state_ctrl_0_32', input port 'read_en_i' is connected directly to output port 'scan_mode_o'. (LINT-29)
Warning: In design 'r_state_ctrl_0_33', input port 'phase_i' is connected directly to output port 'remote_east_o'. (LINT-29)
Warning: In design 'r_state_ctrl_0_33', input port 'phase_i' is connected directly to output port 'black_compute_o'. (LINT-29)
Warning: In design 'r_state_ctrl_0_33', input port 'phase_i' is connected directly to output port 'dst_black_o'. (LINT-29)
Warning: In design 'r_state_ctrl_0_33', input port 'run_en_i' is connected directly to output port 'alu_en_o'. (LINT-29)
Warning: In design 'r_state_ctrl_0_33', input port 'run_en_i' is connected directly to output port 'shift_en_o'. (LINT-29)
Warning: In design 'r_state_ctrl_0_33', input port 'commit_i' is connected directly to output port 'dsm_commit_o'. (LINT-29)
Warning: In design 'r_state_ctrl_0_33', input port 'read_en_i' is connected directly to output port 'scan_mode_o'. (LINT-29)
Warning: In design 'r_state_ctrl_0_34', input port 'phase_i' is connected directly to output port 'remote_east_o'. (LINT-29)
Warning: In design 'r_state_ctrl_0_34', input port 'phase_i' is connected directly to output port 'black_compute_o'. (LINT-29)
Warning: In design 'r_state_ctrl_0_34', input port 'phase_i' is connected directly to output port 'dst_black_o'. (LINT-29)
Warning: In design 'r_state_ctrl_0_34', input port 'run_en_i' is connected directly to output port 'alu_en_o'. (LINT-29)
Warning: In design 'r_state_ctrl_0_34', input port 'run_en_i' is connected directly to output port 'shift_en_o'. (LINT-29)
Warning: In design 'r_state_ctrl_0_34', input port 'commit_i' is connected directly to output port 'dsm_commit_o'. (LINT-29)
Warning: In design 'r_state_ctrl_0_34', input port 'read_en_i' is connected directly to output port 'scan_mode_o'. (LINT-29)
Warning: In design 'r_state_ctrl_0_35', input port 'phase_i' is connected directly to output port 'remote_east_o'. (LINT-29)
Warning: In design 'r_state_ctrl_0_35', input port 'phase_i' is connected directly to output port 'black_compute_o'. (LINT-29)
Warning: In design 'r_state_ctrl_0_35', input port 'phase_i' is connected directly to output port 'dst_black_o'. (LINT-29)
Warning: In design 'r_state_ctrl_0_35', input port 'run_en_i' is connected directly to output port 'alu_en_o'. (LINT-29)
Warning: In design 'r_state_ctrl_0_35', input port 'run_en_i' is connected directly to output port 'shift_en_o'. (LINT-29)
Warning: In design 'r_state_ctrl_0_35', input port 'commit_i' is connected directly to output port 'dsm_commit_o'. (LINT-29)
Warning: In design 'r_state_ctrl_0_35', input port 'read_en_i' is connected directly to output port 'scan_mode_o'. (LINT-29)
Warning: In design 'r_state_ctrl_0_36', input port 'phase_i' is connected directly to output port 'remote_east_o'. (LINT-29)
Warning: In design 'r_state_ctrl_0_36', input port 'phase_i' is connected directly to output port 'black_compute_o'. (LINT-29)
Warning: In design 'r_state_ctrl_0_36', input port 'phase_i' is connected directly to output port 'dst_black_o'. (LINT-29)
Warning: In design 'r_state_ctrl_0_36', input port 'run_en_i' is connected directly to output port 'alu_en_o'. (LINT-29)
Warning: In design 'r_state_ctrl_0_36', input port 'run_en_i' is connected directly to output port 'shift_en_o'. (LINT-29)
Warning: In design 'r_state_ctrl_0_36', input port 'commit_i' is connected directly to output port 'dsm_commit_o'. (LINT-29)
Warning: In design 'r_state_ctrl_0_36', input port 'read_en_i' is connected directly to output port 'scan_mode_o'. (LINT-29)
Warning: In design 'r_state_ctrl_0_37', input port 'phase_i' is connected directly to output port 'remote_east_o'. (LINT-29)
Warning: In design 'r_state_ctrl_0_37', input port 'phase_i' is connected directly to output port 'black_compute_o'. (LINT-29)
Warning: In design 'r_state_ctrl_0_37', input port 'phase_i' is connected directly to output port 'dst_black_o'. (LINT-29)
Warning: In design 'r_state_ctrl_0_37', input port 'run_en_i' is connected directly to output port 'alu_en_o'. (LINT-29)
Warning: In design 'r_state_ctrl_0_37', input port 'run_en_i' is connected directly to output port 'shift_en_o'. (LINT-29)
Warning: In design 'r_state_ctrl_0_37', input port 'commit_i' is connected directly to output port 'dsm_commit_o'. (LINT-29)
Warning: In design 'r_state_ctrl_0_37', input port 'read_en_i' is connected directly to output port 'scan_mode_o'. (LINT-29)
Warning: In design 'r_state_ctrl_0_38', input port 'phase_i' is connected directly to output port 'remote_east_o'. (LINT-29)
Warning: In design 'r_state_ctrl_0_38', input port 'phase_i' is connected directly to output port 'black_compute_o'. (LINT-29)
Warning: In design 'r_state_ctrl_0_38', input port 'phase_i' is connected directly to output port 'dst_black_o'. (LINT-29)
Warning: In design 'r_state_ctrl_0_38', input port 'run_en_i' is connected directly to output port 'alu_en_o'. (LINT-29)
Warning: In design 'r_state_ctrl_0_38', input port 'run_en_i' is connected directly to output port 'shift_en_o'. (LINT-29)
Warning: In design 'r_state_ctrl_0_38', input port 'commit_i' is connected directly to output port 'dsm_commit_o'. (LINT-29)
Warning: In design 'r_state_ctrl_0_38', input port 'read_en_i' is connected directly to output port 'scan_mode_o'. (LINT-29)
Warning: In design 'r_state_ctrl_0_39', input port 'phase_i' is connected directly to output port 'remote_east_o'. (LINT-29)
Warning: In design 'r_state_ctrl_0_39', input port 'phase_i' is connected directly to output port 'black_compute_o'. (LINT-29)
Warning: In design 'r_state_ctrl_0_39', input port 'phase_i' is connected directly to output port 'dst_black_o'. (LINT-29)
Warning: In design 'r_state_ctrl_0_39', input port 'run_en_i' is connected directly to output port 'alu_en_o'. (LINT-29)
Warning: In design 'r_state_ctrl_0_39', input port 'run_en_i' is connected directly to output port 'shift_en_o'. (LINT-29)
Warning: In design 'r_state_ctrl_0_39', input port 'commit_i' is connected directly to output port 'dsm_commit_o'. (LINT-29)
Warning: In design 'r_state_ctrl_0_39', input port 'read_en_i' is connected directly to output port 'scan_mode_o'. (LINT-29)
Warning: In design 'r_state_ctrl_0_40', input port 'phase_i' is connected directly to output port 'remote_east_o'. (LINT-29)
Warning: In design 'r_state_ctrl_0_40', input port 'phase_i' is connected directly to output port 'black_compute_o'. (LINT-29)
Warning: In design 'r_state_ctrl_0_40', input port 'phase_i' is connected directly to output port 'dst_black_o'. (LINT-29)
Warning: In design 'r_state_ctrl_0_40', input port 'run_en_i' is connected directly to output port 'alu_en_o'. (LINT-29)
Warning: In design 'r_state_ctrl_0_40', input port 'run_en_i' is connected directly to output port 'shift_en_o'. (LINT-29)
Warning: In design 'r_state_ctrl_0_40', input port 'commit_i' is connected directly to output port 'dsm_commit_o'. (LINT-29)
Warning: In design 'r_state_ctrl_0_40', input port 'read_en_i' is connected directly to output port 'scan_mode_o'. (LINT-29)
Warning: In design 'r_state_ctrl_0_41', input port 'phase_i' is connected directly to output port 'remote_east_o'. (LINT-29)
Warning: In design 'r_state_ctrl_0_41', input port 'phase_i' is connected directly to output port 'black_compute_o'. (LINT-29)
Warning: In design 'r_state_ctrl_0_41', input port 'phase_i' is connected directly to output port 'dst_black_o'. (LINT-29)
Warning: In design 'r_state_ctrl_0_41', input port 'run_en_i' is connected directly to output port 'alu_en_o'. (LINT-29)
Warning: In design 'r_state_ctrl_0_41', input port 'run_en_i' is connected directly to output port 'shift_en_o'. (LINT-29)
Warning: In design 'r_state_ctrl_0_41', input port 'commit_i' is connected directly to output port 'dsm_commit_o'. (LINT-29)
Warning: In design 'r_state_ctrl_0_41', input port 'read_en_i' is connected directly to output port 'scan_mode_o'. (LINT-29)
Warning: In design 'r_state_ctrl_0_42', input port 'phase_i' is connected directly to output port 'remote_east_o'. (LINT-29)
Warning: In design 'r_state_ctrl_0_42', input port 'phase_i' is connected directly to output port 'black_compute_o'. (LINT-29)
Warning: In design 'r_state_ctrl_0_42', input port 'phase_i' is connected directly to output port 'dst_black_o'. (LINT-29)
Warning: In design 'r_state_ctrl_0_42', input port 'run_en_i' is connected directly to output port 'alu_en_o'. (LINT-29)
Warning: In design 'r_state_ctrl_0_42', input port 'run_en_i' is connected directly to output port 'shift_en_o'. (LINT-29)
Warning: In design 'r_state_ctrl_0_42', input port 'commit_i' is connected directly to output port 'dsm_commit_o'. (LINT-29)
Warning: In design 'r_state_ctrl_0_42', input port 'read_en_i' is connected directly to output port 'scan_mode_o'. (LINT-29)
Warning: In design 'r_state_ctrl_0_43', input port 'phase_i' is connected directly to output port 'remote_east_o'. (LINT-29)
Warning: In design 'r_state_ctrl_0_43', input port 'phase_i' is connected directly to output port 'black_compute_o'. (LINT-29)
Warning: In design 'r_state_ctrl_0_43', input port 'phase_i' is connected directly to output port 'dst_black_o'. (LINT-29)
Warning: In design 'r_state_ctrl_0_43', input port 'run_en_i' is connected directly to output port 'alu_en_o'. (LINT-29)
Warning: In design 'r_state_ctrl_0_43', input port 'run_en_i' is connected directly to output port 'shift_en_o'. (LINT-29)
Warning: In design 'r_state_ctrl_0_43', input port 'commit_i' is connected directly to output port 'dsm_commit_o'. (LINT-29)
Warning: In design 'r_state_ctrl_0_43', input port 'read_en_i' is connected directly to output port 'scan_mode_o'. (LINT-29)
Warning: In design 'r_state_ctrl_0_44', input port 'phase_i' is connected directly to output port 'remote_east_o'. (LINT-29)
Warning: In design 'r_state_ctrl_0_44', input port 'phase_i' is connected directly to output port 'black_compute_o'. (LINT-29)
Warning: In design 'r_state_ctrl_0_44', input port 'phase_i' is connected directly to output port 'dst_black_o'. (LINT-29)
Warning: In design 'r_state_ctrl_0_44', input port 'run_en_i' is connected directly to output port 'alu_en_o'. (LINT-29)
Warning: In design 'r_state_ctrl_0_44', input port 'run_en_i' is connected directly to output port 'shift_en_o'. (LINT-29)
Warning: In design 'r_state_ctrl_0_44', input port 'commit_i' is connected directly to output port 'dsm_commit_o'. (LINT-29)
Warning: In design 'r_state_ctrl_0_44', input port 'read_en_i' is connected directly to output port 'scan_mode_o'. (LINT-29)
Warning: In design 'r_state_ctrl_0_45', input port 'phase_i' is connected directly to output port 'remote_east_o'. (LINT-29)
Warning: In design 'r_state_ctrl_0_45', input port 'phase_i' is connected directly to output port 'black_compute_o'. (LINT-29)
Warning: In design 'r_state_ctrl_0_45', input port 'phase_i' is connected directly to output port 'dst_black_o'. (LINT-29)
Warning: In design 'r_state_ctrl_0_45', input port 'run_en_i' is connected directly to output port 'alu_en_o'. (LINT-29)
Warning: In design 'r_state_ctrl_0_45', input port 'run_en_i' is connected directly to output port 'shift_en_o'. (LINT-29)
Warning: In design 'r_state_ctrl_0_45', input port 'commit_i' is connected directly to output port 'dsm_commit_o'. (LINT-29)
Warning: In design 'r_state_ctrl_0_45', input port 'read_en_i' is connected directly to output port 'scan_mode_o'. (LINT-29)
Warning: In design 'r_state_ctrl_0_46', input port 'phase_i' is connected directly to output port 'remote_east_o'. (LINT-29)
Warning: In design 'r_state_ctrl_0_46', input port 'phase_i' is connected directly to output port 'black_compute_o'. (LINT-29)
Warning: In design 'r_state_ctrl_0_46', input port 'phase_i' is connected directly to output port 'dst_black_o'. (LINT-29)
Warning: In design 'r_state_ctrl_0_46', input port 'run_en_i' is connected directly to output port 'alu_en_o'. (LINT-29)
Warning: In design 'r_state_ctrl_0_46', input port 'run_en_i' is connected directly to output port 'shift_en_o'. (LINT-29)
Warning: In design 'r_state_ctrl_0_46', input port 'commit_i' is connected directly to output port 'dsm_commit_o'. (LINT-29)
Warning: In design 'r_state_ctrl_0_46', input port 'read_en_i' is connected directly to output port 'scan_mode_o'. (LINT-29)
Warning: In design 'r_state_ctrl_0_47', input port 'phase_i' is connected directly to output port 'remote_east_o'. (LINT-29)
Warning: In design 'r_state_ctrl_0_47', input port 'phase_i' is connected directly to output port 'black_compute_o'. (LINT-29)
Warning: In design 'r_state_ctrl_0_47', input port 'phase_i' is connected directly to output port 'dst_black_o'. (LINT-29)
Warning: In design 'r_state_ctrl_0_47', input port 'run_en_i' is connected directly to output port 'alu_en_o'. (LINT-29)
Warning: In design 'r_state_ctrl_0_47', input port 'run_en_i' is connected directly to output port 'shift_en_o'. (LINT-29)
Warning: In design 'r_state_ctrl_0_47', input port 'commit_i' is connected directly to output port 'dsm_commit_o'. (LINT-29)
Warning: In design 'r_state_ctrl_0_47', input port 'read_en_i' is connected directly to output port 'scan_mode_o'. (LINT-29)
Warning: In design 'r_state_ctrl_0_48', input port 'phase_i' is connected directly to output port 'remote_east_o'. (LINT-29)
Warning: In design 'r_state_ctrl_0_48', input port 'phase_i' is connected directly to output port 'black_compute_o'. (LINT-29)
Warning: In design 'r_state_ctrl_0_48', input port 'phase_i' is connected directly to output port 'dst_black_o'. (LINT-29)
Warning: In design 'r_state_ctrl_0_48', input port 'run_en_i' is connected directly to output port 'alu_en_o'. (LINT-29)
Warning: In design 'r_state_ctrl_0_48', input port 'run_en_i' is connected directly to output port 'shift_en_o'. (LINT-29)
Warning: In design 'r_state_ctrl_0_48', input port 'commit_i' is connected directly to output port 'dsm_commit_o'. (LINT-29)
Warning: In design 'r_state_ctrl_0_48', input port 'read_en_i' is connected directly to output port 'scan_mode_o'. (LINT-29)
Warning: In design 'r_state_ctrl_0_49', input port 'phase_i' is connected directly to output port 'remote_east_o'. (LINT-29)
Warning: In design 'r_state_ctrl_0_49', input port 'phase_i' is connected directly to output port 'black_compute_o'. (LINT-29)
Warning: In design 'r_state_ctrl_0_49', input port 'phase_i' is connected directly to output port 'dst_black_o'. (LINT-29)
Warning: In design 'r_state_ctrl_0_49', input port 'run_en_i' is connected directly to output port 'alu_en_o'. (LINT-29)
Warning: In design 'r_state_ctrl_0_49', input port 'run_en_i' is connected directly to output port 'shift_en_o'. (LINT-29)
Warning: In design 'r_state_ctrl_0_49', input port 'commit_i' is connected directly to output port 'dsm_commit_o'. (LINT-29)
Warning: In design 'r_state_ctrl_0_49', input port 'read_en_i' is connected directly to output port 'scan_mode_o'. (LINT-29)
Warning: In design 'r_state_ctrl_0_50', input port 'phase_i' is connected directly to output port 'remote_east_o'. (LINT-29)
Warning: In design 'r_state_ctrl_0_50', input port 'phase_i' is connected directly to output port 'black_compute_o'. (LINT-29)
Warning: In design 'r_state_ctrl_0_50', input port 'phase_i' is connected directly to output port 'dst_black_o'. (LINT-29)
Warning: In design 'r_state_ctrl_0_50', input port 'run_en_i' is connected directly to output port 'alu_en_o'. (LINT-29)
Warning: In design 'r_state_ctrl_0_50', input port 'run_en_i' is connected directly to output port 'shift_en_o'. (LINT-29)
Warning: In design 'r_state_ctrl_0_50', input port 'commit_i' is connected directly to output port 'dsm_commit_o'. (LINT-29)
Warning: In design 'r_state_ctrl_0_50', input port 'read_en_i' is connected directly to output port 'scan_mode_o'. (LINT-29)
Warning: In design 'r_state_ctrl_0_51', input port 'phase_i' is connected directly to output port 'remote_east_o'. (LINT-29)
Warning: In design 'r_state_ctrl_0_51', input port 'phase_i' is connected directly to output port 'black_compute_o'. (LINT-29)
Warning: In design 'r_state_ctrl_0_51', input port 'phase_i' is connected directly to output port 'dst_black_o'. (LINT-29)
Warning: In design 'r_state_ctrl_0_51', input port 'run_en_i' is connected directly to output port 'alu_en_o'. (LINT-29)
Warning: In design 'r_state_ctrl_0_51', input port 'run_en_i' is connected directly to output port 'shift_en_o'. (LINT-29)
Warning: In design 'r_state_ctrl_0_51', input port 'commit_i' is connected directly to output port 'dsm_commit_o'. (LINT-29)
Warning: In design 'r_state_ctrl_0_51', input port 'read_en_i' is connected directly to output port 'scan_mode_o'. (LINT-29)
Warning: In design 'r_state_ctrl_0_52', input port 'phase_i' is connected directly to output port 'remote_east_o'. (LINT-29)
Warning: In design 'r_state_ctrl_0_52', input port 'phase_i' is connected directly to output port 'black_compute_o'. (LINT-29)
Warning: In design 'r_state_ctrl_0_52', input port 'phase_i' is connected directly to output port 'dst_black_o'. (LINT-29)
Warning: In design 'r_state_ctrl_0_52', input port 'run_en_i' is connected directly to output port 'alu_en_o'. (LINT-29)
Warning: In design 'r_state_ctrl_0_52', input port 'run_en_i' is connected directly to output port 'shift_en_o'. (LINT-29)
Warning: In design 'r_state_ctrl_0_52', input port 'commit_i' is connected directly to output port 'dsm_commit_o'. (LINT-29)
Warning: In design 'r_state_ctrl_0_52', input port 'read_en_i' is connected directly to output port 'scan_mode_o'. (LINT-29)
Warning: In design 'r_state_ctrl_0_53', input port 'phase_i' is connected directly to output port 'remote_east_o'. (LINT-29)
Warning: In design 'r_state_ctrl_0_53', input port 'phase_i' is connected directly to output port 'black_compute_o'. (LINT-29)
Warning: In design 'r_state_ctrl_0_53', input port 'phase_i' is connected directly to output port 'dst_black_o'. (LINT-29)
Warning: In design 'r_state_ctrl_0_53', input port 'run_en_i' is connected directly to output port 'alu_en_o'. (LINT-29)
Warning: In design 'r_state_ctrl_0_53', input port 'run_en_i' is connected directly to output port 'shift_en_o'. (LINT-29)
Warning: In design 'r_state_ctrl_0_53', input port 'commit_i' is connected directly to output port 'dsm_commit_o'. (LINT-29)
Warning: In design 'r_state_ctrl_0_53', input port 'read_en_i' is connected directly to output port 'scan_mode_o'. (LINT-29)
Warning: In design 'r_state_ctrl_0_54', input port 'phase_i' is connected directly to output port 'remote_east_o'. (LINT-29)
Warning: In design 'r_state_ctrl_0_54', input port 'phase_i' is connected directly to output port 'black_compute_o'. (LINT-29)
Warning: In design 'r_state_ctrl_0_54', input port 'phase_i' is connected directly to output port 'dst_black_o'. (LINT-29)
Warning: In design 'r_state_ctrl_0_54', input port 'run_en_i' is connected directly to output port 'alu_en_o'. (LINT-29)
Warning: In design 'r_state_ctrl_0_54', input port 'run_en_i' is connected directly to output port 'shift_en_o'. (LINT-29)
Warning: In design 'r_state_ctrl_0_54', input port 'commit_i' is connected directly to output port 'dsm_commit_o'. (LINT-29)
Warning: In design 'r_state_ctrl_0_54', input port 'read_en_i' is connected directly to output port 'scan_mode_o'. (LINT-29)
Warning: In design 'r_state_ctrl_0_55', input port 'phase_i' is connected directly to output port 'remote_east_o'. (LINT-29)
Warning: In design 'r_state_ctrl_0_55', input port 'phase_i' is connected directly to output port 'black_compute_o'. (LINT-29)
Warning: In design 'r_state_ctrl_0_55', input port 'phase_i' is connected directly to output port 'dst_black_o'. (LINT-29)
Warning: In design 'r_state_ctrl_0_55', input port 'run_en_i' is connected directly to output port 'alu_en_o'. (LINT-29)
Warning: In design 'r_state_ctrl_0_55', input port 'run_en_i' is connected directly to output port 'shift_en_o'. (LINT-29)
Warning: In design 'r_state_ctrl_0_55', input port 'commit_i' is connected directly to output port 'dsm_commit_o'. (LINT-29)
Warning: In design 'r_state_ctrl_0_55', input port 'read_en_i' is connected directly to output port 'scan_mode_o'. (LINT-29)
Warning: In design 'r_state_ctrl_0_56', input port 'phase_i' is connected directly to output port 'remote_east_o'. (LINT-29)
Warning: In design 'r_state_ctrl_0_56', input port 'phase_i' is connected directly to output port 'black_compute_o'. (LINT-29)
Warning: In design 'r_state_ctrl_0_56', input port 'phase_i' is connected directly to output port 'dst_black_o'. (LINT-29)
Warning: In design 'r_state_ctrl_0_56', input port 'run_en_i' is connected directly to output port 'alu_en_o'. (LINT-29)
Warning: In design 'r_state_ctrl_0_56', input port 'run_en_i' is connected directly to output port 'shift_en_o'. (LINT-29)
Warning: In design 'r_state_ctrl_0_56', input port 'commit_i' is connected directly to output port 'dsm_commit_o'. (LINT-29)
Warning: In design 'r_state_ctrl_0_56', input port 'read_en_i' is connected directly to output port 'scan_mode_o'. (LINT-29)
Warning: In design 'r_state_ctrl_0_57', input port 'phase_i' is connected directly to output port 'remote_east_o'. (LINT-29)
Warning: In design 'r_state_ctrl_0_57', input port 'phase_i' is connected directly to output port 'black_compute_o'. (LINT-29)
Warning: In design 'r_state_ctrl_0_57', input port 'phase_i' is connected directly to output port 'dst_black_o'. (LINT-29)
Warning: In design 'r_state_ctrl_0_57', input port 'run_en_i' is connected directly to output port 'alu_en_o'. (LINT-29)
Warning: In design 'r_state_ctrl_0_57', input port 'run_en_i' is connected directly to output port 'shift_en_o'. (LINT-29)
Warning: In design 'r_state_ctrl_0_57', input port 'commit_i' is connected directly to output port 'dsm_commit_o'. (LINT-29)
Warning: In design 'r_state_ctrl_0_57', input port 'read_en_i' is connected directly to output port 'scan_mode_o'. (LINT-29)
Warning: In design 'r_state_ctrl_0_58', input port 'phase_i' is connected directly to output port 'remote_east_o'. (LINT-29)
Warning: In design 'r_state_ctrl_0_58', input port 'phase_i' is connected directly to output port 'black_compute_o'. (LINT-29)
Warning: In design 'r_state_ctrl_0_58', input port 'phase_i' is connected directly to output port 'dst_black_o'. (LINT-29)
Warning: In design 'r_state_ctrl_0_58', input port 'run_en_i' is connected directly to output port 'alu_en_o'. (LINT-29)
Warning: In design 'r_state_ctrl_0_58', input port 'run_en_i' is connected directly to output port 'shift_en_o'. (LINT-29)
Warning: In design 'r_state_ctrl_0_58', input port 'commit_i' is connected directly to output port 'dsm_commit_o'. (LINT-29)
Warning: In design 'r_state_ctrl_0_58', input port 'read_en_i' is connected directly to output port 'scan_mode_o'. (LINT-29)
Warning: In design 'r_state_ctrl_0_59', input port 'phase_i' is connected directly to output port 'remote_east_o'. (LINT-29)
Warning: In design 'r_state_ctrl_0_59', input port 'phase_i' is connected directly to output port 'black_compute_o'. (LINT-29)
Warning: In design 'r_state_ctrl_0_59', input port 'phase_i' is connected directly to output port 'dst_black_o'. (LINT-29)
Warning: In design 'r_state_ctrl_0_59', input port 'run_en_i' is connected directly to output port 'alu_en_o'. (LINT-29)
Warning: In design 'r_state_ctrl_0_59', input port 'run_en_i' is connected directly to output port 'shift_en_o'. (LINT-29)
Warning: In design 'r_state_ctrl_0_59', input port 'commit_i' is connected directly to output port 'dsm_commit_o'. (LINT-29)
Warning: In design 'r_state_ctrl_0_59', input port 'read_en_i' is connected directly to output port 'scan_mode_o'. (LINT-29)
Warning: In design 'r_state_ctrl_0_60', input port 'phase_i' is connected directly to output port 'remote_east_o'. (LINT-29)
Warning: In design 'r_state_ctrl_0_60', input port 'phase_i' is connected directly to output port 'black_compute_o'. (LINT-29)
Warning: In design 'r_state_ctrl_0_60', input port 'phase_i' is connected directly to output port 'dst_black_o'. (LINT-29)
Warning: In design 'r_state_ctrl_0_60', input port 'run_en_i' is connected directly to output port 'alu_en_o'. (LINT-29)
Warning: In design 'r_state_ctrl_0_60', input port 'run_en_i' is connected directly to output port 'shift_en_o'. (LINT-29)
Warning: In design 'r_state_ctrl_0_60', input port 'commit_i' is connected directly to output port 'dsm_commit_o'. (LINT-29)
Warning: In design 'r_state_ctrl_0_60', input port 'read_en_i' is connected directly to output port 'scan_mode_o'. (LINT-29)
Warning: In design 'r_state_ctrl_0_61', input port 'phase_i' is connected directly to output port 'remote_east_o'. (LINT-29)
Warning: In design 'r_state_ctrl_0_61', input port 'phase_i' is connected directly to output port 'black_compute_o'. (LINT-29)
Warning: In design 'r_state_ctrl_0_61', input port 'phase_i' is connected directly to output port 'dst_black_o'. (LINT-29)
Warning: In design 'r_state_ctrl_0_61', input port 'run_en_i' is connected directly to output port 'alu_en_o'. (LINT-29)
Warning: In design 'r_state_ctrl_0_61', input port 'run_en_i' is connected directly to output port 'shift_en_o'. (LINT-29)
Warning: In design 'r_state_ctrl_0_61', input port 'commit_i' is connected directly to output port 'dsm_commit_o'. (LINT-29)
Warning: In design 'r_state_ctrl_0_61', input port 'read_en_i' is connected directly to output port 'scan_mode_o'. (LINT-29)
Warning: In design 'r_state_ctrl_0_62', input port 'phase_i' is connected directly to output port 'remote_east_o'. (LINT-29)
Warning: In design 'r_state_ctrl_0_62', input port 'phase_i' is connected directly to output port 'black_compute_o'. (LINT-29)
Warning: In design 'r_state_ctrl_0_62', input port 'phase_i' is connected directly to output port 'dst_black_o'. (LINT-29)
Warning: In design 'r_state_ctrl_0_62', input port 'run_en_i' is connected directly to output port 'alu_en_o'. (LINT-29)
Warning: In design 'r_state_ctrl_0_62', input port 'run_en_i' is connected directly to output port 'shift_en_o'. (LINT-29)
Warning: In design 'r_state_ctrl_0_62', input port 'commit_i' is connected directly to output port 'dsm_commit_o'. (LINT-29)
Warning: In design 'r_state_ctrl_0_62', input port 'read_en_i' is connected directly to output port 'scan_mode_o'. (LINT-29)
Warning: In design 'r_state_ctrl_0_63', input port 'phase_i' is connected directly to output port 'remote_east_o'. (LINT-29)
Warning: In design 'r_state_ctrl_0_63', input port 'phase_i' is connected directly to output port 'black_compute_o'. (LINT-29)
Warning: In design 'r_state_ctrl_0_63', input port 'phase_i' is connected directly to output port 'dst_black_o'. (LINT-29)
Warning: In design 'r_state_ctrl_0_63', input port 'run_en_i' is connected directly to output port 'alu_en_o'. (LINT-29)
Warning: In design 'r_state_ctrl_0_63', input port 'run_en_i' is connected directly to output port 'shift_en_o'. (LINT-29)
Warning: In design 'r_state_ctrl_0_63', input port 'commit_i' is connected directly to output port 'dsm_commit_o'. (LINT-29)
Warning: In design 'r_state_ctrl_0_63', input port 'read_en_i' is connected directly to output port 'scan_mode_o'. (LINT-29)
Warning: In design 'r_state_ctrl_0_64', input port 'phase_i' is connected directly to output port 'remote_east_o'. (LINT-29)
Warning: In design 'r_state_ctrl_0_64', input port 'phase_i' is connected directly to output port 'black_compute_o'. (LINT-29)
Warning: In design 'r_state_ctrl_0_64', input port 'phase_i' is connected directly to output port 'dst_black_o'. (LINT-29)
Warning: In design 'r_state_ctrl_0_64', input port 'run_en_i' is connected directly to output port 'alu_en_o'. (LINT-29)
Warning: In design 'r_state_ctrl_0_64', input port 'run_en_i' is connected directly to output port 'shift_en_o'. (LINT-29)
Warning: In design 'r_state_ctrl_0_64', input port 'commit_i' is connected directly to output port 'dsm_commit_o'. (LINT-29)
Warning: In design 'r_state_ctrl_0_64', input port 'read_en_i' is connected directly to output port 'scan_mode_o'. (LINT-29)
Warning: In design 'r_state_ctrl_0_65', input port 'phase_i' is connected directly to output port 'remote_east_o'. (LINT-29)
Warning: In design 'r_state_ctrl_0_65', input port 'phase_i' is connected directly to output port 'black_compute_o'. (LINT-29)
Warning: In design 'r_state_ctrl_0_65', input port 'phase_i' is connected directly to output port 'dst_black_o'. (LINT-29)
Warning: In design 'r_state_ctrl_0_65', input port 'run_en_i' is connected directly to output port 'alu_en_o'. (LINT-29)
Warning: In design 'r_state_ctrl_0_65', input port 'run_en_i' is connected directly to output port 'shift_en_o'. (LINT-29)
Warning: In design 'r_state_ctrl_0_65', input port 'commit_i' is connected directly to output port 'dsm_commit_o'. (LINT-29)
Warning: In design 'r_state_ctrl_0_65', input port 'read_en_i' is connected directly to output port 'scan_mode_o'. (LINT-29)
Warning: In design 'r_state_ctrl_0_66', input port 'phase_i' is connected directly to output port 'remote_east_o'. (LINT-29)
Warning: In design 'r_state_ctrl_0_66', input port 'phase_i' is connected directly to output port 'black_compute_o'. (LINT-29)
Warning: In design 'r_state_ctrl_0_66', input port 'phase_i' is connected directly to output port 'dst_black_o'. (LINT-29)
Warning: In design 'r_state_ctrl_0_66', input port 'run_en_i' is connected directly to output port 'alu_en_o'. (LINT-29)
Warning: In design 'r_state_ctrl_0_66', input port 'run_en_i' is connected directly to output port 'shift_en_o'. (LINT-29)
Warning: In design 'r_state_ctrl_0_66', input port 'commit_i' is connected directly to output port 'dsm_commit_o'. (LINT-29)
Warning: In design 'r_state_ctrl_0_66', input port 'read_en_i' is connected directly to output port 'scan_mode_o'. (LINT-29)
Warning: In design 'r_state_ctrl_0_67', input port 'phase_i' is connected directly to output port 'remote_east_o'. (LINT-29)
Warning: In design 'r_state_ctrl_0_67', input port 'phase_i' is connected directly to output port 'black_compute_o'. (LINT-29)
Warning: In design 'r_state_ctrl_0_67', input port 'phase_i' is connected directly to output port 'dst_black_o'. (LINT-29)
Warning: In design 'r_state_ctrl_0_67', input port 'run_en_i' is connected directly to output port 'alu_en_o'. (LINT-29)
Warning: In design 'r_state_ctrl_0_67', input port 'run_en_i' is connected directly to output port 'shift_en_o'. (LINT-29)
Warning: In design 'r_state_ctrl_0_67', input port 'commit_i' is connected directly to output port 'dsm_commit_o'. (LINT-29)
Warning: In design 'r_state_ctrl_0_67', input port 'read_en_i' is connected directly to output port 'scan_mode_o'. (LINT-29)
Warning: In design 'r_state_ctrl_0_68', input port 'phase_i' is connected directly to output port 'remote_east_o'. (LINT-29)
Warning: In design 'r_state_ctrl_0_68', input port 'phase_i' is connected directly to output port 'black_compute_o'. (LINT-29)
Warning: In design 'r_state_ctrl_0_68', input port 'phase_i' is connected directly to output port 'dst_black_o'. (LINT-29)
Warning: In design 'r_state_ctrl_0_68', input port 'run_en_i' is connected directly to output port 'alu_en_o'. (LINT-29)
Warning: In design 'r_state_ctrl_0_68', input port 'run_en_i' is connected directly to output port 'shift_en_o'. (LINT-29)
Warning: In design 'r_state_ctrl_0_68', input port 'commit_i' is connected directly to output port 'dsm_commit_o'. (LINT-29)
Warning: In design 'r_state_ctrl_0_68', input port 'read_en_i' is connected directly to output port 'scan_mode_o'. (LINT-29)
Warning: In design 'r_state_ctrl_0_69', input port 'phase_i' is connected directly to output port 'remote_east_o'. (LINT-29)
Warning: In design 'r_state_ctrl_0_69', input port 'phase_i' is connected directly to output port 'black_compute_o'. (LINT-29)
Warning: In design 'r_state_ctrl_0_69', input port 'phase_i' is connected directly to output port 'dst_black_o'. (LINT-29)
Warning: In design 'r_state_ctrl_0_69', input port 'run_en_i' is connected directly to output port 'alu_en_o'. (LINT-29)
Warning: In design 'r_state_ctrl_0_69', input port 'run_en_i' is connected directly to output port 'shift_en_o'. (LINT-29)
Warning: In design 'r_state_ctrl_0_69', input port 'commit_i' is connected directly to output port 'dsm_commit_o'. (LINT-29)
Warning: In design 'r_state_ctrl_0_69', input port 'read_en_i' is connected directly to output port 'scan_mode_o'. (LINT-29)
Warning: In design 'r_state_ctrl_0_70', input port 'phase_i' is connected directly to output port 'remote_east_o'. (LINT-29)
Warning: In design 'r_state_ctrl_0_70', input port 'phase_i' is connected directly to output port 'black_compute_o'. (LINT-29)
Warning: In design 'r_state_ctrl_0_70', input port 'phase_i' is connected directly to output port 'dst_black_o'. (LINT-29)
Warning: In design 'r_state_ctrl_0_70', input port 'run_en_i' is connected directly to output port 'alu_en_o'. (LINT-29)
Warning: In design 'r_state_ctrl_0_70', input port 'run_en_i' is connected directly to output port 'shift_en_o'. (LINT-29)
Warning: In design 'r_state_ctrl_0_70', input port 'commit_i' is connected directly to output port 'dsm_commit_o'. (LINT-29)
Warning: In design 'r_state_ctrl_0_70', input port 'read_en_i' is connected directly to output port 'scan_mode_o'. (LINT-29)
Warning: In design 'r_state_ctrl_0_71', input port 'phase_i' is connected directly to output port 'remote_east_o'. (LINT-29)
Warning: In design 'r_state_ctrl_0_71', input port 'phase_i' is connected directly to output port 'black_compute_o'. (LINT-29)
Warning: In design 'r_state_ctrl_0_71', input port 'phase_i' is connected directly to output port 'dst_black_o'. (LINT-29)
Warning: In design 'r_state_ctrl_0_71', input port 'run_en_i' is connected directly to output port 'alu_en_o'. (LINT-29)
Warning: In design 'r_state_ctrl_0_71', input port 'run_en_i' is connected directly to output port 'shift_en_o'. (LINT-29)
Warning: In design 'r_state_ctrl_0_71', input port 'commit_i' is connected directly to output port 'dsm_commit_o'. (LINT-29)
Warning: In design 'r_state_ctrl_0_71', input port 'read_en_i' is connected directly to output port 'scan_mode_o'. (LINT-29)
Warning: In design 'r_state_ctrl_0_72', input port 'phase_i' is connected directly to output port 'remote_east_o'. (LINT-29)
Warning: In design 'r_state_ctrl_0_72', input port 'phase_i' is connected directly to output port 'black_compute_o'. (LINT-29)
Warning: In design 'r_state_ctrl_0_72', input port 'phase_i' is connected directly to output port 'dst_black_o'. (LINT-29)
Warning: In design 'r_state_ctrl_0_72', input port 'run_en_i' is connected directly to output port 'alu_en_o'. (LINT-29)
Warning: In design 'r_state_ctrl_0_72', input port 'run_en_i' is connected directly to output port 'shift_en_o'. (LINT-29)
Warning: In design 'r_state_ctrl_0_72', input port 'commit_i' is connected directly to output port 'dsm_commit_o'. (LINT-29)
Warning: In design 'r_state_ctrl_0_72', input port 'read_en_i' is connected directly to output port 'scan_mode_o'. (LINT-29)
Warning: In design 'r_state_ctrl_0_73', input port 'phase_i' is connected directly to output port 'remote_east_o'. (LINT-29)
Warning: In design 'r_state_ctrl_0_73', input port 'phase_i' is connected directly to output port 'black_compute_o'. (LINT-29)
Warning: In design 'r_state_ctrl_0_73', input port 'phase_i' is connected directly to output port 'dst_black_o'. (LINT-29)
Warning: In design 'r_state_ctrl_0_73', input port 'run_en_i' is connected directly to output port 'alu_en_o'. (LINT-29)
Warning: In design 'r_state_ctrl_0_73', input port 'run_en_i' is connected directly to output port 'shift_en_o'. (LINT-29)
Warning: In design 'r_state_ctrl_0_73', input port 'commit_i' is connected directly to output port 'dsm_commit_o'. (LINT-29)
Warning: In design 'r_state_ctrl_0_73', input port 'read_en_i' is connected directly to output port 'scan_mode_o'. (LINT-29)
Warning: In design 'r_state_ctrl_0_74', input port 'phase_i' is connected directly to output port 'remote_east_o'. (LINT-29)
Warning: In design 'r_state_ctrl_0_74', input port 'phase_i' is connected directly to output port 'black_compute_o'. (LINT-29)
Warning: In design 'r_state_ctrl_0_74', input port 'phase_i' is connected directly to output port 'dst_black_o'. (LINT-29)
Warning: In design 'r_state_ctrl_0_74', input port 'run_en_i' is connected directly to output port 'alu_en_o'. (LINT-29)
Warning: In design 'r_state_ctrl_0_74', input port 'run_en_i' is connected directly to output port 'shift_en_o'. (LINT-29)
Warning: In design 'r_state_ctrl_0_74', input port 'commit_i' is connected directly to output port 'dsm_commit_o'. (LINT-29)
Warning: In design 'r_state_ctrl_0_74', input port 'read_en_i' is connected directly to output port 'scan_mode_o'. (LINT-29)
Warning: In design 'r_state_ctrl_0_75', input port 'phase_i' is connected directly to output port 'remote_east_o'. (LINT-29)
Warning: In design 'r_state_ctrl_0_75', input port 'phase_i' is connected directly to output port 'black_compute_o'. (LINT-29)
Warning: In design 'r_state_ctrl_0_75', input port 'phase_i' is connected directly to output port 'dst_black_o'. (LINT-29)
Warning: In design 'r_state_ctrl_0_75', input port 'run_en_i' is connected directly to output port 'alu_en_o'. (LINT-29)
Warning: In design 'r_state_ctrl_0_75', input port 'run_en_i' is connected directly to output port 'shift_en_o'. (LINT-29)
Warning: In design 'r_state_ctrl_0_75', input port 'commit_i' is connected directly to output port 'dsm_commit_o'. (LINT-29)
Warning: In design 'r_state_ctrl_0_75', input port 'read_en_i' is connected directly to output port 'scan_mode_o'. (LINT-29)
Warning: In design 'r_state_ctrl_0_76', input port 'phase_i' is connected directly to output port 'remote_east_o'. (LINT-29)
Warning: In design 'r_state_ctrl_0_76', input port 'phase_i' is connected directly to output port 'black_compute_o'. (LINT-29)
Warning: In design 'r_state_ctrl_0_76', input port 'phase_i' is connected directly to output port 'dst_black_o'. (LINT-29)
Warning: In design 'r_state_ctrl_0_76', input port 'run_en_i' is connected directly to output port 'alu_en_o'. (LINT-29)
Warning: In design 'r_state_ctrl_0_76', input port 'run_en_i' is connected directly to output port 'shift_en_o'. (LINT-29)
Warning: In design 'r_state_ctrl_0_76', input port 'commit_i' is connected directly to output port 'dsm_commit_o'. (LINT-29)
Warning: In design 'r_state_ctrl_0_76', input port 'read_en_i' is connected directly to output port 'scan_mode_o'. (LINT-29)
Warning: In design 'r_state_ctrl_0_77', input port 'phase_i' is connected directly to output port 'remote_east_o'. (LINT-29)
Warning: In design 'r_state_ctrl_0_77', input port 'phase_i' is connected directly to output port 'black_compute_o'. (LINT-29)
Warning: In design 'r_state_ctrl_0_77', input port 'phase_i' is connected directly to output port 'dst_black_o'. (LINT-29)
Warning: In design 'r_state_ctrl_0_77', input port 'run_en_i' is connected directly to output port 'alu_en_o'. (LINT-29)
Warning: In design 'r_state_ctrl_0_77', input port 'run_en_i' is connected directly to output port 'shift_en_o'. (LINT-29)
Warning: In design 'r_state_ctrl_0_77', input port 'commit_i' is connected directly to output port 'dsm_commit_o'. (LINT-29)
Warning: In design 'r_state_ctrl_0_77', input port 'read_en_i' is connected directly to output port 'scan_mode_o'. (LINT-29)
Warning: In design 'r_state_ctrl_0_78', input port 'phase_i' is connected directly to output port 'remote_east_o'. (LINT-29)
Warning: In design 'r_state_ctrl_0_78', input port 'phase_i' is connected directly to output port 'black_compute_o'. (LINT-29)
Warning: In design 'r_state_ctrl_0_78', input port 'phase_i' is connected directly to output port 'dst_black_o'. (LINT-29)
Warning: In design 'r_state_ctrl_0_78', input port 'run_en_i' is connected directly to output port 'alu_en_o'. (LINT-29)
Warning: In design 'r_state_ctrl_0_78', input port 'run_en_i' is connected directly to output port 'shift_en_o'. (LINT-29)
Warning: In design 'r_state_ctrl_0_78', input port 'commit_i' is connected directly to output port 'dsm_commit_o'. (LINT-29)
Warning: In design 'r_state_ctrl_0_78', input port 'read_en_i' is connected directly to output port 'scan_mode_o'. (LINT-29)
Warning: In design 'r_state_ctrl_0_79', input port 'phase_i' is connected directly to output port 'remote_east_o'. (LINT-29)
Warning: In design 'r_state_ctrl_0_79', input port 'phase_i' is connected directly to output port 'black_compute_o'. (LINT-29)
Warning: In design 'r_state_ctrl_0_79', input port 'phase_i' is connected directly to output port 'dst_black_o'. (LINT-29)
Warning: In design 'r_state_ctrl_0_79', input port 'run_en_i' is connected directly to output port 'alu_en_o'. (LINT-29)
Warning: In design 'r_state_ctrl_0_79', input port 'run_en_i' is connected directly to output port 'shift_en_o'. (LINT-29)
Warning: In design 'r_state_ctrl_0_79', input port 'commit_i' is connected directly to output port 'dsm_commit_o'. (LINT-29)
Warning: In design 'r_state_ctrl_0_79', input port 'read_en_i' is connected directly to output port 'scan_mode_o'. (LINT-29)
Warning: In design 'r_state_ctrl_0_80', input port 'phase_i' is connected directly to output port 'remote_east_o'. (LINT-29)
Warning: In design 'r_state_ctrl_0_80', input port 'phase_i' is connected directly to output port 'black_compute_o'. (LINT-29)
Warning: In design 'r_state_ctrl_0_80', input port 'phase_i' is connected directly to output port 'dst_black_o'. (LINT-29)
Warning: In design 'r_state_ctrl_0_80', input port 'run_en_i' is connected directly to output port 'alu_en_o'. (LINT-29)
Warning: In design 'r_state_ctrl_0_80', input port 'run_en_i' is connected directly to output port 'shift_en_o'. (LINT-29)
Warning: In design 'r_state_ctrl_0_80', input port 'commit_i' is connected directly to output port 'dsm_commit_o'. (LINT-29)
Warning: In design 'r_state_ctrl_0_80', input port 'read_en_i' is connected directly to output port 'scan_mode_o'. (LINT-29)
Warning: In design 'r_state_ctrl_0_81', input port 'phase_i' is connected directly to output port 'remote_east_o'. (LINT-29)
Warning: In design 'r_state_ctrl_0_81', input port 'phase_i' is connected directly to output port 'black_compute_o'. (LINT-29)
Warning: In design 'r_state_ctrl_0_81', input port 'phase_i' is connected directly to output port 'dst_black_o'. (LINT-29)
Warning: In design 'r_state_ctrl_0_81', input port 'run_en_i' is connected directly to output port 'alu_en_o'. (LINT-29)
Warning: In design 'r_state_ctrl_0_81', input port 'run_en_i' is connected directly to output port 'shift_en_o'. (LINT-29)
Warning: In design 'r_state_ctrl_0_81', input port 'commit_i' is connected directly to output port 'dsm_commit_o'. (LINT-29)
Warning: In design 'r_state_ctrl_0_81', input port 'read_en_i' is connected directly to output port 'scan_mode_o'. (LINT-29)
Warning: In design 'r_state_ctrl_0_82', input port 'phase_i' is connected directly to output port 'remote_east_o'. (LINT-29)
Warning: In design 'r_state_ctrl_0_82', input port 'phase_i' is connected directly to output port 'black_compute_o'. (LINT-29)
Warning: In design 'r_state_ctrl_0_82', input port 'phase_i' is connected directly to output port 'dst_black_o'. (LINT-29)
Warning: In design 'r_state_ctrl_0_82', input port 'run_en_i' is connected directly to output port 'alu_en_o'. (LINT-29)
Warning: In design 'r_state_ctrl_0_82', input port 'run_en_i' is connected directly to output port 'shift_en_o'. (LINT-29)
Warning: In design 'r_state_ctrl_0_82', input port 'commit_i' is connected directly to output port 'dsm_commit_o'. (LINT-29)
Warning: In design 'r_state_ctrl_0_82', input port 'read_en_i' is connected directly to output port 'scan_mode_o'. (LINT-29)
Warning: In design 'r_state_ctrl_0_83', input port 'phase_i' is connected directly to output port 'remote_east_o'. (LINT-29)
Warning: In design 'r_state_ctrl_0_83', input port 'phase_i' is connected directly to output port 'black_compute_o'. (LINT-29)
Warning: In design 'r_state_ctrl_0_83', input port 'phase_i' is connected directly to output port 'dst_black_o'. (LINT-29)
Warning: In design 'r_state_ctrl_0_83', input port 'run_en_i' is connected directly to output port 'alu_en_o'. (LINT-29)
Warning: In design 'r_state_ctrl_0_83', input port 'run_en_i' is connected directly to output port 'shift_en_o'. (LINT-29)
Warning: In design 'r_state_ctrl_0_83', input port 'commit_i' is connected directly to output port 'dsm_commit_o'. (LINT-29)
Warning: In design 'r_state_ctrl_0_83', input port 'read_en_i' is connected directly to output port 'scan_mode_o'. (LINT-29)
Warning: In design 'r_state_ctrl_0_84', input port 'phase_i' is connected directly to output port 'remote_east_o'. (LINT-29)
Warning: In design 'r_state_ctrl_0_84', input port 'phase_i' is connected directly to output port 'black_compute_o'. (LINT-29)
Warning: In design 'r_state_ctrl_0_84', input port 'phase_i' is connected directly to output port 'dst_black_o'. (LINT-29)
Warning: In design 'r_state_ctrl_0_84', input port 'run_en_i' is connected directly to output port 'alu_en_o'. (LINT-29)
Warning: In design 'r_state_ctrl_0_84', input port 'run_en_i' is connected directly to output port 'shift_en_o'. (LINT-29)
Warning: In design 'r_state_ctrl_0_84', input port 'commit_i' is connected directly to output port 'dsm_commit_o'. (LINT-29)
Warning: In design 'r_state_ctrl_0_84', input port 'read_en_i' is connected directly to output port 'scan_mode_o'. (LINT-29)
Warning: In design 'r_state_ctrl_0_85', input port 'phase_i' is connected directly to output port 'remote_east_o'. (LINT-29)
Warning: In design 'r_state_ctrl_0_85', input port 'phase_i' is connected directly to output port 'black_compute_o'. (LINT-29)
Warning: In design 'r_state_ctrl_0_85', input port 'phase_i' is connected directly to output port 'dst_black_o'. (LINT-29)
Warning: In design 'r_state_ctrl_0_85', input port 'run_en_i' is connected directly to output port 'alu_en_o'. (LINT-29)
Warning: In design 'r_state_ctrl_0_85', input port 'run_en_i' is connected directly to output port 'shift_en_o'. (LINT-29)
Warning: In design 'r_state_ctrl_0_85', input port 'commit_i' is connected directly to output port 'dsm_commit_o'. (LINT-29)
Warning: In design 'r_state_ctrl_0_85', input port 'read_en_i' is connected directly to output port 'scan_mode_o'. (LINT-29)
Warning: In design 'r_state_ctrl_0_86', input port 'phase_i' is connected directly to output port 'remote_east_o'. (LINT-29)
Warning: In design 'r_state_ctrl_0_86', input port 'phase_i' is connected directly to output port 'black_compute_o'. (LINT-29)
Warning: In design 'r_state_ctrl_0_86', input port 'phase_i' is connected directly to output port 'dst_black_o'. (LINT-29)
Warning: In design 'r_state_ctrl_0_86', input port 'run_en_i' is connected directly to output port 'alu_en_o'. (LINT-29)
Warning: In design 'r_state_ctrl_0_86', input port 'run_en_i' is connected directly to output port 'shift_en_o'. (LINT-29)
Warning: In design 'r_state_ctrl_0_86', input port 'commit_i' is connected directly to output port 'dsm_commit_o'. (LINT-29)
Warning: In design 'r_state_ctrl_0_86', input port 'read_en_i' is connected directly to output port 'scan_mode_o'. (LINT-29)
Warning: In design 'r_state_ctrl_0_87', input port 'phase_i' is connected directly to output port 'remote_east_o'. (LINT-29)
Warning: In design 'r_state_ctrl_0_87', input port 'phase_i' is connected directly to output port 'black_compute_o'. (LINT-29)
Warning: In design 'r_state_ctrl_0_87', input port 'phase_i' is connected directly to output port 'dst_black_o'. (LINT-29)
Warning: In design 'r_state_ctrl_0_87', input port 'run_en_i' is connected directly to output port 'alu_en_o'. (LINT-29)
Warning: In design 'r_state_ctrl_0_87', input port 'run_en_i' is connected directly to output port 'shift_en_o'. (LINT-29)
Warning: In design 'r_state_ctrl_0_87', input port 'commit_i' is connected directly to output port 'dsm_commit_o'. (LINT-29)
Warning: In design 'r_state_ctrl_0_87', input port 'read_en_i' is connected directly to output port 'scan_mode_o'. (LINT-29)
Warning: In design 'r_state_ctrl_0_88', input port 'phase_i' is connected directly to output port 'remote_east_o'. (LINT-29)
Warning: In design 'r_state_ctrl_0_88', input port 'phase_i' is connected directly to output port 'black_compute_o'. (LINT-29)
Warning: In design 'r_state_ctrl_0_88', input port 'phase_i' is connected directly to output port 'dst_black_o'. (LINT-29)
Warning: In design 'r_state_ctrl_0_88', input port 'run_en_i' is connected directly to output port 'alu_en_o'. (LINT-29)
Warning: In design 'r_state_ctrl_0_88', input port 'run_en_i' is connected directly to output port 'shift_en_o'. (LINT-29)
Warning: In design 'r_state_ctrl_0_88', input port 'commit_i' is connected directly to output port 'dsm_commit_o'. (LINT-29)
Warning: In design 'r_state_ctrl_0_88', input port 'read_en_i' is connected directly to output port 'scan_mode_o'. (LINT-29)
Warning: In design 'r_state_ctrl_0_89', input port 'phase_i' is connected directly to output port 'remote_east_o'. (LINT-29)
Warning: In design 'r_state_ctrl_0_89', input port 'phase_i' is connected directly to output port 'black_compute_o'. (LINT-29)
Warning: In design 'r_state_ctrl_0_89', input port 'phase_i' is connected directly to output port 'dst_black_o'. (LINT-29)
Warning: In design 'r_state_ctrl_0_89', input port 'run_en_i' is connected directly to output port 'alu_en_o'. (LINT-29)
Warning: In design 'r_state_ctrl_0_89', input port 'run_en_i' is connected directly to output port 'shift_en_o'. (LINT-29)
Warning: In design 'r_state_ctrl_0_89', input port 'commit_i' is connected directly to output port 'dsm_commit_o'. (LINT-29)
Warning: In design 'r_state_ctrl_0_89', input port 'read_en_i' is connected directly to output port 'scan_mode_o'. (LINT-29)
Warning: In design 'r_state_ctrl_0_90', input port 'phase_i' is connected directly to output port 'remote_east_o'. (LINT-29)
Warning: In design 'r_state_ctrl_0_90', input port 'phase_i' is connected directly to output port 'black_compute_o'. (LINT-29)
Warning: In design 'r_state_ctrl_0_90', input port 'phase_i' is connected directly to output port 'dst_black_o'. (LINT-29)
Warning: In design 'r_state_ctrl_0_90', input port 'run_en_i' is connected directly to output port 'alu_en_o'. (LINT-29)
Warning: In design 'r_state_ctrl_0_90', input port 'run_en_i' is connected directly to output port 'shift_en_o'. (LINT-29)
Warning: In design 'r_state_ctrl_0_90', input port 'commit_i' is connected directly to output port 'dsm_commit_o'. (LINT-29)
Warning: In design 'r_state_ctrl_0_90', input port 'read_en_i' is connected directly to output port 'scan_mode_o'. (LINT-29)
Warning: In design 'r_state_ctrl_0_91', input port 'phase_i' is connected directly to output port 'remote_east_o'. (LINT-29)
Warning: In design 'r_state_ctrl_0_91', input port 'phase_i' is connected directly to output port 'black_compute_o'. (LINT-29)
Warning: In design 'r_state_ctrl_0_91', input port 'phase_i' is connected directly to output port 'dst_black_o'. (LINT-29)
Warning: In design 'r_state_ctrl_0_91', input port 'run_en_i' is connected directly to output port 'alu_en_o'. (LINT-29)
Warning: In design 'r_state_ctrl_0_91', input port 'run_en_i' is connected directly to output port 'shift_en_o'. (LINT-29)
Warning: In design 'r_state_ctrl_0_91', input port 'commit_i' is connected directly to output port 'dsm_commit_o'. (LINT-29)
Warning: In design 'r_state_ctrl_0_91', input port 'read_en_i' is connected directly to output port 'scan_mode_o'. (LINT-29)
Warning: In design 'r_state_ctrl_0_92', input port 'phase_i' is connected directly to output port 'remote_east_o'. (LINT-29)
Warning: In design 'r_state_ctrl_0_92', input port 'phase_i' is connected directly to output port 'black_compute_o'. (LINT-29)
Warning: In design 'r_state_ctrl_0_92', input port 'phase_i' is connected directly to output port 'dst_black_o'. (LINT-29)
Warning: In design 'r_state_ctrl_0_92', input port 'run_en_i' is connected directly to output port 'alu_en_o'. (LINT-29)
Warning: In design 'r_state_ctrl_0_92', input port 'run_en_i' is connected directly to output port 'shift_en_o'. (LINT-29)
Warning: In design 'r_state_ctrl_0_92', input port 'commit_i' is connected directly to output port 'dsm_commit_o'. (LINT-29)
Warning: In design 'r_state_ctrl_0_92', input port 'read_en_i' is connected directly to output port 'scan_mode_o'. (LINT-29)
Warning: In design 'r_state_ctrl_0_93', input port 'phase_i' is connected directly to output port 'remote_east_o'. (LINT-29)
Warning: In design 'r_state_ctrl_0_93', input port 'phase_i' is connected directly to output port 'black_compute_o'. (LINT-29)
Warning: In design 'r_state_ctrl_0_93', input port 'phase_i' is connected directly to output port 'dst_black_o'. (LINT-29)
Warning: In design 'r_state_ctrl_0_93', input port 'run_en_i' is connected directly to output port 'alu_en_o'. (LINT-29)
Warning: In design 'r_state_ctrl_0_93', input port 'run_en_i' is connected directly to output port 'shift_en_o'. (LINT-29)
Warning: In design 'r_state_ctrl_0_93', input port 'commit_i' is connected directly to output port 'dsm_commit_o'. (LINT-29)
Warning: In design 'r_state_ctrl_0_93', input port 'read_en_i' is connected directly to output port 'scan_mode_o'. (LINT-29)
Warning: In design 'r_state_ctrl_0_94', input port 'phase_i' is connected directly to output port 'remote_east_o'. (LINT-29)
Warning: In design 'r_state_ctrl_0_94', input port 'phase_i' is connected directly to output port 'black_compute_o'. (LINT-29)
Warning: In design 'r_state_ctrl_0_94', input port 'phase_i' is connected directly to output port 'dst_black_o'. (LINT-29)
Warning: In design 'r_state_ctrl_0_94', input port 'run_en_i' is connected directly to output port 'alu_en_o'. (LINT-29)
Warning: In design 'r_state_ctrl_0_94', input port 'run_en_i' is connected directly to output port 'shift_en_o'. (LINT-29)
Warning: In design 'r_state_ctrl_0_94', input port 'commit_i' is connected directly to output port 'dsm_commit_o'. (LINT-29)
Warning: In design 'r_state_ctrl_0_94', input port 'read_en_i' is connected directly to output port 'scan_mode_o'. (LINT-29)
Warning: In design 'r_state_ctrl_0_95', input port 'phase_i' is connected directly to output port 'remote_east_o'. (LINT-29)
Warning: In design 'r_state_ctrl_0_95', input port 'phase_i' is connected directly to output port 'black_compute_o'. (LINT-29)
Warning: In design 'r_state_ctrl_0_95', input port 'phase_i' is connected directly to output port 'dst_black_o'. (LINT-29)
Warning: In design 'r_state_ctrl_0_95', input port 'run_en_i' is connected directly to output port 'alu_en_o'. (LINT-29)
Warning: In design 'r_state_ctrl_0_95', input port 'run_en_i' is connected directly to output port 'shift_en_o'. (LINT-29)
Warning: In design 'r_state_ctrl_0_95', input port 'commit_i' is connected directly to output port 'dsm_commit_o'. (LINT-29)
Warning: In design 'r_state_ctrl_0_95', input port 'read_en_i' is connected directly to output port 'scan_mode_o'. (LINT-29)
Warning: In design 'r_state_ctrl_0_96', input port 'phase_i' is connected directly to output port 'remote_east_o'. (LINT-29)
Warning: In design 'r_state_ctrl_0_96', input port 'phase_i' is connected directly to output port 'black_compute_o'. (LINT-29)
Warning: In design 'r_state_ctrl_0_96', input port 'phase_i' is connected directly to output port 'dst_black_o'. (LINT-29)
Warning: In design 'r_state_ctrl_0_96', input port 'run_en_i' is connected directly to output port 'alu_en_o'. (LINT-29)
Warning: In design 'r_state_ctrl_0_96', input port 'run_en_i' is connected directly to output port 'shift_en_o'. (LINT-29)
Warning: In design 'r_state_ctrl_0_96', input port 'commit_i' is connected directly to output port 'dsm_commit_o'. (LINT-29)
Warning: In design 'r_state_ctrl_0_96', input port 'read_en_i' is connected directly to output port 'scan_mode_o'. (LINT-29)
Warning: In design 'r_state_ctrl_0_97', input port 'phase_i' is connected directly to output port 'remote_east_o'. (LINT-29)
Warning: In design 'r_state_ctrl_0_97', input port 'phase_i' is connected directly to output port 'black_compute_o'. (LINT-29)
Warning: In design 'r_state_ctrl_0_97', input port 'phase_i' is connected directly to output port 'dst_black_o'. (LINT-29)
Warning: In design 'r_state_ctrl_0_97', input port 'run_en_i' is connected directly to output port 'alu_en_o'. (LINT-29)
Warning: In design 'r_state_ctrl_0_97', input port 'run_en_i' is connected directly to output port 'shift_en_o'. (LINT-29)
Warning: In design 'r_state_ctrl_0_97', input port 'commit_i' is connected directly to output port 'dsm_commit_o'. (LINT-29)
Warning: In design 'r_state_ctrl_0_97', input port 'read_en_i' is connected directly to output port 'scan_mode_o'. (LINT-29)
Warning: In design 'r_state_ctrl_0_98', input port 'phase_i' is connected directly to output port 'remote_east_o'. (LINT-29)
Warning: In design 'r_state_ctrl_0_98', input port 'phase_i' is connected directly to output port 'black_compute_o'. (LINT-29)
Warning: In design 'r_state_ctrl_0_98', input port 'phase_i' is connected directly to output port 'dst_black_o'. (LINT-29)
Warning: In design 'r_state_ctrl_0_98', input port 'run_en_i' is connected directly to output port 'alu_en_o'. (LINT-29)
Warning: In design 'r_state_ctrl_0_98', input port 'run_en_i' is connected directly to output port 'shift_en_o'. (LINT-29)
Warning: In design 'r_state_ctrl_0_98', input port 'commit_i' is connected directly to output port 'dsm_commit_o'. (LINT-29)
Warning: In design 'r_state_ctrl_0_98', input port 'read_en_i' is connected directly to output port 'scan_mode_o'. (LINT-29)
Warning: In design 'r_state_ctrl_1_0', input port 'phase_i' is connected directly to output port 'black_compute_o'. (LINT-29)
Warning: In design 'r_state_ctrl_1_0', input port 'phase_i' is connected directly to output port 'dst_black_o'. (LINT-29)
Warning: In design 'r_state_ctrl_1_0', input port 'run_en_i' is connected directly to output port 'alu_en_o'. (LINT-29)
Warning: In design 'r_state_ctrl_1_0', input port 'run_en_i' is connected directly to output port 'shift_en_o'. (LINT-29)
Warning: In design 'r_state_ctrl_1_0', input port 'commit_i' is connected directly to output port 'dsm_commit_o'. (LINT-29)
Warning: In design 'r_state_ctrl_1_0', input port 'read_en_i' is connected directly to output port 'scan_mode_o'. (LINT-29)
Warning: In design 'r_state_ctrl_1_1', input port 'phase_i' is connected directly to output port 'black_compute_o'. (LINT-29)
Warning: In design 'r_state_ctrl_1_1', input port 'phase_i' is connected directly to output port 'dst_black_o'. (LINT-29)
Warning: In design 'r_state_ctrl_1_1', input port 'run_en_i' is connected directly to output port 'alu_en_o'. (LINT-29)
Warning: In design 'r_state_ctrl_1_1', input port 'run_en_i' is connected directly to output port 'shift_en_o'. (LINT-29)
Warning: In design 'r_state_ctrl_1_1', input port 'commit_i' is connected directly to output port 'dsm_commit_o'. (LINT-29)
Warning: In design 'r_state_ctrl_1_1', input port 'read_en_i' is connected directly to output port 'scan_mode_o'. (LINT-29)
Warning: In design 'r_state_ctrl_1_2', input port 'phase_i' is connected directly to output port 'black_compute_o'. (LINT-29)
Warning: In design 'r_state_ctrl_1_2', input port 'phase_i' is connected directly to output port 'dst_black_o'. (LINT-29)
Warning: In design 'r_state_ctrl_1_2', input port 'run_en_i' is connected directly to output port 'alu_en_o'. (LINT-29)
Warning: In design 'r_state_ctrl_1_2', input port 'run_en_i' is connected directly to output port 'shift_en_o'. (LINT-29)
Warning: In design 'r_state_ctrl_1_2', input port 'commit_i' is connected directly to output port 'dsm_commit_o'. (LINT-29)
Warning: In design 'r_state_ctrl_1_2', input port 'read_en_i' is connected directly to output port 'scan_mode_o'. (LINT-29)
Warning: In design 'r_state_ctrl_1_3', input port 'phase_i' is connected directly to output port 'black_compute_o'. (LINT-29)
Warning: In design 'r_state_ctrl_1_3', input port 'phase_i' is connected directly to output port 'dst_black_o'. (LINT-29)
Warning: In design 'r_state_ctrl_1_3', input port 'run_en_i' is connected directly to output port 'alu_en_o'. (LINT-29)
Warning: In design 'r_state_ctrl_1_3', input port 'run_en_i' is connected directly to output port 'shift_en_o'. (LINT-29)
Warning: In design 'r_state_ctrl_1_3', input port 'commit_i' is connected directly to output port 'dsm_commit_o'. (LINT-29)
Warning: In design 'r_state_ctrl_1_3', input port 'read_en_i' is connected directly to output port 'scan_mode_o'. (LINT-29)
Warning: In design 'r_state_ctrl_1_4', input port 'phase_i' is connected directly to output port 'black_compute_o'. (LINT-29)
Warning: In design 'r_state_ctrl_1_4', input port 'phase_i' is connected directly to output port 'dst_black_o'. (LINT-29)
Warning: In design 'r_state_ctrl_1_4', input port 'run_en_i' is connected directly to output port 'alu_en_o'. (LINT-29)
Warning: In design 'r_state_ctrl_1_4', input port 'run_en_i' is connected directly to output port 'shift_en_o'. (LINT-29)
Warning: In design 'r_state_ctrl_1_4', input port 'commit_i' is connected directly to output port 'dsm_commit_o'. (LINT-29)
Warning: In design 'r_state_ctrl_1_4', input port 'read_en_i' is connected directly to output port 'scan_mode_o'. (LINT-29)
Warning: In design 'r_state_ctrl_1_5', input port 'phase_i' is connected directly to output port 'black_compute_o'. (LINT-29)
Warning: In design 'r_state_ctrl_1_5', input port 'phase_i' is connected directly to output port 'dst_black_o'. (LINT-29)
Warning: In design 'r_state_ctrl_1_5', input port 'run_en_i' is connected directly to output port 'alu_en_o'. (LINT-29)
Warning: In design 'r_state_ctrl_1_5', input port 'run_en_i' is connected directly to output port 'shift_en_o'. (LINT-29)
Warning: In design 'r_state_ctrl_1_5', input port 'commit_i' is connected directly to output port 'dsm_commit_o'. (LINT-29)
Warning: In design 'r_state_ctrl_1_5', input port 'read_en_i' is connected directly to output port 'scan_mode_o'. (LINT-29)
Warning: In design 'r_state_ctrl_1_6', input port 'phase_i' is connected directly to output port 'black_compute_o'. (LINT-29)
Warning: In design 'r_state_ctrl_1_6', input port 'phase_i' is connected directly to output port 'dst_black_o'. (LINT-29)
Warning: In design 'r_state_ctrl_1_6', input port 'run_en_i' is connected directly to output port 'alu_en_o'. (LINT-29)
Warning: In design 'r_state_ctrl_1_6', input port 'run_en_i' is connected directly to output port 'shift_en_o'. (LINT-29)
Warning: In design 'r_state_ctrl_1_6', input port 'commit_i' is connected directly to output port 'dsm_commit_o'. (LINT-29)
Warning: In design 'r_state_ctrl_1_6', input port 'read_en_i' is connected directly to output port 'scan_mode_o'. (LINT-29)
Warning: In design 'r_state_ctrl_1_7', input port 'phase_i' is connected directly to output port 'black_compute_o'. (LINT-29)
Warning: In design 'r_state_ctrl_1_7', input port 'phase_i' is connected directly to output port 'dst_black_o'. (LINT-29)
Warning: In design 'r_state_ctrl_1_7', input port 'run_en_i' is connected directly to output port 'alu_en_o'. (LINT-29)
Warning: In design 'r_state_ctrl_1_7', input port 'run_en_i' is connected directly to output port 'shift_en_o'. (LINT-29)
Warning: In design 'r_state_ctrl_1_7', input port 'commit_i' is connected directly to output port 'dsm_commit_o'. (LINT-29)
Warning: In design 'r_state_ctrl_1_7', input port 'read_en_i' is connected directly to output port 'scan_mode_o'. (LINT-29)
Warning: In design 'r_state_ctrl_1_8', input port 'phase_i' is connected directly to output port 'black_compute_o'. (LINT-29)
Warning: In design 'r_state_ctrl_1_8', input port 'phase_i' is connected directly to output port 'dst_black_o'. (LINT-29)
Warning: In design 'r_state_ctrl_1_8', input port 'run_en_i' is connected directly to output port 'alu_en_o'. (LINT-29)
Warning: In design 'r_state_ctrl_1_8', input port 'run_en_i' is connected directly to output port 'shift_en_o'. (LINT-29)
Warning: In design 'r_state_ctrl_1_8', input port 'commit_i' is connected directly to output port 'dsm_commit_o'. (LINT-29)
Warning: In design 'r_state_ctrl_1_8', input port 'read_en_i' is connected directly to output port 'scan_mode_o'. (LINT-29)
Warning: In design 'r_state_ctrl_1_9', input port 'phase_i' is connected directly to output port 'black_compute_o'. (LINT-29)
Warning: In design 'r_state_ctrl_1_9', input port 'phase_i' is connected directly to output port 'dst_black_o'. (LINT-29)
Warning: In design 'r_state_ctrl_1_9', input port 'run_en_i' is connected directly to output port 'alu_en_o'. (LINT-29)
Warning: In design 'r_state_ctrl_1_9', input port 'run_en_i' is connected directly to output port 'shift_en_o'. (LINT-29)
Warning: In design 'r_state_ctrl_1_9', input port 'commit_i' is connected directly to output port 'dsm_commit_o'. (LINT-29)
Warning: In design 'r_state_ctrl_1_9', input port 'read_en_i' is connected directly to output port 'scan_mode_o'. (LINT-29)
Warning: In design 'r_state_ctrl_1_10', input port 'phase_i' is connected directly to output port 'black_compute_o'. (LINT-29)
Warning: In design 'r_state_ctrl_1_10', input port 'phase_i' is connected directly to output port 'dst_black_o'. (LINT-29)
Warning: In design 'r_state_ctrl_1_10', input port 'run_en_i' is connected directly to output port 'alu_en_o'. (LINT-29)
Warning: In design 'r_state_ctrl_1_10', input port 'run_en_i' is connected directly to output port 'shift_en_o'. (LINT-29)
Warning: In design 'r_state_ctrl_1_10', input port 'commit_i' is connected directly to output port 'dsm_commit_o'. (LINT-29)
Warning: In design 'r_state_ctrl_1_10', input port 'read_en_i' is connected directly to output port 'scan_mode_o'. (LINT-29)
Warning: In design 'r_state_ctrl_1_11', input port 'phase_i' is connected directly to output port 'black_compute_o'. (LINT-29)
Warning: In design 'r_state_ctrl_1_11', input port 'phase_i' is connected directly to output port 'dst_black_o'. (LINT-29)
Warning: In design 'r_state_ctrl_1_11', input port 'run_en_i' is connected directly to output port 'alu_en_o'. (LINT-29)
Warning: In design 'r_state_ctrl_1_11', input port 'run_en_i' is connected directly to output port 'shift_en_o'. (LINT-29)
Warning: In design 'r_state_ctrl_1_11', input port 'commit_i' is connected directly to output port 'dsm_commit_o'. (LINT-29)
Warning: In design 'r_state_ctrl_1_11', input port 'read_en_i' is connected directly to output port 'scan_mode_o'. (LINT-29)
Warning: In design 'r_state_ctrl_1_12', input port 'phase_i' is connected directly to output port 'black_compute_o'. (LINT-29)
Warning: In design 'r_state_ctrl_1_12', input port 'phase_i' is connected directly to output port 'dst_black_o'. (LINT-29)
Warning: In design 'r_state_ctrl_1_12', input port 'run_en_i' is connected directly to output port 'alu_en_o'. (LINT-29)
Warning: In design 'r_state_ctrl_1_12', input port 'run_en_i' is connected directly to output port 'shift_en_o'. (LINT-29)
Warning: In design 'r_state_ctrl_1_12', input port 'commit_i' is connected directly to output port 'dsm_commit_o'. (LINT-29)
Warning: In design 'r_state_ctrl_1_12', input port 'read_en_i' is connected directly to output port 'scan_mode_o'. (LINT-29)
Warning: In design 'r_state_ctrl_1_13', input port 'phase_i' is connected directly to output port 'black_compute_o'. (LINT-29)
Warning: In design 'r_state_ctrl_1_13', input port 'phase_i' is connected directly to output port 'dst_black_o'. (LINT-29)
Warning: In design 'r_state_ctrl_1_13', input port 'run_en_i' is connected directly to output port 'alu_en_o'. (LINT-29)
Warning: In design 'r_state_ctrl_1_13', input port 'run_en_i' is connected directly to output port 'shift_en_o'. (LINT-29)
Warning: In design 'r_state_ctrl_1_13', input port 'commit_i' is connected directly to output port 'dsm_commit_o'. (LINT-29)
Warning: In design 'r_state_ctrl_1_13', input port 'read_en_i' is connected directly to output port 'scan_mode_o'. (LINT-29)
Warning: In design 'r_state_ctrl_1_14', input port 'phase_i' is connected directly to output port 'black_compute_o'. (LINT-29)
Warning: In design 'r_state_ctrl_1_14', input port 'phase_i' is connected directly to output port 'dst_black_o'. (LINT-29)
Warning: In design 'r_state_ctrl_1_14', input port 'run_en_i' is connected directly to output port 'alu_en_o'. (LINT-29)
Warning: In design 'r_state_ctrl_1_14', input port 'run_en_i' is connected directly to output port 'shift_en_o'. (LINT-29)
Warning: In design 'r_state_ctrl_1_14', input port 'commit_i' is connected directly to output port 'dsm_commit_o'. (LINT-29)
Warning: In design 'r_state_ctrl_1_14', input port 'read_en_i' is connected directly to output port 'scan_mode_o'. (LINT-29)
Warning: In design 'r_state_ctrl_1_15', input port 'phase_i' is connected directly to output port 'black_compute_o'. (LINT-29)
Warning: In design 'r_state_ctrl_1_15', input port 'phase_i' is connected directly to output port 'dst_black_o'. (LINT-29)
Warning: In design 'r_state_ctrl_1_15', input port 'run_en_i' is connected directly to output port 'alu_en_o'. (LINT-29)
Warning: In design 'r_state_ctrl_1_15', input port 'run_en_i' is connected directly to output port 'shift_en_o'. (LINT-29)
Warning: In design 'r_state_ctrl_1_15', input port 'commit_i' is connected directly to output port 'dsm_commit_o'. (LINT-29)
Warning: In design 'r_state_ctrl_1_15', input port 'read_en_i' is connected directly to output port 'scan_mode_o'. (LINT-29)
Warning: In design 'r_state_ctrl_1_16', input port 'phase_i' is connected directly to output port 'black_compute_o'. (LINT-29)
Warning: In design 'r_state_ctrl_1_16', input port 'phase_i' is connected directly to output port 'dst_black_o'. (LINT-29)
Warning: In design 'r_state_ctrl_1_16', input port 'run_en_i' is connected directly to output port 'alu_en_o'. (LINT-29)
Warning: In design 'r_state_ctrl_1_16', input port 'run_en_i' is connected directly to output port 'shift_en_o'. (LINT-29)
Warning: In design 'r_state_ctrl_1_16', input port 'commit_i' is connected directly to output port 'dsm_commit_o'. (LINT-29)
Warning: In design 'r_state_ctrl_1_16', input port 'read_en_i' is connected directly to output port 'scan_mode_o'. (LINT-29)
Warning: In design 'r_state_ctrl_1_17', input port 'phase_i' is connected directly to output port 'black_compute_o'. (LINT-29)
Warning: In design 'r_state_ctrl_1_17', input port 'phase_i' is connected directly to output port 'dst_black_o'. (LINT-29)
Warning: In design 'r_state_ctrl_1_17', input port 'run_en_i' is connected directly to output port 'alu_en_o'. (LINT-29)
Warning: In design 'r_state_ctrl_1_17', input port 'run_en_i' is connected directly to output port 'shift_en_o'. (LINT-29)
Warning: In design 'r_state_ctrl_1_17', input port 'commit_i' is connected directly to output port 'dsm_commit_o'. (LINT-29)
Warning: In design 'r_state_ctrl_1_17', input port 'read_en_i' is connected directly to output port 'scan_mode_o'. (LINT-29)
Warning: In design 'r_state_ctrl_1_18', input port 'phase_i' is connected directly to output port 'black_compute_o'. (LINT-29)
Warning: In design 'r_state_ctrl_1_18', input port 'phase_i' is connected directly to output port 'dst_black_o'. (LINT-29)
Warning: In design 'r_state_ctrl_1_18', input port 'run_en_i' is connected directly to output port 'alu_en_o'. (LINT-29)
Warning: In design 'r_state_ctrl_1_18', input port 'run_en_i' is connected directly to output port 'shift_en_o'. (LINT-29)
Warning: In design 'r_state_ctrl_1_18', input port 'commit_i' is connected directly to output port 'dsm_commit_o'. (LINT-29)
Warning: In design 'r_state_ctrl_1_18', input port 'read_en_i' is connected directly to output port 'scan_mode_o'. (LINT-29)
Warning: In design 'r_state_ctrl_1_19', input port 'phase_i' is connected directly to output port 'black_compute_o'. (LINT-29)
Warning: In design 'r_state_ctrl_1_19', input port 'phase_i' is connected directly to output port 'dst_black_o'. (LINT-29)
Warning: In design 'r_state_ctrl_1_19', input port 'run_en_i' is connected directly to output port 'alu_en_o'. (LINT-29)
Warning: In design 'r_state_ctrl_1_19', input port 'run_en_i' is connected directly to output port 'shift_en_o'. (LINT-29)
Warning: In design 'r_state_ctrl_1_19', input port 'commit_i' is connected directly to output port 'dsm_commit_o'. (LINT-29)
Warning: In design 'r_state_ctrl_1_19', input port 'read_en_i' is connected directly to output port 'scan_mode_o'. (LINT-29)
Warning: In design 'r_state_ctrl_1_20', input port 'phase_i' is connected directly to output port 'black_compute_o'. (LINT-29)
Warning: In design 'r_state_ctrl_1_20', input port 'phase_i' is connected directly to output port 'dst_black_o'. (LINT-29)
Warning: In design 'r_state_ctrl_1_20', input port 'run_en_i' is connected directly to output port 'alu_en_o'. (LINT-29)
Warning: In design 'r_state_ctrl_1_20', input port 'run_en_i' is connected directly to output port 'shift_en_o'. (LINT-29)
Warning: In design 'r_state_ctrl_1_20', input port 'commit_i' is connected directly to output port 'dsm_commit_o'. (LINT-29)
Warning: In design 'r_state_ctrl_1_20', input port 'read_en_i' is connected directly to output port 'scan_mode_o'. (LINT-29)
Warning: In design 'r_state_ctrl_1_21', input port 'phase_i' is connected directly to output port 'black_compute_o'. (LINT-29)
Warning: In design 'r_state_ctrl_1_21', input port 'phase_i' is connected directly to output port 'dst_black_o'. (LINT-29)
Warning: In design 'r_state_ctrl_1_21', input port 'run_en_i' is connected directly to output port 'alu_en_o'. (LINT-29)
Warning: In design 'r_state_ctrl_1_21', input port 'run_en_i' is connected directly to output port 'shift_en_o'. (LINT-29)
Warning: In design 'r_state_ctrl_1_21', input port 'commit_i' is connected directly to output port 'dsm_commit_o'. (LINT-29)
Warning: In design 'r_state_ctrl_1_21', input port 'read_en_i' is connected directly to output port 'scan_mode_o'. (LINT-29)
Warning: In design 'r_state_ctrl_1_22', input port 'phase_i' is connected directly to output port 'black_compute_o'. (LINT-29)
Warning: In design 'r_state_ctrl_1_22', input port 'phase_i' is connected directly to output port 'dst_black_o'. (LINT-29)
Warning: In design 'r_state_ctrl_1_22', input port 'run_en_i' is connected directly to output port 'alu_en_o'. (LINT-29)
Warning: In design 'r_state_ctrl_1_22', input port 'run_en_i' is connected directly to output port 'shift_en_o'. (LINT-29)
Warning: In design 'r_state_ctrl_1_22', input port 'commit_i' is connected directly to output port 'dsm_commit_o'. (LINT-29)
Warning: In design 'r_state_ctrl_1_22', input port 'read_en_i' is connected directly to output port 'scan_mode_o'. (LINT-29)
Warning: In design 'r_state_ctrl_1_23', input port 'phase_i' is connected directly to output port 'black_compute_o'. (LINT-29)
Warning: In design 'r_state_ctrl_1_23', input port 'phase_i' is connected directly to output port 'dst_black_o'. (LINT-29)
Warning: In design 'r_state_ctrl_1_23', input port 'run_en_i' is connected directly to output port 'alu_en_o'. (LINT-29)
Warning: In design 'r_state_ctrl_1_23', input port 'run_en_i' is connected directly to output port 'shift_en_o'. (LINT-29)
Warning: In design 'r_state_ctrl_1_23', input port 'commit_i' is connected directly to output port 'dsm_commit_o'. (LINT-29)
Warning: In design 'r_state_ctrl_1_23', input port 'read_en_i' is connected directly to output port 'scan_mode_o'. (LINT-29)
Warning: In design 'r_state_ctrl_1_24', input port 'phase_i' is connected directly to output port 'black_compute_o'. (LINT-29)
Warning: In design 'r_state_ctrl_1_24', input port 'phase_i' is connected directly to output port 'dst_black_o'. (LINT-29)
Warning: In design 'r_state_ctrl_1_24', input port 'run_en_i' is connected directly to output port 'alu_en_o'. (LINT-29)
Warning: In design 'r_state_ctrl_1_24', input port 'run_en_i' is connected directly to output port 'shift_en_o'. (LINT-29)
Warning: In design 'r_state_ctrl_1_24', input port 'commit_i' is connected directly to output port 'dsm_commit_o'. (LINT-29)
Warning: In design 'r_state_ctrl_1_24', input port 'read_en_i' is connected directly to output port 'scan_mode_o'. (LINT-29)
Warning: In design 'r_state_ctrl_1_25', input port 'phase_i' is connected directly to output port 'black_compute_o'. (LINT-29)
Warning: In design 'r_state_ctrl_1_25', input port 'phase_i' is connected directly to output port 'dst_black_o'. (LINT-29)
Warning: In design 'r_state_ctrl_1_25', input port 'run_en_i' is connected directly to output port 'alu_en_o'. (LINT-29)
Warning: In design 'r_state_ctrl_1_25', input port 'run_en_i' is connected directly to output port 'shift_en_o'. (LINT-29)
Warning: In design 'r_state_ctrl_1_25', input port 'commit_i' is connected directly to output port 'dsm_commit_o'. (LINT-29)
Warning: In design 'r_state_ctrl_1_25', input port 'read_en_i' is connected directly to output port 'scan_mode_o'. (LINT-29)
Warning: In design 'r_state_ctrl_1_26', input port 'phase_i' is connected directly to output port 'black_compute_o'. (LINT-29)
Warning: In design 'r_state_ctrl_1_26', input port 'phase_i' is connected directly to output port 'dst_black_o'. (LINT-29)
Warning: In design 'r_state_ctrl_1_26', input port 'run_en_i' is connected directly to output port 'alu_en_o'. (LINT-29)
Warning: In design 'r_state_ctrl_1_26', input port 'run_en_i' is connected directly to output port 'shift_en_o'. (LINT-29)
Warning: In design 'r_state_ctrl_1_26', input port 'commit_i' is connected directly to output port 'dsm_commit_o'. (LINT-29)
Warning: In design 'r_state_ctrl_1_26', input port 'read_en_i' is connected directly to output port 'scan_mode_o'. (LINT-29)
Warning: In design 'r_state_ctrl_1_27', input port 'phase_i' is connected directly to output port 'black_compute_o'. (LINT-29)
Warning: In design 'r_state_ctrl_1_27', input port 'phase_i' is connected directly to output port 'dst_black_o'. (LINT-29)
Warning: In design 'r_state_ctrl_1_27', input port 'run_en_i' is connected directly to output port 'alu_en_o'. (LINT-29)
Warning: In design 'r_state_ctrl_1_27', input port 'run_en_i' is connected directly to output port 'shift_en_o'. (LINT-29)
Warning: In design 'r_state_ctrl_1_27', input port 'commit_i' is connected directly to output port 'dsm_commit_o'. (LINT-29)
Warning: In design 'r_state_ctrl_1_27', input port 'read_en_i' is connected directly to output port 'scan_mode_o'. (LINT-29)
Warning: In design 'r_state_ctrl_1_28', input port 'phase_i' is connected directly to output port 'black_compute_o'. (LINT-29)
Warning: In design 'r_state_ctrl_1_28', input port 'phase_i' is connected directly to output port 'dst_black_o'. (LINT-29)
Warning: In design 'r_state_ctrl_1_28', input port 'run_en_i' is connected directly to output port 'alu_en_o'. (LINT-29)
Warning: In design 'r_state_ctrl_1_28', input port 'run_en_i' is connected directly to output port 'shift_en_o'. (LINT-29)
Warning: In design 'r_state_ctrl_1_28', input port 'commit_i' is connected directly to output port 'dsm_commit_o'. (LINT-29)
Warning: In design 'r_state_ctrl_1_28', input port 'read_en_i' is connected directly to output port 'scan_mode_o'. (LINT-29)
Warning: In design 'r_state_ctrl_1_29', input port 'phase_i' is connected directly to output port 'black_compute_o'. (LINT-29)
Warning: In design 'r_state_ctrl_1_29', input port 'phase_i' is connected directly to output port 'dst_black_o'. (LINT-29)
Warning: In design 'r_state_ctrl_1_29', input port 'run_en_i' is connected directly to output port 'alu_en_o'. (LINT-29)
Warning: In design 'r_state_ctrl_1_29', input port 'run_en_i' is connected directly to output port 'shift_en_o'. (LINT-29)
Warning: In design 'r_state_ctrl_1_29', input port 'commit_i' is connected directly to output port 'dsm_commit_o'. (LINT-29)
Warning: In design 'r_state_ctrl_1_29', input port 'read_en_i' is connected directly to output port 'scan_mode_o'. (LINT-29)
Warning: In design 'r_state_ctrl_1_30', input port 'phase_i' is connected directly to output port 'black_compute_o'. (LINT-29)
Warning: In design 'r_state_ctrl_1_30', input port 'phase_i' is connected directly to output port 'dst_black_o'. (LINT-29)
Warning: In design 'r_state_ctrl_1_30', input port 'run_en_i' is connected directly to output port 'alu_en_o'. (LINT-29)
Warning: In design 'r_state_ctrl_1_30', input port 'run_en_i' is connected directly to output port 'shift_en_o'. (LINT-29)
Warning: In design 'r_state_ctrl_1_30', input port 'commit_i' is connected directly to output port 'dsm_commit_o'. (LINT-29)
Warning: In design 'r_state_ctrl_1_30', input port 'read_en_i' is connected directly to output port 'scan_mode_o'. (LINT-29)
Warning: In design 'r_state_ctrl_1_31', input port 'phase_i' is connected directly to output port 'black_compute_o'. (LINT-29)
Warning: In design 'r_state_ctrl_1_31', input port 'phase_i' is connected directly to output port 'dst_black_o'. (LINT-29)
Warning: In design 'r_state_ctrl_1_31', input port 'run_en_i' is connected directly to output port 'alu_en_o'. (LINT-29)
Warning: In design 'r_state_ctrl_1_31', input port 'run_en_i' is connected directly to output port 'shift_en_o'. (LINT-29)
Warning: In design 'r_state_ctrl_1_31', input port 'commit_i' is connected directly to output port 'dsm_commit_o'. (LINT-29)
Warning: In design 'r_state_ctrl_1_31', input port 'read_en_i' is connected directly to output port 'scan_mode_o'. (LINT-29)
Warning: In design 'r_state_ctrl_1_32', input port 'phase_i' is connected directly to output port 'black_compute_o'. (LINT-29)
Warning: In design 'r_state_ctrl_1_32', input port 'phase_i' is connected directly to output port 'dst_black_o'. (LINT-29)
Warning: In design 'r_state_ctrl_1_32', input port 'run_en_i' is connected directly to output port 'alu_en_o'. (LINT-29)
Warning: In design 'r_state_ctrl_1_32', input port 'run_en_i' is connected directly to output port 'shift_en_o'. (LINT-29)
Warning: In design 'r_state_ctrl_1_32', input port 'commit_i' is connected directly to output port 'dsm_commit_o'. (LINT-29)
Warning: In design 'r_state_ctrl_1_32', input port 'read_en_i' is connected directly to output port 'scan_mode_o'. (LINT-29)
Warning: In design 'r_state_ctrl_1_33', input port 'phase_i' is connected directly to output port 'black_compute_o'. (LINT-29)
Warning: In design 'r_state_ctrl_1_33', input port 'phase_i' is connected directly to output port 'dst_black_o'. (LINT-29)
Warning: In design 'r_state_ctrl_1_33', input port 'run_en_i' is connected directly to output port 'alu_en_o'. (LINT-29)
Warning: In design 'r_state_ctrl_1_33', input port 'run_en_i' is connected directly to output port 'shift_en_o'. (LINT-29)
Warning: In design 'r_state_ctrl_1_33', input port 'commit_i' is connected directly to output port 'dsm_commit_o'. (LINT-29)
Warning: In design 'r_state_ctrl_1_33', input port 'read_en_i' is connected directly to output port 'scan_mode_o'. (LINT-29)
Warning: In design 'r_state_ctrl_1_34', input port 'phase_i' is connected directly to output port 'black_compute_o'. (LINT-29)
Warning: In design 'r_state_ctrl_1_34', input port 'phase_i' is connected directly to output port 'dst_black_o'. (LINT-29)
Warning: In design 'r_state_ctrl_1_34', input port 'run_en_i' is connected directly to output port 'alu_en_o'. (LINT-29)
Warning: In design 'r_state_ctrl_1_34', input port 'run_en_i' is connected directly to output port 'shift_en_o'. (LINT-29)
Warning: In design 'r_state_ctrl_1_34', input port 'commit_i' is connected directly to output port 'dsm_commit_o'. (LINT-29)
Warning: In design 'r_state_ctrl_1_34', input port 'read_en_i' is connected directly to output port 'scan_mode_o'. (LINT-29)
Warning: In design 'r_state_ctrl_1_35', input port 'phase_i' is connected directly to output port 'black_compute_o'. (LINT-29)
Warning: In design 'r_state_ctrl_1_35', input port 'phase_i' is connected directly to output port 'dst_black_o'. (LINT-29)
Warning: In design 'r_state_ctrl_1_35', input port 'run_en_i' is connected directly to output port 'alu_en_o'. (LINT-29)
Warning: In design 'r_state_ctrl_1_35', input port 'run_en_i' is connected directly to output port 'shift_en_o'. (LINT-29)
Warning: In design 'r_state_ctrl_1_35', input port 'commit_i' is connected directly to output port 'dsm_commit_o'. (LINT-29)
Warning: In design 'r_state_ctrl_1_35', input port 'read_en_i' is connected directly to output port 'scan_mode_o'. (LINT-29)
Warning: In design 'r_state_ctrl_1_36', input port 'phase_i' is connected directly to output port 'black_compute_o'. (LINT-29)
Warning: In design 'r_state_ctrl_1_36', input port 'phase_i' is connected directly to output port 'dst_black_o'. (LINT-29)
Warning: In design 'r_state_ctrl_1_36', input port 'run_en_i' is connected directly to output port 'alu_en_o'. (LINT-29)
Warning: In design 'r_state_ctrl_1_36', input port 'run_en_i' is connected directly to output port 'shift_en_o'. (LINT-29)
Warning: In design 'r_state_ctrl_1_36', input port 'commit_i' is connected directly to output port 'dsm_commit_o'. (LINT-29)
Warning: In design 'r_state_ctrl_1_36', input port 'read_en_i' is connected directly to output port 'scan_mode_o'. (LINT-29)
Warning: In design 'r_state_ctrl_1_37', input port 'phase_i' is connected directly to output port 'black_compute_o'. (LINT-29)
Warning: In design 'r_state_ctrl_1_37', input port 'phase_i' is connected directly to output port 'dst_black_o'. (LINT-29)
Warning: In design 'r_state_ctrl_1_37', input port 'run_en_i' is connected directly to output port 'alu_en_o'. (LINT-29)
Warning: In design 'r_state_ctrl_1_37', input port 'run_en_i' is connected directly to output port 'shift_en_o'. (LINT-29)
Warning: In design 'r_state_ctrl_1_37', input port 'commit_i' is connected directly to output port 'dsm_commit_o'. (LINT-29)
Warning: In design 'r_state_ctrl_1_37', input port 'read_en_i' is connected directly to output port 'scan_mode_o'. (LINT-29)
Warning: In design 'r_state_ctrl_1_38', input port 'phase_i' is connected directly to output port 'black_compute_o'. (LINT-29)
Warning: In design 'r_state_ctrl_1_38', input port 'phase_i' is connected directly to output port 'dst_black_o'. (LINT-29)
Warning: In design 'r_state_ctrl_1_38', input port 'run_en_i' is connected directly to output port 'alu_en_o'. (LINT-29)
Warning: In design 'r_state_ctrl_1_38', input port 'run_en_i' is connected directly to output port 'shift_en_o'. (LINT-29)
Warning: In design 'r_state_ctrl_1_38', input port 'commit_i' is connected directly to output port 'dsm_commit_o'. (LINT-29)
Warning: In design 'r_state_ctrl_1_38', input port 'read_en_i' is connected directly to output port 'scan_mode_o'. (LINT-29)
Warning: In design 'r_state_ctrl_1_39', input port 'phase_i' is connected directly to output port 'black_compute_o'. (LINT-29)
Warning: In design 'r_state_ctrl_1_39', input port 'phase_i' is connected directly to output port 'dst_black_o'. (LINT-29)
Warning: In design 'r_state_ctrl_1_39', input port 'run_en_i' is connected directly to output port 'alu_en_o'. (LINT-29)
Warning: In design 'r_state_ctrl_1_39', input port 'run_en_i' is connected directly to output port 'shift_en_o'. (LINT-29)
Warning: In design 'r_state_ctrl_1_39', input port 'commit_i' is connected directly to output port 'dsm_commit_o'. (LINT-29)
Warning: In design 'r_state_ctrl_1_39', input port 'read_en_i' is connected directly to output port 'scan_mode_o'. (LINT-29)
Warning: In design 'r_state_ctrl_1_40', input port 'phase_i' is connected directly to output port 'black_compute_o'. (LINT-29)
Warning: In design 'r_state_ctrl_1_40', input port 'phase_i' is connected directly to output port 'dst_black_o'. (LINT-29)
Warning: In design 'r_state_ctrl_1_40', input port 'run_en_i' is connected directly to output port 'alu_en_o'. (LINT-29)
Warning: In design 'r_state_ctrl_1_40', input port 'run_en_i' is connected directly to output port 'shift_en_o'. (LINT-29)
Warning: In design 'r_state_ctrl_1_40', input port 'commit_i' is connected directly to output port 'dsm_commit_o'. (LINT-29)
Warning: In design 'r_state_ctrl_1_40', input port 'read_en_i' is connected directly to output port 'scan_mode_o'. (LINT-29)
Warning: In design 'r_state_ctrl_1_41', input port 'phase_i' is connected directly to output port 'black_compute_o'. (LINT-29)
Warning: In design 'r_state_ctrl_1_41', input port 'phase_i' is connected directly to output port 'dst_black_o'. (LINT-29)
Warning: In design 'r_state_ctrl_1_41', input port 'run_en_i' is connected directly to output port 'alu_en_o'. (LINT-29)
Warning: In design 'r_state_ctrl_1_41', input port 'run_en_i' is connected directly to output port 'shift_en_o'. (LINT-29)
Warning: In design 'r_state_ctrl_1_41', input port 'commit_i' is connected directly to output port 'dsm_commit_o'. (LINT-29)
Warning: In design 'r_state_ctrl_1_41', input port 'read_en_i' is connected directly to output port 'scan_mode_o'. (LINT-29)
Warning: In design 'r_state_ctrl_1_42', input port 'phase_i' is connected directly to output port 'black_compute_o'. (LINT-29)
Warning: In design 'r_state_ctrl_1_42', input port 'phase_i' is connected directly to output port 'dst_black_o'. (LINT-29)
Warning: In design 'r_state_ctrl_1_42', input port 'run_en_i' is connected directly to output port 'alu_en_o'. (LINT-29)
Warning: In design 'r_state_ctrl_1_42', input port 'run_en_i' is connected directly to output port 'shift_en_o'. (LINT-29)
Warning: In design 'r_state_ctrl_1_42', input port 'commit_i' is connected directly to output port 'dsm_commit_o'. (LINT-29)
Warning: In design 'r_state_ctrl_1_42', input port 'read_en_i' is connected directly to output port 'scan_mode_o'. (LINT-29)
Warning: In design 'r_state_ctrl_1_43', input port 'phase_i' is connected directly to output port 'black_compute_o'. (LINT-29)
Warning: In design 'r_state_ctrl_1_43', input port 'phase_i' is connected directly to output port 'dst_black_o'. (LINT-29)
Warning: In design 'r_state_ctrl_1_43', input port 'run_en_i' is connected directly to output port 'alu_en_o'. (LINT-29)
Warning: In design 'r_state_ctrl_1_43', input port 'run_en_i' is connected directly to output port 'shift_en_o'. (LINT-29)
Warning: In design 'r_state_ctrl_1_43', input port 'commit_i' is connected directly to output port 'dsm_commit_o'. (LINT-29)
Warning: In design 'r_state_ctrl_1_43', input port 'read_en_i' is connected directly to output port 'scan_mode_o'. (LINT-29)
Warning: In design 'r_state_ctrl_1_44', input port 'phase_i' is connected directly to output port 'black_compute_o'. (LINT-29)
Warning: In design 'r_state_ctrl_1_44', input port 'phase_i' is connected directly to output port 'dst_black_o'. (LINT-29)
Warning: In design 'r_state_ctrl_1_44', input port 'run_en_i' is connected directly to output port 'alu_en_o'. (LINT-29)
Warning: In design 'r_state_ctrl_1_44', input port 'run_en_i' is connected directly to output port 'shift_en_o'. (LINT-29)
Warning: In design 'r_state_ctrl_1_44', input port 'commit_i' is connected directly to output port 'dsm_commit_o'. (LINT-29)
Warning: In design 'r_state_ctrl_1_44', input port 'read_en_i' is connected directly to output port 'scan_mode_o'. (LINT-29)
Warning: In design 'r_state_ctrl_1_45', input port 'phase_i' is connected directly to output port 'black_compute_o'. (LINT-29)
Warning: In design 'r_state_ctrl_1_45', input port 'phase_i' is connected directly to output port 'dst_black_o'. (LINT-29)
Warning: In design 'r_state_ctrl_1_45', input port 'run_en_i' is connected directly to output port 'alu_en_o'. (LINT-29)
Warning: In design 'r_state_ctrl_1_45', input port 'run_en_i' is connected directly to output port 'shift_en_o'. (LINT-29)
Warning: In design 'r_state_ctrl_1_45', input port 'commit_i' is connected directly to output port 'dsm_commit_o'. (LINT-29)
Warning: In design 'r_state_ctrl_1_45', input port 'read_en_i' is connected directly to output port 'scan_mode_o'. (LINT-29)
Warning: In design 'r_state_ctrl_1_46', input port 'phase_i' is connected directly to output port 'black_compute_o'. (LINT-29)
Warning: In design 'r_state_ctrl_1_46', input port 'phase_i' is connected directly to output port 'dst_black_o'. (LINT-29)
Warning: In design 'r_state_ctrl_1_46', input port 'run_en_i' is connected directly to output port 'alu_en_o'. (LINT-29)
Warning: In design 'r_state_ctrl_1_46', input port 'run_en_i' is connected directly to output port 'shift_en_o'. (LINT-29)
Warning: In design 'r_state_ctrl_1_46', input port 'commit_i' is connected directly to output port 'dsm_commit_o'. (LINT-29)
Warning: In design 'r_state_ctrl_1_46', input port 'read_en_i' is connected directly to output port 'scan_mode_o'. (LINT-29)
Warning: In design 'r_state_ctrl_1_47', input port 'phase_i' is connected directly to output port 'black_compute_o'. (LINT-29)
Warning: In design 'r_state_ctrl_1_47', input port 'phase_i' is connected directly to output port 'dst_black_o'. (LINT-29)
Warning: In design 'r_state_ctrl_1_47', input port 'run_en_i' is connected directly to output port 'alu_en_o'. (LINT-29)
Warning: In design 'r_state_ctrl_1_47', input port 'run_en_i' is connected directly to output port 'shift_en_o'. (LINT-29)
Warning: In design 'r_state_ctrl_1_47', input port 'commit_i' is connected directly to output port 'dsm_commit_o'. (LINT-29)
Warning: In design 'r_state_ctrl_1_47', input port 'read_en_i' is connected directly to output port 'scan_mode_o'. (LINT-29)
Warning: In design 'r_state_ctrl_1_48', input port 'phase_i' is connected directly to output port 'black_compute_o'. (LINT-29)
Warning: In design 'r_state_ctrl_1_48', input port 'phase_i' is connected directly to output port 'dst_black_o'. (LINT-29)
Warning: In design 'r_state_ctrl_1_48', input port 'run_en_i' is connected directly to output port 'alu_en_o'. (LINT-29)
Warning: In design 'r_state_ctrl_1_48', input port 'run_en_i' is connected directly to output port 'shift_en_o'. (LINT-29)
Warning: In design 'r_state_ctrl_1_48', input port 'commit_i' is connected directly to output port 'dsm_commit_o'. (LINT-29)
Warning: In design 'r_state_ctrl_1_48', input port 'read_en_i' is connected directly to output port 'scan_mode_o'. (LINT-29)
Warning: In design 'r_state_ctrl_1_49', input port 'phase_i' is connected directly to output port 'black_compute_o'. (LINT-29)
Warning: In design 'r_state_ctrl_1_49', input port 'phase_i' is connected directly to output port 'dst_black_o'. (LINT-29)
Warning: In design 'r_state_ctrl_1_49', input port 'run_en_i' is connected directly to output port 'alu_en_o'. (LINT-29)
Warning: In design 'r_state_ctrl_1_49', input port 'run_en_i' is connected directly to output port 'shift_en_o'. (LINT-29)
Warning: In design 'r_state_ctrl_1_49', input port 'commit_i' is connected directly to output port 'dsm_commit_o'. (LINT-29)
Warning: In design 'r_state_ctrl_1_49', input port 'read_en_i' is connected directly to output port 'scan_mode_o'. (LINT-29)
Warning: In design 'r_state_ctrl_1_50', input port 'phase_i' is connected directly to output port 'black_compute_o'. (LINT-29)
Warning: In design 'r_state_ctrl_1_50', input port 'phase_i' is connected directly to output port 'dst_black_o'. (LINT-29)
Warning: In design 'r_state_ctrl_1_50', input port 'run_en_i' is connected directly to output port 'alu_en_o'. (LINT-29)
Warning: In design 'r_state_ctrl_1_50', input port 'run_en_i' is connected directly to output port 'shift_en_o'. (LINT-29)
Warning: In design 'r_state_ctrl_1_50', input port 'commit_i' is connected directly to output port 'dsm_commit_o'. (LINT-29)
Warning: In design 'r_state_ctrl_1_50', input port 'read_en_i' is connected directly to output port 'scan_mode_o'. (LINT-29)
Warning: In design 'r_state_ctrl_1_51', input port 'phase_i' is connected directly to output port 'black_compute_o'. (LINT-29)
Warning: In design 'r_state_ctrl_1_51', input port 'phase_i' is connected directly to output port 'dst_black_o'. (LINT-29)
Warning: In design 'r_state_ctrl_1_51', input port 'run_en_i' is connected directly to output port 'alu_en_o'. (LINT-29)
Warning: In design 'r_state_ctrl_1_51', input port 'run_en_i' is connected directly to output port 'shift_en_o'. (LINT-29)
Warning: In design 'r_state_ctrl_1_51', input port 'commit_i' is connected directly to output port 'dsm_commit_o'. (LINT-29)
Warning: In design 'r_state_ctrl_1_51', input port 'read_en_i' is connected directly to output port 'scan_mode_o'. (LINT-29)
Warning: In design 'r_state_ctrl_1_52', input port 'phase_i' is connected directly to output port 'black_compute_o'. (LINT-29)
Warning: In design 'r_state_ctrl_1_52', input port 'phase_i' is connected directly to output port 'dst_black_o'. (LINT-29)
Warning: In design 'r_state_ctrl_1_52', input port 'run_en_i' is connected directly to output port 'alu_en_o'. (LINT-29)
Warning: In design 'r_state_ctrl_1_52', input port 'run_en_i' is connected directly to output port 'shift_en_o'. (LINT-29)
Warning: In design 'r_state_ctrl_1_52', input port 'commit_i' is connected directly to output port 'dsm_commit_o'. (LINT-29)
Warning: In design 'r_state_ctrl_1_52', input port 'read_en_i' is connected directly to output port 'scan_mode_o'. (LINT-29)
Warning: In design 'r_state_ctrl_1_53', input port 'phase_i' is connected directly to output port 'black_compute_o'. (LINT-29)
Warning: In design 'r_state_ctrl_1_53', input port 'phase_i' is connected directly to output port 'dst_black_o'. (LINT-29)
Warning: In design 'r_state_ctrl_1_53', input port 'run_en_i' is connected directly to output port 'alu_en_o'. (LINT-29)
Warning: In design 'r_state_ctrl_1_53', input port 'run_en_i' is connected directly to output port 'shift_en_o'. (LINT-29)
Warning: In design 'r_state_ctrl_1_53', input port 'commit_i' is connected directly to output port 'dsm_commit_o'. (LINT-29)
Warning: In design 'r_state_ctrl_1_53', input port 'read_en_i' is connected directly to output port 'scan_mode_o'. (LINT-29)
Warning: In design 'r_state_ctrl_1_54', input port 'phase_i' is connected directly to output port 'black_compute_o'. (LINT-29)
Warning: In design 'r_state_ctrl_1_54', input port 'phase_i' is connected directly to output port 'dst_black_o'. (LINT-29)
Warning: In design 'r_state_ctrl_1_54', input port 'run_en_i' is connected directly to output port 'alu_en_o'. (LINT-29)
Warning: In design 'r_state_ctrl_1_54', input port 'run_en_i' is connected directly to output port 'shift_en_o'. (LINT-29)
Warning: In design 'r_state_ctrl_1_54', input port 'commit_i' is connected directly to output port 'dsm_commit_o'. (LINT-29)
Warning: In design 'r_state_ctrl_1_54', input port 'read_en_i' is connected directly to output port 'scan_mode_o'. (LINT-29)
Warning: In design 'r_state_ctrl_1_55', input port 'phase_i' is connected directly to output port 'black_compute_o'. (LINT-29)
Warning: In design 'r_state_ctrl_1_55', input port 'phase_i' is connected directly to output port 'dst_black_o'. (LINT-29)
Warning: In design 'r_state_ctrl_1_55', input port 'run_en_i' is connected directly to output port 'alu_en_o'. (LINT-29)
Warning: In design 'r_state_ctrl_1_55', input port 'run_en_i' is connected directly to output port 'shift_en_o'. (LINT-29)
Warning: In design 'r_state_ctrl_1_55', input port 'commit_i' is connected directly to output port 'dsm_commit_o'. (LINT-29)
Warning: In design 'r_state_ctrl_1_55', input port 'read_en_i' is connected directly to output port 'scan_mode_o'. (LINT-29)
Warning: In design 'r_state_ctrl_1_56', input port 'phase_i' is connected directly to output port 'black_compute_o'. (LINT-29)
Warning: In design 'r_state_ctrl_1_56', input port 'phase_i' is connected directly to output port 'dst_black_o'. (LINT-29)
Warning: In design 'r_state_ctrl_1_56', input port 'run_en_i' is connected directly to output port 'alu_en_o'. (LINT-29)
Warning: In design 'r_state_ctrl_1_56', input port 'run_en_i' is connected directly to output port 'shift_en_o'. (LINT-29)
Warning: In design 'r_state_ctrl_1_56', input port 'commit_i' is connected directly to output port 'dsm_commit_o'. (LINT-29)
Warning: In design 'r_state_ctrl_1_56', input port 'read_en_i' is connected directly to output port 'scan_mode_o'. (LINT-29)
Warning: In design 'r_state_ctrl_1_57', input port 'phase_i' is connected directly to output port 'black_compute_o'. (LINT-29)
Warning: In design 'r_state_ctrl_1_57', input port 'phase_i' is connected directly to output port 'dst_black_o'. (LINT-29)
Warning: In design 'r_state_ctrl_1_57', input port 'run_en_i' is connected directly to output port 'alu_en_o'. (LINT-29)
Warning: In design 'r_state_ctrl_1_57', input port 'run_en_i' is connected directly to output port 'shift_en_o'. (LINT-29)
Warning: In design 'r_state_ctrl_1_57', input port 'commit_i' is connected directly to output port 'dsm_commit_o'. (LINT-29)
Warning: In design 'r_state_ctrl_1_57', input port 'read_en_i' is connected directly to output port 'scan_mode_o'. (LINT-29)
Warning: In design 'r_state_ctrl_1_58', input port 'phase_i' is connected directly to output port 'black_compute_o'. (LINT-29)
Warning: In design 'r_state_ctrl_1_58', input port 'phase_i' is connected directly to output port 'dst_black_o'. (LINT-29)
Warning: In design 'r_state_ctrl_1_58', input port 'run_en_i' is connected directly to output port 'alu_en_o'. (LINT-29)
Warning: In design 'r_state_ctrl_1_58', input port 'run_en_i' is connected directly to output port 'shift_en_o'. (LINT-29)
Warning: In design 'r_state_ctrl_1_58', input port 'commit_i' is connected directly to output port 'dsm_commit_o'. (LINT-29)
Warning: In design 'r_state_ctrl_1_58', input port 'read_en_i' is connected directly to output port 'scan_mode_o'. (LINT-29)
Warning: In design 'r_state_ctrl_1_59', input port 'phase_i' is connected directly to output port 'black_compute_o'. (LINT-29)
Warning: In design 'r_state_ctrl_1_59', input port 'phase_i' is connected directly to output port 'dst_black_o'. (LINT-29)
Warning: In design 'r_state_ctrl_1_59', input port 'run_en_i' is connected directly to output port 'alu_en_o'. (LINT-29)
Warning: In design 'r_state_ctrl_1_59', input port 'run_en_i' is connected directly to output port 'shift_en_o'. (LINT-29)
Warning: In design 'r_state_ctrl_1_59', input port 'commit_i' is connected directly to output port 'dsm_commit_o'. (LINT-29)
Warning: In design 'r_state_ctrl_1_59', input port 'read_en_i' is connected directly to output port 'scan_mode_o'. (LINT-29)
Warning: In design 'r_state_ctrl_1_60', input port 'phase_i' is connected directly to output port 'black_compute_o'. (LINT-29)
Warning: In design 'r_state_ctrl_1_60', input port 'phase_i' is connected directly to output port 'dst_black_o'. (LINT-29)
Warning: In design 'r_state_ctrl_1_60', input port 'run_en_i' is connected directly to output port 'alu_en_o'. (LINT-29)
Warning: In design 'r_state_ctrl_1_60', input port 'run_en_i' is connected directly to output port 'shift_en_o'. (LINT-29)
Warning: In design 'r_state_ctrl_1_60', input port 'commit_i' is connected directly to output port 'dsm_commit_o'. (LINT-29)
Warning: In design 'r_state_ctrl_1_60', input port 'read_en_i' is connected directly to output port 'scan_mode_o'. (LINT-29)
Warning: In design 'r_state_ctrl_1_61', input port 'phase_i' is connected directly to output port 'black_compute_o'. (LINT-29)
Warning: In design 'r_state_ctrl_1_61', input port 'phase_i' is connected directly to output port 'dst_black_o'. (LINT-29)
Warning: In design 'r_state_ctrl_1_61', input port 'run_en_i' is connected directly to output port 'alu_en_o'. (LINT-29)
Warning: In design 'r_state_ctrl_1_61', input port 'run_en_i' is connected directly to output port 'shift_en_o'. (LINT-29)
Warning: In design 'r_state_ctrl_1_61', input port 'commit_i' is connected directly to output port 'dsm_commit_o'. (LINT-29)
Warning: In design 'r_state_ctrl_1_61', input port 'read_en_i' is connected directly to output port 'scan_mode_o'. (LINT-29)
Warning: In design 'r_state_ctrl_1_62', input port 'phase_i' is connected directly to output port 'black_compute_o'. (LINT-29)
Warning: In design 'r_state_ctrl_1_62', input port 'phase_i' is connected directly to output port 'dst_black_o'. (LINT-29)
Warning: In design 'r_state_ctrl_1_62', input port 'run_en_i' is connected directly to output port 'alu_en_o'. (LINT-29)
Warning: In design 'r_state_ctrl_1_62', input port 'run_en_i' is connected directly to output port 'shift_en_o'. (LINT-29)
Warning: In design 'r_state_ctrl_1_62', input port 'commit_i' is connected directly to output port 'dsm_commit_o'. (LINT-29)
Warning: In design 'r_state_ctrl_1_62', input port 'read_en_i' is connected directly to output port 'scan_mode_o'. (LINT-29)
Warning: In design 'r_state_ctrl_1_63', input port 'phase_i' is connected directly to output port 'black_compute_o'. (LINT-29)
Warning: In design 'r_state_ctrl_1_63', input port 'phase_i' is connected directly to output port 'dst_black_o'. (LINT-29)
Warning: In design 'r_state_ctrl_1_63', input port 'run_en_i' is connected directly to output port 'alu_en_o'. (LINT-29)
Warning: In design 'r_state_ctrl_1_63', input port 'run_en_i' is connected directly to output port 'shift_en_o'. (LINT-29)
Warning: In design 'r_state_ctrl_1_63', input port 'commit_i' is connected directly to output port 'dsm_commit_o'. (LINT-29)
Warning: In design 'r_state_ctrl_1_63', input port 'read_en_i' is connected directly to output port 'scan_mode_o'. (LINT-29)
Warning: In design 'r_state_ctrl_1_64', input port 'phase_i' is connected directly to output port 'black_compute_o'. (LINT-29)
Warning: In design 'r_state_ctrl_1_64', input port 'phase_i' is connected directly to output port 'dst_black_o'. (LINT-29)
Warning: In design 'r_state_ctrl_1_64', input port 'run_en_i' is connected directly to output port 'alu_en_o'. (LINT-29)
Warning: In design 'r_state_ctrl_1_64', input port 'run_en_i' is connected directly to output port 'shift_en_o'. (LINT-29)
Warning: In design 'r_state_ctrl_1_64', input port 'commit_i' is connected directly to output port 'dsm_commit_o'. (LINT-29)
Warning: In design 'r_state_ctrl_1_64', input port 'read_en_i' is connected directly to output port 'scan_mode_o'. (LINT-29)
Warning: In design 'r_state_ctrl_1_65', input port 'phase_i' is connected directly to output port 'black_compute_o'. (LINT-29)
Warning: In design 'r_state_ctrl_1_65', input port 'phase_i' is connected directly to output port 'dst_black_o'. (LINT-29)
Warning: In design 'r_state_ctrl_1_65', input port 'run_en_i' is connected directly to output port 'alu_en_o'. (LINT-29)
Warning: In design 'r_state_ctrl_1_65', input port 'run_en_i' is connected directly to output port 'shift_en_o'. (LINT-29)
Warning: In design 'r_state_ctrl_1_65', input port 'commit_i' is connected directly to output port 'dsm_commit_o'. (LINT-29)
Warning: In design 'r_state_ctrl_1_65', input port 'read_en_i' is connected directly to output port 'scan_mode_o'. (LINT-29)
Warning: In design 'r_state_ctrl_1_66', input port 'phase_i' is connected directly to output port 'black_compute_o'. (LINT-29)
Warning: In design 'r_state_ctrl_1_66', input port 'phase_i' is connected directly to output port 'dst_black_o'. (LINT-29)
Warning: In design 'r_state_ctrl_1_66', input port 'run_en_i' is connected directly to output port 'alu_en_o'. (LINT-29)
Warning: In design 'r_state_ctrl_1_66', input port 'run_en_i' is connected directly to output port 'shift_en_o'. (LINT-29)
Warning: In design 'r_state_ctrl_1_66', input port 'commit_i' is connected directly to output port 'dsm_commit_o'. (LINT-29)
Warning: In design 'r_state_ctrl_1_66', input port 'read_en_i' is connected directly to output port 'scan_mode_o'. (LINT-29)
Warning: In design 'r_state_ctrl_1_67', input port 'phase_i' is connected directly to output port 'black_compute_o'. (LINT-29)
Warning: In design 'r_state_ctrl_1_67', input port 'phase_i' is connected directly to output port 'dst_black_o'. (LINT-29)
Warning: In design 'r_state_ctrl_1_67', input port 'run_en_i' is connected directly to output port 'alu_en_o'. (LINT-29)
Warning: In design 'r_state_ctrl_1_67', input port 'run_en_i' is connected directly to output port 'shift_en_o'. (LINT-29)
Warning: In design 'r_state_ctrl_1_67', input port 'commit_i' is connected directly to output port 'dsm_commit_o'. (LINT-29)
Warning: In design 'r_state_ctrl_1_67', input port 'read_en_i' is connected directly to output port 'scan_mode_o'. (LINT-29)
Warning: In design 'r_state_ctrl_1_68', input port 'phase_i' is connected directly to output port 'black_compute_o'. (LINT-29)
Warning: In design 'r_state_ctrl_1_68', input port 'phase_i' is connected directly to output port 'dst_black_o'. (LINT-29)
Warning: In design 'r_state_ctrl_1_68', input port 'run_en_i' is connected directly to output port 'alu_en_o'. (LINT-29)
Warning: In design 'r_state_ctrl_1_68', input port 'run_en_i' is connected directly to output port 'shift_en_o'. (LINT-29)
Warning: In design 'r_state_ctrl_1_68', input port 'commit_i' is connected directly to output port 'dsm_commit_o'. (LINT-29)
Warning: In design 'r_state_ctrl_1_68', input port 'read_en_i' is connected directly to output port 'scan_mode_o'. (LINT-29)
Warning: In design 'r_state_ctrl_1_69', input port 'phase_i' is connected directly to output port 'black_compute_o'. (LINT-29)
Warning: In design 'r_state_ctrl_1_69', input port 'phase_i' is connected directly to output port 'dst_black_o'. (LINT-29)
Warning: In design 'r_state_ctrl_1_69', input port 'run_en_i' is connected directly to output port 'alu_en_o'. (LINT-29)
Warning: In design 'r_state_ctrl_1_69', input port 'run_en_i' is connected directly to output port 'shift_en_o'. (LINT-29)
Warning: In design 'r_state_ctrl_1_69', input port 'commit_i' is connected directly to output port 'dsm_commit_o'. (LINT-29)
Warning: In design 'r_state_ctrl_1_69', input port 'read_en_i' is connected directly to output port 'scan_mode_o'. (LINT-29)
Warning: In design 'r_state_ctrl_1_70', input port 'phase_i' is connected directly to output port 'black_compute_o'. (LINT-29)
Warning: In design 'r_state_ctrl_1_70', input port 'phase_i' is connected directly to output port 'dst_black_o'. (LINT-29)
Warning: In design 'r_state_ctrl_1_70', input port 'run_en_i' is connected directly to output port 'alu_en_o'. (LINT-29)
Warning: In design 'r_state_ctrl_1_70', input port 'run_en_i' is connected directly to output port 'shift_en_o'. (LINT-29)
Warning: In design 'r_state_ctrl_1_70', input port 'commit_i' is connected directly to output port 'dsm_commit_o'. (LINT-29)
Warning: In design 'r_state_ctrl_1_70', input port 'read_en_i' is connected directly to output port 'scan_mode_o'. (LINT-29)
Warning: In design 'r_state_ctrl_1_71', input port 'phase_i' is connected directly to output port 'black_compute_o'. (LINT-29)
Warning: In design 'r_state_ctrl_1_71', input port 'phase_i' is connected directly to output port 'dst_black_o'. (LINT-29)
Warning: In design 'r_state_ctrl_1_71', input port 'run_en_i' is connected directly to output port 'alu_en_o'. (LINT-29)
Warning: In design 'r_state_ctrl_1_71', input port 'run_en_i' is connected directly to output port 'shift_en_o'. (LINT-29)
Warning: In design 'r_state_ctrl_1_71', input port 'commit_i' is connected directly to output port 'dsm_commit_o'. (LINT-29)
Warning: In design 'r_state_ctrl_1_71', input port 'read_en_i' is connected directly to output port 'scan_mode_o'. (LINT-29)
Warning: In design 'r_state_ctrl_1_72', input port 'phase_i' is connected directly to output port 'black_compute_o'. (LINT-29)
Warning: In design 'r_state_ctrl_1_72', input port 'phase_i' is connected directly to output port 'dst_black_o'. (LINT-29)
Warning: In design 'r_state_ctrl_1_72', input port 'run_en_i' is connected directly to output port 'alu_en_o'. (LINT-29)
Warning: In design 'r_state_ctrl_1_72', input port 'run_en_i' is connected directly to output port 'shift_en_o'. (LINT-29)
Warning: In design 'r_state_ctrl_1_72', input port 'commit_i' is connected directly to output port 'dsm_commit_o'. (LINT-29)
Warning: In design 'r_state_ctrl_1_72', input port 'read_en_i' is connected directly to output port 'scan_mode_o'. (LINT-29)
Warning: In design 'r_state_ctrl_1_73', input port 'phase_i' is connected directly to output port 'black_compute_o'. (LINT-29)
Warning: In design 'r_state_ctrl_1_73', input port 'phase_i' is connected directly to output port 'dst_black_o'. (LINT-29)
Warning: In design 'r_state_ctrl_1_73', input port 'run_en_i' is connected directly to output port 'alu_en_o'. (LINT-29)
Warning: In design 'r_state_ctrl_1_73', input port 'run_en_i' is connected directly to output port 'shift_en_o'. (LINT-29)
Warning: In design 'r_state_ctrl_1_73', input port 'commit_i' is connected directly to output port 'dsm_commit_o'. (LINT-29)
Warning: In design 'r_state_ctrl_1_73', input port 'read_en_i' is connected directly to output port 'scan_mode_o'. (LINT-29)
Warning: In design 'r_state_ctrl_1_74', input port 'phase_i' is connected directly to output port 'black_compute_o'. (LINT-29)
Warning: In design 'r_state_ctrl_1_74', input port 'phase_i' is connected directly to output port 'dst_black_o'. (LINT-29)
Warning: In design 'r_state_ctrl_1_74', input port 'run_en_i' is connected directly to output port 'alu_en_o'. (LINT-29)
Warning: In design 'r_state_ctrl_1_74', input port 'run_en_i' is connected directly to output port 'shift_en_o'. (LINT-29)
Warning: In design 'r_state_ctrl_1_74', input port 'commit_i' is connected directly to output port 'dsm_commit_o'. (LINT-29)
Warning: In design 'r_state_ctrl_1_74', input port 'read_en_i' is connected directly to output port 'scan_mode_o'. (LINT-29)
Warning: In design 'r_state_ctrl_1_75', input port 'phase_i' is connected directly to output port 'black_compute_o'. (LINT-29)
Warning: In design 'r_state_ctrl_1_75', input port 'phase_i' is connected directly to output port 'dst_black_o'. (LINT-29)
Warning: In design 'r_state_ctrl_1_75', input port 'run_en_i' is connected directly to output port 'alu_en_o'. (LINT-29)
Warning: In design 'r_state_ctrl_1_75', input port 'run_en_i' is connected directly to output port 'shift_en_o'. (LINT-29)
Warning: In design 'r_state_ctrl_1_75', input port 'commit_i' is connected directly to output port 'dsm_commit_o'. (LINT-29)
Warning: In design 'r_state_ctrl_1_75', input port 'read_en_i' is connected directly to output port 'scan_mode_o'. (LINT-29)
Warning: In design 'r_state_ctrl_1_76', input port 'phase_i' is connected directly to output port 'black_compute_o'. (LINT-29)
Warning: In design 'r_state_ctrl_1_76', input port 'phase_i' is connected directly to output port 'dst_black_o'. (LINT-29)
Warning: In design 'r_state_ctrl_1_76', input port 'run_en_i' is connected directly to output port 'alu_en_o'. (LINT-29)
Warning: In design 'r_state_ctrl_1_76', input port 'run_en_i' is connected directly to output port 'shift_en_o'. (LINT-29)
Warning: In design 'r_state_ctrl_1_76', input port 'commit_i' is connected directly to output port 'dsm_commit_o'. (LINT-29)
Warning: In design 'r_state_ctrl_1_76', input port 'read_en_i' is connected directly to output port 'scan_mode_o'. (LINT-29)
Warning: In design 'r_state_ctrl_1_77', input port 'phase_i' is connected directly to output port 'black_compute_o'. (LINT-29)
Warning: In design 'r_state_ctrl_1_77', input port 'phase_i' is connected directly to output port 'dst_black_o'. (LINT-29)
Warning: In design 'r_state_ctrl_1_77', input port 'run_en_i' is connected directly to output port 'alu_en_o'. (LINT-29)
Warning: In design 'r_state_ctrl_1_77', input port 'run_en_i' is connected directly to output port 'shift_en_o'. (LINT-29)
Warning: In design 'r_state_ctrl_1_77', input port 'commit_i' is connected directly to output port 'dsm_commit_o'. (LINT-29)
Warning: In design 'r_state_ctrl_1_77', input port 'read_en_i' is connected directly to output port 'scan_mode_o'. (LINT-29)
Warning: In design 'r_state_ctrl_1_78', input port 'phase_i' is connected directly to output port 'black_compute_o'. (LINT-29)
Warning: In design 'r_state_ctrl_1_78', input port 'phase_i' is connected directly to output port 'dst_black_o'. (LINT-29)
Warning: In design 'r_state_ctrl_1_78', input port 'run_en_i' is connected directly to output port 'alu_en_o'. (LINT-29)
Warning: In design 'r_state_ctrl_1_78', input port 'run_en_i' is connected directly to output port 'shift_en_o'. (LINT-29)
Warning: In design 'r_state_ctrl_1_78', input port 'commit_i' is connected directly to output port 'dsm_commit_o'. (LINT-29)
Warning: In design 'r_state_ctrl_1_78', input port 'read_en_i' is connected directly to output port 'scan_mode_o'. (LINT-29)
Warning: In design 'r_state_ctrl_1_79', input port 'phase_i' is connected directly to output port 'black_compute_o'. (LINT-29)
Warning: In design 'r_state_ctrl_1_79', input port 'phase_i' is connected directly to output port 'dst_black_o'. (LINT-29)
Warning: In design 'r_state_ctrl_1_79', input port 'run_en_i' is connected directly to output port 'alu_en_o'. (LINT-29)
Warning: In design 'r_state_ctrl_1_79', input port 'run_en_i' is connected directly to output port 'shift_en_o'. (LINT-29)
Warning: In design 'r_state_ctrl_1_79', input port 'commit_i' is connected directly to output port 'dsm_commit_o'. (LINT-29)
Warning: In design 'r_state_ctrl_1_79', input port 'read_en_i' is connected directly to output port 'scan_mode_o'. (LINT-29)
Warning: In design 'r_state_ctrl_1_80', input port 'phase_i' is connected directly to output port 'black_compute_o'. (LINT-29)
Warning: In design 'r_state_ctrl_1_80', input port 'phase_i' is connected directly to output port 'dst_black_o'. (LINT-29)
Warning: In design 'r_state_ctrl_1_80', input port 'run_en_i' is connected directly to output port 'alu_en_o'. (LINT-29)
Warning: In design 'r_state_ctrl_1_80', input port 'run_en_i' is connected directly to output port 'shift_en_o'. (LINT-29)
Warning: In design 'r_state_ctrl_1_80', input port 'commit_i' is connected directly to output port 'dsm_commit_o'. (LINT-29)
Warning: In design 'r_state_ctrl_1_80', input port 'read_en_i' is connected directly to output port 'scan_mode_o'. (LINT-29)
Warning: In design 'r_state_ctrl_1_81', input port 'phase_i' is connected directly to output port 'black_compute_o'. (LINT-29)
Warning: In design 'r_state_ctrl_1_81', input port 'phase_i' is connected directly to output port 'dst_black_o'. (LINT-29)
Warning: In design 'r_state_ctrl_1_81', input port 'run_en_i' is connected directly to output port 'alu_en_o'. (LINT-29)
Warning: In design 'r_state_ctrl_1_81', input port 'run_en_i' is connected directly to output port 'shift_en_o'. (LINT-29)
Warning: In design 'r_state_ctrl_1_81', input port 'commit_i' is connected directly to output port 'dsm_commit_o'. (LINT-29)
Warning: In design 'r_state_ctrl_1_81', input port 'read_en_i' is connected directly to output port 'scan_mode_o'. (LINT-29)
Warning: In design 'r_state_ctrl_1_82', input port 'phase_i' is connected directly to output port 'black_compute_o'. (LINT-29)
Warning: In design 'r_state_ctrl_1_82', input port 'phase_i' is connected directly to output port 'dst_black_o'. (LINT-29)
Warning: In design 'r_state_ctrl_1_82', input port 'run_en_i' is connected directly to output port 'alu_en_o'. (LINT-29)
Warning: In design 'r_state_ctrl_1_82', input port 'run_en_i' is connected directly to output port 'shift_en_o'. (LINT-29)
Warning: In design 'r_state_ctrl_1_82', input port 'commit_i' is connected directly to output port 'dsm_commit_o'. (LINT-29)
Warning: In design 'r_state_ctrl_1_82', input port 'read_en_i' is connected directly to output port 'scan_mode_o'. (LINT-29)
Warning: In design 'r_state_ctrl_1_83', input port 'phase_i' is connected directly to output port 'black_compute_o'. (LINT-29)
Warning: In design 'r_state_ctrl_1_83', input port 'phase_i' is connected directly to output port 'dst_black_o'. (LINT-29)
Warning: In design 'r_state_ctrl_1_83', input port 'run_en_i' is connected directly to output port 'alu_en_o'. (LINT-29)
Warning: In design 'r_state_ctrl_1_83', input port 'run_en_i' is connected directly to output port 'shift_en_o'. (LINT-29)
Warning: In design 'r_state_ctrl_1_83', input port 'commit_i' is connected directly to output port 'dsm_commit_o'. (LINT-29)
Warning: In design 'r_state_ctrl_1_83', input port 'read_en_i' is connected directly to output port 'scan_mode_o'. (LINT-29)
Warning: In design 'r_state_ctrl_1_84', input port 'phase_i' is connected directly to output port 'black_compute_o'. (LINT-29)
Warning: In design 'r_state_ctrl_1_84', input port 'phase_i' is connected directly to output port 'dst_black_o'. (LINT-29)
Warning: In design 'r_state_ctrl_1_84', input port 'run_en_i' is connected directly to output port 'alu_en_o'. (LINT-29)
Warning: In design 'r_state_ctrl_1_84', input port 'run_en_i' is connected directly to output port 'shift_en_o'. (LINT-29)
Warning: In design 'r_state_ctrl_1_84', input port 'commit_i' is connected directly to output port 'dsm_commit_o'. (LINT-29)
Warning: In design 'r_state_ctrl_1_84', input port 'read_en_i' is connected directly to output port 'scan_mode_o'. (LINT-29)
Warning: In design 'r_state_ctrl_1_85', input port 'phase_i' is connected directly to output port 'black_compute_o'. (LINT-29)
Warning: In design 'r_state_ctrl_1_85', input port 'phase_i' is connected directly to output port 'dst_black_o'. (LINT-29)
Warning: In design 'r_state_ctrl_1_85', input port 'run_en_i' is connected directly to output port 'alu_en_o'. (LINT-29)
Warning: In design 'r_state_ctrl_1_85', input port 'run_en_i' is connected directly to output port 'shift_en_o'. (LINT-29)
Warning: In design 'r_state_ctrl_1_85', input port 'commit_i' is connected directly to output port 'dsm_commit_o'. (LINT-29)
Warning: In design 'r_state_ctrl_1_85', input port 'read_en_i' is connected directly to output port 'scan_mode_o'. (LINT-29)
Warning: In design 'r_state_ctrl_1_86', input port 'phase_i' is connected directly to output port 'black_compute_o'. (LINT-29)
Warning: In design 'r_state_ctrl_1_86', input port 'phase_i' is connected directly to output port 'dst_black_o'. (LINT-29)
Warning: In design 'r_state_ctrl_1_86', input port 'run_en_i' is connected directly to output port 'alu_en_o'. (LINT-29)
Warning: In design 'r_state_ctrl_1_86', input port 'run_en_i' is connected directly to output port 'shift_en_o'. (LINT-29)
Warning: In design 'r_state_ctrl_1_86', input port 'commit_i' is connected directly to output port 'dsm_commit_o'. (LINT-29)
Warning: In design 'r_state_ctrl_1_86', input port 'read_en_i' is connected directly to output port 'scan_mode_o'. (LINT-29)
Warning: In design 'r_state_ctrl_1_87', input port 'phase_i' is connected directly to output port 'black_compute_o'. (LINT-29)
Warning: In design 'r_state_ctrl_1_87', input port 'phase_i' is connected directly to output port 'dst_black_o'. (LINT-29)
Warning: In design 'r_state_ctrl_1_87', input port 'run_en_i' is connected directly to output port 'alu_en_o'. (LINT-29)
Warning: In design 'r_state_ctrl_1_87', input port 'run_en_i' is connected directly to output port 'shift_en_o'. (LINT-29)
Warning: In design 'r_state_ctrl_1_87', input port 'commit_i' is connected directly to output port 'dsm_commit_o'. (LINT-29)
Warning: In design 'r_state_ctrl_1_87', input port 'read_en_i' is connected directly to output port 'scan_mode_o'. (LINT-29)
Warning: In design 'r_state_ctrl_1_88', input port 'phase_i' is connected directly to output port 'black_compute_o'. (LINT-29)
Warning: In design 'r_state_ctrl_1_88', input port 'phase_i' is connected directly to output port 'dst_black_o'. (LINT-29)
Warning: In design 'r_state_ctrl_1_88', input port 'run_en_i' is connected directly to output port 'alu_en_o'. (LINT-29)
Warning: In design 'r_state_ctrl_1_88', input port 'run_en_i' is connected directly to output port 'shift_en_o'. (LINT-29)
Warning: In design 'r_state_ctrl_1_88', input port 'commit_i' is connected directly to output port 'dsm_commit_o'. (LINT-29)
Warning: In design 'r_state_ctrl_1_88', input port 'read_en_i' is connected directly to output port 'scan_mode_o'. (LINT-29)
Warning: In design 'r_state_ctrl_1_89', input port 'phase_i' is connected directly to output port 'black_compute_o'. (LINT-29)
Warning: In design 'r_state_ctrl_1_89', input port 'phase_i' is connected directly to output port 'dst_black_o'. (LINT-29)
Warning: In design 'r_state_ctrl_1_89', input port 'run_en_i' is connected directly to output port 'alu_en_o'. (LINT-29)
Warning: In design 'r_state_ctrl_1_89', input port 'run_en_i' is connected directly to output port 'shift_en_o'. (LINT-29)
Warning: In design 'r_state_ctrl_1_89', input port 'commit_i' is connected directly to output port 'dsm_commit_o'. (LINT-29)
Warning: In design 'r_state_ctrl_1_89', input port 'read_en_i' is connected directly to output port 'scan_mode_o'. (LINT-29)
Warning: In design 'r_state_ctrl_1_90', input port 'phase_i' is connected directly to output port 'black_compute_o'. (LINT-29)
Warning: In design 'r_state_ctrl_1_90', input port 'phase_i' is connected directly to output port 'dst_black_o'. (LINT-29)
Warning: In design 'r_state_ctrl_1_90', input port 'run_en_i' is connected directly to output port 'alu_en_o'. (LINT-29)
Warning: In design 'r_state_ctrl_1_90', input port 'run_en_i' is connected directly to output port 'shift_en_o'. (LINT-29)
Warning: In design 'r_state_ctrl_1_90', input port 'commit_i' is connected directly to output port 'dsm_commit_o'. (LINT-29)
Warning: In design 'r_state_ctrl_1_90', input port 'read_en_i' is connected directly to output port 'scan_mode_o'. (LINT-29)
Warning: In design 'r_state_ctrl_1_91', input port 'phase_i' is connected directly to output port 'black_compute_o'. (LINT-29)
Warning: In design 'r_state_ctrl_1_91', input port 'phase_i' is connected directly to output port 'dst_black_o'. (LINT-29)
Warning: In design 'r_state_ctrl_1_91', input port 'run_en_i' is connected directly to output port 'alu_en_o'. (LINT-29)
Warning: In design 'r_state_ctrl_1_91', input port 'run_en_i' is connected directly to output port 'shift_en_o'. (LINT-29)
Warning: In design 'r_state_ctrl_1_91', input port 'commit_i' is connected directly to output port 'dsm_commit_o'. (LINT-29)
Warning: In design 'r_state_ctrl_1_91', input port 'read_en_i' is connected directly to output port 'scan_mode_o'. (LINT-29)
Warning: In design 'r_state_ctrl_1_92', input port 'phase_i' is connected directly to output port 'black_compute_o'. (LINT-29)
Warning: In design 'r_state_ctrl_1_92', input port 'phase_i' is connected directly to output port 'dst_black_o'. (LINT-29)
Warning: In design 'r_state_ctrl_1_92', input port 'run_en_i' is connected directly to output port 'alu_en_o'. (LINT-29)
Warning: In design 'r_state_ctrl_1_92', input port 'run_en_i' is connected directly to output port 'shift_en_o'. (LINT-29)
Warning: In design 'r_state_ctrl_1_92', input port 'commit_i' is connected directly to output port 'dsm_commit_o'. (LINT-29)
Warning: In design 'r_state_ctrl_1_92', input port 'read_en_i' is connected directly to output port 'scan_mode_o'. (LINT-29)
Warning: In design 'r_state_ctrl_1_93', input port 'phase_i' is connected directly to output port 'black_compute_o'. (LINT-29)
Warning: In design 'r_state_ctrl_1_93', input port 'phase_i' is connected directly to output port 'dst_black_o'. (LINT-29)
Warning: In design 'r_state_ctrl_1_93', input port 'run_en_i' is connected directly to output port 'alu_en_o'. (LINT-29)
Warning: In design 'r_state_ctrl_1_93', input port 'run_en_i' is connected directly to output port 'shift_en_o'. (LINT-29)
Warning: In design 'r_state_ctrl_1_93', input port 'commit_i' is connected directly to output port 'dsm_commit_o'. (LINT-29)
Warning: In design 'r_state_ctrl_1_93', input port 'read_en_i' is connected directly to output port 'scan_mode_o'. (LINT-29)
Warning: In design 'r_state_ctrl_1_94', input port 'phase_i' is connected directly to output port 'black_compute_o'. (LINT-29)
Warning: In design 'r_state_ctrl_1_94', input port 'phase_i' is connected directly to output port 'dst_black_o'. (LINT-29)
Warning: In design 'r_state_ctrl_1_94', input port 'run_en_i' is connected directly to output port 'alu_en_o'. (LINT-29)
Warning: In design 'r_state_ctrl_1_94', input port 'run_en_i' is connected directly to output port 'shift_en_o'. (LINT-29)
Warning: In design 'r_state_ctrl_1_94', input port 'commit_i' is connected directly to output port 'dsm_commit_o'. (LINT-29)
Warning: In design 'r_state_ctrl_1_94', input port 'read_en_i' is connected directly to output port 'scan_mode_o'. (LINT-29)
Warning: In design 'r_state_ctrl_1_95', input port 'phase_i' is connected directly to output port 'black_compute_o'. (LINT-29)
Warning: In design 'r_state_ctrl_1_95', input port 'phase_i' is connected directly to output port 'dst_black_o'. (LINT-29)
Warning: In design 'r_state_ctrl_1_95', input port 'run_en_i' is connected directly to output port 'alu_en_o'. (LINT-29)
Warning: In design 'r_state_ctrl_1_95', input port 'run_en_i' is connected directly to output port 'shift_en_o'. (LINT-29)
Warning: In design 'r_state_ctrl_1_95', input port 'commit_i' is connected directly to output port 'dsm_commit_o'. (LINT-29)
Warning: In design 'r_state_ctrl_1_95', input port 'read_en_i' is connected directly to output port 'scan_mode_o'. (LINT-29)
Warning: In design 'r_state_ctrl_1_96', input port 'phase_i' is connected directly to output port 'black_compute_o'. (LINT-29)
Warning: In design 'r_state_ctrl_1_96', input port 'phase_i' is connected directly to output port 'dst_black_o'. (LINT-29)
Warning: In design 'r_state_ctrl_1_96', input port 'run_en_i' is connected directly to output port 'alu_en_o'. (LINT-29)
Warning: In design 'r_state_ctrl_1_96', input port 'run_en_i' is connected directly to output port 'shift_en_o'. (LINT-29)
Warning: In design 'r_state_ctrl_1_96', input port 'commit_i' is connected directly to output port 'dsm_commit_o'. (LINT-29)
Warning: In design 'r_state_ctrl_1_96', input port 'read_en_i' is connected directly to output port 'scan_mode_o'. (LINT-29)
Warning: In design 'r_state_ctrl_1_97', input port 'phase_i' is connected directly to output port 'black_compute_o'. (LINT-29)
Warning: In design 'r_state_ctrl_1_97', input port 'phase_i' is connected directly to output port 'dst_black_o'. (LINT-29)
Warning: In design 'r_state_ctrl_1_97', input port 'run_en_i' is connected directly to output port 'alu_en_o'. (LINT-29)
Warning: In design 'r_state_ctrl_1_97', input port 'run_en_i' is connected directly to output port 'shift_en_o'. (LINT-29)
Warning: In design 'r_state_ctrl_1_97', input port 'commit_i' is connected directly to output port 'dsm_commit_o'. (LINT-29)
Warning: In design 'r_state_ctrl_1_97', input port 'read_en_i' is connected directly to output port 'scan_mode_o'. (LINT-29)
Warning: In design 'r_state_ctrl_1_98', input port 'phase_i' is connected directly to output port 'black_compute_o'. (LINT-29)
Warning: In design 'r_state_ctrl_1_98', input port 'phase_i' is connected directly to output port 'dst_black_o'. (LINT-29)
Warning: In design 'r_state_ctrl_1_98', input port 'run_en_i' is connected directly to output port 'alu_en_o'. (LINT-29)
Warning: In design 'r_state_ctrl_1_98', input port 'run_en_i' is connected directly to output port 'shift_en_o'. (LINT-29)
Warning: In design 'r_state_ctrl_1_98', input port 'commit_i' is connected directly to output port 'dsm_commit_o'. (LINT-29)
Warning: In design 'r_state_ctrl_1_98', input port 'read_en_i' is connected directly to output port 'scan_mode_o'. (LINT-29)
Warning: In design 'r_state_ctrl_0_99', output port 'shift_en_o' is connected directly to output port 'alu_en_o'. (LINT-31)
Warning: In design 'r_state_ctrl_0_99', output port 'black_compute_o' is connected directly to output port 'remote_east_o'. (LINT-31)
Warning: In design 'r_state_ctrl_0_99', output port 'black_compute_o' is connected directly to output port 'dst_black_o'. (LINT-31)
Warning: In design 'sol_acc_1_99', output port 'scan_out' is connected directly to output port 'u_black_o[0]'. (LINT-31)
Warning: In design 'r_state_ctrl_1_99', output port 'shift_en_o' is connected directly to output port 'alu_en_o'. (LINT-31)
Warning: In design 'r_state_ctrl_1_99', output port 'black_compute_o' is connected directly to output port 'dst_black_o'. (LINT-31)
Warning: In design 'sol_acc_0_99', output port 'scan_out' is connected directly to output port 'u_red_o[0]'. (LINT-31)
Warning: In design 'r_state_ctrl_0_0', output port 'shift_en_o' is connected directly to output port 'alu_en_o'. (LINT-31)
Warning: In design 'r_state_ctrl_0_0', output port 'black_compute_o' is connected directly to output port 'remote_east_o'. (LINT-31)
Warning: In design 'r_state_ctrl_0_0', output port 'black_compute_o' is connected directly to output port 'dst_black_o'. (LINT-31)
Warning: In design 'r_state_ctrl_0_1', output port 'shift_en_o' is connected directly to output port 'alu_en_o'. (LINT-31)
Warning: In design 'r_state_ctrl_0_1', output port 'black_compute_o' is connected directly to output port 'remote_east_o'. (LINT-31)
Warning: In design 'r_state_ctrl_0_1', output port 'black_compute_o' is connected directly to output port 'dst_black_o'. (LINT-31)
Warning: In design 'r_state_ctrl_0_2', output port 'shift_en_o' is connected directly to output port 'alu_en_o'. (LINT-31)
Warning: In design 'r_state_ctrl_0_2', output port 'black_compute_o' is connected directly to output port 'remote_east_o'. (LINT-31)
Warning: In design 'r_state_ctrl_0_2', output port 'black_compute_o' is connected directly to output port 'dst_black_o'. (LINT-31)
Warning: In design 'r_state_ctrl_0_3', output port 'shift_en_o' is connected directly to output port 'alu_en_o'. (LINT-31)
Warning: In design 'r_state_ctrl_0_3', output port 'black_compute_o' is connected directly to output port 'remote_east_o'. (LINT-31)
Warning: In design 'r_state_ctrl_0_3', output port 'black_compute_o' is connected directly to output port 'dst_black_o'. (LINT-31)
Warning: In design 'r_state_ctrl_0_4', output port 'shift_en_o' is connected directly to output port 'alu_en_o'. (LINT-31)
Warning: In design 'r_state_ctrl_0_4', output port 'black_compute_o' is connected directly to output port 'remote_east_o'. (LINT-31)
Warning: In design 'r_state_ctrl_0_4', output port 'black_compute_o' is connected directly to output port 'dst_black_o'. (LINT-31)
Warning: In design 'r_state_ctrl_0_5', output port 'shift_en_o' is connected directly to output port 'alu_en_o'. (LINT-31)
Warning: In design 'r_state_ctrl_0_5', output port 'black_compute_o' is connected directly to output port 'remote_east_o'. (LINT-31)
Warning: In design 'r_state_ctrl_0_5', output port 'black_compute_o' is connected directly to output port 'dst_black_o'. (LINT-31)
Warning: In design 'r_state_ctrl_0_6', output port 'shift_en_o' is connected directly to output port 'alu_en_o'. (LINT-31)
Warning: In design 'r_state_ctrl_0_6', output port 'black_compute_o' is connected directly to output port 'remote_east_o'. (LINT-31)
Warning: In design 'r_state_ctrl_0_6', output port 'black_compute_o' is connected directly to output port 'dst_black_o'. (LINT-31)
Warning: In design 'r_state_ctrl_0_7', output port 'shift_en_o' is connected directly to output port 'alu_en_o'. (LINT-31)
Warning: In design 'r_state_ctrl_0_7', output port 'black_compute_o' is connected directly to output port 'remote_east_o'. (LINT-31)
Warning: In design 'r_state_ctrl_0_7', output port 'black_compute_o' is connected directly to output port 'dst_black_o'. (LINT-31)
Warning: In design 'r_state_ctrl_0_8', output port 'shift_en_o' is connected directly to output port 'alu_en_o'. (LINT-31)
Warning: In design 'r_state_ctrl_0_8', output port 'black_compute_o' is connected directly to output port 'remote_east_o'. (LINT-31)
Warning: In design 'r_state_ctrl_0_8', output port 'black_compute_o' is connected directly to output port 'dst_black_o'. (LINT-31)
Warning: In design 'r_state_ctrl_0_9', output port 'shift_en_o' is connected directly to output port 'alu_en_o'. (LINT-31)
Warning: In design 'r_state_ctrl_0_9', output port 'black_compute_o' is connected directly to output port 'remote_east_o'. (LINT-31)
Warning: In design 'r_state_ctrl_0_9', output port 'black_compute_o' is connected directly to output port 'dst_black_o'. (LINT-31)
Warning: In design 'r_state_ctrl_0_10', output port 'shift_en_o' is connected directly to output port 'alu_en_o'. (LINT-31)
Warning: In design 'r_state_ctrl_0_10', output port 'black_compute_o' is connected directly to output port 'remote_east_o'. (LINT-31)
Warning: In design 'r_state_ctrl_0_10', output port 'black_compute_o' is connected directly to output port 'dst_black_o'. (LINT-31)
Warning: In design 'r_state_ctrl_0_11', output port 'shift_en_o' is connected directly to output port 'alu_en_o'. (LINT-31)
Warning: In design 'r_state_ctrl_0_11', output port 'black_compute_o' is connected directly to output port 'remote_east_o'. (LINT-31)
Warning: In design 'r_state_ctrl_0_11', output port 'black_compute_o' is connected directly to output port 'dst_black_o'. (LINT-31)
Warning: In design 'r_state_ctrl_0_12', output port 'shift_en_o' is connected directly to output port 'alu_en_o'. (LINT-31)
Warning: In design 'r_state_ctrl_0_12', output port 'black_compute_o' is connected directly to output port 'remote_east_o'. (LINT-31)
Warning: In design 'r_state_ctrl_0_12', output port 'black_compute_o' is connected directly to output port 'dst_black_o'. (LINT-31)
Warning: In design 'r_state_ctrl_0_13', output port 'shift_en_o' is connected directly to output port 'alu_en_o'. (LINT-31)
Warning: In design 'r_state_ctrl_0_13', output port 'black_compute_o' is connected directly to output port 'remote_east_o'. (LINT-31)
Warning: In design 'r_state_ctrl_0_13', output port 'black_compute_o' is connected directly to output port 'dst_black_o'. (LINT-31)
Warning: In design 'r_state_ctrl_0_14', output port 'shift_en_o' is connected directly to output port 'alu_en_o'. (LINT-31)
Warning: In design 'r_state_ctrl_0_14', output port 'black_compute_o' is connected directly to output port 'remote_east_o'. (LINT-31)
Warning: In design 'r_state_ctrl_0_14', output port 'black_compute_o' is connected directly to output port 'dst_black_o'. (LINT-31)
Warning: In design 'r_state_ctrl_0_15', output port 'shift_en_o' is connected directly to output port 'alu_en_o'. (LINT-31)
Warning: In design 'r_state_ctrl_0_15', output port 'black_compute_o' is connected directly to output port 'remote_east_o'. (LINT-31)
Warning: In design 'r_state_ctrl_0_15', output port 'black_compute_o' is connected directly to output port 'dst_black_o'. (LINT-31)
Warning: In design 'r_state_ctrl_0_16', output port 'shift_en_o' is connected directly to output port 'alu_en_o'. (LINT-31)
Warning: In design 'r_state_ctrl_0_16', output port 'black_compute_o' is connected directly to output port 'remote_east_o'. (LINT-31)
Warning: In design 'r_state_ctrl_0_16', output port 'black_compute_o' is connected directly to output port 'dst_black_o'. (LINT-31)
Warning: In design 'r_state_ctrl_0_17', output port 'shift_en_o' is connected directly to output port 'alu_en_o'. (LINT-31)
Warning: In design 'r_state_ctrl_0_17', output port 'black_compute_o' is connected directly to output port 'remote_east_o'. (LINT-31)
Warning: In design 'r_state_ctrl_0_17', output port 'black_compute_o' is connected directly to output port 'dst_black_o'. (LINT-31)
Warning: In design 'r_state_ctrl_0_18', output port 'shift_en_o' is connected directly to output port 'alu_en_o'. (LINT-31)
Warning: In design 'r_state_ctrl_0_18', output port 'black_compute_o' is connected directly to output port 'remote_east_o'. (LINT-31)
Warning: In design 'r_state_ctrl_0_18', output port 'black_compute_o' is connected directly to output port 'dst_black_o'. (LINT-31)
Warning: In design 'r_state_ctrl_0_19', output port 'shift_en_o' is connected directly to output port 'alu_en_o'. (LINT-31)
Warning: In design 'r_state_ctrl_0_19', output port 'black_compute_o' is connected directly to output port 'remote_east_o'. (LINT-31)
Warning: In design 'r_state_ctrl_0_19', output port 'black_compute_o' is connected directly to output port 'dst_black_o'. (LINT-31)
Warning: In design 'r_state_ctrl_0_20', output port 'shift_en_o' is connected directly to output port 'alu_en_o'. (LINT-31)
Warning: In design 'r_state_ctrl_0_20', output port 'black_compute_o' is connected directly to output port 'remote_east_o'. (LINT-31)
Warning: In design 'r_state_ctrl_0_20', output port 'black_compute_o' is connected directly to output port 'dst_black_o'. (LINT-31)
Warning: In design 'r_state_ctrl_0_21', output port 'shift_en_o' is connected directly to output port 'alu_en_o'. (LINT-31)
Warning: In design 'r_state_ctrl_0_21', output port 'black_compute_o' is connected directly to output port 'remote_east_o'. (LINT-31)
Warning: In design 'r_state_ctrl_0_21', output port 'black_compute_o' is connected directly to output port 'dst_black_o'. (LINT-31)
Warning: In design 'r_state_ctrl_0_22', output port 'shift_en_o' is connected directly to output port 'alu_en_o'. (LINT-31)
Warning: In design 'r_state_ctrl_0_22', output port 'black_compute_o' is connected directly to output port 'remote_east_o'. (LINT-31)
Warning: In design 'r_state_ctrl_0_22', output port 'black_compute_o' is connected directly to output port 'dst_black_o'. (LINT-31)
Warning: In design 'r_state_ctrl_0_23', output port 'shift_en_o' is connected directly to output port 'alu_en_o'. (LINT-31)
Warning: In design 'r_state_ctrl_0_23', output port 'black_compute_o' is connected directly to output port 'remote_east_o'. (LINT-31)
Warning: In design 'r_state_ctrl_0_23', output port 'black_compute_o' is connected directly to output port 'dst_black_o'. (LINT-31)
Warning: In design 'r_state_ctrl_0_24', output port 'shift_en_o' is connected directly to output port 'alu_en_o'. (LINT-31)
Warning: In design 'r_state_ctrl_0_24', output port 'black_compute_o' is connected directly to output port 'remote_east_o'. (LINT-31)
Warning: In design 'r_state_ctrl_0_24', output port 'black_compute_o' is connected directly to output port 'dst_black_o'. (LINT-31)
Warning: In design 'r_state_ctrl_0_25', output port 'shift_en_o' is connected directly to output port 'alu_en_o'. (LINT-31)
Warning: In design 'r_state_ctrl_0_25', output port 'black_compute_o' is connected directly to output port 'remote_east_o'. (LINT-31)
Warning: In design 'r_state_ctrl_0_25', output port 'black_compute_o' is connected directly to output port 'dst_black_o'. (LINT-31)
Warning: In design 'r_state_ctrl_0_26', output port 'shift_en_o' is connected directly to output port 'alu_en_o'. (LINT-31)
Warning: In design 'r_state_ctrl_0_26', output port 'black_compute_o' is connected directly to output port 'remote_east_o'. (LINT-31)
Warning: In design 'r_state_ctrl_0_26', output port 'black_compute_o' is connected directly to output port 'dst_black_o'. (LINT-31)
Warning: In design 'r_state_ctrl_0_27', output port 'shift_en_o' is connected directly to output port 'alu_en_o'. (LINT-31)
Warning: In design 'r_state_ctrl_0_27', output port 'black_compute_o' is connected directly to output port 'remote_east_o'. (LINT-31)
Warning: In design 'r_state_ctrl_0_27', output port 'black_compute_o' is connected directly to output port 'dst_black_o'. (LINT-31)
Warning: In design 'r_state_ctrl_0_28', output port 'shift_en_o' is connected directly to output port 'alu_en_o'. (LINT-31)
Warning: In design 'r_state_ctrl_0_28', output port 'black_compute_o' is connected directly to output port 'remote_east_o'. (LINT-31)
Warning: In design 'r_state_ctrl_0_28', output port 'black_compute_o' is connected directly to output port 'dst_black_o'. (LINT-31)
Warning: In design 'r_state_ctrl_0_29', output port 'shift_en_o' is connected directly to output port 'alu_en_o'. (LINT-31)
Warning: In design 'r_state_ctrl_0_29', output port 'black_compute_o' is connected directly to output port 'remote_east_o'. (LINT-31)
Warning: In design 'r_state_ctrl_0_29', output port 'black_compute_o' is connected directly to output port 'dst_black_o'. (LINT-31)
Warning: In design 'r_state_ctrl_0_30', output port 'shift_en_o' is connected directly to output port 'alu_en_o'. (LINT-31)
Warning: In design 'r_state_ctrl_0_30', output port 'black_compute_o' is connected directly to output port 'remote_east_o'. (LINT-31)
Warning: In design 'r_state_ctrl_0_30', output port 'black_compute_o' is connected directly to output port 'dst_black_o'. (LINT-31)
Warning: In design 'r_state_ctrl_0_31', output port 'shift_en_o' is connected directly to output port 'alu_en_o'. (LINT-31)
Warning: In design 'r_state_ctrl_0_31', output port 'black_compute_o' is connected directly to output port 'remote_east_o'. (LINT-31)
Warning: In design 'r_state_ctrl_0_31', output port 'black_compute_o' is connected directly to output port 'dst_black_o'. (LINT-31)
Warning: In design 'r_state_ctrl_0_32', output port 'shift_en_o' is connected directly to output port 'alu_en_o'. (LINT-31)
Warning: In design 'r_state_ctrl_0_32', output port 'black_compute_o' is connected directly to output port 'remote_east_o'. (LINT-31)
Warning: In design 'r_state_ctrl_0_32', output port 'black_compute_o' is connected directly to output port 'dst_black_o'. (LINT-31)
Warning: In design 'r_state_ctrl_0_33', output port 'shift_en_o' is connected directly to output port 'alu_en_o'. (LINT-31)
Warning: In design 'r_state_ctrl_0_33', output port 'black_compute_o' is connected directly to output port 'remote_east_o'. (LINT-31)
Warning: In design 'r_state_ctrl_0_33', output port 'black_compute_o' is connected directly to output port 'dst_black_o'. (LINT-31)
Warning: In design 'r_state_ctrl_0_34', output port 'shift_en_o' is connected directly to output port 'alu_en_o'. (LINT-31)
Warning: In design 'r_state_ctrl_0_34', output port 'black_compute_o' is connected directly to output port 'remote_east_o'. (LINT-31)
Warning: In design 'r_state_ctrl_0_34', output port 'black_compute_o' is connected directly to output port 'dst_black_o'. (LINT-31)
Warning: In design 'r_state_ctrl_0_35', output port 'shift_en_o' is connected directly to output port 'alu_en_o'. (LINT-31)
Warning: In design 'r_state_ctrl_0_35', output port 'black_compute_o' is connected directly to output port 'remote_east_o'. (LINT-31)
Warning: In design 'r_state_ctrl_0_35', output port 'black_compute_o' is connected directly to output port 'dst_black_o'. (LINT-31)
Warning: In design 'r_state_ctrl_0_36', output port 'shift_en_o' is connected directly to output port 'alu_en_o'. (LINT-31)
Warning: In design 'r_state_ctrl_0_36', output port 'black_compute_o' is connected directly to output port 'remote_east_o'. (LINT-31)
Warning: In design 'r_state_ctrl_0_36', output port 'black_compute_o' is connected directly to output port 'dst_black_o'. (LINT-31)
Warning: In design 'r_state_ctrl_0_37', output port 'shift_en_o' is connected directly to output port 'alu_en_o'. (LINT-31)
Warning: In design 'r_state_ctrl_0_37', output port 'black_compute_o' is connected directly to output port 'remote_east_o'. (LINT-31)
Warning: In design 'r_state_ctrl_0_37', output port 'black_compute_o' is connected directly to output port 'dst_black_o'. (LINT-31)
Warning: In design 'r_state_ctrl_0_38', output port 'shift_en_o' is connected directly to output port 'alu_en_o'. (LINT-31)
Warning: In design 'r_state_ctrl_0_38', output port 'black_compute_o' is connected directly to output port 'remote_east_o'. (LINT-31)
Warning: In design 'r_state_ctrl_0_38', output port 'black_compute_o' is connected directly to output port 'dst_black_o'. (LINT-31)
Warning: In design 'r_state_ctrl_0_39', output port 'shift_en_o' is connected directly to output port 'alu_en_o'. (LINT-31)
Warning: In design 'r_state_ctrl_0_39', output port 'black_compute_o' is connected directly to output port 'remote_east_o'. (LINT-31)
Warning: In design 'r_state_ctrl_0_39', output port 'black_compute_o' is connected directly to output port 'dst_black_o'. (LINT-31)
Warning: In design 'r_state_ctrl_0_40', output port 'shift_en_o' is connected directly to output port 'alu_en_o'. (LINT-31)
Warning: In design 'r_state_ctrl_0_40', output port 'black_compute_o' is connected directly to output port 'remote_east_o'. (LINT-31)
Warning: In design 'r_state_ctrl_0_40', output port 'black_compute_o' is connected directly to output port 'dst_black_o'. (LINT-31)
Warning: In design 'r_state_ctrl_0_41', output port 'shift_en_o' is connected directly to output port 'alu_en_o'. (LINT-31)
Warning: In design 'r_state_ctrl_0_41', output port 'black_compute_o' is connected directly to output port 'remote_east_o'. (LINT-31)
Warning: In design 'r_state_ctrl_0_41', output port 'black_compute_o' is connected directly to output port 'dst_black_o'. (LINT-31)
Warning: In design 'r_state_ctrl_0_42', output port 'shift_en_o' is connected directly to output port 'alu_en_o'. (LINT-31)
Warning: In design 'r_state_ctrl_0_42', output port 'black_compute_o' is connected directly to output port 'remote_east_o'. (LINT-31)
Warning: In design 'r_state_ctrl_0_42', output port 'black_compute_o' is connected directly to output port 'dst_black_o'. (LINT-31)
Warning: In design 'r_state_ctrl_0_43', output port 'shift_en_o' is connected directly to output port 'alu_en_o'. (LINT-31)
Warning: In design 'r_state_ctrl_0_43', output port 'black_compute_o' is connected directly to output port 'remote_east_o'. (LINT-31)
Warning: In design 'r_state_ctrl_0_43', output port 'black_compute_o' is connected directly to output port 'dst_black_o'. (LINT-31)
Warning: In design 'r_state_ctrl_0_44', output port 'shift_en_o' is connected directly to output port 'alu_en_o'. (LINT-31)
Warning: In design 'r_state_ctrl_0_44', output port 'black_compute_o' is connected directly to output port 'remote_east_o'. (LINT-31)
Warning: In design 'r_state_ctrl_0_44', output port 'black_compute_o' is connected directly to output port 'dst_black_o'. (LINT-31)
Warning: In design 'r_state_ctrl_0_45', output port 'shift_en_o' is connected directly to output port 'alu_en_o'. (LINT-31)
Warning: In design 'r_state_ctrl_0_45', output port 'black_compute_o' is connected directly to output port 'remote_east_o'. (LINT-31)
Warning: In design 'r_state_ctrl_0_45', output port 'black_compute_o' is connected directly to output port 'dst_black_o'. (LINT-31)
Warning: In design 'r_state_ctrl_0_46', output port 'shift_en_o' is connected directly to output port 'alu_en_o'. (LINT-31)
Warning: In design 'r_state_ctrl_0_46', output port 'black_compute_o' is connected directly to output port 'remote_east_o'. (LINT-31)
Warning: In design 'r_state_ctrl_0_46', output port 'black_compute_o' is connected directly to output port 'dst_black_o'. (LINT-31)
Warning: In design 'r_state_ctrl_0_47', output port 'shift_en_o' is connected directly to output port 'alu_en_o'. (LINT-31)
Warning: In design 'r_state_ctrl_0_47', output port 'black_compute_o' is connected directly to output port 'remote_east_o'. (LINT-31)
Warning: In design 'r_state_ctrl_0_47', output port 'black_compute_o' is connected directly to output port 'dst_black_o'. (LINT-31)
Warning: In design 'r_state_ctrl_0_48', output port 'shift_en_o' is connected directly to output port 'alu_en_o'. (LINT-31)
Warning: In design 'r_state_ctrl_0_48', output port 'black_compute_o' is connected directly to output port 'remote_east_o'. (LINT-31)
Warning: In design 'r_state_ctrl_0_48', output port 'black_compute_o' is connected directly to output port 'dst_black_o'. (LINT-31)
Warning: In design 'r_state_ctrl_0_49', output port 'shift_en_o' is connected directly to output port 'alu_en_o'. (LINT-31)
Warning: In design 'r_state_ctrl_0_49', output port 'black_compute_o' is connected directly to output port 'remote_east_o'. (LINT-31)
Warning: In design 'r_state_ctrl_0_49', output port 'black_compute_o' is connected directly to output port 'dst_black_o'. (LINT-31)
Warning: In design 'r_state_ctrl_0_50', output port 'shift_en_o' is connected directly to output port 'alu_en_o'. (LINT-31)
Warning: In design 'r_state_ctrl_0_50', output port 'black_compute_o' is connected directly to output port 'remote_east_o'. (LINT-31)
Warning: In design 'r_state_ctrl_0_50', output port 'black_compute_o' is connected directly to output port 'dst_black_o'. (LINT-31)
Warning: In design 'r_state_ctrl_0_51', output port 'shift_en_o' is connected directly to output port 'alu_en_o'. (LINT-31)
Warning: In design 'r_state_ctrl_0_51', output port 'black_compute_o' is connected directly to output port 'remote_east_o'. (LINT-31)
Warning: In design 'r_state_ctrl_0_51', output port 'black_compute_o' is connected directly to output port 'dst_black_o'. (LINT-31)
Warning: In design 'r_state_ctrl_0_52', output port 'shift_en_o' is connected directly to output port 'alu_en_o'. (LINT-31)
Warning: In design 'r_state_ctrl_0_52', output port 'black_compute_o' is connected directly to output port 'remote_east_o'. (LINT-31)
Warning: In design 'r_state_ctrl_0_52', output port 'black_compute_o' is connected directly to output port 'dst_black_o'. (LINT-31)
Warning: In design 'r_state_ctrl_0_53', output port 'shift_en_o' is connected directly to output port 'alu_en_o'. (LINT-31)
Warning: In design 'r_state_ctrl_0_53', output port 'black_compute_o' is connected directly to output port 'remote_east_o'. (LINT-31)
Warning: In design 'r_state_ctrl_0_53', output port 'black_compute_o' is connected directly to output port 'dst_black_o'. (LINT-31)
Warning: In design 'r_state_ctrl_0_54', output port 'shift_en_o' is connected directly to output port 'alu_en_o'. (LINT-31)
Warning: In design 'r_state_ctrl_0_54', output port 'black_compute_o' is connected directly to output port 'remote_east_o'. (LINT-31)
Warning: In design 'r_state_ctrl_0_54', output port 'black_compute_o' is connected directly to output port 'dst_black_o'. (LINT-31)
Warning: In design 'r_state_ctrl_0_55', output port 'shift_en_o' is connected directly to output port 'alu_en_o'. (LINT-31)
Warning: In design 'r_state_ctrl_0_55', output port 'black_compute_o' is connected directly to output port 'remote_east_o'. (LINT-31)
Warning: In design 'r_state_ctrl_0_55', output port 'black_compute_o' is connected directly to output port 'dst_black_o'. (LINT-31)
Warning: In design 'r_state_ctrl_0_56', output port 'shift_en_o' is connected directly to output port 'alu_en_o'. (LINT-31)
Warning: In design 'r_state_ctrl_0_56', output port 'black_compute_o' is connected directly to output port 'remote_east_o'. (LINT-31)
Warning: In design 'r_state_ctrl_0_56', output port 'black_compute_o' is connected directly to output port 'dst_black_o'. (LINT-31)
Warning: In design 'r_state_ctrl_0_57', output port 'shift_en_o' is connected directly to output port 'alu_en_o'. (LINT-31)
Warning: In design 'r_state_ctrl_0_57', output port 'black_compute_o' is connected directly to output port 'remote_east_o'. (LINT-31)
Warning: In design 'r_state_ctrl_0_57', output port 'black_compute_o' is connected directly to output port 'dst_black_o'. (LINT-31)
Warning: In design 'r_state_ctrl_0_58', output port 'shift_en_o' is connected directly to output port 'alu_en_o'. (LINT-31)
Warning: In design 'r_state_ctrl_0_58', output port 'black_compute_o' is connected directly to output port 'remote_east_o'. (LINT-31)
Warning: In design 'r_state_ctrl_0_58', output port 'black_compute_o' is connected directly to output port 'dst_black_o'. (LINT-31)
Warning: In design 'r_state_ctrl_0_59', output port 'shift_en_o' is connected directly to output port 'alu_en_o'. (LINT-31)
Warning: In design 'r_state_ctrl_0_59', output port 'black_compute_o' is connected directly to output port 'remote_east_o'. (LINT-31)
Warning: In design 'r_state_ctrl_0_59', output port 'black_compute_o' is connected directly to output port 'dst_black_o'. (LINT-31)
Warning: In design 'r_state_ctrl_0_60', output port 'shift_en_o' is connected directly to output port 'alu_en_o'. (LINT-31)
Warning: In design 'r_state_ctrl_0_60', output port 'black_compute_o' is connected directly to output port 'remote_east_o'. (LINT-31)
Warning: In design 'r_state_ctrl_0_60', output port 'black_compute_o' is connected directly to output port 'dst_black_o'. (LINT-31)
Warning: In design 'r_state_ctrl_0_61', output port 'shift_en_o' is connected directly to output port 'alu_en_o'. (LINT-31)
Warning: In design 'r_state_ctrl_0_61', output port 'black_compute_o' is connected directly to output port 'remote_east_o'. (LINT-31)
Warning: In design 'r_state_ctrl_0_61', output port 'black_compute_o' is connected directly to output port 'dst_black_o'. (LINT-31)
Warning: In design 'r_state_ctrl_0_62', output port 'shift_en_o' is connected directly to output port 'alu_en_o'. (LINT-31)
Warning: In design 'r_state_ctrl_0_62', output port 'black_compute_o' is connected directly to output port 'remote_east_o'. (LINT-31)
Warning: In design 'r_state_ctrl_0_62', output port 'black_compute_o' is connected directly to output port 'dst_black_o'. (LINT-31)
Warning: In design 'r_state_ctrl_0_63', output port 'shift_en_o' is connected directly to output port 'alu_en_o'. (LINT-31)
Warning: In design 'r_state_ctrl_0_63', output port 'black_compute_o' is connected directly to output port 'remote_east_o'. (LINT-31)
Warning: In design 'r_state_ctrl_0_63', output port 'black_compute_o' is connected directly to output port 'dst_black_o'. (LINT-31)
Warning: In design 'r_state_ctrl_0_64', output port 'shift_en_o' is connected directly to output port 'alu_en_o'. (LINT-31)
Warning: In design 'r_state_ctrl_0_64', output port 'black_compute_o' is connected directly to output port 'remote_east_o'. (LINT-31)
Warning: In design 'r_state_ctrl_0_64', output port 'black_compute_o' is connected directly to output port 'dst_black_o'. (LINT-31)
Warning: In design 'r_state_ctrl_0_65', output port 'shift_en_o' is connected directly to output port 'alu_en_o'. (LINT-31)
Warning: In design 'r_state_ctrl_0_65', output port 'black_compute_o' is connected directly to output port 'remote_east_o'. (LINT-31)
Warning: In design 'r_state_ctrl_0_65', output port 'black_compute_o' is connected directly to output port 'dst_black_o'. (LINT-31)
Warning: In design 'r_state_ctrl_0_66', output port 'shift_en_o' is connected directly to output port 'alu_en_o'. (LINT-31)
Warning: In design 'r_state_ctrl_0_66', output port 'black_compute_o' is connected directly to output port 'remote_east_o'. (LINT-31)
Warning: In design 'r_state_ctrl_0_66', output port 'black_compute_o' is connected directly to output port 'dst_black_o'. (LINT-31)
Warning: In design 'r_state_ctrl_0_67', output port 'shift_en_o' is connected directly to output port 'alu_en_o'. (LINT-31)
Warning: In design 'r_state_ctrl_0_67', output port 'black_compute_o' is connected directly to output port 'remote_east_o'. (LINT-31)
Warning: In design 'r_state_ctrl_0_67', output port 'black_compute_o' is connected directly to output port 'dst_black_o'. (LINT-31)
Warning: In design 'r_state_ctrl_0_68', output port 'shift_en_o' is connected directly to output port 'alu_en_o'. (LINT-31)
Warning: In design 'r_state_ctrl_0_68', output port 'black_compute_o' is connected directly to output port 'remote_east_o'. (LINT-31)
Warning: In design 'r_state_ctrl_0_68', output port 'black_compute_o' is connected directly to output port 'dst_black_o'. (LINT-31)
Warning: In design 'r_state_ctrl_0_69', output port 'shift_en_o' is connected directly to output port 'alu_en_o'. (LINT-31)
Warning: In design 'r_state_ctrl_0_69', output port 'black_compute_o' is connected directly to output port 'remote_east_o'. (LINT-31)
Warning: In design 'r_state_ctrl_0_69', output port 'black_compute_o' is connected directly to output port 'dst_black_o'. (LINT-31)
Warning: In design 'r_state_ctrl_0_70', output port 'shift_en_o' is connected directly to output port 'alu_en_o'. (LINT-31)
Warning: In design 'r_state_ctrl_0_70', output port 'black_compute_o' is connected directly to output port 'remote_east_o'. (LINT-31)
Warning: In design 'r_state_ctrl_0_70', output port 'black_compute_o' is connected directly to output port 'dst_black_o'. (LINT-31)
Warning: In design 'r_state_ctrl_0_71', output port 'shift_en_o' is connected directly to output port 'alu_en_o'. (LINT-31)
Warning: In design 'r_state_ctrl_0_71', output port 'black_compute_o' is connected directly to output port 'remote_east_o'. (LINT-31)
Warning: In design 'r_state_ctrl_0_71', output port 'black_compute_o' is connected directly to output port 'dst_black_o'. (LINT-31)
Warning: In design 'r_state_ctrl_0_72', output port 'shift_en_o' is connected directly to output port 'alu_en_o'. (LINT-31)
Warning: In design 'r_state_ctrl_0_72', output port 'black_compute_o' is connected directly to output port 'remote_east_o'. (LINT-31)
Warning: In design 'r_state_ctrl_0_72', output port 'black_compute_o' is connected directly to output port 'dst_black_o'. (LINT-31)
Warning: In design 'r_state_ctrl_0_73', output port 'shift_en_o' is connected directly to output port 'alu_en_o'. (LINT-31)
Warning: In design 'r_state_ctrl_0_73', output port 'black_compute_o' is connected directly to output port 'remote_east_o'. (LINT-31)
Warning: In design 'r_state_ctrl_0_73', output port 'black_compute_o' is connected directly to output port 'dst_black_o'. (LINT-31)
Warning: In design 'r_state_ctrl_0_74', output port 'shift_en_o' is connected directly to output port 'alu_en_o'. (LINT-31)
Warning: In design 'r_state_ctrl_0_74', output port 'black_compute_o' is connected directly to output port 'remote_east_o'. (LINT-31)
Warning: In design 'r_state_ctrl_0_74', output port 'black_compute_o' is connected directly to output port 'dst_black_o'. (LINT-31)
Warning: In design 'r_state_ctrl_0_75', output port 'shift_en_o' is connected directly to output port 'alu_en_o'. (LINT-31)
Warning: In design 'r_state_ctrl_0_75', output port 'black_compute_o' is connected directly to output port 'remote_east_o'. (LINT-31)
Warning: In design 'r_state_ctrl_0_75', output port 'black_compute_o' is connected directly to output port 'dst_black_o'. (LINT-31)
Warning: In design 'r_state_ctrl_0_76', output port 'shift_en_o' is connected directly to output port 'alu_en_o'. (LINT-31)
Warning: In design 'r_state_ctrl_0_76', output port 'black_compute_o' is connected directly to output port 'remote_east_o'. (LINT-31)
Warning: In design 'r_state_ctrl_0_76', output port 'black_compute_o' is connected directly to output port 'dst_black_o'. (LINT-31)
Warning: In design 'r_state_ctrl_0_77', output port 'shift_en_o' is connected directly to output port 'alu_en_o'. (LINT-31)
Warning: In design 'r_state_ctrl_0_77', output port 'black_compute_o' is connected directly to output port 'remote_east_o'. (LINT-31)
Warning: In design 'r_state_ctrl_0_77', output port 'black_compute_o' is connected directly to output port 'dst_black_o'. (LINT-31)
Warning: In design 'r_state_ctrl_0_78', output port 'shift_en_o' is connected directly to output port 'alu_en_o'. (LINT-31)
Warning: In design 'r_state_ctrl_0_78', output port 'black_compute_o' is connected directly to output port 'remote_east_o'. (LINT-31)
Warning: In design 'r_state_ctrl_0_78', output port 'black_compute_o' is connected directly to output port 'dst_black_o'. (LINT-31)
Warning: In design 'r_state_ctrl_0_79', output port 'shift_en_o' is connected directly to output port 'alu_en_o'. (LINT-31)
Warning: In design 'r_state_ctrl_0_79', output port 'black_compute_o' is connected directly to output port 'remote_east_o'. (LINT-31)
Warning: In design 'r_state_ctrl_0_79', output port 'black_compute_o' is connected directly to output port 'dst_black_o'. (LINT-31)
Warning: In design 'r_state_ctrl_0_80', output port 'shift_en_o' is connected directly to output port 'alu_en_o'. (LINT-31)
Warning: In design 'r_state_ctrl_0_80', output port 'black_compute_o' is connected directly to output port 'remote_east_o'. (LINT-31)
Warning: In design 'r_state_ctrl_0_80', output port 'black_compute_o' is connected directly to output port 'dst_black_o'. (LINT-31)
Warning: In design 'r_state_ctrl_0_81', output port 'shift_en_o' is connected directly to output port 'alu_en_o'. (LINT-31)
Warning: In design 'r_state_ctrl_0_81', output port 'black_compute_o' is connected directly to output port 'remote_east_o'. (LINT-31)
Warning: In design 'r_state_ctrl_0_81', output port 'black_compute_o' is connected directly to output port 'dst_black_o'. (LINT-31)
Warning: In design 'r_state_ctrl_0_82', output port 'shift_en_o' is connected directly to output port 'alu_en_o'. (LINT-31)
Warning: In design 'r_state_ctrl_0_82', output port 'black_compute_o' is connected directly to output port 'remote_east_o'. (LINT-31)
Warning: In design 'r_state_ctrl_0_82', output port 'black_compute_o' is connected directly to output port 'dst_black_o'. (LINT-31)
Warning: In design 'r_state_ctrl_0_83', output port 'shift_en_o' is connected directly to output port 'alu_en_o'. (LINT-31)
Warning: In design 'r_state_ctrl_0_83', output port 'black_compute_o' is connected directly to output port 'remote_east_o'. (LINT-31)
Warning: In design 'r_state_ctrl_0_83', output port 'black_compute_o' is connected directly to output port 'dst_black_o'. (LINT-31)
Warning: In design 'r_state_ctrl_0_84', output port 'shift_en_o' is connected directly to output port 'alu_en_o'. (LINT-31)
Warning: In design 'r_state_ctrl_0_84', output port 'black_compute_o' is connected directly to output port 'remote_east_o'. (LINT-31)
Warning: In design 'r_state_ctrl_0_84', output port 'black_compute_o' is connected directly to output port 'dst_black_o'. (LINT-31)
Warning: In design 'r_state_ctrl_0_85', output port 'shift_en_o' is connected directly to output port 'alu_en_o'. (LINT-31)
Warning: In design 'r_state_ctrl_0_85', output port 'black_compute_o' is connected directly to output port 'remote_east_o'. (LINT-31)
Warning: In design 'r_state_ctrl_0_85', output port 'black_compute_o' is connected directly to output port 'dst_black_o'. (LINT-31)
Warning: In design 'r_state_ctrl_0_86', output port 'shift_en_o' is connected directly to output port 'alu_en_o'. (LINT-31)
Warning: In design 'r_state_ctrl_0_86', output port 'black_compute_o' is connected directly to output port 'remote_east_o'. (LINT-31)
Warning: In design 'r_state_ctrl_0_86', output port 'black_compute_o' is connected directly to output port 'dst_black_o'. (LINT-31)
Warning: In design 'r_state_ctrl_0_87', output port 'shift_en_o' is connected directly to output port 'alu_en_o'. (LINT-31)
Warning: In design 'r_state_ctrl_0_87', output port 'black_compute_o' is connected directly to output port 'remote_east_o'. (LINT-31)
Warning: In design 'r_state_ctrl_0_87', output port 'black_compute_o' is connected directly to output port 'dst_black_o'. (LINT-31)
Warning: In design 'r_state_ctrl_0_88', output port 'shift_en_o' is connected directly to output port 'alu_en_o'. (LINT-31)
Warning: In design 'r_state_ctrl_0_88', output port 'black_compute_o' is connected directly to output port 'remote_east_o'. (LINT-31)
Warning: In design 'r_state_ctrl_0_88', output port 'black_compute_o' is connected directly to output port 'dst_black_o'. (LINT-31)
Warning: In design 'r_state_ctrl_0_89', output port 'shift_en_o' is connected directly to output port 'alu_en_o'. (LINT-31)
Warning: In design 'r_state_ctrl_0_89', output port 'black_compute_o' is connected directly to output port 'remote_east_o'. (LINT-31)
Warning: In design 'r_state_ctrl_0_89', output port 'black_compute_o' is connected directly to output port 'dst_black_o'. (LINT-31)
Warning: In design 'r_state_ctrl_0_90', output port 'shift_en_o' is connected directly to output port 'alu_en_o'. (LINT-31)
Warning: In design 'r_state_ctrl_0_90', output port 'black_compute_o' is connected directly to output port 'remote_east_o'. (LINT-31)
Warning: In design 'r_state_ctrl_0_90', output port 'black_compute_o' is connected directly to output port 'dst_black_o'. (LINT-31)
Warning: In design 'r_state_ctrl_0_91', output port 'shift_en_o' is connected directly to output port 'alu_en_o'. (LINT-31)
Warning: In design 'r_state_ctrl_0_91', output port 'black_compute_o' is connected directly to output port 'remote_east_o'. (LINT-31)
Warning: In design 'r_state_ctrl_0_91', output port 'black_compute_o' is connected directly to output port 'dst_black_o'. (LINT-31)
Warning: In design 'r_state_ctrl_0_92', output port 'shift_en_o' is connected directly to output port 'alu_en_o'. (LINT-31)
Warning: In design 'r_state_ctrl_0_92', output port 'black_compute_o' is connected directly to output port 'remote_east_o'. (LINT-31)
Warning: In design 'r_state_ctrl_0_92', output port 'black_compute_o' is connected directly to output port 'dst_black_o'. (LINT-31)
Warning: In design 'r_state_ctrl_0_93', output port 'shift_en_o' is connected directly to output port 'alu_en_o'. (LINT-31)
Warning: In design 'r_state_ctrl_0_93', output port 'black_compute_o' is connected directly to output port 'remote_east_o'. (LINT-31)
Warning: In design 'r_state_ctrl_0_93', output port 'black_compute_o' is connected directly to output port 'dst_black_o'. (LINT-31)
Warning: In design 'r_state_ctrl_0_94', output port 'shift_en_o' is connected directly to output port 'alu_en_o'. (LINT-31)
Warning: In design 'r_state_ctrl_0_94', output port 'black_compute_o' is connected directly to output port 'remote_east_o'. (LINT-31)
Warning: In design 'r_state_ctrl_0_94', output port 'black_compute_o' is connected directly to output port 'dst_black_o'. (LINT-31)
Warning: In design 'r_state_ctrl_0_95', output port 'shift_en_o' is connected directly to output port 'alu_en_o'. (LINT-31)
Warning: In design 'r_state_ctrl_0_95', output port 'black_compute_o' is connected directly to output port 'remote_east_o'. (LINT-31)
Warning: In design 'r_state_ctrl_0_95', output port 'black_compute_o' is connected directly to output port 'dst_black_o'. (LINT-31)
Warning: In design 'r_state_ctrl_0_96', output port 'shift_en_o' is connected directly to output port 'alu_en_o'. (LINT-31)
Warning: In design 'r_state_ctrl_0_96', output port 'black_compute_o' is connected directly to output port 'remote_east_o'. (LINT-31)
Warning: In design 'r_state_ctrl_0_96', output port 'black_compute_o' is connected directly to output port 'dst_black_o'. (LINT-31)
Warning: In design 'r_state_ctrl_0_97', output port 'shift_en_o' is connected directly to output port 'alu_en_o'. (LINT-31)
Warning: In design 'r_state_ctrl_0_97', output port 'black_compute_o' is connected directly to output port 'remote_east_o'. (LINT-31)
Warning: In design 'r_state_ctrl_0_97', output port 'black_compute_o' is connected directly to output port 'dst_black_o'. (LINT-31)
Warning: In design 'r_state_ctrl_0_98', output port 'shift_en_o' is connected directly to output port 'alu_en_o'. (LINT-31)
Warning: In design 'r_state_ctrl_0_98', output port 'black_compute_o' is connected directly to output port 'remote_east_o'. (LINT-31)
Warning: In design 'r_state_ctrl_0_98', output port 'black_compute_o' is connected directly to output port 'dst_black_o'. (LINT-31)
Warning: In design 'sol_acc_1_0', output port 'scan_out' is connected directly to output port 'u_black_o[0]'. (LINT-31)
Warning: In design 'sol_acc_1_1', output port 'scan_out' is connected directly to output port 'u_black_o[0]'. (LINT-31)
Warning: In design 'sol_acc_1_2', output port 'scan_out' is connected directly to output port 'u_black_o[0]'. (LINT-31)
Warning: In design 'sol_acc_1_3', output port 'scan_out' is connected directly to output port 'u_black_o[0]'. (LINT-31)
Warning: In design 'sol_acc_1_4', output port 'scan_out' is connected directly to output port 'u_black_o[0]'. (LINT-31)
Warning: In design 'sol_acc_1_5', output port 'scan_out' is connected directly to output port 'u_black_o[0]'. (LINT-31)
Warning: In design 'sol_acc_1_6', output port 'scan_out' is connected directly to output port 'u_black_o[0]'. (LINT-31)
Warning: In design 'sol_acc_1_7', output port 'scan_out' is connected directly to output port 'u_black_o[0]'. (LINT-31)
Warning: In design 'sol_acc_1_8', output port 'scan_out' is connected directly to output port 'u_black_o[0]'. (LINT-31)
Warning: In design 'sol_acc_1_9', output port 'scan_out' is connected directly to output port 'u_black_o[0]'. (LINT-31)
Warning: In design 'sol_acc_1_10', output port 'scan_out' is connected directly to output port 'u_black_o[0]'. (LINT-31)
Warning: In design 'sol_acc_1_11', output port 'scan_out' is connected directly to output port 'u_black_o[0]'. (LINT-31)
Warning: In design 'sol_acc_1_12', output port 'scan_out' is connected directly to output port 'u_black_o[0]'. (LINT-31)
Warning: In design 'sol_acc_1_13', output port 'scan_out' is connected directly to output port 'u_black_o[0]'. (LINT-31)
Warning: In design 'sol_acc_1_14', output port 'scan_out' is connected directly to output port 'u_black_o[0]'. (LINT-31)
Warning: In design 'sol_acc_1_15', output port 'scan_out' is connected directly to output port 'u_black_o[0]'. (LINT-31)
Warning: In design 'sol_acc_1_16', output port 'scan_out' is connected directly to output port 'u_black_o[0]'. (LINT-31)
Warning: In design 'sol_acc_1_17', output port 'scan_out' is connected directly to output port 'u_black_o[0]'. (LINT-31)
Warning: In design 'sol_acc_1_18', output port 'scan_out' is connected directly to output port 'u_black_o[0]'. (LINT-31)
Warning: In design 'sol_acc_1_19', output port 'scan_out' is connected directly to output port 'u_black_o[0]'. (LINT-31)
Warning: In design 'sol_acc_1_20', output port 'scan_out' is connected directly to output port 'u_black_o[0]'. (LINT-31)
Warning: In design 'sol_acc_1_21', output port 'scan_out' is connected directly to output port 'u_black_o[0]'. (LINT-31)
Warning: In design 'sol_acc_1_22', output port 'scan_out' is connected directly to output port 'u_black_o[0]'. (LINT-31)
Warning: In design 'sol_acc_1_23', output port 'scan_out' is connected directly to output port 'u_black_o[0]'. (LINT-31)
Warning: In design 'sol_acc_1_24', output port 'scan_out' is connected directly to output port 'u_black_o[0]'. (LINT-31)
Warning: In design 'sol_acc_1_25', output port 'scan_out' is connected directly to output port 'u_black_o[0]'. (LINT-31)
Warning: In design 'sol_acc_1_26', output port 'scan_out' is connected directly to output port 'u_black_o[0]'. (LINT-31)
Warning: In design 'sol_acc_1_27', output port 'scan_out' is connected directly to output port 'u_black_o[0]'. (LINT-31)
Warning: In design 'sol_acc_1_28', output port 'scan_out' is connected directly to output port 'u_black_o[0]'. (LINT-31)
Warning: In design 'sol_acc_1_29', output port 'scan_out' is connected directly to output port 'u_black_o[0]'. (LINT-31)
Warning: In design 'sol_acc_1_30', output port 'scan_out' is connected directly to output port 'u_black_o[0]'. (LINT-31)
Warning: In design 'sol_acc_1_31', output port 'scan_out' is connected directly to output port 'u_black_o[0]'. (LINT-31)
Warning: In design 'sol_acc_1_32', output port 'scan_out' is connected directly to output port 'u_black_o[0]'. (LINT-31)
Warning: In design 'sol_acc_1_33', output port 'scan_out' is connected directly to output port 'u_black_o[0]'. (LINT-31)
Warning: In design 'sol_acc_1_34', output port 'scan_out' is connected directly to output port 'u_black_o[0]'. (LINT-31)
Warning: In design 'sol_acc_1_35', output port 'scan_out' is connected directly to output port 'u_black_o[0]'. (LINT-31)
Warning: In design 'sol_acc_1_36', output port 'scan_out' is connected directly to output port 'u_black_o[0]'. (LINT-31)
Warning: In design 'sol_acc_1_37', output port 'scan_out' is connected directly to output port 'u_black_o[0]'. (LINT-31)
Warning: In design 'sol_acc_1_38', output port 'scan_out' is connected directly to output port 'u_black_o[0]'. (LINT-31)
Warning: In design 'sol_acc_1_39', output port 'scan_out' is connected directly to output port 'u_black_o[0]'. (LINT-31)
Warning: In design 'sol_acc_1_40', output port 'scan_out' is connected directly to output port 'u_black_o[0]'. (LINT-31)
Warning: In design 'sol_acc_1_41', output port 'scan_out' is connected directly to output port 'u_black_o[0]'. (LINT-31)
Warning: In design 'sol_acc_1_42', output port 'scan_out' is connected directly to output port 'u_black_o[0]'. (LINT-31)
Warning: In design 'sol_acc_1_43', output port 'scan_out' is connected directly to output port 'u_black_o[0]'. (LINT-31)
Warning: In design 'sol_acc_1_44', output port 'scan_out' is connected directly to output port 'u_black_o[0]'. (LINT-31)
Warning: In design 'sol_acc_1_45', output port 'scan_out' is connected directly to output port 'u_black_o[0]'. (LINT-31)
Warning: In design 'sol_acc_1_46', output port 'scan_out' is connected directly to output port 'u_black_o[0]'. (LINT-31)
Warning: In design 'sol_acc_1_47', output port 'scan_out' is connected directly to output port 'u_black_o[0]'. (LINT-31)
Warning: In design 'sol_acc_1_48', output port 'scan_out' is connected directly to output port 'u_black_o[0]'. (LINT-31)
Warning: In design 'sol_acc_1_49', output port 'scan_out' is connected directly to output port 'u_black_o[0]'. (LINT-31)
Warning: In design 'sol_acc_1_50', output port 'scan_out' is connected directly to output port 'u_black_o[0]'. (LINT-31)
Warning: In design 'sol_acc_1_51', output port 'scan_out' is connected directly to output port 'u_black_o[0]'. (LINT-31)
Warning: In design 'sol_acc_1_52', output port 'scan_out' is connected directly to output port 'u_black_o[0]'. (LINT-31)
Warning: In design 'sol_acc_1_53', output port 'scan_out' is connected directly to output port 'u_black_o[0]'. (LINT-31)
Warning: In design 'sol_acc_1_54', output port 'scan_out' is connected directly to output port 'u_black_o[0]'. (LINT-31)
Warning: In design 'sol_acc_1_55', output port 'scan_out' is connected directly to output port 'u_black_o[0]'. (LINT-31)
Warning: In design 'sol_acc_1_56', output port 'scan_out' is connected directly to output port 'u_black_o[0]'. (LINT-31)
Warning: In design 'sol_acc_1_57', output port 'scan_out' is connected directly to output port 'u_black_o[0]'. (LINT-31)
Warning: In design 'sol_acc_1_58', output port 'scan_out' is connected directly to output port 'u_black_o[0]'. (LINT-31)
Warning: In design 'sol_acc_1_59', output port 'scan_out' is connected directly to output port 'u_black_o[0]'. (LINT-31)
Warning: In design 'sol_acc_1_60', output port 'scan_out' is connected directly to output port 'u_black_o[0]'. (LINT-31)
Warning: In design 'sol_acc_1_61', output port 'scan_out' is connected directly to output port 'u_black_o[0]'. (LINT-31)
Warning: In design 'sol_acc_1_62', output port 'scan_out' is connected directly to output port 'u_black_o[0]'. (LINT-31)
Warning: In design 'sol_acc_1_63', output port 'scan_out' is connected directly to output port 'u_black_o[0]'. (LINT-31)
Warning: In design 'sol_acc_1_64', output port 'scan_out' is connected directly to output port 'u_black_o[0]'. (LINT-31)
Warning: In design 'sol_acc_1_65', output port 'scan_out' is connected directly to output port 'u_black_o[0]'. (LINT-31)
Warning: In design 'sol_acc_1_66', output port 'scan_out' is connected directly to output port 'u_black_o[0]'. (LINT-31)
Warning: In design 'sol_acc_1_67', output port 'scan_out' is connected directly to output port 'u_black_o[0]'. (LINT-31)
Warning: In design 'sol_acc_1_68', output port 'scan_out' is connected directly to output port 'u_black_o[0]'. (LINT-31)
Warning: In design 'sol_acc_1_69', output port 'scan_out' is connected directly to output port 'u_black_o[0]'. (LINT-31)
Warning: In design 'sol_acc_1_70', output port 'scan_out' is connected directly to output port 'u_black_o[0]'. (LINT-31)
Warning: In design 'sol_acc_1_71', output port 'scan_out' is connected directly to output port 'u_black_o[0]'. (LINT-31)
Warning: In design 'sol_acc_1_72', output port 'scan_out' is connected directly to output port 'u_black_o[0]'. (LINT-31)
Warning: In design 'sol_acc_1_73', output port 'scan_out' is connected directly to output port 'u_black_o[0]'. (LINT-31)
Warning: In design 'sol_acc_1_74', output port 'scan_out' is connected directly to output port 'u_black_o[0]'. (LINT-31)
Warning: In design 'sol_acc_1_75', output port 'scan_out' is connected directly to output port 'u_black_o[0]'. (LINT-31)
Warning: In design 'sol_acc_1_76', output port 'scan_out' is connected directly to output port 'u_black_o[0]'. (LINT-31)
Warning: In design 'sol_acc_1_77', output port 'scan_out' is connected directly to output port 'u_black_o[0]'. (LINT-31)
Warning: In design 'sol_acc_1_78', output port 'scan_out' is connected directly to output port 'u_black_o[0]'. (LINT-31)
Warning: In design 'sol_acc_1_79', output port 'scan_out' is connected directly to output port 'u_black_o[0]'. (LINT-31)
Warning: In design 'sol_acc_1_80', output port 'scan_out' is connected directly to output port 'u_black_o[0]'. (LINT-31)
Warning: In design 'sol_acc_1_81', output port 'scan_out' is connected directly to output port 'u_black_o[0]'. (LINT-31)
Warning: In design 'sol_acc_1_82', output port 'scan_out' is connected directly to output port 'u_black_o[0]'. (LINT-31)
Warning: In design 'sol_acc_1_83', output port 'scan_out' is connected directly to output port 'u_black_o[0]'. (LINT-31)
Warning: In design 'sol_acc_1_84', output port 'scan_out' is connected directly to output port 'u_black_o[0]'. (LINT-31)
Warning: In design 'sol_acc_1_85', output port 'scan_out' is connected directly to output port 'u_black_o[0]'. (LINT-31)
Warning: In design 'sol_acc_1_86', output port 'scan_out' is connected directly to output port 'u_black_o[0]'. (LINT-31)
Warning: In design 'sol_acc_1_87', output port 'scan_out' is connected directly to output port 'u_black_o[0]'. (LINT-31)
Warning: In design 'sol_acc_1_88', output port 'scan_out' is connected directly to output port 'u_black_o[0]'. (LINT-31)
Warning: In design 'sol_acc_1_89', output port 'scan_out' is connected directly to output port 'u_black_o[0]'. (LINT-31)
Warning: In design 'sol_acc_1_90', output port 'scan_out' is connected directly to output port 'u_black_o[0]'. (LINT-31)
Warning: In design 'sol_acc_1_91', output port 'scan_out' is connected directly to output port 'u_black_o[0]'. (LINT-31)
Warning: In design 'sol_acc_1_92', output port 'scan_out' is connected directly to output port 'u_black_o[0]'. (LINT-31)
Warning: In design 'sol_acc_1_93', output port 'scan_out' is connected directly to output port 'u_black_o[0]'. (LINT-31)
Warning: In design 'sol_acc_1_94', output port 'scan_out' is connected directly to output port 'u_black_o[0]'. (LINT-31)
Warning: In design 'sol_acc_1_95', output port 'scan_out' is connected directly to output port 'u_black_o[0]'. (LINT-31)
Warning: In design 'sol_acc_1_96', output port 'scan_out' is connected directly to output port 'u_black_o[0]'. (LINT-31)
Warning: In design 'sol_acc_1_97', output port 'scan_out' is connected directly to output port 'u_black_o[0]'. (LINT-31)
Warning: In design 'sol_acc_1_98', output port 'scan_out' is connected directly to output port 'u_black_o[0]'. (LINT-31)
Warning: In design 'r_state_ctrl_1_0', output port 'shift_en_o' is connected directly to output port 'alu_en_o'. (LINT-31)
Warning: In design 'r_state_ctrl_1_0', output port 'black_compute_o' is connected directly to output port 'dst_black_o'. (LINT-31)
Warning: In design 'r_state_ctrl_1_1', output port 'shift_en_o' is connected directly to output port 'alu_en_o'. (LINT-31)
Warning: In design 'r_state_ctrl_1_1', output port 'black_compute_o' is connected directly to output port 'dst_black_o'. (LINT-31)
Warning: In design 'r_state_ctrl_1_2', output port 'shift_en_o' is connected directly to output port 'alu_en_o'. (LINT-31)
Warning: In design 'r_state_ctrl_1_2', output port 'black_compute_o' is connected directly to output port 'dst_black_o'. (LINT-31)
Warning: In design 'r_state_ctrl_1_3', output port 'shift_en_o' is connected directly to output port 'alu_en_o'. (LINT-31)
Warning: In design 'r_state_ctrl_1_3', output port 'black_compute_o' is connected directly to output port 'dst_black_o'. (LINT-31)
Warning: In design 'r_state_ctrl_1_4', output port 'shift_en_o' is connected directly to output port 'alu_en_o'. (LINT-31)
Warning: In design 'r_state_ctrl_1_4', output port 'black_compute_o' is connected directly to output port 'dst_black_o'. (LINT-31)
Warning: In design 'r_state_ctrl_1_5', output port 'shift_en_o' is connected directly to output port 'alu_en_o'. (LINT-31)
Warning: In design 'r_state_ctrl_1_5', output port 'black_compute_o' is connected directly to output port 'dst_black_o'. (LINT-31)
Warning: In design 'r_state_ctrl_1_6', output port 'shift_en_o' is connected directly to output port 'alu_en_o'. (LINT-31)
Warning: In design 'r_state_ctrl_1_6', output port 'black_compute_o' is connected directly to output port 'dst_black_o'. (LINT-31)
Warning: In design 'r_state_ctrl_1_7', output port 'shift_en_o' is connected directly to output port 'alu_en_o'. (LINT-31)
Warning: In design 'r_state_ctrl_1_7', output port 'black_compute_o' is connected directly to output port 'dst_black_o'. (LINT-31)
Warning: In design 'r_state_ctrl_1_8', output port 'shift_en_o' is connected directly to output port 'alu_en_o'. (LINT-31)
Warning: In design 'r_state_ctrl_1_8', output port 'black_compute_o' is connected directly to output port 'dst_black_o'. (LINT-31)
Warning: In design 'r_state_ctrl_1_9', output port 'shift_en_o' is connected directly to output port 'alu_en_o'. (LINT-31)
Warning: In design 'r_state_ctrl_1_9', output port 'black_compute_o' is connected directly to output port 'dst_black_o'. (LINT-31)
Warning: In design 'r_state_ctrl_1_10', output port 'shift_en_o' is connected directly to output port 'alu_en_o'. (LINT-31)
Warning: In design 'r_state_ctrl_1_10', output port 'black_compute_o' is connected directly to output port 'dst_black_o'. (LINT-31)
Warning: In design 'r_state_ctrl_1_11', output port 'shift_en_o' is connected directly to output port 'alu_en_o'. (LINT-31)
Warning: In design 'r_state_ctrl_1_11', output port 'black_compute_o' is connected directly to output port 'dst_black_o'. (LINT-31)
Warning: In design 'r_state_ctrl_1_12', output port 'shift_en_o' is connected directly to output port 'alu_en_o'. (LINT-31)
Warning: In design 'r_state_ctrl_1_12', output port 'black_compute_o' is connected directly to output port 'dst_black_o'. (LINT-31)
Warning: In design 'r_state_ctrl_1_13', output port 'shift_en_o' is connected directly to output port 'alu_en_o'. (LINT-31)
Warning: In design 'r_state_ctrl_1_13', output port 'black_compute_o' is connected directly to output port 'dst_black_o'. (LINT-31)
Warning: In design 'r_state_ctrl_1_14', output port 'shift_en_o' is connected directly to output port 'alu_en_o'. (LINT-31)
Warning: In design 'r_state_ctrl_1_14', output port 'black_compute_o' is connected directly to output port 'dst_black_o'. (LINT-31)
Warning: In design 'r_state_ctrl_1_15', output port 'shift_en_o' is connected directly to output port 'alu_en_o'. (LINT-31)
Warning: In design 'r_state_ctrl_1_15', output port 'black_compute_o' is connected directly to output port 'dst_black_o'. (LINT-31)
Warning: In design 'r_state_ctrl_1_16', output port 'shift_en_o' is connected directly to output port 'alu_en_o'. (LINT-31)
Warning: In design 'r_state_ctrl_1_16', output port 'black_compute_o' is connected directly to output port 'dst_black_o'. (LINT-31)
Warning: In design 'r_state_ctrl_1_17', output port 'shift_en_o' is connected directly to output port 'alu_en_o'. (LINT-31)
Warning: In design 'r_state_ctrl_1_17', output port 'black_compute_o' is connected directly to output port 'dst_black_o'. (LINT-31)
Warning: In design 'r_state_ctrl_1_18', output port 'shift_en_o' is connected directly to output port 'alu_en_o'. (LINT-31)
Warning: In design 'r_state_ctrl_1_18', output port 'black_compute_o' is connected directly to output port 'dst_black_o'. (LINT-31)
Warning: In design 'r_state_ctrl_1_19', output port 'shift_en_o' is connected directly to output port 'alu_en_o'. (LINT-31)
Warning: In design 'r_state_ctrl_1_19', output port 'black_compute_o' is connected directly to output port 'dst_black_o'. (LINT-31)
Warning: In design 'r_state_ctrl_1_20', output port 'shift_en_o' is connected directly to output port 'alu_en_o'. (LINT-31)
Warning: In design 'r_state_ctrl_1_20', output port 'black_compute_o' is connected directly to output port 'dst_black_o'. (LINT-31)
Warning: In design 'r_state_ctrl_1_21', output port 'shift_en_o' is connected directly to output port 'alu_en_o'. (LINT-31)
Warning: In design 'r_state_ctrl_1_21', output port 'black_compute_o' is connected directly to output port 'dst_black_o'. (LINT-31)
Warning: In design 'r_state_ctrl_1_22', output port 'shift_en_o' is connected directly to output port 'alu_en_o'. (LINT-31)
Warning: In design 'r_state_ctrl_1_22', output port 'black_compute_o' is connected directly to output port 'dst_black_o'. (LINT-31)
Warning: In design 'r_state_ctrl_1_23', output port 'shift_en_o' is connected directly to output port 'alu_en_o'. (LINT-31)
Warning: In design 'r_state_ctrl_1_23', output port 'black_compute_o' is connected directly to output port 'dst_black_o'. (LINT-31)
Warning: In design 'r_state_ctrl_1_24', output port 'shift_en_o' is connected directly to output port 'alu_en_o'. (LINT-31)
Warning: In design 'r_state_ctrl_1_24', output port 'black_compute_o' is connected directly to output port 'dst_black_o'. (LINT-31)
Warning: In design 'r_state_ctrl_1_25', output port 'shift_en_o' is connected directly to output port 'alu_en_o'. (LINT-31)
Warning: In design 'r_state_ctrl_1_25', output port 'black_compute_o' is connected directly to output port 'dst_black_o'. (LINT-31)
Warning: In design 'r_state_ctrl_1_26', output port 'shift_en_o' is connected directly to output port 'alu_en_o'. (LINT-31)
Warning: In design 'r_state_ctrl_1_26', output port 'black_compute_o' is connected directly to output port 'dst_black_o'. (LINT-31)
Warning: In design 'r_state_ctrl_1_27', output port 'shift_en_o' is connected directly to output port 'alu_en_o'. (LINT-31)
Warning: In design 'r_state_ctrl_1_27', output port 'black_compute_o' is connected directly to output port 'dst_black_o'. (LINT-31)
Warning: In design 'r_state_ctrl_1_28', output port 'shift_en_o' is connected directly to output port 'alu_en_o'. (LINT-31)
Warning: In design 'r_state_ctrl_1_28', output port 'black_compute_o' is connected directly to output port 'dst_black_o'. (LINT-31)
Warning: In design 'r_state_ctrl_1_29', output port 'shift_en_o' is connected directly to output port 'alu_en_o'. (LINT-31)
Warning: In design 'r_state_ctrl_1_29', output port 'black_compute_o' is connected directly to output port 'dst_black_o'. (LINT-31)
Warning: In design 'r_state_ctrl_1_30', output port 'shift_en_o' is connected directly to output port 'alu_en_o'. (LINT-31)
Warning: In design 'r_state_ctrl_1_30', output port 'black_compute_o' is connected directly to output port 'dst_black_o'. (LINT-31)
Warning: In design 'r_state_ctrl_1_31', output port 'shift_en_o' is connected directly to output port 'alu_en_o'. (LINT-31)
Warning: In design 'r_state_ctrl_1_31', output port 'black_compute_o' is connected directly to output port 'dst_black_o'. (LINT-31)
Warning: In design 'r_state_ctrl_1_32', output port 'shift_en_o' is connected directly to output port 'alu_en_o'. (LINT-31)
Warning: In design 'r_state_ctrl_1_32', output port 'black_compute_o' is connected directly to output port 'dst_black_o'. (LINT-31)
Warning: In design 'r_state_ctrl_1_33', output port 'shift_en_o' is connected directly to output port 'alu_en_o'. (LINT-31)
Warning: In design 'r_state_ctrl_1_33', output port 'black_compute_o' is connected directly to output port 'dst_black_o'. (LINT-31)
Warning: In design 'r_state_ctrl_1_34', output port 'shift_en_o' is connected directly to output port 'alu_en_o'. (LINT-31)
Warning: In design 'r_state_ctrl_1_34', output port 'black_compute_o' is connected directly to output port 'dst_black_o'. (LINT-31)
Warning: In design 'r_state_ctrl_1_35', output port 'shift_en_o' is connected directly to output port 'alu_en_o'. (LINT-31)
Warning: In design 'r_state_ctrl_1_35', output port 'black_compute_o' is connected directly to output port 'dst_black_o'. (LINT-31)
Warning: In design 'r_state_ctrl_1_36', output port 'shift_en_o' is connected directly to output port 'alu_en_o'. (LINT-31)
Warning: In design 'r_state_ctrl_1_36', output port 'black_compute_o' is connected directly to output port 'dst_black_o'. (LINT-31)
Warning: In design 'r_state_ctrl_1_37', output port 'shift_en_o' is connected directly to output port 'alu_en_o'. (LINT-31)
Warning: In design 'r_state_ctrl_1_37', output port 'black_compute_o' is connected directly to output port 'dst_black_o'. (LINT-31)
Warning: In design 'r_state_ctrl_1_38', output port 'shift_en_o' is connected directly to output port 'alu_en_o'. (LINT-31)
Warning: In design 'r_state_ctrl_1_38', output port 'black_compute_o' is connected directly to output port 'dst_black_o'. (LINT-31)
Warning: In design 'r_state_ctrl_1_39', output port 'shift_en_o' is connected directly to output port 'alu_en_o'. (LINT-31)
Warning: In design 'r_state_ctrl_1_39', output port 'black_compute_o' is connected directly to output port 'dst_black_o'. (LINT-31)
Warning: In design 'r_state_ctrl_1_40', output port 'shift_en_o' is connected directly to output port 'alu_en_o'. (LINT-31)
Warning: In design 'r_state_ctrl_1_40', output port 'black_compute_o' is connected directly to output port 'dst_black_o'. (LINT-31)
Warning: In design 'r_state_ctrl_1_41', output port 'shift_en_o' is connected directly to output port 'alu_en_o'. (LINT-31)
Warning: In design 'r_state_ctrl_1_41', output port 'black_compute_o' is connected directly to output port 'dst_black_o'. (LINT-31)
Warning: In design 'r_state_ctrl_1_42', output port 'shift_en_o' is connected directly to output port 'alu_en_o'. (LINT-31)
Warning: In design 'r_state_ctrl_1_42', output port 'black_compute_o' is connected directly to output port 'dst_black_o'. (LINT-31)
Warning: In design 'r_state_ctrl_1_43', output port 'shift_en_o' is connected directly to output port 'alu_en_o'. (LINT-31)
Warning: In design 'r_state_ctrl_1_43', output port 'black_compute_o' is connected directly to output port 'dst_black_o'. (LINT-31)
Warning: In design 'r_state_ctrl_1_44', output port 'shift_en_o' is connected directly to output port 'alu_en_o'. (LINT-31)
Warning: In design 'r_state_ctrl_1_44', output port 'black_compute_o' is connected directly to output port 'dst_black_o'. (LINT-31)
Warning: In design 'r_state_ctrl_1_45', output port 'shift_en_o' is connected directly to output port 'alu_en_o'. (LINT-31)
Warning: In design 'r_state_ctrl_1_45', output port 'black_compute_o' is connected directly to output port 'dst_black_o'. (LINT-31)
Warning: In design 'r_state_ctrl_1_46', output port 'shift_en_o' is connected directly to output port 'alu_en_o'. (LINT-31)
Warning: In design 'r_state_ctrl_1_46', output port 'black_compute_o' is connected directly to output port 'dst_black_o'. (LINT-31)
Warning: In design 'r_state_ctrl_1_47', output port 'shift_en_o' is connected directly to output port 'alu_en_o'. (LINT-31)
Warning: In design 'r_state_ctrl_1_47', output port 'black_compute_o' is connected directly to output port 'dst_black_o'. (LINT-31)
Warning: In design 'r_state_ctrl_1_48', output port 'shift_en_o' is connected directly to output port 'alu_en_o'. (LINT-31)
Warning: In design 'r_state_ctrl_1_48', output port 'black_compute_o' is connected directly to output port 'dst_black_o'. (LINT-31)
Warning: In design 'r_state_ctrl_1_49', output port 'shift_en_o' is connected directly to output port 'alu_en_o'. (LINT-31)
Warning: In design 'r_state_ctrl_1_49', output port 'black_compute_o' is connected directly to output port 'dst_black_o'. (LINT-31)
Warning: In design 'r_state_ctrl_1_50', output port 'shift_en_o' is connected directly to output port 'alu_en_o'. (LINT-31)
Warning: In design 'r_state_ctrl_1_50', output port 'black_compute_o' is connected directly to output port 'dst_black_o'. (LINT-31)
Warning: In design 'r_state_ctrl_1_51', output port 'shift_en_o' is connected directly to output port 'alu_en_o'. (LINT-31)
Warning: In design 'r_state_ctrl_1_51', output port 'black_compute_o' is connected directly to output port 'dst_black_o'. (LINT-31)
Warning: In design 'r_state_ctrl_1_52', output port 'shift_en_o' is connected directly to output port 'alu_en_o'. (LINT-31)
Warning: In design 'r_state_ctrl_1_52', output port 'black_compute_o' is connected directly to output port 'dst_black_o'. (LINT-31)
Warning: In design 'r_state_ctrl_1_53', output port 'shift_en_o' is connected directly to output port 'alu_en_o'. (LINT-31)
Warning: In design 'r_state_ctrl_1_53', output port 'black_compute_o' is connected directly to output port 'dst_black_o'. (LINT-31)
Warning: In design 'r_state_ctrl_1_54', output port 'shift_en_o' is connected directly to output port 'alu_en_o'. (LINT-31)
Warning: In design 'r_state_ctrl_1_54', output port 'black_compute_o' is connected directly to output port 'dst_black_o'. (LINT-31)
Warning: In design 'r_state_ctrl_1_55', output port 'shift_en_o' is connected directly to output port 'alu_en_o'. (LINT-31)
Warning: In design 'r_state_ctrl_1_55', output port 'black_compute_o' is connected directly to output port 'dst_black_o'. (LINT-31)
Warning: In design 'r_state_ctrl_1_56', output port 'shift_en_o' is connected directly to output port 'alu_en_o'. (LINT-31)
Warning: In design 'r_state_ctrl_1_56', output port 'black_compute_o' is connected directly to output port 'dst_black_o'. (LINT-31)
Warning: In design 'r_state_ctrl_1_57', output port 'shift_en_o' is connected directly to output port 'alu_en_o'. (LINT-31)
Warning: In design 'r_state_ctrl_1_57', output port 'black_compute_o' is connected directly to output port 'dst_black_o'. (LINT-31)
Warning: In design 'r_state_ctrl_1_58', output port 'shift_en_o' is connected directly to output port 'alu_en_o'. (LINT-31)
Warning: In design 'r_state_ctrl_1_58', output port 'black_compute_o' is connected directly to output port 'dst_black_o'. (LINT-31)
Warning: In design 'r_state_ctrl_1_59', output port 'shift_en_o' is connected directly to output port 'alu_en_o'. (LINT-31)
Warning: In design 'r_state_ctrl_1_59', output port 'black_compute_o' is connected directly to output port 'dst_black_o'. (LINT-31)
Warning: In design 'r_state_ctrl_1_60', output port 'shift_en_o' is connected directly to output port 'alu_en_o'. (LINT-31)
Warning: In design 'r_state_ctrl_1_60', output port 'black_compute_o' is connected directly to output port 'dst_black_o'. (LINT-31)
Warning: In design 'r_state_ctrl_1_61', output port 'shift_en_o' is connected directly to output port 'alu_en_o'. (LINT-31)
Warning: In design 'r_state_ctrl_1_61', output port 'black_compute_o' is connected directly to output port 'dst_black_o'. (LINT-31)
Warning: In design 'r_state_ctrl_1_62', output port 'shift_en_o' is connected directly to output port 'alu_en_o'. (LINT-31)
Warning: In design 'r_state_ctrl_1_62', output port 'black_compute_o' is connected directly to output port 'dst_black_o'. (LINT-31)
Warning: In design 'r_state_ctrl_1_63', output port 'shift_en_o' is connected directly to output port 'alu_en_o'. (LINT-31)
Warning: In design 'r_state_ctrl_1_63', output port 'black_compute_o' is connected directly to output port 'dst_black_o'. (LINT-31)
Warning: In design 'r_state_ctrl_1_64', output port 'shift_en_o' is connected directly to output port 'alu_en_o'. (LINT-31)
Warning: In design 'r_state_ctrl_1_64', output port 'black_compute_o' is connected directly to output port 'dst_black_o'. (LINT-31)
Warning: In design 'r_state_ctrl_1_65', output port 'shift_en_o' is connected directly to output port 'alu_en_o'. (LINT-31)
Warning: In design 'r_state_ctrl_1_65', output port 'black_compute_o' is connected directly to output port 'dst_black_o'. (LINT-31)
Warning: In design 'r_state_ctrl_1_66', output port 'shift_en_o' is connected directly to output port 'alu_en_o'. (LINT-31)
Warning: In design 'r_state_ctrl_1_66', output port 'black_compute_o' is connected directly to output port 'dst_black_o'. (LINT-31)
Warning: In design 'r_state_ctrl_1_67', output port 'shift_en_o' is connected directly to output port 'alu_en_o'. (LINT-31)
Warning: In design 'r_state_ctrl_1_67', output port 'black_compute_o' is connected directly to output port 'dst_black_o'. (LINT-31)
Warning: In design 'r_state_ctrl_1_68', output port 'shift_en_o' is connected directly to output port 'alu_en_o'. (LINT-31)
Warning: In design 'r_state_ctrl_1_68', output port 'black_compute_o' is connected directly to output port 'dst_black_o'. (LINT-31)
Warning: In design 'r_state_ctrl_1_69', output port 'shift_en_o' is connected directly to output port 'alu_en_o'. (LINT-31)
Warning: In design 'r_state_ctrl_1_69', output port 'black_compute_o' is connected directly to output port 'dst_black_o'. (LINT-31)
Warning: In design 'r_state_ctrl_1_70', output port 'shift_en_o' is connected directly to output port 'alu_en_o'. (LINT-31)
Warning: In design 'r_state_ctrl_1_70', output port 'black_compute_o' is connected directly to output port 'dst_black_o'. (LINT-31)
Warning: In design 'r_state_ctrl_1_71', output port 'shift_en_o' is connected directly to output port 'alu_en_o'. (LINT-31)
Warning: In design 'r_state_ctrl_1_71', output port 'black_compute_o' is connected directly to output port 'dst_black_o'. (LINT-31)
Warning: In design 'r_state_ctrl_1_72', output port 'shift_en_o' is connected directly to output port 'alu_en_o'. (LINT-31)
Warning: In design 'r_state_ctrl_1_72', output port 'black_compute_o' is connected directly to output port 'dst_black_o'. (LINT-31)
Warning: In design 'r_state_ctrl_1_73', output port 'shift_en_o' is connected directly to output port 'alu_en_o'. (LINT-31)
Warning: In design 'r_state_ctrl_1_73', output port 'black_compute_o' is connected directly to output port 'dst_black_o'. (LINT-31)
Warning: In design 'r_state_ctrl_1_74', output port 'shift_en_o' is connected directly to output port 'alu_en_o'. (LINT-31)
Warning: In design 'r_state_ctrl_1_74', output port 'black_compute_o' is connected directly to output port 'dst_black_o'. (LINT-31)
Warning: In design 'r_state_ctrl_1_75', output port 'shift_en_o' is connected directly to output port 'alu_en_o'. (LINT-31)
Warning: In design 'r_state_ctrl_1_75', output port 'black_compute_o' is connected directly to output port 'dst_black_o'. (LINT-31)
Warning: In design 'r_state_ctrl_1_76', output port 'shift_en_o' is connected directly to output port 'alu_en_o'. (LINT-31)
Warning: In design 'r_state_ctrl_1_76', output port 'black_compute_o' is connected directly to output port 'dst_black_o'. (LINT-31)
Warning: In design 'r_state_ctrl_1_77', output port 'shift_en_o' is connected directly to output port 'alu_en_o'. (LINT-31)
Warning: In design 'r_state_ctrl_1_77', output port 'black_compute_o' is connected directly to output port 'dst_black_o'. (LINT-31)
Warning: In design 'r_state_ctrl_1_78', output port 'shift_en_o' is connected directly to output port 'alu_en_o'. (LINT-31)
Warning: In design 'r_state_ctrl_1_78', output port 'black_compute_o' is connected directly to output port 'dst_black_o'. (LINT-31)
Warning: In design 'r_state_ctrl_1_79', output port 'shift_en_o' is connected directly to output port 'alu_en_o'. (LINT-31)
Warning: In design 'r_state_ctrl_1_79', output port 'black_compute_o' is connected directly to output port 'dst_black_o'. (LINT-31)
Warning: In design 'r_state_ctrl_1_80', output port 'shift_en_o' is connected directly to output port 'alu_en_o'. (LINT-31)
Warning: In design 'r_state_ctrl_1_80', output port 'black_compute_o' is connected directly to output port 'dst_black_o'. (LINT-31)
Warning: In design 'r_state_ctrl_1_81', output port 'shift_en_o' is connected directly to output port 'alu_en_o'. (LINT-31)
Warning: In design 'r_state_ctrl_1_81', output port 'black_compute_o' is connected directly to output port 'dst_black_o'. (LINT-31)
Warning: In design 'r_state_ctrl_1_82', output port 'shift_en_o' is connected directly to output port 'alu_en_o'. (LINT-31)
Warning: In design 'r_state_ctrl_1_82', output port 'black_compute_o' is connected directly to output port 'dst_black_o'. (LINT-31)
Warning: In design 'r_state_ctrl_1_83', output port 'shift_en_o' is connected directly to output port 'alu_en_o'. (LINT-31)
Warning: In design 'r_state_ctrl_1_83', output port 'black_compute_o' is connected directly to output port 'dst_black_o'. (LINT-31)
Warning: In design 'r_state_ctrl_1_84', output port 'shift_en_o' is connected directly to output port 'alu_en_o'. (LINT-31)
Warning: In design 'r_state_ctrl_1_84', output port 'black_compute_o' is connected directly to output port 'dst_black_o'. (LINT-31)
Warning: In design 'r_state_ctrl_1_85', output port 'shift_en_o' is connected directly to output port 'alu_en_o'. (LINT-31)
Warning: In design 'r_state_ctrl_1_85', output port 'black_compute_o' is connected directly to output port 'dst_black_o'. (LINT-31)
Warning: In design 'r_state_ctrl_1_86', output port 'shift_en_o' is connected directly to output port 'alu_en_o'. (LINT-31)
Warning: In design 'r_state_ctrl_1_86', output port 'black_compute_o' is connected directly to output port 'dst_black_o'. (LINT-31)
Warning: In design 'r_state_ctrl_1_87', output port 'shift_en_o' is connected directly to output port 'alu_en_o'. (LINT-31)
Warning: In design 'r_state_ctrl_1_87', output port 'black_compute_o' is connected directly to output port 'dst_black_o'. (LINT-31)
Warning: In design 'r_state_ctrl_1_88', output port 'shift_en_o' is connected directly to output port 'alu_en_o'. (LINT-31)
Warning: In design 'r_state_ctrl_1_88', output port 'black_compute_o' is connected directly to output port 'dst_black_o'. (LINT-31)
Warning: In design 'r_state_ctrl_1_89', output port 'shift_en_o' is connected directly to output port 'alu_en_o'. (LINT-31)
Warning: In design 'r_state_ctrl_1_89', output port 'black_compute_o' is connected directly to output port 'dst_black_o'. (LINT-31)
Warning: In design 'r_state_ctrl_1_90', output port 'shift_en_o' is connected directly to output port 'alu_en_o'. (LINT-31)
Warning: In design 'r_state_ctrl_1_90', output port 'black_compute_o' is connected directly to output port 'dst_black_o'. (LINT-31)
Warning: In design 'r_state_ctrl_1_91', output port 'shift_en_o' is connected directly to output port 'alu_en_o'. (LINT-31)
Warning: In design 'r_state_ctrl_1_91', output port 'black_compute_o' is connected directly to output port 'dst_black_o'. (LINT-31)
Warning: In design 'r_state_ctrl_1_92', output port 'shift_en_o' is connected directly to output port 'alu_en_o'. (LINT-31)
Warning: In design 'r_state_ctrl_1_92', output port 'black_compute_o' is connected directly to output port 'dst_black_o'. (LINT-31)
Warning: In design 'r_state_ctrl_1_93', output port 'shift_en_o' is connected directly to output port 'alu_en_o'. (LINT-31)
Warning: In design 'r_state_ctrl_1_93', output port 'black_compute_o' is connected directly to output port 'dst_black_o'. (LINT-31)
Warning: In design 'r_state_ctrl_1_94', output port 'shift_en_o' is connected directly to output port 'alu_en_o'. (LINT-31)
Warning: In design 'r_state_ctrl_1_94', output port 'black_compute_o' is connected directly to output port 'dst_black_o'. (LINT-31)
Warning: In design 'r_state_ctrl_1_95', output port 'shift_en_o' is connected directly to output port 'alu_en_o'. (LINT-31)
Warning: In design 'r_state_ctrl_1_95', output port 'black_compute_o' is connected directly to output port 'dst_black_o'. (LINT-31)
Warning: In design 'r_state_ctrl_1_96', output port 'shift_en_o' is connected directly to output port 'alu_en_o'. (LINT-31)
Warning: In design 'r_state_ctrl_1_96', output port 'black_compute_o' is connected directly to output port 'dst_black_o'. (LINT-31)
Warning: In design 'r_state_ctrl_1_97', output port 'shift_en_o' is connected directly to output port 'alu_en_o'. (LINT-31)
Warning: In design 'r_state_ctrl_1_97', output port 'black_compute_o' is connected directly to output port 'dst_black_o'. (LINT-31)
Warning: In design 'r_state_ctrl_1_98', output port 'shift_en_o' is connected directly to output port 'alu_en_o'. (LINT-31)
Warning: In design 'r_state_ctrl_1_98', output port 'black_compute_o' is connected directly to output port 'dst_black_o'. (LINT-31)
Warning: In design 'sol_acc_0_0', output port 'scan_out' is connected directly to output port 'u_red_o[0]'. (LINT-31)
Warning: In design 'sol_acc_0_1', output port 'scan_out' is connected directly to output port 'u_red_o[0]'. (LINT-31)
Warning: In design 'sol_acc_0_2', output port 'scan_out' is connected directly to output port 'u_red_o[0]'. (LINT-31)
Warning: In design 'sol_acc_0_3', output port 'scan_out' is connected directly to output port 'u_red_o[0]'. (LINT-31)
Warning: In design 'sol_acc_0_4', output port 'scan_out' is connected directly to output port 'u_red_o[0]'. (LINT-31)
Warning: In design 'sol_acc_0_5', output port 'scan_out' is connected directly to output port 'u_red_o[0]'. (LINT-31)
Warning: In design 'sol_acc_0_6', output port 'scan_out' is connected directly to output port 'u_red_o[0]'. (LINT-31)
Warning: In design 'sol_acc_0_7', output port 'scan_out' is connected directly to output port 'u_red_o[0]'. (LINT-31)
Warning: In design 'sol_acc_0_8', output port 'scan_out' is connected directly to output port 'u_red_o[0]'. (LINT-31)
Warning: In design 'sol_acc_0_9', output port 'scan_out' is connected directly to output port 'u_red_o[0]'. (LINT-31)
Warning: In design 'sol_acc_0_10', output port 'scan_out' is connected directly to output port 'u_red_o[0]'. (LINT-31)
Warning: In design 'sol_acc_0_11', output port 'scan_out' is connected directly to output port 'u_red_o[0]'. (LINT-31)
Warning: In design 'sol_acc_0_12', output port 'scan_out' is connected directly to output port 'u_red_o[0]'. (LINT-31)
Warning: In design 'sol_acc_0_13', output port 'scan_out' is connected directly to output port 'u_red_o[0]'. (LINT-31)
Warning: In design 'sol_acc_0_14', output port 'scan_out' is connected directly to output port 'u_red_o[0]'. (LINT-31)
Warning: In design 'sol_acc_0_15', output port 'scan_out' is connected directly to output port 'u_red_o[0]'. (LINT-31)
Warning: In design 'sol_acc_0_16', output port 'scan_out' is connected directly to output port 'u_red_o[0]'. (LINT-31)
Warning: In design 'sol_acc_0_17', output port 'scan_out' is connected directly to output port 'u_red_o[0]'. (LINT-31)
Warning: In design 'sol_acc_0_18', output port 'scan_out' is connected directly to output port 'u_red_o[0]'. (LINT-31)
Warning: In design 'sol_acc_0_19', output port 'scan_out' is connected directly to output port 'u_red_o[0]'. (LINT-31)
Warning: In design 'sol_acc_0_20', output port 'scan_out' is connected directly to output port 'u_red_o[0]'. (LINT-31)
Warning: In design 'sol_acc_0_21', output port 'scan_out' is connected directly to output port 'u_red_o[0]'. (LINT-31)
Warning: In design 'sol_acc_0_22', output port 'scan_out' is connected directly to output port 'u_red_o[0]'. (LINT-31)
Warning: In design 'sol_acc_0_23', output port 'scan_out' is connected directly to output port 'u_red_o[0]'. (LINT-31)
Warning: In design 'sol_acc_0_24', output port 'scan_out' is connected directly to output port 'u_red_o[0]'. (LINT-31)
Warning: In design 'sol_acc_0_25', output port 'scan_out' is connected directly to output port 'u_red_o[0]'. (LINT-31)
Warning: In design 'sol_acc_0_26', output port 'scan_out' is connected directly to output port 'u_red_o[0]'. (LINT-31)
Warning: In design 'sol_acc_0_27', output port 'scan_out' is connected directly to output port 'u_red_o[0]'. (LINT-31)
Warning: In design 'sol_acc_0_28', output port 'scan_out' is connected directly to output port 'u_red_o[0]'. (LINT-31)
Warning: In design 'sol_acc_0_29', output port 'scan_out' is connected directly to output port 'u_red_o[0]'. (LINT-31)
Warning: In design 'sol_acc_0_30', output port 'scan_out' is connected directly to output port 'u_red_o[0]'. (LINT-31)
Warning: In design 'sol_acc_0_31', output port 'scan_out' is connected directly to output port 'u_red_o[0]'. (LINT-31)
Warning: In design 'sol_acc_0_32', output port 'scan_out' is connected directly to output port 'u_red_o[0]'. (LINT-31)
Warning: In design 'sol_acc_0_33', output port 'scan_out' is connected directly to output port 'u_red_o[0]'. (LINT-31)
Warning: In design 'sol_acc_0_34', output port 'scan_out' is connected directly to output port 'u_red_o[0]'. (LINT-31)
Warning: In design 'sol_acc_0_35', output port 'scan_out' is connected directly to output port 'u_red_o[0]'. (LINT-31)
Warning: In design 'sol_acc_0_36', output port 'scan_out' is connected directly to output port 'u_red_o[0]'. (LINT-31)
Warning: In design 'sol_acc_0_37', output port 'scan_out' is connected directly to output port 'u_red_o[0]'. (LINT-31)
Warning: In design 'sol_acc_0_38', output port 'scan_out' is connected directly to output port 'u_red_o[0]'. (LINT-31)
Warning: In design 'sol_acc_0_39', output port 'scan_out' is connected directly to output port 'u_red_o[0]'. (LINT-31)
Warning: In design 'sol_acc_0_40', output port 'scan_out' is connected directly to output port 'u_red_o[0]'. (LINT-31)
Warning: In design 'sol_acc_0_41', output port 'scan_out' is connected directly to output port 'u_red_o[0]'. (LINT-31)
Warning: In design 'sol_acc_0_42', output port 'scan_out' is connected directly to output port 'u_red_o[0]'. (LINT-31)
Warning: In design 'sol_acc_0_43', output port 'scan_out' is connected directly to output port 'u_red_o[0]'. (LINT-31)
Warning: In design 'sol_acc_0_44', output port 'scan_out' is connected directly to output port 'u_red_o[0]'. (LINT-31)
Warning: In design 'sol_acc_0_45', output port 'scan_out' is connected directly to output port 'u_red_o[0]'. (LINT-31)
Warning: In design 'sol_acc_0_46', output port 'scan_out' is connected directly to output port 'u_red_o[0]'. (LINT-31)
Warning: In design 'sol_acc_0_47', output port 'scan_out' is connected directly to output port 'u_red_o[0]'. (LINT-31)
Warning: In design 'sol_acc_0_48', output port 'scan_out' is connected directly to output port 'u_red_o[0]'. (LINT-31)
Warning: In design 'sol_acc_0_49', output port 'scan_out' is connected directly to output port 'u_red_o[0]'. (LINT-31)
Warning: In design 'sol_acc_0_50', output port 'scan_out' is connected directly to output port 'u_red_o[0]'. (LINT-31)
Warning: In design 'sol_acc_0_51', output port 'scan_out' is connected directly to output port 'u_red_o[0]'. (LINT-31)
Warning: In design 'sol_acc_0_52', output port 'scan_out' is connected directly to output port 'u_red_o[0]'. (LINT-31)
Warning: In design 'sol_acc_0_53', output port 'scan_out' is connected directly to output port 'u_red_o[0]'. (LINT-31)
Warning: In design 'sol_acc_0_54', output port 'scan_out' is connected directly to output port 'u_red_o[0]'. (LINT-31)
Warning: In design 'sol_acc_0_55', output port 'scan_out' is connected directly to output port 'u_red_o[0]'. (LINT-31)
Warning: In design 'sol_acc_0_56', output port 'scan_out' is connected directly to output port 'u_red_o[0]'. (LINT-31)
Warning: In design 'sol_acc_0_57', output port 'scan_out' is connected directly to output port 'u_red_o[0]'. (LINT-31)
Warning: In design 'sol_acc_0_58', output port 'scan_out' is connected directly to output port 'u_red_o[0]'. (LINT-31)
Warning: In design 'sol_acc_0_59', output port 'scan_out' is connected directly to output port 'u_red_o[0]'. (LINT-31)
Warning: In design 'sol_acc_0_60', output port 'scan_out' is connected directly to output port 'u_red_o[0]'. (LINT-31)
Warning: In design 'sol_acc_0_61', output port 'scan_out' is connected directly to output port 'u_red_o[0]'. (LINT-31)
Warning: In design 'sol_acc_0_62', output port 'scan_out' is connected directly to output port 'u_red_o[0]'. (LINT-31)
Warning: In design 'sol_acc_0_63', output port 'scan_out' is connected directly to output port 'u_red_o[0]'. (LINT-31)
Warning: In design 'sol_acc_0_64', output port 'scan_out' is connected directly to output port 'u_red_o[0]'. (LINT-31)
Warning: In design 'sol_acc_0_65', output port 'scan_out' is connected directly to output port 'u_red_o[0]'. (LINT-31)
Warning: In design 'sol_acc_0_66', output port 'scan_out' is connected directly to output port 'u_red_o[0]'. (LINT-31)
Warning: In design 'sol_acc_0_67', output port 'scan_out' is connected directly to output port 'u_red_o[0]'. (LINT-31)
Warning: In design 'sol_acc_0_68', output port 'scan_out' is connected directly to output port 'u_red_o[0]'. (LINT-31)
Warning: In design 'sol_acc_0_69', output port 'scan_out' is connected directly to output port 'u_red_o[0]'. (LINT-31)
Warning: In design 'sol_acc_0_70', output port 'scan_out' is connected directly to output port 'u_red_o[0]'. (LINT-31)
Warning: In design 'sol_acc_0_71', output port 'scan_out' is connected directly to output port 'u_red_o[0]'. (LINT-31)
Warning: In design 'sol_acc_0_72', output port 'scan_out' is connected directly to output port 'u_red_o[0]'. (LINT-31)
Warning: In design 'sol_acc_0_73', output port 'scan_out' is connected directly to output port 'u_red_o[0]'. (LINT-31)
Warning: In design 'sol_acc_0_74', output port 'scan_out' is connected directly to output port 'u_red_o[0]'. (LINT-31)
Warning: In design 'sol_acc_0_75', output port 'scan_out' is connected directly to output port 'u_red_o[0]'. (LINT-31)
Warning: In design 'sol_acc_0_76', output port 'scan_out' is connected directly to output port 'u_red_o[0]'. (LINT-31)
Warning: In design 'sol_acc_0_77', output port 'scan_out' is connected directly to output port 'u_red_o[0]'. (LINT-31)
Warning: In design 'sol_acc_0_78', output port 'scan_out' is connected directly to output port 'u_red_o[0]'. (LINT-31)
Warning: In design 'sol_acc_0_79', output port 'scan_out' is connected directly to output port 'u_red_o[0]'. (LINT-31)
Warning: In design 'sol_acc_0_80', output port 'scan_out' is connected directly to output port 'u_red_o[0]'. (LINT-31)
Warning: In design 'sol_acc_0_81', output port 'scan_out' is connected directly to output port 'u_red_o[0]'. (LINT-31)
Warning: In design 'sol_acc_0_82', output port 'scan_out' is connected directly to output port 'u_red_o[0]'. (LINT-31)
Warning: In design 'sol_acc_0_83', output port 'scan_out' is connected directly to output port 'u_red_o[0]'. (LINT-31)
Warning: In design 'sol_acc_0_84', output port 'scan_out' is connected directly to output port 'u_red_o[0]'. (LINT-31)
Warning: In design 'sol_acc_0_85', output port 'scan_out' is connected directly to output port 'u_red_o[0]'. (LINT-31)
Warning: In design 'sol_acc_0_86', output port 'scan_out' is connected directly to output port 'u_red_o[0]'. (LINT-31)
Warning: In design 'sol_acc_0_87', output port 'scan_out' is connected directly to output port 'u_red_o[0]'. (LINT-31)
Warning: In design 'sol_acc_0_88', output port 'scan_out' is connected directly to output port 'u_red_o[0]'. (LINT-31)
Warning: In design 'sol_acc_0_89', output port 'scan_out' is connected directly to output port 'u_red_o[0]'. (LINT-31)
Warning: In design 'sol_acc_0_90', output port 'scan_out' is connected directly to output port 'u_red_o[0]'. (LINT-31)
Warning: In design 'sol_acc_0_91', output port 'scan_out' is connected directly to output port 'u_red_o[0]'. (LINT-31)
Warning: In design 'sol_acc_0_92', output port 'scan_out' is connected directly to output port 'u_red_o[0]'. (LINT-31)
Warning: In design 'sol_acc_0_93', output port 'scan_out' is connected directly to output port 'u_red_o[0]'. (LINT-31)
Warning: In design 'sol_acc_0_94', output port 'scan_out' is connected directly to output port 'u_red_o[0]'. (LINT-31)
Warning: In design 'sol_acc_0_95', output port 'scan_out' is connected directly to output port 'u_red_o[0]'. (LINT-31)
Warning: In design 'sol_acc_0_96', output port 'scan_out' is connected directly to output port 'u_red_o[0]'. (LINT-31)
Warning: In design 'sol_acc_0_97', output port 'scan_out' is connected directly to output port 'u_red_o[0]'. (LINT-31)
Warning: In design 'sol_acc_0_98', output port 'scan_out' is connected directly to output port 'u_red_o[0]'. (LINT-31)
Warning: In design 'pde_chip_top_20_20_1_1_1_4096_10', a pin on submodule 'u_core' is connected to logic 1 or logic 0. (LINT-32)
   Pin 'scan_in' is connected to logic 0. 
Warning: In design 'pde_core_20_20_1_1_1_4096_10', a pin on submodule 'u_tcu' is connected to logic 1 or logic 0. (LINT-32)
   Pin 'read_len[31]' is connected to logic 0. 
Warning: In design 'pde_core_20_20_1_1_1_4096_10', a pin on submodule 'u_tcu' is connected to logic 1 or logic 0. (LINT-32)
   Pin 'read_len[30]' is connected to logic 0. 
Warning: In design 'pde_core_20_20_1_1_1_4096_10', a pin on submodule 'u_tcu' is connected to logic 1 or logic 0. (LINT-32)
   Pin 'read_len[29]' is connected to logic 0. 
Warning: In design 'pde_core_20_20_1_1_1_4096_10', a pin on submodule 'u_tcu' is connected to logic 1 or logic 0. (LINT-32)
   Pin 'read_len[28]' is connected to logic 0. 
Warning: In design 'pde_core_20_20_1_1_1_4096_10', a pin on submodule 'u_tcu' is connected to logic 1 or logic 0. (LINT-32)
   Pin 'read_len[27]' is connected to logic 0. 
Warning: In design 'pde_core_20_20_1_1_1_4096_10', a pin on submodule 'u_tcu' is connected to logic 1 or logic 0. (LINT-32)
   Pin 'read_len[26]' is connected to logic 0. 
Warning: In design 'pde_core_20_20_1_1_1_4096_10', a pin on submodule 'u_tcu' is connected to logic 1 or logic 0. (LINT-32)
   Pin 'read_len[25]' is connected to logic 0. 
Warning: In design 'pde_core_20_20_1_1_1_4096_10', a pin on submodule 'u_tcu' is connected to logic 1 or logic 0. (LINT-32)
   Pin 'read_len[24]' is connected to logic 0. 
Warning: In design 'pde_core_20_20_1_1_1_4096_10', a pin on submodule 'u_tcu' is connected to logic 1 or logic 0. (LINT-32)
   Pin 'read_len[23]' is connected to logic 0. 
Warning: In design 'pde_core_20_20_1_1_1_4096_10', a pin on submodule 'u_tcu' is connected to logic 1 or logic 0. (LINT-32)
   Pin 'read_len[22]' is connected to logic 0. 
Warning: In design 'pde_core_20_20_1_1_1_4096_10', a pin on submodule 'u_tcu' is connected to logic 1 or logic 0. (LINT-32)
   Pin 'read_len[21]' is connected to logic 0. 
Warning: In design 'pde_core_20_20_1_1_1_4096_10', a pin on submodule 'u_tcu' is connected to logic 1 or logic 0. (LINT-32)
   Pin 'read_len[20]' is connected to logic 0. 
Warning: In design 'pde_core_20_20_1_1_1_4096_10', a pin on submodule 'u_tcu' is connected to logic 1 or logic 0. (LINT-32)
   Pin 'read_len[19]' is connected to logic 0. 
Warning: In design 'pde_core_20_20_1_1_1_4096_10', a pin on submodule 'u_tcu' is connected to logic 1 or logic 0. (LINT-32)
   Pin 'read_len[18]' is connected to logic 0. 
Warning: In design 'pde_core_20_20_1_1_1_4096_10', a pin on submodule 'u_tcu' is connected to logic 1 or logic 0. (LINT-32)
   Pin 'read_len[17]' is connected to logic 0. 
Warning: In design 'pde_core_20_20_1_1_1_4096_10', a pin on submodule 'u_tcu' is connected to logic 1 or logic 0. (LINT-32)
   Pin 'read_len[16]' is connected to logic 0. 
Warning: In design 'pde_core_20_20_1_1_1_4096_10', a pin on submodule 'u_tcu' is connected to logic 1 or logic 0. (LINT-32)
   Pin 'read_len[15]' is connected to logic 0. 
Warning: In design 'pde_core_20_20_1_1_1_4096_10', a pin on submodule 'u_tcu' is connected to logic 1 or logic 0. (LINT-32)
   Pin 'read_len[14]' is connected to logic 0. 
Warning: In design 'pde_core_20_20_1_1_1_4096_10', a pin on submodule 'u_tcu' is connected to logic 1 or logic 0. (LINT-32)
   Pin 'read_len[13]' is connected to logic 0. 
Warning: In design 'pde_core_20_20_1_1_1_4096_10', a pin on submodule 'u_tcu' is connected to logic 1 or logic 0. (LINT-32)
   Pin 'read_len[12]' is connected to logic 1. 
Warning: In design 'pde_core_20_20_1_1_1_4096_10', a pin on submodule 'u_tcu' is connected to logic 1 or logic 0. (LINT-32)
   Pin 'read_len[11]' is connected to logic 1. 
Warning: In design 'pde_core_20_20_1_1_1_4096_10', a pin on submodule 'u_tcu' is connected to logic 1 or logic 0. (LINT-32)
   Pin 'read_len[10]' is connected to logic 0. 
Warning: In design 'pde_core_20_20_1_1_1_4096_10', a pin on submodule 'u_tcu' is connected to logic 1 or logic 0. (LINT-32)
   Pin 'read_len[9]' is connected to logic 0. 
Warning: In design 'pde_core_20_20_1_1_1_4096_10', a pin on submodule 'u_tcu' is connected to logic 1 or logic 0. (LINT-32)
   Pin 'read_len[8]' is connected to logic 1. 
Warning: In design 'pde_core_20_20_1_1_1_4096_10', a pin on submodule 'u_tcu' is connected to logic 1 or logic 0. (LINT-32)
   Pin 'read_len[7]' is connected to logic 0. 
Warning: In design 'pde_core_20_20_1_1_1_4096_10', a pin on submodule 'u_tcu' is connected to logic 1 or logic 0. (LINT-32)
   Pin 'read_len[6]' is connected to logic 0. 
Warning: In design 'pde_core_20_20_1_1_1_4096_10', a pin on submodule 'u_tcu' is connected to logic 1 or logic 0. (LINT-32)
   Pin 'read_len[5]' is connected to logic 0. 
Warning: In design 'pde_core_20_20_1_1_1_4096_10', a pin on submodule 'u_tcu' is connected to logic 1 or logic 0. (LINT-32)
   Pin 'read_len[4]' is connected to logic 0. 
Warning: In design 'pde_core_20_20_1_1_1_4096_10', a pin on submodule 'u_tcu' is connected to logic 1 or logic 0. (LINT-32)
   Pin 'read_len[3]' is connected to logic 0. 
Warning: In design 'pde_core_20_20_1_1_1_4096_10', a pin on submodule 'u_tcu' is connected to logic 1 or logic 0. (LINT-32)
   Pin 'read_len[2]' is connected to logic 0. 
Warning: In design 'pde_core_20_20_1_1_1_4096_10', a pin on submodule 'u_tcu' is connected to logic 1 or logic 0. (LINT-32)
   Pin 'read_len[1]' is connected to logic 0. 
Warning: In design 'pde_core_20_20_1_1_1_4096_10', a pin on submodule 'u_tcu' is connected to logic 1 or logic 0. (LINT-32)
   Pin 'read_len[0]' is connected to logic 0. 
Warning: In design 'pde_chip_top_20_20_1_1_1_4096_10', the same net is connected to more than one pin on submodule 'u_core'. (LINT-33)
   Net 'core_start' is connected to pins 'start', 'load_en''.
Warning: In design 'pde_core_20_20_1_1_1_4096_10', the same net is connected to more than one pin on submodule 'u_tcu'. (LINT-33)
   Net '*Logic0*' is connected to pins 'read_len[31]', 'read_len[30]'', 'read_len[29]', 'read_len[28]', 'read_len[27]', 'read_len[26]', 'read_len[25]', 'read_len[24]', 'read_len[23]', 'read_len[22]', 'read_len[21]', 'read_len[20]', 'read_len[19]', 'read_len[18]', 'read_len[17]', 'read_len[16]', 'read_len[15]', 'read_len[14]', 'read_len[13]', 'read_len[10]', 'read_len[9]', 'read_len[7]', 'read_len[6]', 'read_len[5]', 'read_len[4]', 'read_len[3]', 'read_len[2]', 'read_len[1]', 'read_len[0]'.
Warning: In design 'pde_core_20_20_1_1_1_4096_10', the same net is connected to more than one pin on submodule 'u_tcu'. (LINT-33)
   Net '*Logic1*' is connected to pins 'read_len[12]', 'read_len[11]'', 'read_len[8]'.
Warning: In design 'pde_chip_top_20_20_1_1_1_4096_10', output port 'cfg_ready' is connected directly to 'logic 1'. (LINT-52)
1
