 
****************************************
Report : constraint
        -all_violators
Design : pde_chip_top_safe
Version: O-2018.06-SP1
Date   : Sat Aug  1 02:45:14 2026
****************************************


   max_transition

                             Required        Actual
   Net                      Transition     Transition        Slack
   -----------------------------------------------------------------
   u_impl/n6998                 0.50           0.51          -0.01  (VIOLATED)
       PIN :   u_impl/U1094/B2
                                0.50           0.51          -0.01  (VIOLATED)
       PIN :   u_impl/U1094/A1
                                0.50           0.51          -0.01  (VIOLATED)
       PIN :   u_impl/U9999/B2
                                0.50           0.51          -0.01  (VIOLATED)
       PIN :   u_impl/U9999/A1
                                0.50           0.51          -0.01  (VIOLATED)
       PIN :   u_impl/U10018/B2
                                0.50           0.51          -0.01  (VIOLATED)
       PIN :   u_impl/U10018/A1
                                0.50           0.51          -0.01  (VIOLATED)
       PIN :   u_impl/U10020/B2
                                0.50           0.51          -0.01  (VIOLATED)
       PIN :   u_impl/U10020/A1
                                0.50           0.51          -0.01  (VIOLATED)
       PIN :   u_impl/U10021/B2
                                0.50           0.51          -0.01  (VIOLATED)
       PIN :   u_impl/U10021/A1
                                0.50           0.51          -0.01  (VIOLATED)
       PIN :   u_impl/U10059/B2
                                0.50           0.51          -0.01  (VIOLATED)
       PIN :   u_impl/U10059/A1
                                0.50           0.51          -0.01  (VIOLATED)
       PIN :   u_impl/U13201/I
                                0.50           0.51          -0.01  (VIOLATED)
       PIN :   u_impl/U13202/B2
                                0.50           0.51          -0.01  (VIOLATED)
       PIN :   u_impl/U13203/B2
                                0.50           0.51          -0.01  (VIOLATED)
       PIN :   u_impl/U13204/B2
                                0.50           0.51          -0.01  (VIOLATED)
       PIN :   u_impl/U13205/B2
                                0.50           0.51          -0.01  (VIOLATED)
       PIN :   u_impl/U13206/B2
                                0.50           0.51          -0.01  (VIOLATED)
       PIN :   u_impl/U13207/B2
                                0.50           0.51          -0.01  (VIOLATED)
       PIN :   u_impl/U13208/B2
                                0.50           0.51          -0.01  (VIOLATED)
       PIN :   u_impl/U13209/B2
                                0.50           0.51          -0.01  (VIOLATED)
       PIN :   u_impl/U13210/B2
                                0.50           0.51          -0.01  (VIOLATED)
       PIN :   u_impl/U13211/B2
                                0.50           0.51          -0.01  (VIOLATED)
       PIN :   u_impl/U9998/ZN
                                0.50           0.51          -0.01  (VIOLATED)
   u_impl/n7000                 0.50           0.51          -0.01  (VIOLATED)
       PIN :   u_impl/U1093/B2
                                0.50           0.51          -0.01  (VIOLATED)
       PIN :   u_impl/U1093/A1
                                0.50           0.51          -0.01  (VIOLATED)
       PIN :   u_impl/U10043/B2
                                0.50           0.51          -0.01  (VIOLATED)
       PIN :   u_impl/U10043/A1
                                0.50           0.51          -0.01  (VIOLATED)
       PIN :   u_impl/U10044/B2
                                0.50           0.51          -0.01  (VIOLATED)
       PIN :   u_impl/U10044/A1
                                0.50           0.51          -0.01  (VIOLATED)
       PIN :   u_impl/U10048/B2
                                0.50           0.51          -0.01  (VIOLATED)
       PIN :   u_impl/U10048/A1
                                0.50           0.51          -0.01  (VIOLATED)
       PIN :   u_impl/U10058/B2
                                0.50           0.51          -0.01  (VIOLATED)
       PIN :   u_impl/U10058/A1
                                0.50           0.51          -0.01  (VIOLATED)
       PIN :   u_impl/U10063/B2
                                0.50           0.51          -0.01  (VIOLATED)
       PIN :   u_impl/U10063/A1
                                0.50           0.51          -0.01  (VIOLATED)
       PIN :   u_impl/U13212/I
                                0.50           0.51          -0.01  (VIOLATED)
       PIN :   u_impl/U13213/B2
                                0.50           0.51          -0.01  (VIOLATED)
       PIN :   u_impl/U13214/B2
                                0.50           0.51          -0.01  (VIOLATED)
       PIN :   u_impl/U13215/B2
                                0.50           0.51          -0.01  (VIOLATED)
       PIN :   u_impl/U13216/B2
                                0.50           0.51          -0.01  (VIOLATED)
       PIN :   u_impl/U13217/B2
                                0.50           0.51          -0.01  (VIOLATED)
       PIN :   u_impl/U13218/B2
                                0.50           0.51          -0.01  (VIOLATED)
       PIN :   u_impl/U13219/B2
                                0.50           0.51          -0.01  (VIOLATED)
       PIN :   u_impl/U13220/B2
                                0.50           0.51          -0.01  (VIOLATED)
       PIN :   u_impl/U13221/B2
                                0.50           0.51          -0.01  (VIOLATED)
       PIN :   u_impl/U13222/B2
                                0.50           0.51          -0.01  (VIOLATED)
       PIN :   u_impl/U10000/ZN
                                0.50           0.51          -0.01  (VIOLATED)
   u_impl/n7003                 0.50           0.51          -0.01  (VIOLATED)
       PIN :   u_impl/U1092/B2
                                0.50           0.51          -0.01  (VIOLATED)
       PIN :   u_impl/U1092/A1
                                0.50           0.51          -0.01  (VIOLATED)
       PIN :   u_impl/U10010/B2
                                0.50           0.51          -0.01  (VIOLATED)
       PIN :   u_impl/U10010/A1
                                0.50           0.51          -0.01  (VIOLATED)
       PIN :   u_impl/U10019/B2
                                0.50           0.51          -0.01  (VIOLATED)
       PIN :   u_impl/U10019/A1
                                0.50           0.51          -0.01  (VIOLATED)
       PIN :   u_impl/U10027/B2
                                0.50           0.51          -0.01  (VIOLATED)
       PIN :   u_impl/U10027/A1
                                0.50           0.51          -0.01  (VIOLATED)
       PIN :   u_impl/U10033/B2
                                0.50           0.51          -0.01  (VIOLATED)
       PIN :   u_impl/U10033/A1
                                0.50           0.51          -0.01  (VIOLATED)
       PIN :   u_impl/U10035/B2
                                0.50           0.51          -0.01  (VIOLATED)
       PIN :   u_impl/U10035/A1
                                0.50           0.51          -0.01  (VIOLATED)
       PIN :   u_impl/U13223/I
                                0.50           0.51          -0.01  (VIOLATED)
       PIN :   u_impl/U13224/B2
                                0.50           0.51          -0.01  (VIOLATED)
       PIN :   u_impl/U13225/B2
                                0.50           0.51          -0.01  (VIOLATED)
       PIN :   u_impl/U13226/B2
                                0.50           0.51          -0.01  (VIOLATED)
       PIN :   u_impl/U13227/B2
                                0.50           0.51          -0.01  (VIOLATED)
       PIN :   u_impl/U13228/B2
                                0.50           0.51          -0.01  (VIOLATED)
       PIN :   u_impl/U13229/B2
                                0.50           0.51          -0.01  (VIOLATED)
       PIN :   u_impl/U13230/B2
                                0.50           0.51          -0.01  (VIOLATED)
       PIN :   u_impl/U13231/B2
                                0.50           0.51          -0.01  (VIOLATED)
       PIN :   u_impl/U13232/B2
                                0.50           0.51          -0.01  (VIOLATED)
       PIN :   u_impl/U13233/B2
                                0.50           0.51          -0.01  (VIOLATED)
       PIN :   u_impl/U10009/ZN
                                0.50           0.51          -0.01  (VIOLATED)
   u_impl/n7005                 0.50           0.51          -0.01  (VIOLATED)
       PIN :   u_impl/U1090/B2
                                0.50           0.51          -0.01  (VIOLATED)
       PIN :   u_impl/U1090/A1
                                0.50           0.51          -0.01  (VIOLATED)
       PIN :   u_impl/U1091/B2
                                0.50           0.51          -0.01  (VIOLATED)
       PIN :   u_impl/U1091/A1
                                0.50           0.51          -0.01  (VIOLATED)
       PIN :   u_impl/U10012/B2
                                0.50           0.51          -0.01  (VIOLATED)
       PIN :   u_impl/U10012/A1
                                0.50           0.51          -0.01  (VIOLATED)
       PIN :   u_impl/U10017/B2
                                0.50           0.51          -0.01  (VIOLATED)
       PIN :   u_impl/U10017/A1
                                0.50           0.51          -0.01  (VIOLATED)
       PIN :   u_impl/U10029/B2
                                0.50           0.51          -0.01  (VIOLATED)
       PIN :   u_impl/U10029/A1
                                0.50           0.51          -0.01  (VIOLATED)
       PIN :   u_impl/U10034/B2
                                0.50           0.51          -0.01  (VIOLATED)
       PIN :   u_impl/U10034/A1
                                0.50           0.51          -0.01  (VIOLATED)
       PIN :   u_impl/U13234/I
                                0.50           0.51          -0.01  (VIOLATED)
       PIN :   u_impl/U13236/B2
                                0.50           0.51          -0.01  (VIOLATED)
       PIN :   u_impl/U13237/B2
                                0.50           0.51          -0.01  (VIOLATED)
       PIN :   u_impl/U13238/B2
                                0.50           0.51          -0.01  (VIOLATED)
       PIN :   u_impl/U13239/B2
                                0.50           0.51          -0.01  (VIOLATED)
       PIN :   u_impl/U13240/B2
                                0.50           0.51          -0.01  (VIOLATED)
       PIN :   u_impl/U13241/B2
                                0.50           0.51          -0.01  (VIOLATED)
       PIN :   u_impl/U13242/B2
                                0.50           0.51          -0.01  (VIOLATED)
       PIN :   u_impl/U13243/B2
                                0.50           0.51          -0.01  (VIOLATED)
       PIN :   u_impl/U13244/B2
                                0.50           0.51          -0.01  (VIOLATED)
       PIN :   u_impl/U13245/B2
                                0.50           0.51          -0.01  (VIOLATED)
       PIN :   u_impl/U10011/ZN
                                0.50           0.51          -0.01  (VIOLATED)
   u_impl/n7007                 0.50           0.51          -0.01  (VIOLATED)
       PIN :   u_impl/U1089/B2
                                0.50           0.51          -0.01  (VIOLATED)
       PIN :   u_impl/U1089/A1
                                0.50           0.51          -0.01  (VIOLATED)
       PIN :   u_impl/U9992/B2
                                0.50           0.51          -0.01  (VIOLATED)
       PIN :   u_impl/U9992/A1
                                0.50           0.51          -0.01  (VIOLATED)
       PIN :   u_impl/U10026/B2
                                0.50           0.51          -0.01  (VIOLATED)
       PIN :   u_impl/U10026/A1
                                0.50           0.51          -0.01  (VIOLATED)
       PIN :   u_impl/U10030/B2
                                0.50           0.51          -0.01  (VIOLATED)
       PIN :   u_impl/U10030/A1
                                0.50           0.51          -0.01  (VIOLATED)
       PIN :   u_impl/U10032/B2
                                0.50           0.51          -0.01  (VIOLATED)
       PIN :   u_impl/U10032/A1
                                0.50           0.51          -0.01  (VIOLATED)
       PIN :   u_impl/U10062/B2
                                0.50           0.51          -0.01  (VIOLATED)
       PIN :   u_impl/U10062/A1
                                0.50           0.51          -0.01  (VIOLATED)
       PIN :   u_impl/U13246/I
                                0.50           0.51          -0.01  (VIOLATED)
       PIN :   u_impl/U13247/B2
                                0.50           0.51          -0.01  (VIOLATED)
       PIN :   u_impl/U13248/B2
                                0.50           0.51          -0.01  (VIOLATED)
       PIN :   u_impl/U13249/B2
                                0.50           0.51          -0.01  (VIOLATED)
       PIN :   u_impl/U13250/B2
                                0.50           0.51          -0.01  (VIOLATED)
       PIN :   u_impl/U13251/B2
                                0.50           0.51          -0.01  (VIOLATED)
       PIN :   u_impl/U13252/B2
                                0.50           0.51          -0.01  (VIOLATED)
       PIN :   u_impl/U13253/B2
                                0.50           0.51          -0.01  (VIOLATED)
       PIN :   u_impl/U13254/B2
                                0.50           0.51          -0.01  (VIOLATED)
       PIN :   u_impl/U13255/B2
                                0.50           0.51          -0.01  (VIOLATED)
       PIN :   u_impl/U13256/B2
                                0.50           0.51          -0.01  (VIOLATED)
       PIN :   u_impl/U9991/ZN
                                0.50           0.51          -0.01  (VIOLATED)
   u_impl/n7010                 0.50           0.51          -0.01  (VIOLATED)
       PIN :   u_impl/U1088/B2
                                0.50           0.51          -0.01  (VIOLATED)
       PIN :   u_impl/U1088/A1
                                0.50           0.51          -0.01  (VIOLATED)
       PIN :   u_impl/U10008/B2
                                0.50           0.51          -0.01  (VIOLATED)
       PIN :   u_impl/U10008/A1
                                0.50           0.51          -0.01  (VIOLATED)
       PIN :   u_impl/U10023/B2
                                0.50           0.51          -0.01  (VIOLATED)
       PIN :   u_impl/U10023/A1
                                0.50           0.51          -0.01  (VIOLATED)
       PIN :   u_impl/U10024/B2
                                0.50           0.51          -0.01  (VIOLATED)
       PIN :   u_impl/U10024/A1
                                0.50           0.51          -0.01  (VIOLATED)
       PIN :   u_impl/U10041/B2
                                0.50           0.51          -0.01  (VIOLATED)
       PIN :   u_impl/U10041/A1
                                0.50           0.51          -0.01  (VIOLATED)
       PIN :   u_impl/U10066/B2
                                0.50           0.51          -0.01  (VIOLATED)
       PIN :   u_impl/U10066/A1
                                0.50           0.51          -0.01  (VIOLATED)
       PIN :   u_impl/U13257/I
                                0.50           0.51          -0.01  (VIOLATED)
       PIN :   u_impl/U13258/B2
                                0.50           0.51          -0.01  (VIOLATED)
       PIN :   u_impl/U13259/B2
                                0.50           0.51          -0.01  (VIOLATED)
       PIN :   u_impl/U13260/B2
                                0.50           0.51          -0.01  (VIOLATED)
       PIN :   u_impl/U13261/B2
                                0.50           0.51          -0.01  (VIOLATED)
       PIN :   u_impl/U13262/B2
                                0.50           0.51          -0.01  (VIOLATED)
       PIN :   u_impl/U13263/B2
                                0.50           0.51          -0.01  (VIOLATED)
       PIN :   u_impl/U13264/B2
                                0.50           0.51          -0.01  (VIOLATED)
       PIN :   u_impl/U13265/B2
                                0.50           0.51          -0.01  (VIOLATED)
       PIN :   u_impl/U13266/B2
                                0.50           0.51          -0.01  (VIOLATED)
       PIN :   u_impl/U13267/B2
                                0.50           0.51          -0.01  (VIOLATED)
       PIN :   u_impl/U10007/ZN
                                0.50           0.51          -0.01  (VIOLATED)
   u_impl/n7013                 0.50           0.51          -0.01  (VIOLATED)
       PIN :   u_impl/U1087/B2
                                0.50           0.51          -0.01  (VIOLATED)
       PIN :   u_impl/U1087/A1
                                0.50           0.51          -0.01  (VIOLATED)
       PIN :   u_impl/U10006/B2
                                0.50           0.51          -0.01  (VIOLATED)
       PIN :   u_impl/U10006/A1
                                0.50           0.51          -0.01  (VIOLATED)
       PIN :   u_impl/U10045/B2
                                0.50           0.51          -0.01  (VIOLATED)
       PIN :   u_impl/U10045/A1
                                0.50           0.51          -0.01  (VIOLATED)
       PIN :   u_impl/U10050/B2
                                0.50           0.51          -0.01  (VIOLATED)
       PIN :   u_impl/U10050/A1
                                0.50           0.51          -0.01  (VIOLATED)
       PIN :   u_impl/U10053/B2
                                0.50           0.51          -0.01  (VIOLATED)
       PIN :   u_impl/U10053/A1
                                0.50           0.51          -0.01  (VIOLATED)
       PIN :   u_impl/U10060/B2
                                0.50           0.51          -0.01  (VIOLATED)
       PIN :   u_impl/U10060/A1
                                0.50           0.51          -0.01  (VIOLATED)
       PIN :   u_impl/U13268/I
                                0.50           0.51          -0.01  (VIOLATED)
       PIN :   u_impl/U13269/B2
                                0.50           0.51          -0.01  (VIOLATED)
       PIN :   u_impl/U13270/B2
                                0.50           0.51          -0.01  (VIOLATED)
       PIN :   u_impl/U13271/B2
                                0.50           0.51          -0.01  (VIOLATED)
       PIN :   u_impl/U13272/B2
                                0.50           0.51          -0.01  (VIOLATED)
       PIN :   u_impl/U13273/B2
                                0.50           0.51          -0.01  (VIOLATED)
       PIN :   u_impl/U13274/B2
                                0.50           0.51          -0.01  (VIOLATED)
       PIN :   u_impl/U13275/B2
                                0.50           0.51          -0.01  (VIOLATED)
       PIN :   u_impl/U13276/B2
                                0.50           0.51          -0.01  (VIOLATED)
       PIN :   u_impl/U13277/B2
                                0.50           0.51          -0.01  (VIOLATED)
       PIN :   u_impl/U13278/B2
                                0.50           0.51          -0.01  (VIOLATED)
       PIN :   u_impl/U10005/ZN
                                0.50           0.51          -0.01  (VIOLATED)
   u_impl/n7016                 0.50           0.51          -0.01  (VIOLATED)
       PIN :   u_impl/U1086/B2
                                0.50           0.51          -0.01  (VIOLATED)
       PIN :   u_impl/U1086/A1
                                0.50           0.51          -0.01  (VIOLATED)
       PIN :   u_impl/U9995/B2
                                0.50           0.51          -0.01  (VIOLATED)
       PIN :   u_impl/U9995/A1
                                0.50           0.51          -0.01  (VIOLATED)
       PIN :   u_impl/U10038/B2
                                0.50           0.51          -0.01  (VIOLATED)
       PIN :   u_impl/U10038/A1
                                0.50           0.51          -0.01  (VIOLATED)
       PIN :   u_impl/U10042/B2
                                0.50           0.51          -0.01  (VIOLATED)
       PIN :   u_impl/U10042/A1
                                0.50           0.51          -0.01  (VIOLATED)
       PIN :   u_impl/U10068/B2
                                0.50           0.51          -0.01  (VIOLATED)
       PIN :   u_impl/U10068/A1
                                0.50           0.51          -0.01  (VIOLATED)
       PIN :   u_impl/U10144/B2
                                0.50           0.51          -0.01  (VIOLATED)
       PIN :   u_impl/U10144/A1
                                0.50           0.51          -0.01  (VIOLATED)
       PIN :   u_impl/U13279/I
                                0.50           0.51          -0.01  (VIOLATED)
       PIN :   u_impl/U13280/B2
                                0.50           0.51          -0.01  (VIOLATED)
       PIN :   u_impl/U13281/B2
                                0.50           0.51          -0.01  (VIOLATED)
       PIN :   u_impl/U13282/B2
                                0.50           0.51          -0.01  (VIOLATED)
       PIN :   u_impl/U13283/B2
                                0.50           0.51          -0.01  (VIOLATED)
       PIN :   u_impl/U13284/B2
                                0.50           0.51          -0.01  (VIOLATED)
       PIN :   u_impl/U13285/B2
                                0.50           0.51          -0.01  (VIOLATED)
       PIN :   u_impl/U13286/B2
                                0.50           0.51          -0.01  (VIOLATED)
       PIN :   u_impl/U13287/B2
                                0.50           0.51          -0.01  (VIOLATED)
       PIN :   u_impl/U13288/B2
                                0.50           0.51          -0.01  (VIOLATED)
       PIN :   u_impl/U13289/B2
                                0.50           0.51          -0.01  (VIOLATED)
       PIN :   u_impl/U9994/ZN
                                0.50           0.51          -0.01  (VIOLATED)
   u_impl/n7021                 0.50           0.51          -0.01  (VIOLATED)
       PIN :   u_impl/U1085/B2
                                0.50           0.51          -0.01  (VIOLATED)
       PIN :   u_impl/U1085/A1
                                0.50           0.51          -0.01  (VIOLATED)
       PIN :   u_impl/U10004/B2
                                0.50           0.51          -0.01  (VIOLATED)
       PIN :   u_impl/U10004/A1
                                0.50           0.51          -0.01  (VIOLATED)
       PIN :   u_impl/U10049/B2
                                0.50           0.51          -0.01  (VIOLATED)
       PIN :   u_impl/U10049/A1
                                0.50           0.51          -0.01  (VIOLATED)
       PIN :   u_impl/U10051/B2
                                0.50           0.51          -0.01  (VIOLATED)
       PIN :   u_impl/U10051/A1
                                0.50           0.51          -0.01  (VIOLATED)
       PIN :   u_impl/U10064/B2
                                0.50           0.51          -0.01  (VIOLATED)
       PIN :   u_impl/U10064/A1
                                0.50           0.51          -0.01  (VIOLATED)
       PIN :   u_impl/U10142/B2
                                0.50           0.51          -0.01  (VIOLATED)
       PIN :   u_impl/U10142/A1
                                0.50           0.51          -0.01  (VIOLATED)
       PIN :   u_impl/U13290/I
                                0.50           0.51          -0.01  (VIOLATED)
       PIN :   u_impl/U13291/B2
                                0.50           0.51          -0.01  (VIOLATED)
       PIN :   u_impl/U13292/B2
                                0.50           0.51          -0.01  (VIOLATED)
       PIN :   u_impl/U13293/B2
                                0.50           0.51          -0.01  (VIOLATED)
       PIN :   u_impl/U13294/B2
                                0.50           0.51          -0.01  (VIOLATED)
       PIN :   u_impl/U13295/B2
                                0.50           0.51          -0.01  (VIOLATED)
       PIN :   u_impl/U13296/B2
                                0.50           0.51          -0.01  (VIOLATED)
       PIN :   u_impl/U13297/B2
                                0.50           0.51          -0.01  (VIOLATED)
       PIN :   u_impl/U13298/B2
                                0.50           0.51          -0.01  (VIOLATED)
       PIN :   u_impl/U13299/B2
                                0.50           0.51          -0.01  (VIOLATED)
       PIN :   u_impl/U13300/B2
                                0.50           0.51          -0.01  (VIOLATED)
       PIN :   u_impl/U10003/ZN
                                0.50           0.51          -0.01  (VIOLATED)
   u_impl/n7023                 0.50           0.51          -0.01  (VIOLATED)
       PIN :   u_impl/U1084/B2
                                0.50           0.51          -0.01  (VIOLATED)
       PIN :   u_impl/U1084/A1
                                0.50           0.51          -0.01  (VIOLATED)
       PIN :   u_impl/U10002/B2
                                0.50           0.51          -0.01  (VIOLATED)
       PIN :   u_impl/U10002/A1
                                0.50           0.51          -0.01  (VIOLATED)
       PIN :   u_impl/U10040/B2
                                0.50           0.51          -0.01  (VIOLATED)
       PIN :   u_impl/U10040/A1
                                0.50           0.51          -0.01  (VIOLATED)
       PIN :   u_impl/U10057/B2
                                0.50           0.51          -0.01  (VIOLATED)
       PIN :   u_impl/U10057/A1
                                0.50           0.51          -0.01  (VIOLATED)
       PIN :   u_impl/U10067/B2
                                0.50           0.51          -0.01  (VIOLATED)
       PIN :   u_impl/U10067/A1
                                0.50           0.51          -0.01  (VIOLATED)
       PIN :   u_impl/U10143/B2
                                0.50           0.51          -0.01  (VIOLATED)
       PIN :   u_impl/U10143/A1
                                0.50           0.51          -0.01  (VIOLATED)
       PIN :   u_impl/U13301/I
                                0.50           0.51          -0.01  (VIOLATED)
       PIN :   u_impl/U13302/B2
                                0.50           0.51          -0.01  (VIOLATED)
       PIN :   u_impl/U13303/B2
                                0.50           0.51          -0.01  (VIOLATED)
       PIN :   u_impl/U13304/B2
                                0.50           0.51          -0.01  (VIOLATED)
       PIN :   u_impl/U13305/B2
                                0.50           0.51          -0.01  (VIOLATED)
       PIN :   u_impl/U13306/B2
                                0.50           0.51          -0.01  (VIOLATED)
       PIN :   u_impl/U13307/B2
                                0.50           0.51          -0.01  (VIOLATED)
       PIN :   u_impl/U13308/B2
                                0.50           0.51          -0.01  (VIOLATED)
       PIN :   u_impl/U13309/B2
                                0.50           0.51          -0.01  (VIOLATED)
       PIN :   u_impl/U13310/B2
                                0.50           0.51          -0.01  (VIOLATED)
       PIN :   u_impl/U13311/B2
                                0.50           0.51          -0.01  (VIOLATED)
       PIN :   u_impl/U10001/ZN
                                0.50           0.51          -0.01  (VIOLATED)
   u_impl/n7035                 0.50           0.51          -0.01  (VIOLATED)
       PIN :   u_impl/U1079/B2
                                0.50           0.51          -0.01  (VIOLATED)
       PIN :   u_impl/U1079/A1
                                0.50           0.51          -0.01  (VIOLATED)
       PIN :   u_impl/U10014/B2
                                0.50           0.51          -0.01  (VIOLATED)
       PIN :   u_impl/U10014/A1
                                0.50           0.51          -0.01  (VIOLATED)
       PIN :   u_impl/U10037/B2
                                0.50           0.51          -0.01  (VIOLATED)
       PIN :   u_impl/U10037/A1
                                0.50           0.51          -0.01  (VIOLATED)
       PIN :   u_impl/U10052/B2
                                0.50           0.51          -0.01  (VIOLATED)
       PIN :   u_impl/U10052/A1
                                0.50           0.51          -0.01  (VIOLATED)
       PIN :   u_impl/U10056/B2
                                0.50           0.51          -0.01  (VIOLATED)
       PIN :   u_impl/U10056/A1
                                0.50           0.51          -0.01  (VIOLATED)
       PIN :   u_impl/U10065/B2
                                0.50           0.51          -0.01  (VIOLATED)
       PIN :   u_impl/U10065/A1
                                0.50           0.51          -0.01  (VIOLATED)
       PIN :   u_impl/U13355/I
                                0.50           0.51          -0.01  (VIOLATED)
       PIN :   u_impl/U13356/B2
                                0.50           0.51          -0.01  (VIOLATED)
       PIN :   u_impl/U13357/B2
                                0.50           0.51          -0.01  (VIOLATED)
       PIN :   u_impl/U13358/B2
                                0.50           0.51          -0.01  (VIOLATED)
       PIN :   u_impl/U13359/B2
                                0.50           0.51          -0.01  (VIOLATED)
       PIN :   u_impl/U13360/B2
                                0.50           0.51          -0.01  (VIOLATED)
       PIN :   u_impl/U13361/B2
                                0.50           0.51          -0.01  (VIOLATED)
       PIN :   u_impl/U13362/B2
                                0.50           0.51          -0.01  (VIOLATED)
       PIN :   u_impl/U13363/B2
                                0.50           0.51          -0.01  (VIOLATED)
       PIN :   u_impl/U13364/B2
                                0.50           0.51          -0.01  (VIOLATED)
       PIN :   u_impl/U13365/B2
                                0.50           0.51          -0.01  (VIOLATED)
       PIN :   u_impl/U10013/ZN
                                0.50           0.51          -0.01  (VIOLATED)
   u_impl/n7037                 0.50           0.51          -0.01  (VIOLATED)
       PIN :   u_impl/U1078/B2
                                0.50           0.51          -0.01  (VIOLATED)
       PIN :   u_impl/U1078/A1
                                0.50           0.51          -0.01  (VIOLATED)
       PIN :   u_impl/U9997/B2
                                0.50           0.51          -0.01  (VIOLATED)
       PIN :   u_impl/U9997/A1
                                0.50           0.51          -0.01  (VIOLATED)
       PIN :   u_impl/U10039/B2
                                0.50           0.51          -0.01  (VIOLATED)
       PIN :   u_impl/U10039/A1
                                0.50           0.51          -0.01  (VIOLATED)
       PIN :   u_impl/U10046/B2
                                0.50           0.51          -0.01  (VIOLATED)
       PIN :   u_impl/U10046/A1
                                0.50           0.51          -0.01  (VIOLATED)
       PIN :   u_impl/U10047/B2
                                0.50           0.51          -0.01  (VIOLATED)
       PIN :   u_impl/U10047/A1
                                0.50           0.51          -0.01  (VIOLATED)
       PIN :   u_impl/U10069/B2
                                0.50           0.51          -0.01  (VIOLATED)
       PIN :   u_impl/U10069/A1
                                0.50           0.51          -0.01  (VIOLATED)
       PIN :   u_impl/U13366/I
                                0.50           0.51          -0.01  (VIOLATED)
       PIN :   u_impl/U13367/B2
                                0.50           0.51          -0.01  (VIOLATED)
       PIN :   u_impl/U13368/B2
                                0.50           0.51          -0.01  (VIOLATED)
       PIN :   u_impl/U13369/B2
                                0.50           0.51          -0.01  (VIOLATED)
       PIN :   u_impl/U13370/B2
                                0.50           0.51          -0.01  (VIOLATED)
       PIN :   u_impl/U13371/B2
                                0.50           0.51          -0.01  (VIOLATED)
       PIN :   u_impl/U13372/B2
                                0.50           0.51          -0.01  (VIOLATED)
       PIN :   u_impl/U13373/B2
                                0.50           0.51          -0.01  (VIOLATED)
       PIN :   u_impl/U13374/B2
                                0.50           0.51          -0.01  (VIOLATED)
       PIN :   u_impl/U13375/B2
                                0.50           0.51          -0.01  (VIOLATED)
       PIN :   u_impl/U13376/B2
                                0.50           0.51          -0.01  (VIOLATED)
       PIN :   u_impl/U9996/ZN
                                0.50           0.51          -0.01  (VIOLATED)
   u_impl/n7039                 0.50           0.51          -0.01  (VIOLATED)
       PIN :   u_impl/U1077/B2
                                0.50           0.51          -0.01  (VIOLATED)
       PIN :   u_impl/U1077/A1
                                0.50           0.51          -0.01  (VIOLATED)
       PIN :   u_impl/U10022/B2
                                0.50           0.51          -0.01  (VIOLATED)
       PIN :   u_impl/U10022/A1
                                0.50           0.51          -0.01  (VIOLATED)
       PIN :   u_impl/U10025/B2
                                0.50           0.51          -0.01  (VIOLATED)
       PIN :   u_impl/U10025/A1
                                0.50           0.51          -0.01  (VIOLATED)
       PIN :   u_impl/U10031/B2
                                0.50           0.51          -0.01  (VIOLATED)
       PIN :   u_impl/U10031/A1
                                0.50           0.51          -0.01  (VIOLATED)
       PIN :   u_impl/U10036/B2
                                0.50           0.51          -0.01  (VIOLATED)
       PIN :   u_impl/U10036/A1
                                0.50           0.51          -0.01  (VIOLATED)
       PIN :   u_impl/U10061/B2
                                0.50           0.51          -0.01  (VIOLATED)
       PIN :   u_impl/U10061/A1
                                0.50           0.51          -0.01  (VIOLATED)
       PIN :   u_impl/U13377/I
                                0.50           0.51          -0.01  (VIOLATED)
       PIN :   u_impl/U13378/B2
                                0.50           0.51          -0.01  (VIOLATED)
       PIN :   u_impl/U13379/B2
                                0.50           0.51          -0.01  (VIOLATED)
       PIN :   u_impl/U13380/B2
                                0.50           0.51          -0.01  (VIOLATED)
       PIN :   u_impl/U13381/B2
                                0.50           0.51          -0.01  (VIOLATED)
       PIN :   u_impl/U13382/B2
                                0.50           0.51          -0.01  (VIOLATED)
       PIN :   u_impl/U13383/B2
                                0.50           0.51          -0.01  (VIOLATED)
       PIN :   u_impl/U13384/B2
                                0.50           0.51          -0.01  (VIOLATED)
       PIN :   u_impl/U13385/B2
                                0.50           0.51          -0.01  (VIOLATED)
       PIN :   u_impl/U13386/B2
                                0.50           0.51          -0.01  (VIOLATED)
       PIN :   u_impl/U13387/B2
                                0.50           0.51          -0.01  (VIOLATED)
       PIN :   u_impl/U10015/ZN
                                0.50           0.51          -0.01  (VIOLATED)
   u_impl/n7287                 0.50           0.51          -0.01  (VIOLATED)
       PIN :   u_impl/U976/B2
                                0.50           0.51          -0.01  (VIOLATED)
       PIN :   u_impl/U976/A1
                                0.50           0.51          -0.01  (VIOLATED)
       PIN :   u_impl/U10112/B2
                                0.50           0.51          -0.01  (VIOLATED)
       PIN :   u_impl/U10112/A1
                                0.50           0.51          -0.01  (VIOLATED)
       PIN :   u_impl/U10113/B2
                                0.50           0.51          -0.01  (VIOLATED)
       PIN :   u_impl/U10113/A1
                                0.50           0.51          -0.01  (VIOLATED)
       PIN :   u_impl/U10116/B2
                                0.50           0.51          -0.01  (VIOLATED)
       PIN :   u_impl/U10116/A1
                                0.50           0.51          -0.01  (VIOLATED)
       PIN :   u_impl/U10149/B2
                                0.50           0.51          -0.01  (VIOLATED)
       PIN :   u_impl/U10149/A1
                                0.50           0.51          -0.01  (VIOLATED)
       PIN :   u_impl/U10153/B2
                                0.50           0.51          -0.01  (VIOLATED)
       PIN :   u_impl/U10153/A1
                                0.50           0.51          -0.01  (VIOLATED)
       PIN :   u_impl/U14415/I
                                0.50           0.51          -0.01  (VIOLATED)
       PIN :   u_impl/U14416/B2
                                0.50           0.51          -0.01  (VIOLATED)
       PIN :   u_impl/U14417/B2
                                0.50           0.51          -0.01  (VIOLATED)
       PIN :   u_impl/U14418/B2
                                0.50           0.51          -0.01  (VIOLATED)
       PIN :   u_impl/U14419/B2
                                0.50           0.51          -0.01  (VIOLATED)
       PIN :   u_impl/U14420/B2
                                0.50           0.51          -0.01  (VIOLATED)
       PIN :   u_impl/U14421/B2
                                0.50           0.51          -0.01  (VIOLATED)
       PIN :   u_impl/U14422/B2
                                0.50           0.51          -0.01  (VIOLATED)
       PIN :   u_impl/U14423/B2
                                0.50           0.51          -0.01  (VIOLATED)
       PIN :   u_impl/U14424/B2
                                0.50           0.51          -0.01  (VIOLATED)
       PIN :   u_impl/U14425/B2
                                0.50           0.51          -0.01  (VIOLATED)
       PIN :   u_impl/U10110/ZN
                                0.50           0.51          -0.01  (VIOLATED)
   u_impl/n7290                 0.50           0.51          -0.01  (VIOLATED)
       PIN :   u_impl/U975/B2
                                0.50           0.51          -0.01  (VIOLATED)
       PIN :   u_impl/U975/A1
                                0.50           0.51          -0.01  (VIOLATED)
       PIN :   u_impl/U10103/B2
                                0.50           0.51          -0.01  (VIOLATED)
       PIN :   u_impl/U10103/A1
                                0.50           0.51          -0.01  (VIOLATED)
       PIN :   u_impl/U10105/B2
                                0.50           0.51          -0.01  (VIOLATED)
       PIN :   u_impl/U10105/A1
                                0.50           0.51          -0.01  (VIOLATED)
       PIN :   u_impl/U10108/B2
                                0.50           0.51          -0.01  (VIOLATED)
       PIN :   u_impl/U10108/A1
                                0.50           0.51          -0.01  (VIOLATED)
       PIN :   u_impl/U10147/B2
                                0.50           0.51          -0.01  (VIOLATED)
       PIN :   u_impl/U10147/A1
                                0.50           0.51          -0.01  (VIOLATED)
       PIN :   u_impl/U10152/B2
                                0.50           0.51          -0.01  (VIOLATED)
       PIN :   u_impl/U10152/A1
                                0.50           0.51          -0.01  (VIOLATED)
       PIN :   u_impl/U14426/I
                                0.50           0.51          -0.01  (VIOLATED)
       PIN :   u_impl/U14427/B2
                                0.50           0.51          -0.01  (VIOLATED)
       PIN :   u_impl/U14428/B2
                                0.50           0.51          -0.01  (VIOLATED)
       PIN :   u_impl/U14429/B2
                                0.50           0.51          -0.01  (VIOLATED)
       PIN :   u_impl/U14430/B2
                                0.50           0.51          -0.01  (VIOLATED)
       PIN :   u_impl/U14431/B2
                                0.50           0.51          -0.01  (VIOLATED)
       PIN :   u_impl/U14432/B2
                                0.50           0.51          -0.01  (VIOLATED)
       PIN :   u_impl/U14433/B2
                                0.50           0.51          -0.01  (VIOLATED)
       PIN :   u_impl/U14434/B2
                                0.50           0.51          -0.01  (VIOLATED)
       PIN :   u_impl/U14435/B2
                                0.50           0.51          -0.01  (VIOLATED)
       PIN :   u_impl/U14436/B2
                                0.50           0.51          -0.01  (VIOLATED)
       PIN :   u_impl/U10102/ZN
                                0.50           0.51          -0.01  (VIOLATED)
   u_impl/n7293                 0.50           0.51          -0.01  (VIOLATED)
       PIN :   u_impl/U974/B2
                                0.50           0.51          -0.01  (VIOLATED)
       PIN :   u_impl/U974/A1
                                0.50           0.51          -0.01  (VIOLATED)
       PIN :   u_impl/U10094/B2
                                0.50           0.51          -0.01  (VIOLATED)
       PIN :   u_impl/U10094/A1
                                0.50           0.51          -0.01  (VIOLATED)
       PIN :   u_impl/U10098/B2
                                0.50           0.51          -0.01  (VIOLATED)
       PIN :   u_impl/U10098/A1
                                0.50           0.51          -0.01  (VIOLATED)
       PIN :   u_impl/U10100/B2
                                0.50           0.51          -0.01  (VIOLATED)
       PIN :   u_impl/U10100/A1
                                0.50           0.51          -0.01  (VIOLATED)
       PIN :   u_impl/U10150/B2
                                0.50           0.51          -0.01  (VIOLATED)
       PIN :   u_impl/U10150/A1
                                0.50           0.51          -0.01  (VIOLATED)
       PIN :   u_impl/U10151/B2
                                0.50           0.51          -0.01  (VIOLATED)
       PIN :   u_impl/U10151/A1
                                0.50           0.51          -0.01  (VIOLATED)
       PIN :   u_impl/U14437/I
                                0.50           0.51          -0.01  (VIOLATED)
       PIN :   u_impl/U14438/B2
                                0.50           0.51          -0.01  (VIOLATED)
       PIN :   u_impl/U14439/B2
                                0.50           0.51          -0.01  (VIOLATED)
       PIN :   u_impl/U14440/B2
                                0.50           0.51          -0.01  (VIOLATED)
       PIN :   u_impl/U14441/B2
                                0.50           0.51          -0.01  (VIOLATED)
       PIN :   u_impl/U14442/B2
                                0.50           0.51          -0.01  (VIOLATED)
       PIN :   u_impl/U14443/B2
                                0.50           0.51          -0.01  (VIOLATED)
       PIN :   u_impl/U14444/B2
                                0.50           0.51          -0.01  (VIOLATED)
       PIN :   u_impl/U14445/B2
                                0.50           0.51          -0.01  (VIOLATED)
       PIN :   u_impl/U14446/B2
                                0.50           0.51          -0.01  (VIOLATED)
       PIN :   u_impl/U14447/B2
                                0.50           0.51          -0.01  (VIOLATED)
       PIN :   u_impl/U10093/ZN
                                0.50           0.51          -0.01  (VIOLATED)
   u_impl/n7296                 0.50           0.51          -0.01  (VIOLATED)
       PIN :   u_impl/U973/B2
                                0.50           0.51          -0.01  (VIOLATED)
       PIN :   u_impl/U973/A1
                                0.50           0.51          -0.01  (VIOLATED)
       PIN :   u_impl/U10083/B2
                                0.50           0.51          -0.01  (VIOLATED)
       PIN :   u_impl/U10083/A1
                                0.50           0.51          -0.01  (VIOLATED)
       PIN :   u_impl/U10084/B2
                                0.50           0.51          -0.01  (VIOLATED)
       PIN :   u_impl/U10084/A1
                                0.50           0.51          -0.01  (VIOLATED)
       PIN :   u_impl/U10085/B2
                                0.50           0.51          -0.01  (VIOLATED)
       PIN :   u_impl/U10085/A1
                                0.50           0.51          -0.01  (VIOLATED)
       PIN :   u_impl/U10148/B2
                                0.50           0.51          -0.01  (VIOLATED)
       PIN :   u_impl/U10148/A1
                                0.50           0.51          -0.01  (VIOLATED)
       PIN :   u_impl/U10154/B2
                                0.50           0.51          -0.01  (VIOLATED)
       PIN :   u_impl/U10154/A1
                                0.50           0.51          -0.01  (VIOLATED)
       PIN :   u_impl/U14448/I
                                0.50           0.51          -0.01  (VIOLATED)
       PIN :   u_impl/U14449/B2
                                0.50           0.51          -0.01  (VIOLATED)
       PIN :   u_impl/U14450/B2
                                0.50           0.51          -0.01  (VIOLATED)
       PIN :   u_impl/U14451/B2
                                0.50           0.51          -0.01  (VIOLATED)
       PIN :   u_impl/U14452/B2
                                0.50           0.51          -0.01  (VIOLATED)
       PIN :   u_impl/U14453/B2
                                0.50           0.51          -0.01  (VIOLATED)
       PIN :   u_impl/U14454/B2
                                0.50           0.51          -0.01  (VIOLATED)
       PIN :   u_impl/U14455/B2
                                0.50           0.51          -0.01  (VIOLATED)
       PIN :   u_impl/U14456/B2
                                0.50           0.51          -0.01  (VIOLATED)
       PIN :   u_impl/U14457/B2
                                0.50           0.51          -0.01  (VIOLATED)
       PIN :   u_impl/U14458/B2
                                0.50           0.51          -0.01  (VIOLATED)
       PIN :   u_impl/U10082/ZN
                                0.50           0.51          -0.01  (VIOLATED)
   u_impl/n7457                 0.50           0.51          -0.01  (VIOLATED)
       PIN :   u_impl/U776/I
                                0.50           0.51          -0.01  (VIOLATED)
       PIN :   u_impl/U900/B2
                                0.50           0.51          -0.01  (VIOLATED)
       PIN :   u_impl/U900/A1
                                0.50           0.51          -0.01  (VIOLATED)
       PIN :   u_impl/U10075/B2
                                0.50           0.51          -0.01  (VIOLATED)
       PIN :   u_impl/U10075/A1
                                0.50           0.51          -0.01  (VIOLATED)
       PIN :   u_impl/U10125/B2
                                0.50           0.51          -0.01  (VIOLATED)
       PIN :   u_impl/U10125/A1
                                0.50           0.51          -0.01  (VIOLATED)
       PIN :   u_impl/U10126/B2
                                0.50           0.51          -0.01  (VIOLATED)
       PIN :   u_impl/U10126/A1
                                0.50           0.51          -0.01  (VIOLATED)
       PIN :   u_impl/U10127/B2
                                0.50           0.51          -0.01  (VIOLATED)
       PIN :   u_impl/U10127/A1
                                0.50           0.51          -0.01  (VIOLATED)
       PIN :   u_impl/U10129/B2
                                0.50           0.51          -0.01  (VIOLATED)
       PIN :   u_impl/U10129/A1
                                0.50           0.51          -0.01  (VIOLATED)
       PIN :   u_impl/U15168/B2
                                0.50           0.51          -0.01  (VIOLATED)
       PIN :   u_impl/U15169/B2
                                0.50           0.51          -0.01  (VIOLATED)
       PIN :   u_impl/U15170/B2
                                0.50           0.51          -0.01  (VIOLATED)
       PIN :   u_impl/U15171/B2
                                0.50           0.51          -0.01  (VIOLATED)
       PIN :   u_impl/U15172/B2
                                0.50           0.51          -0.01  (VIOLATED)
       PIN :   u_impl/U15173/B2
                                0.50           0.51          -0.01  (VIOLATED)
       PIN :   u_impl/U15174/B2
                                0.50           0.51          -0.01  (VIOLATED)
       PIN :   u_impl/U15175/B2
                                0.50           0.51          -0.01  (VIOLATED)
       PIN :   u_impl/U15176/B2
                                0.50           0.51          -0.01  (VIOLATED)
       PIN :   u_impl/U15177/B2
                                0.50           0.51          -0.01  (VIOLATED)
       PIN :   u_impl/U10074/ZN
                                0.50           0.51          -0.01  (VIOLATED)
   u_impl/n7459                 0.50           0.51          -0.01  (VIOLATED)
       PIN :   u_impl/U898/B2
                                0.50           0.51          -0.01  (VIOLATED)
       PIN :   u_impl/U898/A1
                                0.50           0.51          -0.01  (VIOLATED)
       PIN :   u_impl/U899/B2
                                0.50           0.51          -0.01  (VIOLATED)
       PIN :   u_impl/U899/A1
                                0.50           0.51          -0.01  (VIOLATED)
       PIN :   u_impl/U10081/B2
                                0.50           0.51          -0.01  (VIOLATED)
       PIN :   u_impl/U10081/A1
                                0.50           0.51          -0.01  (VIOLATED)
       PIN :   u_impl/U10120/B2
                                0.50           0.51          -0.01  (VIOLATED)
       PIN :   u_impl/U10120/A1
                                0.50           0.51          -0.01  (VIOLATED)
       PIN :   u_impl/U10131/B2
                                0.50           0.51          -0.01  (VIOLATED)
       PIN :   u_impl/U10131/A1
                                0.50           0.51          -0.01  (VIOLATED)
       PIN :   u_impl/U10140/B2
                                0.50           0.51          -0.01  (VIOLATED)
       PIN :   u_impl/U10140/A1
                                0.50           0.51          -0.01  (VIOLATED)
       PIN :   u_impl/U15178/I
                                0.50           0.51          -0.01  (VIOLATED)
       PIN :   u_impl/U15179/B2
                                0.50           0.51          -0.01  (VIOLATED)
       PIN :   u_impl/U15180/B2
                                0.50           0.51          -0.01  (VIOLATED)
       PIN :   u_impl/U15181/B2
                                0.50           0.51          -0.01  (VIOLATED)
       PIN :   u_impl/U15182/B2
                                0.50           0.51          -0.01  (VIOLATED)
       PIN :   u_impl/U15183/B2
                                0.50           0.51          -0.01  (VIOLATED)
       PIN :   u_impl/U15184/B2
                                0.50           0.51          -0.01  (VIOLATED)
       PIN :   u_impl/U15185/B2
                                0.50           0.51          -0.01  (VIOLATED)
       PIN :   u_impl/U15186/B2
                                0.50           0.51          -0.01  (VIOLATED)
       PIN :   u_impl/U15187/B2
                                0.50           0.51          -0.01  (VIOLATED)
       PIN :   u_impl/U15188/B2
                                0.50           0.51          -0.01  (VIOLATED)
       PIN :   u_impl/U10080/ZN
                                0.50           0.51          -0.01  (VIOLATED)
   u_impl/n7461                 0.50           0.51          -0.01  (VIOLATED)
       PIN :   u_impl/U897/B2
                                0.50           0.51          -0.01  (VIOLATED)
       PIN :   u_impl/U897/A1
                                0.50           0.51          -0.01  (VIOLATED)
       PIN :   u_impl/U10128/B2
                                0.50           0.51          -0.01  (VIOLATED)
       PIN :   u_impl/U10128/A1
                                0.50           0.51          -0.01  (VIOLATED)
       PIN :   u_impl/U10130/B2
                                0.50           0.51          -0.01  (VIOLATED)
       PIN :   u_impl/U10130/A1
                                0.50           0.51          -0.01  (VIOLATED)
       PIN :   u_impl/U10132/B2
                                0.50           0.51          -0.01  (VIOLATED)
       PIN :   u_impl/U10132/A1
                                0.50           0.51          -0.01  (VIOLATED)
       PIN :   u_impl/U10133/B2
                                0.50           0.51          -0.01  (VIOLATED)
       PIN :   u_impl/U10133/A1
                                0.50           0.51          -0.01  (VIOLATED)
       PIN :   u_impl/U10135/B2
                                0.50           0.51          -0.01  (VIOLATED)
       PIN :   u_impl/U10135/A1
                                0.50           0.51          -0.01  (VIOLATED)
       PIN :   u_impl/U15189/I
                                0.50           0.51          -0.01  (VIOLATED)
       PIN :   u_impl/U15190/B2
                                0.50           0.51          -0.01  (VIOLATED)
       PIN :   u_impl/U15191/B2
                                0.50           0.51          -0.01  (VIOLATED)
       PIN :   u_impl/U15192/B2
                                0.50           0.51          -0.01  (VIOLATED)
       PIN :   u_impl/U15193/B2
                                0.50           0.51          -0.01  (VIOLATED)
       PIN :   u_impl/U15194/B2
                                0.50           0.51          -0.01  (VIOLATED)
       PIN :   u_impl/U15195/B2
                                0.50           0.51          -0.01  (VIOLATED)
       PIN :   u_impl/U15196/B2
                                0.50           0.51          -0.01  (VIOLATED)
       PIN :   u_impl/U15197/B2
                                0.50           0.51          -0.01  (VIOLATED)
       PIN :   u_impl/U15198/B2
                                0.50           0.51          -0.01  (VIOLATED)
       PIN :   u_impl/U15199/B2
                                0.50           0.51          -0.01  (VIOLATED)
       PIN :   u_impl/U10079/ZN
                                0.50           0.51          -0.01  (VIOLATED)
   u_impl/n7465                 0.50           0.51          -0.01  (VIOLATED)
       PIN :   u_impl/U895/B2
                                0.50           0.51          -0.01  (VIOLATED)
       PIN :   u_impl/U895/A1
                                0.50           0.51          -0.01  (VIOLATED)
       PIN :   u_impl/U10087/B2
                                0.50           0.51          -0.01  (VIOLATED)
       PIN :   u_impl/U10087/A1
                                0.50           0.51          -0.01  (VIOLATED)
       PIN :   u_impl/U10121/B2
                                0.50           0.51          -0.01  (VIOLATED)
       PIN :   u_impl/U10121/A1
                                0.50           0.51          -0.01  (VIOLATED)
       PIN :   u_impl/U10122/B2
                                0.50           0.51          -0.01  (VIOLATED)
       PIN :   u_impl/U10122/A1
                                0.50           0.51          -0.01  (VIOLATED)
       PIN :   u_impl/U10123/B2
                                0.50           0.51          -0.01  (VIOLATED)
       PIN :   u_impl/U10123/A1
                                0.50           0.51          -0.01  (VIOLATED)
       PIN :   u_impl/U10138/B2
                                0.50           0.51          -0.01  (VIOLATED)
       PIN :   u_impl/U10138/A1
                                0.50           0.51          -0.01  (VIOLATED)
       PIN :   u_impl/U15210/I
                                0.50           0.51          -0.01  (VIOLATED)
       PIN :   u_impl/U15211/B2
                                0.50           0.51          -0.01  (VIOLATED)
       PIN :   u_impl/U15212/B2
                                0.50           0.51          -0.01  (VIOLATED)
       PIN :   u_impl/U15213/B2
                                0.50           0.51          -0.01  (VIOLATED)
       PIN :   u_impl/U15214/B2
                                0.50           0.51          -0.01  (VIOLATED)
       PIN :   u_impl/U15215/B2
                                0.50           0.51          -0.01  (VIOLATED)
       PIN :   u_impl/U15216/B2
                                0.50           0.51          -0.01  (VIOLATED)
       PIN :   u_impl/U15217/B2
                                0.50           0.51          -0.01  (VIOLATED)
       PIN :   u_impl/U15218/B2
                                0.50           0.51          -0.01  (VIOLATED)
       PIN :   u_impl/U15219/B2
                                0.50           0.51          -0.01  (VIOLATED)
       PIN :   u_impl/U15220/B2
                                0.50           0.51          -0.01  (VIOLATED)
       PIN :   u_impl/U10086/ZN
                                0.50           0.51          -0.01  (VIOLATED)
   u_impl/n7472                 0.50           0.51          -0.01  (VIOLATED)
       PIN :   u_impl/U892/B2
                                0.50           0.51          -0.01  (VIOLATED)
       PIN :   u_impl/U892/A1
                                0.50           0.51          -0.01  (VIOLATED)
       PIN :   u_impl/U10077/B2
                                0.50           0.51          -0.01  (VIOLATED)
       PIN :   u_impl/U10077/A1
                                0.50           0.51          -0.01  (VIOLATED)
       PIN :   u_impl/U10118/B2
                                0.50           0.51          -0.01  (VIOLATED)
       PIN :   u_impl/U10118/A1
                                0.50           0.51          -0.01  (VIOLATED)
       PIN :   u_impl/U10119/B2
                                0.50           0.51          -0.01  (VIOLATED)
       PIN :   u_impl/U10119/A1
                                0.50           0.51          -0.01  (VIOLATED)
       PIN :   u_impl/U10124/B2
                                0.50           0.51          -0.01  (VIOLATED)
       PIN :   u_impl/U10124/A1
                                0.50           0.51          -0.01  (VIOLATED)
       PIN :   u_impl/U10139/B2
                                0.50           0.51          -0.01  (VIOLATED)
       PIN :   u_impl/U10139/A1
                                0.50           0.51          -0.01  (VIOLATED)
       PIN :   u_impl/U15241/I
                                0.50           0.51          -0.01  (VIOLATED)
       PIN :   u_impl/U15242/B2
                                0.50           0.51          -0.01  (VIOLATED)
       PIN :   u_impl/U15243/B2
                                0.50           0.51          -0.01  (VIOLATED)
       PIN :   u_impl/U15244/B2
                                0.50           0.51          -0.01  (VIOLATED)
       PIN :   u_impl/U15245/B2
                                0.50           0.51          -0.01  (VIOLATED)
       PIN :   u_impl/U15246/B2
                                0.50           0.51          -0.01  (VIOLATED)
       PIN :   u_impl/U15247/B2
                                0.50           0.51          -0.01  (VIOLATED)
       PIN :   u_impl/U15248/B2
                                0.50           0.51          -0.01  (VIOLATED)
       PIN :   u_impl/U15249/B2
                                0.50           0.51          -0.01  (VIOLATED)
       PIN :   u_impl/U15250/B2
                                0.50           0.51          -0.01  (VIOLATED)
       PIN :   u_impl/U15251/B2
                                0.50           0.51          -0.01  (VIOLATED)
       PIN :   u_impl/U10076/ZN
                                0.50           0.51          -0.01  (VIOLATED)
   u_impl/n7478                 0.50           0.51          -0.01  (VIOLATED)
       PIN :   u_impl/U889/B2
                                0.50           0.51          -0.01  (VIOLATED)
       PIN :   u_impl/U889/A1
                                0.50           0.51          -0.01  (VIOLATED)
       PIN :   u_impl/U10072/B2
                                0.50           0.51          -0.01  (VIOLATED)
       PIN :   u_impl/U10072/A1
                                0.50           0.51          -0.01  (VIOLATED)
       PIN :   u_impl/U10114/B2
                                0.50           0.51          -0.01  (VIOLATED)
       PIN :   u_impl/U10114/A1
                                0.50           0.51          -0.01  (VIOLATED)
       PIN :   u_impl/U10115/B2
                                0.50           0.51          -0.01  (VIOLATED)
       PIN :   u_impl/U10115/A1
                                0.50           0.51          -0.01  (VIOLATED)
       PIN :   u_impl/U10117/B2
                                0.50           0.51          -0.01  (VIOLATED)
       PIN :   u_impl/U10117/A1
                                0.50           0.51          -0.01  (VIOLATED)
       PIN :   u_impl/U10145/B2
                                0.50           0.51          -0.01  (VIOLATED)
       PIN :   u_impl/U10145/A1
                                0.50           0.51          -0.01  (VIOLATED)
       PIN :   u_impl/U15265/I
                                0.50           0.51          -0.01  (VIOLATED)
       PIN :   u_impl/U15266/B2
                                0.50           0.51          -0.01  (VIOLATED)
       PIN :   u_impl/U15267/B2
                                0.50           0.51          -0.01  (VIOLATED)
       PIN :   u_impl/U15268/B2
                                0.50           0.51          -0.01  (VIOLATED)
       PIN :   u_impl/U15269/B2
                                0.50           0.51          -0.01  (VIOLATED)
       PIN :   u_impl/U15270/B2
                                0.50           0.51          -0.01  (VIOLATED)
       PIN :   u_impl/U15271/B2
                                0.50           0.51          -0.01  (VIOLATED)
       PIN :   u_impl/U15272/B2
                                0.50           0.51          -0.01  (VIOLATED)
       PIN :   u_impl/U15273/B2
                                0.50           0.51          -0.01  (VIOLATED)
       PIN :   u_impl/U15274/B2
                                0.50           0.51          -0.01  (VIOLATED)
       PIN :   u_impl/U15275/B2
                                0.50           0.51          -0.01  (VIOLATED)
       PIN :   u_impl/U10070/ZN
                                0.50           0.51          -0.01  (VIOLATED)
   u_impl/n7492                 0.50           0.51          -0.01  (VIOLATED)
       PIN :   u_impl/U881/B2
                                0.50           0.51          -0.01  (VIOLATED)
       PIN :   u_impl/U881/A1
                                0.50           0.51          -0.01  (VIOLATED)
       PIN :   u_impl/U10089/B2
                                0.50           0.51          -0.01  (VIOLATED)
       PIN :   u_impl/U10089/A1
                                0.50           0.51          -0.01  (VIOLATED)
       PIN :   u_impl/U10092/B2
                                0.50           0.51          -0.01  (VIOLATED)
       PIN :   u_impl/U10092/A1
                                0.50           0.51          -0.01  (VIOLATED)
       PIN :   u_impl/U10095/B2
                                0.50           0.51          -0.01  (VIOLATED)
       PIN :   u_impl/U10095/A1
                                0.50           0.51          -0.01  (VIOLATED)
       PIN :   u_impl/U10097/B2
                                0.50           0.51          -0.01  (VIOLATED)
       PIN :   u_impl/U10097/A1
                                0.50           0.51          -0.01  (VIOLATED)
       PIN :   u_impl/U10146/B2
                                0.50           0.51          -0.01  (VIOLATED)
       PIN :   u_impl/U10146/A1
                                0.50           0.51          -0.01  (VIOLATED)
       PIN :   u_impl/U15339/I
                                0.50           0.51          -0.01  (VIOLATED)
       PIN :   u_impl/U15340/B2
                                0.50           0.51          -0.01  (VIOLATED)
       PIN :   u_impl/U15341/B2
                                0.50           0.51          -0.01  (VIOLATED)
       PIN :   u_impl/U15342/B2
                                0.50           0.51          -0.01  (VIOLATED)
       PIN :   u_impl/U15343/B2
                                0.50           0.51          -0.01  (VIOLATED)
       PIN :   u_impl/U15344/B2
                                0.50           0.51          -0.01  (VIOLATED)
       PIN :   u_impl/U15345/B2
                                0.50           0.51          -0.01  (VIOLATED)
       PIN :   u_impl/U15346/B2
                                0.50           0.51          -0.01  (VIOLATED)
       PIN :   u_impl/U15347/B2
                                0.50           0.51          -0.01  (VIOLATED)
       PIN :   u_impl/U15348/B2
                                0.50           0.51          -0.01  (VIOLATED)
       PIN :   u_impl/U15349/B2
                                0.50           0.51          -0.01  (VIOLATED)
       PIN :   u_impl/U10088/ZN
                                0.50           0.51          -0.01  (VIOLATED)
   u_impl/n7494                 0.50           0.51          -0.01  (VIOLATED)
       PIN :   u_impl/U880/B2
                                0.50           0.51          -0.01  (VIOLATED)
       PIN :   u_impl/U880/A1
                                0.50           0.51          -0.01  (VIOLATED)
       PIN :   u_impl/U10091/B2
                                0.50           0.51          -0.01  (VIOLATED)
       PIN :   u_impl/U10091/A1
                                0.50           0.51          -0.01  (VIOLATED)
       PIN :   u_impl/U10096/B2
                                0.50           0.51          -0.01  (VIOLATED)
       PIN :   u_impl/U10096/A1
                                0.50           0.51          -0.01  (VIOLATED)
       PIN :   u_impl/U10099/B2
                                0.50           0.51          -0.01  (VIOLATED)
       PIN :   u_impl/U10099/A1
                                0.50           0.51          -0.01  (VIOLATED)
       PIN :   u_impl/U10101/B2
                                0.50           0.51          -0.01  (VIOLATED)
       PIN :   u_impl/U10101/A1
                                0.50           0.51          -0.01  (VIOLATED)
       PIN :   u_impl/U10104/B2
                                0.50           0.51          -0.01  (VIOLATED)
       PIN :   u_impl/U10104/A1
                                0.50           0.51          -0.01  (VIOLATED)
       PIN :   u_impl/U15350/I
                                0.50           0.51          -0.01  (VIOLATED)
       PIN :   u_impl/U15351/B2
                                0.50           0.51          -0.01  (VIOLATED)
       PIN :   u_impl/U15352/B2
                                0.50           0.51          -0.01  (VIOLATED)
       PIN :   u_impl/U15353/B2
                                0.50           0.51          -0.01  (VIOLATED)
       PIN :   u_impl/U15354/B2
                                0.50           0.51          -0.01  (VIOLATED)
       PIN :   u_impl/U15355/B2
                                0.50           0.51          -0.01  (VIOLATED)
       PIN :   u_impl/U15356/B2
                                0.50           0.51          -0.01  (VIOLATED)
       PIN :   u_impl/U15357/B2
                                0.50           0.51          -0.01  (VIOLATED)
       PIN :   u_impl/U15358/B2
                                0.50           0.51          -0.01  (VIOLATED)
       PIN :   u_impl/U15359/B2
                                0.50           0.51          -0.01  (VIOLATED)
       PIN :   u_impl/U15360/B2
                                0.50           0.51          -0.01  (VIOLATED)
       PIN :   u_impl/U10090/ZN
                                0.50           0.51          -0.01  (VIOLATED)
   u_impl/n6225                 0.50           0.51          -0.01  (VIOLATED)
       PIN :   u_impl/U504/A1
                                0.50           0.51          -0.01  (VIOLATED)
       PIN :   u_impl/U1628/A1
                                0.50           0.51          -0.01  (VIOLATED)
       PIN :   u_impl/U1995/A1
                                0.50           0.51          -0.01  (VIOLATED)
       PIN :   u_impl/U2266/A1
                                0.50           0.51          -0.01  (VIOLATED)
       PIN :   u_impl/U2343/A1
                                0.50           0.51          -0.01  (VIOLATED)
       PIN :   u_impl/U2668/A1
                                0.50           0.51          -0.01  (VIOLATED)
       PIN :   u_impl/U2839/A1
                                0.50           0.51          -0.01  (VIOLATED)
       PIN :   u_impl/U2845/A1
                                0.50           0.51          -0.01  (VIOLATED)
       PIN :   u_impl/U3019/A1
                                0.50           0.51          -0.01  (VIOLATED)
       PIN :   u_impl/U3310/A1
                                0.50           0.51          -0.01  (VIOLATED)
       PIN :   u_impl/U3604/A1
                                0.50           0.51          -0.01  (VIOLATED)
       PIN :   u_impl/U3860/A1
                                0.50           0.51          -0.01  (VIOLATED)
       PIN :   u_impl/U3927/A1
                                0.50           0.51          -0.01  (VIOLATED)
       PIN :   u_impl/U4072/A1
                                0.50           0.51          -0.01  (VIOLATED)
       PIN :   u_impl/U4618/A1
                                0.50           0.51          -0.01  (VIOLATED)
       PIN :   u_impl/U4938/A1
                                0.50           0.51          -0.01  (VIOLATED)
       PIN :   u_impl/U5069/A1
                                0.50           0.51          -0.01  (VIOLATED)
       PIN :   u_impl/U5231/A1
                                0.50           0.51          -0.01  (VIOLATED)
       PIN :   u_impl/U5376/A1
                                0.50           0.51          -0.01  (VIOLATED)
       PIN :   u_impl/U5614/A1
                                0.50           0.51          -0.01  (VIOLATED)
       PIN :   u_impl/U5646/A1
                                0.50           0.51          -0.01  (VIOLATED)
       PIN :   u_impl/U5952/A1
                                0.50           0.51          -0.01  (VIOLATED)
       PIN :   u_impl/U6148/A1
                                0.50           0.51          -0.01  (VIOLATED)
       PIN :   u_impl/U6346/A1
                                0.50           0.51          -0.01  (VIOLATED)
       PIN :   u_impl/U6449/A1
                                0.50           0.51          -0.01  (VIOLATED)
       PIN :   u_impl/U6656/A1
                                0.50           0.51          -0.01  (VIOLATED)
       PIN :   u_impl/U9834/A1
                                0.50           0.51          -0.01  (VIOLATED)
       PIN :   u_impl/U1625/ZN
                                0.50           0.51          -0.01  (VIOLATED)
   u_impl/n6639                 0.50           0.50           0.00  (VIOLATED: increase significant digits)
   u_impl/n7160                 0.50           0.50           0.00  (VIOLATED: increase significant digits)
   u_impl/n7207                 0.50           0.50           0.00  (VIOLATED: increase significant digits)
   u_impl/n7248                 0.50           0.50           0.00  (VIOLATED: increase significant digits)
   u_impl/n7331                 0.50           0.50           0.00  (VIOLATED: increase significant digits)
   u_impl/n7371                 0.50           0.50           0.00  (VIOLATED: increase significant digits)
   u_impl/n7407                 0.50           0.50           0.00  (VIOLATED: increase significant digits)
   u_impl/n6669                 0.50           0.50           0.00  (VIOLATED: increase significant digits)
   u_impl/n6703                 0.50           0.50           0.00  (VIOLATED: increase significant digits)
   u_impl/n6742                 0.50           0.50           0.00  (VIOLATED: increase significant digits)
   u_impl/n6779                 0.50           0.50           0.00  (VIOLATED: increase significant digits)
   u_impl/n6819                 0.50           0.50           0.00  (VIOLATED: increase significant digits)
   u_impl/n6857                 0.50           0.50           0.00  (VIOLATED: increase significant digits)
   u_impl/n6895                 0.50           0.50           0.00  (VIOLATED: increase significant digits)
   u_impl/n6934                 0.50           0.50           0.00  (VIOLATED: increase significant digits)
   u_impl/n7156                 0.50           0.50           0.00  (VIOLATED: increase significant digits)
   u_impl/n7199                 0.50           0.50           0.00  (VIOLATED: increase significant digits)
   u_impl/n7244                 0.50           0.50           0.00  (VIOLATED: increase significant digits)
   u_impl/n7285                 0.50           0.50           0.00  (VIOLATED: increase significant digits)
   u_impl/n7326                 0.50           0.50           0.00  (VIOLATED: increase significant digits)
   u_impl/n7366                 0.50           0.50           0.00  (VIOLATED: increase significant digits)
   u_impl/n7403                 0.50           0.50           0.00  (VIOLATED: increase significant digits)
   u_impl/n7438                 0.50           0.50           0.00  (VIOLATED: increase significant digits)
   u_impl/n6828                 0.50           0.50           0.00  (VIOLATED: increase significant digits)
   u_impl/n6866                 0.50           0.50           0.00  (VIOLATED: increase significant digits)
   u_impl/n7123                 0.50           0.50           0.00  (VIOLATED: increase significant digits)
   u_impl/n6665                 0.50           0.50           0.00  (VIOLATED: increase significant digits)
   u_impl/n6699                 0.50           0.50           0.00  (VIOLATED: increase significant digits)
   u_impl/n6738                 0.50           0.50           0.00  (VIOLATED: increase significant digits)
   u_impl/n6773                 0.50           0.50           0.00  (VIOLATED: increase significant digits)
   u_impl/n6812                 0.50           0.50           0.00  (VIOLATED: increase significant digits)
   u_impl/n6853                 0.50           0.50           0.00  (VIOLATED: increase significant digits)
   u_impl/n6890                 0.50           0.50           0.00  (VIOLATED: increase significant digits)
   u_impl/n6927                 0.50           0.50           0.00  (VIOLATED: increase significant digits)
   u_impl/n7152                 0.50           0.50           0.00  (VIOLATED: increase significant digits)
   u_impl/n7192                 0.50           0.50           0.00  (VIOLATED: increase significant digits)
   u_impl/n7236                 0.50           0.50           0.00  (VIOLATED: increase significant digits)
   u_impl/n7281                 0.50           0.50           0.00  (VIOLATED: increase significant digits)
   u_impl/n7322                 0.50           0.50           0.00  (VIOLATED: increase significant digits)
   u_impl/n7362                 0.50           0.50           0.00  (VIOLATED: increase significant digits)
   u_impl/n7399                 0.50           0.50           0.00  (VIOLATED: increase significant digits)
   u_impl/n7434                 0.50           0.50           0.00  (VIOLATED: increase significant digits)
   u_impl/n7528                 0.50           0.50           0.00  (VIOLATED: increase significant digits)
   u_impl/n6990                 0.50           0.50           0.00  (VIOLATED: increase significant digits)
   u_impl/n7488                 0.50           0.50           0.00  (VIOLATED: increase significant digits)
   u_impl/n6986                 0.50           0.50           0.00  (VIOLATED: increase significant digits)
   u_impl/n7484                 0.50           0.50           0.00  (VIOLATED: increase significant digits)
   u_impl/n7025                 0.50           0.50           0.00  (VIOLATED: increase significant digits)
   u_impl/n7517                 0.50           0.50           0.00  (VIOLATED: increase significant digits)
   u_impl/n6988                 0.50           0.50           0.00  (VIOLATED: increase significant digits)
   u_impl/n7486                 0.50           0.50           0.00  (VIOLATED: increase significant digits)
   u_impl/n7109                 0.50           0.50           0.00  (VIOLATED: increase significant digits)
   u_impl/n7592                 0.50           0.50           0.00  (VIOLATED: increase significant digits)
   u_impl/n7075                 0.50           0.50           0.00  (VIOLATED: increase significant digits)
   u_impl/n7560                 0.50           0.50           0.00  (VIOLATED: increase significant digits)
   u_impl/n6697                 0.50           0.50           0.00  (VIOLATED: increase significant digits)
   u_impl/n7190                 0.50           0.50           0.00  (VIOLATED: increase significant digits)
   u_impl/n7234                 0.50           0.50           0.00  (VIOLATED: increase significant digits)
   u_impl/n7320                 0.50           0.50           0.00  (VIOLATED: increase significant digits)
   u_impl/n7395                 0.50           0.50           0.00  (VIOLATED: increase significant digits)
   u_impl/n7070                 0.50           0.50           0.00  (VIOLATED: increase significant digits)
   u_impl/n7556                 0.50           0.50           0.00  (VIOLATED: increase significant digits)
   u_impl/n6984                 0.50           0.50           0.00  (VIOLATED: increase significant digits)
   u_impl/n7068                 0.50           0.50           0.00  (VIOLATED: increase significant digits)
   u_impl/n7482                 0.50           0.50           0.00  (VIOLATED: increase significant digits)
   u_impl/n7553                 0.50           0.50           0.00  (VIOLATED: increase significant digits)
   u_impl/n7031                 0.50           0.50           0.00  (VIOLATED: increase significant digits)
   u_impl/n7522                 0.50           0.50           0.00  (VIOLATED: increase significant digits)
   u_impl/n7111                 0.50           0.50           0.00  (VIOLATED: increase significant digits)
   u_impl/n7595                 0.50           0.50           0.00  (VIOLATED: increase significant digits)
   u_impl/n7027                 0.50           0.50           0.00  (VIOLATED: increase significant digits)
   u_impl/n7113                 0.50           0.50           0.00  (VIOLATED: increase significant digits)
   u_impl/n7519                 0.50           0.50           0.00  (VIOLATED: increase significant digits)
   u_impl/n7597                 0.50           0.50           0.00  (VIOLATED: increase significant digits)
   u_impl/n6673                 0.50           0.50           0.00  (VIOLATED: increase significant digits)
   u_impl/n6707                 0.50           0.50           0.00  (VIOLATED: increase significant digits)
   u_impl/n6746                 0.50           0.50           0.00  (VIOLATED: increase significant digits)
   u_impl/n6824                 0.50           0.50           0.00  (VIOLATED: increase significant digits)
   u_impl/n6862                 0.50           0.50           0.00  (VIOLATED: increase significant digits)
   u_impl/n6899                 0.50           0.50           0.00  (VIOLATED: increase significant digits)
   u_impl/n7119                 0.50           0.50           0.00  (VIOLATED: increase significant digits)
   u_impl/n6794                 0.50           0.50           0.00  (VIOLATED: increase significant digits)
   u_impl/n7301                 0.50           0.50           0.00  (VIOLATED: increase significant digits)
   u_impl/n7033                 0.50           0.50           0.00  (VIOLATED: increase significant digits)
   u_impl/n7524                 0.50           0.50           0.00  (VIOLATED: increase significant digits)
   u_impl/n6514                 0.50           0.50           0.00  (VIOLATED: increase significant digits)
   u_impl/n6528                 0.50           0.50           0.00  (VIOLATED: increase significant digits)
   u_impl/n6551                 0.50           0.50           0.00  (VIOLATED: increase significant digits)
   u_impl/n6560                 0.50           0.50           0.00  (VIOLATED: increase significant digits)
   u_impl/n6582                 0.50           0.50           0.00  (VIOLATED: increase significant digits)
   u_impl/n6592                 0.50           0.50           0.00  (VIOLATED: increase significant digits)
   u_impl/n6614                 0.50           0.50           0.00  (VIOLATED: increase significant digits)
   u_impl/n6626                 0.50           0.50           0.00  (VIOLATED: increase significant digits)
   u_impl/n6792                 0.50           0.50           0.00  (VIOLATED: increase significant digits)
   u_impl/n7299                 0.50           0.50           0.00  (VIOLATED: increase significant digits)
   u_impl/n6796                 0.50           0.50           0.00  (VIOLATED: increase significant digits)
   u_impl/n7305                 0.50           0.50           0.00  (VIOLATED: increase significant digits)
   u_impl/n6949                 0.50           0.50           0.00  (VIOLATED: increase significant digits)
   u_impl/n7453                 0.50           0.50           0.00  (VIOLATED: increase significant digits)
   u_impl/n6947                 0.50           0.50           0.00  (VIOLATED: increase significant digits)
   u_impl/n7451                 0.50           0.50           0.00  (VIOLATED: increase significant digits)
   u_impl/n6798                 0.50           0.50           0.00  (VIOLATED: increase significant digits)
   u_impl/n7307                 0.50           0.50           0.00  (VIOLATED: increase significant digits)
   u_impl/n6945                 0.50           0.50           0.00  (VIOLATED: increase significant digits)
   u_impl/n7449                 0.50           0.50           0.00  (VIOLATED: increase significant digits)
   u_impl/n6524                 0.50           0.50           0.00  (VIOLATED: increase significant digits)
   u_impl/n6510                 0.50           0.50           0.00  (VIOLATED: increase significant digits)
   u_impl/n6547                 0.50           0.50           0.00  (VIOLATED: increase significant digits)
   u_impl/n6555                 0.50           0.50           0.00  (VIOLATED: increase significant digits)
   u_impl/n6576                 0.50           0.50           0.00  (VIOLATED: increase significant digits)
   u_impl/n6588                 0.50           0.50           0.00  (VIOLATED: increase significant digits)
   u_impl/n6610                 0.50           0.50           0.00  (VIOLATED: increase significant digits)
   u_impl/n6621                 0.50           0.50           0.00  (VIOLATED: increase significant digits)
   u_impl/n7072                 0.50           0.50           0.00  (VIOLATED: increase significant digits)
   u_impl/n7558                 0.50           0.50           0.00  (VIOLATED: increase significant digits)
   u_impl/n6923                 0.50           0.50           0.00  (VIOLATED: increase significant digits)
   u_impl/n7148                 0.50           0.50           0.00  (VIOLATED: increase significant digits)
   u_impl/n7115                 0.50           0.50           0.00  (VIOLATED: increase significant digits)
   u_impl/n7603                 0.50           0.50           0.00  (VIOLATED: increase significant digits)
   u_impl/n6512                 0.50           0.50           0.00  (VIOLATED: increase significant digits)
   u_impl/n6526                 0.50           0.50           0.00  (VIOLATED: increase significant digits)
   u_impl/n6549                 0.50           0.50           0.00  (VIOLATED: increase significant digits)
   u_impl/n6557                 0.50           0.50           0.00  (VIOLATED: increase significant digits)
   u_impl/n6579                 0.50           0.50           0.00  (VIOLATED: increase significant digits)
   u_impl/n6590                 0.50           0.50           0.00  (VIOLATED: increase significant digits)
   u_impl/n6612                 0.50           0.50           0.00  (VIOLATED: increase significant digits)
   u_impl/n6623                 0.50           0.50           0.00  (VIOLATED: increase significant digits)
   u_impl/n6663                 0.50           0.50           0.00  (VIOLATED: increase significant digits)
   u_impl/n6736                 0.50           0.50           0.00  (VIOLATED: increase significant digits)
   u_impl/n6771                 0.50           0.50           0.00  (VIOLATED: increase significant digits)
   u_impl/n6810                 0.50           0.50           0.00  (VIOLATED: increase significant digits)
   u_impl/n6851                 0.50           0.50           0.00  (VIOLATED: increase significant digits)
   u_impl/n6888                 0.50           0.50           0.00  (VIOLATED: increase significant digits)
   u_impl/n6925                 0.50           0.50           0.00  (VIOLATED: increase significant digits)
   u_impl/n7150                 0.50           0.50           0.00  (VIOLATED: increase significant digits)
   u_impl/n7278                 0.50           0.50           0.00  (VIOLATED: increase significant digits)
   u_impl/n7360                 0.50           0.50           0.00  (VIOLATED: increase significant digits)
   u_impl/n7431                 0.50           0.50           0.00  (VIOLATED: increase significant digits)
   u_impl/n6522                 0.50           0.50           0.00  (VIOLATED: increase significant digits)
   u_impl/n6508                 0.50           0.50           0.00  (VIOLATED: increase significant digits)
   u_impl/n6545                 0.50           0.50           0.00  (VIOLATED: increase significant digits)
   u_impl/n6553                 0.50           0.50           0.00  (VIOLATED: increase significant digits)
   u_impl/n6573                 0.50           0.50           0.00  (VIOLATED: increase significant digits)
   u_impl/n6586                 0.50           0.50           0.00  (VIOLATED: increase significant digits)
   u_impl/n6607                 0.50           0.50           0.00  (VIOLATED: increase significant digits)
   u_impl/n6619                 0.50           0.50           0.00  (VIOLATED: increase significant digits)
   u_impl/n7154                 0.50           0.50           0.00  (VIOLATED: increase significant digits)
   u_impl/n7436                 0.50           0.50           0.00  (VIOLATED: increase significant digits)
   u_impl/n6740                 0.50           0.50           0.00  (VIOLATED: increase significant digits)
   u_impl/n6855                 0.50           0.50           0.00  (VIOLATED: increase significant digits)
   u_impl/n6930                 0.50           0.50           0.00  (VIOLATED: increase significant digits)
   u_impl/n7194                 0.50           0.50           0.00  (VIOLATED: increase significant digits)
   u_impl/n6655                 0.50           0.50           0.00  (VIOLATED: increase significant digits)
   u_impl/n6687                 0.50           0.50           0.00  (VIOLATED: increase significant digits)
   u_impl/n6728                 0.50           0.50           0.00  (VIOLATED: increase significant digits)
   u_impl/n6763                 0.50           0.50           0.00  (VIOLATED: increase significant digits)
   u_impl/n6800                 0.50           0.50           0.00  (VIOLATED: increase significant digits)
   u_impl/n6840                 0.50           0.50           0.00  (VIOLATED: increase significant digits)
   u_impl/n6877                 0.50           0.50           0.00  (VIOLATED: increase significant digits)
   u_impl/n6917                 0.50           0.50           0.00  (VIOLATED: increase significant digits)
   u_impl/n7142                 0.50           0.50           0.00  (VIOLATED: increase significant digits)
   u_impl/n7182                 0.50           0.50           0.00  (VIOLATED: increase significant digits)
   u_impl/n7223                 0.50           0.50           0.00  (VIOLATED: increase significant digits)
   u_impl/n7266                 0.50           0.50           0.00  (VIOLATED: increase significant digits)
   u_impl/n7309                 0.50           0.50           0.00  (VIOLATED: increase significant digits)
   u_impl/n7348                 0.50           0.50           0.00  (VIOLATED: increase significant digits)
   u_impl/n7386                 0.50           0.50           0.00  (VIOLATED: increase significant digits)
   u_impl/n7423                 0.50           0.50           0.00  (VIOLATED: increase significant digits)
   u_impl/n6653                 0.50           0.50           0.00  (VIOLATED: increase significant digits)
   u_impl/n6685                 0.50           0.50           0.00  (VIOLATED: increase significant digits)
   u_impl/n6726                 0.50           0.50           0.00  (VIOLATED: increase significant digits)
   u_impl/n6761                 0.50           0.50           0.00  (VIOLATED: increase significant digits)
   u_impl/n6836                 0.50           0.50           0.00  (VIOLATED: increase significant digits)
   u_impl/n6875                 0.50           0.50           0.00  (VIOLATED: increase significant digits)
   u_impl/n6913                 0.50           0.50           0.00  (VIOLATED: increase significant digits)
   u_impl/n6951                 0.50           0.50           0.00  (VIOLATED: increase significant digits)
   u_impl/n7139                 0.50           0.50           0.00  (VIOLATED: increase significant digits)
   u_impl/n7180                 0.50           0.50           0.00  (VIOLATED: increase significant digits)
   u_impl/n7221                 0.50           0.50           0.00  (VIOLATED: increase significant digits)
   u_impl/n7263                 0.50           0.50           0.00  (VIOLATED: increase significant digits)
   u_impl/n7344                 0.50           0.50           0.00  (VIOLATED: increase significant digits)
   u_impl/n7384                 0.50           0.50           0.00  (VIOLATED: increase significant digits)
   u_impl/n7421                 0.50           0.50           0.00  (VIOLATED: increase significant digits)
   u_impl/n7455                 0.50           0.50           0.00  (VIOLATED: increase significant digits)
   u_impl/n6637                 0.50           0.50           0.00  (VIOLATED: increase significant digits)
   u_impl/n6671                 0.50           0.50           0.00  (VIOLATED: increase significant digits)
   u_impl/n6705                 0.50           0.50           0.00  (VIOLATED: increase significant digits)
   u_impl/n6744                 0.50           0.50           0.00  (VIOLATED: increase significant digits)
   u_impl/n6821                 0.50           0.50           0.00  (VIOLATED: increase significant digits)
   u_impl/n6860                 0.50           0.50           0.00  (VIOLATED: increase significant digits)
   u_impl/n6897                 0.50           0.50           0.00  (VIOLATED: increase significant digits)
   u_impl/n7117                 0.50           0.50           0.00  (VIOLATED: increase significant digits)
   u_impl/n7158                 0.50           0.50           0.00  (VIOLATED: increase significant digits)
   u_impl/n7205                 0.50           0.50           0.00  (VIOLATED: increase significant digits)
   u_impl/n7246                 0.50           0.50           0.00  (VIOLATED: increase significant digits)
   u_impl/n7329                 0.50           0.50           0.00  (VIOLATED: increase significant digits)
   u_impl/n7369                 0.50           0.50           0.00  (VIOLATED: increase significant digits)
   u_impl/n7405                 0.50           0.50           0.00  (VIOLATED: increase significant digits)
   u_impl/n6661                 0.50           0.50           0.00  (VIOLATED: increase significant digits)
   u_impl/n6695                 0.50           0.50           0.00  (VIOLATED: increase significant digits)
   u_impl/n6734                 0.50           0.50           0.00  (VIOLATED: increase significant digits)
   u_impl/n6769                 0.50           0.50           0.00  (VIOLATED: increase significant digits)
   u_impl/n6808                 0.50           0.50           0.00  (VIOLATED: increase significant digits)
   u_impl/n6846                 0.50           0.50           0.00  (VIOLATED: increase significant digits)
   u_impl/n6886                 0.50           0.50           0.00  (VIOLATED: increase significant digits)
   u_impl/n7188                 0.50           0.50           0.00  (VIOLATED: increase significant digits)
   u_impl/n7229                 0.50           0.50           0.00  (VIOLATED: increase significant digits)
   u_impl/n7273                 0.50           0.50           0.00  (VIOLATED: increase significant digits)
   u_impl/n7318                 0.50           0.50           0.00  (VIOLATED: increase significant digits)
   u_impl/n7357                 0.50           0.50           0.00  (VIOLATED: increase significant digits)
   u_impl/n7393                 0.50           0.50           0.00  (VIOLATED: increase significant digits)
   u_impl/n7429                 0.50           0.50           0.00  (VIOLATED: increase significant digits)
   u_impl/n6659                 0.50           0.50           0.00  (VIOLATED: increase significant digits)
   u_impl/n6693                 0.50           0.50           0.00  (VIOLATED: increase significant digits)
   u_impl/n6732                 0.50           0.50           0.00  (VIOLATED: increase significant digits)
   u_impl/n6767                 0.50           0.50           0.00  (VIOLATED: increase significant digits)
   u_impl/n6804                 0.50           0.50           0.00  (VIOLATED: increase significant digits)
   u_impl/n6844                 0.50           0.50           0.00  (VIOLATED: increase significant digits)
   u_impl/n6884                 0.50           0.50           0.00  (VIOLATED: increase significant digits)
   u_impl/n6921                 0.50           0.50           0.00  (VIOLATED: increase significant digits)
   u_impl/n7146                 0.50           0.50           0.00  (VIOLATED: increase significant digits)
   u_impl/n7186                 0.50           0.50           0.00  (VIOLATED: increase significant digits)
   u_impl/n7227                 0.50           0.50           0.00  (VIOLATED: increase significant digits)
   u_impl/n7271                 0.50           0.50           0.00  (VIOLATED: increase significant digits)
   u_impl/n7316                 0.50           0.50           0.00  (VIOLATED: increase significant digits)
   u_impl/n7353                 0.50           0.50           0.00  (VIOLATED: increase significant digits)
   u_impl/n7391                 0.50           0.50           0.00  (VIOLATED: increase significant digits)
   u_impl/n7427                 0.50           0.50           0.00  (VIOLATED: increase significant digits)
   u_impl/n6641                 0.50           0.50           0.00  (VIOLATED: increase significant digits)
   u_impl/n6675                 0.50           0.50           0.00  (VIOLATED: increase significant digits)
   u_impl/n6710                 0.50           0.50           0.00  (VIOLATED: increase significant digits)
   u_impl/n6751                 0.50           0.50           0.00  (VIOLATED: increase significant digits)
   u_impl/n6826                 0.50           0.50           0.00  (VIOLATED: increase significant digits)
   u_impl/n6864                 0.50           0.50           0.00  (VIOLATED: increase significant digits)
   u_impl/n6902                 0.50           0.50           0.00  (VIOLATED: increase significant digits)
   u_impl/n7121                 0.50           0.50           0.00  (VIOLATED: increase significant digits)
   u_impl/n7166                 0.50           0.50           0.00  (VIOLATED: increase significant digits)
   u_impl/n7209                 0.50           0.50           0.00  (VIOLATED: increase significant digits)
   u_impl/n7251                 0.50           0.50           0.00  (VIOLATED: increase significant digits)
   u_impl/n7333                 0.50           0.50           0.00  (VIOLATED: increase significant digits)
   u_impl/n7373                 0.50           0.50           0.00  (VIOLATED: increase significant digits)
   u_impl/n7409                 0.50           0.50           0.00  (VIOLATED: increase significant digits)
   u_impl/n6644                 0.50           0.50           0.00  (VIOLATED: increase significant digits)
   u_impl/n6677                 0.50           0.50           0.00  (VIOLATED: increase significant digits)
   u_impl/n6715                 0.50           0.50           0.00  (VIOLATED: increase significant digits)
   u_impl/n6753                 0.50           0.50           0.00  (VIOLATED: increase significant digits)
   u_impl/n6904                 0.50           0.50           0.00  (VIOLATED: increase significant digits)
   u_impl/n7169                 0.50           0.50           0.00  (VIOLATED: increase significant digits)
   u_impl/n7212                 0.50           0.50           0.00  (VIOLATED: increase significant digits)
   u_impl/n7254                 0.50           0.50           0.00  (VIOLATED: increase significant digits)
   u_impl/n7336                 0.50           0.50           0.00  (VIOLATED: increase significant digits)
   u_impl/n7375                 0.50           0.50           0.00  (VIOLATED: increase significant digits)
   u_impl/n7412                 0.50           0.50           0.00  (VIOLATED: increase significant digits)
   u_impl/u_core/u_boundary/n6007
                                0.50           0.50           0.00  (VIOLATED: increase significant digits)
   u_impl/u_core/u_boundary/n6088
                                0.50           0.50           0.00  (VIOLATED: increase significant digits)
   u_impl/n6667                 0.50           0.50           0.00  (VIOLATED: increase significant digits)
   u_impl/n6701                 0.50           0.50           0.00  (VIOLATED: increase significant digits)
   u_impl/n6775                 0.50           0.50           0.00  (VIOLATED: increase significant digits)
   u_impl/n6817                 0.50           0.50           0.00  (VIOLATED: increase significant digits)
   u_impl/n6892                 0.50           0.50           0.00  (VIOLATED: increase significant digits)
   u_impl/n7242                 0.50           0.50           0.00  (VIOLATED: increase significant digits)
   u_impl/n7283                 0.50           0.50           0.00  (VIOLATED: increase significant digits)
   u_impl/n7324                 0.50           0.50           0.00  (VIOLATED: increase significant digits)
   u_impl/n7364                 0.50           0.50           0.00  (VIOLATED: increase significant digits)
   u_impl/n7401                 0.50           0.50           0.00  (VIOLATED: increase significant digits)
   u_impl/n6657                 0.50           0.50           0.00  (VIOLATED: increase significant digits)
   u_impl/n6691                 0.50           0.50           0.00  (VIOLATED: increase significant digits)
   u_impl/n6730                 0.50           0.50           0.00  (VIOLATED: increase significant digits)
   u_impl/n6765                 0.50           0.50           0.00  (VIOLATED: increase significant digits)
   u_impl/n6802                 0.50           0.50           0.00  (VIOLATED: increase significant digits)
   u_impl/n6842                 0.50           0.50           0.00  (VIOLATED: increase significant digits)
   u_impl/n6879                 0.50           0.50           0.00  (VIOLATED: increase significant digits)
   u_impl/n6919                 0.50           0.50           0.00  (VIOLATED: increase significant digits)
   u_impl/n7144                 0.50           0.50           0.00  (VIOLATED: increase significant digits)
   u_impl/n7184                 0.50           0.50           0.00  (VIOLATED: increase significant digits)
   u_impl/n7225                 0.50           0.50           0.00  (VIOLATED: increase significant digits)
   u_impl/n7268                 0.50           0.50           0.00  (VIOLATED: increase significant digits)
   u_impl/n7311                 0.50           0.50           0.00  (VIOLATED: increase significant digits)
   u_impl/n7351                 0.50           0.50           0.00  (VIOLATED: increase significant digits)
   u_impl/n7388                 0.50           0.50           0.00  (VIOLATED: increase significant digits)
   u_impl/n7425                 0.50           0.50           0.00  (VIOLATED: increase significant digits)
   u_impl/u_core/g_row_0__g_col_0__u_pe/u_sol/n79
                                0.50           0.50           0.00  (VIOLATED: increase significant digits)
   u_impl/n6647                 0.50           0.50           0.00  (VIOLATED: increase significant digits)
   u_impl/n6679                 0.50           0.50           0.00  (VIOLATED: increase significant digits)
   u_impl/n6720                 0.50           0.50           0.00  (VIOLATED: increase significant digits)
   u_impl/n6755                 0.50           0.50           0.00  (VIOLATED: increase significant digits)
   u_impl/n6830                 0.50           0.50           0.00  (VIOLATED: increase significant digits)
   u_impl/n6868                 0.50           0.50           0.00  (VIOLATED: increase significant digits)
   u_impl/n6907                 0.50           0.50           0.00  (VIOLATED: increase significant digits)
   u_impl/n7128                 0.50           0.50           0.00  (VIOLATED: increase significant digits)
   u_impl/n7173                 0.50           0.50           0.00  (VIOLATED: increase significant digits)
   u_impl/n7215                 0.50           0.50           0.00  (VIOLATED: increase significant digits)
   u_impl/n7256                 0.50           0.50           0.00  (VIOLATED: increase significant digits)
   u_impl/n7338                 0.50           0.50           0.00  (VIOLATED: increase significant digits)
   u_impl/n7377                 0.50           0.50           0.00  (VIOLATED: increase significant digits)
   u_impl/n7415                 0.50           0.50           0.00  (VIOLATED: increase significant digits)
   u_impl/n6649                 0.50           0.50           0.00  (VIOLATED: increase significant digits)
   u_impl/n6681                 0.50           0.50           0.00  (VIOLATED: increase significant digits)
   u_impl/n6722                 0.50           0.50           0.00  (VIOLATED: increase significant digits)
   u_impl/n6757                 0.50           0.50           0.00  (VIOLATED: increase significant digits)
   u_impl/n6832                 0.50           0.50           0.00  (VIOLATED: increase significant digits)
   u_impl/n6871                 0.50           0.50           0.00  (VIOLATED: increase significant digits)
   u_impl/n6909                 0.50           0.50           0.00  (VIOLATED: increase significant digits)
   u_impl/n7133                 0.50           0.50           0.00  (VIOLATED: increase significant digits)
   u_impl/n7176                 0.50           0.50           0.00  (VIOLATED: increase significant digits)
   u_impl/n7217                 0.50           0.50           0.00  (VIOLATED: increase significant digits)
   u_impl/n7258                 0.50           0.50           0.00  (VIOLATED: increase significant digits)
   u_impl/n7340                 0.50           0.50           0.00  (VIOLATED: increase significant digits)
   u_impl/n7379                 0.50           0.50           0.00  (VIOLATED: increase significant digits)
   u_impl/n7417                 0.50           0.50           0.00  (VIOLATED: increase significant digits)
   u_impl/n6651                 0.50           0.50           0.00  (VIOLATED: increase significant digits)
   u_impl/n6683                 0.50           0.50           0.00  (VIOLATED: increase significant digits)
   u_impl/n6724                 0.50           0.50           0.00  (VIOLATED: increase significant digits)
   u_impl/n6759                 0.50           0.50           0.00  (VIOLATED: increase significant digits)
   u_impl/n6834                 0.50           0.50           0.00  (VIOLATED: increase significant digits)
   u_impl/n6873                 0.50           0.50           0.00  (VIOLATED: increase significant digits)
   u_impl/n6911                 0.50           0.50           0.00  (VIOLATED: increase significant digits)
   u_impl/n7136                 0.50           0.50           0.00  (VIOLATED: increase significant digits)
   u_impl/n7178                 0.50           0.50           0.00  (VIOLATED: increase significant digits)
   u_impl/n7219                 0.50           0.50           0.00  (VIOLATED: increase significant digits)
   u_impl/n7260                 0.50           0.50           0.00  (VIOLATED: increase significant digits)
   u_impl/n7342                 0.50           0.50           0.00  (VIOLATED: increase significant digits)
   u_impl/n7381                 0.50           0.50           0.00  (VIOLATED: increase significant digits)
   u_impl/n7419                 0.50           0.50           0.00  (VIOLATED: increase significant digits)
   u_impl/n7043                 0.50           0.50           0.00  (VIOLATED: increase significant digits)
   u_impl/n7497                 0.50           0.50           0.00  (VIOLATED: increase significant digits)
   u_impl/n7501                 0.50           0.50           0.00  (VIOLATED: increase significant digits)
   u_impl/n7059                 0.50           0.50           0.00  (VIOLATED: increase significant digits)
   u_impl/n7063                 0.50           0.50           0.00  (VIOLATED: increase significant digits)
   u_impl/n7545                 0.50           0.50           0.00  (VIOLATED: increase significant digits)
   u_impl/n7549                 0.50           0.50           0.00  (VIOLATED: increase significant digits)
   u_impl/n6969                 0.50           0.50           0.00  (VIOLATED: increase significant digits)
   u_impl/n7474                 0.50           0.50           0.00  (VIOLATED: increase significant digits)
   u_impl/n7106                 0.50           0.50           0.00  (VIOLATED: increase significant digits)
   u_impl/n7573                 0.50           0.50           0.00  (VIOLATED: increase significant digits)
   u_impl/n6786                 0.50           0.50           0.00  (VIOLATED: increase significant digits)
   u_impl/n7048                 0.50           0.50           0.00  (VIOLATED: increase significant digits)
   u_impl/n7050                 0.50           0.50           0.00  (VIOLATED: increase significant digits)
   u_impl/n7053                 0.50           0.50           0.00  (VIOLATED: increase significant digits)
   u_impl/n7066                 0.50           0.50           0.00  (VIOLATED: increase significant digits)
   u_impl/n7526                 0.50           0.50           0.00  (VIOLATED: increase significant digits)
   u_impl/n7537                 0.50           0.50           0.00  (VIOLATED: increase significant digits)
   u_impl/n7541                 0.50           0.50           0.00  (VIOLATED: increase significant digits)
   u_impl/n7543                 0.50           0.50           0.00  (VIOLATED: increase significant digits)
   u_impl/n7551                 0.50           0.50           0.00  (VIOLATED: increase significant digits)
   u_impl/n6953                 0.50           0.50           0.00  (VIOLATED: increase significant digits)
   u_impl/n6963                 0.50           0.50           0.00  (VIOLATED: increase significant digits)
   u_impl/n6965                 0.50           0.50           0.00  (VIOLATED: increase significant digits)
   u_impl/n6967                 0.50           0.50           0.00  (VIOLATED: increase significant digits)
   u_impl/n7468                 0.50           0.50           0.00  (VIOLATED: increase significant digits)
   u_impl/n7470                 0.50           0.50           0.00  (VIOLATED: increase significant digits)

   -----------------------------------------------------------------
   Total                      377                -0.76  

   max_leakage_power

                             Required        Actual
   Design                   Leakage Power  Leakage Power     Slack
   -----------------------------------------------------------------
   pde_chip_top_safe            0.00       105402.77      -105402.77
                                                                    (VIOLATED)


1
