Information: Propagating switching activity (low effort zero delay simulation). (PWR-6)
Warning: Design has unannotated primary inputs. (PWR-414)
Warning: Design has unannotated sequential cell outputs. (PWR-415)
 
****************************************
Report : power
        -hier
        -analysis_effort low
Design : pde_chip_top_safe
Version: O-2018.06-SP1
Date   : Sat Aug  1 02:45:22 2026
****************************************


Library(s) Used:

    tcbn65lpwc_ccs (File: /ssd0/PDKs/TSMC65nm/STDCELL/std/STD_Cell/tcbn65lp_200b/Front_End/timing_power_noise/CCS/tcbn65lpwc_ccs.db)


Operating Conditions: WCCOM   Library: tcbn65lpwc_ccs
Wire Load Model Mode: segmented

Design        Wire Load Model            Library
------------------------------------------------
pde_chip_top_safe      ZeroWireload      tcbn65lpwc_ccs
pde_chip_top_20_20_1_1_1_4096_10
                       ZeroWireload      tcbn65lpwc_ccs
pde_core_20_20_1_1_1_4096_10
                       ZeroWireload      tcbn65lpwc_ccs
pde_tcu_1_1_4096       ZeroWireload      tcbn65lpwc_ccs
pde_memcontrol_NROW20_NCOL_LOG20
                       ZeroWireload      tcbn65lpwc_ccs
pe_top_0_1_99          ZeroWireload      tcbn65lpwc_ccs
pe_top_0_1_98          ZeroWireload      tcbn65lpwc_ccs
pe_top_1_1_99          ZeroWireload      tcbn65lpwc_ccs
pe_top_1_1_98          ZeroWireload      tcbn65lpwc_ccs
counter_ce_WIDTH5      ZeroWireload      tcbn65lpwc_ccs
r_state_ctrl_0_99      ZeroWireload      tcbn65lpwc_ccs
r_reg_399              ZeroWireload      tcbn65lpwc_ccs
r_dsm_1_199            ZeroWireload      tcbn65lpwc_ccs
r_alu_199              ZeroWireload      tcbn65lpwc_ccs
sol_acc_1_99           ZeroWireload      tcbn65lpwc_ccs
r_status_199           ZeroWireload      tcbn65lpwc_ccs
sol_acc_1_98           ZeroWireload      tcbn65lpwc_ccs
r_state_ctrl_1_99      ZeroWireload      tcbn65lpwc_ccs
sol_acc_0_99           ZeroWireload      tcbn65lpwc_ccs
sol_acc_0_0            ZeroWireload      tcbn65lpwc_ccs
sol_acc_0_1            ZeroWireload      tcbn65lpwc_ccs
sol_acc_0_2            ZeroWireload      tcbn65lpwc_ccs
sol_acc_0_3            ZeroWireload      tcbn65lpwc_ccs
sol_acc_0_4            ZeroWireload      tcbn65lpwc_ccs
sol_acc_0_5            ZeroWireload      tcbn65lpwc_ccs
sol_acc_0_6            ZeroWireload      tcbn65lpwc_ccs
sol_acc_0_7            ZeroWireload      tcbn65lpwc_ccs
sol_acc_0_8            ZeroWireload      tcbn65lpwc_ccs
sol_acc_0_9            ZeroWireload      tcbn65lpwc_ccs
sol_acc_0_10           ZeroWireload      tcbn65lpwc_ccs
sol_acc_0_11           ZeroWireload      tcbn65lpwc_ccs
sol_acc_0_12           ZeroWireload      tcbn65lpwc_ccs
sol_acc_0_13           ZeroWireload      tcbn65lpwc_ccs
sol_acc_0_14           ZeroWireload      tcbn65lpwc_ccs
sol_acc_0_15           ZeroWireload      tcbn65lpwc_ccs
sol_acc_0_16           ZeroWireload      tcbn65lpwc_ccs
sol_acc_0_17           ZeroWireload      tcbn65lpwc_ccs
sol_acc_0_18           ZeroWireload      tcbn65lpwc_ccs
sol_acc_0_19           ZeroWireload      tcbn65lpwc_ccs
sol_acc_0_20           ZeroWireload      tcbn65lpwc_ccs
sol_acc_0_21           ZeroWireload      tcbn65lpwc_ccs
sol_acc_0_22           ZeroWireload      tcbn65lpwc_ccs
sol_acc_0_23           ZeroWireload      tcbn65lpwc_ccs
sol_acc_0_24           ZeroWireload      tcbn65lpwc_ccs
sol_acc_0_25           ZeroWireload      tcbn65lpwc_ccs
sol_acc_0_26           ZeroWireload      tcbn65lpwc_ccs
sol_acc_0_27           ZeroWireload      tcbn65lpwc_ccs
sol_acc_0_28           ZeroWireload      tcbn65lpwc_ccs
sol_acc_0_29           ZeroWireload      tcbn65lpwc_ccs
sol_acc_0_30           ZeroWireload      tcbn65lpwc_ccs
sol_acc_0_31           ZeroWireload      tcbn65lpwc_ccs
sol_acc_0_32           ZeroWireload      tcbn65lpwc_ccs
sol_acc_0_33           ZeroWireload      tcbn65lpwc_ccs
sol_acc_0_34           ZeroWireload      tcbn65lpwc_ccs
sol_acc_0_35           ZeroWireload      tcbn65lpwc_ccs
sol_acc_0_36           ZeroWireload      tcbn65lpwc_ccs
sol_acc_0_37           ZeroWireload      tcbn65lpwc_ccs
sol_acc_0_38           ZeroWireload      tcbn65lpwc_ccs
sol_acc_0_39           ZeroWireload      tcbn65lpwc_ccs
sol_acc_0_40           ZeroWireload      tcbn65lpwc_ccs
sol_acc_0_41           ZeroWireload      tcbn65lpwc_ccs
sol_acc_0_42           ZeroWireload      tcbn65lpwc_ccs
sol_acc_0_43           ZeroWireload      tcbn65lpwc_ccs
sol_acc_0_44           ZeroWireload      tcbn65lpwc_ccs
sol_acc_0_45           ZeroWireload      tcbn65lpwc_ccs
sol_acc_0_46           ZeroWireload      tcbn65lpwc_ccs
sol_acc_0_47           ZeroWireload      tcbn65lpwc_ccs
sol_acc_0_48           ZeroWireload      tcbn65lpwc_ccs
sol_acc_0_49           ZeroWireload      tcbn65lpwc_ccs
sol_acc_0_50           ZeroWireload      tcbn65lpwc_ccs
sol_acc_0_51           ZeroWireload      tcbn65lpwc_ccs
sol_acc_0_52           ZeroWireload      tcbn65lpwc_ccs
sol_acc_0_53           ZeroWireload      tcbn65lpwc_ccs
sol_acc_0_54           ZeroWireload      tcbn65lpwc_ccs
sol_acc_0_55           ZeroWireload      tcbn65lpwc_ccs
sol_acc_0_56           ZeroWireload      tcbn65lpwc_ccs
sol_acc_0_57           ZeroWireload      tcbn65lpwc_ccs
sol_acc_0_58           ZeroWireload      tcbn65lpwc_ccs
sol_acc_0_59           ZeroWireload      tcbn65lpwc_ccs
sol_acc_0_60           ZeroWireload      tcbn65lpwc_ccs
sol_acc_0_61           ZeroWireload      tcbn65lpwc_ccs
sol_acc_0_62           ZeroWireload      tcbn65lpwc_ccs
sol_acc_0_63           ZeroWireload      tcbn65lpwc_ccs
sol_acc_0_64           ZeroWireload      tcbn65lpwc_ccs
sol_acc_0_65           ZeroWireload      tcbn65lpwc_ccs
sol_acc_0_66           ZeroWireload      tcbn65lpwc_ccs
sol_acc_0_67           ZeroWireload      tcbn65lpwc_ccs
sol_acc_0_68           ZeroWireload      tcbn65lpwc_ccs
sol_acc_0_69           ZeroWireload      tcbn65lpwc_ccs
sol_acc_0_70           ZeroWireload      tcbn65lpwc_ccs
sol_acc_0_71           ZeroWireload      tcbn65lpwc_ccs
sol_acc_0_72           ZeroWireload      tcbn65lpwc_ccs
sol_acc_0_73           ZeroWireload      tcbn65lpwc_ccs
sol_acc_0_74           ZeroWireload      tcbn65lpwc_ccs
sol_acc_0_75           ZeroWireload      tcbn65lpwc_ccs
sol_acc_0_76           ZeroWireload      tcbn65lpwc_ccs
sol_acc_0_77           ZeroWireload      tcbn65lpwc_ccs
sol_acc_0_78           ZeroWireload      tcbn65lpwc_ccs
sol_acc_0_79           ZeroWireload      tcbn65lpwc_ccs
sol_acc_0_80           ZeroWireload      tcbn65lpwc_ccs
sol_acc_0_81           ZeroWireload      tcbn65lpwc_ccs
sol_acc_0_82           ZeroWireload      tcbn65lpwc_ccs
sol_acc_0_83           ZeroWireload      tcbn65lpwc_ccs
sol_acc_0_84           ZeroWireload      tcbn65lpwc_ccs
sol_acc_0_85           ZeroWireload      tcbn65lpwc_ccs
sol_acc_0_86           ZeroWireload      tcbn65lpwc_ccs
sol_acc_0_87           ZeroWireload      tcbn65lpwc_ccs
sol_acc_0_88           ZeroWireload      tcbn65lpwc_ccs
sol_acc_0_89           ZeroWireload      tcbn65lpwc_ccs
sol_acc_0_90           ZeroWireload      tcbn65lpwc_ccs
sol_acc_0_91           ZeroWireload      tcbn65lpwc_ccs
sol_acc_0_92           ZeroWireload      tcbn65lpwc_ccs
sol_acc_0_93           ZeroWireload      tcbn65lpwc_ccs
sol_acc_0_94           ZeroWireload      tcbn65lpwc_ccs
sol_acc_0_95           ZeroWireload      tcbn65lpwc_ccs
sol_acc_0_96           ZeroWireload      tcbn65lpwc_ccs
sol_acc_0_97           ZeroWireload      tcbn65lpwc_ccs
sol_acc_0_98           ZeroWireload      tcbn65lpwc_ccs
pe_top_0_1_0           ZeroWireload      tcbn65lpwc_ccs
pe_top_0_1_1           ZeroWireload      tcbn65lpwc_ccs
pe_top_0_1_2           ZeroWireload      tcbn65lpwc_ccs
pe_top_0_1_3           ZeroWireload      tcbn65lpwc_ccs
pe_top_0_1_4           ZeroWireload      tcbn65lpwc_ccs
pe_top_0_1_5           ZeroWireload      tcbn65lpwc_ccs
pe_top_0_1_6           ZeroWireload      tcbn65lpwc_ccs
pe_top_0_1_7           ZeroWireload      tcbn65lpwc_ccs
pe_top_0_1_8           ZeroWireload      tcbn65lpwc_ccs
pe_top_0_1_9           ZeroWireload      tcbn65lpwc_ccs
pe_top_0_1_10          ZeroWireload      tcbn65lpwc_ccs
pe_top_0_1_11          ZeroWireload      tcbn65lpwc_ccs
pe_top_0_1_12          ZeroWireload      tcbn65lpwc_ccs
pe_top_0_1_13          ZeroWireload      tcbn65lpwc_ccs
pe_top_0_1_14          ZeroWireload      tcbn65lpwc_ccs
pe_top_0_1_15          ZeroWireload      tcbn65lpwc_ccs
pe_top_0_1_16          ZeroWireload      tcbn65lpwc_ccs
pe_top_0_1_17          ZeroWireload      tcbn65lpwc_ccs
pe_top_0_1_18          ZeroWireload      tcbn65lpwc_ccs
pe_top_0_1_19          ZeroWireload      tcbn65lpwc_ccs
pe_top_0_1_20          ZeroWireload      tcbn65lpwc_ccs
pe_top_0_1_21          ZeroWireload      tcbn65lpwc_ccs
pe_top_0_1_22          ZeroWireload      tcbn65lpwc_ccs
pe_top_0_1_23          ZeroWireload      tcbn65lpwc_ccs
pe_top_0_1_24          ZeroWireload      tcbn65lpwc_ccs
pe_top_0_1_25          ZeroWireload      tcbn65lpwc_ccs
pe_top_0_1_26          ZeroWireload      tcbn65lpwc_ccs
pe_top_0_1_27          ZeroWireload      tcbn65lpwc_ccs
pe_top_0_1_28          ZeroWireload      tcbn65lpwc_ccs
pe_top_0_1_29          ZeroWireload      tcbn65lpwc_ccs
pe_top_0_1_30          ZeroWireload      tcbn65lpwc_ccs
pe_top_0_1_31          ZeroWireload      tcbn65lpwc_ccs
pe_top_0_1_32          ZeroWireload      tcbn65lpwc_ccs
pe_top_0_1_33          ZeroWireload      tcbn65lpwc_ccs
pe_top_0_1_34          ZeroWireload      tcbn65lpwc_ccs
pe_top_0_1_35          ZeroWireload      tcbn65lpwc_ccs
pe_top_0_1_36          ZeroWireload      tcbn65lpwc_ccs
pe_top_0_1_37          ZeroWireload      tcbn65lpwc_ccs
pe_top_0_1_38          ZeroWireload      tcbn65lpwc_ccs
pe_top_0_1_39          ZeroWireload      tcbn65lpwc_ccs
pe_top_0_1_40          ZeroWireload      tcbn65lpwc_ccs
pe_top_0_1_41          ZeroWireload      tcbn65lpwc_ccs
pe_top_0_1_42          ZeroWireload      tcbn65lpwc_ccs
pe_top_0_1_43          ZeroWireload      tcbn65lpwc_ccs
pe_top_0_1_44          ZeroWireload      tcbn65lpwc_ccs
pe_top_0_1_45          ZeroWireload      tcbn65lpwc_ccs
pe_top_0_1_46          ZeroWireload      tcbn65lpwc_ccs
pe_top_0_1_47          ZeroWireload      tcbn65lpwc_ccs
pe_top_0_1_48          ZeroWireload      tcbn65lpwc_ccs
pe_top_0_1_49          ZeroWireload      tcbn65lpwc_ccs
pe_top_0_1_50          ZeroWireload      tcbn65lpwc_ccs
pe_top_0_1_51          ZeroWireload      tcbn65lpwc_ccs
pe_top_0_1_52          ZeroWireload      tcbn65lpwc_ccs
pe_top_0_1_53          ZeroWireload      tcbn65lpwc_ccs
pe_top_0_1_54          ZeroWireload      tcbn65lpwc_ccs
pe_top_0_1_55          ZeroWireload      tcbn65lpwc_ccs
pe_top_0_1_56          ZeroWireload      tcbn65lpwc_ccs
pe_top_0_1_57          ZeroWireload      tcbn65lpwc_ccs
pe_top_0_1_58          ZeroWireload      tcbn65lpwc_ccs
pe_top_0_1_59          ZeroWireload      tcbn65lpwc_ccs
pe_top_0_1_60          ZeroWireload      tcbn65lpwc_ccs
pe_top_0_1_61          ZeroWireload      tcbn65lpwc_ccs
pe_top_0_1_62          ZeroWireload      tcbn65lpwc_ccs
pe_top_0_1_63          ZeroWireload      tcbn65lpwc_ccs
pe_top_0_1_64          ZeroWireload      tcbn65lpwc_ccs
pe_top_0_1_65          ZeroWireload      tcbn65lpwc_ccs
pe_top_0_1_66          ZeroWireload      tcbn65lpwc_ccs
pe_top_0_1_67          ZeroWireload      tcbn65lpwc_ccs
pe_top_0_1_68          ZeroWireload      tcbn65lpwc_ccs
pe_top_0_1_69          ZeroWireload      tcbn65lpwc_ccs
pe_top_0_1_70          ZeroWireload      tcbn65lpwc_ccs
pe_top_0_1_71          ZeroWireload      tcbn65lpwc_ccs
pe_top_0_1_72          ZeroWireload      tcbn65lpwc_ccs
pe_top_0_1_73          ZeroWireload      tcbn65lpwc_ccs
pe_top_0_1_74          ZeroWireload      tcbn65lpwc_ccs
pe_top_0_1_75          ZeroWireload      tcbn65lpwc_ccs
pe_top_0_1_76          ZeroWireload      tcbn65lpwc_ccs
pe_top_0_1_77          ZeroWireload      tcbn65lpwc_ccs
pe_top_0_1_78          ZeroWireload      tcbn65lpwc_ccs
pe_top_0_1_79          ZeroWireload      tcbn65lpwc_ccs
pe_top_0_1_80          ZeroWireload      tcbn65lpwc_ccs
pe_top_0_1_81          ZeroWireload      tcbn65lpwc_ccs
pe_top_0_1_82          ZeroWireload      tcbn65lpwc_ccs
pe_top_0_1_83          ZeroWireload      tcbn65lpwc_ccs
pe_top_0_1_84          ZeroWireload      tcbn65lpwc_ccs
pe_top_0_1_85          ZeroWireload      tcbn65lpwc_ccs
pe_top_0_1_86          ZeroWireload      tcbn65lpwc_ccs
pe_top_0_1_87          ZeroWireload      tcbn65lpwc_ccs
pe_top_0_1_88          ZeroWireload      tcbn65lpwc_ccs
pe_top_0_1_89          ZeroWireload      tcbn65lpwc_ccs
pe_top_0_1_90          ZeroWireload      tcbn65lpwc_ccs
pe_top_0_1_91          ZeroWireload      tcbn65lpwc_ccs
pe_top_0_1_92          ZeroWireload      tcbn65lpwc_ccs
pe_top_0_1_93          ZeroWireload      tcbn65lpwc_ccs
pe_top_0_1_94          ZeroWireload      tcbn65lpwc_ccs
pe_top_0_1_95          ZeroWireload      tcbn65lpwc_ccs
pe_top_0_1_96          ZeroWireload      tcbn65lpwc_ccs
pe_top_0_1_97          ZeroWireload      tcbn65lpwc_ccs
sol_acc_1_0            ZeroWireload      tcbn65lpwc_ccs
sol_acc_1_1            ZeroWireload      tcbn65lpwc_ccs
sol_acc_1_2            ZeroWireload      tcbn65lpwc_ccs
sol_acc_1_3            ZeroWireload      tcbn65lpwc_ccs
sol_acc_1_4            ZeroWireload      tcbn65lpwc_ccs
sol_acc_1_5            ZeroWireload      tcbn65lpwc_ccs
sol_acc_1_6            ZeroWireload      tcbn65lpwc_ccs
sol_acc_1_7            ZeroWireload      tcbn65lpwc_ccs
sol_acc_1_8            ZeroWireload      tcbn65lpwc_ccs
sol_acc_1_9            ZeroWireload      tcbn65lpwc_ccs
sol_acc_1_10           ZeroWireload      tcbn65lpwc_ccs
sol_acc_1_11           ZeroWireload      tcbn65lpwc_ccs
sol_acc_1_12           ZeroWireload      tcbn65lpwc_ccs
sol_acc_1_13           ZeroWireload      tcbn65lpwc_ccs
sol_acc_1_14           ZeroWireload      tcbn65lpwc_ccs
sol_acc_1_15           ZeroWireload      tcbn65lpwc_ccs
sol_acc_1_16           ZeroWireload      tcbn65lpwc_ccs
sol_acc_1_17           ZeroWireload      tcbn65lpwc_ccs
sol_acc_1_18           ZeroWireload      tcbn65lpwc_ccs
sol_acc_1_19           ZeroWireload      tcbn65lpwc_ccs
sol_acc_1_20           ZeroWireload      tcbn65lpwc_ccs
sol_acc_1_21           ZeroWireload      tcbn65lpwc_ccs
sol_acc_1_22           ZeroWireload      tcbn65lpwc_ccs
sol_acc_1_23           ZeroWireload      tcbn65lpwc_ccs
sol_acc_1_24           ZeroWireload      tcbn65lpwc_ccs
sol_acc_1_25           ZeroWireload      tcbn65lpwc_ccs
sol_acc_1_26           ZeroWireload      tcbn65lpwc_ccs
sol_acc_1_27           ZeroWireload      tcbn65lpwc_ccs
sol_acc_1_28           ZeroWireload      tcbn65lpwc_ccs
sol_acc_1_29           ZeroWireload      tcbn65lpwc_ccs
sol_acc_1_30           ZeroWireload      tcbn65lpwc_ccs
sol_acc_1_31           ZeroWireload      tcbn65lpwc_ccs
sol_acc_1_32           ZeroWireload      tcbn65lpwc_ccs
sol_acc_1_33           ZeroWireload      tcbn65lpwc_ccs
sol_acc_1_34           ZeroWireload      tcbn65lpwc_ccs
sol_acc_1_35           ZeroWireload      tcbn65lpwc_ccs
sol_acc_1_36           ZeroWireload      tcbn65lpwc_ccs
sol_acc_1_37           ZeroWireload      tcbn65lpwc_ccs
sol_acc_1_38           ZeroWireload      tcbn65lpwc_ccs
sol_acc_1_39           ZeroWireload      tcbn65lpwc_ccs
sol_acc_1_40           ZeroWireload      tcbn65lpwc_ccs
sol_acc_1_41           ZeroWireload      tcbn65lpwc_ccs
sol_acc_1_42           ZeroWireload      tcbn65lpwc_ccs
sol_acc_1_43           ZeroWireload      tcbn65lpwc_ccs
sol_acc_1_44           ZeroWireload      tcbn65lpwc_ccs
sol_acc_1_45           ZeroWireload      tcbn65lpwc_ccs
sol_acc_1_46           ZeroWireload      tcbn65lpwc_ccs
sol_acc_1_47           ZeroWireload      tcbn65lpwc_ccs
sol_acc_1_48           ZeroWireload      tcbn65lpwc_ccs
sol_acc_1_49           ZeroWireload      tcbn65lpwc_ccs
sol_acc_1_50           ZeroWireload      tcbn65lpwc_ccs
sol_acc_1_51           ZeroWireload      tcbn65lpwc_ccs
sol_acc_1_52           ZeroWireload      tcbn65lpwc_ccs
sol_acc_1_53           ZeroWireload      tcbn65lpwc_ccs
sol_acc_1_54           ZeroWireload      tcbn65lpwc_ccs
sol_acc_1_55           ZeroWireload      tcbn65lpwc_ccs
sol_acc_1_56           ZeroWireload      tcbn65lpwc_ccs
sol_acc_1_57           ZeroWireload      tcbn65lpwc_ccs
sol_acc_1_58           ZeroWireload      tcbn65lpwc_ccs
sol_acc_1_59           ZeroWireload      tcbn65lpwc_ccs
sol_acc_1_60           ZeroWireload      tcbn65lpwc_ccs
sol_acc_1_61           ZeroWireload      tcbn65lpwc_ccs
sol_acc_1_62           ZeroWireload      tcbn65lpwc_ccs
sol_acc_1_63           ZeroWireload      tcbn65lpwc_ccs
sol_acc_1_64           ZeroWireload      tcbn65lpwc_ccs
sol_acc_1_65           ZeroWireload      tcbn65lpwc_ccs
sol_acc_1_66           ZeroWireload      tcbn65lpwc_ccs
sol_acc_1_67           ZeroWireload      tcbn65lpwc_ccs
sol_acc_1_68           ZeroWireload      tcbn65lpwc_ccs
sol_acc_1_69           ZeroWireload      tcbn65lpwc_ccs
sol_acc_1_70           ZeroWireload      tcbn65lpwc_ccs
sol_acc_1_71           ZeroWireload      tcbn65lpwc_ccs
sol_acc_1_72           ZeroWireload      tcbn65lpwc_ccs
sol_acc_1_73           ZeroWireload      tcbn65lpwc_ccs
sol_acc_1_74           ZeroWireload      tcbn65lpwc_ccs
sol_acc_1_75           ZeroWireload      tcbn65lpwc_ccs
sol_acc_1_76           ZeroWireload      tcbn65lpwc_ccs
sol_acc_1_77           ZeroWireload      tcbn65lpwc_ccs
sol_acc_1_78           ZeroWireload      tcbn65lpwc_ccs
sol_acc_1_79           ZeroWireload      tcbn65lpwc_ccs
sol_acc_1_80           ZeroWireload      tcbn65lpwc_ccs
sol_acc_1_81           ZeroWireload      tcbn65lpwc_ccs
sol_acc_1_82           ZeroWireload      tcbn65lpwc_ccs
sol_acc_1_83           ZeroWireload      tcbn65lpwc_ccs
sol_acc_1_84           ZeroWireload      tcbn65lpwc_ccs
sol_acc_1_85           ZeroWireload      tcbn65lpwc_ccs
sol_acc_1_86           ZeroWireload      tcbn65lpwc_ccs
sol_acc_1_87           ZeroWireload      tcbn65lpwc_ccs
sol_acc_1_88           ZeroWireload      tcbn65lpwc_ccs
sol_acc_1_89           ZeroWireload      tcbn65lpwc_ccs
sol_acc_1_90           ZeroWireload      tcbn65lpwc_ccs
sol_acc_1_91           ZeroWireload      tcbn65lpwc_ccs
sol_acc_1_92           ZeroWireload      tcbn65lpwc_ccs
sol_acc_1_93           ZeroWireload      tcbn65lpwc_ccs
sol_acc_1_94           ZeroWireload      tcbn65lpwc_ccs
sol_acc_1_95           ZeroWireload      tcbn65lpwc_ccs
sol_acc_1_96           ZeroWireload      tcbn65lpwc_ccs
sol_acc_1_97           ZeroWireload      tcbn65lpwc_ccs
r_status_0             ZeroWireload      tcbn65lpwc_ccs
r_status_1             ZeroWireload      tcbn65lpwc_ccs
r_status_2             ZeroWireload      tcbn65lpwc_ccs
r_status_3             ZeroWireload      tcbn65lpwc_ccs
r_status_4             ZeroWireload      tcbn65lpwc_ccs
r_status_5             ZeroWireload      tcbn65lpwc_ccs
r_status_6             ZeroWireload      tcbn65lpwc_ccs
r_status_7             ZeroWireload      tcbn65lpwc_ccs
r_status_8             ZeroWireload      tcbn65lpwc_ccs
r_status_9             ZeroWireload      tcbn65lpwc_ccs
r_status_10            ZeroWireload      tcbn65lpwc_ccs
r_status_11            ZeroWireload      tcbn65lpwc_ccs
r_status_12            ZeroWireload      tcbn65lpwc_ccs
r_status_13            ZeroWireload      tcbn65lpwc_ccs
r_status_14            ZeroWireload      tcbn65lpwc_ccs
r_status_15            ZeroWireload      tcbn65lpwc_ccs
r_status_16            ZeroWireload      tcbn65lpwc_ccs
r_status_17            ZeroWireload      tcbn65lpwc_ccs
r_status_18            ZeroWireload      tcbn65lpwc_ccs
r_status_19            ZeroWireload      tcbn65lpwc_ccs
r_status_20            ZeroWireload      tcbn65lpwc_ccs
r_status_21            ZeroWireload      tcbn65lpwc_ccs
r_status_22            ZeroWireload      tcbn65lpwc_ccs
r_status_23            ZeroWireload      tcbn65lpwc_ccs
r_status_24            ZeroWireload      tcbn65lpwc_ccs
r_status_25            ZeroWireload      tcbn65lpwc_ccs
r_status_26            ZeroWireload      tcbn65lpwc_ccs
r_status_27            ZeroWireload      tcbn65lpwc_ccs
r_status_28            ZeroWireload      tcbn65lpwc_ccs
r_status_29            ZeroWireload      tcbn65lpwc_ccs
r_status_30            ZeroWireload      tcbn65lpwc_ccs
r_status_31            ZeroWireload      tcbn65lpwc_ccs
r_status_32            ZeroWireload      tcbn65lpwc_ccs
r_status_33            ZeroWireload      tcbn65lpwc_ccs
r_status_34            ZeroWireload      tcbn65lpwc_ccs
r_status_35            ZeroWireload      tcbn65lpwc_ccs
r_status_36            ZeroWireload      tcbn65lpwc_ccs
r_status_37            ZeroWireload      tcbn65lpwc_ccs
r_status_38            ZeroWireload      tcbn65lpwc_ccs
r_status_39            ZeroWireload      tcbn65lpwc_ccs
r_status_40            ZeroWireload      tcbn65lpwc_ccs
r_status_41            ZeroWireload      tcbn65lpwc_ccs
r_status_42            ZeroWireload      tcbn65lpwc_ccs
r_status_43            ZeroWireload      tcbn65lpwc_ccs
r_status_44            ZeroWireload      tcbn65lpwc_ccs
r_status_45            ZeroWireload      tcbn65lpwc_ccs
r_status_46            ZeroWireload      tcbn65lpwc_ccs
r_status_47            ZeroWireload      tcbn65lpwc_ccs
r_status_48            ZeroWireload      tcbn65lpwc_ccs
r_status_49            ZeroWireload      tcbn65lpwc_ccs
r_status_50            ZeroWireload      tcbn65lpwc_ccs
r_status_51            ZeroWireload      tcbn65lpwc_ccs
r_status_52            ZeroWireload      tcbn65lpwc_ccs
r_status_53            ZeroWireload      tcbn65lpwc_ccs
r_status_54            ZeroWireload      tcbn65lpwc_ccs
r_status_55            ZeroWireload      tcbn65lpwc_ccs
r_status_56            ZeroWireload      tcbn65lpwc_ccs
r_status_57            ZeroWireload      tcbn65lpwc_ccs
r_status_58            ZeroWireload      tcbn65lpwc_ccs
r_status_59            ZeroWireload      tcbn65lpwc_ccs
r_status_60            ZeroWireload      tcbn65lpwc_ccs
r_status_61            ZeroWireload      tcbn65lpwc_ccs
r_status_62            ZeroWireload      tcbn65lpwc_ccs
r_status_63            ZeroWireload      tcbn65lpwc_ccs
r_status_64            ZeroWireload      tcbn65lpwc_ccs
r_status_65            ZeroWireload      tcbn65lpwc_ccs
r_status_66            ZeroWireload      tcbn65lpwc_ccs
r_status_67            ZeroWireload      tcbn65lpwc_ccs
r_status_68            ZeroWireload      tcbn65lpwc_ccs
r_status_69            ZeroWireload      tcbn65lpwc_ccs
r_status_70            ZeroWireload      tcbn65lpwc_ccs
r_status_71            ZeroWireload      tcbn65lpwc_ccs
r_status_72            ZeroWireload      tcbn65lpwc_ccs
r_status_73            ZeroWireload      tcbn65lpwc_ccs
r_status_74            ZeroWireload      tcbn65lpwc_ccs
r_status_75            ZeroWireload      tcbn65lpwc_ccs
r_status_76            ZeroWireload      tcbn65lpwc_ccs
r_status_77            ZeroWireload      tcbn65lpwc_ccs
r_status_78            ZeroWireload      tcbn65lpwc_ccs
r_status_79            ZeroWireload      tcbn65lpwc_ccs
r_status_80            ZeroWireload      tcbn65lpwc_ccs
r_status_81            ZeroWireload      tcbn65lpwc_ccs
r_status_82            ZeroWireload      tcbn65lpwc_ccs
r_status_83            ZeroWireload      tcbn65lpwc_ccs
r_status_84            ZeroWireload      tcbn65lpwc_ccs
r_status_85            ZeroWireload      tcbn65lpwc_ccs
r_status_86            ZeroWireload      tcbn65lpwc_ccs
r_status_87            ZeroWireload      tcbn65lpwc_ccs
r_status_88            ZeroWireload      tcbn65lpwc_ccs
r_status_89            ZeroWireload      tcbn65lpwc_ccs
r_status_90            ZeroWireload      tcbn65lpwc_ccs
r_status_91            ZeroWireload      tcbn65lpwc_ccs
r_status_92            ZeroWireload      tcbn65lpwc_ccs
r_status_93            ZeroWireload      tcbn65lpwc_ccs
r_status_94            ZeroWireload      tcbn65lpwc_ccs
r_status_95            ZeroWireload      tcbn65lpwc_ccs
r_status_96            ZeroWireload      tcbn65lpwc_ccs
r_status_97            ZeroWireload      tcbn65lpwc_ccs
r_status_98            ZeroWireload      tcbn65lpwc_ccs
r_status_99            ZeroWireload      tcbn65lpwc_ccs
r_status_100           ZeroWireload      tcbn65lpwc_ccs
r_status_101           ZeroWireload      tcbn65lpwc_ccs
r_status_102           ZeroWireload      tcbn65lpwc_ccs
r_status_103           ZeroWireload      tcbn65lpwc_ccs
r_status_104           ZeroWireload      tcbn65lpwc_ccs
r_status_105           ZeroWireload      tcbn65lpwc_ccs
r_status_106           ZeroWireload      tcbn65lpwc_ccs
r_status_107           ZeroWireload      tcbn65lpwc_ccs
r_status_108           ZeroWireload      tcbn65lpwc_ccs
r_status_109           ZeroWireload      tcbn65lpwc_ccs
r_status_110           ZeroWireload      tcbn65lpwc_ccs
r_status_111           ZeroWireload      tcbn65lpwc_ccs
r_status_112           ZeroWireload      tcbn65lpwc_ccs
r_status_113           ZeroWireload      tcbn65lpwc_ccs
r_status_114           ZeroWireload      tcbn65lpwc_ccs
r_status_115           ZeroWireload      tcbn65lpwc_ccs
r_status_116           ZeroWireload      tcbn65lpwc_ccs
r_status_117           ZeroWireload      tcbn65lpwc_ccs
r_status_118           ZeroWireload      tcbn65lpwc_ccs
r_status_119           ZeroWireload      tcbn65lpwc_ccs
r_status_120           ZeroWireload      tcbn65lpwc_ccs
r_status_121           ZeroWireload      tcbn65lpwc_ccs
r_status_122           ZeroWireload      tcbn65lpwc_ccs
r_status_123           ZeroWireload      tcbn65lpwc_ccs
r_status_124           ZeroWireload      tcbn65lpwc_ccs
r_status_125           ZeroWireload      tcbn65lpwc_ccs
r_status_126           ZeroWireload      tcbn65lpwc_ccs
r_status_127           ZeroWireload      tcbn65lpwc_ccs
r_status_128           ZeroWireload      tcbn65lpwc_ccs
r_status_129           ZeroWireload      tcbn65lpwc_ccs
r_status_130           ZeroWireload      tcbn65lpwc_ccs
r_status_131           ZeroWireload      tcbn65lpwc_ccs
r_status_132           ZeroWireload      tcbn65lpwc_ccs
r_status_133           ZeroWireload      tcbn65lpwc_ccs
r_status_134           ZeroWireload      tcbn65lpwc_ccs
r_status_135           ZeroWireload      tcbn65lpwc_ccs
r_status_136           ZeroWireload      tcbn65lpwc_ccs
r_status_137           ZeroWireload      tcbn65lpwc_ccs
r_status_138           ZeroWireload      tcbn65lpwc_ccs
r_status_139           ZeroWireload      tcbn65lpwc_ccs
r_status_140           ZeroWireload      tcbn65lpwc_ccs
r_status_141           ZeroWireload      tcbn65lpwc_ccs
r_status_142           ZeroWireload      tcbn65lpwc_ccs
r_status_143           ZeroWireload      tcbn65lpwc_ccs
r_status_144           ZeroWireload      tcbn65lpwc_ccs
r_status_145           ZeroWireload      tcbn65lpwc_ccs
r_status_146           ZeroWireload      tcbn65lpwc_ccs
r_status_147           ZeroWireload      tcbn65lpwc_ccs
r_status_148           ZeroWireload      tcbn65lpwc_ccs
r_status_149           ZeroWireload      tcbn65lpwc_ccs
r_status_150           ZeroWireload      tcbn65lpwc_ccs
r_status_151           ZeroWireload      tcbn65lpwc_ccs
r_status_152           ZeroWireload      tcbn65lpwc_ccs
r_status_153           ZeroWireload      tcbn65lpwc_ccs
r_status_154           ZeroWireload      tcbn65lpwc_ccs
r_status_155           ZeroWireload      tcbn65lpwc_ccs
r_status_156           ZeroWireload      tcbn65lpwc_ccs
r_status_157           ZeroWireload      tcbn65lpwc_ccs
r_status_158           ZeroWireload      tcbn65lpwc_ccs
r_status_159           ZeroWireload      tcbn65lpwc_ccs
r_status_160           ZeroWireload      tcbn65lpwc_ccs
r_status_161           ZeroWireload      tcbn65lpwc_ccs
r_status_162           ZeroWireload      tcbn65lpwc_ccs
r_status_163           ZeroWireload      tcbn65lpwc_ccs
r_status_164           ZeroWireload      tcbn65lpwc_ccs
r_status_165           ZeroWireload      tcbn65lpwc_ccs
r_status_166           ZeroWireload      tcbn65lpwc_ccs
r_status_167           ZeroWireload      tcbn65lpwc_ccs
r_status_168           ZeroWireload      tcbn65lpwc_ccs
r_status_169           ZeroWireload      tcbn65lpwc_ccs
r_status_170           ZeroWireload      tcbn65lpwc_ccs
r_status_171           ZeroWireload      tcbn65lpwc_ccs
r_status_172           ZeroWireload      tcbn65lpwc_ccs
r_status_173           ZeroWireload      tcbn65lpwc_ccs
r_status_174           ZeroWireload      tcbn65lpwc_ccs
r_status_175           ZeroWireload      tcbn65lpwc_ccs
r_status_176           ZeroWireload      tcbn65lpwc_ccs
r_status_177           ZeroWireload      tcbn65lpwc_ccs
r_status_178           ZeroWireload      tcbn65lpwc_ccs
r_status_179           ZeroWireload      tcbn65lpwc_ccs
r_status_180           ZeroWireload      tcbn65lpwc_ccs
r_status_181           ZeroWireload      tcbn65lpwc_ccs
r_status_182           ZeroWireload      tcbn65lpwc_ccs
r_status_183           ZeroWireload      tcbn65lpwc_ccs
r_status_184           ZeroWireload      tcbn65lpwc_ccs
r_status_185           ZeroWireload      tcbn65lpwc_ccs
r_status_186           ZeroWireload      tcbn65lpwc_ccs
r_status_187           ZeroWireload      tcbn65lpwc_ccs
r_status_188           ZeroWireload      tcbn65lpwc_ccs
r_status_189           ZeroWireload      tcbn65lpwc_ccs
r_status_190           ZeroWireload      tcbn65lpwc_ccs
r_status_191           ZeroWireload      tcbn65lpwc_ccs
r_status_192           ZeroWireload      tcbn65lpwc_ccs
r_status_193           ZeroWireload      tcbn65lpwc_ccs
r_status_194           ZeroWireload      tcbn65lpwc_ccs
r_status_195           ZeroWireload      tcbn65lpwc_ccs
r_status_196           ZeroWireload      tcbn65lpwc_ccs
r_status_197           ZeroWireload      tcbn65lpwc_ccs
r_status_198           ZeroWireload      tcbn65lpwc_ccs
pe_top_1_1_0           ZeroWireload      tcbn65lpwc_ccs
pe_top_1_1_1           ZeroWireload      tcbn65lpwc_ccs
pe_top_1_1_2           ZeroWireload      tcbn65lpwc_ccs
pe_top_1_1_3           ZeroWireload      tcbn65lpwc_ccs
pe_top_1_1_4           ZeroWireload      tcbn65lpwc_ccs
pe_top_1_1_5           ZeroWireload      tcbn65lpwc_ccs
pe_top_1_1_6           ZeroWireload      tcbn65lpwc_ccs
pe_top_1_1_7           ZeroWireload      tcbn65lpwc_ccs
pe_top_1_1_8           ZeroWireload      tcbn65lpwc_ccs
pe_top_1_1_9           ZeroWireload      tcbn65lpwc_ccs
pe_top_1_1_10          ZeroWireload      tcbn65lpwc_ccs
pe_top_1_1_11          ZeroWireload      tcbn65lpwc_ccs
pe_top_1_1_12          ZeroWireload      tcbn65lpwc_ccs
pe_top_1_1_13          ZeroWireload      tcbn65lpwc_ccs
pe_top_1_1_14          ZeroWireload      tcbn65lpwc_ccs
pe_top_1_1_15          ZeroWireload      tcbn65lpwc_ccs
pe_top_1_1_16          ZeroWireload      tcbn65lpwc_ccs
pe_top_1_1_17          ZeroWireload      tcbn65lpwc_ccs
pe_top_1_1_18          ZeroWireload      tcbn65lpwc_ccs
pe_top_1_1_19          ZeroWireload      tcbn65lpwc_ccs
pe_top_1_1_20          ZeroWireload      tcbn65lpwc_ccs
pe_top_1_1_21          ZeroWireload      tcbn65lpwc_ccs
pe_top_1_1_22          ZeroWireload      tcbn65lpwc_ccs
pe_top_1_1_23          ZeroWireload      tcbn65lpwc_ccs
pe_top_1_1_24          ZeroWireload      tcbn65lpwc_ccs
pe_top_1_1_25          ZeroWireload      tcbn65lpwc_ccs
pe_top_1_1_26          ZeroWireload      tcbn65lpwc_ccs
pe_top_1_1_27          ZeroWireload      tcbn65lpwc_ccs
pe_top_1_1_28          ZeroWireload      tcbn65lpwc_ccs
pe_top_1_1_29          ZeroWireload      tcbn65lpwc_ccs
pe_top_1_1_30          ZeroWireload      tcbn65lpwc_ccs
pe_top_1_1_31          ZeroWireload      tcbn65lpwc_ccs
pe_top_1_1_32          ZeroWireload      tcbn65lpwc_ccs
pe_top_1_1_33          ZeroWireload      tcbn65lpwc_ccs
pe_top_1_1_34          ZeroWireload      tcbn65lpwc_ccs
pe_top_1_1_35          ZeroWireload      tcbn65lpwc_ccs
pe_top_1_1_36          ZeroWireload      tcbn65lpwc_ccs
pe_top_1_1_37          ZeroWireload      tcbn65lpwc_ccs
pe_top_1_1_38          ZeroWireload      tcbn65lpwc_ccs
pe_top_1_1_39          ZeroWireload      tcbn65lpwc_ccs
pe_top_1_1_40          ZeroWireload      tcbn65lpwc_ccs
pe_top_1_1_41          ZeroWireload      tcbn65lpwc_ccs
pe_top_1_1_42          ZeroWireload      tcbn65lpwc_ccs
pe_top_1_1_43          ZeroWireload      tcbn65lpwc_ccs
pe_top_1_1_44          ZeroWireload      tcbn65lpwc_ccs
pe_top_1_1_45          ZeroWireload      tcbn65lpwc_ccs
pe_top_1_1_46          ZeroWireload      tcbn65lpwc_ccs
pe_top_1_1_47          ZeroWireload      tcbn65lpwc_ccs
pe_top_1_1_48          ZeroWireload      tcbn65lpwc_ccs
pe_top_1_1_49          ZeroWireload      tcbn65lpwc_ccs
pe_top_1_1_50          ZeroWireload      tcbn65lpwc_ccs
pe_top_1_1_51          ZeroWireload      tcbn65lpwc_ccs
pe_top_1_1_52          ZeroWireload      tcbn65lpwc_ccs
pe_top_1_1_53          ZeroWireload      tcbn65lpwc_ccs
pe_top_1_1_54          ZeroWireload      tcbn65lpwc_ccs
pe_top_1_1_55          ZeroWireload      tcbn65lpwc_ccs
pe_top_1_1_56          ZeroWireload      tcbn65lpwc_ccs
pe_top_1_1_57          ZeroWireload      tcbn65lpwc_ccs
pe_top_1_1_58          ZeroWireload      tcbn65lpwc_ccs
pe_top_1_1_59          ZeroWireload      tcbn65lpwc_ccs
pe_top_1_1_60          ZeroWireload      tcbn65lpwc_ccs
pe_top_1_1_61          ZeroWireload      tcbn65lpwc_ccs
pe_top_1_1_62          ZeroWireload      tcbn65lpwc_ccs
pe_top_1_1_63          ZeroWireload      tcbn65lpwc_ccs
pe_top_1_1_64          ZeroWireload      tcbn65lpwc_ccs
pe_top_1_1_65          ZeroWireload      tcbn65lpwc_ccs
pe_top_1_1_66          ZeroWireload      tcbn65lpwc_ccs
pe_top_1_1_67          ZeroWireload      tcbn65lpwc_ccs
pe_top_1_1_68          ZeroWireload      tcbn65lpwc_ccs
pe_top_1_1_69          ZeroWireload      tcbn65lpwc_ccs
pe_top_1_1_70          ZeroWireload      tcbn65lpwc_ccs
pe_top_1_1_71          ZeroWireload      tcbn65lpwc_ccs
pe_top_1_1_72          ZeroWireload      tcbn65lpwc_ccs
pe_top_1_1_73          ZeroWireload      tcbn65lpwc_ccs
pe_top_1_1_74          ZeroWireload      tcbn65lpwc_ccs
pe_top_1_1_75          ZeroWireload      tcbn65lpwc_ccs
pe_top_1_1_76          ZeroWireload      tcbn65lpwc_ccs
pe_top_1_1_77          ZeroWireload      tcbn65lpwc_ccs
pe_top_1_1_78          ZeroWireload      tcbn65lpwc_ccs
pe_top_1_1_79          ZeroWireload      tcbn65lpwc_ccs
pe_top_1_1_80          ZeroWireload      tcbn65lpwc_ccs
pe_top_1_1_81          ZeroWireload      tcbn65lpwc_ccs
pe_top_1_1_82          ZeroWireload      tcbn65lpwc_ccs
pe_top_1_1_83          ZeroWireload      tcbn65lpwc_ccs
pe_top_1_1_84          ZeroWireload      tcbn65lpwc_ccs
pe_top_1_1_85          ZeroWireload      tcbn65lpwc_ccs
pe_top_1_1_86          ZeroWireload      tcbn65lpwc_ccs
pe_top_1_1_87          ZeroWireload      tcbn65lpwc_ccs
pe_top_1_1_88          ZeroWireload      tcbn65lpwc_ccs
pe_top_1_1_89          ZeroWireload      tcbn65lpwc_ccs
pe_top_1_1_90          ZeroWireload      tcbn65lpwc_ccs
pe_top_1_1_91          ZeroWireload      tcbn65lpwc_ccs
pe_top_1_1_92          ZeroWireload      tcbn65lpwc_ccs
pe_top_1_1_93          ZeroWireload      tcbn65lpwc_ccs
pe_top_1_1_94          ZeroWireload      tcbn65lpwc_ccs
pe_top_1_1_95          ZeroWireload      tcbn65lpwc_ccs
pe_top_1_1_96          ZeroWireload      tcbn65lpwc_ccs
pe_top_1_1_97          ZeroWireload      tcbn65lpwc_ccs
r_reg_0                ZeroWireload      tcbn65lpwc_ccs
r_reg_1                ZeroWireload      tcbn65lpwc_ccs
r_reg_2                ZeroWireload      tcbn65lpwc_ccs
r_reg_3                ZeroWireload      tcbn65lpwc_ccs
r_reg_4                ZeroWireload      tcbn65lpwc_ccs
r_reg_5                ZeroWireload      tcbn65lpwc_ccs
r_reg_6                ZeroWireload      tcbn65lpwc_ccs
r_reg_7                ZeroWireload      tcbn65lpwc_ccs
r_reg_8                ZeroWireload      tcbn65lpwc_ccs
r_reg_9                ZeroWireload      tcbn65lpwc_ccs
r_reg_10               ZeroWireload      tcbn65lpwc_ccs
r_reg_11               ZeroWireload      tcbn65lpwc_ccs
r_reg_12               ZeroWireload      tcbn65lpwc_ccs
r_reg_13               ZeroWireload      tcbn65lpwc_ccs
r_reg_14               ZeroWireload      tcbn65lpwc_ccs
r_reg_15               ZeroWireload      tcbn65lpwc_ccs
r_reg_16               ZeroWireload      tcbn65lpwc_ccs
r_reg_17               ZeroWireload      tcbn65lpwc_ccs
r_reg_18               ZeroWireload      tcbn65lpwc_ccs
r_reg_19               ZeroWireload      tcbn65lpwc_ccs
r_reg_20               ZeroWireload      tcbn65lpwc_ccs
r_reg_21               ZeroWireload      tcbn65lpwc_ccs
r_reg_22               ZeroWireload      tcbn65lpwc_ccs
r_reg_23               ZeroWireload      tcbn65lpwc_ccs
r_reg_24               ZeroWireload      tcbn65lpwc_ccs
r_reg_25               ZeroWireload      tcbn65lpwc_ccs
r_reg_26               ZeroWireload      tcbn65lpwc_ccs
r_reg_27               ZeroWireload      tcbn65lpwc_ccs
r_reg_28               ZeroWireload      tcbn65lpwc_ccs
r_reg_29               ZeroWireload      tcbn65lpwc_ccs
r_reg_30               ZeroWireload      tcbn65lpwc_ccs
r_reg_31               ZeroWireload      tcbn65lpwc_ccs
r_reg_32               ZeroWireload      tcbn65lpwc_ccs
r_reg_33               ZeroWireload      tcbn65lpwc_ccs
r_reg_34               ZeroWireload      tcbn65lpwc_ccs
r_reg_35               ZeroWireload      tcbn65lpwc_ccs
r_reg_36               ZeroWireload      tcbn65lpwc_ccs
r_reg_37               ZeroWireload      tcbn65lpwc_ccs
r_reg_38               ZeroWireload      tcbn65lpwc_ccs
r_reg_39               ZeroWireload      tcbn65lpwc_ccs
r_reg_40               ZeroWireload      tcbn65lpwc_ccs
r_reg_41               ZeroWireload      tcbn65lpwc_ccs
r_reg_42               ZeroWireload      tcbn65lpwc_ccs
r_reg_43               ZeroWireload      tcbn65lpwc_ccs
r_reg_44               ZeroWireload      tcbn65lpwc_ccs
r_reg_45               ZeroWireload      tcbn65lpwc_ccs
r_reg_46               ZeroWireload      tcbn65lpwc_ccs
r_reg_47               ZeroWireload      tcbn65lpwc_ccs
r_reg_48               ZeroWireload      tcbn65lpwc_ccs
r_reg_49               ZeroWireload      tcbn65lpwc_ccs
r_reg_50               ZeroWireload      tcbn65lpwc_ccs
r_reg_51               ZeroWireload      tcbn65lpwc_ccs
r_reg_52               ZeroWireload      tcbn65lpwc_ccs
r_reg_53               ZeroWireload      tcbn65lpwc_ccs
r_reg_54               ZeroWireload      tcbn65lpwc_ccs
r_reg_55               ZeroWireload      tcbn65lpwc_ccs
r_reg_56               ZeroWireload      tcbn65lpwc_ccs
r_reg_57               ZeroWireload      tcbn65lpwc_ccs
r_reg_58               ZeroWireload      tcbn65lpwc_ccs
r_reg_59               ZeroWireload      tcbn65lpwc_ccs
r_reg_60               ZeroWireload      tcbn65lpwc_ccs
r_reg_61               ZeroWireload      tcbn65lpwc_ccs
r_reg_62               ZeroWireload      tcbn65lpwc_ccs
r_reg_63               ZeroWireload      tcbn65lpwc_ccs
r_reg_64               ZeroWireload      tcbn65lpwc_ccs
r_reg_65               ZeroWireload      tcbn65lpwc_ccs
r_reg_66               ZeroWireload      tcbn65lpwc_ccs
r_reg_67               ZeroWireload      tcbn65lpwc_ccs
r_reg_68               ZeroWireload      tcbn65lpwc_ccs
r_reg_69               ZeroWireload      tcbn65lpwc_ccs
r_reg_70               ZeroWireload      tcbn65lpwc_ccs
r_reg_71               ZeroWireload      tcbn65lpwc_ccs
r_reg_72               ZeroWireload      tcbn65lpwc_ccs
r_reg_73               ZeroWireload      tcbn65lpwc_ccs
r_reg_74               ZeroWireload      tcbn65lpwc_ccs
r_reg_75               ZeroWireload      tcbn65lpwc_ccs
r_reg_76               ZeroWireload      tcbn65lpwc_ccs
r_reg_77               ZeroWireload      tcbn65lpwc_ccs
r_reg_78               ZeroWireload      tcbn65lpwc_ccs
r_reg_79               ZeroWireload      tcbn65lpwc_ccs
r_reg_80               ZeroWireload      tcbn65lpwc_ccs
r_reg_81               ZeroWireload      tcbn65lpwc_ccs
r_reg_82               ZeroWireload      tcbn65lpwc_ccs
r_reg_83               ZeroWireload      tcbn65lpwc_ccs
r_reg_84               ZeroWireload      tcbn65lpwc_ccs
r_reg_85               ZeroWireload      tcbn65lpwc_ccs
r_reg_86               ZeroWireload      tcbn65lpwc_ccs
r_reg_87               ZeroWireload      tcbn65lpwc_ccs
r_reg_88               ZeroWireload      tcbn65lpwc_ccs
r_reg_89               ZeroWireload      tcbn65lpwc_ccs
r_reg_90               ZeroWireload      tcbn65lpwc_ccs
r_reg_91               ZeroWireload      tcbn65lpwc_ccs
r_reg_92               ZeroWireload      tcbn65lpwc_ccs
r_reg_93               ZeroWireload      tcbn65lpwc_ccs
r_reg_94               ZeroWireload      tcbn65lpwc_ccs
r_reg_95               ZeroWireload      tcbn65lpwc_ccs
r_reg_96               ZeroWireload      tcbn65lpwc_ccs
r_reg_97               ZeroWireload      tcbn65lpwc_ccs
r_reg_98               ZeroWireload      tcbn65lpwc_ccs
r_reg_99               ZeroWireload      tcbn65lpwc_ccs
r_reg_100              ZeroWireload      tcbn65lpwc_ccs
r_reg_101              ZeroWireload      tcbn65lpwc_ccs
r_reg_102              ZeroWireload      tcbn65lpwc_ccs
r_reg_103              ZeroWireload      tcbn65lpwc_ccs
r_reg_104              ZeroWireload      tcbn65lpwc_ccs
r_reg_105              ZeroWireload      tcbn65lpwc_ccs
r_reg_106              ZeroWireload      tcbn65lpwc_ccs
r_reg_107              ZeroWireload      tcbn65lpwc_ccs
r_reg_108              ZeroWireload      tcbn65lpwc_ccs
r_reg_109              ZeroWireload      tcbn65lpwc_ccs
r_reg_110              ZeroWireload      tcbn65lpwc_ccs
r_reg_111              ZeroWireload      tcbn65lpwc_ccs
r_reg_112              ZeroWireload      tcbn65lpwc_ccs
r_reg_113              ZeroWireload      tcbn65lpwc_ccs
r_reg_114              ZeroWireload      tcbn65lpwc_ccs
r_reg_115              ZeroWireload      tcbn65lpwc_ccs
r_reg_116              ZeroWireload      tcbn65lpwc_ccs
r_reg_117              ZeroWireload      tcbn65lpwc_ccs
r_reg_118              ZeroWireload      tcbn65lpwc_ccs
r_reg_119              ZeroWireload      tcbn65lpwc_ccs
r_reg_120              ZeroWireload      tcbn65lpwc_ccs
r_reg_121              ZeroWireload      tcbn65lpwc_ccs
r_reg_122              ZeroWireload      tcbn65lpwc_ccs
r_reg_123              ZeroWireload      tcbn65lpwc_ccs
r_reg_124              ZeroWireload      tcbn65lpwc_ccs
r_reg_125              ZeroWireload      tcbn65lpwc_ccs
r_reg_126              ZeroWireload      tcbn65lpwc_ccs
r_reg_127              ZeroWireload      tcbn65lpwc_ccs
r_reg_128              ZeroWireload      tcbn65lpwc_ccs
r_reg_129              ZeroWireload      tcbn65lpwc_ccs
r_reg_130              ZeroWireload      tcbn65lpwc_ccs
r_reg_131              ZeroWireload      tcbn65lpwc_ccs
r_reg_132              ZeroWireload      tcbn65lpwc_ccs
r_reg_133              ZeroWireload      tcbn65lpwc_ccs
r_reg_134              ZeroWireload      tcbn65lpwc_ccs
r_reg_135              ZeroWireload      tcbn65lpwc_ccs
r_reg_136              ZeroWireload      tcbn65lpwc_ccs
r_reg_137              ZeroWireload      tcbn65lpwc_ccs
r_reg_138              ZeroWireload      tcbn65lpwc_ccs
r_reg_139              ZeroWireload      tcbn65lpwc_ccs
r_reg_140              ZeroWireload      tcbn65lpwc_ccs
r_reg_141              ZeroWireload      tcbn65lpwc_ccs
r_reg_142              ZeroWireload      tcbn65lpwc_ccs
r_reg_143              ZeroWireload      tcbn65lpwc_ccs
r_reg_144              ZeroWireload      tcbn65lpwc_ccs
r_reg_145              ZeroWireload      tcbn65lpwc_ccs
r_reg_146              ZeroWireload      tcbn65lpwc_ccs
r_reg_147              ZeroWireload      tcbn65lpwc_ccs
r_reg_148              ZeroWireload      tcbn65lpwc_ccs
r_reg_149              ZeroWireload      tcbn65lpwc_ccs
r_reg_150              ZeroWireload      tcbn65lpwc_ccs
r_reg_151              ZeroWireload      tcbn65lpwc_ccs
r_reg_152              ZeroWireload      tcbn65lpwc_ccs
r_reg_153              ZeroWireload      tcbn65lpwc_ccs
r_reg_154              ZeroWireload      tcbn65lpwc_ccs
r_reg_155              ZeroWireload      tcbn65lpwc_ccs
r_reg_156              ZeroWireload      tcbn65lpwc_ccs
r_reg_157              ZeroWireload      tcbn65lpwc_ccs
r_reg_158              ZeroWireload      tcbn65lpwc_ccs
r_reg_159              ZeroWireload      tcbn65lpwc_ccs
r_reg_160              ZeroWireload      tcbn65lpwc_ccs
r_reg_161              ZeroWireload      tcbn65lpwc_ccs
r_reg_162              ZeroWireload      tcbn65lpwc_ccs
r_reg_163              ZeroWireload      tcbn65lpwc_ccs
r_reg_164              ZeroWireload      tcbn65lpwc_ccs
r_reg_165              ZeroWireload      tcbn65lpwc_ccs
r_reg_166              ZeroWireload      tcbn65lpwc_ccs
r_reg_167              ZeroWireload      tcbn65lpwc_ccs
r_reg_168              ZeroWireload      tcbn65lpwc_ccs
r_reg_169              ZeroWireload      tcbn65lpwc_ccs
r_reg_170              ZeroWireload      tcbn65lpwc_ccs
r_reg_171              ZeroWireload      tcbn65lpwc_ccs
r_reg_172              ZeroWireload      tcbn65lpwc_ccs
r_reg_173              ZeroWireload      tcbn65lpwc_ccs
r_reg_174              ZeroWireload      tcbn65lpwc_ccs
r_reg_175              ZeroWireload      tcbn65lpwc_ccs
r_reg_176              ZeroWireload      tcbn65lpwc_ccs
r_reg_177              ZeroWireload      tcbn65lpwc_ccs
r_reg_178              ZeroWireload      tcbn65lpwc_ccs
r_reg_179              ZeroWireload      tcbn65lpwc_ccs
r_reg_180              ZeroWireload      tcbn65lpwc_ccs
r_reg_181              ZeroWireload      tcbn65lpwc_ccs
r_reg_182              ZeroWireload      tcbn65lpwc_ccs
r_reg_183              ZeroWireload      tcbn65lpwc_ccs
r_reg_184              ZeroWireload      tcbn65lpwc_ccs
r_reg_185              ZeroWireload      tcbn65lpwc_ccs
r_reg_186              ZeroWireload      tcbn65lpwc_ccs
r_reg_187              ZeroWireload      tcbn65lpwc_ccs
r_reg_188              ZeroWireload      tcbn65lpwc_ccs
r_reg_189              ZeroWireload      tcbn65lpwc_ccs
r_reg_190              ZeroWireload      tcbn65lpwc_ccs
r_reg_191              ZeroWireload      tcbn65lpwc_ccs
r_reg_192              ZeroWireload      tcbn65lpwc_ccs
r_reg_193              ZeroWireload      tcbn65lpwc_ccs
r_reg_194              ZeroWireload      tcbn65lpwc_ccs
r_reg_195              ZeroWireload      tcbn65lpwc_ccs
r_reg_196              ZeroWireload      tcbn65lpwc_ccs
r_reg_197              ZeroWireload      tcbn65lpwc_ccs
r_reg_198              ZeroWireload      tcbn65lpwc_ccs
r_reg_199              ZeroWireload      tcbn65lpwc_ccs
r_reg_200              ZeroWireload      tcbn65lpwc_ccs
r_reg_201              ZeroWireload      tcbn65lpwc_ccs
r_reg_202              ZeroWireload      tcbn65lpwc_ccs
r_reg_203              ZeroWireload      tcbn65lpwc_ccs
r_reg_204              ZeroWireload      tcbn65lpwc_ccs
r_reg_205              ZeroWireload      tcbn65lpwc_ccs
r_reg_206              ZeroWireload      tcbn65lpwc_ccs
r_reg_207              ZeroWireload      tcbn65lpwc_ccs
r_reg_208              ZeroWireload      tcbn65lpwc_ccs
r_reg_209              ZeroWireload      tcbn65lpwc_ccs
r_reg_210              ZeroWireload      tcbn65lpwc_ccs
r_reg_211              ZeroWireload      tcbn65lpwc_ccs
r_reg_212              ZeroWireload      tcbn65lpwc_ccs
r_reg_213              ZeroWireload      tcbn65lpwc_ccs
r_reg_214              ZeroWireload      tcbn65lpwc_ccs
r_reg_215              ZeroWireload      tcbn65lpwc_ccs
r_reg_216              ZeroWireload      tcbn65lpwc_ccs
r_reg_217              ZeroWireload      tcbn65lpwc_ccs
r_reg_218              ZeroWireload      tcbn65lpwc_ccs
r_reg_219              ZeroWireload      tcbn65lpwc_ccs
r_reg_220              ZeroWireload      tcbn65lpwc_ccs
r_reg_221              ZeroWireload      tcbn65lpwc_ccs
r_reg_222              ZeroWireload      tcbn65lpwc_ccs
r_reg_223              ZeroWireload      tcbn65lpwc_ccs
r_reg_224              ZeroWireload      tcbn65lpwc_ccs
r_reg_225              ZeroWireload      tcbn65lpwc_ccs
r_reg_226              ZeroWireload      tcbn65lpwc_ccs
r_reg_227              ZeroWireload      tcbn65lpwc_ccs
r_reg_228              ZeroWireload      tcbn65lpwc_ccs
r_reg_229              ZeroWireload      tcbn65lpwc_ccs
r_reg_230              ZeroWireload      tcbn65lpwc_ccs
r_reg_231              ZeroWireload      tcbn65lpwc_ccs
r_reg_232              ZeroWireload      tcbn65lpwc_ccs
r_reg_233              ZeroWireload      tcbn65lpwc_ccs
r_reg_234              ZeroWireload      tcbn65lpwc_ccs
r_reg_235              ZeroWireload      tcbn65lpwc_ccs
r_reg_236              ZeroWireload      tcbn65lpwc_ccs
r_reg_237              ZeroWireload      tcbn65lpwc_ccs
r_reg_238              ZeroWireload      tcbn65lpwc_ccs
r_reg_239              ZeroWireload      tcbn65lpwc_ccs
r_reg_240              ZeroWireload      tcbn65lpwc_ccs
r_reg_241              ZeroWireload      tcbn65lpwc_ccs
r_reg_242              ZeroWireload      tcbn65lpwc_ccs
r_reg_243              ZeroWireload      tcbn65lpwc_ccs
r_reg_244              ZeroWireload      tcbn65lpwc_ccs
r_reg_245              ZeroWireload      tcbn65lpwc_ccs
r_reg_246              ZeroWireload      tcbn65lpwc_ccs
r_reg_247              ZeroWireload      tcbn65lpwc_ccs
r_reg_248              ZeroWireload      tcbn65lpwc_ccs
r_reg_249              ZeroWireload      tcbn65lpwc_ccs
r_reg_250              ZeroWireload      tcbn65lpwc_ccs
r_reg_251              ZeroWireload      tcbn65lpwc_ccs
r_reg_252              ZeroWireload      tcbn65lpwc_ccs
r_reg_253              ZeroWireload      tcbn65lpwc_ccs
r_reg_254              ZeroWireload      tcbn65lpwc_ccs
r_reg_255              ZeroWireload      tcbn65lpwc_ccs
r_reg_256              ZeroWireload      tcbn65lpwc_ccs
r_reg_257              ZeroWireload      tcbn65lpwc_ccs
r_reg_258              ZeroWireload      tcbn65lpwc_ccs
r_reg_259              ZeroWireload      tcbn65lpwc_ccs
r_reg_260              ZeroWireload      tcbn65lpwc_ccs
r_reg_261              ZeroWireload      tcbn65lpwc_ccs
r_reg_262              ZeroWireload      tcbn65lpwc_ccs
r_reg_263              ZeroWireload      tcbn65lpwc_ccs
r_reg_264              ZeroWireload      tcbn65lpwc_ccs
r_reg_265              ZeroWireload      tcbn65lpwc_ccs
r_reg_266              ZeroWireload      tcbn65lpwc_ccs
r_reg_267              ZeroWireload      tcbn65lpwc_ccs
r_reg_268              ZeroWireload      tcbn65lpwc_ccs
r_reg_269              ZeroWireload      tcbn65lpwc_ccs
r_reg_270              ZeroWireload      tcbn65lpwc_ccs
r_reg_271              ZeroWireload      tcbn65lpwc_ccs
r_reg_272              ZeroWireload      tcbn65lpwc_ccs
r_reg_273              ZeroWireload      tcbn65lpwc_ccs
r_reg_274              ZeroWireload      tcbn65lpwc_ccs
r_reg_275              ZeroWireload      tcbn65lpwc_ccs
r_reg_276              ZeroWireload      tcbn65lpwc_ccs
r_reg_277              ZeroWireload      tcbn65lpwc_ccs
r_reg_278              ZeroWireload      tcbn65lpwc_ccs
r_reg_279              ZeroWireload      tcbn65lpwc_ccs
r_reg_280              ZeroWireload      tcbn65lpwc_ccs
r_reg_281              ZeroWireload      tcbn65lpwc_ccs
r_reg_282              ZeroWireload      tcbn65lpwc_ccs
r_reg_283              ZeroWireload      tcbn65lpwc_ccs
r_reg_284              ZeroWireload      tcbn65lpwc_ccs
r_reg_285              ZeroWireload      tcbn65lpwc_ccs
r_reg_286              ZeroWireload      tcbn65lpwc_ccs
r_reg_287              ZeroWireload      tcbn65lpwc_ccs
r_reg_288              ZeroWireload      tcbn65lpwc_ccs
r_reg_289              ZeroWireload      tcbn65lpwc_ccs
r_reg_290              ZeroWireload      tcbn65lpwc_ccs
r_reg_291              ZeroWireload      tcbn65lpwc_ccs
r_reg_292              ZeroWireload      tcbn65lpwc_ccs
r_reg_293              ZeroWireload      tcbn65lpwc_ccs
r_reg_294              ZeroWireload      tcbn65lpwc_ccs
r_reg_295              ZeroWireload      tcbn65lpwc_ccs
r_reg_296              ZeroWireload      tcbn65lpwc_ccs
r_reg_297              ZeroWireload      tcbn65lpwc_ccs
r_reg_298              ZeroWireload      tcbn65lpwc_ccs
r_reg_299              ZeroWireload      tcbn65lpwc_ccs
r_reg_300              ZeroWireload      tcbn65lpwc_ccs
r_reg_301              ZeroWireload      tcbn65lpwc_ccs
r_reg_302              ZeroWireload      tcbn65lpwc_ccs
r_reg_303              ZeroWireload      tcbn65lpwc_ccs
r_reg_304              ZeroWireload      tcbn65lpwc_ccs
r_reg_305              ZeroWireload      tcbn65lpwc_ccs
r_reg_306              ZeroWireload      tcbn65lpwc_ccs
r_reg_307              ZeroWireload      tcbn65lpwc_ccs
r_reg_308              ZeroWireload      tcbn65lpwc_ccs
r_reg_309              ZeroWireload      tcbn65lpwc_ccs
r_reg_310              ZeroWireload      tcbn65lpwc_ccs
r_reg_311              ZeroWireload      tcbn65lpwc_ccs
r_reg_312              ZeroWireload      tcbn65lpwc_ccs
r_reg_313              ZeroWireload      tcbn65lpwc_ccs
r_reg_314              ZeroWireload      tcbn65lpwc_ccs
r_reg_315              ZeroWireload      tcbn65lpwc_ccs
r_reg_316              ZeroWireload      tcbn65lpwc_ccs
r_reg_317              ZeroWireload      tcbn65lpwc_ccs
r_reg_318              ZeroWireload      tcbn65lpwc_ccs
r_reg_319              ZeroWireload      tcbn65lpwc_ccs
r_reg_320              ZeroWireload      tcbn65lpwc_ccs
r_reg_321              ZeroWireload      tcbn65lpwc_ccs
r_reg_322              ZeroWireload      tcbn65lpwc_ccs
r_reg_323              ZeroWireload      tcbn65lpwc_ccs
r_reg_324              ZeroWireload      tcbn65lpwc_ccs
r_reg_325              ZeroWireload      tcbn65lpwc_ccs
r_reg_326              ZeroWireload      tcbn65lpwc_ccs
r_reg_327              ZeroWireload      tcbn65lpwc_ccs
r_reg_328              ZeroWireload      tcbn65lpwc_ccs
r_reg_329              ZeroWireload      tcbn65lpwc_ccs
r_reg_330              ZeroWireload      tcbn65lpwc_ccs
r_reg_331              ZeroWireload      tcbn65lpwc_ccs
r_reg_332              ZeroWireload      tcbn65lpwc_ccs
r_reg_333              ZeroWireload      tcbn65lpwc_ccs
r_reg_334              ZeroWireload      tcbn65lpwc_ccs
r_reg_335              ZeroWireload      tcbn65lpwc_ccs
r_reg_336              ZeroWireload      tcbn65lpwc_ccs
r_reg_337              ZeroWireload      tcbn65lpwc_ccs
r_reg_338              ZeroWireload      tcbn65lpwc_ccs
r_reg_339              ZeroWireload      tcbn65lpwc_ccs
r_reg_340              ZeroWireload      tcbn65lpwc_ccs
r_reg_341              ZeroWireload      tcbn65lpwc_ccs
r_reg_342              ZeroWireload      tcbn65lpwc_ccs
r_reg_343              ZeroWireload      tcbn65lpwc_ccs
r_reg_344              ZeroWireload      tcbn65lpwc_ccs
r_reg_345              ZeroWireload      tcbn65lpwc_ccs
r_reg_346              ZeroWireload      tcbn65lpwc_ccs
r_reg_347              ZeroWireload      tcbn65lpwc_ccs
r_reg_348              ZeroWireload      tcbn65lpwc_ccs
r_reg_349              ZeroWireload      tcbn65lpwc_ccs
r_reg_350              ZeroWireload      tcbn65lpwc_ccs
r_reg_351              ZeroWireload      tcbn65lpwc_ccs
r_reg_352              ZeroWireload      tcbn65lpwc_ccs
r_reg_353              ZeroWireload      tcbn65lpwc_ccs
r_reg_354              ZeroWireload      tcbn65lpwc_ccs
r_reg_355              ZeroWireload      tcbn65lpwc_ccs
r_reg_356              ZeroWireload      tcbn65lpwc_ccs
r_reg_357              ZeroWireload      tcbn65lpwc_ccs
r_reg_358              ZeroWireload      tcbn65lpwc_ccs
r_reg_359              ZeroWireload      tcbn65lpwc_ccs
r_reg_360              ZeroWireload      tcbn65lpwc_ccs
r_reg_361              ZeroWireload      tcbn65lpwc_ccs
r_reg_362              ZeroWireload      tcbn65lpwc_ccs
r_reg_363              ZeroWireload      tcbn65lpwc_ccs
r_reg_364              ZeroWireload      tcbn65lpwc_ccs
r_reg_365              ZeroWireload      tcbn65lpwc_ccs
r_reg_366              ZeroWireload      tcbn65lpwc_ccs
r_reg_367              ZeroWireload      tcbn65lpwc_ccs
r_reg_368              ZeroWireload      tcbn65lpwc_ccs
r_reg_369              ZeroWireload      tcbn65lpwc_ccs
r_reg_370              ZeroWireload      tcbn65lpwc_ccs
r_reg_371              ZeroWireload      tcbn65lpwc_ccs
r_reg_372              ZeroWireload      tcbn65lpwc_ccs
r_reg_373              ZeroWireload      tcbn65lpwc_ccs
r_reg_374              ZeroWireload      tcbn65lpwc_ccs
r_reg_375              ZeroWireload      tcbn65lpwc_ccs
r_reg_376              ZeroWireload      tcbn65lpwc_ccs
r_reg_377              ZeroWireload      tcbn65lpwc_ccs
r_reg_378              ZeroWireload      tcbn65lpwc_ccs
r_reg_379              ZeroWireload      tcbn65lpwc_ccs
r_reg_380              ZeroWireload      tcbn65lpwc_ccs
r_reg_381              ZeroWireload      tcbn65lpwc_ccs
r_reg_382              ZeroWireload      tcbn65lpwc_ccs
r_reg_383              ZeroWireload      tcbn65lpwc_ccs
r_reg_384              ZeroWireload      tcbn65lpwc_ccs
r_reg_385              ZeroWireload      tcbn65lpwc_ccs
r_reg_386              ZeroWireload      tcbn65lpwc_ccs
r_reg_387              ZeroWireload      tcbn65lpwc_ccs
r_reg_388              ZeroWireload      tcbn65lpwc_ccs
r_reg_389              ZeroWireload      tcbn65lpwc_ccs
r_reg_390              ZeroWireload      tcbn65lpwc_ccs
r_reg_391              ZeroWireload      tcbn65lpwc_ccs
r_reg_392              ZeroWireload      tcbn65lpwc_ccs
r_reg_393              ZeroWireload      tcbn65lpwc_ccs
r_reg_394              ZeroWireload      tcbn65lpwc_ccs
r_reg_395              ZeroWireload      tcbn65lpwc_ccs
r_reg_396              ZeroWireload      tcbn65lpwc_ccs
r_reg_397              ZeroWireload      tcbn65lpwc_ccs
r_reg_398              ZeroWireload      tcbn65lpwc_ccs
r_alu_0                ZeroWireload      tcbn65lpwc_ccs
r_alu_1                ZeroWireload      tcbn65lpwc_ccs
r_alu_2                ZeroWireload      tcbn65lpwc_ccs
r_alu_3                ZeroWireload      tcbn65lpwc_ccs
r_alu_4                ZeroWireload      tcbn65lpwc_ccs
r_alu_5                ZeroWireload      tcbn65lpwc_ccs
r_alu_6                ZeroWireload      tcbn65lpwc_ccs
r_alu_7                ZeroWireload      tcbn65lpwc_ccs
r_alu_8                ZeroWireload      tcbn65lpwc_ccs
r_alu_9                ZeroWireload      tcbn65lpwc_ccs
r_alu_10               ZeroWireload      tcbn65lpwc_ccs
r_alu_11               ZeroWireload      tcbn65lpwc_ccs
r_alu_12               ZeroWireload      tcbn65lpwc_ccs
r_alu_13               ZeroWireload      tcbn65lpwc_ccs
r_alu_14               ZeroWireload      tcbn65lpwc_ccs
r_alu_15               ZeroWireload      tcbn65lpwc_ccs
r_alu_16               ZeroWireload      tcbn65lpwc_ccs
r_alu_17               ZeroWireload      tcbn65lpwc_ccs
r_alu_18               ZeroWireload      tcbn65lpwc_ccs
r_alu_19               ZeroWireload      tcbn65lpwc_ccs
r_alu_20               ZeroWireload      tcbn65lpwc_ccs
r_alu_21               ZeroWireload      tcbn65lpwc_ccs
r_alu_22               ZeroWireload      tcbn65lpwc_ccs
r_alu_23               ZeroWireload      tcbn65lpwc_ccs
r_alu_24               ZeroWireload      tcbn65lpwc_ccs
r_alu_25               ZeroWireload      tcbn65lpwc_ccs
r_alu_26               ZeroWireload      tcbn65lpwc_ccs
r_alu_27               ZeroWireload      tcbn65lpwc_ccs
r_alu_28               ZeroWireload      tcbn65lpwc_ccs
r_alu_29               ZeroWireload      tcbn65lpwc_ccs
r_alu_30               ZeroWireload      tcbn65lpwc_ccs
r_alu_31               ZeroWireload      tcbn65lpwc_ccs
r_alu_32               ZeroWireload      tcbn65lpwc_ccs
r_alu_33               ZeroWireload      tcbn65lpwc_ccs
r_alu_34               ZeroWireload      tcbn65lpwc_ccs
r_alu_35               ZeroWireload      tcbn65lpwc_ccs
r_alu_36               ZeroWireload      tcbn65lpwc_ccs
r_alu_37               ZeroWireload      tcbn65lpwc_ccs
r_alu_38               ZeroWireload      tcbn65lpwc_ccs
r_alu_39               ZeroWireload      tcbn65lpwc_ccs
r_alu_40               ZeroWireload      tcbn65lpwc_ccs
r_alu_41               ZeroWireload      tcbn65lpwc_ccs
r_alu_42               ZeroWireload      tcbn65lpwc_ccs
r_alu_43               ZeroWireload      tcbn65lpwc_ccs
r_alu_44               ZeroWireload      tcbn65lpwc_ccs
r_alu_45               ZeroWireload      tcbn65lpwc_ccs
r_alu_46               ZeroWireload      tcbn65lpwc_ccs
r_alu_47               ZeroWireload      tcbn65lpwc_ccs
r_alu_48               ZeroWireload      tcbn65lpwc_ccs
r_alu_49               ZeroWireload      tcbn65lpwc_ccs
r_alu_50               ZeroWireload      tcbn65lpwc_ccs
r_alu_51               ZeroWireload      tcbn65lpwc_ccs
r_alu_52               ZeroWireload      tcbn65lpwc_ccs
r_alu_53               ZeroWireload      tcbn65lpwc_ccs
r_alu_54               ZeroWireload      tcbn65lpwc_ccs
r_alu_55               ZeroWireload      tcbn65lpwc_ccs
r_alu_56               ZeroWireload      tcbn65lpwc_ccs
r_alu_57               ZeroWireload      tcbn65lpwc_ccs
r_alu_58               ZeroWireload      tcbn65lpwc_ccs
r_alu_59               ZeroWireload      tcbn65lpwc_ccs
r_alu_60               ZeroWireload      tcbn65lpwc_ccs
r_alu_61               ZeroWireload      tcbn65lpwc_ccs
r_alu_62               ZeroWireload      tcbn65lpwc_ccs
r_alu_63               ZeroWireload      tcbn65lpwc_ccs
r_alu_64               ZeroWireload      tcbn65lpwc_ccs
r_alu_65               ZeroWireload      tcbn65lpwc_ccs
r_alu_66               ZeroWireload      tcbn65lpwc_ccs
r_alu_67               ZeroWireload      tcbn65lpwc_ccs
r_alu_68               ZeroWireload      tcbn65lpwc_ccs
r_alu_69               ZeroWireload      tcbn65lpwc_ccs
r_alu_70               ZeroWireload      tcbn65lpwc_ccs
r_alu_71               ZeroWireload      tcbn65lpwc_ccs
r_alu_72               ZeroWireload      tcbn65lpwc_ccs
r_alu_73               ZeroWireload      tcbn65lpwc_ccs
r_alu_74               ZeroWireload      tcbn65lpwc_ccs
r_alu_75               ZeroWireload      tcbn65lpwc_ccs
r_alu_76               ZeroWireload      tcbn65lpwc_ccs
r_alu_77               ZeroWireload      tcbn65lpwc_ccs
r_alu_78               ZeroWireload      tcbn65lpwc_ccs
r_alu_79               ZeroWireload      tcbn65lpwc_ccs
r_alu_80               ZeroWireload      tcbn65lpwc_ccs
r_alu_81               ZeroWireload      tcbn65lpwc_ccs
r_alu_82               ZeroWireload      tcbn65lpwc_ccs
r_alu_83               ZeroWireload      tcbn65lpwc_ccs
r_alu_84               ZeroWireload      tcbn65lpwc_ccs
r_alu_85               ZeroWireload      tcbn65lpwc_ccs
r_alu_86               ZeroWireload      tcbn65lpwc_ccs
r_alu_87               ZeroWireload      tcbn65lpwc_ccs
r_alu_88               ZeroWireload      tcbn65lpwc_ccs
r_alu_89               ZeroWireload      tcbn65lpwc_ccs
r_alu_90               ZeroWireload      tcbn65lpwc_ccs
r_alu_91               ZeroWireload      tcbn65lpwc_ccs
r_alu_92               ZeroWireload      tcbn65lpwc_ccs
r_alu_93               ZeroWireload      tcbn65lpwc_ccs
r_alu_94               ZeroWireload      tcbn65lpwc_ccs
r_alu_95               ZeroWireload      tcbn65lpwc_ccs
r_alu_96               ZeroWireload      tcbn65lpwc_ccs
r_alu_97               ZeroWireload      tcbn65lpwc_ccs
r_alu_98               ZeroWireload      tcbn65lpwc_ccs
r_alu_99               ZeroWireload      tcbn65lpwc_ccs
r_alu_100              ZeroWireload      tcbn65lpwc_ccs
r_alu_101              ZeroWireload      tcbn65lpwc_ccs
r_alu_102              ZeroWireload      tcbn65lpwc_ccs
r_alu_103              ZeroWireload      tcbn65lpwc_ccs
r_alu_104              ZeroWireload      tcbn65lpwc_ccs
r_alu_105              ZeroWireload      tcbn65lpwc_ccs
r_alu_106              ZeroWireload      tcbn65lpwc_ccs
r_alu_107              ZeroWireload      tcbn65lpwc_ccs
r_alu_108              ZeroWireload      tcbn65lpwc_ccs
r_alu_109              ZeroWireload      tcbn65lpwc_ccs
r_alu_110              ZeroWireload      tcbn65lpwc_ccs
r_alu_111              ZeroWireload      tcbn65lpwc_ccs
r_alu_112              ZeroWireload      tcbn65lpwc_ccs
r_alu_113              ZeroWireload      tcbn65lpwc_ccs
r_alu_114              ZeroWireload      tcbn65lpwc_ccs
r_alu_115              ZeroWireload      tcbn65lpwc_ccs
r_alu_116              ZeroWireload      tcbn65lpwc_ccs
r_alu_117              ZeroWireload      tcbn65lpwc_ccs
r_alu_118              ZeroWireload      tcbn65lpwc_ccs
r_alu_119              ZeroWireload      tcbn65lpwc_ccs
r_alu_120              ZeroWireload      tcbn65lpwc_ccs
r_alu_121              ZeroWireload      tcbn65lpwc_ccs
r_alu_122              ZeroWireload      tcbn65lpwc_ccs
r_alu_123              ZeroWireload      tcbn65lpwc_ccs
r_alu_124              ZeroWireload      tcbn65lpwc_ccs
r_alu_125              ZeroWireload      tcbn65lpwc_ccs
r_alu_126              ZeroWireload      tcbn65lpwc_ccs
r_alu_127              ZeroWireload      tcbn65lpwc_ccs
r_alu_128              ZeroWireload      tcbn65lpwc_ccs
r_alu_129              ZeroWireload      tcbn65lpwc_ccs
r_alu_130              ZeroWireload      tcbn65lpwc_ccs
r_alu_131              ZeroWireload      tcbn65lpwc_ccs
r_alu_132              ZeroWireload      tcbn65lpwc_ccs
r_alu_133              ZeroWireload      tcbn65lpwc_ccs
r_alu_134              ZeroWireload      tcbn65lpwc_ccs
r_alu_135              ZeroWireload      tcbn65lpwc_ccs
r_alu_136              ZeroWireload      tcbn65lpwc_ccs
r_alu_137              ZeroWireload      tcbn65lpwc_ccs
r_alu_138              ZeroWireload      tcbn65lpwc_ccs
r_alu_139              ZeroWireload      tcbn65lpwc_ccs
r_alu_140              ZeroWireload      tcbn65lpwc_ccs
r_alu_141              ZeroWireload      tcbn65lpwc_ccs
r_alu_142              ZeroWireload      tcbn65lpwc_ccs
r_alu_143              ZeroWireload      tcbn65lpwc_ccs
r_alu_144              ZeroWireload      tcbn65lpwc_ccs
r_alu_145              ZeroWireload      tcbn65lpwc_ccs
r_alu_146              ZeroWireload      tcbn65lpwc_ccs
r_alu_147              ZeroWireload      tcbn65lpwc_ccs
r_alu_148              ZeroWireload      tcbn65lpwc_ccs
r_alu_149              ZeroWireload      tcbn65lpwc_ccs
r_alu_150              ZeroWireload      tcbn65lpwc_ccs
r_alu_151              ZeroWireload      tcbn65lpwc_ccs
r_alu_152              ZeroWireload      tcbn65lpwc_ccs
r_alu_153              ZeroWireload      tcbn65lpwc_ccs
r_alu_154              ZeroWireload      tcbn65lpwc_ccs
r_alu_155              ZeroWireload      tcbn65lpwc_ccs
r_alu_156              ZeroWireload      tcbn65lpwc_ccs
r_alu_157              ZeroWireload      tcbn65lpwc_ccs
r_alu_158              ZeroWireload      tcbn65lpwc_ccs
r_alu_159              ZeroWireload      tcbn65lpwc_ccs
r_alu_160              ZeroWireload      tcbn65lpwc_ccs
r_alu_161              ZeroWireload      tcbn65lpwc_ccs
r_alu_162              ZeroWireload      tcbn65lpwc_ccs
r_alu_163              ZeroWireload      tcbn65lpwc_ccs
r_alu_164              ZeroWireload      tcbn65lpwc_ccs
r_alu_165              ZeroWireload      tcbn65lpwc_ccs
r_alu_166              ZeroWireload      tcbn65lpwc_ccs
r_alu_167              ZeroWireload      tcbn65lpwc_ccs
r_alu_168              ZeroWireload      tcbn65lpwc_ccs
r_alu_169              ZeroWireload      tcbn65lpwc_ccs
r_alu_170              ZeroWireload      tcbn65lpwc_ccs
r_alu_171              ZeroWireload      tcbn65lpwc_ccs
r_alu_172              ZeroWireload      tcbn65lpwc_ccs
r_alu_173              ZeroWireload      tcbn65lpwc_ccs
r_alu_174              ZeroWireload      tcbn65lpwc_ccs
r_alu_175              ZeroWireload      tcbn65lpwc_ccs
r_alu_176              ZeroWireload      tcbn65lpwc_ccs
r_alu_177              ZeroWireload      tcbn65lpwc_ccs
r_alu_178              ZeroWireload      tcbn65lpwc_ccs
r_alu_179              ZeroWireload      tcbn65lpwc_ccs
r_alu_180              ZeroWireload      tcbn65lpwc_ccs
r_alu_181              ZeroWireload      tcbn65lpwc_ccs
r_alu_182              ZeroWireload      tcbn65lpwc_ccs
r_alu_183              ZeroWireload      tcbn65lpwc_ccs
r_alu_184              ZeroWireload      tcbn65lpwc_ccs
r_alu_185              ZeroWireload      tcbn65lpwc_ccs
r_alu_186              ZeroWireload      tcbn65lpwc_ccs
r_alu_187              ZeroWireload      tcbn65lpwc_ccs
r_alu_188              ZeroWireload      tcbn65lpwc_ccs
r_alu_189              ZeroWireload      tcbn65lpwc_ccs
r_alu_190              ZeroWireload      tcbn65lpwc_ccs
r_alu_191              ZeroWireload      tcbn65lpwc_ccs
r_alu_192              ZeroWireload      tcbn65lpwc_ccs
r_alu_193              ZeroWireload      tcbn65lpwc_ccs
r_alu_194              ZeroWireload      tcbn65lpwc_ccs
r_alu_195              ZeroWireload      tcbn65lpwc_ccs
r_alu_196              ZeroWireload      tcbn65lpwc_ccs
r_alu_197              ZeroWireload      tcbn65lpwc_ccs
r_alu_198              ZeroWireload      tcbn65lpwc_ccs
r_dsm_1_0              ZeroWireload      tcbn65lpwc_ccs
r_dsm_1_1              ZeroWireload      tcbn65lpwc_ccs
r_dsm_1_2              ZeroWireload      tcbn65lpwc_ccs
r_dsm_1_3              ZeroWireload      tcbn65lpwc_ccs
r_dsm_1_4              ZeroWireload      tcbn65lpwc_ccs
r_dsm_1_5              ZeroWireload      tcbn65lpwc_ccs
r_dsm_1_6              ZeroWireload      tcbn65lpwc_ccs
r_dsm_1_7              ZeroWireload      tcbn65lpwc_ccs
r_dsm_1_8              ZeroWireload      tcbn65lpwc_ccs
r_dsm_1_9              ZeroWireload      tcbn65lpwc_ccs
r_dsm_1_10             ZeroWireload      tcbn65lpwc_ccs
r_dsm_1_11             ZeroWireload      tcbn65lpwc_ccs
r_dsm_1_12             ZeroWireload      tcbn65lpwc_ccs
r_dsm_1_13             ZeroWireload      tcbn65lpwc_ccs
r_dsm_1_14             ZeroWireload      tcbn65lpwc_ccs
r_dsm_1_15             ZeroWireload      tcbn65lpwc_ccs
r_dsm_1_16             ZeroWireload      tcbn65lpwc_ccs
r_dsm_1_17             ZeroWireload      tcbn65lpwc_ccs
r_dsm_1_18             ZeroWireload      tcbn65lpwc_ccs
r_dsm_1_19             ZeroWireload      tcbn65lpwc_ccs
r_dsm_1_20             ZeroWireload      tcbn65lpwc_ccs
r_dsm_1_21             ZeroWireload      tcbn65lpwc_ccs
r_dsm_1_22             ZeroWireload      tcbn65lpwc_ccs
r_dsm_1_23             ZeroWireload      tcbn65lpwc_ccs
r_dsm_1_24             ZeroWireload      tcbn65lpwc_ccs
r_dsm_1_25             ZeroWireload      tcbn65lpwc_ccs
r_dsm_1_26             ZeroWireload      tcbn65lpwc_ccs
r_dsm_1_27             ZeroWireload      tcbn65lpwc_ccs
r_dsm_1_28             ZeroWireload      tcbn65lpwc_ccs
r_dsm_1_29             ZeroWireload      tcbn65lpwc_ccs
r_dsm_1_30             ZeroWireload      tcbn65lpwc_ccs
r_dsm_1_31             ZeroWireload      tcbn65lpwc_ccs
r_dsm_1_32             ZeroWireload      tcbn65lpwc_ccs
r_dsm_1_33             ZeroWireload      tcbn65lpwc_ccs
r_dsm_1_34             ZeroWireload      tcbn65lpwc_ccs
r_dsm_1_35             ZeroWireload      tcbn65lpwc_ccs
r_dsm_1_36             ZeroWireload      tcbn65lpwc_ccs
r_dsm_1_37             ZeroWireload      tcbn65lpwc_ccs
r_dsm_1_38             ZeroWireload      tcbn65lpwc_ccs
r_dsm_1_39             ZeroWireload      tcbn65lpwc_ccs
r_dsm_1_40             ZeroWireload      tcbn65lpwc_ccs
r_dsm_1_41             ZeroWireload      tcbn65lpwc_ccs
r_dsm_1_42             ZeroWireload      tcbn65lpwc_ccs
r_dsm_1_43             ZeroWireload      tcbn65lpwc_ccs
r_dsm_1_44             ZeroWireload      tcbn65lpwc_ccs
r_dsm_1_45             ZeroWireload      tcbn65lpwc_ccs
r_dsm_1_46             ZeroWireload      tcbn65lpwc_ccs
r_dsm_1_47             ZeroWireload      tcbn65lpwc_ccs
r_dsm_1_48             ZeroWireload      tcbn65lpwc_ccs
r_dsm_1_49             ZeroWireload      tcbn65lpwc_ccs
r_dsm_1_50             ZeroWireload      tcbn65lpwc_ccs
r_dsm_1_51             ZeroWireload      tcbn65lpwc_ccs
r_dsm_1_52             ZeroWireload      tcbn65lpwc_ccs
r_dsm_1_53             ZeroWireload      tcbn65lpwc_ccs
r_dsm_1_54             ZeroWireload      tcbn65lpwc_ccs
r_dsm_1_55             ZeroWireload      tcbn65lpwc_ccs
r_dsm_1_56             ZeroWireload      tcbn65lpwc_ccs
r_dsm_1_57             ZeroWireload      tcbn65lpwc_ccs
r_dsm_1_58             ZeroWireload      tcbn65lpwc_ccs
r_dsm_1_59             ZeroWireload      tcbn65lpwc_ccs
r_dsm_1_60             ZeroWireload      tcbn65lpwc_ccs
r_dsm_1_61             ZeroWireload      tcbn65lpwc_ccs
r_dsm_1_62             ZeroWireload      tcbn65lpwc_ccs
r_dsm_1_63             ZeroWireload      tcbn65lpwc_ccs
r_dsm_1_64             ZeroWireload      tcbn65lpwc_ccs
r_dsm_1_65             ZeroWireload      tcbn65lpwc_ccs
r_dsm_1_66             ZeroWireload      tcbn65lpwc_ccs
r_dsm_1_67             ZeroWireload      tcbn65lpwc_ccs
r_dsm_1_68             ZeroWireload      tcbn65lpwc_ccs
r_dsm_1_69             ZeroWireload      tcbn65lpwc_ccs
r_dsm_1_70             ZeroWireload      tcbn65lpwc_ccs
r_dsm_1_71             ZeroWireload      tcbn65lpwc_ccs
r_dsm_1_72             ZeroWireload      tcbn65lpwc_ccs
r_dsm_1_73             ZeroWireload      tcbn65lpwc_ccs
r_dsm_1_74             ZeroWireload      tcbn65lpwc_ccs
r_dsm_1_75             ZeroWireload      tcbn65lpwc_ccs
r_dsm_1_76             ZeroWireload      tcbn65lpwc_ccs
r_dsm_1_77             ZeroWireload      tcbn65lpwc_ccs
r_dsm_1_78             ZeroWireload      tcbn65lpwc_ccs
r_dsm_1_79             ZeroWireload      tcbn65lpwc_ccs
r_dsm_1_80             ZeroWireload      tcbn65lpwc_ccs
r_dsm_1_81             ZeroWireload      tcbn65lpwc_ccs
r_dsm_1_82             ZeroWireload      tcbn65lpwc_ccs
r_dsm_1_83             ZeroWireload      tcbn65lpwc_ccs
r_dsm_1_84             ZeroWireload      tcbn65lpwc_ccs
r_dsm_1_85             ZeroWireload      tcbn65lpwc_ccs
r_dsm_1_86             ZeroWireload      tcbn65lpwc_ccs
r_dsm_1_87             ZeroWireload      tcbn65lpwc_ccs
r_dsm_1_88             ZeroWireload      tcbn65lpwc_ccs
r_dsm_1_89             ZeroWireload      tcbn65lpwc_ccs
r_dsm_1_90             ZeroWireload      tcbn65lpwc_ccs
r_dsm_1_91             ZeroWireload      tcbn65lpwc_ccs
r_dsm_1_92             ZeroWireload      tcbn65lpwc_ccs
r_dsm_1_93             ZeroWireload      tcbn65lpwc_ccs
r_dsm_1_94             ZeroWireload      tcbn65lpwc_ccs
r_dsm_1_95             ZeroWireload      tcbn65lpwc_ccs
r_dsm_1_96             ZeroWireload      tcbn65lpwc_ccs
r_dsm_1_97             ZeroWireload      tcbn65lpwc_ccs
r_dsm_1_98             ZeroWireload      tcbn65lpwc_ccs
r_dsm_1_99             ZeroWireload      tcbn65lpwc_ccs
r_dsm_1_100            ZeroWireload      tcbn65lpwc_ccs
r_dsm_1_101            ZeroWireload      tcbn65lpwc_ccs
r_dsm_1_102            ZeroWireload      tcbn65lpwc_ccs
r_dsm_1_103            ZeroWireload      tcbn65lpwc_ccs
r_dsm_1_104            ZeroWireload      tcbn65lpwc_ccs
r_dsm_1_105            ZeroWireload      tcbn65lpwc_ccs
r_dsm_1_106            ZeroWireload      tcbn65lpwc_ccs
r_dsm_1_107            ZeroWireload      tcbn65lpwc_ccs
r_dsm_1_108            ZeroWireload      tcbn65lpwc_ccs
r_dsm_1_109            ZeroWireload      tcbn65lpwc_ccs
r_dsm_1_110            ZeroWireload      tcbn65lpwc_ccs
r_dsm_1_111            ZeroWireload      tcbn65lpwc_ccs
r_dsm_1_112            ZeroWireload      tcbn65lpwc_ccs
r_dsm_1_113            ZeroWireload      tcbn65lpwc_ccs
r_dsm_1_114            ZeroWireload      tcbn65lpwc_ccs
r_dsm_1_115            ZeroWireload      tcbn65lpwc_ccs
r_dsm_1_116            ZeroWireload      tcbn65lpwc_ccs
r_dsm_1_117            ZeroWireload      tcbn65lpwc_ccs
r_dsm_1_118            ZeroWireload      tcbn65lpwc_ccs
r_dsm_1_119            ZeroWireload      tcbn65lpwc_ccs
r_dsm_1_120            ZeroWireload      tcbn65lpwc_ccs
r_dsm_1_121            ZeroWireload      tcbn65lpwc_ccs
r_dsm_1_122            ZeroWireload      tcbn65lpwc_ccs
r_dsm_1_123            ZeroWireload      tcbn65lpwc_ccs
r_dsm_1_124            ZeroWireload      tcbn65lpwc_ccs
r_dsm_1_125            ZeroWireload      tcbn65lpwc_ccs
r_dsm_1_126            ZeroWireload      tcbn65lpwc_ccs
r_dsm_1_127            ZeroWireload      tcbn65lpwc_ccs
r_dsm_1_128            ZeroWireload      tcbn65lpwc_ccs
r_dsm_1_129            ZeroWireload      tcbn65lpwc_ccs
r_dsm_1_130            ZeroWireload      tcbn65lpwc_ccs
r_dsm_1_131            ZeroWireload      tcbn65lpwc_ccs
r_dsm_1_132            ZeroWireload      tcbn65lpwc_ccs
r_dsm_1_133            ZeroWireload      tcbn65lpwc_ccs
r_dsm_1_134            ZeroWireload      tcbn65lpwc_ccs
r_dsm_1_135            ZeroWireload      tcbn65lpwc_ccs
r_dsm_1_136            ZeroWireload      tcbn65lpwc_ccs
r_dsm_1_137            ZeroWireload      tcbn65lpwc_ccs
r_dsm_1_138            ZeroWireload      tcbn65lpwc_ccs
r_dsm_1_139            ZeroWireload      tcbn65lpwc_ccs
r_dsm_1_140            ZeroWireload      tcbn65lpwc_ccs
r_dsm_1_141            ZeroWireload      tcbn65lpwc_ccs
r_dsm_1_142            ZeroWireload      tcbn65lpwc_ccs
r_dsm_1_143            ZeroWireload      tcbn65lpwc_ccs
r_dsm_1_144            ZeroWireload      tcbn65lpwc_ccs
r_dsm_1_145            ZeroWireload      tcbn65lpwc_ccs
r_dsm_1_146            ZeroWireload      tcbn65lpwc_ccs
r_dsm_1_147            ZeroWireload      tcbn65lpwc_ccs
r_dsm_1_148            ZeroWireload      tcbn65lpwc_ccs
r_dsm_1_149            ZeroWireload      tcbn65lpwc_ccs
r_dsm_1_150            ZeroWireload      tcbn65lpwc_ccs
r_dsm_1_151            ZeroWireload      tcbn65lpwc_ccs
r_dsm_1_152            ZeroWireload      tcbn65lpwc_ccs
r_dsm_1_153            ZeroWireload      tcbn65lpwc_ccs
r_dsm_1_154            ZeroWireload      tcbn65lpwc_ccs
r_dsm_1_155            ZeroWireload      tcbn65lpwc_ccs
r_dsm_1_156            ZeroWireload      tcbn65lpwc_ccs
r_dsm_1_157            ZeroWireload      tcbn65lpwc_ccs
r_dsm_1_158            ZeroWireload      tcbn65lpwc_ccs
r_dsm_1_159            ZeroWireload      tcbn65lpwc_ccs
r_dsm_1_160            ZeroWireload      tcbn65lpwc_ccs
r_dsm_1_161            ZeroWireload      tcbn65lpwc_ccs
r_dsm_1_162            ZeroWireload      tcbn65lpwc_ccs
r_dsm_1_163            ZeroWireload      tcbn65lpwc_ccs
r_dsm_1_164            ZeroWireload      tcbn65lpwc_ccs
r_dsm_1_165            ZeroWireload      tcbn65lpwc_ccs
r_dsm_1_166            ZeroWireload      tcbn65lpwc_ccs
r_dsm_1_167            ZeroWireload      tcbn65lpwc_ccs
r_dsm_1_168            ZeroWireload      tcbn65lpwc_ccs
r_dsm_1_169            ZeroWireload      tcbn65lpwc_ccs
r_dsm_1_170            ZeroWireload      tcbn65lpwc_ccs
r_dsm_1_171            ZeroWireload      tcbn65lpwc_ccs
r_dsm_1_172            ZeroWireload      tcbn65lpwc_ccs
r_dsm_1_173            ZeroWireload      tcbn65lpwc_ccs
r_dsm_1_174            ZeroWireload      tcbn65lpwc_ccs
r_dsm_1_175            ZeroWireload      tcbn65lpwc_ccs
r_dsm_1_176            ZeroWireload      tcbn65lpwc_ccs
r_dsm_1_177            ZeroWireload      tcbn65lpwc_ccs
r_dsm_1_178            ZeroWireload      tcbn65lpwc_ccs
r_dsm_1_179            ZeroWireload      tcbn65lpwc_ccs
r_dsm_1_180            ZeroWireload      tcbn65lpwc_ccs
r_dsm_1_181            ZeroWireload      tcbn65lpwc_ccs
r_dsm_1_182            ZeroWireload      tcbn65lpwc_ccs
r_dsm_1_183            ZeroWireload      tcbn65lpwc_ccs
r_dsm_1_184            ZeroWireload      tcbn65lpwc_ccs
r_dsm_1_185            ZeroWireload      tcbn65lpwc_ccs
r_dsm_1_186            ZeroWireload      tcbn65lpwc_ccs
r_dsm_1_187            ZeroWireload      tcbn65lpwc_ccs
r_dsm_1_188            ZeroWireload      tcbn65lpwc_ccs
r_dsm_1_189            ZeroWireload      tcbn65lpwc_ccs
r_dsm_1_190            ZeroWireload      tcbn65lpwc_ccs
r_dsm_1_191            ZeroWireload      tcbn65lpwc_ccs
r_dsm_1_192            ZeroWireload      tcbn65lpwc_ccs
r_dsm_1_193            ZeroWireload      tcbn65lpwc_ccs
r_dsm_1_194            ZeroWireload      tcbn65lpwc_ccs
r_dsm_1_195            ZeroWireload      tcbn65lpwc_ccs
r_dsm_1_196            ZeroWireload      tcbn65lpwc_ccs
r_dsm_1_197            ZeroWireload      tcbn65lpwc_ccs
r_dsm_1_198            ZeroWireload      tcbn65lpwc_ccs
r_state_ctrl_1_0       ZeroWireload      tcbn65lpwc_ccs
r_state_ctrl_1_1       ZeroWireload      tcbn65lpwc_ccs
r_state_ctrl_1_2       ZeroWireload      tcbn65lpwc_ccs
r_state_ctrl_1_3       ZeroWireload      tcbn65lpwc_ccs
r_state_ctrl_1_4       ZeroWireload      tcbn65lpwc_ccs
r_state_ctrl_1_5       ZeroWireload      tcbn65lpwc_ccs
r_state_ctrl_1_6       ZeroWireload      tcbn65lpwc_ccs
r_state_ctrl_1_7       ZeroWireload      tcbn65lpwc_ccs
r_state_ctrl_1_8       ZeroWireload      tcbn65lpwc_ccs
r_state_ctrl_1_9       ZeroWireload      tcbn65lpwc_ccs
r_state_ctrl_1_10      ZeroWireload      tcbn65lpwc_ccs
r_state_ctrl_1_11      ZeroWireload      tcbn65lpwc_ccs
r_state_ctrl_1_12      ZeroWireload      tcbn65lpwc_ccs
r_state_ctrl_1_13      ZeroWireload      tcbn65lpwc_ccs
r_state_ctrl_1_14      ZeroWireload      tcbn65lpwc_ccs
r_state_ctrl_1_15      ZeroWireload      tcbn65lpwc_ccs
r_state_ctrl_1_16      ZeroWireload      tcbn65lpwc_ccs
r_state_ctrl_1_17      ZeroWireload      tcbn65lpwc_ccs
r_state_ctrl_1_18      ZeroWireload      tcbn65lpwc_ccs
r_state_ctrl_1_19      ZeroWireload      tcbn65lpwc_ccs
r_state_ctrl_1_20      ZeroWireload      tcbn65lpwc_ccs
r_state_ctrl_1_21      ZeroWireload      tcbn65lpwc_ccs
r_state_ctrl_1_22      ZeroWireload      tcbn65lpwc_ccs
r_state_ctrl_1_23      ZeroWireload      tcbn65lpwc_ccs
r_state_ctrl_1_24      ZeroWireload      tcbn65lpwc_ccs
r_state_ctrl_1_25      ZeroWireload      tcbn65lpwc_ccs
r_state_ctrl_1_26      ZeroWireload      tcbn65lpwc_ccs
r_state_ctrl_1_27      ZeroWireload      tcbn65lpwc_ccs
r_state_ctrl_1_28      ZeroWireload      tcbn65lpwc_ccs
r_state_ctrl_1_29      ZeroWireload      tcbn65lpwc_ccs
r_state_ctrl_1_30      ZeroWireload      tcbn65lpwc_ccs
r_state_ctrl_1_31      ZeroWireload      tcbn65lpwc_ccs
r_state_ctrl_1_32      ZeroWireload      tcbn65lpwc_ccs
r_state_ctrl_1_33      ZeroWireload      tcbn65lpwc_ccs
r_state_ctrl_1_34      ZeroWireload      tcbn65lpwc_ccs
r_state_ctrl_1_35      ZeroWireload      tcbn65lpwc_ccs
r_state_ctrl_1_36      ZeroWireload      tcbn65lpwc_ccs
r_state_ctrl_1_37      ZeroWireload      tcbn65lpwc_ccs
r_state_ctrl_1_38      ZeroWireload      tcbn65lpwc_ccs
r_state_ctrl_1_39      ZeroWireload      tcbn65lpwc_ccs
r_state_ctrl_1_40      ZeroWireload      tcbn65lpwc_ccs
r_state_ctrl_1_41      ZeroWireload      tcbn65lpwc_ccs
r_state_ctrl_1_42      ZeroWireload      tcbn65lpwc_ccs
r_state_ctrl_1_43      ZeroWireload      tcbn65lpwc_ccs
r_state_ctrl_1_44      ZeroWireload      tcbn65lpwc_ccs
r_state_ctrl_1_45      ZeroWireload      tcbn65lpwc_ccs
r_state_ctrl_1_46      ZeroWireload      tcbn65lpwc_ccs
r_state_ctrl_1_47      ZeroWireload      tcbn65lpwc_ccs
r_state_ctrl_1_48      ZeroWireload      tcbn65lpwc_ccs
r_state_ctrl_1_49      ZeroWireload      tcbn65lpwc_ccs
r_state_ctrl_1_50      ZeroWireload      tcbn65lpwc_ccs
r_state_ctrl_1_51      ZeroWireload      tcbn65lpwc_ccs
r_state_ctrl_1_52      ZeroWireload      tcbn65lpwc_ccs
r_state_ctrl_1_53      ZeroWireload      tcbn65lpwc_ccs
r_state_ctrl_1_54      ZeroWireload      tcbn65lpwc_ccs
r_state_ctrl_1_55      ZeroWireload      tcbn65lpwc_ccs
r_state_ctrl_1_56      ZeroWireload      tcbn65lpwc_ccs
r_state_ctrl_1_57      ZeroWireload      tcbn65lpwc_ccs
r_state_ctrl_1_58      ZeroWireload      tcbn65lpwc_ccs
r_state_ctrl_1_59      ZeroWireload      tcbn65lpwc_ccs
r_state_ctrl_1_60      ZeroWireload      tcbn65lpwc_ccs
r_state_ctrl_1_61      ZeroWireload      tcbn65lpwc_ccs
r_state_ctrl_1_62      ZeroWireload      tcbn65lpwc_ccs
r_state_ctrl_1_63      ZeroWireload      tcbn65lpwc_ccs
r_state_ctrl_1_64      ZeroWireload      tcbn65lpwc_ccs
r_state_ctrl_1_65      ZeroWireload      tcbn65lpwc_ccs
r_state_ctrl_1_66      ZeroWireload      tcbn65lpwc_ccs
r_state_ctrl_1_67      ZeroWireload      tcbn65lpwc_ccs
r_state_ctrl_1_68      ZeroWireload      tcbn65lpwc_ccs
r_state_ctrl_1_69      ZeroWireload      tcbn65lpwc_ccs
r_state_ctrl_1_70      ZeroWireload      tcbn65lpwc_ccs
r_state_ctrl_1_71      ZeroWireload      tcbn65lpwc_ccs
r_state_ctrl_1_72      ZeroWireload      tcbn65lpwc_ccs
r_state_ctrl_1_73      ZeroWireload      tcbn65lpwc_ccs
r_state_ctrl_1_74      ZeroWireload      tcbn65lpwc_ccs
r_state_ctrl_1_75      ZeroWireload      tcbn65lpwc_ccs
r_state_ctrl_1_76      ZeroWireload      tcbn65lpwc_ccs
r_state_ctrl_1_77      ZeroWireload      tcbn65lpwc_ccs
r_state_ctrl_1_78      ZeroWireload      tcbn65lpwc_ccs
r_state_ctrl_1_79      ZeroWireload      tcbn65lpwc_ccs
r_state_ctrl_1_80      ZeroWireload      tcbn65lpwc_ccs
r_state_ctrl_1_81      ZeroWireload      tcbn65lpwc_ccs
r_state_ctrl_1_82      ZeroWireload      tcbn65lpwc_ccs
r_state_ctrl_1_83      ZeroWireload      tcbn65lpwc_ccs
r_state_ctrl_1_84      ZeroWireload      tcbn65lpwc_ccs
r_state_ctrl_1_85      ZeroWireload      tcbn65lpwc_ccs
r_state_ctrl_1_86      ZeroWireload      tcbn65lpwc_ccs
r_state_ctrl_1_87      ZeroWireload      tcbn65lpwc_ccs
r_state_ctrl_1_88      ZeroWireload      tcbn65lpwc_ccs
r_state_ctrl_1_89      ZeroWireload      tcbn65lpwc_ccs
r_state_ctrl_1_90      ZeroWireload      tcbn65lpwc_ccs
r_state_ctrl_1_91      ZeroWireload      tcbn65lpwc_ccs
r_state_ctrl_1_92      ZeroWireload      tcbn65lpwc_ccs
r_state_ctrl_1_93      ZeroWireload      tcbn65lpwc_ccs
r_state_ctrl_1_94      ZeroWireload      tcbn65lpwc_ccs
r_state_ctrl_1_95      ZeroWireload      tcbn65lpwc_ccs
r_state_ctrl_1_96      ZeroWireload      tcbn65lpwc_ccs
r_state_ctrl_1_97      ZeroWireload      tcbn65lpwc_ccs
r_state_ctrl_1_98      ZeroWireload      tcbn65lpwc_ccs
r_state_ctrl_0_0       ZeroWireload      tcbn65lpwc_ccs
r_state_ctrl_0_1       ZeroWireload      tcbn65lpwc_ccs
r_state_ctrl_0_2       ZeroWireload      tcbn65lpwc_ccs
r_state_ctrl_0_3       ZeroWireload      tcbn65lpwc_ccs
r_state_ctrl_0_4       ZeroWireload      tcbn65lpwc_ccs
r_state_ctrl_0_5       ZeroWireload      tcbn65lpwc_ccs
r_state_ctrl_0_6       ZeroWireload      tcbn65lpwc_ccs
r_state_ctrl_0_7       ZeroWireload      tcbn65lpwc_ccs
r_state_ctrl_0_8       ZeroWireload      tcbn65lpwc_ccs
r_state_ctrl_0_9       ZeroWireload      tcbn65lpwc_ccs
r_state_ctrl_0_10      ZeroWireload      tcbn65lpwc_ccs
r_state_ctrl_0_11      ZeroWireload      tcbn65lpwc_ccs
r_state_ctrl_0_12      ZeroWireload      tcbn65lpwc_ccs
r_state_ctrl_0_13      ZeroWireload      tcbn65lpwc_ccs
r_state_ctrl_0_14      ZeroWireload      tcbn65lpwc_ccs
r_state_ctrl_0_15      ZeroWireload      tcbn65lpwc_ccs
r_state_ctrl_0_16      ZeroWireload      tcbn65lpwc_ccs
r_state_ctrl_0_17      ZeroWireload      tcbn65lpwc_ccs
r_state_ctrl_0_18      ZeroWireload      tcbn65lpwc_ccs
r_state_ctrl_0_19      ZeroWireload      tcbn65lpwc_ccs
r_state_ctrl_0_20      ZeroWireload      tcbn65lpwc_ccs
r_state_ctrl_0_21      ZeroWireload      tcbn65lpwc_ccs
r_state_ctrl_0_22      ZeroWireload      tcbn65lpwc_ccs
r_state_ctrl_0_23      ZeroWireload      tcbn65lpwc_ccs
r_state_ctrl_0_24      ZeroWireload      tcbn65lpwc_ccs
r_state_ctrl_0_25      ZeroWireload      tcbn65lpwc_ccs
r_state_ctrl_0_26      ZeroWireload      tcbn65lpwc_ccs
r_state_ctrl_0_27      ZeroWireload      tcbn65lpwc_ccs
r_state_ctrl_0_28      ZeroWireload      tcbn65lpwc_ccs
r_state_ctrl_0_29      ZeroWireload      tcbn65lpwc_ccs
r_state_ctrl_0_30      ZeroWireload      tcbn65lpwc_ccs
r_state_ctrl_0_31      ZeroWireload      tcbn65lpwc_ccs
r_state_ctrl_0_32      ZeroWireload      tcbn65lpwc_ccs
r_state_ctrl_0_33      ZeroWireload      tcbn65lpwc_ccs
r_state_ctrl_0_34      ZeroWireload      tcbn65lpwc_ccs
r_state_ctrl_0_35      ZeroWireload      tcbn65lpwc_ccs
r_state_ctrl_0_36      ZeroWireload      tcbn65lpwc_ccs
r_state_ctrl_0_37      ZeroWireload      tcbn65lpwc_ccs
r_state_ctrl_0_38      ZeroWireload      tcbn65lpwc_ccs
r_state_ctrl_0_39      ZeroWireload      tcbn65lpwc_ccs
r_state_ctrl_0_40      ZeroWireload      tcbn65lpwc_ccs
r_state_ctrl_0_41      ZeroWireload      tcbn65lpwc_ccs
r_state_ctrl_0_42      ZeroWireload      tcbn65lpwc_ccs
r_state_ctrl_0_43      ZeroWireload      tcbn65lpwc_ccs
r_state_ctrl_0_44      ZeroWireload      tcbn65lpwc_ccs
r_state_ctrl_0_45      ZeroWireload      tcbn65lpwc_ccs
r_state_ctrl_0_46      ZeroWireload      tcbn65lpwc_ccs
r_state_ctrl_0_47      ZeroWireload      tcbn65lpwc_ccs
r_state_ctrl_0_48      ZeroWireload      tcbn65lpwc_ccs
r_state_ctrl_0_49      ZeroWireload      tcbn65lpwc_ccs
r_state_ctrl_0_50      ZeroWireload      tcbn65lpwc_ccs
r_state_ctrl_0_51      ZeroWireload      tcbn65lpwc_ccs
r_state_ctrl_0_52      ZeroWireload      tcbn65lpwc_ccs
r_state_ctrl_0_53      ZeroWireload      tcbn65lpwc_ccs
r_state_ctrl_0_54      ZeroWireload      tcbn65lpwc_ccs
r_state_ctrl_0_55      ZeroWireload      tcbn65lpwc_ccs
r_state_ctrl_0_56      ZeroWireload      tcbn65lpwc_ccs
r_state_ctrl_0_57      ZeroWireload      tcbn65lpwc_ccs
r_state_ctrl_0_58      ZeroWireload      tcbn65lpwc_ccs
r_state_ctrl_0_59      ZeroWireload      tcbn65lpwc_ccs
r_state_ctrl_0_60      ZeroWireload      tcbn65lpwc_ccs
r_state_ctrl_0_61      ZeroWireload      tcbn65lpwc_ccs
r_state_ctrl_0_62      ZeroWireload      tcbn65lpwc_ccs
r_state_ctrl_0_63      ZeroWireload      tcbn65lpwc_ccs
r_state_ctrl_0_64      ZeroWireload      tcbn65lpwc_ccs
r_state_ctrl_0_65      ZeroWireload      tcbn65lpwc_ccs
r_state_ctrl_0_66      ZeroWireload      tcbn65lpwc_ccs
r_state_ctrl_0_67      ZeroWireload      tcbn65lpwc_ccs
r_state_ctrl_0_68      ZeroWireload      tcbn65lpwc_ccs
r_state_ctrl_0_69      ZeroWireload      tcbn65lpwc_ccs
r_state_ctrl_0_70      ZeroWireload      tcbn65lpwc_ccs
r_state_ctrl_0_71      ZeroWireload      tcbn65lpwc_ccs
r_state_ctrl_0_72      ZeroWireload      tcbn65lpwc_ccs
r_state_ctrl_0_73      ZeroWireload      tcbn65lpwc_ccs
r_state_ctrl_0_74      ZeroWireload      tcbn65lpwc_ccs
r_state_ctrl_0_75      ZeroWireload      tcbn65lpwc_ccs
r_state_ctrl_0_76      ZeroWireload      tcbn65lpwc_ccs
r_state_ctrl_0_77      ZeroWireload      tcbn65lpwc_ccs
r_state_ctrl_0_78      ZeroWireload      tcbn65lpwc_ccs
r_state_ctrl_0_79      ZeroWireload      tcbn65lpwc_ccs
r_state_ctrl_0_80      ZeroWireload      tcbn65lpwc_ccs
r_state_ctrl_0_81      ZeroWireload      tcbn65lpwc_ccs
r_state_ctrl_0_82      ZeroWireload      tcbn65lpwc_ccs
r_state_ctrl_0_83      ZeroWireload      tcbn65lpwc_ccs
r_state_ctrl_0_84      ZeroWireload      tcbn65lpwc_ccs
r_state_ctrl_0_85      ZeroWireload      tcbn65lpwc_ccs
r_state_ctrl_0_86      ZeroWireload      tcbn65lpwc_ccs
r_state_ctrl_0_87      ZeroWireload      tcbn65lpwc_ccs
r_state_ctrl_0_88      ZeroWireload      tcbn65lpwc_ccs
r_state_ctrl_0_89      ZeroWireload      tcbn65lpwc_ccs
r_state_ctrl_0_90      ZeroWireload      tcbn65lpwc_ccs
r_state_ctrl_0_91      ZeroWireload      tcbn65lpwc_ccs
r_state_ctrl_0_92      ZeroWireload      tcbn65lpwc_ccs
r_state_ctrl_0_93      ZeroWireload      tcbn65lpwc_ccs
r_state_ctrl_0_94      ZeroWireload      tcbn65lpwc_ccs
r_state_ctrl_0_95      ZeroWireload      tcbn65lpwc_ccs
r_state_ctrl_0_96      ZeroWireload      tcbn65lpwc_ccs
r_state_ctrl_0_97      ZeroWireload      tcbn65lpwc_ccs
r_state_ctrl_0_98      ZeroWireload      tcbn65lpwc_ccs


Global Operating Voltage = 1.08 
Power-specific unit information :
    Voltage Units = 1V
    Capacitance Units = 1.000000pf
    Time Units = 1ns
    Dynamic Power Units = 1mW    (derived from V,C,T units)
    Leakage Power Units = 1nW


--------------------------------------------------------------------------------
                                       Switch   Int      Leak     Total
Hierarchy                              Power    Power    Power    Power    %
--------------------------------------------------------------------------------
pde_chip_top_safe                      4.44e-02   17.737 7.73e+04   17.858 100.0
  u_impl (pde_chip_top_20_20_1_1_1_4096_10)
                                       4.44e-02   17.738 7.73e+04   17.859 100.0
    u_core (pde_core_20_20_1_1_1_4096_10)
                                       2.86e-06   11.791 5.69e+04   11.847  66.3
      g_row_19__g_col_9__u_pe (pe_top_1_1_0)
                                          0.000 5.85e-02  281.877 5.88e-02   0.3
        u_status (r_status_0)             0.000 3.04e-03   14.368 3.05e-03   0.0
        u_sol (sol_acc_0_0)               0.000 2.41e-02  129.065 2.42e-02   0.1
        u_alu (r_alu_0)                   0.000 2.99e-03   38.271 3.03e-03   0.0
        u_dsm (r_dsm_1_0)                 0.000 4.49e-03   12.649 4.50e-03   0.0
        u_r_black (r_reg_0)               0.000 1.20e-02   31.655 1.20e-02   0.1
        u_r_red (r_reg_1)                 0.000 1.20e-02   31.737 1.20e-02   0.1
        u_ctrl (r_state_ctrl_1_0)         0.000    0.000    5.932 5.93e-06   0.0
      g_row_19__g_col_8__u_pe (pe_top_1_1_1)
                                          0.000 5.85e-02  281.249 5.88e-02   0.3
        u_status (r_status_1)             0.000 3.04e-03   14.368 3.05e-03   0.0
        u_sol (sol_acc_0_1)               0.000 2.41e-02  128.440 2.42e-02   0.1
        u_alu (r_alu_1)                   0.000 2.99e-03   38.271 3.03e-03   0.0
        u_dsm (r_dsm_1_1)                 0.000 4.49e-03   12.649 4.50e-03   0.0
        u_r_black (r_reg_2)               0.000 1.20e-02   31.652 1.20e-02   0.1
        u_r_red (r_reg_3)                 0.000 1.20e-02   31.737 1.20e-02   0.1
        u_ctrl (r_state_ctrl_1_1)         0.000    0.000    5.932 5.93e-06   0.0
      g_row_19__g_col_7__u_pe (pe_top_1_1_2)
                                          0.000 5.85e-02  281.052 5.88e-02   0.3
        u_status (r_status_2)             0.000 3.04e-03   14.368 3.05e-03   0.0
        u_sol (sol_acc_0_2)               0.000 2.41e-02  127.835 2.42e-02   0.1
        u_alu (r_alu_2)                   0.000 2.99e-03   38.271 3.03e-03   0.0
        u_dsm (r_dsm_1_2)                 0.000 4.49e-03   12.649 4.50e-03   0.0
        u_r_black (r_reg_4)               0.000 1.20e-02   31.652 1.20e-02   0.1
        u_r_red (r_reg_5)                 0.000 1.20e-02   31.737 1.20e-02   0.1
        u_ctrl (r_state_ctrl_1_2)         0.000    0.000    6.531 6.53e-06   0.0
      g_row_19__g_col_6__u_pe (pe_top_1_1_3)
                                          0.000 5.85e-02  281.249 5.88e-02   0.3
        u_status (r_status_3)             0.000 3.04e-03   14.368 3.05e-03   0.0
        u_sol (sol_acc_0_3)               0.000 2.41e-02  128.440 2.42e-02   0.1
        u_alu (r_alu_3)                   0.000 2.99e-03   38.271 3.03e-03   0.0
        u_dsm (r_dsm_1_3)                 0.000 4.49e-03   12.649 4.50e-03   0.0
        u_r_black (r_reg_6)               0.000 1.20e-02   31.652 1.20e-02   0.1
        u_r_red (r_reg_7)                 0.000 1.20e-02   31.737 1.20e-02   0.1
        u_ctrl (r_state_ctrl_1_3)         0.000    0.000    5.932 5.93e-06   0.0
      g_row_19__g_col_5__u_pe (pe_top_1_1_4)
                                          0.000 5.85e-02  281.249 5.88e-02   0.3
        u_status (r_status_4)             0.000 3.04e-03   14.368 3.05e-03   0.0
        u_sol (sol_acc_0_4)               0.000 2.41e-02  128.440 2.42e-02   0.1
        u_alu (r_alu_4)                   0.000 2.99e-03   38.271 3.03e-03   0.0
        u_dsm (r_dsm_1_4)                 0.000 4.49e-03   12.649 4.50e-03   0.0
        u_r_black (r_reg_8)               0.000 1.20e-02   31.652 1.20e-02   0.1
        u_r_red (r_reg_9)                 0.000 1.20e-02   31.737 1.20e-02   0.1
        u_ctrl (r_state_ctrl_1_4)         0.000    0.000    5.932 5.93e-06   0.0
      g_row_19__g_col_4__u_pe (pe_top_1_1_5)
                                          0.000 5.85e-02  281.242 5.88e-02   0.3
        u_status (r_status_5)             0.000 3.04e-03   14.368 3.05e-03   0.0
        u_sol (sol_acc_0_5)               0.000 2.41e-02  127.835 2.42e-02   0.1
        u_alu (r_alu_5)                   0.000 2.99e-03   38.271 3.03e-03   0.0
        u_dsm (r_dsm_1_5)                 0.000 4.49e-03   12.649 4.50e-03   0.0
        u_r_black (r_reg_10)              0.000 1.20e-02   31.652 1.20e-02   0.1
        u_r_red (r_reg_11)                0.000 1.20e-02   31.737 1.20e-02   0.1
        u_ctrl (r_state_ctrl_1_5)         0.000    0.000    6.531 6.53e-06   0.0
      g_row_19__g_col_3__u_pe (pe_top_1_1_6)
                                          0.000 5.85e-02  281.249 5.88e-02   0.3
        u_status (r_status_6)             0.000 3.04e-03   14.368 3.05e-03   0.0
        u_sol (sol_acc_0_6)               0.000 2.41e-02  128.440 2.42e-02   0.1
        u_alu (r_alu_6)                   0.000 2.99e-03   38.271 3.03e-03   0.0
        u_dsm (r_dsm_1_6)                 0.000 4.49e-03   12.649 4.50e-03   0.0
        u_r_black (r_reg_12)              0.000 1.20e-02   31.652 1.20e-02   0.1
        u_r_red (r_reg_13)                0.000 1.20e-02   31.737 1.20e-02   0.1
        u_ctrl (r_state_ctrl_1_6)         0.000    0.000    5.932 5.93e-06   0.0
      g_row_19__g_col_2__u_pe (pe_top_1_1_7)
                                          0.000 5.85e-02  281.249 5.88e-02   0.3
        u_status (r_status_7)             0.000 3.04e-03   14.368 3.05e-03   0.0
        u_sol (sol_acc_0_7)               0.000 2.41e-02  128.440 2.42e-02   0.1
        u_alu (r_alu_7)                   0.000 2.99e-03   38.271 3.03e-03   0.0
        u_dsm (r_dsm_1_7)                 0.000 4.49e-03   12.649 4.50e-03   0.0
        u_r_black (r_reg_14)              0.000 1.20e-02   31.652 1.20e-02   0.1
        u_r_red (r_reg_15)                0.000 1.20e-02   31.737 1.20e-02   0.1
        u_ctrl (r_state_ctrl_1_7)         0.000    0.000    5.932 5.93e-06   0.0
      g_row_19__g_col_1__u_pe (pe_top_1_1_8)
                                          0.000 5.85e-02  281.242 5.88e-02   0.3
        u_status (r_status_8)             0.000 3.04e-03   14.368 3.05e-03   0.0
        u_sol (sol_acc_0_8)               0.000 2.41e-02  127.835 2.42e-02   0.1
        u_alu (r_alu_8)                   0.000 2.99e-03   38.271 3.03e-03   0.0
        u_dsm (r_dsm_1_8)                 0.000 4.49e-03   12.649 4.50e-03   0.0
        u_r_black (r_reg_16)              0.000 1.20e-02   31.652 1.20e-02   0.1
        u_r_red (r_reg_17)                0.000 1.20e-02   31.737 1.20e-02   0.1
        u_ctrl (r_state_ctrl_1_8)         0.000    0.000    6.531 6.53e-06   0.0
      g_row_19__g_col_0__u_pe (pe_top_1_1_9)
                                          0.000 5.85e-02  281.249 5.88e-02   0.3
        u_status (r_status_9)             0.000 3.04e-03   14.368 3.05e-03   0.0
        u_sol (sol_acc_0_9)               0.000 2.41e-02  128.440 2.42e-02   0.1
        u_alu (r_alu_9)                   0.000 2.99e-03   38.271 3.03e-03   0.0
        u_dsm (r_dsm_1_9)                 0.000 4.49e-03   12.649 4.50e-03   0.0
        u_r_black (r_reg_18)              0.000 1.20e-02   31.652 1.20e-02   0.1
        u_r_red (r_reg_19)                0.000 1.20e-02   31.737 1.20e-02   0.1
        u_ctrl (r_state_ctrl_1_9)         0.000    0.000    5.932 5.93e-06   0.0
      g_row_18__g_col_9__u_pe (pe_top_0_1_0)
                                          0.000 5.85e-02  281.160 5.88e-02   0.3
        u_status (r_status_10)            0.000 3.04e-03   14.368 3.05e-03   0.0
        u_sol (sol_acc_1_0)               0.000 2.41e-02  127.835 2.42e-02   0.1
        u_alu (r_alu_10)                  0.000 2.99e-03   38.271 3.03e-03   0.0
        u_dsm (r_dsm_1_10)                0.000 4.49e-03   12.649 4.50e-03   0.0
        u_r_black (r_reg_20)              0.000 1.20e-02   31.652 1.20e-02   0.1
        u_r_red (r_reg_21)                0.000 1.20e-02   31.737 1.20e-02   0.1
        u_ctrl (r_state_ctrl_0_0)         0.000    0.000    6.531 6.53e-06   0.0
      g_row_18__g_col_8__u_pe (pe_top_0_1_1)
                                          0.000 5.85e-02  280.926 5.88e-02   0.3
        u_status (r_status_11)            0.000 3.04e-03   14.368 3.05e-03   0.0
        u_sol (sol_acc_1_1)               0.000 2.41e-02  128.440 2.42e-02   0.1
        u_alu (r_alu_11)                  0.000 2.99e-03   38.271 3.03e-03   0.0
        u_dsm (r_dsm_1_11)                0.000 4.49e-03   12.649 4.50e-03   0.0
        u_r_black (r_reg_22)              0.000 1.20e-02   31.652 1.20e-02   0.1
        u_r_red (r_reg_23)                0.000 1.20e-02   31.737 1.20e-02   0.1
        u_ctrl (r_state_ctrl_0_1)         0.000    0.000    5.691 5.69e-06   0.0
      g_row_18__g_col_7__u_pe (pe_top_0_1_2)
                                          0.000 5.85e-02  281.160 5.88e-02   0.3
        u_status (r_status_12)            0.000 3.04e-03   14.368 3.05e-03   0.0
        u_sol (sol_acc_1_2)               0.000 2.41e-02  127.835 2.42e-02   0.1
        u_alu (r_alu_12)                  0.000 2.99e-03   38.271 3.03e-03   0.0
        u_dsm (r_dsm_1_12)                0.000 4.49e-03   12.649 4.50e-03   0.0
        u_r_black (r_reg_24)              0.000 1.20e-02   31.652 1.20e-02   0.1
        u_r_red (r_reg_25)                0.000 1.20e-02   31.737 1.20e-02   0.1
        u_ctrl (r_state_ctrl_0_2)         0.000    0.000    6.531 6.53e-06   0.0
      g_row_18__g_col_6__u_pe (pe_top_0_1_3)
                                          0.000 5.85e-02  281.178 5.88e-02   0.3
        u_status (r_status_13)            0.000 3.04e-03   14.368 3.05e-03   0.0
        u_sol (sol_acc_1_3)               0.000 2.41e-02  127.835 2.42e-02   0.1
        u_alu (r_alu_13)                  0.000 2.99e-03   38.271 3.03e-03   0.0
        u_dsm (r_dsm_1_13)                0.000 4.49e-03   12.649 4.50e-03   0.0
        u_r_black (r_reg_26)              0.000 1.20e-02   31.652 1.20e-02   0.1
        u_r_red (r_reg_27)                0.000 1.20e-02   31.756 1.20e-02   0.1
        u_ctrl (r_state_ctrl_0_3)         0.000    0.000    6.531 6.53e-06   0.0
      g_row_18__g_col_5__u_pe (pe_top_0_1_4)
                                          0.000 5.85e-02  280.735 5.88e-02   0.3
        u_status (r_status_14)            0.000 3.04e-03   14.368 3.05e-03   0.0
        u_sol (sol_acc_1_4)               0.000 2.41e-02  128.440 2.42e-02   0.1
        u_alu (r_alu_14)                  0.000 2.99e-03   38.271 3.03e-03   0.0
        u_dsm (r_dsm_1_14)                0.000 4.49e-03   12.649 4.50e-03   0.0
        u_r_black (r_reg_28)              0.000 1.20e-02   31.652 1.20e-02   0.1
        u_r_red (r_reg_29)                0.000 1.20e-02   31.737 1.20e-02   0.1
        u_ctrl (r_state_ctrl_0_4)         0.000    0.000    5.691 5.69e-06   0.0
      g_row_18__g_col_4__u_pe (pe_top_0_1_5)
                                          0.000 5.85e-02  281.160 5.88e-02   0.3
        u_status (r_status_15)            0.000 3.04e-03   14.368 3.05e-03   0.0
        u_sol (sol_acc_1_5)               0.000 2.41e-02  127.835 2.42e-02   0.1
        u_alu (r_alu_15)                  0.000 2.99e-03   38.271 3.03e-03   0.0
        u_dsm (r_dsm_1_15)                0.000 4.49e-03   12.649 4.50e-03   0.0
        u_r_black (r_reg_30)              0.000 1.20e-02   31.652 1.20e-02   0.1
        u_r_red (r_reg_31)                0.000 1.20e-02   31.737 1.20e-02   0.1
        u_ctrl (r_state_ctrl_0_5)         0.000    0.000    6.531 6.53e-06   0.0
      g_row_18__g_col_3__u_pe (pe_top_0_1_6)
                                          0.000 5.85e-02  281.160 5.88e-02   0.3
        u_status (r_status_16)            0.000 3.04e-03   14.368 3.05e-03   0.0
        u_sol (sol_acc_1_6)               0.000 2.41e-02  127.835 2.42e-02   0.1
        u_alu (r_alu_16)                  0.000 2.99e-03   38.271 3.03e-03   0.0
        u_dsm (r_dsm_1_16)                0.000 4.49e-03   12.649 4.50e-03   0.0
        u_r_black (r_reg_32)              0.000 1.20e-02   31.652 1.20e-02   0.1
        u_r_red (r_reg_33)                0.000 1.20e-02   31.737 1.20e-02   0.1
        u_ctrl (r_state_ctrl_0_6)         0.000    0.000    6.531 6.53e-06   0.0
      g_row_18__g_col_2__u_pe (pe_top_0_1_7)
                                          0.000 5.85e-02  280.926 5.88e-02   0.3
        u_status (r_status_17)            0.000 3.04e-03   14.368 3.05e-03   0.0
        u_sol (sol_acc_1_7)               0.000 2.41e-02  128.440 2.42e-02   0.1
        u_alu (r_alu_17)                  0.000 2.99e-03   38.271 3.03e-03   0.0
        u_dsm (r_dsm_1_17)                0.000 4.49e-03   12.649 4.50e-03   0.0
        u_r_black (r_reg_34)              0.000 1.20e-02   31.652 1.20e-02   0.1
        u_r_red (r_reg_35)                0.000 1.20e-02   31.737 1.20e-02   0.1
        u_ctrl (r_state_ctrl_0_7)         0.000    0.000    5.691 5.69e-06   0.0
      g_row_18__g_col_1__u_pe (pe_top_0_1_8)
                                          0.000 5.85e-02  281.160 5.88e-02   0.3
        u_status (r_status_18)            0.000 3.04e-03   14.368 3.05e-03   0.0
        u_sol (sol_acc_1_8)               0.000 2.41e-02  127.835 2.42e-02   0.1
        u_alu (r_alu_18)                  0.000 2.99e-03   38.271 3.03e-03   0.0
        u_dsm (r_dsm_1_18)                0.000 4.49e-03   12.649 4.50e-03   0.0
        u_r_black (r_reg_36)              0.000 1.20e-02   31.652 1.20e-02   0.1
        u_r_red (r_reg_37)                0.000 1.20e-02   31.737 1.20e-02   0.1
        u_ctrl (r_state_ctrl_0_8)         0.000    0.000    6.531 6.53e-06   0.0
      g_row_18__g_col_0__u_pe (pe_top_0_1_9)
                                          0.000 5.85e-02  281.160 5.88e-02   0.3
        u_status (r_status_19)            0.000 3.04e-03   14.368 3.05e-03   0.0
        u_sol (sol_acc_1_9)               0.000 2.41e-02  127.835 2.42e-02   0.1
        u_alu (r_alu_19)                  0.000 2.99e-03   38.271 3.03e-03   0.0
        u_dsm (r_dsm_1_19)                0.000 4.49e-03   12.649 4.50e-03   0.0
        u_r_black (r_reg_38)              0.000 1.20e-02   31.652 1.20e-02   0.1
        u_r_red (r_reg_39)                0.000 1.20e-02   31.737 1.20e-02   0.1
        u_ctrl (r_state_ctrl_0_9)         0.000    0.000    6.531 6.53e-06   0.0
      g_row_17__g_col_9__u_pe (pe_top_1_1_10)
                                          0.000 5.85e-02  281.249 5.88e-02   0.3
        u_status (r_status_20)            0.000 3.04e-03   14.368 3.05e-03   0.0
        u_sol (sol_acc_0_10)              0.000 2.41e-02  128.440 2.42e-02   0.1
        u_alu (r_alu_20)                  0.000 2.99e-03   38.271 3.03e-03   0.0
        u_dsm (r_dsm_1_20)                0.000 4.49e-03   12.649 4.50e-03   0.0
        u_r_black (r_reg_40)              0.000 1.20e-02   31.652 1.20e-02   0.1
        u_r_red (r_reg_41)                0.000 1.20e-02   31.737 1.20e-02   0.1
        u_ctrl (r_state_ctrl_1_10)        0.000    0.000    5.932 5.93e-06   0.0
      g_row_17__g_col_8__u_pe (pe_top_1_1_11)
                                          0.000 5.85e-02  281.242 5.88e-02   0.3
        u_status (r_status_21)            0.000 3.04e-03   14.368 3.05e-03   0.0
        u_sol (sol_acc_0_11)              0.000 2.41e-02  127.835 2.42e-02   0.1
        u_alu (r_alu_21)                  0.000 2.99e-03   38.271 3.03e-03   0.0
        u_dsm (r_dsm_1_21)                0.000 4.49e-03   12.649 4.50e-03   0.0
        u_r_black (r_reg_42)              0.000 1.20e-02   31.652 1.20e-02   0.1
        u_r_red (r_reg_43)                0.000 1.20e-02   31.737 1.20e-02   0.1
        u_ctrl (r_state_ctrl_1_11)        0.000    0.000    6.531 6.53e-06   0.0
      g_row_17__g_col_7__u_pe (pe_top_1_1_12)
                                          0.000 5.85e-02  281.249 5.88e-02   0.3
        u_status (r_status_22)            0.000 3.04e-03   14.368 3.05e-03   0.0
        u_sol (sol_acc_0_12)              0.000 2.41e-02  128.440 2.42e-02   0.1
        u_alu (r_alu_22)                  0.000 2.99e-03   38.271 3.03e-03   0.0
        u_dsm (r_dsm_1_22)                0.000 4.49e-03   12.649 4.50e-03   0.0
        u_r_black (r_reg_44)              0.000 1.20e-02   31.652 1.20e-02   0.1
        u_r_red (r_reg_45)                0.000 1.20e-02   31.737 1.20e-02   0.1
        u_ctrl (r_state_ctrl_1_12)        0.000    0.000    5.932 5.93e-06   0.0
      g_row_17__g_col_6__u_pe (pe_top_1_1_13)
                                          0.000 5.85e-02  281.257 5.88e-02   0.3
        u_status (r_status_23)            0.000 3.04e-03   14.368 3.05e-03   0.0
        u_sol (sol_acc_0_13)              0.000 2.41e-02  128.440 2.42e-02   0.1
        u_alu (r_alu_23)                  0.000 2.99e-03   38.271 3.03e-03   0.0
        u_dsm (r_dsm_1_23)                0.000 4.49e-03   12.649 4.50e-03   0.0
        u_r_black (r_reg_46)              0.000 1.20e-02   31.659 1.20e-02   0.1
        u_r_red (r_reg_47)                0.000 1.20e-02   31.737 1.20e-02   0.1
        u_ctrl (r_state_ctrl_1_13)        0.000    0.000    5.932 5.93e-06   0.0
      g_row_17__g_col_5__u_pe (pe_top_1_1_14)
                                          0.000 5.85e-02  281.052 5.88e-02   0.3
        u_status (r_status_24)            0.000 3.04e-03   14.368 3.05e-03   0.0
        u_sol (sol_acc_0_14)              0.000 2.41e-02  127.835 2.42e-02   0.1
        u_alu (r_alu_24)                  0.000 2.99e-03   38.271 3.03e-03   0.0
        u_dsm (r_dsm_1_24)                0.000 4.49e-03   12.649 4.50e-03   0.0
        u_r_black (r_reg_48)              0.000 1.20e-02   31.652 1.20e-02   0.1
        u_r_red (r_reg_49)                0.000 1.20e-02   31.737 1.20e-02   0.1
        u_ctrl (r_state_ctrl_1_14)        0.000    0.000    6.531 6.53e-06   0.0
      g_row_17__g_col_4__u_pe (pe_top_1_1_15)
                                          0.000 5.85e-02  281.249 5.88e-02   0.3
        u_status (r_status_25)            0.000 3.04e-03   14.368 3.05e-03   0.0
        u_sol (sol_acc_0_15)              0.000 2.41e-02  128.440 2.42e-02   0.1
        u_alu (r_alu_25)                  0.000 2.99e-03   38.271 3.03e-03   0.0
        u_dsm (r_dsm_1_25)                0.000 4.49e-03   12.649 4.50e-03   0.0
        u_r_black (r_reg_50)              0.000 1.20e-02   31.652 1.20e-02   0.1
        u_r_red (r_reg_51)                0.000 1.20e-02   31.737 1.20e-02   0.1
        u_ctrl (r_state_ctrl_1_15)        0.000    0.000    5.932 5.93e-06   0.0
      g_row_17__g_col_3__u_pe (pe_top_1_1_16)
                                          0.000 5.85e-02  281.249 5.88e-02   0.3
        u_status (r_status_26)            0.000 3.04e-03   14.368 3.05e-03   0.0
        u_sol (sol_acc_0_16)              0.000 2.41e-02  128.440 2.42e-02   0.1
        u_alu (r_alu_26)                  0.000 2.99e-03   38.271 3.03e-03   0.0
        u_dsm (r_dsm_1_26)                0.000 4.49e-03   12.649 4.50e-03   0.0
        u_r_black (r_reg_52)              0.000 1.20e-02   31.652 1.20e-02   0.1
        u_r_red (r_reg_53)                0.000 1.20e-02   31.737 1.20e-02   0.1
        u_ctrl (r_state_ctrl_1_16)        0.000    0.000    5.932 5.93e-06   0.0
      g_row_17__g_col_2__u_pe (pe_top_1_1_17)
                                          0.000 5.85e-02  281.242 5.88e-02   0.3
        u_status (r_status_27)            0.000 3.04e-03   14.368 3.05e-03   0.0
        u_sol (sol_acc_0_17)              0.000 2.41e-02  127.835 2.42e-02   0.1
        u_alu (r_alu_27)                  0.000 2.99e-03   38.271 3.03e-03   0.0
        u_dsm (r_dsm_1_27)                0.000 4.49e-03   12.649 4.50e-03   0.0
        u_r_black (r_reg_54)              0.000 1.20e-02   31.652 1.20e-02   0.1
        u_r_red (r_reg_55)                0.000 1.20e-02   31.737 1.20e-02   0.1
        u_ctrl (r_state_ctrl_1_17)        0.000    0.000    6.531 6.53e-06   0.0
      g_row_17__g_col_1__u_pe (pe_top_1_1_18)
                                          0.000 5.85e-02  281.249 5.88e-02   0.3
        u_status (r_status_28)            0.000 3.04e-03   14.368 3.05e-03   0.0
        u_sol (sol_acc_0_18)              0.000 2.41e-02  128.440 2.42e-02   0.1
        u_alu (r_alu_28)                  0.000 2.99e-03   38.271 3.03e-03   0.0
        u_dsm (r_dsm_1_28)                0.000 4.49e-03   12.649 4.50e-03   0.0
        u_r_black (r_reg_56)              0.000 1.20e-02   31.652 1.20e-02   0.1
        u_r_red (r_reg_57)                0.000 1.20e-02   31.737 1.20e-02   0.1
        u_ctrl (r_state_ctrl_1_18)        0.000    0.000    5.932 5.93e-06   0.0
      g_row_17__g_col_0__u_pe (pe_top_1_1_19)
                                          0.000 5.85e-02  280.960 5.88e-02   0.3
        u_status (r_status_29)            0.000 3.04e-03   14.368 3.05e-03   0.0
        u_sol (sol_acc_0_19)              0.000 2.41e-02  128.440 2.42e-02   0.1
        u_alu (r_alu_29)                  0.000 2.99e-03   38.271 3.03e-03   0.0
        u_dsm (r_dsm_1_29)                0.000 4.49e-03   12.649 4.50e-03   0.0
        u_r_black (r_reg_58)              0.000 1.20e-02   31.363 1.20e-02   0.1
        u_r_red (r_reg_59)                0.000 1.20e-02   31.737 1.20e-02   0.1
        u_ctrl (r_state_ctrl_1_19)        0.000    0.000    5.932 5.93e-06   0.0
      g_row_16__g_col_9__u_pe (pe_top_0_1_10)
                                          0.000 5.85e-02  280.926 5.88e-02   0.3
        u_status (r_status_30)            0.000 3.04e-03   14.368 3.05e-03   0.0
        u_sol (sol_acc_1_10)              0.000 2.41e-02  128.440 2.42e-02   0.1
        u_alu (r_alu_30)                  0.000 2.99e-03   38.271 3.03e-03   0.0
        u_dsm (r_dsm_1_30)                0.000 4.49e-03   12.649 4.50e-03   0.0
        u_r_black (r_reg_60)              0.000 1.20e-02   31.652 1.20e-02   0.1
        u_r_red (r_reg_61)                0.000 1.20e-02   31.737 1.20e-02   0.1
        u_ctrl (r_state_ctrl_0_10)        0.000    0.000    5.691 5.69e-06   0.0
      g_row_16__g_col_8__u_pe (pe_top_0_1_11)
                                          0.000 5.85e-02  281.160 5.88e-02   0.3
        u_status (r_status_31)            0.000 3.04e-03   14.368 3.05e-03   0.0
        u_sol (sol_acc_1_11)              0.000 2.41e-02  127.835 2.42e-02   0.1
        u_alu (r_alu_31)                  0.000 2.99e-03   38.271 3.03e-03   0.0
        u_dsm (r_dsm_1_31)                0.000 4.49e-03   12.649 4.50e-03   0.0
        u_r_black (r_reg_62)              0.000 1.20e-02   31.652 1.20e-02   0.1
        u_r_red (r_reg_63)                0.000 1.20e-02   31.737 1.20e-02   0.1
        u_ctrl (r_state_ctrl_0_11)        0.000    0.000    6.531 6.53e-06   0.0
      g_row_16__g_col_7__u_pe (pe_top_0_1_12)
                                          0.000 5.85e-02  281.160 5.88e-02   0.3
        u_status (r_status_32)            0.000 3.04e-03   14.368 3.05e-03   0.0
        u_sol (sol_acc_1_12)              0.000 2.41e-02  127.835 2.42e-02   0.1
        u_alu (r_alu_32)                  0.000 2.99e-03   38.271 3.03e-03   0.0
        u_dsm (r_dsm_1_32)                0.000 4.49e-03   12.649 4.50e-03   0.0
        u_r_black (r_reg_64)              0.000 1.20e-02   31.652 1.20e-02   0.1
        u_r_red (r_reg_65)                0.000 1.20e-02   31.737 1.20e-02   0.1
        u_ctrl (r_state_ctrl_0_12)        0.000    0.000    6.531 6.53e-06   0.0
      g_row_16__g_col_6__u_pe (pe_top_0_1_13)
                                          0.000 5.85e-02  280.926 5.88e-02   0.3
        u_status (r_status_33)            0.000 3.04e-03   14.368 3.05e-03   0.0
        u_sol (sol_acc_1_13)              0.000 2.41e-02  128.440 2.42e-02   0.1
        u_alu (r_alu_33)                  0.000 2.99e-03   38.271 3.03e-03   0.0
        u_dsm (r_dsm_1_33)                0.000 4.49e-03   12.649 4.50e-03   0.0
        u_r_black (r_reg_66)              0.000 1.20e-02   31.652 1.20e-02   0.1
        u_r_red (r_reg_67)                0.000 1.20e-02   31.737 1.20e-02   0.1
        u_ctrl (r_state_ctrl_0_13)        0.000    0.000    5.691 5.69e-06   0.0
      g_row_16__g_col_5__u_pe (pe_top_0_1_14)
                                          0.000 5.85e-02  281.160 5.88e-02   0.3
        u_status (r_status_34)            0.000 3.04e-03   14.368 3.05e-03   0.0
        u_sol (sol_acc_1_14)              0.000 2.41e-02  127.835 2.42e-02   0.1
        u_alu (r_alu_34)                  0.000 2.99e-03   38.271 3.03e-03   0.0
        u_dsm (r_dsm_1_34)                0.000 4.49e-03   12.649 4.50e-03   0.0
        u_r_black (r_reg_68)              0.000 1.20e-02   31.652 1.20e-02   0.1
        u_r_red (r_reg_69)                0.000 1.20e-02   31.737 1.20e-02   0.1
        u_ctrl (r_state_ctrl_0_14)        0.000    0.000    6.531 6.53e-06   0.0
      g_row_16__g_col_4__u_pe (pe_top_0_1_15)
                                          0.000 5.85e-02  281.160 5.88e-02   0.3
        u_status (r_status_35)            0.000 3.04e-03   14.368 3.05e-03   0.0
        u_sol (sol_acc_1_15)              0.000 2.41e-02  127.835 2.42e-02   0.1
        u_alu (r_alu_35)                  0.000 2.99e-03   38.271 3.03e-03   0.0
        u_dsm (r_dsm_1_35)                0.000 4.49e-03   12.649 4.50e-03   0.0
        u_r_black (r_reg_70)              0.000 1.20e-02   31.652 1.20e-02   0.1
        u_r_red (r_reg_71)                0.000 1.20e-02   31.737 1.20e-02   0.1
        u_ctrl (r_state_ctrl_0_15)        0.000    0.000    6.531 6.53e-06   0.0
      g_row_16__g_col_3__u_pe (pe_top_0_1_16)
                                          0.000 5.85e-02  280.735 5.88e-02   0.3
        u_status (r_status_36)            0.000 3.04e-03   14.368 3.05e-03   0.0
        u_sol (sol_acc_1_16)              0.000 2.41e-02  128.440 2.42e-02   0.1
        u_alu (r_alu_36)                  0.000 2.99e-03   38.271 3.03e-03   0.0
        u_dsm (r_dsm_1_36)                0.000 4.49e-03   12.649 4.50e-03   0.0
        u_r_black (r_reg_72)              0.000 1.20e-02   31.652 1.20e-02   0.1
        u_r_red (r_reg_73)                0.000 1.20e-02   31.737 1.20e-02   0.1
        u_ctrl (r_state_ctrl_0_16)        0.000    0.000    5.691 5.69e-06   0.0
      g_row_16__g_col_2__u_pe (pe_top_0_1_17)
                                          0.000 5.85e-02  281.449 5.88e-02   0.3
        u_status (r_status_37)            0.000 3.04e-03   14.368 3.05e-03   0.0
        u_sol (sol_acc_1_17)              0.000 2.41e-02  128.440 2.42e-02   0.1
        u_alu (r_alu_37)                  0.000 2.99e-03   38.271 3.03e-03   0.0
        u_dsm (r_dsm_1_37)                0.000 4.49e-03   12.649 4.50e-03   0.0
        u_r_black (r_reg_74)              0.000 1.20e-02   31.652 1.20e-02   0.1
        u_r_red (r_reg_75)                0.000 1.20e-02   31.737 1.20e-02   0.1
        u_ctrl (r_state_ctrl_0_17)        0.000    0.000    6.214 6.21e-06   0.0
      g_row_16__g_col_1__u_pe (pe_top_0_1_18)
                                          0.000 5.85e-02  281.215 5.88e-02   0.3
        u_status (r_status_38)            0.000 3.04e-03   14.368 3.05e-03   0.0
        u_sol (sol_acc_1_18)              0.000 2.41e-02  129.046 2.42e-02   0.1
        u_alu (r_alu_38)                  0.000 2.99e-03   38.271 3.03e-03   0.0
        u_dsm (r_dsm_1_38)                0.000 4.49e-03   12.649 4.50e-03   0.0
        u_r_black (r_reg_76)              0.000 1.20e-02   31.652 1.20e-02   0.1
        u_r_red (r_reg_77)                0.000 1.20e-02   31.737 1.20e-02   0.1
        u_ctrl (r_state_ctrl_0_18)        0.000    0.000    5.374 5.37e-06   0.0
      g_row_16__g_col_0__u_pe (pe_top_0_1_19)
                                          0.000 5.85e-02  281.215 5.88e-02   0.3
        u_status (r_status_39)            0.000 3.04e-03   14.368 3.05e-03   0.0
        u_sol (sol_acc_1_19)              0.000 2.41e-02  129.046 2.42e-02   0.1
        u_alu (r_alu_39)                  0.000 2.99e-03   38.271 3.03e-03   0.0
        u_dsm (r_dsm_1_39)                0.000 4.49e-03   12.649 4.50e-03   0.0
        u_r_black (r_reg_78)              0.000 1.20e-02   31.652 1.20e-02   0.1
        u_r_red (r_reg_79)                0.000 1.20e-02   31.737 1.20e-02   0.1
        u_ctrl (r_state_ctrl_0_19)        0.000    0.000    5.374 5.37e-06   0.0
      g_row_15__g_col_9__u_pe (pe_top_1_1_20)
                                          0.000 5.85e-02  281.251 5.88e-02   0.3
        u_status (r_status_40)            0.000 3.04e-03   14.368 3.05e-03   0.0
        u_sol (sol_acc_0_20)              0.000 2.41e-02  127.835 2.42e-02   0.1
        u_alu (r_alu_40)                  0.000 2.99e-03   38.271 3.03e-03   0.0
        u_dsm (r_dsm_1_40)                0.000 4.49e-03   12.649 4.50e-03   0.0
        u_r_black (r_reg_80)              0.000 1.20e-02   31.652 1.20e-02   0.1
        u_r_red (r_reg_81)                0.000 1.20e-02   31.746 1.20e-02   0.1
        u_ctrl (r_state_ctrl_1_20)        0.000    0.000    6.531 6.53e-06   0.0
      g_row_15__g_col_8__u_pe (pe_top_1_1_21)
                                          0.000 5.85e-02  281.249 5.88e-02   0.3
        u_status (r_status_41)            0.000 3.04e-03   14.368 3.05e-03   0.0
        u_sol (sol_acc_0_21)              0.000 2.41e-02  128.440 2.42e-02   0.1
        u_alu (r_alu_41)                  0.000 2.99e-03   38.271 3.03e-03   0.0
        u_dsm (r_dsm_1_41)                0.000 4.49e-03   12.649 4.50e-03   0.0
        u_r_black (r_reg_82)              0.000 1.20e-02   31.652 1.20e-02   0.1
        u_r_red (r_reg_83)                0.000 1.20e-02   31.737 1.20e-02   0.1
        u_ctrl (r_state_ctrl_1_21)        0.000    0.000    5.932 5.93e-06   0.0
      g_row_15__g_col_7__u_pe (pe_top_1_1_22)
                                          0.000 5.85e-02  281.249 5.88e-02   0.3
        u_status (r_status_42)            0.000 3.04e-03   14.368 3.05e-03   0.0
        u_sol (sol_acc_0_22)              0.000 2.41e-02  128.440 2.42e-02   0.1
        u_alu (r_alu_42)                  0.000 2.99e-03   38.271 3.03e-03   0.0
        u_dsm (r_dsm_1_42)                0.000 4.49e-03   12.649 4.50e-03   0.0
        u_r_black (r_reg_84)              0.000 1.20e-02   31.652 1.20e-02   0.1
        u_r_red (r_reg_85)                0.000 1.20e-02   31.737 1.20e-02   0.1
        u_ctrl (r_state_ctrl_1_22)        0.000    0.000    5.932 5.93e-06   0.0
      g_row_15__g_col_6__u_pe (pe_top_1_1_23)
                                          0.000 5.85e-02  281.242 5.88e-02   0.3
        u_status (r_status_43)            0.000 3.04e-03   14.368 3.05e-03   0.0
        u_sol (sol_acc_0_23)              0.000 2.41e-02  127.835 2.42e-02   0.1
        u_alu (r_alu_43)                  0.000 2.99e-03   38.271 3.03e-03   0.0
        u_dsm (r_dsm_1_43)                0.000 4.49e-03   12.649 4.50e-03   0.0
        u_r_black (r_reg_86)              0.000 1.20e-02   31.652 1.20e-02   0.1
        u_r_red (r_reg_87)                0.000 1.20e-02   31.737 1.20e-02   0.1
        u_ctrl (r_state_ctrl_1_23)        0.000    0.000    6.531 6.53e-06   0.0
      g_row_15__g_col_5__u_pe (pe_top_1_1_24)
                                          0.000 5.85e-02  281.258 5.88e-02   0.3
        u_status (r_status_44)            0.000 3.04e-03   14.368 3.05e-03   0.0
        u_sol (sol_acc_0_24)              0.000 2.41e-02  128.440 2.42e-02   0.1
        u_alu (r_alu_44)                  0.000 2.99e-03   38.271 3.03e-03   0.0
        u_dsm (r_dsm_1_44)                0.000 4.49e-03   12.649 4.50e-03   0.0
        u_r_black (r_reg_88)              0.000 1.20e-02   31.652 1.20e-02   0.1
        u_r_red (r_reg_89)                0.000 1.20e-02   31.746 1.20e-02   0.1
        u_ctrl (r_state_ctrl_1_24)        0.000    0.000    5.932 5.93e-06   0.0
      g_row_15__g_col_4__u_pe (pe_top_1_1_25)
                                          0.000 5.85e-02  281.249 5.88e-02   0.3
        u_status (r_status_45)            0.000 3.04e-03   14.368 3.05e-03   0.0
        u_sol (sol_acc_0_25)              0.000 2.41e-02  128.440 2.42e-02   0.1
        u_alu (r_alu_45)                  0.000 2.99e-03   38.271 3.03e-03   0.0
        u_dsm (r_dsm_1_45)                0.000 4.49e-03   12.649 4.50e-03   0.0
        u_r_black (r_reg_90)              0.000 1.20e-02   31.652 1.20e-02   0.1
        u_r_red (r_reg_91)                0.000 1.20e-02   31.737 1.20e-02   0.1
        u_ctrl (r_state_ctrl_1_25)        0.000    0.000    5.932 5.93e-06   0.0
      g_row_15__g_col_3__u_pe (pe_top_1_1_26)
                                          0.000 5.85e-02  281.052 5.88e-02   0.3
        u_status (r_status_46)            0.000 3.04e-03   14.368 3.05e-03   0.0
        u_sol (sol_acc_0_26)              0.000 2.41e-02  127.835 2.42e-02   0.1
        u_alu (r_alu_46)                  0.000 2.99e-03   38.271 3.03e-03   0.0
        u_dsm (r_dsm_1_46)                0.000 4.49e-03   12.649 4.50e-03   0.0
        u_r_black (r_reg_92)              0.000 1.20e-02   31.652 1.20e-02   0.1
        u_r_red (r_reg_93)                0.000 1.20e-02   31.737 1.20e-02   0.1
        u_ctrl (r_state_ctrl_1_26)        0.000    0.000    6.531 6.53e-06   0.0
      g_row_15__g_col_2__u_pe (pe_top_1_1_27)
                                          0.000 5.85e-02  281.249 5.88e-02   0.3
        u_status (r_status_47)            0.000 3.04e-03   14.368 3.05e-03   0.0
        u_sol (sol_acc_0_27)              0.000 2.41e-02  128.440 2.42e-02   0.1
        u_alu (r_alu_47)                  0.000 2.99e-03   38.271 3.03e-03   0.0
        u_dsm (r_dsm_1_47)                0.000 4.49e-03   12.649 4.50e-03   0.0
        u_r_black (r_reg_94)              0.000 1.20e-02   31.652 1.20e-02   0.1
        u_r_red (r_reg_95)                0.000 1.20e-02   31.737 1.20e-02   0.1
        u_ctrl (r_state_ctrl_1_27)        0.000    0.000    5.932 5.93e-06   0.0
      g_row_15__g_col_1__u_pe (pe_top_1_1_28)
                                          0.000 5.85e-02  281.249 5.88e-02   0.3
        u_status (r_status_48)            0.000 3.04e-03   14.368 3.05e-03   0.0
        u_sol (sol_acc_0_28)              0.000 2.41e-02  128.440 2.42e-02   0.1
        u_alu (r_alu_48)                  0.000 2.99e-03   38.271 3.03e-03   0.0
        u_dsm (r_dsm_1_48)                0.000 4.49e-03   12.649 4.50e-03   0.0
        u_r_black (r_reg_96)              0.000 1.20e-02   31.652 1.20e-02   0.1
        u_r_red (r_reg_97)                0.000 1.20e-02   31.737 1.20e-02   0.1
        u_ctrl (r_state_ctrl_1_28)        0.000    0.000    5.932 5.93e-06   0.0
      g_row_15__g_col_0__u_pe (pe_top_1_1_29)
                                          0.000 5.85e-02  281.242 5.88e-02   0.3
        u_status (r_status_49)            0.000 3.04e-03   14.368 3.05e-03   0.0
        u_sol (sol_acc_0_29)              0.000 2.41e-02  127.835 2.42e-02   0.1
        u_alu (r_alu_49)                  0.000 2.99e-03   38.271 3.03e-03   0.0
        u_dsm (r_dsm_1_49)                0.000 4.49e-03   12.649 4.50e-03   0.0
        u_r_black (r_reg_98)              0.000 1.20e-02   31.652 1.20e-02   0.1
        u_r_red (r_reg_99)                0.000 1.20e-02   31.737 1.20e-02   0.1
        u_ctrl (r_state_ctrl_1_29)        0.000    0.000    6.531 6.53e-06   0.0
      g_row_14__g_col_9__u_pe (pe_top_0_1_20)
                                          0.000 5.85e-02  281.160 5.88e-02   0.3
        u_status (r_status_50)            0.000 3.04e-03   14.368 3.05e-03   0.0
        u_sol (sol_acc_1_20)              0.000 2.41e-02  127.835 2.42e-02   0.1
        u_alu (r_alu_50)                  0.000 2.99e-03   38.271 3.03e-03   0.0
        u_dsm (r_dsm_1_50)                0.000 4.49e-03   12.649 4.50e-03   0.0
        u_r_black (r_reg_100)             0.000 1.20e-02   31.652 1.20e-02   0.1
        u_r_red (r_reg_101)               0.000 1.20e-02   31.737 1.20e-02   0.1
        u_ctrl (r_state_ctrl_0_20)        0.000    0.000    6.531 6.53e-06   0.0
      g_row_14__g_col_8__u_pe (pe_top_0_1_21)
                                          0.000 5.85e-02  281.160 5.88e-02   0.3
        u_status (r_status_51)            0.000 3.04e-03   14.368 3.05e-03   0.0
        u_sol (sol_acc_1_21)              0.000 2.41e-02  127.835 2.42e-02   0.1
        u_alu (r_alu_51)                  0.000 2.99e-03   38.271 3.03e-03   0.0
        u_dsm (r_dsm_1_51)                0.000 4.49e-03   12.649 4.50e-03   0.0
        u_r_black (r_reg_102)             0.000 1.20e-02   31.652 1.20e-02   0.1
        u_r_red (r_reg_103)               0.000 1.20e-02   31.737 1.20e-02   0.1
        u_ctrl (r_state_ctrl_0_21)        0.000    0.000    6.531 6.53e-06   0.0
      g_row_14__g_col_7__u_pe (pe_top_0_1_22)
                                          0.000 5.85e-02  280.926 5.88e-02   0.3
        u_status (r_status_52)            0.000 3.04e-03   14.368 3.05e-03   0.0
        u_sol (sol_acc_1_22)              0.000 2.41e-02  128.440 2.42e-02   0.1
        u_alu (r_alu_52)                  0.000 2.99e-03   38.271 3.03e-03   0.0
        u_dsm (r_dsm_1_52)                0.000 4.49e-03   12.649 4.50e-03   0.0
        u_r_black (r_reg_104)             0.000 1.20e-02   31.652 1.20e-02   0.1
        u_r_red (r_reg_105)               0.000 1.20e-02   31.737 1.20e-02   0.1
        u_ctrl (r_state_ctrl_0_22)        0.000    0.000    5.691 5.69e-06   0.0
      g_row_14__g_col_6__u_pe (pe_top_0_1_23)
                                          0.000 5.85e-02  280.871 5.88e-02   0.3
        u_status (r_status_53)            0.000 3.04e-03   14.368 3.05e-03   0.0
        u_sol (sol_acc_1_23)              0.000 2.41e-02  127.835 2.42e-02   0.1
        u_alu (r_alu_53)                  0.000 2.99e-03   38.271 3.03e-03   0.0
        u_dsm (r_dsm_1_53)                0.000 4.49e-03   12.649 4.50e-03   0.0
        u_r_black (r_reg_106)             0.000 1.20e-02   31.363 1.20e-02   0.1
        u_r_red (r_reg_107)               0.000 1.20e-02   31.737 1.20e-02   0.1
        u_ctrl (r_state_ctrl_0_23)        0.000    0.000    6.531 6.53e-06   0.0
      g_row_14__g_col_5__u_pe (pe_top_0_1_24)
                                          0.000 5.85e-02  280.871 5.88e-02   0.3
        u_status (r_status_54)            0.000 3.04e-03   14.368 3.05e-03   0.0
        u_sol (sol_acc_1_24)              0.000 2.41e-02  127.835 2.42e-02   0.1
        u_alu (r_alu_54)                  0.000 2.99e-03   38.271 3.03e-03   0.0
        u_dsm (r_dsm_1_54)                0.000 4.49e-03   12.649 4.50e-03   0.0
        u_r_black (r_reg_108)             0.000 1.20e-02   31.363 1.20e-02   0.1
        u_r_red (r_reg_109)               0.000 1.20e-02   31.737 1.20e-02   0.1
        u_ctrl (r_state_ctrl_0_24)        0.000    0.000    6.531 6.53e-06   0.0
      g_row_14__g_col_4__u_pe (pe_top_0_1_25)
                                          0.000 5.85e-02  280.657 5.88e-02   0.3
        u_status (r_status_55)            0.000 3.04e-03   14.368 3.05e-03   0.0
        u_sol (sol_acc_1_25)              0.000 2.41e-02  128.440 2.42e-02   0.1
        u_alu (r_alu_55)                  0.000 2.99e-03   38.271 3.03e-03   0.0
        u_dsm (r_dsm_1_55)                0.000 4.49e-03   12.649 4.50e-03   0.0
        u_r_black (r_reg_110)             0.000 1.20e-02   31.383 1.20e-02   0.1
        u_r_red (r_reg_111)               0.000 1.20e-02   31.737 1.20e-02   0.1
        u_ctrl (r_state_ctrl_0_25)        0.000    0.000    5.691 5.69e-06   0.0
      g_row_14__g_col_3__u_pe (pe_top_0_1_26)
                                          0.000 5.85e-02  280.871 5.88e-02   0.3
        u_status (r_status_56)            0.000 3.04e-03   14.368 3.05e-03   0.0
        u_sol (sol_acc_1_26)              0.000 2.41e-02  127.835 2.42e-02   0.1
        u_alu (r_alu_56)                  0.000 2.99e-03   38.271 3.03e-03   0.0
        u_dsm (r_dsm_1_56)                0.000 4.49e-03   12.649 4.50e-03   0.0
        u_r_black (r_reg_112)             0.000 1.20e-02   31.363 1.20e-02   0.1
        u_r_red (r_reg_113)               0.000 1.20e-02   31.737 1.20e-02   0.1
        u_ctrl (r_state_ctrl_0_26)        0.000    0.000    6.531 6.53e-06   0.0
      g_row_14__g_col_2__u_pe (pe_top_0_1_27)
                                          0.000 5.85e-02  280.871 5.88e-02   0.3
        u_status (r_status_57)            0.000 3.04e-03   14.368 3.05e-03   0.0
        u_sol (sol_acc_1_27)              0.000 2.41e-02  127.835 2.42e-02   0.1
        u_alu (r_alu_57)                  0.000 2.99e-03   38.271 3.03e-03   0.0
        u_dsm (r_dsm_1_57)                0.000 4.49e-03   12.649 4.50e-03   0.0
        u_r_black (r_reg_114)             0.000 1.20e-02   31.363 1.20e-02   0.1
        u_r_red (r_reg_115)               0.000 1.20e-02   31.737 1.20e-02   0.1
        u_ctrl (r_state_ctrl_0_27)        0.000    0.000    6.531 6.53e-06   0.0
      g_row_14__g_col_1__u_pe (pe_top_0_1_28)
                                          0.000 5.85e-02  280.446 5.88e-02   0.3
        u_status (r_status_58)            0.000 3.04e-03   14.368 3.05e-03   0.0
        u_sol (sol_acc_1_28)              0.000 2.41e-02  128.440 2.42e-02   0.1
        u_alu (r_alu_58)                  0.000 2.99e-03   38.271 3.03e-03   0.0
        u_dsm (r_dsm_1_58)                0.000 4.49e-03   12.649 4.50e-03   0.0
        u_r_black (r_reg_116)             0.000 1.20e-02   31.363 1.20e-02   0.1
        u_r_red (r_reg_117)               0.000 1.20e-02   31.737 1.20e-02   0.1
        u_ctrl (r_state_ctrl_0_28)        0.000    0.000    5.691 5.69e-06   0.0
      g_row_14__g_col_0__u_pe (pe_top_0_1_29)
                                          0.000 5.85e-02  280.871 5.88e-02   0.3
        u_status (r_status_59)            0.000 3.04e-03   14.368 3.05e-03   0.0
        u_sol (sol_acc_1_29)              0.000 2.41e-02  127.835 2.42e-02   0.1
        u_alu (r_alu_59)                  0.000 2.99e-03   38.271 3.03e-03   0.0
        u_dsm (r_dsm_1_59)                0.000 4.49e-03   12.649 4.50e-03   0.0
        u_r_black (r_reg_118)             0.000 1.20e-02   31.363 1.20e-02   0.1
        u_r_red (r_reg_119)               0.000 1.20e-02   31.737 1.20e-02   0.1
        u_ctrl (r_state_ctrl_0_29)        0.000    0.000    6.531 6.53e-06   0.0
      g_row_13__g_col_9__u_pe (pe_top_1_1_30)
                                          0.000 5.85e-02  281.249 5.88e-02   0.3
        u_status (r_status_60)            0.000 3.04e-03   14.368 3.05e-03   0.0
        u_sol (sol_acc_0_30)              0.000 2.41e-02  128.440 2.42e-02   0.1
        u_alu (r_alu_60)                  0.000 2.99e-03   38.271 3.03e-03   0.0
        u_dsm (r_dsm_1_60)                0.000 4.49e-03   12.649 4.50e-03   0.0
        u_r_black (r_reg_120)             0.000 1.20e-02   31.652 1.20e-02   0.1
        u_r_red (r_reg_121)               0.000 1.20e-02   31.737 1.20e-02   0.1
        u_ctrl (r_state_ctrl_1_30)        0.000    0.000    5.932 5.93e-06   0.0
      g_row_13__g_col_8__u_pe (pe_top_1_1_31)
                                          0.000 5.85e-02  281.263 5.88e-02   0.3
        u_status (r_status_61)            0.000 3.04e-03   14.368 3.05e-03   0.0
        u_sol (sol_acc_0_31)              0.000 2.41e-02  128.440 2.42e-02   0.1
        u_alu (r_alu_61)                  0.000 2.99e-03   38.271 3.03e-03   0.0
        u_dsm (r_dsm_1_61)                0.000 4.49e-03   12.649 4.50e-03   0.0
        u_r_black (r_reg_122)             0.000 1.20e-02   31.652 1.20e-02   0.1
        u_r_red (r_reg_123)               0.000 1.20e-02   31.751 1.20e-02   0.1
        u_ctrl (r_state_ctrl_1_31)        0.000    0.000    5.932 5.93e-06   0.0
      g_row_13__g_col_7__u_pe (pe_top_1_1_32)
                                          0.000 5.85e-02  281.242 5.88e-02   0.3
        u_status (r_status_62)            0.000 3.04e-03   14.368 3.05e-03   0.0
        u_sol (sol_acc_0_32)              0.000 2.41e-02  127.835 2.42e-02   0.1
        u_alu (r_alu_62)                  0.000 2.99e-03   38.271 3.03e-03   0.0
        u_dsm (r_dsm_1_62)                0.000 4.49e-03   12.649 4.50e-03   0.0
        u_r_black (r_reg_124)             0.000 1.20e-02   31.652 1.20e-02   0.1
        u_r_red (r_reg_125)               0.000 1.20e-02   31.737 1.20e-02   0.1
        u_ctrl (r_state_ctrl_1_32)        0.000    0.000    6.531 6.53e-06   0.0
      g_row_13__g_col_6__u_pe (pe_top_1_1_33)
                                          0.000 5.85e-02  281.249 5.88e-02   0.3
        u_status (r_status_63)            0.000 3.04e-03   14.368 3.05e-03   0.0
        u_sol (sol_acc_0_33)              0.000 2.41e-02  128.440 2.42e-02   0.1
        u_alu (r_alu_63)                  0.000 2.99e-03   38.271 3.03e-03   0.0
        u_dsm (r_dsm_1_63)                0.000 4.49e-03   12.649 4.50e-03   0.0
        u_r_black (r_reg_126)             0.000 1.20e-02   31.652 1.20e-02   0.1
        u_r_red (r_reg_127)               0.000 1.20e-02   31.737 1.20e-02   0.1
        u_ctrl (r_state_ctrl_1_33)        0.000    0.000    5.932 5.93e-06   0.0
      g_row_13__g_col_5__u_pe (pe_top_1_1_34)
                                          0.000 5.85e-02  281.249 5.88e-02   0.3
        u_status (r_status_64)            0.000 3.04e-03   14.368 3.05e-03   0.0
        u_sol (sol_acc_0_34)              0.000 2.41e-02  128.440 2.42e-02   0.1
        u_alu (r_alu_64)                  0.000 2.99e-03   38.271 3.03e-03   0.0
        u_dsm (r_dsm_1_64)                0.000 4.49e-03   12.649 4.50e-03   0.0
        u_r_black (r_reg_128)             0.000 1.20e-02   31.652 1.20e-02   0.1
        u_r_red (r_reg_129)               0.000 1.20e-02   31.737 1.20e-02   0.1
        u_ctrl (r_state_ctrl_1_34)        0.000    0.000    5.932 5.93e-06   0.0
      g_row_13__g_col_4__u_pe (pe_top_1_1_35)
                                          0.000 5.85e-02  281.242 5.88e-02   0.3
        u_status (r_status_65)            0.000 3.04e-03   14.368 3.05e-03   0.0
        u_sol (sol_acc_0_35)              0.000 2.41e-02  127.835 2.42e-02   0.1
        u_alu (r_alu_65)                  0.000 2.99e-03   38.271 3.03e-03   0.0
        u_dsm (r_dsm_1_65)                0.000 4.49e-03   12.649 4.50e-03   0.0
        u_r_black (r_reg_130)             0.000 1.20e-02   31.652 1.20e-02   0.1
        u_r_red (r_reg_131)               0.000 1.20e-02   31.737 1.20e-02   0.1
        u_ctrl (r_state_ctrl_1_35)        0.000    0.000    6.531 6.53e-06   0.0
      g_row_13__g_col_3__u_pe (pe_top_1_1_36)
                                          0.000 5.85e-02  281.249 5.88e-02   0.3
        u_status (r_status_66)            0.000 3.04e-03   14.368 3.05e-03   0.0
        u_sol (sol_acc_0_36)              0.000 2.41e-02  128.440 2.42e-02   0.1
        u_alu (r_alu_66)                  0.000 2.99e-03   38.271 3.03e-03   0.0
        u_dsm (r_dsm_1_66)                0.000 4.49e-03   12.649 4.50e-03   0.0
        u_r_black (r_reg_132)             0.000 1.20e-02   31.652 1.20e-02   0.1
        u_r_red (r_reg_133)               0.000 1.20e-02   31.737 1.20e-02   0.1
        u_ctrl (r_state_ctrl_1_36)        0.000    0.000    5.932 5.93e-06   0.0
      g_row_13__g_col_2__u_pe (pe_top_1_1_37)
                                          0.000 5.85e-02  281.266 5.88e-02   0.3
        u_status (r_status_67)            0.000 3.04e-03   14.368 3.05e-03   0.0
        u_sol (sol_acc_0_37)              0.000 2.41e-02  128.440 2.42e-02   0.1
        u_alu (r_alu_67)                  0.000 2.99e-03   38.271 3.03e-03   0.0
        u_dsm (r_dsm_1_67)                0.000 4.49e-03   12.649 4.50e-03   0.0
        u_r_black (r_reg_134)             0.000 1.20e-02   31.652 1.20e-02   0.1
        u_r_red (r_reg_135)               0.000 1.20e-02   31.754 1.20e-02   0.1
        u_ctrl (r_state_ctrl_1_37)        0.000    0.000    5.932 5.93e-06   0.0
      g_row_13__g_col_1__u_pe (pe_top_1_1_38)
                                          0.000 5.85e-02  281.052 5.88e-02   0.3
        u_status (r_status_68)            0.000 3.04e-03   14.368 3.05e-03   0.0
        u_sol (sol_acc_0_38)              0.000 2.41e-02  127.835 2.42e-02   0.1
        u_alu (r_alu_68)                  0.000 2.99e-03   38.271 3.03e-03   0.0
        u_dsm (r_dsm_1_68)                0.000 4.49e-03   12.649 4.50e-03   0.0
        u_r_black (r_reg_136)             0.000 1.20e-02   31.652 1.20e-02   0.1
        u_r_red (r_reg_137)               0.000 1.20e-02   31.737 1.20e-02   0.1
        u_ctrl (r_state_ctrl_1_38)        0.000    0.000    6.531 6.53e-06   0.0
      g_row_13__g_col_0__u_pe (pe_top_1_1_39)
                                          0.000 5.85e-02  281.251 5.88e-02   0.3
        u_status (r_status_69)            0.000 3.04e-03   14.368 3.05e-03   0.0
        u_sol (sol_acc_0_39)              0.000 2.41e-02  128.440 2.42e-02   0.1
        u_alu (r_alu_69)                  0.000 2.99e-03   38.271 3.03e-03   0.0
        u_dsm (r_dsm_1_69)                0.000 4.49e-03   12.649 4.50e-03   0.0
        u_r_black (r_reg_138)             0.000 1.20e-02   31.652 1.20e-02   0.1
        u_r_red (r_reg_139)               0.000 1.20e-02   31.737 1.20e-02   0.1
        u_ctrl (r_state_ctrl_1_39)        0.000    0.000    5.932 5.93e-06   0.0
      g_row_12__g_col_9__u_pe (pe_top_0_1_30)
                                          0.000 5.85e-02  280.871 5.88e-02   0.3
        u_status (r_status_70)            0.000 3.04e-03   14.368 3.05e-03   0.0
        u_sol (sol_acc_1_30)              0.000 2.41e-02  127.835 2.42e-02   0.1
        u_alu (r_alu_70)                  0.000 2.99e-03   38.271 3.03e-03   0.0
        u_dsm (r_dsm_1_70)                0.000 4.49e-03   12.649 4.50e-03   0.0
        u_r_black (r_reg_140)             0.000 1.20e-02   31.363 1.20e-02   0.1
        u_r_red (r_reg_141)               0.000 1.20e-02   31.737 1.20e-02   0.1
        u_ctrl (r_state_ctrl_0_30)        0.000    0.000    6.531 6.53e-06   0.0
      g_row_12__g_col_8__u_pe (pe_top_0_1_31)
                                          0.000 5.85e-02  280.926 5.88e-02   0.3
        u_status (r_status_71)            0.000 3.04e-03   14.368 3.05e-03   0.0
        u_sol (sol_acc_1_31)              0.000 2.41e-02  129.046 2.42e-02   0.1
        u_alu (r_alu_71)                  0.000 2.99e-03   38.271 3.03e-03   0.0
        u_dsm (r_dsm_1_71)                0.000 4.49e-03   12.649 4.50e-03   0.0
        u_r_black (r_reg_142)             0.000 1.20e-02   31.363 1.20e-02   0.1
        u_r_red (r_reg_143)               0.000 1.20e-02   31.737 1.20e-02   0.1
        u_ctrl (r_state_ctrl_0_31)        0.000    0.000    5.374 5.37e-06   0.0
      g_row_12__g_col_7__u_pe (pe_top_0_1_32)
                                          0.000 5.85e-02  280.926 5.88e-02   0.3
        u_status (r_status_72)            0.000 3.04e-03   14.368 3.05e-03   0.0
        u_sol (sol_acc_1_32)              0.000 2.41e-02  129.046 2.42e-02   0.1
        u_alu (r_alu_72)                  0.000 2.99e-03   38.271 3.03e-03   0.0
        u_dsm (r_dsm_1_72)                0.000 4.49e-03   12.649 4.50e-03   0.0
        u_r_black (r_reg_144)             0.000 1.20e-02   31.363 1.20e-02   0.1
        u_r_red (r_reg_145)               0.000 1.20e-02   31.737 1.20e-02   0.1
        u_ctrl (r_state_ctrl_0_32)        0.000    0.000    5.374 5.37e-06   0.0
      g_row_12__g_col_6__u_pe (pe_top_0_1_33)
                                          0.000 5.85e-02  280.926 5.88e-02   0.3
        u_status (r_status_73)            0.000 3.04e-03   14.368 3.05e-03   0.0
        u_sol (sol_acc_1_33)              0.000 2.41e-02  129.046 2.42e-02   0.1
        u_alu (r_alu_73)                  0.000 2.99e-03   38.271 3.03e-03   0.0
        u_dsm (r_dsm_1_73)                0.000 4.49e-03   12.649 4.50e-03   0.0
        u_r_black (r_reg_146)             0.000 1.20e-02   31.363 1.20e-02   0.1
        u_r_red (r_reg_147)               0.000 1.20e-02   31.737 1.20e-02   0.1
        u_ctrl (r_state_ctrl_0_33)        0.000    0.000    5.374 5.37e-06   0.0
      g_row_12__g_col_5__u_pe (pe_top_0_1_34)
                                          0.000 5.85e-02  281.215 5.88e-02   0.3
        u_status (r_status_74)            0.000 3.04e-03   14.368 3.05e-03   0.0
        u_sol (sol_acc_1_34)              0.000 2.41e-02  129.046 2.42e-02   0.1
        u_alu (r_alu_74)                  0.000 2.99e-03   38.271 3.03e-03   0.0
        u_dsm (r_dsm_1_74)                0.000 4.49e-03   12.649 4.50e-03   0.0
        u_r_black (r_reg_148)             0.000 1.20e-02   31.652 1.20e-02   0.1
        u_r_red (r_reg_149)               0.000 1.20e-02   31.737 1.20e-02   0.1
        u_ctrl (r_state_ctrl_0_34)        0.000    0.000    5.374 5.37e-06   0.0
      g_row_12__g_col_4__u_pe (pe_top_0_1_35)
                                          0.000 5.85e-02  280.926 5.88e-02   0.3
        u_status (r_status_75)            0.000 3.04e-03   14.368 3.05e-03   0.0
        u_sol (sol_acc_1_35)              0.000 2.41e-02  129.046 2.42e-02   0.1
        u_alu (r_alu_75)                  0.000 2.99e-03   38.271 3.03e-03   0.0
        u_dsm (r_dsm_1_75)                0.000 4.49e-03   12.649 4.50e-03   0.0
        u_r_black (r_reg_150)             0.000 1.20e-02   31.363 1.20e-02   0.1
        u_r_red (r_reg_151)               0.000 1.20e-02   31.737 1.20e-02   0.1
        u_ctrl (r_state_ctrl_0_35)        0.000    0.000    5.374 5.37e-06   0.0
      g_row_12__g_col_3__u_pe (pe_top_0_1_36)
                                          0.000 5.85e-02  281.215 5.88e-02   0.3
        u_status (r_status_76)            0.000 3.04e-03   14.368 3.05e-03   0.0
        u_sol (sol_acc_1_36)              0.000 2.41e-02  129.046 2.42e-02   0.1
        u_alu (r_alu_76)                  0.000 2.99e-03   38.271 3.03e-03   0.0
        u_dsm (r_dsm_1_76)                0.000 4.49e-03   12.649 4.50e-03   0.0
        u_r_black (r_reg_152)             0.000 1.20e-02   31.652 1.20e-02   0.1
        u_r_red (r_reg_153)               0.000 1.20e-02   31.737 1.20e-02   0.1
        u_ctrl (r_state_ctrl_0_36)        0.000    0.000    5.374 5.37e-06   0.0
      g_row_12__g_col_2__u_pe (pe_top_0_1_37)
                                          0.000 5.85e-02  280.926 5.88e-02   0.3
        u_status (r_status_77)            0.000 3.04e-03   14.368 3.05e-03   0.0
        u_sol (sol_acc_1_37)              0.000 2.41e-02  129.046 2.42e-02   0.1
        u_alu (r_alu_77)                  0.000 2.99e-03   38.271 3.03e-03   0.0
        u_dsm (r_dsm_1_77)                0.000 4.49e-03   12.649 4.50e-03   0.0
        u_r_black (r_reg_154)             0.000 1.20e-02   31.363 1.20e-02   0.1
        u_r_red (r_reg_155)               0.000 1.20e-02   31.737 1.20e-02   0.1
        u_ctrl (r_state_ctrl_0_37)        0.000    0.000    5.374 5.37e-06   0.0
      g_row_12__g_col_1__u_pe (pe_top_0_1_38)
                                          0.000 5.85e-02  281.215 5.88e-02   0.3
        u_status (r_status_78)            0.000 3.04e-03   14.368 3.05e-03   0.0
        u_sol (sol_acc_1_38)              0.000 2.41e-02  129.046 2.42e-02   0.1
        u_alu (r_alu_78)                  0.000 2.99e-03   38.271 3.03e-03   0.0
        u_dsm (r_dsm_1_78)                0.000 4.49e-03   12.649 4.50e-03   0.0
        u_r_black (r_reg_156)             0.000 1.20e-02   31.652 1.20e-02   0.1
        u_r_red (r_reg_157)               0.000 1.20e-02   31.737 1.20e-02   0.1
        u_ctrl (r_state_ctrl_0_38)        0.000    0.000    5.374 5.37e-06   0.0
      g_row_12__g_col_0__u_pe (pe_top_0_1_39)
                                          0.000 5.85e-02  280.926 5.88e-02   0.3
        u_status (r_status_79)            0.000 3.04e-03   14.368 3.05e-03   0.0
        u_sol (sol_acc_1_39)              0.000 2.41e-02  129.046 2.42e-02   0.1
        u_alu (r_alu_79)                  0.000 2.99e-03   38.271 3.03e-03   0.0
        u_dsm (r_dsm_1_79)                0.000 4.49e-03   12.649 4.50e-03   0.0
        u_r_black (r_reg_158)             0.000 1.20e-02   31.363 1.20e-02   0.1
        u_r_red (r_reg_159)               0.000 1.20e-02   31.737 1.20e-02   0.1
        u_ctrl (r_state_ctrl_0_39)        0.000    0.000    5.374 5.37e-06   0.0
      g_row_11__g_col_9__u_pe (pe_top_1_1_40)
                                          0.000 5.85e-02  281.257 5.88e-02   0.3
        u_status (r_status_80)            0.000 3.04e-03   14.368 3.05e-03   0.0
        u_sol (sol_acc_0_40)              0.000 2.41e-02  128.440 2.42e-02   0.1
        u_alu (r_alu_80)                  0.000 2.99e-03   38.271 3.03e-03   0.0
        u_dsm (r_dsm_1_80)                0.000 4.49e-03   12.649 4.50e-03   0.0
        u_r_black (r_reg_160)             0.000 1.20e-02   31.652 1.20e-02   0.1
        u_r_red (r_reg_161)               0.000 1.20e-02   31.745 1.20e-02   0.1
        u_ctrl (r_state_ctrl_1_40)        0.000    0.000    5.932 5.93e-06   0.0
      g_row_11__g_col_8__u_pe (pe_top_1_1_41)
                                          0.000 5.85e-02  281.242 5.88e-02   0.3
        u_status (r_status_81)            0.000 3.04e-03   14.368 3.05e-03   0.0
        u_sol (sol_acc_0_41)              0.000 2.41e-02  127.835 2.42e-02   0.1
        u_alu (r_alu_81)                  0.000 2.99e-03   38.271 3.03e-03   0.0
        u_dsm (r_dsm_1_81)                0.000 4.49e-03   12.649 4.50e-03   0.0
        u_r_black (r_reg_162)             0.000 1.20e-02   31.652 1.20e-02   0.1
        u_r_red (r_reg_163)               0.000 1.20e-02   31.737 1.20e-02   0.1
        u_ctrl (r_state_ctrl_1_41)        0.000    0.000    6.531 6.53e-06   0.0
      g_row_11__g_col_7__u_pe (pe_top_1_1_42)
                                          0.000 5.85e-02  281.256 5.88e-02   0.3
        u_status (r_status_82)            0.000 3.04e-03   14.368 3.05e-03   0.0
        u_sol (sol_acc_0_42)              0.000 2.41e-02  128.440 2.42e-02   0.1
        u_alu (r_alu_82)                  0.000 2.99e-03   38.271 3.03e-03   0.0
        u_dsm (r_dsm_1_82)                0.000 4.49e-03   12.649 4.50e-03   0.0
        u_r_black (r_reg_164)             0.000 1.20e-02   31.652 1.20e-02   0.1
        u_r_red (r_reg_165)               0.000 1.20e-02   31.744 1.20e-02   0.1
        u_ctrl (r_state_ctrl_1_42)        0.000    0.000    5.932 5.93e-06   0.0
      g_row_11__g_col_6__u_pe (pe_top_1_1_43)
                                          0.000 5.85e-02  281.249 5.88e-02   0.3
        u_status (r_status_83)            0.000 3.04e-03   14.368 3.05e-03   0.0
        u_sol (sol_acc_0_43)              0.000 2.41e-02  128.440 2.42e-02   0.1
        u_alu (r_alu_83)                  0.000 2.99e-03   38.271 3.03e-03   0.0
        u_dsm (r_dsm_1_83)                0.000 4.49e-03   12.649 4.50e-03   0.0
        u_r_black (r_reg_166)             0.000 1.20e-02   31.652 1.20e-02   0.1
        u_r_red (r_reg_167)               0.000 1.20e-02   31.737 1.20e-02   0.1
        u_ctrl (r_state_ctrl_1_43)        0.000    0.000    5.932 5.93e-06   0.0
      g_row_11__g_col_5__u_pe (pe_top_1_1_44)
                                          0.000 5.85e-02  281.242 5.88e-02   0.3
        u_status (r_status_84)            0.000 3.04e-03   14.368 3.05e-03   0.0
        u_sol (sol_acc_0_44)              0.000 2.41e-02  127.835 2.42e-02   0.1
        u_alu (r_alu_84)                  0.000 2.99e-03   38.271 3.03e-03   0.0
        u_dsm (r_dsm_1_84)                0.000 4.49e-03   12.649 4.50e-03   0.0
        u_r_black (r_reg_168)             0.000 1.20e-02   31.652 1.20e-02   0.1
        u_r_red (r_reg_169)               0.000 1.20e-02   31.737 1.20e-02   0.1
        u_ctrl (r_state_ctrl_1_44)        0.000    0.000    6.531 6.53e-06   0.0
      g_row_11__g_col_4__u_pe (pe_top_1_1_45)
                                          0.000 5.85e-02  281.249 5.88e-02   0.3
        u_status (r_status_85)            0.000 3.04e-03   14.368 3.05e-03   0.0
        u_sol (sol_acc_0_45)              0.000 2.41e-02  128.440 2.42e-02   0.1
        u_alu (r_alu_85)                  0.000 2.99e-03   38.271 3.03e-03   0.0
        u_dsm (r_dsm_1_85)                0.000 4.49e-03   12.649 4.50e-03   0.0
        u_r_black (r_reg_170)             0.000 1.20e-02   31.652 1.20e-02   0.1
        u_r_red (r_reg_171)               0.000 1.20e-02   31.737 1.20e-02   0.1
        u_ctrl (r_state_ctrl_1_45)        0.000    0.000    5.932 5.93e-06   0.0
      g_row_11__g_col_3__u_pe (pe_top_1_1_46)
                                          0.000 5.85e-02  281.249 5.88e-02   0.3
        u_status (r_status_86)            0.000 3.04e-03   14.368 3.05e-03   0.0
        u_sol (sol_acc_0_46)              0.000 2.41e-02  128.440 2.42e-02   0.1
        u_alu (r_alu_86)                  0.000 2.99e-03   38.271 3.03e-03   0.0
        u_dsm (r_dsm_1_86)                0.000 4.49e-03   12.649 4.50e-03   0.0
        u_r_black (r_reg_172)             0.000 1.20e-02   31.652 1.20e-02   0.1
        u_r_red (r_reg_173)               0.000 1.20e-02   31.737 1.20e-02   0.1
        u_ctrl (r_state_ctrl_1_46)        0.000    0.000    5.932 5.93e-06   0.0
      g_row_11__g_col_2__u_pe (pe_top_1_1_47)
                                          0.000 5.85e-02  281.242 5.88e-02   0.3
        u_status (r_status_87)            0.000 3.04e-03   14.368 3.05e-03   0.0
        u_sol (sol_acc_0_47)              0.000 2.41e-02  127.835 2.42e-02   0.1
        u_alu (r_alu_87)                  0.000 2.99e-03   38.271 3.03e-03   0.0
        u_dsm (r_dsm_1_87)                0.000 4.49e-03   12.649 4.50e-03   0.0
        u_r_black (r_reg_174)             0.000 1.20e-02   31.652 1.20e-02   0.1
        u_r_red (r_reg_175)               0.000 1.20e-02   31.737 1.20e-02   0.1
        u_ctrl (r_state_ctrl_1_47)        0.000    0.000    6.531 6.53e-06   0.0
      g_row_11__g_col_1__u_pe (pe_top_1_1_48)
                                          0.000 5.85e-02  281.270 5.88e-02   0.3
        u_status (r_status_88)            0.000 3.04e-03   14.368 3.05e-03   0.0
        u_sol (sol_acc_0_48)              0.000 2.41e-02  128.440 2.42e-02   0.1
        u_alu (r_alu_88)                  0.000 2.99e-03   38.271 3.03e-03   0.0
        u_dsm (r_dsm_1_88)                0.000 4.49e-03   12.649 4.50e-03   0.0
        u_r_black (r_reg_176)             0.000 1.20e-02   31.672 1.20e-02   0.1
        u_r_red (r_reg_177)               0.000 1.20e-02   31.737 1.20e-02   0.1
        u_ctrl (r_state_ctrl_1_48)        0.000    0.000    5.932 5.93e-06   0.0
      g_row_11__g_col_0__u_pe (pe_top_1_1_49)
                                          0.000 5.85e-02  281.249 5.88e-02   0.3
        u_status (r_status_89)            0.000 3.04e-03   14.368 3.05e-03   0.0
        u_sol (sol_acc_0_49)              0.000 2.41e-02  128.440 2.42e-02   0.1
        u_alu (r_alu_89)                  0.000 2.99e-03   38.271 3.03e-03   0.0
        u_dsm (r_dsm_1_89)                0.000 4.49e-03   12.649 4.50e-03   0.0
        u_r_black (r_reg_178)             0.000 1.20e-02   31.652 1.20e-02   0.1
        u_r_red (r_reg_179)               0.000 1.20e-02   31.737 1.20e-02   0.1
        u_ctrl (r_state_ctrl_1_49)        0.000    0.000    5.932 5.93e-06   0.0
      g_row_10__g_col_9__u_pe (pe_top_0_1_40)
                                          0.000 5.85e-02  280.969 5.88e-02   0.3
        u_status (r_status_90)            0.000 3.04e-03   14.368 3.05e-03   0.0
        u_sol (sol_acc_1_40)              0.000 2.41e-02  127.835 2.42e-02   0.1
        u_alu (r_alu_90)                  0.000 2.99e-03   38.271 3.03e-03   0.0
        u_dsm (r_dsm_1_90)                0.000 4.49e-03   12.649 4.50e-03   0.0
        u_r_black (r_reg_180)             0.000 1.20e-02   31.652 1.20e-02   0.1
        u_r_red (r_reg_181)               0.000 1.20e-02   31.737 1.20e-02   0.1
        u_ctrl (r_state_ctrl_0_40)        0.000    0.000    6.531 6.53e-06   0.0
      g_row_10__g_col_8__u_pe (pe_top_0_1_41)
                                          0.000 5.85e-02  280.637 5.88e-02   0.3
        u_status (r_status_91)            0.000 3.04e-03   14.368 3.05e-03   0.0
        u_sol (sol_acc_1_41)              0.000 2.41e-02  128.440 2.42e-02   0.1
        u_alu (r_alu_91)                  0.000 2.99e-03   38.271 3.03e-03   0.0
        u_dsm (r_dsm_1_91)                0.000 4.49e-03   12.649 4.50e-03   0.0
        u_r_black (r_reg_182)             0.000 1.20e-02   31.363 1.20e-02   0.1
        u_r_red (r_reg_183)               0.000 1.20e-02   31.737 1.20e-02   0.1
        u_ctrl (r_state_ctrl_0_41)        0.000    0.000    5.691 5.69e-06   0.0
      g_row_10__g_col_7__u_pe (pe_top_0_1_42)
                                          0.000 5.85e-02  281.160 5.88e-02   0.3
        u_status (r_status_92)            0.000 3.04e-03   14.368 3.05e-03   0.0
        u_sol (sol_acc_1_42)              0.000 2.41e-02  127.835 2.42e-02   0.1
        u_alu (r_alu_92)                  0.000 2.99e-03   38.271 3.03e-03   0.0
        u_dsm (r_dsm_1_92)                0.000 4.49e-03   12.649 4.50e-03   0.0
        u_r_black (r_reg_184)             0.000 1.20e-02   31.652 1.20e-02   0.1
        u_r_red (r_reg_185)               0.000 1.20e-02   31.737 1.20e-02   0.1
        u_ctrl (r_state_ctrl_0_42)        0.000    0.000    6.531 6.53e-06   0.0
      g_row_10__g_col_6__u_pe (pe_top_0_1_43)
                                          0.000 5.85e-02  280.871 5.88e-02   0.3
        u_status (r_status_93)            0.000 3.04e-03   14.368 3.05e-03   0.0
        u_sol (sol_acc_1_43)              0.000 2.41e-02  127.835 2.42e-02   0.1
        u_alu (r_alu_93)                  0.000 2.99e-03   38.271 3.03e-03   0.0
        u_dsm (r_dsm_1_93)                0.000 4.49e-03   12.649 4.50e-03   0.0
        u_r_black (r_reg_186)             0.000 1.20e-02   31.363 1.20e-02   0.1
        u_r_red (r_reg_187)               0.000 1.20e-02   31.737 1.20e-02   0.1
        u_ctrl (r_state_ctrl_0_43)        0.000    0.000    6.531 6.53e-06   0.0
      g_row_10__g_col_5__u_pe (pe_top_0_1_44)
                                          0.000 5.85e-02  280.926 5.88e-02   0.3
        u_status (r_status_94)            0.000 3.04e-03   14.368 3.05e-03   0.0
        u_sol (sol_acc_1_44)              0.000 2.41e-02  129.046 2.42e-02   0.1
        u_alu (r_alu_94)                  0.000 2.99e-03   38.271 3.03e-03   0.0
        u_dsm (r_dsm_1_94)                0.000 4.49e-03   12.649 4.50e-03   0.0
        u_r_black (r_reg_188)             0.000 1.20e-02   31.363 1.20e-02   0.1
        u_r_red (r_reg_189)               0.000 1.20e-02   31.737 1.20e-02   0.1
        u_ctrl (r_state_ctrl_0_44)        0.000    0.000    5.374 5.37e-06   0.0
      g_row_10__g_col_4__u_pe (pe_top_0_1_45)
                                          0.000 5.85e-02  281.215 5.88e-02   0.3
        u_status (r_status_95)            0.000 3.04e-03   14.368 3.05e-03   0.0
        u_sol (sol_acc_1_45)              0.000 2.41e-02  129.046 2.42e-02   0.1
        u_alu (r_alu_95)                  0.000 2.99e-03   38.271 3.03e-03   0.0
        u_dsm (r_dsm_1_95)                0.000 4.49e-03   12.649 4.50e-03   0.0
        u_r_black (r_reg_190)             0.000 1.20e-02   31.652 1.20e-02   0.1
        u_r_red (r_reg_191)               0.000 1.20e-02   31.737 1.20e-02   0.1
        u_ctrl (r_state_ctrl_0_45)        0.000    0.000    5.374 5.37e-06   0.0
      g_row_10__g_col_3__u_pe (pe_top_0_1_46)
                                          0.000 5.85e-02  280.926 5.88e-02   0.3
        u_status (r_status_96)            0.000 3.04e-03   14.368 3.05e-03   0.0
        u_sol (sol_acc_1_46)              0.000 2.41e-02  129.046 2.42e-02   0.1
        u_alu (r_alu_96)                  0.000 2.99e-03   38.271 3.03e-03   0.0
        u_dsm (r_dsm_1_96)                0.000 4.49e-03   12.649 4.50e-03   0.0
        u_r_black (r_reg_192)             0.000 1.20e-02   31.363 1.20e-02   0.1
        u_r_red (r_reg_193)               0.000 1.20e-02   31.737 1.20e-02   0.1
        u_ctrl (r_state_ctrl_0_46)        0.000    0.000    5.374 5.37e-06   0.0
      g_row_10__g_col_2__u_pe (pe_top_0_1_47)
                                          0.000 5.85e-02  281.449 5.88e-02   0.3
        u_status (r_status_97)            0.000 3.04e-03   14.368 3.05e-03   0.0
        u_sol (sol_acc_1_47)              0.000 2.41e-02  128.440 2.42e-02   0.1
        u_alu (r_alu_97)                  0.000 2.99e-03   38.271 3.03e-03   0.0
        u_dsm (r_dsm_1_97)                0.000 4.49e-03   12.649 4.50e-03   0.0
        u_r_black (r_reg_194)             0.000 1.20e-02   31.652 1.20e-02   0.1
        u_r_red (r_reg_195)               0.000 1.20e-02   31.737 1.20e-02   0.1
        u_ctrl (r_state_ctrl_0_47)        0.000    0.000    6.214 6.21e-06   0.0
      g_row_10__g_col_1__u_pe (pe_top_0_1_48)
                                          0.000 5.85e-02  281.215 5.88e-02   0.3
        u_status (r_status_98)            0.000 3.04e-03   14.368 3.05e-03   0.0
        u_sol (sol_acc_1_48)              0.000 2.41e-02  129.046 2.42e-02   0.1
        u_alu (r_alu_98)                  0.000 2.99e-03   38.271 3.03e-03   0.0
        u_dsm (r_dsm_1_98)                0.000 4.49e-03   12.649 4.50e-03   0.0
        u_r_black (r_reg_196)             0.000 1.20e-02   31.652 1.20e-02   0.1
        u_r_red (r_reg_197)               0.000 1.20e-02   31.737 1.20e-02   0.1
        u_ctrl (r_state_ctrl_0_48)        0.000    0.000    5.374 5.37e-06   0.0
      g_row_10__g_col_0__u_pe (pe_top_0_1_49)
                                          0.000 5.85e-02  280.926 5.88e-02   0.3
        u_status (r_status_99)            0.000 3.04e-03   14.368 3.05e-03   0.0
        u_sol (sol_acc_1_49)              0.000 2.41e-02  129.046 2.42e-02   0.1
        u_alu (r_alu_99)                  0.000 2.99e-03   38.271 3.03e-03   0.0
        u_dsm (r_dsm_1_99)                0.000 4.49e-03   12.649 4.50e-03   0.0
        u_r_black (r_reg_198)             0.000 1.20e-02   31.363 1.20e-02   0.1
        u_r_red (r_reg_199)               0.000 1.20e-02   31.737 1.20e-02   0.1
        u_ctrl (r_state_ctrl_0_49)        0.000    0.000    5.374 5.37e-06   0.0
      g_row_9__g_col_9__u_pe (pe_top_1_1_50)
                                          0.000 5.85e-02  281.052 5.88e-02   0.3
        u_status (r_status_100)           0.000 3.04e-03   14.368 3.05e-03   0.0
        u_sol (sol_acc_0_50)              0.000 2.41e-02  127.835 2.42e-02   0.1
        u_alu (r_alu_100)                 0.000 2.99e-03   38.271 3.03e-03   0.0
        u_dsm (r_dsm_1_100)               0.000 4.49e-03   12.649 4.50e-03   0.0
        u_r_black (r_reg_200)             0.000 1.20e-02   31.652 1.20e-02   0.1
        u_r_red (r_reg_201)               0.000 1.20e-02   31.737 1.20e-02   0.1
        u_ctrl (r_state_ctrl_1_50)        0.000    0.000    6.531 6.53e-06   0.0
      g_row_9__g_col_8__u_pe (pe_top_1_1_51)
                                          0.000 5.85e-02  281.249 5.88e-02   0.3
        u_status (r_status_101)           0.000 3.04e-03   14.368 3.05e-03   0.0
        u_sol (sol_acc_0_51)              0.000 2.41e-02  128.440 2.42e-02   0.1
        u_alu (r_alu_101)                 0.000 2.99e-03   38.271 3.03e-03   0.0
        u_dsm (r_dsm_1_101)               0.000 4.49e-03   12.649 4.50e-03   0.0
        u_r_black (r_reg_202)             0.000 1.20e-02   31.652 1.20e-02   0.1
        u_r_red (r_reg_203)               0.000 1.20e-02   31.737 1.20e-02   0.1
        u_ctrl (r_state_ctrl_1_51)        0.000    0.000    5.932 5.93e-06   0.0
      g_row_9__g_col_7__u_pe (pe_top_1_1_52)
                                          0.000 5.85e-02  281.249 5.88e-02   0.3
        u_status (r_status_102)           0.000 3.04e-03   14.368 3.05e-03   0.0
        u_sol (sol_acc_0_52)              0.000 2.41e-02  128.440 2.42e-02   0.1
        u_alu (r_alu_102)                 0.000 2.99e-03   38.271 3.03e-03   0.0
        u_dsm (r_dsm_1_102)               0.000 4.49e-03   12.649 4.50e-03   0.0
        u_r_black (r_reg_204)             0.000 1.20e-02   31.652 1.20e-02   0.1
        u_r_red (r_reg_205)               0.000 1.20e-02   31.737 1.20e-02   0.1
        u_ctrl (r_state_ctrl_1_52)        0.000    0.000    5.932 5.93e-06   0.0
      g_row_9__g_col_6__u_pe (pe_top_1_1_53)
                                          0.000 5.85e-02  281.242 5.88e-02   0.3
        u_status (r_status_103)           0.000 3.04e-03   14.368 3.05e-03   0.0
        u_sol (sol_acc_0_53)              0.000 2.41e-02  127.835 2.42e-02   0.1
        u_alu (r_alu_103)                 0.000 2.99e-03   38.271 3.03e-03   0.0
        u_dsm (r_dsm_1_103)               0.000 4.49e-03   12.649 4.50e-03   0.0
        u_r_black (r_reg_206)             0.000 1.20e-02   31.652 1.20e-02   0.1
        u_r_red (r_reg_207)               0.000 1.20e-02   31.737 1.20e-02   0.1
        u_ctrl (r_state_ctrl_1_53)        0.000    0.000    6.531 6.53e-06   0.0
      g_row_9__g_col_5__u_pe (pe_top_1_1_54)
                                          0.000 5.85e-02  281.249 5.88e-02   0.3
        u_status (r_status_104)           0.000 3.04e-03   14.368 3.05e-03   0.0
        u_sol (sol_acc_0_54)              0.000 2.41e-02  128.440 2.42e-02   0.1
        u_alu (r_alu_104)                 0.000 2.99e-03   38.271 3.03e-03   0.0
        u_dsm (r_dsm_1_104)               0.000 4.49e-03   12.649 4.50e-03   0.0
        u_r_black (r_reg_208)             0.000 1.20e-02   31.652 1.20e-02   0.1
        u_r_red (r_reg_209)               0.000 1.20e-02   31.737 1.20e-02   0.1
        u_ctrl (r_state_ctrl_1_54)        0.000    0.000    5.932 5.93e-06   0.0
      g_row_9__g_col_4__u_pe (pe_top_1_1_55)
                                          0.000 5.85e-02  280.960 5.88e-02   0.3
        u_status (r_status_105)           0.000 3.04e-03   14.368 3.05e-03   0.0
        u_sol (sol_acc_0_55)              0.000 2.41e-02  128.440 2.42e-02   0.1
        u_alu (r_alu_105)                 0.000 2.99e-03   38.271 3.03e-03   0.0
        u_dsm (r_dsm_1_105)               0.000 4.49e-03   12.649 4.50e-03   0.0
        u_r_black (r_reg_210)             0.000 1.20e-02   31.363 1.20e-02   0.1
        u_r_red (r_reg_211)               0.000 1.20e-02   31.737 1.20e-02   0.1
        u_ctrl (r_state_ctrl_1_55)        0.000    0.000    5.932 5.93e-06   0.0
      g_row_9__g_col_3__u_pe (pe_top_1_1_56)
                                          0.000 5.85e-02  281.251 5.88e-02   0.3
        u_status (r_status_106)           0.000 3.04e-03   14.368 3.05e-03   0.0
        u_sol (sol_acc_0_56)              0.000 2.41e-02  127.835 2.42e-02   0.1
        u_alu (r_alu_106)                 0.000 2.99e-03   38.271 3.03e-03   0.0
        u_dsm (r_dsm_1_106)               0.000 4.49e-03   12.649 4.50e-03   0.0
        u_r_black (r_reg_212)             0.000 1.20e-02   31.652 1.20e-02   0.1
        u_r_red (r_reg_213)               0.000 1.20e-02   31.745 1.20e-02   0.1
        u_ctrl (r_state_ctrl_1_56)        0.000    0.000    6.531 6.53e-06   0.0
      g_row_9__g_col_2__u_pe (pe_top_1_1_57)
                                          0.000 5.85e-02  281.249 5.88e-02   0.3
        u_status (r_status_107)           0.000 3.04e-03   14.368 3.05e-03   0.0
        u_sol (sol_acc_0_57)              0.000 2.41e-02  128.440 2.42e-02   0.1
        u_alu (r_alu_107)                 0.000 2.99e-03   38.271 3.03e-03   0.0
        u_dsm (r_dsm_1_107)               0.000 4.49e-03   12.649 4.50e-03   0.0
        u_r_black (r_reg_214)             0.000 1.20e-02   31.652 1.20e-02   0.1
        u_r_red (r_reg_215)               0.000 1.20e-02   31.737 1.20e-02   0.1
        u_ctrl (r_state_ctrl_1_57)        0.000    0.000    5.932 5.93e-06   0.0
      g_row_9__g_col_1__u_pe (pe_top_1_1_58)
                                          0.000 5.85e-02  281.249 5.88e-02   0.3
        u_status (r_status_108)           0.000 3.04e-03   14.368 3.05e-03   0.0
        u_sol (sol_acc_0_58)              0.000 2.41e-02  128.440 2.42e-02   0.1
        u_alu (r_alu_108)                 0.000 2.99e-03   38.271 3.03e-03   0.0
        u_dsm (r_dsm_1_108)               0.000 4.49e-03   12.649 4.50e-03   0.0
        u_r_black (r_reg_216)             0.000 1.20e-02   31.652 1.20e-02   0.1
        u_r_red (r_reg_217)               0.000 1.20e-02   31.737 1.20e-02   0.1
        u_ctrl (r_state_ctrl_1_58)        0.000    0.000    5.932 5.93e-06   0.0
      g_row_9__g_col_0__u_pe (pe_top_1_1_59)
                                          0.000 5.85e-02  281.242 5.88e-02   0.3
        u_status (r_status_109)           0.000 3.04e-03   14.368 3.05e-03   0.0
        u_sol (sol_acc_0_59)              0.000 2.41e-02  127.835 2.42e-02   0.1
        u_alu (r_alu_109)                 0.000 2.99e-03   38.271 3.03e-03   0.0
        u_dsm (r_dsm_1_109)               0.000 4.49e-03   12.649 4.50e-03   0.0
        u_r_black (r_reg_218)             0.000 1.20e-02   31.652 1.20e-02   0.1
        u_r_red (r_reg_219)               0.000 1.20e-02   31.737 1.20e-02   0.1
        u_ctrl (r_state_ctrl_1_59)        0.000    0.000    6.531 6.53e-06   0.0
      g_row_8__g_col_9__u_pe (pe_top_0_1_50)
                                          0.000 5.85e-02  281.215 5.88e-02   0.3
        u_status (r_status_110)           0.000 3.04e-03   14.368 3.05e-03   0.0
        u_sol (sol_acc_1_50)              0.000 2.41e-02  129.046 2.42e-02   0.1
        u_alu (r_alu_110)                 0.000 2.99e-03   38.271 3.03e-03   0.0
        u_dsm (r_dsm_1_110)               0.000 4.49e-03   12.649 4.50e-03   0.0
        u_r_black (r_reg_220)             0.000 1.20e-02   31.652 1.20e-02   0.1
        u_r_red (r_reg_221)               0.000 1.20e-02   31.737 1.20e-02   0.1
        u_ctrl (r_state_ctrl_0_50)        0.000    0.000    5.374 5.37e-06   0.0
      g_row_8__g_col_8__u_pe (pe_top_0_1_51)
                                          0.000 5.85e-02  281.215 5.88e-02   0.3
        u_status (r_status_111)           0.000 3.04e-03   14.368 3.05e-03   0.0
        u_sol (sol_acc_1_51)              0.000 2.41e-02  129.046 2.42e-02   0.1
        u_alu (r_alu_111)                 0.000 2.99e-03   38.271 3.03e-03   0.0
        u_dsm (r_dsm_1_111)               0.000 4.49e-03   12.649 4.50e-03   0.0
        u_r_black (r_reg_222)             0.000 1.20e-02   31.652 1.20e-02   0.1
        u_r_red (r_reg_223)               0.000 1.20e-02   31.737 1.20e-02   0.1
        u_ctrl (r_state_ctrl_0_51)        0.000    0.000    5.374 5.37e-06   0.0
      g_row_8__g_col_7__u_pe (pe_top_0_1_52)
                                          0.000 5.85e-02  280.680 5.88e-02   0.3
        u_status (r_status_112)           0.000 3.04e-03   14.368 3.05e-03   0.0
        u_sol (sol_acc_1_52)              0.000 2.41e-02  127.835 2.42e-02   0.1
        u_alu (r_alu_112)                 0.000 2.99e-03   38.271 3.03e-03   0.0
        u_dsm (r_dsm_1_112)               0.000 4.49e-03   12.649 4.50e-03   0.0
        u_r_black (r_reg_224)             0.000 1.20e-02   31.363 1.20e-02   0.1
        u_r_red (r_reg_225)               0.000 1.20e-02   31.737 1.20e-02   0.1
        u_ctrl (r_state_ctrl_0_52)        0.000    0.000    6.531 6.53e-06   0.0
      g_row_8__g_col_6__u_pe (pe_top_0_1_53)
                                          0.000 5.85e-02  281.160 5.88e-02   0.3
        u_status (r_status_113)           0.000 3.04e-03   14.368 3.05e-03   0.0
        u_sol (sol_acc_1_53)              0.000 2.41e-02  127.835 2.42e-02   0.1
        u_alu (r_alu_113)                 0.000 2.99e-03   38.271 3.03e-03   0.0
        u_dsm (r_dsm_1_113)               0.000 4.49e-03   12.649 4.50e-03   0.0
        u_r_black (r_reg_226)             0.000 1.20e-02   31.652 1.20e-02   0.1
        u_r_red (r_reg_227)               0.000 1.20e-02   31.737 1.20e-02   0.1
        u_ctrl (r_state_ctrl_0_53)        0.000    0.000    6.531 6.53e-06   0.0
      g_row_8__g_col_5__u_pe (pe_top_0_1_54)
                                          0.000 5.85e-02  280.926 5.88e-02   0.3
        u_status (r_status_114)           0.000 3.04e-03   14.368 3.05e-03   0.0
        u_sol (sol_acc_1_54)              0.000 2.41e-02  128.440 2.42e-02   0.1
        u_alu (r_alu_114)                 0.000 2.99e-03   38.271 3.03e-03   0.0
        u_dsm (r_dsm_1_114)               0.000 4.49e-03   12.649 4.50e-03   0.0
        u_r_black (r_reg_228)             0.000 1.20e-02   31.652 1.20e-02   0.1
        u_r_red (r_reg_229)               0.000 1.20e-02   31.737 1.20e-02   0.1
        u_ctrl (r_state_ctrl_0_54)        0.000    0.000    5.691 5.69e-06   0.0
      g_row_8__g_col_4__u_pe (pe_top_0_1_55)
                                          0.000 5.85e-02  281.160 5.88e-02   0.3
        u_status (r_status_115)           0.000 3.04e-03   14.368 3.05e-03   0.0
        u_sol (sol_acc_1_55)              0.000 2.41e-02  127.835 2.42e-02   0.1
        u_alu (r_alu_115)                 0.000 2.99e-03   38.271 3.03e-03   0.0
        u_dsm (r_dsm_1_115)               0.000 4.49e-03   12.649 4.50e-03   0.0
        u_r_black (r_reg_230)             0.000 1.20e-02   31.652 1.20e-02   0.1
        u_r_red (r_reg_231)               0.000 1.20e-02   31.737 1.20e-02   0.1
        u_ctrl (r_state_ctrl_0_55)        0.000    0.000    6.531 6.53e-06   0.0
      g_row_8__g_col_3__u_pe (pe_top_0_1_56)
                                          0.000 5.85e-02  281.160 5.88e-02   0.3
        u_status (r_status_116)           0.000 3.04e-03   14.368 3.05e-03   0.0
        u_sol (sol_acc_1_56)              0.000 2.41e-02  127.835 2.42e-02   0.1
        u_alu (r_alu_116)                 0.000 2.99e-03   38.271 3.03e-03   0.0
        u_dsm (r_dsm_1_116)               0.000 4.49e-03   12.649 4.50e-03   0.0
        u_r_black (r_reg_232)             0.000 1.20e-02   31.652 1.20e-02   0.1
        u_r_red (r_reg_233)               0.000 1.20e-02   31.737 1.20e-02   0.1
        u_ctrl (r_state_ctrl_0_56)        0.000    0.000    6.531 6.53e-06   0.0
      g_row_8__g_col_2__u_pe (pe_top_0_1_57)
                                          0.000 5.85e-02  280.926 5.88e-02   0.3
        u_status (r_status_117)           0.000 3.04e-03   14.368 3.05e-03   0.0
        u_sol (sol_acc_1_57)              0.000 2.41e-02  128.440 2.42e-02   0.1
        u_alu (r_alu_117)                 0.000 2.99e-03   38.271 3.03e-03   0.0
        u_dsm (r_dsm_1_117)               0.000 4.49e-03   12.649 4.50e-03   0.0
        u_r_black (r_reg_234)             0.000 1.20e-02   31.652 1.20e-02   0.1
        u_r_red (r_reg_235)               0.000 1.20e-02   31.737 1.20e-02   0.1
        u_ctrl (r_state_ctrl_0_57)        0.000    0.000    5.691 5.69e-06   0.0
      g_row_8__g_col_1__u_pe (pe_top_0_1_58)
                                          0.000 5.85e-02  281.449 5.88e-02   0.3
        u_status (r_status_118)           0.000 3.04e-03   14.368 3.05e-03   0.0
        u_sol (sol_acc_1_58)              0.000 2.41e-02  128.440 2.42e-02   0.1
        u_alu (r_alu_118)                 0.000 2.99e-03   38.271 3.03e-03   0.0
        u_dsm (r_dsm_1_118)               0.000 4.49e-03   12.649 4.50e-03   0.0
        u_r_black (r_reg_236)             0.000 1.20e-02   31.652 1.20e-02   0.1
        u_r_red (r_reg_237)               0.000 1.20e-02   31.737 1.20e-02   0.1
        u_ctrl (r_state_ctrl_0_58)        0.000    0.000    6.214 6.21e-06   0.0
      g_row_8__g_col_0__u_pe (pe_top_0_1_59)
                                          0.000 5.85e-02  281.215 5.88e-02   0.3
        u_status (r_status_119)           0.000 3.04e-03   14.368 3.05e-03   0.0
        u_sol (sol_acc_1_59)              0.000 2.41e-02  129.046 2.42e-02   0.1
        u_alu (r_alu_119)                 0.000 2.99e-03   38.271 3.03e-03   0.0
        u_dsm (r_dsm_1_119)               0.000 4.49e-03   12.649 4.50e-03   0.0
        u_r_black (r_reg_238)             0.000 1.20e-02   31.652 1.20e-02   0.1
        u_r_red (r_reg_239)               0.000 1.20e-02   31.737 1.20e-02   0.1
        u_ctrl (r_state_ctrl_0_59)        0.000    0.000    5.374 5.37e-06   0.0
      g_row_7__g_col_9__u_pe (pe_top_1_1_60)
                                       1.86e-08 5.85e-02  281.262 5.88e-02   0.3
        u_status (r_status_120)           0.000 3.04e-03   14.368 3.05e-03   0.0
        u_sol (sol_acc_0_60)              0.000 2.41e-02  128.440 2.42e-02   0.1
        u_alu (r_alu_120)              1.40e-08 2.99e-03   38.275 3.03e-03   0.0
        u_dsm (r_dsm_1_120)               0.000 4.49e-03   12.652 4.50e-03   0.0
        u_r_black (r_reg_240)             0.000 1.20e-02   31.652 1.20e-02   0.1
        u_r_red (r_reg_241)               0.000 1.20e-02   31.741 1.20e-02   0.1
        u_ctrl (r_state_ctrl_1_60)        0.000    0.000    5.932 5.93e-06   0.0
      g_row_7__g_col_8__u_pe (pe_top_1_1_61)
                                          0.000 5.85e-02  281.249 5.88e-02   0.3
        u_status (r_status_121)           0.000 3.04e-03   14.368 3.05e-03   0.0
        u_sol (sol_acc_0_61)              0.000 2.41e-02  128.440 2.42e-02   0.1
        u_alu (r_alu_121)                 0.000 2.99e-03   38.271 3.03e-03   0.0
        u_dsm (r_dsm_1_121)               0.000 4.49e-03   12.649 4.50e-03   0.0
        u_r_black (r_reg_242)             0.000 1.20e-02   31.652 1.20e-02   0.1
        u_r_red (r_reg_243)               0.000 1.20e-02   31.737 1.20e-02   0.1
        u_ctrl (r_state_ctrl_1_61)        0.000    0.000    5.932 5.93e-06   0.0
      g_row_7__g_col_7__u_pe (pe_top_1_1_62)
                                          0.000 5.85e-02  281.052 5.88e-02   0.3
        u_status (r_status_122)           0.000 3.04e-03   14.368 3.05e-03   0.0
        u_sol (sol_acc_0_62)              0.000 2.41e-02  127.835 2.42e-02   0.1
        u_alu (r_alu_122)                 0.000 2.99e-03   38.271 3.03e-03   0.0
        u_dsm (r_dsm_1_122)               0.000 4.49e-03   12.649 4.50e-03   0.0
        u_r_black (r_reg_244)             0.000 1.20e-02   31.652 1.20e-02   0.1
        u_r_red (r_reg_245)               0.000 1.20e-02   31.737 1.20e-02   0.1
        u_ctrl (r_state_ctrl_1_62)        0.000    0.000    6.531 6.53e-06   0.0
      g_row_7__g_col_6__u_pe (pe_top_1_1_63)
                                          0.000 5.85e-02  281.249 5.88e-02   0.3
        u_status (r_status_123)           0.000 3.04e-03   14.368 3.05e-03   0.0
        u_sol (sol_acc_0_63)              0.000 2.41e-02  128.440 2.42e-02   0.1
        u_alu (r_alu_123)                 0.000 2.99e-03   38.271 3.03e-03   0.0
        u_dsm (r_dsm_1_123)               0.000 4.49e-03   12.649 4.50e-03   0.0
        u_r_black (r_reg_246)             0.000 1.20e-02   31.652 1.20e-02   0.1
        u_r_red (r_reg_247)               0.000 1.20e-02   31.737 1.20e-02   0.1
        u_ctrl (r_state_ctrl_1_63)        0.000    0.000    5.932 5.93e-06   0.0
      g_row_7__g_col_5__u_pe (pe_top_1_1_64)
                                          0.000 5.85e-02  281.249 5.88e-02   0.3
        u_status (r_status_124)           0.000 3.04e-03   14.368 3.05e-03   0.0
        u_sol (sol_acc_0_64)              0.000 2.41e-02  128.440 2.42e-02   0.1
        u_alu (r_alu_124)                 0.000 2.99e-03   38.271 3.03e-03   0.0
        u_dsm (r_dsm_1_124)               0.000 4.49e-03   12.649 4.50e-03   0.0
        u_r_black (r_reg_248)             0.000 1.20e-02   31.652 1.20e-02   0.1
        u_r_red (r_reg_249)               0.000 1.20e-02   31.737 1.20e-02   0.1
        u_ctrl (r_state_ctrl_1_64)        0.000    0.000    5.932 5.93e-06   0.0
      g_row_7__g_col_4__u_pe (pe_top_1_1_65)
                                          0.000 5.85e-02  281.242 5.88e-02   0.3
        u_status (r_status_125)           0.000 3.04e-03   14.368 3.05e-03   0.0
        u_sol (sol_acc_0_65)              0.000 2.41e-02  127.835 2.42e-02   0.1
        u_alu (r_alu_125)                 0.000 2.99e-03   38.271 3.03e-03   0.0
        u_dsm (r_dsm_1_125)               0.000 4.49e-03   12.649 4.50e-03   0.0
        u_r_black (r_reg_250)             0.000 1.20e-02   31.652 1.20e-02   0.1
        u_r_red (r_reg_251)               0.000 1.20e-02   31.737 1.20e-02   0.1
        u_ctrl (r_state_ctrl_1_65)        0.000    0.000    6.531 6.53e-06   0.0
      g_row_7__g_col_3__u_pe (pe_top_1_1_66)
                                          0.000 5.85e-02  281.249 5.88e-02   0.3
        u_status (r_status_126)           0.000 3.04e-03   14.368 3.05e-03   0.0
        u_sol (sol_acc_0_66)              0.000 2.41e-02  128.440 2.42e-02   0.1
        u_alu (r_alu_126)                 0.000 2.99e-03   38.271 3.03e-03   0.0
        u_dsm (r_dsm_1_126)               0.000 4.49e-03   12.649 4.50e-03   0.0
        u_r_black (r_reg_252)             0.000 1.20e-02   31.652 1.20e-02   0.1
        u_r_red (r_reg_253)               0.000 1.20e-02   31.737 1.20e-02   0.1
        u_ctrl (r_state_ctrl_1_66)        0.000    0.000    5.932 5.93e-06   0.0
      g_row_7__g_col_2__u_pe (pe_top_1_1_67)
                                          0.000 5.85e-02  281.249 5.88e-02   0.3
        u_status (r_status_127)           0.000 3.04e-03   14.368 3.05e-03   0.0
        u_sol (sol_acc_0_67)              0.000 2.41e-02  128.440 2.42e-02   0.1
        u_alu (r_alu_127)                 0.000 2.99e-03   38.271 3.03e-03   0.0
        u_dsm (r_dsm_1_127)               0.000 4.49e-03   12.649 4.50e-03   0.0
        u_r_black (r_reg_254)             0.000 1.20e-02   31.652 1.20e-02   0.1
        u_r_red (r_reg_255)               0.000 1.20e-02   31.737 1.20e-02   0.1
        u_ctrl (r_state_ctrl_1_67)        0.000    0.000    5.932 5.93e-06   0.0
      g_row_7__g_col_1__u_pe (pe_top_1_1_68)
                                          0.000 5.85e-02  281.242 5.88e-02   0.3
        u_status (r_status_128)           0.000 3.04e-03   14.368 3.05e-03   0.0
        u_sol (sol_acc_0_68)              0.000 2.41e-02  127.835 2.42e-02   0.1
        u_alu (r_alu_128)                 0.000 2.99e-03   38.271 3.03e-03   0.0
        u_dsm (r_dsm_1_128)               0.000 4.49e-03   12.649 4.50e-03   0.0
        u_r_black (r_reg_256)             0.000 1.20e-02   31.652 1.20e-02   0.1
        u_r_red (r_reg_257)               0.000 1.20e-02   31.737 1.20e-02   0.1
        u_ctrl (r_state_ctrl_1_68)        0.000    0.000    6.531 6.53e-06   0.0
      g_row_7__g_col_0__u_pe (pe_top_1_1_69)
                                          0.000 5.85e-02  281.249 5.88e-02   0.3
        u_status (r_status_129)           0.000 3.04e-03   14.368 3.05e-03   0.0
        u_sol (sol_acc_0_69)              0.000 2.41e-02  128.440 2.42e-02   0.1
        u_alu (r_alu_129)                 0.000 2.99e-03   38.271 3.03e-03   0.0
        u_dsm (r_dsm_1_129)               0.000 4.49e-03   12.649 4.50e-03   0.0
        u_r_black (r_reg_258)             0.000 1.20e-02   31.652 1.20e-02   0.1
        u_r_red (r_reg_259)               0.000 1.20e-02   31.737 1.20e-02   0.1
        u_ctrl (r_state_ctrl_1_69)        0.000    0.000    5.932 5.93e-06   0.0
      g_row_6__g_col_9__u_pe (pe_top_0_1_60)
                                          0.000 5.85e-02  281.215 5.88e-02   0.3
        u_status (r_status_130)           0.000 3.04e-03   14.368 3.05e-03   0.0
        u_sol (sol_acc_1_60)              0.000 2.41e-02  129.046 2.42e-02   0.1
        u_alu (r_alu_130)                 0.000 2.99e-03   38.271 3.03e-03   0.0
        u_dsm (r_dsm_1_130)               0.000 4.49e-03   12.649 4.50e-03   0.0
        u_r_black (r_reg_260)             0.000 1.20e-02   31.652 1.20e-02   0.1
        u_r_red (r_reg_261)               0.000 1.20e-02   31.737 1.20e-02   0.1
        u_ctrl (r_state_ctrl_0_60)        0.000    0.000    5.374 5.37e-06   0.0
      g_row_6__g_col_8__u_pe (pe_top_0_1_61)
                                          0.000 5.85e-02  281.215 5.88e-02   0.3
        u_status (r_status_131)           0.000 3.04e-03   14.368 3.05e-03   0.0
        u_sol (sol_acc_1_61)              0.000 2.41e-02  129.046 2.42e-02   0.1
        u_alu (r_alu_131)                 0.000 2.99e-03   38.271 3.03e-03   0.0
        u_dsm (r_dsm_1_131)               0.000 4.49e-03   12.649 4.50e-03   0.0
        u_r_black (r_reg_262)             0.000 1.20e-02   31.652 1.20e-02   0.1
        u_r_red (r_reg_263)               0.000 1.20e-02   31.737 1.20e-02   0.1
        u_ctrl (r_state_ctrl_0_61)        0.000    0.000    5.374 5.37e-06   0.0
      g_row_6__g_col_7__u_pe (pe_top_0_1_62)
                                          0.000 5.85e-02  281.160 5.88e-02   0.3
        u_status (r_status_132)           0.000 3.04e-03   14.368 3.05e-03   0.0
        u_sol (sol_acc_1_62)              0.000 2.41e-02  127.835 2.42e-02   0.1
        u_alu (r_alu_132)                 0.000 2.99e-03   38.271 3.03e-03   0.0
        u_dsm (r_dsm_1_132)               0.000 4.49e-03   12.649 4.50e-03   0.0
        u_r_black (r_reg_264)             0.000 1.20e-02   31.652 1.20e-02   0.1
        u_r_red (r_reg_265)               0.000 1.20e-02   31.737 1.20e-02   0.1
        u_ctrl (r_state_ctrl_0_62)        0.000    0.000    6.531 6.53e-06   0.0
      g_row_6__g_col_6__u_pe (pe_top_0_1_63)
                                          0.000 5.85e-02  281.160 5.88e-02   0.3
        u_status (r_status_133)           0.000 3.04e-03   14.368 3.05e-03   0.0
        u_sol (sol_acc_1_63)              0.000 2.41e-02  127.835 2.42e-02   0.1
        u_alu (r_alu_133)                 0.000 2.99e-03   38.271 3.03e-03   0.0
        u_dsm (r_dsm_1_133)               0.000 4.49e-03   12.649 4.50e-03   0.0
        u_r_black (r_reg_266)             0.000 1.20e-02   31.652 1.20e-02   0.1
        u_r_red (r_reg_267)               0.000 1.20e-02   31.737 1.20e-02   0.1
        u_ctrl (r_state_ctrl_0_63)        0.000    0.000    6.531 6.53e-06   0.0
      g_row_6__g_col_5__u_pe (pe_top_0_1_64)
                                          0.000 5.85e-02  280.969 5.88e-02   0.3
        u_status (r_status_134)           0.000 3.04e-03   14.368 3.05e-03   0.0
        u_sol (sol_acc_1_64)              0.000 2.41e-02  127.835 2.42e-02   0.1
        u_alu (r_alu_134)                 0.000 2.99e-03   38.271 3.03e-03   0.0
        u_dsm (r_dsm_1_134)               0.000 4.49e-03   12.649 4.50e-03   0.0
        u_r_black (r_reg_268)             0.000 1.20e-02   31.652 1.20e-02   0.1
        u_r_red (r_reg_269)               0.000 1.20e-02   31.737 1.20e-02   0.1
        u_ctrl (r_state_ctrl_0_64)        0.000    0.000    6.531 6.53e-06   0.0
      g_row_6__g_col_4__u_pe (pe_top_0_1_65)
                                          0.000 5.85e-02  281.160 5.88e-02   0.3
        u_status (r_status_135)           0.000 3.04e-03   14.368 3.05e-03   0.0
        u_sol (sol_acc_1_65)              0.000 2.41e-02  127.835 2.42e-02   0.1
        u_alu (r_alu_135)                 0.000 2.99e-03   38.271 3.03e-03   0.0
        u_dsm (r_dsm_1_135)               0.000 4.49e-03   12.649 4.50e-03   0.0
        u_r_black (r_reg_270)             0.000 1.20e-02   31.652 1.20e-02   0.1
        u_r_red (r_reg_271)               0.000 1.20e-02   31.737 1.20e-02   0.1
        u_ctrl (r_state_ctrl_0_65)        0.000    0.000    6.531 6.53e-06   0.0
      g_row_6__g_col_3__u_pe (pe_top_0_1_66)
                                          0.000 5.85e-02  281.160 5.88e-02   0.3
        u_status (r_status_136)           0.000 3.04e-03   14.368 3.05e-03   0.0
        u_sol (sol_acc_1_66)              0.000 2.41e-02  127.835 2.42e-02   0.1
        u_alu (r_alu_136)                 0.000 2.99e-03   38.271 3.03e-03   0.0
        u_dsm (r_dsm_1_136)               0.000 4.49e-03   12.649 4.50e-03   0.0
        u_r_black (r_reg_272)             0.000 1.20e-02   31.652 1.20e-02   0.1
        u_r_red (r_reg_273)               0.000 1.20e-02   31.737 1.20e-02   0.1
        u_ctrl (r_state_ctrl_0_66)        0.000    0.000    6.531 6.53e-06   0.0
      g_row_6__g_col_2__u_pe (pe_top_0_1_67)
                                          0.000 5.85e-02  281.160 5.88e-02   0.3
        u_status (r_status_137)           0.000 3.04e-03   14.368 3.05e-03   0.0
        u_sol (sol_acc_1_67)              0.000 2.41e-02  127.835 2.42e-02   0.1
        u_alu (r_alu_137)                 0.000 2.99e-03   38.271 3.03e-03   0.0
        u_dsm (r_dsm_1_137)               0.000 4.49e-03   12.649 4.50e-03   0.0
        u_r_black (r_reg_274)             0.000 1.20e-02   31.652 1.20e-02   0.1
        u_r_red (r_reg_275)               0.000 1.20e-02   31.737 1.20e-02   0.1
        u_ctrl (r_state_ctrl_0_67)        0.000    0.000    6.531 6.53e-06   0.0
      g_row_6__g_col_1__u_pe (pe_top_0_1_68)
                                          0.000 5.85e-02  281.160 5.88e-02   0.3
        u_status (r_status_138)           0.000 3.04e-03   14.368 3.05e-03   0.0
        u_sol (sol_acc_1_68)              0.000 2.41e-02  127.835 2.42e-02   0.1
        u_alu (r_alu_138)                 0.000 2.99e-03   38.271 3.03e-03   0.0
        u_dsm (r_dsm_1_138)               0.000 4.49e-03   12.649 4.50e-03   0.0
        u_r_black (r_reg_276)             0.000 1.20e-02   31.652 1.20e-02   0.1
        u_r_red (r_reg_277)               0.000 1.20e-02   31.737 1.20e-02   0.1
        u_ctrl (r_state_ctrl_0_68)        0.000    0.000    6.531 6.53e-06   0.0
      g_row_6__g_col_0__u_pe (pe_top_0_1_69)
                                          0.000 5.85e-02  281.160 5.88e-02   0.3
        u_status (r_status_139)           0.000 3.04e-03   14.368 3.05e-03   0.0
        u_sol (sol_acc_1_69)              0.000 2.41e-02  127.835 2.42e-02   0.1
        u_alu (r_alu_139)                 0.000 2.99e-03   38.271 3.03e-03   0.0
        u_dsm (r_dsm_1_139)               0.000 4.49e-03   12.649 4.50e-03   0.0
        u_r_black (r_reg_278)             0.000 1.20e-02   31.652 1.20e-02   0.1
        u_r_red (r_reg_279)               0.000 1.20e-02   31.737 1.20e-02   0.1
        u_ctrl (r_state_ctrl_0_69)        0.000    0.000    6.531 6.53e-06   0.0
      g_row_5__g_col_9__u_pe (pe_top_1_1_70)
                                          0.000 5.85e-02  281.249 5.88e-02   0.3
        u_status (r_status_140)           0.000 3.04e-03   14.368 3.05e-03   0.0
        u_sol (sol_acc_0_70)              0.000 2.41e-02  128.440 2.42e-02   0.1
        u_alu (r_alu_140)                 0.000 2.99e-03   38.271 3.03e-03   0.0
        u_dsm (r_dsm_1_140)               0.000 4.49e-03   12.649 4.50e-03   0.0
        u_r_black (r_reg_280)             0.000 1.20e-02   31.652 1.20e-02   0.1
        u_r_red (r_reg_281)               0.000 1.20e-02   31.737 1.20e-02   0.1
        u_ctrl (r_state_ctrl_1_70)        0.000    0.000    5.932 5.93e-06   0.0
      g_row_5__g_col_8__u_pe (pe_top_1_1_71)
                                          0.000 5.85e-02  281.242 5.88e-02   0.3
        u_status (r_status_141)           0.000 3.04e-03   14.368 3.05e-03   0.0
        u_sol (sol_acc_0_71)              0.000 2.41e-02  127.835 2.42e-02   0.1
        u_alu (r_alu_141)                 0.000 2.99e-03   38.271 3.03e-03   0.0
        u_dsm (r_dsm_1_141)               0.000 4.49e-03   12.649 4.50e-03   0.0
        u_r_black (r_reg_282)             0.000 1.20e-02   31.652 1.20e-02   0.1
        u_r_red (r_reg_283)               0.000 1.20e-02   31.737 1.20e-02   0.1
        u_ctrl (r_state_ctrl_1_71)        0.000    0.000    6.531 6.53e-06   0.0
      g_row_5__g_col_7__u_pe (pe_top_1_1_72)
                                          0.000 5.85e-02  281.249 5.88e-02   0.3
        u_status (r_status_142)           0.000 3.04e-03   14.368 3.05e-03   0.0
        u_sol (sol_acc_0_72)              0.000 2.41e-02  128.440 2.42e-02   0.1
        u_alu (r_alu_142)                 0.000 2.99e-03   38.271 3.03e-03   0.0
        u_dsm (r_dsm_1_142)               0.000 4.49e-03   12.649 4.50e-03   0.0
        u_r_black (r_reg_284)             0.000 1.20e-02   31.652 1.20e-02   0.1
        u_r_red (r_reg_285)               0.000 1.20e-02   31.737 1.20e-02   0.1
        u_ctrl (r_state_ctrl_1_72)        0.000    0.000    5.932 5.93e-06   0.0
      g_row_5__g_col_6__u_pe (pe_top_1_1_73)
                                          0.000 5.85e-02  281.249 5.88e-02   0.3
        u_status (r_status_143)           0.000 3.04e-03   14.368 3.05e-03   0.0
        u_sol (sol_acc_0_73)              0.000 2.41e-02  128.440 2.42e-02   0.1
        u_alu (r_alu_143)                 0.000 2.99e-03   38.271 3.03e-03   0.0
        u_dsm (r_dsm_1_143)               0.000 4.49e-03   12.649 4.50e-03   0.0
        u_r_black (r_reg_286)             0.000 1.20e-02   31.652 1.20e-02   0.1
        u_r_red (r_reg_287)               0.000 1.20e-02   31.737 1.20e-02   0.1
        u_ctrl (r_state_ctrl_1_73)        0.000    0.000    5.932 5.93e-06   0.0
      g_row_5__g_col_5__u_pe (pe_top_1_1_74)
                                          0.000 5.85e-02  281.052 5.88e-02   0.3
        u_status (r_status_144)           0.000 3.04e-03   14.368 3.05e-03   0.0
        u_sol (sol_acc_0_74)              0.000 2.41e-02  127.835 2.42e-02   0.1
        u_alu (r_alu_144)                 0.000 2.99e-03   38.271 3.03e-03   0.0
        u_dsm (r_dsm_1_144)               0.000 4.49e-03   12.649 4.50e-03   0.0
        u_r_black (r_reg_288)             0.000 1.20e-02   31.652 1.20e-02   0.1
        u_r_red (r_reg_289)               0.000 1.20e-02   31.737 1.20e-02   0.1
        u_ctrl (r_state_ctrl_1_74)        0.000    0.000    6.531 6.53e-06   0.0
      g_row_5__g_col_4__u_pe (pe_top_1_1_75)
                                          0.000 5.85e-02  281.249 5.88e-02   0.3
        u_status (r_status_145)           0.000 3.04e-03   14.368 3.05e-03   0.0
        u_sol (sol_acc_0_75)              0.000 2.41e-02  128.440 2.42e-02   0.1
        u_alu (r_alu_145)                 0.000 2.99e-03   38.271 3.03e-03   0.0
        u_dsm (r_dsm_1_145)               0.000 4.49e-03   12.649 4.50e-03   0.0
        u_r_black (r_reg_290)             0.000 1.20e-02   31.652 1.20e-02   0.1
        u_r_red (r_reg_291)               0.000 1.20e-02   31.737 1.20e-02   0.1
        u_ctrl (r_state_ctrl_1_75)        0.000    0.000    5.932 5.93e-06   0.0
      g_row_5__g_col_3__u_pe (pe_top_1_1_76)
                                          0.000 5.85e-02  281.249 5.88e-02   0.3
        u_status (r_status_146)           0.000 3.04e-03   14.368 3.05e-03   0.0
        u_sol (sol_acc_0_76)              0.000 2.41e-02  128.440 2.42e-02   0.1
        u_alu (r_alu_146)                 0.000 2.99e-03   38.271 3.03e-03   0.0
        u_dsm (r_dsm_1_146)               0.000 4.49e-03   12.649 4.50e-03   0.0
        u_r_black (r_reg_292)             0.000 1.20e-02   31.652 1.20e-02   0.1
        u_r_red (r_reg_293)               0.000 1.20e-02   31.737 1.20e-02   0.1
        u_ctrl (r_state_ctrl_1_76)        0.000    0.000    5.932 5.93e-06   0.0
      g_row_5__g_col_2__u_pe (pe_top_1_1_77)
                                          0.000 5.85e-02  281.254 5.88e-02   0.3
        u_status (r_status_147)           0.000 3.04e-03   14.368 3.05e-03   0.0
        u_sol (sol_acc_0_77)              0.000 2.41e-02  127.835 2.42e-02   0.1
        u_alu (r_alu_147)                 0.000 2.99e-03   38.271 3.03e-03   0.0
        u_dsm (r_dsm_1_147)               0.000 4.49e-03   12.649 4.50e-03   0.0
        u_r_black (r_reg_294)             0.000 1.20e-02   31.652 1.20e-02   0.1
        u_r_red (r_reg_295)               0.000 1.20e-02   31.749 1.20e-02   0.1
        u_ctrl (r_state_ctrl_1_77)        0.000    0.000    6.531 6.53e-06   0.0
      g_row_5__g_col_1__u_pe (pe_top_1_1_78)
                                          0.000 5.85e-02  281.250 5.88e-02   0.3
        u_status (r_status_148)           0.000 3.04e-03   14.368 3.05e-03   0.0
        u_sol (sol_acc_0_78)              0.000 2.41e-02  128.440 2.42e-02   0.1
        u_alu (r_alu_148)                 0.000 2.99e-03   38.271 3.03e-03   0.0
        u_dsm (r_dsm_1_148)               0.000 4.49e-03   12.649 4.50e-03   0.0
        u_r_black (r_reg_296)             0.000 1.20e-02   31.653 1.20e-02   0.1
        u_r_red (r_reg_297)               0.000 1.20e-02   31.737 1.20e-02   0.1
        u_ctrl (r_state_ctrl_1_78)        0.000    0.000    5.932 5.93e-06   0.0
      g_row_5__g_col_0__u_pe (pe_top_1_1_79)
                                          0.000 5.85e-02  281.249 5.88e-02   0.3
        u_status (r_status_149)           0.000 3.04e-03   14.368 3.05e-03   0.0
        u_sol (sol_acc_0_79)              0.000 2.41e-02  128.440 2.42e-02   0.1
        u_alu (r_alu_149)                 0.000 2.99e-03   38.271 3.03e-03   0.0
        u_dsm (r_dsm_1_149)               0.000 4.49e-03   12.649 4.50e-03   0.0
        u_r_black (r_reg_298)             0.000 1.20e-02   31.652 1.20e-02   0.1
        u_r_red (r_reg_299)               0.000 1.20e-02   31.737 1.20e-02   0.1
        u_ctrl (r_state_ctrl_1_79)        0.000    0.000    5.932 5.93e-06   0.0
      g_row_4__g_col_9__u_pe (pe_top_0_1_70)
                                          0.000 5.85e-02  281.160 5.88e-02   0.3
        u_status (r_status_150)           0.000 3.04e-03   14.368 3.05e-03   0.0
        u_sol (sol_acc_1_70)              0.000 2.41e-02  127.835 2.42e-02   0.1
        u_alu (r_alu_150)                 0.000 2.99e-03   38.271 3.03e-03   0.0
        u_dsm (r_dsm_1_150)               0.000 4.49e-03   12.649 4.50e-03   0.0
        u_r_black (r_reg_300)             0.000 1.20e-02   31.652 1.20e-02   0.1
        u_r_red (r_reg_301)               0.000 1.20e-02   31.737 1.20e-02   0.1
        u_ctrl (r_state_ctrl_0_70)        0.000    0.000    6.531 6.53e-06   0.0
      g_row_4__g_col_8__u_pe (pe_top_0_1_71)
                                          0.000 5.85e-02  281.160 5.88e-02   0.3
        u_status (r_status_151)           0.000 3.04e-03   14.368 3.05e-03   0.0
        u_sol (sol_acc_1_71)              0.000 2.41e-02  127.835 2.42e-02   0.1
        u_alu (r_alu_151)                 0.000 2.99e-03   38.271 3.03e-03   0.0
        u_dsm (r_dsm_1_151)               0.000 4.49e-03   12.649 4.50e-03   0.0
        u_r_black (r_reg_302)             0.000 1.20e-02   31.652 1.20e-02   0.1
        u_r_red (r_reg_303)               0.000 1.20e-02   31.737 1.20e-02   0.1
        u_ctrl (r_state_ctrl_0_71)        0.000    0.000    6.531 6.53e-06   0.0
      g_row_4__g_col_7__u_pe (pe_top_0_1_72)
                                          0.000 5.85e-02  281.160 5.88e-02   0.3
        u_status (r_status_152)           0.000 3.04e-03   14.368 3.05e-03   0.0
        u_sol (sol_acc_1_72)              0.000 2.41e-02  127.835 2.42e-02   0.1
        u_alu (r_alu_152)                 0.000 2.99e-03   38.271 3.03e-03   0.0
        u_dsm (r_dsm_1_152)               0.000 4.49e-03   12.649 4.50e-03   0.0
        u_r_black (r_reg_304)             0.000 1.20e-02   31.652 1.20e-02   0.1
        u_r_red (r_reg_305)               0.000 1.20e-02   31.737 1.20e-02   0.1
        u_ctrl (r_state_ctrl_0_72)        0.000    0.000    6.531 6.53e-06   0.0
      g_row_4__g_col_6__u_pe (pe_top_0_1_73)
                                          0.000 5.85e-02  281.217 5.88e-02   0.3
        u_status (r_status_153)           0.000 3.04e-03   14.368 3.05e-03   0.0
        u_sol (sol_acc_1_73)              0.000 2.41e-02  127.835 2.42e-02   0.1
        u_alu (r_alu_153)                 0.000 2.99e-03   38.271 3.03e-03   0.0
        u_dsm (r_dsm_1_153)               0.000 4.49e-03   12.649 4.50e-03   0.0
        u_r_black (r_reg_306)             0.000 1.20e-02   31.652 1.20e-02   0.1
        u_r_red (r_reg_307)               0.000 1.20e-02   31.794 1.20e-02   0.1
        u_ctrl (r_state_ctrl_0_73)        0.000    0.000    6.531 6.53e-06   0.0
      g_row_4__g_col_5__u_pe (pe_top_0_1_74)
                                          0.000 5.85e-02  281.160 5.88e-02   0.3
        u_status (r_status_154)           0.000 3.04e-03   14.368 3.05e-03   0.0
        u_sol (sol_acc_1_74)              0.000 2.41e-02  127.835 2.42e-02   0.1
        u_alu (r_alu_154)                 0.000 2.99e-03   38.271 3.03e-03   0.0
        u_dsm (r_dsm_1_154)               0.000 4.49e-03   12.649 4.50e-03   0.0
        u_r_black (r_reg_308)             0.000 1.20e-02   31.652 1.20e-02   0.1
        u_r_red (r_reg_309)               0.000 1.20e-02   31.737 1.20e-02   0.1
        u_ctrl (r_state_ctrl_0_74)        0.000    0.000    6.531 6.53e-06   0.0
      g_row_4__g_col_4__u_pe (pe_top_0_1_75)
                                          0.000 5.85e-02  281.160 5.88e-02   0.3
        u_status (r_status_155)           0.000 3.04e-03   14.368 3.05e-03   0.0
        u_sol (sol_acc_1_75)              0.000 2.41e-02  127.835 2.42e-02   0.1
        u_alu (r_alu_155)                 0.000 2.99e-03   38.271 3.03e-03   0.0
        u_dsm (r_dsm_1_155)               0.000 4.49e-03   12.649 4.50e-03   0.0
        u_r_black (r_reg_310)             0.000 1.20e-02   31.652 1.20e-02   0.1
        u_r_red (r_reg_311)               0.000 1.20e-02   31.737 1.20e-02   0.1
        u_ctrl (r_state_ctrl_0_75)        0.000    0.000    6.531 6.53e-06   0.0
      g_row_4__g_col_3__u_pe (pe_top_0_1_76)
                                          0.000 5.85e-02  280.969 5.88e-02   0.3
        u_status (r_status_156)           0.000 3.04e-03   14.368 3.05e-03   0.0
        u_sol (sol_acc_1_76)              0.000 2.41e-02  127.835 2.42e-02   0.1
        u_alu (r_alu_156)                 0.000 2.99e-03   38.271 3.03e-03   0.0
        u_dsm (r_dsm_1_156)               0.000 4.49e-03   12.649 4.50e-03   0.0
        u_r_black (r_reg_312)             0.000 1.20e-02   31.652 1.20e-02   0.1
        u_r_red (r_reg_313)               0.000 1.20e-02   31.737 1.20e-02   0.1
        u_ctrl (r_state_ctrl_0_76)        0.000    0.000    6.531 6.53e-06   0.0
      g_row_4__g_col_2__u_pe (pe_top_0_1_77)
                                          0.000 5.85e-02  281.160 5.88e-02   0.3
        u_status (r_status_157)           0.000 3.04e-03   14.368 3.05e-03   0.0
        u_sol (sol_acc_1_77)              0.000 2.41e-02  127.835 2.42e-02   0.1
        u_alu (r_alu_157)                 0.000 2.99e-03   38.271 3.03e-03   0.0
        u_dsm (r_dsm_1_157)               0.000 4.49e-03   12.649 4.50e-03   0.0
        u_r_black (r_reg_314)             0.000 1.20e-02   31.652 1.20e-02   0.1
        u_r_red (r_reg_315)               0.000 1.20e-02   31.737 1.20e-02   0.1
        u_ctrl (r_state_ctrl_0_77)        0.000    0.000    6.531 6.53e-06   0.0
      g_row_4__g_col_1__u_pe (pe_top_0_1_78)
                                          0.000 5.85e-02  281.173 5.88e-02   0.3
        u_status (r_status_158)           0.000 3.04e-03   14.368 3.05e-03   0.0
        u_sol (sol_acc_1_78)              0.000 2.41e-02  127.835 2.42e-02   0.1
        u_alu (r_alu_158)                 0.000 2.99e-03   38.271 3.03e-03   0.0
        u_dsm (r_dsm_1_158)               0.000 4.49e-03   12.649 4.50e-03   0.0
        u_r_black (r_reg_316)             0.000 1.20e-02   31.652 1.20e-02   0.1
        u_r_red (r_reg_317)               0.000 1.20e-02   31.751 1.20e-02   0.1
        u_ctrl (r_state_ctrl_0_78)        0.000    0.000    6.531 6.53e-06   0.0
      g_row_4__g_col_0__u_pe (pe_top_0_1_79)
                                          0.000 5.85e-02  281.160 5.88e-02   0.3
        u_status (r_status_159)           0.000 3.04e-03   14.368 3.05e-03   0.0
        u_sol (sol_acc_1_79)              0.000 2.41e-02  127.835 2.42e-02   0.1
        u_alu (r_alu_159)                 0.000 2.99e-03   38.271 3.03e-03   0.0
        u_dsm (r_dsm_1_159)               0.000 4.49e-03   12.649 4.50e-03   0.0
        u_r_black (r_reg_318)             0.000 1.20e-02   31.652 1.20e-02   0.1
        u_r_red (r_reg_319)               0.000 1.20e-02   31.737 1.20e-02   0.1
        u_ctrl (r_state_ctrl_0_79)        0.000    0.000    6.531 6.53e-06   0.0
      g_row_3__g_col_9__u_pe (pe_top_1_1_80)
                                          0.000 5.85e-02  281.242 5.88e-02   0.3
        u_status (r_status_160)           0.000 3.04e-03   14.368 3.05e-03   0.0
        u_sol (sol_acc_0_80)              0.000 2.41e-02  127.835 2.42e-02   0.1
        u_alu (r_alu_160)                 0.000 2.99e-03   38.271 3.03e-03   0.0
        u_dsm (r_dsm_1_160)               0.000 4.49e-03   12.649 4.50e-03   0.0
        u_r_black (r_reg_320)             0.000 1.20e-02   31.652 1.20e-02   0.1
        u_r_red (r_reg_321)               0.000 1.20e-02   31.737 1.20e-02   0.1
        u_ctrl (r_state_ctrl_1_80)        0.000    0.000    6.531 6.53e-06   0.0
      g_row_3__g_col_8__u_pe (pe_top_1_1_81)
                                          0.000 5.85e-02  281.249 5.88e-02   0.3
        u_status (r_status_161)           0.000 3.04e-03   14.368 3.05e-03   0.0
        u_sol (sol_acc_0_81)              0.000 2.41e-02  128.440 2.42e-02   0.1
        u_alu (r_alu_161)                 0.000 2.99e-03   38.271 3.03e-03   0.0
        u_dsm (r_dsm_1_161)               0.000 4.49e-03   12.649 4.50e-03   0.0
        u_r_black (r_reg_322)             0.000 1.20e-02   31.652 1.20e-02   0.1
        u_r_red (r_reg_323)               0.000 1.20e-02   31.737 1.20e-02   0.1
        u_ctrl (r_state_ctrl_1_81)        0.000    0.000    5.932 5.93e-06   0.0
      g_row_3__g_col_7__u_pe (pe_top_1_1_82)
                                          0.000 5.85e-02  281.260 5.88e-02   0.3
        u_status (r_status_162)           0.000 3.04e-03   14.368 3.05e-03   0.0
        u_sol (sol_acc_0_82)              0.000 2.41e-02  128.440 2.42e-02   0.1
        u_alu (r_alu_162)                 0.000 2.99e-03   38.271 3.03e-03   0.0
        u_dsm (r_dsm_1_162)               0.000 4.49e-03   12.649 4.50e-03   0.0
        u_r_black (r_reg_324)             0.000 1.20e-02   31.652 1.20e-02   0.1
        u_r_red (r_reg_325)               0.000 1.20e-02   31.748 1.20e-02   0.1
        u_ctrl (r_state_ctrl_1_82)        0.000    0.000    5.932 5.93e-06   0.0
      g_row_3__g_col_6__u_pe (pe_top_1_1_83)
                                          0.000 5.85e-02  281.247 5.88e-02   0.3
        u_status (r_status_163)           0.000 3.04e-03   14.368 3.05e-03   0.0
        u_sol (sol_acc_0_83)              0.000 2.41e-02  127.835 2.42e-02   0.1
        u_alu (r_alu_163)                 0.000 2.99e-03   38.271 3.03e-03   0.0
        u_dsm (r_dsm_1_163)               0.000 4.49e-03   12.649 4.50e-03   0.0
        u_r_black (r_reg_326)             0.000 1.20e-02   31.652 1.20e-02   0.1
        u_r_red (r_reg_327)               0.000 1.20e-02   31.742 1.20e-02   0.1
        u_ctrl (r_state_ctrl_1_83)        0.000    0.000    6.531 6.53e-06   0.0
      g_row_3__g_col_5__u_pe (pe_top_1_1_84)
                                          0.000 5.85e-02  281.249 5.88e-02   0.3
        u_status (r_status_164)           0.000 3.04e-03   14.368 3.05e-03   0.0
        u_sol (sol_acc_0_84)              0.000 2.41e-02  128.440 2.42e-02   0.1
        u_alu (r_alu_164)                 0.000 2.99e-03   38.271 3.03e-03   0.0
        u_dsm (r_dsm_1_164)               0.000 4.49e-03   12.649 4.50e-03   0.0
        u_r_black (r_reg_328)             0.000 1.20e-02   31.652 1.20e-02   0.1
        u_r_red (r_reg_329)               0.000 1.20e-02   31.737 1.20e-02   0.1
        u_ctrl (r_state_ctrl_1_84)        0.000    0.000    5.932 5.93e-06   0.0
      g_row_3__g_col_4__u_pe (pe_top_1_1_85)
                                          0.000 5.85e-02  281.259 5.88e-02   0.3
        u_status (r_status_165)           0.000 3.04e-03   14.368 3.05e-03   0.0
        u_sol (sol_acc_0_85)              0.000 2.41e-02  128.440 2.42e-02   0.1
        u_alu (r_alu_165)                 0.000 2.99e-03   38.271 3.03e-03   0.0
        u_dsm (r_dsm_1_165)               0.000 4.49e-03   12.649 4.50e-03   0.0
        u_r_black (r_reg_330)             0.000 1.20e-02   31.662 1.20e-02   0.1
        u_r_red (r_reg_331)               0.000 1.20e-02   31.737 1.20e-02   0.1
        u_ctrl (r_state_ctrl_1_85)        0.000    0.000    5.932 5.93e-06   0.0
      g_row_3__g_col_3__u_pe (pe_top_1_1_86)
                                          0.000 5.85e-02  281.075 5.88e-02   0.3
        u_status (r_status_166)           0.000 3.04e-03   14.368 3.05e-03   0.0
        u_sol (sol_acc_0_86)              0.000 2.41e-02  127.835 2.42e-02   0.1
        u_alu (r_alu_166)                 0.000 2.99e-03   38.271 3.03e-03   0.0
        u_dsm (r_dsm_1_166)               0.000 4.49e-03   12.649 4.50e-03   0.0
        u_r_black (r_reg_332)             0.000 1.20e-02   31.652 1.20e-02   0.1
        u_r_red (r_reg_333)               0.000 1.20e-02   31.761 1.20e-02   0.1
        u_ctrl (r_state_ctrl_1_86)        0.000    0.000    6.531 6.53e-06   0.0
      g_row_3__g_col_2__u_pe (pe_top_1_1_87)
                                          0.000 5.85e-02  281.249 5.88e-02   0.3
        u_status (r_status_167)           0.000 3.04e-03   14.368 3.05e-03   0.0
        u_sol (sol_acc_0_87)              0.000 2.41e-02  128.440 2.42e-02   0.1
        u_alu (r_alu_167)                 0.000 2.99e-03   38.271 3.03e-03   0.0
        u_dsm (r_dsm_1_167)               0.000 4.49e-03   12.649 4.50e-03   0.0
        u_r_black (r_reg_334)             0.000 1.20e-02   31.652 1.20e-02   0.1
        u_r_red (r_reg_335)               0.000 1.20e-02   31.737 1.20e-02   0.1
        u_ctrl (r_state_ctrl_1_87)        0.000    0.000    5.932 5.93e-06   0.0
      g_row_3__g_col_1__u_pe (pe_top_1_1_88)
                                          0.000 5.85e-02  281.276 5.88e-02   0.3
        u_status (r_status_168)           0.000 3.04e-03   14.368 3.05e-03   0.0
        u_sol (sol_acc_0_88)              0.000 2.41e-02  128.440 2.42e-02   0.1
        u_alu (r_alu_168)                 0.000 2.99e-03   38.271 3.03e-03   0.0
        u_dsm (r_dsm_1_168)               0.000 4.49e-03   12.649 4.50e-03   0.0
        u_r_black (r_reg_336)             0.000 1.20e-02   31.652 1.20e-02   0.1
        u_r_red (r_reg_337)               0.000 1.20e-02   31.764 1.20e-02   0.1
        u_ctrl (r_state_ctrl_1_88)        0.000    0.000    5.932 5.93e-06   0.0
      g_row_3__g_col_0__u_pe (pe_top_1_1_89)
                                          0.000 5.85e-02  281.242 5.88e-02   0.3
        u_status (r_status_169)           0.000 3.04e-03   14.368 3.05e-03   0.0
        u_sol (sol_acc_0_89)              0.000 2.41e-02  127.835 2.42e-02   0.1
        u_alu (r_alu_169)                 0.000 2.99e-03   38.271 3.03e-03   0.0
        u_dsm (r_dsm_1_169)               0.000 4.49e-03   12.649 4.50e-03   0.0
        u_r_black (r_reg_338)             0.000 1.20e-02   31.652 1.20e-02   0.1
        u_r_red (r_reg_339)               0.000 1.20e-02   31.737 1.20e-02   0.1
        u_ctrl (r_state_ctrl_1_89)        0.000    0.000    6.531 6.53e-06   0.0
      g_row_2__g_col_9__u_pe (pe_top_0_1_80)
                                          0.000 5.85e-02  281.160 5.88e-02   0.3
        u_status (r_status_170)           0.000 3.04e-03   14.368 3.05e-03   0.0
        u_sol (sol_acc_1_80)              0.000 2.41e-02  127.835 2.42e-02   0.1
        u_alu (r_alu_170)                 0.000 2.99e-03   38.271 3.03e-03   0.0
        u_dsm (r_dsm_1_170)               0.000 4.49e-03   12.649 4.50e-03   0.0
        u_r_black (r_reg_340)             0.000 1.20e-02   31.652 1.20e-02   0.1
        u_r_red (r_reg_341)               0.000 1.20e-02   31.737 1.20e-02   0.1
        u_ctrl (r_state_ctrl_0_80)        0.000    0.000    6.531 6.53e-06   0.0
      g_row_2__g_col_8__u_pe (pe_top_0_1_81)
                                          0.000 5.85e-02  280.871 5.88e-02   0.3
        u_status (r_status_171)           0.000 3.04e-03   14.368 3.05e-03   0.0
        u_sol (sol_acc_1_81)              0.000 2.41e-02  127.835 2.42e-02   0.1
        u_alu (r_alu_171)                 0.000 2.99e-03   38.271 3.03e-03   0.0
        u_dsm (r_dsm_1_171)               0.000 4.49e-03   12.649 4.50e-03   0.0
        u_r_black (r_reg_342)             0.000 1.20e-02   31.363 1.20e-02   0.1
        u_r_red (r_reg_343)               0.000 1.20e-02   31.737 1.20e-02   0.1
        u_ctrl (r_state_ctrl_0_81)        0.000    0.000    6.531 6.53e-06   0.0
      g_row_2__g_col_7__u_pe (pe_top_0_1_82)
                                          0.000 5.85e-02  281.160 5.88e-02   0.3
        u_status (r_status_172)           0.000 3.04e-03   14.368 3.05e-03   0.0
        u_sol (sol_acc_1_82)              0.000 2.41e-02  127.835 2.42e-02   0.1
        u_alu (r_alu_172)                 0.000 2.99e-03   38.271 3.03e-03   0.0
        u_dsm (r_dsm_1_172)               0.000 4.49e-03   12.649 4.50e-03   0.0
        u_r_black (r_reg_344)             0.000 1.20e-02   31.652 1.20e-02   0.1
        u_r_red (r_reg_345)               0.000 1.20e-02   31.737 1.20e-02   0.1
        u_ctrl (r_state_ctrl_0_82)        0.000    0.000    6.531 6.53e-06   0.0
      g_row_2__g_col_6__u_pe (pe_top_0_1_83)
                                          0.000 5.85e-02  281.160 5.88e-02   0.3
        u_status (r_status_173)           0.000 3.04e-03   14.368 3.05e-03   0.0
        u_sol (sol_acc_1_83)              0.000 2.41e-02  127.835 2.42e-02   0.1
        u_alu (r_alu_173)                 0.000 2.99e-03   38.271 3.03e-03   0.0
        u_dsm (r_dsm_1_173)               0.000 4.49e-03   12.649 4.50e-03   0.0
        u_r_black (r_reg_346)             0.000 1.20e-02   31.652 1.20e-02   0.1
        u_r_red (r_reg_347)               0.000 1.20e-02   31.737 1.20e-02   0.1
        u_ctrl (r_state_ctrl_0_83)        0.000    0.000    6.531 6.53e-06   0.0
      g_row_2__g_col_5__u_pe (pe_top_0_1_84)
                                          0.000 5.85e-02  281.160 5.88e-02   0.3
        u_status (r_status_174)           0.000 3.04e-03   14.368 3.05e-03   0.0
        u_sol (sol_acc_1_84)              0.000 2.41e-02  127.835 2.42e-02   0.1
        u_alu (r_alu_174)                 0.000 2.99e-03   38.271 3.03e-03   0.0
        u_dsm (r_dsm_1_174)               0.000 4.49e-03   12.649 4.50e-03   0.0
        u_r_black (r_reg_348)             0.000 1.20e-02   31.652 1.20e-02   0.1
        u_r_red (r_reg_349)               0.000 1.20e-02   31.737 1.20e-02   0.1
        u_ctrl (r_state_ctrl_0_84)        0.000    0.000    6.531 6.53e-06   0.0
      g_row_2__g_col_4__u_pe (pe_top_0_1_85)
                                          0.000 5.85e-02  281.160 5.88e-02   0.3
        u_status (r_status_175)           0.000 3.04e-03   14.368 3.05e-03   0.0
        u_sol (sol_acc_1_85)              0.000 2.41e-02  127.835 2.42e-02   0.1
        u_alu (r_alu_175)                 0.000 2.99e-03   38.271 3.03e-03   0.0
        u_dsm (r_dsm_1_175)               0.000 4.49e-03   12.649 4.50e-03   0.0
        u_r_black (r_reg_350)             0.000 1.20e-02   31.652 1.20e-02   0.1
        u_r_red (r_reg_351)               0.000 1.20e-02   31.737 1.20e-02   0.1
        u_ctrl (r_state_ctrl_0_85)        0.000    0.000    6.531 6.53e-06   0.0
      g_row_2__g_col_3__u_pe (pe_top_0_1_86)
                                          0.000 5.85e-02  281.187 5.88e-02   0.3
        u_status (r_status_176)           0.000 3.04e-03   14.368 3.05e-03   0.0
        u_sol (sol_acc_1_86)              0.000 2.41e-02  127.835 2.42e-02   0.1
        u_alu (r_alu_176)                 0.000 2.99e-03   38.271 3.03e-03   0.0
        u_dsm (r_dsm_1_176)               0.000 4.49e-03   12.649 4.50e-03   0.0
        u_r_black (r_reg_352)             0.000 1.20e-02   31.652 1.20e-02   0.1
        u_r_red (r_reg_353)               0.000 1.20e-02   31.764 1.20e-02   0.1
        u_ctrl (r_state_ctrl_0_86)        0.000    0.000    6.531 6.53e-06   0.0
      g_row_2__g_col_2__u_pe (pe_top_0_1_87)
                                          0.000 5.85e-02  281.160 5.88e-02   0.3
        u_status (r_status_177)           0.000 3.04e-03   14.368 3.05e-03   0.0
        u_sol (sol_acc_1_87)              0.000 2.41e-02  127.835 2.42e-02   0.1
        u_alu (r_alu_177)                 0.000 2.99e-03   38.271 3.03e-03   0.0
        u_dsm (r_dsm_1_177)               0.000 4.49e-03   12.649 4.50e-03   0.0
        u_r_black (r_reg_354)             0.000 1.20e-02   31.652 1.20e-02   0.1
        u_r_red (r_reg_355)               0.000 1.20e-02   31.737 1.20e-02   0.1
        u_ctrl (r_state_ctrl_0_87)        0.000    0.000    6.531 6.53e-06   0.0
      g_row_2__g_col_1__u_pe (pe_top_0_1_88)
                                          0.000 5.85e-02  280.969 5.88e-02   0.3
        u_status (r_status_178)           0.000 3.04e-03   14.368 3.05e-03   0.0
        u_sol (sol_acc_1_88)              0.000 2.41e-02  127.835 2.42e-02   0.1
        u_alu (r_alu_178)                 0.000 2.99e-03   38.271 3.03e-03   0.0
        u_dsm (r_dsm_1_178)               0.000 4.49e-03   12.649 4.50e-03   0.0
        u_r_black (r_reg_356)             0.000 1.20e-02   31.652 1.20e-02   0.1
        u_r_red (r_reg_357)               0.000 1.20e-02   31.737 1.20e-02   0.1
        u_ctrl (r_state_ctrl_0_88)        0.000    0.000    6.531 6.53e-06   0.0
      g_row_2__g_col_0__u_pe (pe_top_0_1_89)
                                          0.000 5.85e-02  281.160 5.88e-02   0.3
        u_status (r_status_179)           0.000 3.04e-03   14.368 3.05e-03   0.0
        u_sol (sol_acc_1_89)              0.000 2.41e-02  127.835 2.42e-02   0.1
        u_alu (r_alu_179)                 0.000 2.99e-03   38.271 3.03e-03   0.0
        u_dsm (r_dsm_1_179)               0.000 4.49e-03   12.649 4.50e-03   0.0
        u_r_black (r_reg_358)             0.000 1.20e-02   31.652 1.20e-02   0.1
        u_r_red (r_reg_359)               0.000 1.20e-02   31.737 1.20e-02   0.1
        u_ctrl (r_state_ctrl_0_89)        0.000    0.000    6.531 6.53e-06   0.0
      g_row_1__g_col_9__u_pe (pe_top_1_1_90)
                                          0.000 5.85e-02  281.249 5.88e-02   0.3
        u_status (r_status_180)           0.000 3.04e-03   14.368 3.05e-03   0.0
        u_sol (sol_acc_0_90)              0.000 2.41e-02  128.440 2.42e-02   0.1
        u_alu (r_alu_180)                 0.000 2.99e-03   38.271 3.03e-03   0.0
        u_dsm (r_dsm_1_180)               0.000 4.49e-03   12.649 4.50e-03   0.0
        u_r_black (r_reg_360)             0.000 1.20e-02   31.652 1.20e-02   0.1
        u_r_red (r_reg_361)               0.000 1.20e-02   31.737 1.20e-02   0.1
        u_ctrl (r_state_ctrl_1_90)        0.000    0.000    5.932 5.93e-06   0.0
      g_row_1__g_col_8__u_pe (pe_top_1_1_91)
                                          0.000 5.85e-02  281.249 5.88e-02   0.3
        u_status (r_status_181)           0.000 3.04e-03   14.368 3.05e-03   0.0
        u_sol (sol_acc_0_91)              0.000 2.41e-02  128.440 2.42e-02   0.1
        u_alu (r_alu_181)                 0.000 2.99e-03   38.271 3.03e-03   0.0
        u_dsm (r_dsm_1_181)               0.000 4.49e-03   12.649 4.50e-03   0.0
        u_r_black (r_reg_362)             0.000 1.20e-02   31.652 1.20e-02   0.1
        u_r_red (r_reg_363)               0.000 1.20e-02   31.737 1.20e-02   0.1
        u_ctrl (r_state_ctrl_1_91)        0.000    0.000    5.932 5.93e-06   0.0
      g_row_1__g_col_7__u_pe (pe_top_1_1_92)
                                          0.000 5.85e-02  281.242 5.88e-02   0.3
        u_status (r_status_182)           0.000 3.04e-03   14.368 3.05e-03   0.0
        u_sol (sol_acc_0_92)              0.000 2.41e-02  127.835 2.42e-02   0.1
        u_alu (r_alu_182)                 0.000 2.99e-03   38.271 3.03e-03   0.0
        u_dsm (r_dsm_1_182)               0.000 4.49e-03   12.649 4.50e-03   0.0
        u_r_black (r_reg_364)             0.000 1.20e-02   31.652 1.20e-02   0.1
        u_r_red (r_reg_365)               0.000 1.20e-02   31.737 1.20e-02   0.1
        u_ctrl (r_state_ctrl_1_92)        0.000    0.000    6.531 6.53e-06   0.0
      g_row_1__g_col_6__u_pe (pe_top_1_1_93)
                                          0.000 5.85e-02  281.249 5.88e-02   0.3
        u_status (r_status_183)           0.000 3.04e-03   14.368 3.05e-03   0.0
        u_sol (sol_acc_0_93)              0.000 2.41e-02  128.440 2.42e-02   0.1
        u_alu (r_alu_183)                 0.000 2.99e-03   38.271 3.03e-03   0.0
        u_dsm (r_dsm_1_183)               0.000 4.49e-03   12.649 4.50e-03   0.0
        u_r_black (r_reg_366)             0.000 1.20e-02   31.652 1.20e-02   0.1
        u_r_red (r_reg_367)               0.000 1.20e-02   31.737 1.20e-02   0.1
        u_ctrl (r_state_ctrl_1_93)        0.000    0.000    5.932 5.93e-06   0.0
      g_row_1__g_col_5__u_pe (pe_top_1_1_94)
                                          0.000 5.85e-02  281.249 5.88e-02   0.3
        u_status (r_status_184)           0.000 3.04e-03   14.368 3.05e-03   0.0
        u_sol (sol_acc_0_94)              0.000 2.41e-02  128.440 2.42e-02   0.1
        u_alu (r_alu_184)                 0.000 2.99e-03   38.271 3.03e-03   0.0
        u_dsm (r_dsm_1_184)               0.000 4.49e-03   12.649 4.50e-03   0.0
        u_r_black (r_reg_368)             0.000 1.20e-02   31.652 1.20e-02   0.1
        u_r_red (r_reg_369)               0.000 1.20e-02   31.737 1.20e-02   0.1
        u_ctrl (r_state_ctrl_1_94)        0.000    0.000    5.932 5.93e-06   0.0
      g_row_1__g_col_4__u_pe (pe_top_1_1_95)
                                          0.000 5.85e-02  281.242 5.88e-02   0.3
        u_status (r_status_185)           0.000 3.04e-03   14.368 3.05e-03   0.0
        u_sol (sol_acc_0_95)              0.000 2.41e-02  127.835 2.42e-02   0.1
        u_alu (r_alu_185)                 0.000 2.99e-03   38.271 3.03e-03   0.0
        u_dsm (r_dsm_1_185)               0.000 4.49e-03   12.649 4.50e-03   0.0
        u_r_black (r_reg_370)             0.000 1.20e-02   31.652 1.20e-02   0.1
        u_r_red (r_reg_371)               0.000 1.20e-02   31.737 1.20e-02   0.1
        u_ctrl (r_state_ctrl_1_95)        0.000    0.000    6.531 6.53e-06   0.0
      g_row_1__g_col_3__u_pe (pe_top_1_1_96)
                                          0.000 5.85e-02  281.249 5.88e-02   0.3
        u_status (r_status_186)           0.000 3.04e-03   14.368 3.05e-03   0.0
        u_sol (sol_acc_0_96)              0.000 2.41e-02  128.440 2.42e-02   0.1
        u_alu (r_alu_186)                 0.000 2.99e-03   38.271 3.03e-03   0.0
        u_dsm (r_dsm_1_186)               0.000 4.49e-03   12.649 4.50e-03   0.0
        u_r_black (r_reg_372)             0.000 1.20e-02   31.652 1.20e-02   0.1
        u_r_red (r_reg_373)               0.000 1.20e-02   31.737 1.20e-02   0.1
        u_ctrl (r_state_ctrl_1_96)        0.000    0.000    5.932 5.93e-06   0.0
      g_row_1__g_col_2__u_pe (pe_top_1_1_97)
                                          0.000 5.85e-02  281.249 5.88e-02   0.3
        u_status (r_status_187)           0.000 3.04e-03   14.368 3.05e-03   0.0
        u_sol (sol_acc_0_97)              0.000 2.41e-02  128.440 2.42e-02   0.1
        u_alu (r_alu_187)                 0.000 2.99e-03   38.271 3.03e-03   0.0
        u_dsm (r_dsm_1_187)               0.000 4.49e-03   12.649 4.50e-03   0.0
        u_r_black (r_reg_374)             0.000 1.20e-02   31.652 1.20e-02   0.1
        u_r_red (r_reg_375)               0.000 1.20e-02   31.737 1.20e-02   0.1
        u_ctrl (r_state_ctrl_1_97)        0.000    0.000    5.932 5.93e-06   0.0
      g_row_1__g_col_1__u_pe (pe_top_1_1_98)
                                          0.000 5.85e-02  281.242 5.88e-02   0.3
        u_status (r_status_188)           0.000 3.04e-03   14.368 3.05e-03   0.0
        u_sol (sol_acc_0_98)              0.000 2.41e-02  127.835 2.42e-02   0.1
        u_alu (r_alu_188)                 0.000 2.99e-03   38.271 3.03e-03   0.0
        u_dsm (r_dsm_1_188)               0.000 4.49e-03   12.649 4.50e-03   0.0
        u_r_black (r_reg_376)             0.000 1.20e-02   31.652 1.20e-02   0.1
        u_r_red (r_reg_377)               0.000 1.20e-02   31.737 1.20e-02   0.1
        u_ctrl (r_state_ctrl_1_98)        0.000    0.000    6.531 6.53e-06   0.0
      g_row_1__g_col_0__u_pe (pe_top_1_1_99)
                                          0.000 5.85e-02  281.242 5.88e-02   0.3
        u_status (r_status_189)           0.000 3.04e-03   14.368 3.05e-03   0.0
        u_sol (sol_acc_0_99)              0.000 2.41e-02  127.835 2.42e-02   0.1
        u_alu (r_alu_189)                 0.000 2.99e-03   38.271 3.03e-03   0.0
        u_dsm (r_dsm_1_189)               0.000 4.49e-03   12.649 4.50e-03   0.0
        u_r_black (r_reg_378)             0.000 1.20e-02   31.652 1.20e-02   0.1
        u_r_red (r_reg_379)               0.000 1.20e-02   31.737 1.20e-02   0.1
        u_ctrl (r_state_ctrl_1_99)        0.000    0.000    6.531 6.53e-06   0.0
      g_row_0__g_col_9__u_pe (pe_top_0_1_90)
                                          0.000 5.85e-02  281.160 5.88e-02   0.3
        u_status (r_status_190)           0.000 3.04e-03   14.368 3.05e-03   0.0
        u_sol (sol_acc_1_90)              0.000 2.41e-02  127.835 2.42e-02   0.1
        u_alu (r_alu_190)                 0.000 2.99e-03   38.271 3.03e-03   0.0
        u_dsm (r_dsm_1_190)               0.000 4.49e-03   12.649 4.50e-03   0.0
        u_r_black (r_reg_380)             0.000 1.20e-02   31.652 1.20e-02   0.1
        u_r_red (r_reg_381)               0.000 1.20e-02   31.737 1.20e-02   0.1
        u_ctrl (r_state_ctrl_0_90)        0.000    0.000    6.531 6.53e-06   0.0
      g_row_0__g_col_8__u_pe (pe_top_0_1_91)
                                          0.000 5.85e-02  281.160 5.88e-02   0.3
        u_status (r_status_191)           0.000 3.04e-03   14.368 3.05e-03   0.0
        u_sol (sol_acc_1_91)              0.000 2.41e-02  127.835 2.42e-02   0.1
        u_alu (r_alu_191)                 0.000 2.99e-03   38.271 3.03e-03   0.0
        u_dsm (r_dsm_1_191)               0.000 4.49e-03   12.649 4.50e-03   0.0
        u_r_black (r_reg_382)             0.000 1.20e-02   31.652 1.20e-02   0.1
        u_r_red (r_reg_383)               0.000 1.20e-02   31.737 1.20e-02   0.1
        u_ctrl (r_state_ctrl_0_91)        0.000    0.000    6.531 6.53e-06   0.0
      g_row_0__g_col_7__u_pe (pe_top_0_1_92)
                                          0.000 5.85e-02  281.160 5.88e-02   0.3
        u_status (r_status_192)           0.000 3.04e-03   14.368 3.05e-03   0.0
        u_sol (sol_acc_1_92)              0.000 2.41e-02  127.835 2.42e-02   0.1
        u_alu (r_alu_192)                 0.000 2.99e-03   38.271 3.03e-03   0.0
        u_dsm (r_dsm_1_192)               0.000 4.49e-03   12.649 4.50e-03   0.0
        u_r_black (r_reg_384)             0.000 1.20e-02   31.652 1.20e-02   0.1
        u_r_red (r_reg_385)               0.000 1.20e-02   31.737 1.20e-02   0.1
        u_ctrl (r_state_ctrl_0_92)        0.000    0.000    6.531 6.53e-06   0.0
      g_row_0__g_col_6__u_pe (pe_top_0_1_93)
                                          0.000 5.85e-02  281.160 5.88e-02   0.3
        u_status (r_status_193)           0.000 3.04e-03   14.368 3.05e-03   0.0
        u_sol (sol_acc_1_93)              0.000 2.41e-02  127.835 2.42e-02   0.1
        u_alu (r_alu_193)                 0.000 2.99e-03   38.271 3.03e-03   0.0
        u_dsm (r_dsm_1_193)               0.000 4.49e-03   12.649 4.50e-03   0.0
        u_r_black (r_reg_386)             0.000 1.20e-02   31.652 1.20e-02   0.1
        u_r_red (r_reg_387)               0.000 1.20e-02   31.737 1.20e-02   0.1
        u_ctrl (r_state_ctrl_0_93)        0.000    0.000    6.531 6.53e-06   0.0
      g_row_0__g_col_5__u_pe (pe_top_0_1_94)
                                          0.000 5.85e-02  281.160 5.88e-02   0.3
        u_status (r_status_194)           0.000 3.04e-03   14.368 3.05e-03   0.0
        u_sol (sol_acc_1_94)              0.000 2.41e-02  127.835 2.42e-02   0.1
        u_alu (r_alu_194)                 0.000 2.99e-03   38.271 3.03e-03   0.0
        u_dsm (r_dsm_1_194)               0.000 4.49e-03   12.649 4.50e-03   0.0
        u_r_black (r_reg_388)             0.000 1.20e-02   31.652 1.20e-02   0.1
        u_r_red (r_reg_389)               0.000 1.20e-02   31.737 1.20e-02   0.1
        u_ctrl (r_state_ctrl_0_94)        0.000    0.000    6.531 6.53e-06   0.0
      g_row_0__g_col_4__u_pe (pe_top_0_1_95)
                                          0.000 5.85e-02  281.160 5.88e-02   0.3
        u_status (r_status_195)           0.000 3.04e-03   14.368 3.05e-03   0.0
        u_sol (sol_acc_1_95)              0.000 2.41e-02  127.835 2.42e-02   0.1
        u_alu (r_alu_195)                 0.000 2.99e-03   38.271 3.03e-03   0.0
        u_dsm (r_dsm_1_195)               0.000 4.49e-03   12.649 4.50e-03   0.0
        u_r_black (r_reg_390)             0.000 1.20e-02   31.652 1.20e-02   0.1
        u_r_red (r_reg_391)               0.000 1.20e-02   31.737 1.20e-02   0.1
        u_ctrl (r_state_ctrl_0_95)        0.000    0.000    6.531 6.53e-06   0.0
      g_row_0__g_col_3__u_pe (pe_top_0_1_96)
                                          0.000 5.85e-02  281.160 5.88e-02   0.3
        u_status (r_status_196)           0.000 3.04e-03   14.368 3.05e-03   0.0
        u_sol (sol_acc_1_96)              0.000 2.41e-02  127.835 2.42e-02   0.1
        u_alu (r_alu_196)                 0.000 2.99e-03   38.271 3.03e-03   0.0
        u_dsm (r_dsm_1_196)               0.000 4.49e-03   12.649 4.50e-03   0.0
        u_r_black (r_reg_392)             0.000 1.20e-02   31.652 1.20e-02   0.1
        u_r_red (r_reg_393)               0.000 1.20e-02   31.737 1.20e-02   0.1
        u_ctrl (r_state_ctrl_0_96)        0.000    0.000    6.531 6.53e-06   0.0
      g_row_0__g_col_2__u_pe (pe_top_0_1_97)
                                          0.000 5.85e-02  281.160 5.88e-02   0.3
        u_status (r_status_197)           0.000 3.04e-03   14.368 3.05e-03   0.0
        u_sol (sol_acc_1_97)              0.000 2.41e-02  127.835 2.42e-02   0.1
        u_alu (r_alu_197)                 0.000 2.99e-03   38.271 3.03e-03   0.0
        u_dsm (r_dsm_1_197)               0.000 4.49e-03   12.649 4.50e-03   0.0
        u_r_black (r_reg_394)             0.000 1.20e-02   31.652 1.20e-02   0.1
        u_r_red (r_reg_395)               0.000 1.20e-02   31.737 1.20e-02   0.1
        u_ctrl (r_state_ctrl_0_97)        0.000    0.000    6.531 6.53e-06   0.0
      g_row_0__g_col_1__u_pe (pe_top_0_1_98)
                                          0.000 5.85e-02  281.180 5.88e-02   0.3
        u_status (r_status_198)           0.000 3.04e-03   14.368 3.05e-03   0.0
        u_sol (sol_acc_1_98)              0.000 2.41e-02  127.835 2.42e-02   0.1
        u_alu (r_alu_198)                 0.000 2.99e-03   38.271 3.03e-03   0.0
        u_dsm (r_dsm_1_198)               0.000 4.49e-03   12.649 4.50e-03   0.0
        u_r_black (r_reg_396)             0.000 1.20e-02   31.672 1.20e-02   0.1
        u_r_red (r_reg_397)               0.000 1.20e-02   31.737 1.20e-02   0.1
        u_ctrl (r_state_ctrl_0_98)        0.000    0.000    6.531 6.53e-06   0.0
      g_row_0__g_col_0__u_pe (pe_top_0_1_99)
                                       1.86e-08 5.85e-02  280.298 5.88e-02   0.3
        u_status (r_status_199)           0.000 3.04e-03   14.368 3.05e-03   0.0
        u_sol (sol_acc_1_99)              0.000 2.41e-02  128.464 2.42e-02   0.1
        u_alu (r_alu_199)              1.40e-08 2.99e-03   38.277 3.03e-03   0.0
        u_dsm (r_dsm_1_199)               0.000 4.49e-03   12.654 4.50e-03   0.0
        u_r_black (r_reg_398)             0.000 1.20e-02   31.652 1.20e-02   0.1
        u_r_red (r_reg_399)               0.000 1.20e-02   31.453 1.20e-02   0.1
        u_ctrl (r_state_ctrl_0_99)        0.000    0.000    5.691 5.69e-06   0.0
      u_boundary (pde_memcontrol_NROW20_NCOL_LOG20)
                                       1.40e-06 3.53e-07  250.434 2.52e-04   0.0
      u_tcu (pde_tcu_1_1_4096)         1.04e-07 8.22e-02  297.250 8.25e-02   0.5
        u_bit_counter (counter_ce_WIDTH5)
                                          0.000 3.74e-03    9.609 3.75e-03   0.0
1
